 Image rsa-obu:latest Building 
 Image rsa-obu:latest Building 
 Image rsa-obu:latest Building 
 Image rsa-obu:latest Building 
 Image rsa-obu:latest Building 
 Image rsa-obu:latest Building 
 Image rsa-traci-bridge:latest Building 
 Image rsa-obu:latest Building 
 Image rsa-obu:latest Building 
 Image rsa-obu:latest Building 
 Image rsa-obu:latest Building 
 Image rsa-obu:latest Building 
 Image rsa-obu:latest Building 
#1 [internal] load local bake definitions
#1 reading from stdin 5.71kB done
#1 DONE 0.0s

#2 [obu-ramp-back internal] load build definition from Dockerfile
#2 transferring dockerfile: 499B done
#2 DONE 0.0s

#3 [traci-bridge internal] load build definition from Dockerfile
#3 transferring dockerfile: 997B done
#3 DONE 0.0s

#4 [traci-bridge internal] load metadata for ghcr.io/eclipse-sumo/sumo:latest
#4 DONE 0.0s

#5 [obu-host-car internal] load metadata for ghcr.io/nap-it/vanetza-nap:latest
#5 DONE 0.0s

#6 [obu-ramp-merge-5 internal] load .dockerignore
#6 transferring context: 2B done
#6 DONE 0.0s

#7 [obu-host-car 1/9] FROM ghcr.io/nap-it/vanetza-nap:latest
#7 DONE 0.0s

#8 [traci-bridge 1/6] FROM ghcr.io/eclipse-sumo/sumo:latest
#8 DONE 0.0s

#9 [obu-main-back-left internal] load build context
#9 transferring context: 681B done
#9 DONE 0.0s

#10 [traci-bridge internal] load build context
#10 transferring context: 148B done
#10 DONE 0.0s

#11 [traci-bridge 3/6] WORKDIR /app
#11 CACHED

#12 [traci-bridge 4/6] COPY sim/bridge/requirements.txt /app/requirements.txt
#12 CACHED

#13 [traci-bridge 5/6] RUN pip3 install --no-cache-dir -r /app/requirements.txt
#13 CACHED

#14 [traci-bridge 2/6] RUN apt-get update     && apt-get install -y --no-install-recommends         ca-certificates         curl         gnupg         python3         python3-pip     && curl -fsSL https://downloads.apache.org/arrow/KEYS         | gpg --dearmor -o /usr/share/keyrings/apache-arrow-apt-source.gpg     && echo "deb [signed-by=/usr/share/keyrings/apache-arrow-apt-source.gpg] https://apache.jfrog.io/artifactory/arrow/ubuntu jammy main"         > /etc/apt/sources.list.d/apache-arrow.list     && apt-get update     && apt-get install -y --no-install-recommends         libarrow2300         libparquet2300     && rm -rf /var/lib/apt/lists/*
#14 CACHED

#15 [traci-bridge 6/6] COPY sim/bridge/traci_bridge.py /app/traci_bridge.py
#15 CACHED

#16 [obu-ramp-merge-3 2/9] RUN apt-get update     && apt-get install -y --no-install-recommends python3 python3-pip     && rm -rf /var/lib/apt/lists/*
#16 CACHED

#17 [obu-ramp-merge-3 8/9] COPY obu/config/vanetza-obu.ini /config.ini
#17 CACHED

#18 [obu-ramp-merge-3 4/9] COPY obu/requirements.txt /app/requirements.txt
#18 CACHED

#19 [obu-ramp-merge-3 6/9] COPY obu/app /app
#19 CACHED

#20 [obu-ramp-merge-3 5/9] RUN pip3 install --no-cache-dir -r /app/requirements.txt
#20 CACHED

#21 [obu-ramp-merge-3 7/9] COPY obu/entrypoint.sh /entrypoint-obu.sh
#21 CACHED

#22 [obu-ramp-merge-3 3/9] WORKDIR /app
#22 CACHED

#23 [obu-ramp-back 9/9] RUN chmod +x /entrypoint-obu.sh
#23 CACHED

#24 [traci-bridge] exporting to image
#24 exporting layers done
#24 writing image sha256:09bbbc681925a8676dfbf46c2de0284b3238a2a1a3c8d59bd19068b541c32cf2 done
#24 naming to docker.io/library/rsa-traci-bridge:latest done
#24 DONE 0.0s

#25 [obu-main-back-left] exporting to image
#25 exporting layers done
#25 writing image sha256:57713207be696e56674dd26b415422d7060fcc6a4198db06e9818ba4fd09c514 done
#25 naming to docker.io/library/rsa-obu:latest 0.0s done
#25 DONE 0.0s

#26 [obu-merge-car] exporting to image
#26 exporting layers done
#26 writing image sha256:d062918321913ae55c2c73fb2c8149027d8f8c2927822f995cc4e803b571ad4b done
#26 naming to docker.io/library/rsa-obu:latest 0.0s done
#26 DONE 0.0s

#27 [obu-main-mid-right] exporting to image
#27 exporting layers done
#27 writing image sha256:7342a54fd2fe0f4198c3be732c18f7c6c9065613c4e5567d2983828f8c4a6a48 done
#27 naming to docker.io/library/rsa-obu:latest 0.0s done
#27 DONE 0.0s

#28 [obu-lead-car] exporting to image
#28 exporting layers done
#28 writing image sha256:eaf476315e4b15b2698e080d3efec7895cea42f948c06b49b845a801be24a29f 0.0s done
#28 naming to docker.io/library/rsa-obu:latest done
#28 DONE 0.0s

#29 [obu-main-back-right] exporting to image
#29 exporting layers done
#29 writing image sha256:c05a6efef3342d38619e6118311421f6b510eaae4784132828489e78d57c95bc done
#29 naming to docker.io/library/rsa-obu:latest 0.0s done
#29 DONE 0.0s

#30 [obu-host-car] exporting to image
#30 exporting layers done
#30 writing image sha256:8212b495f8dd0ba6b65455da585ca49ebd477130238ebc094fb51e877b53ec57 done
#30 naming to docker.io/library/rsa-obu:latest 0.0s done
#30 DONE 0.0s

#31 [obu-main-front-left] exporting to image
#31 exporting layers done
#31 writing image sha256:e5795e35bff165fd0ae57484ab8120cad0a18ccba3d0aff7fffe4ab8d36cda05 done
#31 naming to docker.io/library/rsa-obu:latest 0.0s done
#31 DONE 0.0s

#32 [obu-ramp-merge-4] exporting to image
#32 exporting layers done
#32 writing image sha256:d98ff04778f65760f45d5dbba478d4aa8d940e9785648f34eb8e9fd95f1f8282 done
#32 naming to docker.io/library/rsa-obu:latest 0.0s done
#32 DONE 0.0s

#33 [obu-ramp-merge-5] exporting to image
#33 exporting layers done
#33 writing image sha256:c310945b651f6fc79a9c48133a02b3fbaefadf4b4285d30b60ccd5d4283515f5 done
#33 naming to docker.io/library/rsa-obu:latest 0.0s done
#33 DONE 0.0s

#34 [obu-ramp-back] exporting to image
#34 exporting layers done
#34 writing image sha256:2f33a96cf40b19f6b1c29c9bfd995c14b387d7fd1bfdf8ea149d632b19b32403 0.0s done
#34 naming to docker.io/library/rsa-obu:latest 0.0s done
#34 DONE 0.0s

#35 [obu-ramp-merge-3] exporting to image
#35 exporting layers done
#35 writing image sha256:ae81d3c82c8e1677594d49623a63812a8f5a7dd955812205a47a98797912e155 0.0s done
#35 naming to docker.io/library/rsa-obu:latest done
#35 DONE 0.0s

#36 [obu-ramp-merge-2] exporting to image
#36 exporting layers done
#36 writing image sha256:86fae28b2f998d653bc833e175e218a4ee5841c0f6c661e846d3cd59e413e61b 0.0s done
#36 naming to docker.io/library/rsa-obu:latest done
#36 DONE 0.0s

#37 [traci-bridge] resolving provenance for metadata file
#37 DONE 0.1s

#38 [obu-host-car] resolving provenance for metadata file
#38 DONE 0.0s

#39 [obu-main-front-left] resolving provenance for metadata file
#39 DONE 0.1s

#40 [obu-main-back-right] resolving provenance for metadata file
#40 DONE 0.0s

#41 [obu-ramp-merge-5] resolving provenance for metadata file
#41 DONE 0.0s

#42 [obu-main-mid-right] resolving provenance for metadata file
#42 DONE 0.1s

#43 [obu-ramp-merge-2] resolving provenance for metadata file
#43 DONE 0.0s

#44 [obu-lead-car] resolving provenance for metadata file
#44 DONE 0.0s

#45 [obu-ramp-merge-4] resolving provenance for metadata file
#45 DONE 0.0s

#46 [obu-merge-car] resolving provenance for metadata file
#46 DONE 0.1s

#47 [obu-ramp-merge-3] resolving provenance for metadata file
#47 DONE 0.0s

#48 [obu-main-back-left] resolving provenance for metadata file
#48 DONE 0.1s

#49 [obu-ramp-back] resolving provenance for metadata file
#49 DONE 0.0s
 Image rsa-obu:latest Built 
 Image rsa-traci-bridge:latest Built 
 Image rsa-obu:latest Built 
 Image rsa-obu:latest Built 
 Image rsa-obu:latest Built 
 Image rsa-obu:latest Built 
 Image rsa-obu:latest Built 
 Image rsa-obu:latest Built 
 Image rsa-obu:latest Built 
 Image rsa-obu:latest Built 
 Image rsa-obu:latest Built 
 Image rsa-obu:latest Built 
 Image rsa-obu:latest Built 
 Network rsa_v2x_net Creating 
 Network rsa_v2x_net Created 
 Container rsa-mqtt-broker-1 Creating 
 Container rsa-mqtt-broker-1 Created 
 Container rsa-obu-lead-car-1 Creating 
 Container rsa-obu-ramp-back-1 Creating 
 Container rsa-traci-bridge-1 Creating 
 Container rsa-obu-host-car-1 Creating 
 Container rsa-obu-merge-car-1 Creating 
 Container rsa-obu-main-back-right-1 Creating 
 Container rsa-obu-ramp-merge-2-1 Creating 
 Container rsa-obu-main-back-left-1 Creating 
 Container rsa-obu-main-mid-right-1 Creating 
 Container rsa-obu-main-front-left-1 Creating 
 Container rsa-obu-ramp-merge-5-1 Creating 
 Container rsa-obu-ramp-merge-4-1 Creating 
 Container rsa-obu-ramp-merge-3-1 Creating 
 Container rsa-obu-lead-car-1 Created 
 Container rsa-obu-main-front-left-1 Created 
 Container rsa-obu-ramp-merge-2-1 Created 
 Container rsa-obu-host-car-1 Created 
 Container rsa-obu-ramp-merge-3-1 Created 
 Container rsa-obu-main-back-left-1 Created 
 Container rsa-obu-ramp-merge-4-1 Created 
 Container rsa-obu-ramp-merge-5-1 Created 
 Container rsa-obu-ramp-back-1 Created 
 Container rsa-traci-bridge-1 Created 
 Container rsa-obu-merge-car-1 Created 
 Container rsa-obu-main-mid-right-1 Created 
 Container rsa-obu-main-back-right-1 Created 
Attaching to mqtt-broker-1, obu-host-car-1, obu-lead-car-1, obu-main-back-left-1, obu-main-back-right-1, obu-main-front-left-1, obu-main-mid-right-1, obu-merge-car-1, obu-ramp-back-1, obu-ramp-merge-2-1, obu-ramp-merge-3-1, obu-ramp-merge-4-1, obu-ramp-merge-5-1, traci-bridge-1
 Container rsa-mqtt-broker-1 Starting 
 Container rsa-mqtt-broker-1 Started 
 Container rsa-obu-main-front-left-1 Starting 
 Container rsa-obu-main-back-right-1 Starting 
 Container rsa-obu-ramp-merge-5-1 Starting 
 Container rsa-obu-ramp-back-1 Starting 
 Container rsa-obu-host-car-1 Starting 
 Container rsa-obu-lead-car-1 Starting 
 Container rsa-obu-main-mid-right-1 Starting 
 Container rsa-obu-ramp-merge-2-1 Starting 
 Container rsa-traci-bridge-1 Starting 
 Container rsa-obu-ramp-merge-4-1 Starting 
 Container rsa-obu-ramp-merge-3-1 Starting 
 Container rsa-obu-main-back-left-1 Starting 
 Container rsa-obu-merge-car-1 Starting 
mqtt-broker-1  | 1779125095: Info: running mosquitto as user: mosquitto.
mqtt-broker-1  | 1779125095: mosquitto version 2.1.2 starting
mqtt-broker-1  | 1779125095: Config loaded from /mosquitto/config/mosquitto.conf.
mqtt-broker-1  | 1779125095: Bridge support available.
mqtt-broker-1  | 1779125095: Persistence support available.
mqtt-broker-1  | 1779125095: TLS support available.
mqtt-broker-1  | 1779125095: TLS-PSK support available.
mqtt-broker-1  | 1779125095: Websockets support available.
mqtt-broker-1  | 1779125095: Opening ipv4 listen socket on port 1883.
mqtt-broker-1  | 1779125095: mosquitto version 2.1.2 running
obu-main-front-left-1  | No global board config file found. Skipping config update process
 Container rsa-obu-main-front-left-1 Started 
obu-ramp-merge-4-1     | No global board config file found. Skipping config update process
 Container rsa-obu-ramp-merge-4-1 Started 
 Container rsa-traci-bridge-1 Started 
obu-main-front-left-1  | 1779125095: mosquitto version 2.0.11 starting
obu-main-front-left-1  | 1779125095: Config loaded from /mosquitto.conf.
obu-main-front-left-1  | 1779125095: Opening ipv4 listen socket on port 1883.
obu-main-front-left-1  | 1779125095: Connecting bridge (step 1) bridge_to_remote (mqtt-broker:1883)
obu-main-front-left-1  | 1779125095: mosquitto version 2.0.11 running
obu-ramp-merge-5-1     | No global board config file found. Skipping config update process
 Container rsa-obu-ramp-merge-5-1 Started 
obu-ramp-merge-4-1     | 1779125095: mosquitto version 2.0.11 starting
obu-ramp-merge-4-1     | 1779125095: Config loaded from /mosquitto.conf.
obu-ramp-merge-4-1     | 1779125095: Opening ipv4 listen socket on port 1883.
obu-ramp-merge-4-1     | 1779125095: Connecting bridge (step 1) bridge_to_remote (mqtt-broker:1883)
obu-ramp-merge-4-1     | 1779125095: mosquitto version 2.0.11 running
obu-ramp-back-1        | No global board config file found. Skipping config update process
 Container rsa-obu-ramp-back-1 Started 
obu-ramp-merge-5-1     | 1779125095: mosquitto version 2.0.11 starting
obu-ramp-merge-5-1     | 1779125095: Config loaded from /mosquitto.conf.
obu-ramp-merge-5-1     | 1779125095: Opening ipv4 listen socket on port 1883.
obu-ramp-merge-5-1     | 1779125095: Connecting bridge (step 1) bridge_to_remote (mqtt-broker:1883)
obu-ramp-merge-5-1     | 1779125095: mosquitto version 2.0.11 running
obu-ramp-merge-2-1     | No global board config file found. Skipping config update process
 Container rsa-obu-ramp-merge-2-1 Started 
obu-ramp-back-1        | 1779125095: mosquitto version 2.0.11 starting
obu-ramp-back-1        | 1779125095: Config loaded from /mosquitto.conf.
obu-ramp-back-1        | 1779125095: Opening ipv4 listen socket on port 1883.
obu-ramp-back-1        | 1779125095: Connecting bridge (step 1) bridge_to_remote (mqtt-broker:1883)
obu-ramp-back-1        | 1779125095: mosquitto version 2.0.11 running
obu-lead-car-1         | No global board config file found. Skipping config update process
 Container rsa-obu-lead-car-1 Started 
mqtt-broker-1          | 1779125095: New connection from 172.18.0.4:59458 on port 1883.
obu-ramp-merge-4-1     | 1779125095: Connecting bridge (step 2) bridge_to_remote (mqtt-broker:1883)
mqtt-broker-1          | 1779125095: New bridge connected from 172.18.0.4:59458 as acdc9320e82f.bridge_to_remote (p4, c0, k60).
obu-ramp-merge-2-1     | 1779125095: mosquitto version 2.0.11 starting
obu-ramp-merge-2-1     | 1779125095: Config loaded from /mosquitto.conf.
obu-ramp-merge-2-1     | 1779125095: Opening ipv4 listen socket on port 1883.
obu-ramp-merge-2-1     | 1779125095: Connecting bridge (step 1) bridge_to_remote (mqtt-broker:1883)
obu-ramp-merge-2-1     | 1779125095: mosquitto version 2.0.11 running
obu-main-back-right-1  | No global board config file found. Skipping config update process
 Container rsa-obu-main-back-right-1 Started 
obu-ramp-merge-5-1     | 1779125095: Connecting bridge (step 2) bridge_to_remote (mqtt-broker:1883)
mqtt-broker-1          | 1779125095: New connection from 172.18.0.6:54010 on port 1883.
mqtt-broker-1          | 1779125095: New bridge connected from 172.18.0.6:54010 as 2ed48e9b39b8.bridge_to_remote (p4, c0, k60).
mqtt-broker-1          | 1779125095: New connection from 172.18.0.5:58967 on port 1883.
obu-ramp-back-1        | 1779125095: Connecting bridge (step 2) bridge_to_remote (mqtt-broker:1883)
mqtt-broker-1          | 1779125095: New client connected from 172.18.0.5:58967 as traci-bridge (p4, c1, k60).
mqtt-broker-1          | 1779125095: New connection from 172.18.0.7:33126 on port 1883.
mqtt-broker-1          | 1779125095: New bridge connected from 172.18.0.7:33126 as 03dd30973747.bridge_to_remote (p4, c0, k60).
obu-ramp-merge-3-1     | No global board config file found. Skipping config update process
 Container rsa-obu-ramp-merge-3-1 Started 
obu-lead-car-1         | 1779125095: mosquitto version 2.0.11 starting
obu-lead-car-1         | 1779125095: Config loaded from /mosquitto.conf.
obu-lead-car-1         | 1779125095: Opening ipv4 listen socket on port 1883.
obu-lead-car-1         | 1779125095: Connecting bridge (step 1) bridge_to_remote (mqtt-broker:1883)
obu-lead-car-1         | 1779125095: mosquitto version 2.0.11 running
obu-host-car-1         | No global board config file found. Skipping config update process
 Container rsa-obu-host-car-1 Started 
obu-main-back-right-1  | 1779125095: mosquitto version 2.0.11 starting
obu-main-back-right-1  | 1779125095: Config loaded from /mosquitto.conf.
obu-main-back-right-1  | 1779125095: Opening ipv4 listen socket on port 1883.
obu-main-back-right-1  | 1779125095: Connecting bridge (step 1) bridge_to_remote (mqtt-broker:1883)
obu-main-back-right-1  | 1779125095: mosquitto version 2.0.11 running
obu-ramp-merge-3-1     | 1779125095: mosquitto version 2.0.11 starting
obu-ramp-merge-3-1     | 1779125095: Config loaded from /mosquitto.conf.
obu-ramp-merge-3-1     | 1779125095: Opening ipv4 listen socket on port 1883.
obu-ramp-merge-3-1     | 1779125095: Connecting bridge (step 1) bridge_to_remote (mqtt-broker:1883)
obu-main-back-left-1   | No global board config file found. Skipping config update process
obu-ramp-merge-3-1     | 1779125095: mosquitto version 2.0.11 running
 Container rsa-obu-main-back-left-1 Started 
obu-host-car-1         | 1779125095: mosquitto version 2.0.11 starting
obu-host-car-1         | 1779125095: Config loaded from /mosquitto.conf.
obu-host-car-1         | 1779125095: Opening ipv4 listen socket on port 1883.
obu-host-car-1         | 1779125095: Connecting bridge (step 1) bridge_to_remote (mqtt-broker:1883)
obu-host-car-1         | 1779125095: mosquitto version 2.0.11 running
obu-ramp-merge-2-1     | 1779125095: Connecting bridge (step 2) bridge_to_remote (mqtt-broker:1883)
mqtt-broker-1          | 1779125095: New connection from 172.18.0.8:36362 on port 1883.
mqtt-broker-1          | 1779125095: New bridge connected from 172.18.0.8:36362 as 43a1a9c47776.bridge_to_remote (p4, c0, k60).
obu-merge-car-1        | No global board config file found. Skipping config update process
 Container rsa-obu-merge-car-1 Started 
obu-main-back-left-1   | 1779125095: mosquitto version 2.0.11 starting
obu-main-back-left-1   | 1779125095: Config loaded from /mosquitto.conf.
obu-main-back-left-1   | 1779125095: Opening ipv4 listen socket on port 1883.
obu-main-back-left-1   | 1779125095: Connecting bridge (step 1) bridge_to_remote (mqtt-broker:1883)
obu-main-back-left-1   | 1779125095: mosquitto version 2.0.11 running
obu-merge-car-1        | 1779125095: mosquitto version 2.0.11 starting
obu-merge-car-1        | 1779125095: Config loaded from /mosquitto.conf.
obu-merge-car-1        | 1779125095: Opening ipv4 listen socket on port 1883.
obu-merge-car-1        | 1779125095: Connecting bridge (step 1) bridge_to_remote (mqtt-broker:1883)
obu-merge-car-1        | 1779125095: mosquitto version 2.0.11 running
obu-main-mid-right-1   | No global board config file found. Skipping config update process
 Container rsa-obu-main-mid-right-1 Started 
obu-main-mid-right-1   | 1779125095: mosquitto version 2.0.11 starting
obu-main-mid-right-1   | 1779125095: Config loaded from /mosquitto.conf.
obu-main-mid-right-1   | 1779125095: Opening ipv4 listen socket on port 1883.
obu-main-mid-right-1   | 1779125095: Connecting bridge (step 1) bridge_to_remote (mqtt-broker:1883)
obu-main-mid-right-1   | 1779125095: mosquitto version 2.0.11 running
obu-lead-car-1         | 1779125095: Connecting bridge (step 2) bridge_to_remote (mqtt-broker:1883)
mqtt-broker-1          | 1779125095: New connection from 172.18.0.9:47166 on port 1883.
mqtt-broker-1          | 1779125095: New bridge connected from 172.18.0.9:47166 as df2f3081ab36.bridge_to_remote (p4, c0, k60).
obu-main-back-right-1  | 1779125095: Connecting bridge (step 2) bridge_to_remote (mqtt-broker:1883)
mqtt-broker-1          | 1779125095: New connection from 172.18.0.10:49250 on port 1883.
mqtt-broker-1          | 1779125095: New bridge connected from 172.18.0.10:49250 as 3ac1bee56a58.bridge_to_remote (p4, c0, k60).
obu-ramp-merge-3-1     | 1779125095: Connecting bridge (step 2) bridge_to_remote (mqtt-broker:1883)
mqtt-broker-1          | 1779125095: New connection from 172.18.0.11:41860 on port 1883.
mqtt-broker-1          | 1779125095: New bridge connected from 172.18.0.11:41860 as 932f706d6bbd.bridge_to_remote (p4, c0, k60).
obu-host-car-1         | 1779125096: Connecting bridge (step 2) bridge_to_remote (mqtt-broker:1883)
mqtt-broker-1          | 1779125096: New connection from 172.18.0.12:50054 on port 1883.
mqtt-broker-1          | 1779125096: New bridge connected from 172.18.0.12:50054 as f746f1eeb47e.bridge_to_remote (p4, c0, k60).
obu-main-back-left-1   | 1779125096: Connecting bridge (step 2) bridge_to_remote (mqtt-broker:1883)
mqtt-broker-1          | 1779125096: New connection from 172.18.0.13:48042 on port 1883.
mqtt-broker-1          | 1779125096: New bridge connected from 172.18.0.13:48042 as 323152f20869.bridge_to_remote (p4, c0, k60).
obu-merge-car-1        | 1779125096: Connecting bridge (step 2) bridge_to_remote (mqtt-broker:1883)
mqtt-broker-1          | 1779125096: New connection from 172.18.0.14:55392 on port 1883.
mqtt-broker-1          | 1779125096: New bridge connected from 172.18.0.14:55392 as b9b39516f9a3.bridge_to_remote (p4, c0, k60).
obu-main-mid-right-1   | 1779125096: Connecting bridge (step 2) bridge_to_remote (mqtt-broker:1883)
mqtt-broker-1          | 1779125096: New connection from 172.18.0.15:44090 on port 1883.
mqtt-broker-1          | 1779125096: New bridge connected from 172.18.0.15:44090 as bf45c5f5f8f6.bridge_to_remote (p4, c0, k60).
obu-main-front-left-1  | Using MAC address: 6e:06:e0:03:00:12.
obu-main-front-left-1  | 1779125096: New connection from 127.0.0.1:57744 on port 1883.
obu-main-front-left-1  | 1779125096: New client connected from 127.0.0.1:57744 as 67ea03603f37_207 (p2, c1, k60).
obu-main-front-left-1  | mqtt.cpp: connected with server
mqtt-broker-1          | 1779125096: New connection from 172.18.0.3:49106 on port 1883.
mqtt-broker-1          | 1779125096: New client connected from 172.18.0.3:49106 as auto-F3B22134-59A8-BFB5-BE82-1FB71D8E5ED0 (p4, c1, k60, u'""').
obu-main-front-left-1  | mqtt.cpp: connected with server
obu-ramp-merge-4-1     | Using MAC address: 6e:06:e0:03:00:1a.
obu-main-front-left-1  | 1779125096: New connection from 127.0.0.1:59505 on port 1883.
obu-main-front-left-1  | 1779125096: New client connected from 127.0.0.1:59505 as obu-Main_Front_Left-1 (p2, c1, k60).
obu-ramp-merge-4-1     | 1779125096: New connection from 127.0.0.1:57760 on port 1883.
obu-ramp-merge-4-1     | 1779125096: New client connected from 127.0.0.1:57760 as acdc9320e82f_970 (p2, c1, k60).
obu-ramp-merge-4-1     | mqtt.cpp: connected with server
mqtt-broker-1          | 1779125096: New connection from 172.18.0.4:59466 on port 1883.
mqtt-broker-1          | 1779125096: New client connected from 172.18.0.4:59466 as auto-A021071C-7485-0781-BFF0-D6091B060EB4 (p4, c1, k60, u'""').
obu-ramp-merge-4-1     | mqtt.cpp: connected with server
obu-ramp-merge-4-1     | 1779125096: New connection from 127.0.0.1:45117 on port 1883.
obu-ramp-merge-4-1     | 1779125096: New client connected from 127.0.0.1:45117 as obu-Ramp_Merge_4-1 (p2, c1, k60).
obu-ramp-merge-5-1     | Using MAC address: 6e:06:e0:03:00:1b.
obu-ramp-back-1        | Using MAC address: 6e:06:e0:03:00:1c.
obu-ramp-merge-5-1     | 1779125096: New connection from 127.0.0.1:57762 on port 1883.
obu-ramp-merge-5-1     | 1779125096: New client connected from 127.0.0.1:57762 as 2ed48e9b39b8_385 (p2, c1, k60).
obu-ramp-merge-5-1     | mqtt.cpp: connected with server
mqtt-broker-1          | 1779125096: New connection from 172.18.0.6:54024 on port 1883.
mqtt-broker-1          | 1779125096: New client connected from 172.18.0.6:54024 as auto-4E617F34-ADA3-21FA-0098-70FB526ED3B5 (p4, c1, k60, u'""').
obu-ramp-merge-5-1     | mqtt.cpp: connected with server
obu-ramp-back-1        | 1779125096: New connection from 127.0.0.1:57772 on port 1883.
obu-ramp-back-1        | 1779125096: New client connected from 127.0.0.1:57772 as 03dd30973747_97 (p2, c1, k60).
obu-ramp-back-1        | mqtt.cpp: connected with server
mqtt-broker-1          | 1779125096: New connection from 172.18.0.7:33136 on port 1883.
mqtt-broker-1          | 1779125096: New client connected from 172.18.0.7:33136 as auto-388B54AF-51B3-2085-1707-F2056D5F55D9 (p4, c1, k60, u'""').
obu-ramp-back-1        | mqtt.cpp: connected with server
obu-ramp-merge-5-1     | 1779125096: New connection from 127.0.0.1:57277 on port 1883.
obu-ramp-merge-5-1     | 1779125096: New client connected from 127.0.0.1:57277 as obu-Ramp_Merge_5-1 (p2, c1, k60).
obu-ramp-back-1        | 1779125096: New connection from 127.0.0.1:58267 on port 1883.
obu-ramp-back-1        | 1779125096: New client connected from 127.0.0.1:58267 as obu-Ramp_Back-1 (p2, c1, k60).
obu-ramp-merge-2-1     | Using MAC address: 6e:06:e0:03:00:18.
obu-ramp-merge-2-1     | 1779125096: New connection from 127.0.0.1:57774 on port 1883.
obu-ramp-merge-2-1     | 1779125096: New client connected from 127.0.0.1:57774 as 43a1a9c47776_848 (p2, c1, k60).
obu-ramp-merge-2-1     | mqtt.cpp: connected with server
mqtt-broker-1          | 1779125096: New connection from 172.18.0.8:36368 on port 1883.
mqtt-broker-1          | 1779125096: New client connected from 172.18.0.8:36368 as auto-5E8583E6-1CFB-7D16-CF5D-ED95A43B6538 (p4, c1, k60, u'""').
obu-ramp-merge-2-1     | mqtt.cpp: connected with server
obu-ramp-merge-2-1     | 1779125096: New connection from 127.0.0.1:39695 on port 1883.
obu-ramp-merge-2-1     | 1779125096: New client connected from 127.0.0.1:39695 as obu-Ramp_Merge_2-1 (p2, c1, k60).
obu-lead-car-1         | Using MAC address: 6e:06:e0:03:00:11.
obu-lead-car-1         | 1779125096: New connection from 127.0.0.1:57790 on port 1883.
obu-lead-car-1         | 1779125096: New client connected from 127.0.0.1:57790 as df2f3081ab36_210 (p2, c1, k60).
obu-lead-car-1         | mqtt.cpp: connected with server
mqtt-broker-1          | 1779125096: New connection from 172.18.0.9:47182 on port 1883.
mqtt-broker-1          | 1779125096: New client connected from 172.18.0.9:47182 as auto-64442010-0B2E-949F-316C-3BCEFE81D900 (p4, c1, k60, u'""').
obu-lead-car-1         | mqtt.cpp: connected with server
obu-main-back-right-1  | Using MAC address: 6e:06:e0:03:00:16.
obu-lead-car-1         | 1779125096: New connection from 127.0.0.1:41517 on port 1883.
obu-lead-car-1         | 1779125096: New client connected from 127.0.0.1:41517 as obu-Lead_Car-1 (p2, c1, k60).
obu-ramp-merge-3-1     | Using MAC address: 6e:06:e0:03:00:19.
obu-host-car-1         | Using MAC address: 6e:06:e0:03:00:14.
obu-main-back-right-1  | 1779125096: New connection from 127.0.0.1:57796 on port 1883.
obu-main-back-right-1  | 1779125096: New client connected from 127.0.0.1:57796 as 3ac1bee56a58_42 (p2, c1, k60).
obu-main-back-right-1  | mqtt.cpp: connected with server
mqtt-broker-1          | 1779125096: New connection from 172.18.0.10:49258 on port 1883.
mqtt-broker-1          | 1779125096: New client connected from 172.18.0.10:49258 as auto-06DBDA74-D83F-96EA-3E3A-DE4F185C9AF2 (p4, c1, k60, u'""').
obu-main-back-right-1  | mqtt.cpp: connected with server
obu-ramp-merge-3-1     | 1779125096: New connection from 127.0.0.1:57798 on port 1883.
obu-ramp-merge-3-1     | 1779125096: New client connected from 127.0.0.1:57798 as 932f706d6bbd_264 (p2, c1, k60).
obu-ramp-merge-3-1     | mqtt.cpp: connected with server
mqtt-broker-1          | 1779125096: New connection from 172.18.0.11:41872 on port 1883.
mqtt-broker-1          | 1779125096: New client connected from 172.18.0.11:41872 as auto-314A5770-454F-41D9-1664-E15EABE26D5D (p4, c1, k60, u'""').
obu-ramp-merge-3-1     | mqtt.cpp: connected with server
obu-main-back-right-1  | 1779125096: New connection from 127.0.0.1:39647 on port 1883.
obu-main-back-right-1  | 1779125096: New client connected from 127.0.0.1:39647 as obu-Main_Back_Right-1 (p2, c1, k60).
obu-host-car-1         | 1779125096: New connection from 127.0.0.1:57814 on port 1883.
obu-host-car-1         | 1779125096: New client connected from 127.0.0.1:57814 as f746f1eeb47e_412 (p2, c1, k60).
obu-host-car-1         | mqtt.cpp: connected with server
mqtt-broker-1          | 1779125096: New connection from 172.18.0.12:50068 on port 1883.
mqtt-broker-1          | 1779125096: New client connected from 172.18.0.12:50068 as auto-51051382-17FA-F9FF-BA67-87B3C9B1C9AE (p4, c1, k60, u'""').
obu-host-car-1         | mqtt.cpp: connected with server
obu-ramp-merge-3-1     | 1779125096: New connection from 127.0.0.1:54953 on port 1883.
obu-ramp-merge-3-1     | 1779125096: New client connected from 127.0.0.1:54953 as obu-Ramp_Merge_3-1 (p2, c1, k60).
obu-main-back-left-1   | Using MAC address: 6e:06:e0:03:00:15.
obu-merge-car-1        | Using MAC address: 6e:06:e0:03:00:17.
obu-host-car-1         | 1779125096: New connection from 127.0.0.1:46237 on port 1883.
obu-host-car-1         | 1779125096: New client connected from 127.0.0.1:46237 as obu-Host_Car-1 (p2, c1, k60).
obu-main-mid-right-1   | Using MAC address: 6e:06:e0:03:00:13.
obu-main-back-left-1   | 1779125096: New connection from 127.0.0.1:57828 on port 1883.
obu-main-back-left-1   | 1779125096: New client connected from 127.0.0.1:57828 as 323152f20869_838 (p2, c1, k60).
obu-main-back-left-1   | mqtt.cpp: connected with server
obu-merge-car-1        | 1779125096: New connection from 127.0.0.1:57828 on port 1883.
obu-merge-car-1        | 1779125096: New client connected from 127.0.0.1:57828 as b9b39516f9a3_96 (p2, c1, k60).
obu-merge-car-1        | mqtt.cpp: connected with server
mqtt-broker-1          | 1779125096: New connection from 172.18.0.14:55402 on port 1883.
mqtt-broker-1          | 1779125096: New connection from 172.18.0.13:48046 on port 1883.
mqtt-broker-1          | 1779125096: New client connected from 172.18.0.14:55402 as auto-B3D592AF-71F6-744C-84E1-0108C8B500B8 (p4, c1, k60, u'""').
mqtt-broker-1          | 1779125096: New client connected from 172.18.0.13:48046 as auto-D717F004-48B3-5891-82F2-AD51FC01F62F (p4, c1, k60, u'""').
obu-main-back-left-1   | mqtt.cpp: connected with server
obu-merge-car-1        | mqtt.cpp: connected with server
obu-main-back-left-1   | 1779125096: New connection from 127.0.0.1:46715 on port 1883.
obu-main-back-left-1   | 1779125096: New client connected from 127.0.0.1:46715 as obu-Main_Back_Left-1 (p2, c1, k60).
obu-merge-car-1        | 1779125096: New connection from 127.0.0.1:55687 on port 1883.
obu-merge-car-1        | 1779125096: New client connected from 127.0.0.1:55687 as obu-Merge_Car-1 (p2, c1, k60).
obu-main-mid-right-1   | 1779125096: New connection from 127.0.0.1:57846 on port 1883.
obu-main-mid-right-1   | 1779125096: New client connected from 127.0.0.1:57846 as bf45c5f5f8f6_789 (p2, c1, k60).
obu-main-mid-right-1   | mqtt.cpp: connected with server
mqtt-broker-1          | 1779125096: New connection from 172.18.0.15:44102 on port 1883.
mqtt-broker-1          | 1779125096: New client connected from 172.18.0.15:44102 as auto-F3018C00-EDA3-77C6-64AF-8DCD36B2E474 (p4, c1, k60, u'""').
obu-main-mid-right-1   | mqtt.cpp: connected with server
obu-main-mid-right-1   | 1779125096: New connection from 127.0.0.1:39129 on port 1883.
obu-main-mid-right-1   | 1779125096: New client connected from 127.0.0.1:39129 as obu-Main_Mid_Right-1 (p2, c1, k60).
obu-main-front-left-1  | Zenoh session established locally
obu-ramp-merge-4-1     | Zenoh session established locally
obu-ramp-back-1        | Zenoh session established locally
obu-ramp-merge-5-1     | Zenoh session established locally
obu-ramp-merge-2-1     | Zenoh session established locally
obu-merge-car-1        | [0.2] Merge_Car MERGE_DECISION: auth=False phys=False fgok=True lgok=True hgok=True cok=True esok=True cready=False dtm=90.8 past=False committed=False hid=None ra=None lclear=True hyok=True
obu-merge-car-1        | [0.4] Merge_Car MERGE_DECISION: auth=False phys=False fgok=True lgok=True hgok=True cok=True esok=True cready=False dtm=89.8 past=False committed=False hid=None ra=None lclear=True hyok=True
obu-lead-car-1         | Zenoh session established locally
obu-ramp-back-1        | [1.1] Ramp_Back role=merge state=CRUISE->CRUISE speed=8.00 target=6.75 neighbors=0
obu-main-mid-right-1   | [1.0] Main_Mid_Right role=host state=CRUISE->CRUISE speed=8.66 target=7.50 neighbors=0
obu-main-back-right-1  | [1.0] Main_Back_Right role=host state=CRUISE->CRUISE speed=8.10 target=7.50 neighbors=0
obu-main-back-left-1   | [1.0] Main_Back_Left role=host state=CRUISE->CRUISE speed=8.20 target=7.50 neighbors=0
obu-host-car-1         | [1.1] Host_Car role=host state=CRUISE->CRUISE speed=8.10 target=7.50 neighbors=0
obu-ramp-merge-2-1     | [1.0] Ramp_Merge_2 role=merge state=CRUISE->CRUISE speed=8.25 target=6.75 neighbors=1
obu-ramp-merge-5-1     | [1.1] Ramp_Merge_5 role=merge state=CRUISE->CRUISE speed=7.84 target=6.75 neighbors=1
obu-merge-car-1        | [1.5] Merge_Car MERGE_DECISION: auth=False phys=False fgok=True lgok=True hgok=True cok=True esok=True cready=False dtm=83.7 past=False committed=False hid=None ra=None lclear=True hyok=True
obu-merge-car-1        | [1.5] Merge_Car role=merge state=CRUISE->CRUISE speed=9.51 target=9.26 neighbors=0
obu-lead-car-1         | [1.5] Lead_Car role=lead state=CRUISE->CRUISE speed=8.63 target=8.63 neighbors=4
obu-main-back-right-1  | Zenoh session established locally
obu-ramp-merge-3-1     | [1.6] Ramp_Merge_3 role=merge state=CRUISE->CRUISE speed=7.60 target=6.75 neighbors=0
obu-ramp-merge-4-1     | [1.5] Ramp_Merge_4 role=merge state=CRUISE->YIELDING speed=7.98 target=7.73 neighbors=3
obu-merge-car-1        | [1.6] Merge_Car MERGE_DECISION: auth=False phys=False fgok=True lgok=True hgok=True cok=True esok=True cready=False dtm=83.0 past=False committed=False hid=None ra=None lclear=True hyok=True
obu-ramp-merge-5-1     | [1.5] Ramp_Merge_5 CAR_FOLLOW: sid=110 edge=34126779 lane=0 leader_edge= leader_lane=None leader_role_hint=ramp self_merge_completed=False self_merge_completed_age=-1.0 self_merge_committed=False lane_cmd_state=None lane_cmd_edge=None lane_cmd_target=None lane_cmd_executable=None same_lane=True reason=same_lane_cam gap=11.8 follow_spd=6.01 emergency=False target_before=7.39159414464335 target_after=7.39159414464335
obu-ramp-merge-3-1     | Zenoh session established locally
obu-host-car-1         | Zenoh session established locally
obu-ramp-merge-5-1     | [1.9] Ramp_Merge_5 CAR_FOLLOW: sid=110 edge=34126779 lane=0 leader_edge= leader_lane=None leader_role_hint=ramp self_merge_completed=False self_merge_completed_age=-1.0 self_merge_committed=False lane_cmd_state=None lane_cmd_edge=None lane_cmd_target=None lane_cmd_executable=None same_lane=True reason=same_lane_cam gap=8.8 follow_spd=2.62 emergency=False target_before=7.326638175352555 target_after=7.326638175352555
obu-ramp-back-1        | [2.1] Ramp_Back CAR_FOLLOW: sid=111 edge=34126779 lane=0 leader_edge= leader_lane=None leader_role_hint=ramp self_merge_completed=False self_merge_completed_age=-1.0 self_merge_committed=False lane_cmd_state=None lane_cmd_edge=None lane_cmd_target=None lane_cmd_executable=None same_lane=True reason=same_lane_cam gap=9.8 follow_spd=3.48 emergency=False target_before=6.75 target_after=6.55607684534743
obu-ramp-back-1        | [2.1] Ramp_Back role=merge state=CRUISE->YIELDING speed=6.81 target=6.56 neighbors=6
obu-ramp-merge-5-1     | [2.0] Ramp_Merge_5 CAR_FOLLOW: sid=110 edge=34126779 lane=0 leader_edge= leader_lane=None leader_role_hint=ramp self_merge_completed=False self_merge_completed_age=-1.0 self_merge_committed=False lane_cmd_state=None lane_cmd_edge=None lane_cmd_target=None lane_cmd_executable=None same_lane=True reason=same_lane_cam gap=8.0 follow_spd=2.62 emergency=False target_before=7.317385973817094 target_after=7.317385973817094
obu-ramp-merge-2-1     | [2.2] Ramp_Merge_2 role=merge state=CRUISE->CRUISE speed=7.56 target=6.75 neighbors=5
obu-ramp-merge-5-1     | [2.2] Ramp_Merge_5 role=merge state=YIELDING->CRUISE speed=7.55 target=6.75 neighbors=5
obu-main-mid-right-1   | [2.4] Main_Mid_Right role=host state=CRUISE->CRUISE speed=8.07 target=7.50 neighbors=0
obu-merge-car-1        | Zenoh session established locally
obu-main-back-left-1   | Zenoh session established locally
obu-main-back-right-1  | [2.5] Main_Back_Right role=host state=CRUISE->CRUISE speed=7.78 target=7.50 neighbors=5
obu-main-back-left-1   | [2.5] Main_Back_Left role=host state=CRUISE->CRUISE speed=7.82 target=7.50 neighbors=0
obu-ramp-merge-4-1     | [2.5] Ramp_Merge_4 role=merge state=CRUISE->CRUISE speed=7.70 target=6.75 neighbors=5
obu-merge-car-1        | [2.8] Merge_Car MERGE_DECISION: auth=False phys=False fgok=True lgok=True hgok=True cok=True esok=True cready=False dtm=75.3 past=False committed=False hid=None ra=None lclear=True hyok=True
obu-merge-car-1        | [2.8] Merge_Car role=merge state=CRUISE->CRUISE speed=9.39 target=9.14 neighbors=0
obu-lead-car-1         | [2.8] Lead_Car role=host state=CRUISE->CRUISE speed=8.38 target=7.50 neighbors=5
obu-ramp-merge-5-1     | [2.7] Ramp_Merge_5 CAR_FOLLOW: sid=110 edge=34126779 lane=0 leader_edge= leader_lane=None leader_role_hint=ramp self_merge_completed=False self_merge_completed_age=-1.0 self_merge_committed=False lane_cmd_state=None lane_cmd_edge=None lane_cmd_target=None lane_cmd_executable=None same_lane=True reason=same_lane_cam gap=11.8 follow_spd=6.04 emergency=False target_before=6.75 target_after=7.190112414280737
obu-ramp-merge-3-1     | [2.7] Ramp_Merge_3 role=merge state=CRUISE->CRUISE speed=7.23 target=6.75 neighbors=6
obu-host-car-1         | [2.9] Host_Car role=host state=CRUISE->CRUISE speed=7.74 target=7.50 neighbors=6
obu-main-mid-right-1   | Zenoh session established locally
obu-ramp-back-1        | [2.9] Ramp_Back CAR_FOLLOW: sid=111 edge=34126779 lane=0 leader_edge= leader_lane=None leader_role_hint=ramp self_merge_completed=False self_merge_completed_age=-1.0 self_merge_committed=False lane_cmd_state=None lane_cmd_edge=None lane_cmd_target=None lane_cmd_executable=None same_lane=True reason=same_lane_cam gap=9.7 follow_spd=3.35 emergency=False target_before=6.75 target_after=6.478703141743198
obu-ramp-merge-2-1     | [3.3] Ramp_Merge_2 role=merge state=CRUISE->CRUISE speed=7.21 target=6.75 neighbors=9
obu-ramp-back-1        | [3.2] Ramp_Back role=merge state=YIELDING->YIELDING speed=6.70 target=6.45 neighbors=9
obu-ramp-merge-5-1     | [3.2] Ramp_Merge_5 role=merge state=YIELDING->YIELDING speed=7.34 target=7.09 neighbors=9
obu-main-mid-right-1   | [3.4] Main_Mid_Right role=lead state=CRUISE->CRUISE speed=7.84 target=7.84 neighbors=9
obu-merge-car-1        | MERGE_ATTEMPT_TIMELINE: vehicle=Merge_Car manoeuvre=3 host=104 lead=101 event=REQUEST_SENT t=3.6 edge=34126779 lane=0 lane_cmd_state=NONE speed=9.31 target=6.75 dtm=69.9 lead_gap=42.71 host_gap=41.55 lead_gap_t1=41.72 lead_gap_t2=40.74 lead_gap_t3=39.76 host_gap_t1=39.97 host_gap_t2=38.39 host_gap_t3=36.80
obu-merge-car-1        | [3.6] Merge_Car MCM_TX_REQUEST: manoeuvre=3 target=104
obu-merge-car-1        | [3.6] Merge_Car MERGE_DECISION: auth=False phys=True fgok=True lgok=True hgok=True cok=True esok=True cready=True dtm=69.9 past=False committed=False hid=104 ra=None lclear=False hyok=True
obu-ramp-merge-3-1     | [3.7] Ramp_Merge_3 role=merge state=YIELDING->YIELDING speed=7.07 target=6.82 neighbors=9
obu-ramp-back-1        | [3.8] Ramp_Back CAR_FOLLOW: sid=111 edge=34126779 lane=0 leader_edge= leader_lane=None leader_role_hint=ramp self_merge_completed=False self_merge_completed_age=-1.0 self_merge_committed=False lane_cmd_state=None lane_cmd_edge=None lane_cmd_target=None lane_cmd_executable=None same_lane=True reason=same_lane_cam gap=8.9 follow_spd=2.62 emergency=False target_before=6.3855636296002505 target_after=6.3855636296002505
obu-merge-car-1        | [3.9] Merge_Car MCM_TX_REQUEST: manoeuvre=3 target=104
obu-merge-car-1        | [3.9] Merge_Car MERGE_DECISION: auth=False phys=True fgok=True lgok=True hgok=True cok=True esok=True cready=True dtm=67.6 past=False committed=False hid=104 ra=None lclear=False hyok=True
obu-merge-car-1        | [3.9] Merge_Car role=merge state=NEGOTIATING->NEGOTIATING speed=9.29 target=9.04 neighbors=9
obu-host-car-1         | [3.9] Host_Car MCM_RX_REQUEST: from=107 manoeuvre=3 target=104
obu-lead-car-1         | [4.0] Lead_Car role=lead state=CRUISE->CRUISE speed=8.26 target=8.26 neighbors=10
obu-main-back-right-1  | [3.9] Main_Back_Right role=host state=CRUISE->CRUISE speed=7.64 target=7.50 neighbors=10
obu-main-back-left-1   | [3.9] Main_Back_Left role=host state=CRUISE->CRUISE speed=7.66 target=7.50 neighbors=10
obu-host-car-1         | HOST_RESERVATION_START: host=Host_Car ramp=107 manoeuvre=3 until=7.9 own_speed=7.64 target_speed=7.64 required_speed=7.64 gap_eta=5.84
obu-host-car-1         | [3.9] Host_Car HOST_RESERVED: merge=107 manoeuvre=3 until=7.9 target_spd=7.64
obu-host-car-1         | [3.9] Host_Car MCM_TX_ACCEPT: manoeuvre=3 target=107
obu-host-car-1         | [3.9] Host_Car role=host state=CRUISE->CRUISE speed=7.64 target=7.50 neighbors=10
obu-ramp-merge-4-1     | [3.9] Ramp_Merge_4 role=merge state=YIELDING->YIELDING speed=7.40 target=7.15 neighbors=10
obu-ramp-merge-2-1     | MERGE_ATTEMPT_TIMELINE: vehicle=Ramp_Merge_2 manoeuvre=34 host=104 lead=103 event=REQUEST_SENT t=3.9 edge=34126779 lane=0 lane_cmd_state=NONE speed=7.09 target=6.75 dtm=93.8 lead_gap=76.91 host_gap=102.61 lead_gap_t1=76.91 lead_gap_t2=76.91 lead_gap_t3=76.91 host_gap_t1=102.61 host_gap_t2=102.61 host_gap_t3=102.61
obu-ramp-merge-2-1     | [3.9] Ramp_Merge_2 MCM_TX_REQUEST: manoeuvre=34 target=104
obu-ramp-merge-2-1     | [3.9] Ramp_Merge_2 MERGE_DECISION: auth=False phys=False fgok=True lgok=True hgok=False cok=True esok=True cready=False dtm=93.8 past=False committed=False hid=104 ra=None lclear=False hyok=False
obu-ramp-back-1        | [4.0] Ramp_Back CAR_FOLLOW: sid=111 edge=34126779 lane=0 leader_edge= leader_lane=None leader_role_hint=ramp self_merge_completed=False self_merge_completed_age=-1.0 self_merge_committed=False lane_cmd_state=None lane_cmd_edge=None lane_cmd_target=None lane_cmd_executable=None same_lane=True reason=same_lane_cam gap=11.2 follow_spd=5.30 emergency=False target_before=6.75 target_after=6.367492004740582
obu-merge-car-1        | [4.0] Merge_Car MERGE_DECISION: auth=False phys=True fgok=True lgok=True hgok=True cok=True esok=True cready=True dtm=66.9 past=False committed=False hid=104 ra=None lclear=False hyok=True
obu-merge-car-1        | [4.1] Merge_Car MCM_RX_ACCEPT: from=104 manoeuvre=3 target=107
obu-host-car-1         | HOST_RESERVATION_HOLD: host=Host_Car ramp=107 manoeuvre=3 remaining=3.8 own_speed=7.63 target_speed=7.64 ramp_fsm=NEGOTIATING ramp_lane_cmd_state=NONE ramp_edge=34126779 ramp_lane=0 ramp_merge_completed=False ramp_merge_committed=False
obu-host-car-1         | [4.1] Host_Car HOST_HOLD_YIELD: for merge=107 spd=7.64
obu-host-car-1         | [4.1] Host_Car MCM_RX_REQUEST: from=107 manoeuvre=3 target=104
obu-ramp-merge-2-1     | [4.1] Ramp_Merge_2 MERGE_DECISION: auth=False phys=False fgok=True lgok=True hgok=False cok=True esok=True cready=False dtm=93.1 past=False committed=False hid=104 ra=None lclear=False hyok=False
obu-host-car-1         | HOST_RESERVATION_HOLD: host=Host_Car ramp=107 manoeuvre=3 remaining=3.6 own_speed=7.62 target_speed=7.64 ramp_fsm=NEGOTIATING ramp_lane_cmd_state=NONE ramp_edge=34126779 ramp_lane=0 ramp_merge_completed=False ramp_merge_committed=False
obu-host-car-1         | [4.3] Host_Car HOST_HOLD_YIELD: for merge=107 spd=7.64
obu-host-car-1         | [4.3] Host_Car MCM_TX_ACCEPT: manoeuvre=3 target=107
obu-ramp-merge-2-1     | [4.3] Ramp_Merge_2 MCM_TX_REQUEST: manoeuvre=34 target=104
obu-ramp-merge-2-1     | [4.3] Ramp_Merge_2 MERGE_DECISION: auth=False phys=False fgok=True lgok=True hgok=False cok=True esok=True cready=False dtm=92.4 past=False committed=False hid=104 ra=None lclear=False hyok=False
obu-ramp-merge-2-1     | [4.3] Ramp_Merge_2 role=merge state=NEGOTIATING->NEGOTIATING speed=7.05 target=7.23 neighbors=10
obu-main-mid-right-1   | [4.4] Main_Mid_Right role=host state=CRUISE->CRUISE speed=7.77 target=7.50 neighbors=10
obu-host-car-1         | HOST_RESERVATION_HOLD: host=Host_Car ramp=107 manoeuvre=3 remaining=3.4 own_speed=7.61 target_speed=7.64 ramp_fsm=NEGOTIATING ramp_lane_cmd_state=NONE ramp_edge=34126779 ramp_lane=0 ramp_merge_completed=False ramp_merge_committed=False
obu-host-car-1         | [4.5] Host_Car HOST_HOLD_YIELD: for merge=107 spd=7.64
obu-ramp-merge-2-1     | [4.5] Ramp_Merge_2 MERGE_DECISION: auth=False phys=False fgok=True lgok=True hgok=False cok=True esok=True cready=False dtm=91.7 past=False committed=False hid=104 ra=None lclear=True hyok=False
obu-host-car-1         | HOST_RESERVATION_HOLD: host=Host_Car ramp=107 manoeuvre=3 remaining=3.1 own_speed=7.62 target_speed=7.64 ramp_fsm=NEGOTIATING ramp_lane_cmd_state=NONE ramp_edge=34126779 ramp_lane=0 ramp_merge_completed=False ramp_merge_committed=False
obu-host-car-1         | [4.8] Host_Car HOST_HOLD_YIELD: for merge=107 spd=7.64
obu-host-car-1         | [4.8] Host_Car MCM_TX_ACCEPT: manoeuvre=3 target=107
obu-lead-car-1         | [5.0] Lead_Car role=cruise state=CRUISE->CRUISE speed=8.26 target=7.50 neighbors=10
obu-ramp-merge-2-1     | [4.8] Ramp_Merge_2 MCM_TX_REQUEST: manoeuvre=34 target=104
obu-ramp-merge-2-1     | [4.8] Ramp_Merge_2 MERGE_DECISION: auth=False phys=False fgok=True lgok=True hgok=False cok=True esok=True cready=False dtm=90.8 past=False committed=False hid=104 ra=None lclear=True hyok=False
obu-ramp-merge-5-1     | [4.4] Ramp_Merge_5 role=merge state=YIELDING->YIELDING speed=7.21 target=6.96 neighbors=10
obu-merge-car-1        | [4.9] Merge_Car MCM_RX_ACCEPT: from=104 manoeuvre=3 target=107
obu-host-car-1         | [5.0] Host_Car MCM_RX_REQUEST: from=108 manoeuvre=34 target=104
obu-merge-car-1        | [4.9] Merge_Car MCM_RX_ACCEPT: from=104 manoeuvre=3 target=107
obu-host-car-1         | [5.0] Host_Car MCM_RX_REQUEST: from=108 manoeuvre=34 target=104
obu-host-car-1         | [5.0] Host_Car MCM_RX_REQUEST: from=108 manoeuvre=34 target=104
obu-ramp-merge-3-1     | [4.9] Ramp_Merge_3 role=merge state=CRUISE->CRUISE speed=6.94 target=6.75 neighbors=10
obu-main-back-right-1  | [4.9] Main_Back_Right role=host state=CRUISE->CRUISE speed=7.58 target=7.50 neighbors=10
obu-main-back-left-1   | [5.0] Main_Back_Left role=host state=CRUISE->CRUISE speed=7.59 target=7.50 neighbors=10
obu-ramp-merge-4-1     | [5.0] Ramp_Merge_4 role=merge state=YIELDING->YIELDING speed=7.29 target=7.04 neighbors=10
obu-host-car-1         | HOST_RESERVATION_HOLD: host=Host_Car ramp=107 manoeuvre=3 remaining=2.9 own_speed=7.62 target_speed=7.64 ramp_fsm=NEGOTIATING ramp_lane_cmd_state=NONE ramp_edge=34126779 ramp_lane=0 ramp_merge_completed=False ramp_merge_committed=False
obu-host-car-1         | [5.0] Host_Car HOST_HOLD_YIELD: for merge=107 spd=7.64
obu-host-car-1         | [5.0] Host_Car role=host state=YIELDING->YIELDING speed=7.62 target=7.64 neighbors=10
obu-ramp-back-1        | [4.9] Ramp_Back CAR_FOLLOW: sid=111 edge=34126779 lane=0 leader_edge= leader_lane=None leader_role_hint=ramp self_merge_completed=False self_merge_completed_age=-1.0 self_merge_committed=False lane_cmd_state=None lane_cmd_edge=None lane_cmd_target=None lane_cmd_executable=None same_lane=True reason=same_lane_cam gap=11.8 follow_spd=6.00 emergency=False target_before=6.276284815911685 target_after=6.276284815911685
obu-ramp-back-1        | [4.9] Ramp_Back role=merge state=YIELDING->YIELDING speed=6.53 target=6.28 neighbors=10
obu-merge-car-1        | [5.1] Merge_Car MCM_TX_REQUEST: manoeuvre=3 target=104
obu-merge-car-1        | MERGE_ATTEMPT_TIMELINE: vehicle=Merge_Car manoeuvre=3 host=104 lead=101 event=ACCEPT_MATCHED t=5.1 edge=34126779 lane=0 lane_cmd_state=NONE speed=9.17 target=6.75 dtm=58.4 lead_gap=51.64 host_gap=4.17 lead_gap_t1=50.73 lead_gap_t2=49.82 lead_gap_t3=48.91 host_gap_t1=3.00 host_gap_t2=1.83 host_gap_t3=0.66
obu-merge-car-1        | [5.1] Merge_Car MCM_ACCEPT_MATCHED: host=104 manoeuvre=3
obu-merge-car-1        | MERGE_ATTEMPT_TIMELINE: vehicle=Merge_Car manoeuvre=3 host=104 lead=101 event=AUTHORIZED t=5.1 edge=34126779 lane=0 lane_cmd_state=NONE speed=9.17 target=8.92 dtm=58.4 lead_gap=51.64 host_gap=4.17 lead_gap_t1=50.73 lead_gap_t2=49.82 lead_gap_t3=48.91 host_gap_t1=3.00 host_gap_t2=1.83 host_gap_t3=0.66
obu-merge-car-1        | [5.1] Merge_Car MERGE_AUTHORIZED_BY_MCM: host=104 manoeuvre=3
obu-merge-car-1        | [5.1] Merge_Car MERGE_DECISION: auth=True phys=True fgok=True lgok=True hgok=True cok=True esok=True cready=True dtm=58.4 past=False committed=False hid=104 ra=2 lclear=True hyok=True
obu-merge-car-1        | [5.1] Merge_Car MERGE_START_GAP_DIAG: event=start lead=101 host=104 lead_eta=0.4790583685878222 own_eta=6.367624531288369 host_eta=12.142871767726158 lead_gap=51.642338196815494 host_gap=4.170772003835257 lead_gap_p1=50.73244601807944 lead_gap_p2=49.822553839343385 lead_gap_p3=48.91266166060733 host_gap_p1=3.0008798250992026 host_gap_p2=1.8309876463631483 host_gap_p3=0.6610954676270939 rel_to_lead=0.9098921787360545 rel_to_host=1.1698921787360543 lead_lat=40.17302343486057 host_lat=59.99406854844059 edge=34126779 lane=0 lane_cmd_state=None lane_cmd_edge=None lane_cmd_target=None lane_cmd_executable=None dtm=58.4 speed=9.17
obu-merge-car-1        | MERGE_ATTEMPT_TIMELINE: vehicle=Merge_Car manoeuvre=3 host=104 lead=101 event=PHYSICAL_START t=5.1 edge=34126779 lane=0 lane_cmd_state=NONE speed=9.17 target=8.92 dtm=58.4 lead_gap=51.64 host_gap=4.17 lead_gap_t1=50.73 lead_gap_t2=49.82 lead_gap_t3=48.91 host_gap_t1=3.00 host_gap_t2=1.83 host_gap_t3=0.66
obu-merge-car-1        | [5.1] Merge_Car MERGE_PHYSICAL_START: host=104 manoeuvre=3
obu-merge-car-1        | [5.1] Merge_Car MERGING!
obu-merge-car-1        | [5.1] Merge_Car role=merge state=NEGOTIATING->MERGING speed=9.17 target=8.92 neighbors=10
obu-ramp-merge-2-1     | MERGE_ATTEMPT_TIMELINE: vehicle=Ramp_Merge_2 manoeuvre=34 host=104 lead=103 event=TIMEOUT t=4.9 edge=34126779 lane=0 lane_cmd_state=NONE speed=7.10 target=6.75 dtm=90.5 lead_gap=64.09 host_gap=88.86 lead_gap_t1=64.09 lead_gap_t2=64.09 lead_gap_t3=64.09 host_gap_t1=88.86 host_gap_t2=88.86 host_gap_t3=88.86
obu-ramp-merge-2-1     | [4.9] Ramp_Merge_2 MCM_PENDING_ABANDON: host=104 ahead(eta=12.77<=own=12.74)
obu-ramp-merge-2-1     | [4.9] Ramp_Merge_2 MERGE_DECISION: auth=False phys=False fgok=True lgok=True hgok=False cok=True esok=True cready=False dtm=90.5 past=False committed=False hid=104 ra=None lclear=True hyok=False
obu-ramp-merge-2-1     | MERGE_ATTEMPT_TIMELINE: vehicle=Ramp_Merge_2 manoeuvre=35 host=104 lead=103 event=REQUEST_SENT t=5.1 edge=34126779 lane=0 lane_cmd_state=NONE speed=7.12 target=6.75 dtm=89.7 lead_gap=64.54 host_gap=87.36 lead_gap_t1=64.54 lead_gap_t2=64.54 lead_gap_t3=64.54 host_gap_t1=87.36 host_gap_t2=87.36 host_gap_t3=87.36
obu-ramp-merge-2-1     | [5.1] Ramp_Merge_2 MCM_TX_REQUEST: manoeuvre=35 target=104
obu-ramp-merge-2-1     | [5.1] Ramp_Merge_2 MERGE_DECISION: auth=False phys=False fgok=True lgok=True hgok=False cok=True esok=True cready=False dtm=89.7 past=False committed=False hid=104 ra=None lclear=True hyok=False
obu-host-car-1         | HOST_RESERVATION_EXTEND_UNTIL_CLEAR: host=Host_Car ramp=107 manoeuvre=3 new_remaining=4.0 ramp_lcs=NONE ramp_edge=34126779
obu-host-car-1         | HOST_RESERVATION_HOLD: host=Host_Car ramp=107 manoeuvre=3 remaining=4.0 own_speed=7.62 target_speed=7.64 ramp_fsm=MERGING ramp_lane_cmd_state=NONE ramp_edge=34126779 ramp_lane=0 ramp_merge_completed=False ramp_merge_committed=True
obu-host-car-1         | [5.2] Host_Car HOST_HOLD_YIELD: for merge=107 spd=7.64
obu-host-car-1         | [5.2] Host_Car MCM_TX_REJECT: manoeuvre=34 target=108
obu-host-car-1         | [5.2] Host_Car MCM_TX_ACCEPT: manoeuvre=3 target=107
obu-ramp-merge-2-1     | [5.3] Ramp_Merge_2 MERGE_DECISION: auth=False phys=False fgok=True lgok=True hgok=False cok=True esok=True cready=False dtm=88.9 past=False committed=False hid=104 ra=None lclear=True hyok=False
obu-ramp-merge-2-1     | [5.3] Ramp_Merge_2 role=merge state=NEGOTIATING->NEGOTIATING speed=7.13 target=7.31 neighbors=10
obu-host-car-1         | HOST_RESERVATION_EXTEND_UNTIL_CLEAR: host=Host_Car ramp=107 manoeuvre=3 new_remaining=4.0 ramp_lcs=NONE ramp_edge=34126779
obu-host-car-1         | HOST_RESERVATION_HOLD: host=Host_Car ramp=107 manoeuvre=3 remaining=4.0 own_speed=7.62 target_speed=7.64 ramp_fsm=MERGING ramp_lane_cmd_state=NONE ramp_edge=34126779 ramp_lane=0 ramp_merge_completed=False ramp_merge_committed=True
obu-host-car-1         | [5.4] Host_Car HOST_HOLD_YIELD: for merge=107 spd=7.64
obu-ramp-merge-2-1     | [5.7] Ramp_Merge_2 MCM_TX_REQUEST: manoeuvre=35 target=104
obu-ramp-merge-2-1     | [5.7] Ramp_Merge_2 MERGE_DECISION: auth=False phys=False fgok=True lgok=True hgok=False cok=True esok=True cready=False dtm=87.3 past=False committed=False hid=104 ra=None lclear=True hyok=False
obu-host-car-1         | [5.7] Host_Car MCM_RX_REQUEST: from=107 manoeuvre=3 target=104
obu-host-car-1         | [5.7] Host_Car MCM_RX_REQUEST: from=108 manoeuvre=35 target=104
obu-host-car-1         | [5.7] Host_Car MCM_RX_REQUEST: from=108 manoeuvre=35 target=104
obu-merge-car-1        | [5.3] Merge_Car MERGE_LANE_WAIT_EDGE_CONFIRMED: edge=34126779 lane=0 target_lane=1 lane_count=1 executable=False
obu-merge-car-1        | [5.7] Merge_Car MCM_RX_ACCEPT: from=104 manoeuvre=3 target=107
obu-ramp-back-1        | [5.7] Ramp_Back CAR_FOLLOW: sid=111 edge=34126779 lane=0 leader_edge= leader_lane=None leader_role_hint=ramp self_merge_completed=False self_merge_completed_age=-1.0 self_merge_committed=False lane_cmd_state=None lane_cmd_edge=None lane_cmd_target=None lane_cmd_executable=None same_lane=True reason=same_lane_cam gap=11.6 follow_spd=5.72 emergency=False target_before=6.1986768760592454 target_after=6.1986768760592454
obu-host-car-1         | HOST_RESERVATION_EXTEND_UNTIL_CLEAR: host=Host_Car ramp=107 manoeuvre=3 new_remaining=4.0 ramp_lcs=NONE ramp_edge=34126779
obu-host-car-1         | HOST_RESERVATION_HOLD: host=Host_Car ramp=107 manoeuvre=3 remaining=4.0 own_speed=7.63 target_speed=7.64 ramp_fsm=MERGING ramp_lane_cmd_state=NONE ramp_edge=34126779 ramp_lane=0 ramp_merge_completed=False ramp_merge_committed=True
obu-host-car-1         | [5.8] Host_Car HOST_HOLD_YIELD: for merge=107 spd=7.64
obu-host-car-1         | [5.8] Host_Car MCM_TX_ACCEPT: manoeuvre=3 target=107
obu-merge-car-1        | MERGE_ATTEMPT_TIMELINE: vehicle=Merge_Car manoeuvre=3 host=104 lead=101 event=WAIT_EDGE t=5.7 edge=34126779 lane=0 lane_cmd_state=WAIT_EDGE speed=9.11 target=6.75 dtm=53.4 lead_gap=48.39 host_gap=0.00 lead_gap_t1=47.54 lead_gap_t2=46.69 lead_gap_t3=45.84 host_gap_t1=0.00 host_gap_t2=0.00 host_gap_t3=0.00
obu-merge-car-1        | [5.7] Merge_Car MERGE_COMMIT_WAIT_LANE_AVAILABLE: edge=34126779 lane=0 target_lane=1 lane_count=1 executable=False speed=9.11 dtm=53.4
obu-ramp-merge-5-1     | [5.7] Ramp_Merge_5 role=merge state=YIELDING->YIELDING speed=7.09 target=6.84 neighbors=10
obu-main-mid-right-1   | [5.8] Main_Mid_Right role=lead state=CRUISE->CRUISE speed=7.71 target=7.71 neighbors=10
obu-main-back-right-1  | [5.9] Main_Back_Right role=host state=CRUISE->CRUISE speed=7.55 target=7.50 neighbors=10
obu-host-car-1         | HOST_RESERVATION_EXTEND_UNTIL_CLEAR: host=Host_Car ramp=107 manoeuvre=3 new_remaining=4.0 ramp_lcs=NONE ramp_edge=34126779
obu-host-car-1         | HOST_RESERVATION_HOLD: host=Host_Car ramp=107 manoeuvre=3 remaining=4.0 own_speed=7.63 target_speed=7.64 ramp_fsm=MERGING ramp_lane_cmd_state=NONE ramp_edge=34126779 ramp_lane=0 ramp_merge_completed=False ramp_merge_committed=True
obu-host-car-1         | [5.9] Host_Car HOST_HOLD_YIELD: for merge=107 spd=7.64
obu-ramp-merge-3-1     | [5.9] Ramp_Merge_3 role=merge state=CRUISE->CRUISE speed=6.86 target=6.75 neighbors=10
obu-ramp-merge-2-1     | [5.7] Ramp_Merge_2 MCM_RX_REJECT: from=104 manoeuvre=34 target=108
obu-main-back-left-1   | [6.5] Main_Back_Left role=host state=CRUISE->CRUISE speed=7.54 target=7.50 neighbors=7
obu-merge-car-1        | [6.5] Merge_Car MCM_RX_ACCEPT: from=104 manoeuvre=3 target=107
obu-ramp-merge-4-1     | [6.5] Ramp_Merge_4 role=merge state=YIELDING->YIELDING speed=7.14 target=6.89 neighbors=10
obu-ramp-back-1        | [6.5] Ramp_Back role=merge state=YIELDING->YIELDING speed=6.37 target=6.12 neighbors=10
obu-merge-car-1        | [6.5] Merge_Car MERGE_COMMIT_WAIT_LANE_AVAILABLE: edge=34126779 lane=0 target_lane=1 lane_count=1 executable=False speed=9.03 dtm=46.7
obu-merge-car-1        | [6.5] Merge_Car role=merge state=MERGING->MERGING speed=9.03 target=8.78 neighbors=10
obu-lead-car-1         | [6.6] Lead_Car role=cruise state=CRUISE->CRUISE speed=7.87 target=7.50 neighbors=10
obu-ramp-merge-2-1     | [6.5] Ramp_Merge_2 MCM_TX_REQUEST: manoeuvre=35 target=104
obu-ramp-merge-2-1     | [6.5] Ramp_Merge_2 MCM_ACCEPT_WRONG_MANOEUVRE: host=104 got=34 expected=35
obu-ramp-merge-2-1     | [6.5] Ramp_Merge_2 MERGE_DECISION: auth=False phys=False fgok=True lgok=True hgok=False cok=True esok=True cready=False dtm=83.9 past=False committed=False hid=104 ra=None lclear=True hyok=False
obu-ramp-merge-2-1     | [6.5] Ramp_Merge_2 role=merge state=NEGOTIATING->NEGOTIATING speed=7.22 target=7.40 neighbors=9
obu-ramp-merge-2-1     | [6.7] Ramp_Merge_2 MCM_ACCEPT_WRONG_MANOEUVRE: host=104 got=34 expected=35
obu-ramp-merge-2-1     | [6.7] Ramp_Merge_2 MERGE_DECISION: auth=False phys=False fgok=True lgok=True hgok=False cok=True esok=True cready=False dtm=82.9 past=False committed=False hid=104 ra=None lclear=True hyok=False
obu-host-car-1         | HOST_RESERVATION_EXTEND_UNTIL_CLEAR: host=Host_Car ramp=107 manoeuvre=3 new_remaining=4.0 ramp_lcs=WAIT_EDGE ramp_edge=34126779
obu-host-car-1         | HOST_RESERVATION_HOLD: host=Host_Car ramp=107 manoeuvre=3 remaining=4.0 own_speed=7.63 target_speed=7.64 ramp_fsm=MERGING ramp_lane_cmd_state=WAIT_EDGE ramp_edge=34126779 ramp_lane=0 ramp_merge_completed=False ramp_merge_committed=True
obu-host-car-1         | [6.8] Host_Car HOST_HOLD_YIELD: for merge=107 spd=7.64
obu-host-car-1         | [6.8] Host_Car MCM_TX_ACCEPT: manoeuvre=3 target=107
obu-host-car-1         | [6.8] Host_Car role=host state=YIELDING->YIELDING speed=7.63 target=7.64 neighbors=9
obu-ramp-merge-2-1     | [7.0] Ramp_Merge_2 MCM_TX_REQUEST: manoeuvre=35 target=104
obu-ramp-merge-2-1     | [7.0] Ramp_Merge_2 MERGE_DECISION: auth=False phys=False fgok=True lgok=True hgok=False cok=True esok=True cready=False dtm=81.5 past=False committed=False hid=104 ra=None lclear=True hyok=False
obu-main-mid-right-1   | [7.0] Main_Mid_Right role=lead state=CRUISE->CRUISE speed=7.71 target=7.71 neighbors=9
obu-ramp-merge-3-1     | [7.0] Ramp_Merge_3 role=merge state=CRUISE->CRUISE speed=6.81 target=6.75 neighbors=9
obu-main-back-right-1  | [7.0] Main_Back_Right role=host state=CRUISE->CRUISE speed=7.53 target=7.50 neighbors=9
obu-host-car-1         | HOST_RESERVATION_EXTEND_UNTIL_CLEAR: host=Host_Car ramp=107 manoeuvre=3 new_remaining=4.0 ramp_lcs=WAIT_EDGE ramp_edge=34126779
obu-host-car-1         | HOST_RESERVATION_HOLD: host=Host_Car ramp=107 manoeuvre=3 remaining=4.0 own_speed=7.63 target_speed=7.64 ramp_fsm=MERGING ramp_lane_cmd_state=WAIT_EDGE ramp_edge=34126779 ramp_lane=0 ramp_merge_completed=False ramp_merge_committed=True
obu-host-car-1         | [7.0] Host_Car HOST_HOLD_YIELD: for merge=107 spd=7.64
obu-host-car-1         | [7.3] Host_Car MCM_RX_REQUEST: from=108 manoeuvre=35 target=104
obu-host-car-1         | [7.3] Host_Car MCM_RX_REQUEST: from=108 manoeuvre=35 target=104
obu-ramp-back-1        | [7.0] Ramp_Back CAR_FOLLOW: sid=111 edge=34126779 lane=0 leader_edge= leader_lane=None leader_role_hint=ramp self_merge_completed=False self_merge_completed_age=-1.0 self_merge_committed=False lane_cmd_state=None lane_cmd_edge=None lane_cmd_target=None lane_cmd_executable=None same_lane=True reason=same_lane_cam gap=8.4 follow_spd=2.62 emergency=False target_before=6.070108532831635 target_after=6.070108532831635
obu-merge-car-1        | [7.2] Merge_Car MERGE_COMMIT_WAIT_LANE_AVAILABLE: edge=34126779 lane=0 target_lane=1 lane_count=1 executable=False speed=8.96 dtm=40.7
obu-host-car-1         | HOST_RESERVATION_EXTEND_UNTIL_CLEAR: host=Host_Car ramp=107 manoeuvre=3 new_remaining=4.0 ramp_lcs=WAIT_EDGE ramp_edge=34126779
obu-host-car-1         | HOST_RESERVATION_HOLD: host=Host_Car ramp=107 manoeuvre=3 remaining=4.0 own_speed=7.63 target_speed=7.64 ramp_fsm=MERGING ramp_lane_cmd_state=WAIT_EDGE ramp_edge=34126779 ramp_lane=0 ramp_merge_completed=False ramp_merge_committed=True
obu-host-car-1         | [7.3] Host_Car HOST_HOLD_YIELD: for merge=107 spd=7.64
obu-host-car-1         | [7.3] Host_Car MCM_TX_REJECT: manoeuvre=35 target=108
obu-host-car-1         | [7.3] Host_Car MCM_TX_ACCEPT: manoeuvre=3 target=107
obu-merge-car-1        | [7.3] Merge_Car MCM_RX_ACCEPT: from=104 manoeuvre=3 target=107
obu-ramp-merge-5-1     | [7.2] Ramp_Merge_5 role=merge state=YIELDING->YIELDING speed=6.94 target=6.69 neighbors=10
obu-ramp-merge-2-1     | [7.3] Ramp_Merge_2 MCM_TX_REQUEST: manoeuvre=35 target=104
obu-ramp-merge-2-1     | MERGE_ATTEMPT_TIMELINE: vehicle=Ramp_Merge_2 manoeuvre=35 host=104 lead=103 event=TIMEOUT t=7.3 edge=34126779 lane=0 lane_cmd_state=NONE speed=7.28 target=6.75 dtm=80.0 lead_gap=52.10 host_gap=61.30 lead_gap_t1=52.10 lead_gap_t2=52.10 lead_gap_t3=52.10 host_gap_t1=61.30 host_gap_t2=61.30 host_gap_t3=61.30
obu-ramp-merge-2-1     | [7.3] Ramp_Merge_2 MCM_PENDING_ABANDON: host=104 ahead(eta=10.53<=own=11.00)
obu-ramp-merge-2-1     | [7.3] Ramp_Merge_2 MERGE_DECISION: auth=False phys=False fgok=True lgok=False hgok=True cok=True esok=True cready=False dtm=80.0 past=False committed=False hid=105 ra=None lclear=True hyok=False
obu-ramp-back-1        | [7.4] Ramp_Back CAR_FOLLOW: sid=111 edge=34126779 lane=0 leader_edge= leader_lane=None leader_role_hint=ramp self_merge_completed=False self_merge_completed_age=-1.0 self_merge_committed=False lane_cmd_state=None lane_cmd_edge=None lane_cmd_target=None lane_cmd_executable=None same_lane=True reason=same_lane_cam gap=11.5 follow_spd=5.66 emergency=False target_before=6.033007134974233 target_after=6.033007134974233
obu-merge-car-1        | [7.4] Merge_Car MERGE_COMMIT_WAIT_LANE_AVAILABLE: edge=34126779 lane=0 target_lane=1 lane_count=1 executable=False speed=8.95 dtm=39.0
obu-merge-car-1        | [7.4] Merge_Car FINAL_GUARD: REJECTED slot-boundary ETA sid=101
obu-merge-car-1        | [7.4] Merge_Car MERGE_COMMIT_SAFETY_HOLD: lgok=False hgok=True fgok=False edge=34126779 lane=0 target_lane=1 speed=8.95 lane_cmd_state=WAIT_EDGE lane_cmd_executable=False lane_cmd_edge=34126779 lane_cmd_lane_count=1
obu-merge-car-1        | [7.4] Merge_Car CAR_FOLLOW: sid=103 edge=34126779 lane=0 leader_edge= leader_lane=None leader_role_hint=main self_merge_completed=False self_merge_completed_age=-1.0 self_merge_committed=True lane_cmd_state=WAIT_EDGE lane_cmd_edge=34126779 lane_cmd_target=1 lane_cmd_executable=False same_lane=False reason=merge_conflict_eta gap=0.2 follow_spd=6.41 emergency=False target_before=2.25 target_after=8.695119212773436
obu-host-car-1         | HOST_RESERVATION_EXTEND_UNTIL_CLEAR: host=Host_Car ramp=107 manoeuvre=3 new_remaining=4.0 ramp_lcs=WAIT_EDGE ramp_edge=34126779
obu-host-car-1         | HOST_RESERVATION_HOLD: host=Host_Car ramp=107 manoeuvre=3 remaining=4.0 own_speed=7.64 target_speed=7.64 ramp_fsm=MERGING ramp_lane_cmd_state=WAIT_EDGE ramp_edge=34126779 ramp_lane=0 ramp_merge_completed=False ramp_merge_committed=True
obu-host-car-1         | [7.5] Host_Car HOST_HOLD_YIELD: for merge=107 spd=7.64
obu-ramp-merge-2-1     | MERGE_ATTEMPT_TIMELINE: vehicle=Ramp_Merge_2 manoeuvre=36 host=105 lead=104 event=REQUEST_SENT t=7.5 edge=34126779 lane=0 lane_cmd_state=NONE speed=7.30 target=6.75 dtm=79.1 lead_gap=59.84 host_gap=66.71 lead_gap_t1=59.84 lead_gap_t2=59.84 lead_gap_t3=59.84 host_gap_t1=66.71 host_gap_t2=66.71 host_gap_t3=66.71
obu-ramp-merge-2-1     | [7.5] Ramp_Merge_2 MCM_TX_REQUEST: manoeuvre=36 target=105
obu-ramp-merge-2-1     | [7.5] Ramp_Merge_2 MERGE_DECISION: auth=False phys=False fgok=True lgok=False hgok=True cok=True esok=True cready=False dtm=79.1 past=False committed=False hid=105 ra=None lclear=True hyok=True
obu-ramp-merge-2-1     | [7.5] Ramp_Merge_2 role=merge state=NEGOTIATING->NEGOTIATING speed=7.30 target=7.05 neighbors=10
obu-main-back-left-1   | [7.5] Main_Back_Left role=host state=CRUISE->CRUISE speed=7.52 target=7.50 neighbors=10
obu-ramp-back-1        | [7.6] Ramp_Back CAR_FOLLOW: sid=111 edge=34126779 lane=0 leader_edge= leader_lane=None leader_role_hint=ramp self_merge_completed=False self_merge_completed_age=-1.0 self_merge_committed=False lane_cmd_state=None lane_cmd_edge=None lane_cmd_target=None lane_cmd_executable=None same_lane=True reason=same_lane_cam gap=10.3 follow_spd=4.09 emergency=False target_before=6.0146238432197 target_after=6.0146238432197
obu-ramp-back-1        | [7.6] Ramp_Back role=merge state=YIELDING->YIELDING speed=6.26 target=6.01 neighbors=10
obu-host-car-1         | [7.7] Host_Car MCM_RX_REQUEST: from=108 manoeuvre=35 target=104
obu-ramp-merge-2-1     | [7.7] Ramp_Merge_2 MCM_RX_REJECT: from=104 manoeuvre=35 target=108
obu-merge-car-1        | [7.7] Merge_Car MERGE_COMMIT_WAIT_LANE_AVAILABLE: edge=34126779 lane=0 target_lane=1 lane_count=1 executable=False speed=8.91 dtm=36.4
obu-merge-car-1        | [7.7] Merge_Car FINAL_GUARD: REJECTED slot-boundary ETA sid=101
obu-merge-car-1        | [7.7] Merge_Car MERGE_COMMIT_SAFETY_HOLD: lgok=False hgok=True fgok=False edge=34126779 lane=0 target_lane=1 speed=8.91 lane_cmd_state=WAIT_EDGE lane_cmd_executable=False lane_cmd_edge=34126779 lane_cmd_lane_count=1
obu-merge-car-1        | [7.7] Merge_Car CAR_FOLLOW: sid=103 edge=34126779 lane=0 leader_edge= leader_lane=None leader_role_hint=main self_merge_completed=False self_merge_completed_age=-1.0 self_merge_committed=True lane_cmd_state=WAIT_EDGE lane_cmd_edge=34126779 lane_cmd_target=1 lane_cmd_executable=False same_lane=False reason=merge_conflict_eta gap=0.5 follow_spd=5.98 emergency=False target_before=2.25 target_after=8.6642248995203
obu-merge-car-1        | [7.7] Merge_Car role=merge state=MERGING->MERGING speed=8.91 target=8.66 neighbors=10
obu-main-back-left-1   | [7.7] Main_Back_Left MCM_RX_REQUEST: from=108 manoeuvre=36 target=105
obu-host-car-1         | HOST_RESERVATION_EXTEND_UNTIL_CLEAR: host=Host_Car ramp=107 manoeuvre=3 new_remaining=4.0 ramp_lcs=WAIT_EDGE ramp_edge=34126779
obu-host-car-1         | HOST_RESERVATION_HOLD: host=Host_Car ramp=107 manoeuvre=3 remaining=4.0 own_speed=7.64 target_speed=7.64 ramp_fsm=MERGING ramp_lane_cmd_state=WAIT_EDGE ramp_edge=34126779 ramp_lane=0 ramp_merge_completed=False ramp_merge_committed=True
obu-host-car-1         | [7.7] Host_Car HOST_HOLD_YIELD: for merge=107 spd=7.64
obu-merge-car-1        | [7.7] Merge_Car MCM_RX_ACCEPT: from=104 manoeuvre=3 target=107
obu-host-car-1         | [7.7] Host_Car MCM_TX_REJECT: manoeuvre=35 target=108
obu-host-car-1         | [7.7] Host_Car MCM_TX_ACCEPT: manoeuvre=3 target=107
obu-lead-car-1         | [7.7] Lead_Car role=cruise state=CRUISE->CRUISE speed=7.71 target=7.50 neighbors=10
obu-ramp-merge-2-1     | [7.7] Ramp_Merge_2 MERGE_DECISION: auth=False phys=False fgok=True lgok=False hgok=True cok=True esok=True cready=False dtm=78.1 past=False committed=False hid=105 ra=None lclear=True hyok=True
obu-main-back-left-1   | HOST_RESERVATION_START: host=Main_Back_Left ramp=108 manoeuvre=36 until=11.7 own_speed=7.52 target_speed=6.52 required_speed=6.56 gap_eta=2.66
obu-main-back-left-1   | [7.7] Main_Back_Left HOST_RESERVED: merge=108 manoeuvre=36 until=11.7 target_spd=6.52
obu-main-back-left-1   | [7.7] Main_Back_Left HOST_YIELD: for merge=108 req_spd=6.52
obu-main-back-left-1   | [7.7] Main_Back_Left MCM_TX_ACCEPT: manoeuvre=36 target=108
obu-ramp-merge-4-1     | [7.7] Ramp_Merge_4 role=merge state=YIELDING->YIELDING speed=7.02 target=6.77 neighbors=10
obu-ramp-back-1        | [7.7] Ramp_Back CAR_FOLLOW: sid=111 edge=34126779 lane=0 leader_edge= leader_lane=None leader_role_hint=ramp self_merge_completed=False self_merge_completed_age=-1.0 self_merge_committed=False lane_cmd_state=None lane_cmd_edge=None lane_cmd_target=None lane_cmd_executable=None same_lane=True reason=same_lane_cam gap=9.6 follow_spd=3.31 emergency=False target_before=6.003043007807427 target_after=6.003043007807427
obu-ramp-merge-2-1     | [7.9] Ramp_Merge_2 MCM_TX_REQUEST: manoeuvre=36 target=105
obu-ramp-merge-2-1     | [7.9] Ramp_Merge_2 MERGE_DECISION: auth=False phys=False fgok=True lgok=False hgok=True cok=True esok=True cready=False dtm=77.0 past=False committed=False hid=105 ra=None lclear=True hyok=True
obu-main-back-left-1   | HOST_RESERVATION_HOLD: host=Main_Back_Left ramp=108 manoeuvre=36 remaining=3.8 own_speed=7.52 target_speed=6.52 ramp_fsm=NEGOTIATING ramp_lane_cmd_state=NONE ramp_edge=34126779 ramp_lane=0 ramp_merge_completed=False ramp_merge_committed=False
obu-main-back-left-1   | [7.9] Main_Back_Left HOST_HOLD_YIELD: for merge=108 spd=6.52
obu-main-mid-right-1   | [8.1] Main_Mid_Right role=lead state=CRUISE->CRUISE speed=7.71 target=7.71 neighbors=10
obu-ramp-merge-2-1     | [8.1] Ramp_Merge_2 MERGE_DECISION: auth=False phys=False fgok=True lgok=False hgok=True cok=True esok=True cready=False dtm=76.0 past=False committed=False hid=105 ra=None lclear=True hyok=True
obu-main-back-left-1   | HOST_RESERVATION_HOLD: host=Main_Back_Left ramp=108 manoeuvre=36 remaining=3.6 own_speed=7.47 target_speed=6.52 ramp_fsm=NEGOTIATING ramp_lane_cmd_state=NONE ramp_edge=34126779 ramp_lane=0 ramp_merge_completed=False ramp_merge_committed=False
obu-main-back-left-1   | [8.1] Main_Back_Left HOST_HOLD_YIELD: for merge=108 spd=6.52
obu-main-back-left-1   | [8.1] Main_Back_Left MCM_TX_ACCEPT: manoeuvre=36 target=108
obu-main-back-right-1  | [8.1] Main_Back_Right role=host state=CRUISE->CRUISE speed=7.52 target=7.50 neighbors=10
obu-ramp-merge-2-1     | [8.2] Ramp_Merge_2 MCM_RX_ACCEPT: from=105 manoeuvre=36 target=108
obu-main-back-left-1   | [8.2] Main_Back_Left MCM_RX_REQUEST: from=108 manoeuvre=36 target=105
obu-host-car-1         | HOST_RESERVATION_EXTEND_UNTIL_CLEAR: host=Host_Car ramp=107 manoeuvre=3 new_remaining=4.0 ramp_lcs=WAIT_EDGE ramp_edge=34126779
obu-host-car-1         | HOST_RESERVATION_HOLD: host=Host_Car ramp=107 manoeuvre=3 remaining=4.0 own_speed=7.64 target_speed=7.64 ramp_fsm=MERGING ramp_lane_cmd_state=WAIT_EDGE ramp_edge=34126779 ramp_lane=0 ramp_merge_completed=False ramp_merge_committed=True
obu-host-car-1         | [7.9] Host_Car HOST_HOLD_YIELD: for merge=107 spd=7.64
obu-host-car-1         | [7.9] Host_Car role=host state=YIELDING->YIELDING speed=7.64 target=7.64 neighbors=10
obu-ramp-merge-2-1     | [8.2] Ramp_Merge_2 MCM_RX_ACCEPT: from=105 manoeuvre=36 target=108
obu-ramp-merge-2-1     | [8.2] Ramp_Merge_2 MCM_RX_REJECT: from=104 manoeuvre=35 target=108
obu-merge-car-1        | [8.2] Merge_Car MCM_RX_ACCEPT: from=104 manoeuvre=3 target=107
obu-ramp-merge-3-1     | MERGE_ATTEMPT_TIMELINE: vehicle=Ramp_Merge_3 manoeuvre=65 host=106 lead=105 event=REQUEST_SENT t=8.2 edge=34126779 lane=0 lane_cmd_state=NONE speed=6.78 target=6.75 dtm=94.4 lead_gap=100.06 host_gap=118.93 lead_gap_t1=100.06 lead_gap_t2=100.06 lead_gap_t3=100.06 host_gap_t1=118.93 host_gap_t2=118.93 host_gap_t3=118.93
obu-ramp-merge-3-1     | [8.2] Ramp_Merge_3 MCM_TX_REQUEST: manoeuvre=65 target=106
obu-ramp-merge-3-1     | [8.2] Ramp_Merge_3 MERGE_DECISION: auth=False phys=False fgok=True lgok=False hgok=True cok=True esok=True cready=False dtm=94.4 past=False committed=False hid=106 ra=None lclear=True hyok=True
obu-ramp-merge-3-1     | [8.2] Ramp_Merge_3 role=merge state=CRUISE->NEGOTIATING speed=6.78 target=6.53 neighbors=10
obu-main-back-left-1   | HOST_RESERVATION_HOLD: host=Main_Back_Left ramp=108 manoeuvre=36 remaining=3.4 own_speed=7.38 target_speed=6.52 ramp_fsm=NEGOTIATING ramp_lane_cmd_state=NONE ramp_edge=34126779 ramp_lane=0 ramp_merge_completed=False ramp_merge_committed=False
obu-main-back-left-1   | [8.3] Main_Back_Left HOST_HOLD_YIELD: for merge=108 spd=6.52
obu-merge-car-1        | [8.3] Merge_Car MERGE_COMMIT_WAIT_LANE_AVAILABLE: edge=34126779 lane=0 target_lane=1 lane_count=1 executable=False speed=8.85 dtm=31.2
obu-merge-car-1        | [8.3] Merge_Car FINAL_GUARD: REJECTED slot-boundary ETA sid=101
obu-merge-car-1        | [8.3] Merge_Car MERGE_COMMIT_SAFETY_HOLD: lgok=False hgok=True fgok=False edge=34126779 lane=0 target_lane=1 speed=8.85 lane_cmd_state=WAIT_EDGE lane_cmd_executable=False lane_cmd_edge=34126779 lane_cmd_lane_count=1
obu-host-car-1         | HOST_RESERVATION_EXTEND_UNTIL_CLEAR: host=Host_Car ramp=107 manoeuvre=3 new_remaining=4.0 ramp_lcs=WAIT_EDGE ramp_edge=34126779
obu-host-car-1         | HOST_RESERVATION_HOLD: host=Host_Car ramp=107 manoeuvre=3 remaining=4.0 own_speed=7.64 target_speed=7.64 ramp_fsm=MERGING ramp_lane_cmd_state=WAIT_EDGE ramp_edge=34126779 ramp_lane=0 ramp_merge_completed=False ramp_merge_committed=True
obu-host-car-1         | [8.4] Host_Car HOST_HOLD_YIELD: for merge=107 spd=7.64
obu-host-car-1         | [8.4] Host_Car MCM_TX_REJECT: manoeuvre=35 target=108
obu-host-car-1         | [8.4] Host_Car MCM_TX_ACCEPT: manoeuvre=3 target=107
obu-ramp-merge-5-1     | [8.3] Ramp_Merge_5 role=merge state=YIELDING->YIELDING speed=6.83 target=6.58 neighbors=10
obu-ramp-merge-3-1     | [8.4] Ramp_Merge_3 MERGE_DECISION: auth=False phys=False fgok=True lgok=False hgok=True cok=True esok=True cready=False dtm=93.8 past=False committed=False hid=106 ra=None lclear=False hyok=True
obu-main-back-left-1   | HOST_RESERVATION_HOLD: host=Main_Back_Left ramp=108 manoeuvre=36 remaining=3.2 own_speed=7.29 target_speed=6.52 ramp_fsm=NEGOTIATING ramp_lane_cmd_state=NONE ramp_edge=34126779 ramp_lane=0 ramp_merge_completed=False ramp_merge_committed=False
obu-main-back-left-1   | [8.5] Main_Back_Left HOST_HOLD_YIELD: for merge=108 spd=6.52
obu-main-back-left-1   | [8.5] Main_Back_Left MCM_TX_ACCEPT: manoeuvre=36 target=108
obu-main-back-left-1   | [8.5] Main_Back_Left role=host state=YIELDING->YIELDING speed=7.29 target=6.52 neighbors=10
obu-ramp-back-1        | [8.7] Ramp_Back CAR_FOLLOW: sid=111 edge=34126779 lane=0 leader_edge= leader_lane=None leader_role_hint=ramp self_merge_completed=False self_merge_completed_age=-1.0 self_merge_committed=False lane_cmd_state=None lane_cmd_edge=None lane_cmd_target=None lane_cmd_executable=None same_lane=True reason=same_lane_cam gap=11.8 follow_spd=5.99 emergency=False target_before=5.895746458105605 target_after=5.988162030226394
obu-ramp-back-1        | [8.7] Ramp_Back role=merge state=YIELDING->YIELDING speed=6.15 target=5.99 neighbors=10
obu-main-back-left-1   | HOST_RESERVATION_HOLD: host=Main_Back_Left ramp=108 manoeuvre=36 remaining=3.0 own_speed=7.22 target_speed=6.52 ramp_fsm=NEGOTIATING ramp_lane_cmd_state=NONE ramp_edge=34126779 ramp_lane=0 ramp_merge_completed=False ramp_merge_committed=False
obu-main-back-left-1   | [8.7] Main_Back_Left HOST_HOLD_YIELD: for merge=108 spd=6.52
obu-ramp-merge-2-1     | [9.0] Ramp_Merge_2 MCM_RX_ACCEPT: from=105 manoeuvre=36 target=108
obu-ramp-merge-2-1     | [9.0] Ramp_Merge_2 MCM_RX_REJECT: from=104 manoeuvre=35 target=108
obu-main-back-right-1  | [9.0] Main_Back_Right MCM_RX_REQUEST: from=109 manoeuvre=65 target=106
obu-ramp-merge-2-1     | [9.0] Ramp_Merge_2 MCM_TX_REQUEST: manoeuvre=36 target=105
obu-ramp-merge-2-1     | MERGE_ATTEMPT_TIMELINE: vehicle=Ramp_Merge_2 manoeuvre=36 host=105 lead=104 event=ACCEPT_MATCHED t=9.0 edge=34126779 lane=0 lane_cmd_state=NONE speed=7.15 target=6.75 dtm=71.3 lead_gap=44.45 host_gap=44.92 lead_gap_t1=44.45 lead_gap_t2=44.45 lead_gap_t3=44.45 host_gap_t1=44.92 host_gap_t2=44.92 host_gap_t3=44.92
obu-ramp-merge-2-1     | [9.0] Ramp_Merge_2 MCM_ACCEPT_MATCHED: host=105 manoeuvre=36
obu-ramp-merge-2-1     | [9.0] Ramp_Merge_2 MERGE_ACCEPTED_WAIT_SLOT_VALID: reason=lgok=False(gap=44.45)
obu-ramp-merge-2-1     | [9.0] Ramp_Merge_2 MERGE_DECISION: auth=False phys=False fgok=True lgok=False hgok=True cok=True esok=True cready=False dtm=71.3 past=False committed=False hid=105 ra=2 lclear=True hyok=True
obu-ramp-merge-2-1     | [9.0] Ramp_Merge_2 role=merge state=NEGOTIATING->NEGOTIATING speed=7.15 target=6.38 neighbors=10
obu-merge-car-1        | [9.0] Merge_Car MCM_RX_ACCEPT: from=104 manoeuvre=3 target=107
obu-ramp-merge-3-1     | [8.9] Ramp_Merge_3 MCM_TX_REQUEST: manoeuvre=65 target=106
obu-ramp-merge-3-1     | [8.9] Ramp_Merge_3 MERGE_DECISION: auth=False phys=False fgok=True lgok=False hgok=True cok=True esok=True cready=False dtm=92.1 past=False committed=False hid=106 ra=None lclear=False hyok=True
obu-main-back-right-1  | HOST_RESERVATION_START: host=Main_Back_Right ramp=109 manoeuvre=65 until=13.0 own_speed=7.51 target_speed=6.51 required_speed=6.90 gap_eta=3.23
obu-main-back-right-1  | [9.0] Main_Back_Right HOST_RESERVED: merge=109 manoeuvre=65 until=13.0 target_spd=6.51
obu-main-back-right-1  | [9.0] Main_Back_Right HOST_YIELD: for merge=109 req_spd=6.51
obu-ramp-merge-4-1     | [8.9] Ramp_Merge_4 role=merge state=YIELDING->YIELDING speed=6.89 target=6.64 neighbors=10
obu-main-back-right-1  | [9.0] Main_Back_Right MCM_TX_ACCEPT: manoeuvre=65 target=109
obu-main-back-left-1   | HOST_RESERVATION_HOLD: host=Main_Back_Left ramp=108 manoeuvre=36 remaining=2.7 own_speed=7.12 target_speed=6.52 ramp_fsm=NEGOTIATING ramp_lane_cmd_state=NONE ramp_edge=34126779 ramp_lane=0 ramp_merge_completed=False ramp_merge_committed=False
obu-main-back-left-1   | [9.0] Main_Back_Left HOST_HOLD_YIELD: for merge=108 spd=6.52
obu-main-back-left-1   | [9.0] Main_Back_Left MCM_TX_ACCEPT: manoeuvre=36 target=108
obu-merge-car-1        | [9.0] Merge_Car MERGE_COMMIT_WAIT_LANE_AVAILABLE: edge=34126779 lane=0 target_lane=1 lane_count=1 executable=False speed=7.34 dtm=25.6
obu-merge-car-1        | [9.0] Merge_Car FINAL_GUARD: REJECTED sid=103 gap=8.4
obu-merge-car-1        | [9.0] Merge_Car MERGE_COMMIT_SAFETY_HOLD: lgok=False hgok=True fgok=False edge=34126779 lane=0 target_lane=1 speed=7.34 lane_cmd_state=WAIT_EDGE lane_cmd_executable=False lane_cmd_edge=34126779 lane_cmd_lane_count=1
obu-merge-car-1        | [9.0] Merge_Car CAR_FOLLOW: sid=103 edge=34126779 lane=0 leader_edge= leader_lane=None leader_role_hint=main self_merge_completed=False self_merge_completed_age=-1.0 self_merge_committed=True lane_cmd_state=WAIT_EDGE lane_cmd_edge=34126779 lane_cmd_target=1 lane_cmd_executable=False same_lane=False reason=merge_conflict_eta gap=0.4 follow_spd=5.58 emergency=False target_before=2.25 target_after=7.093253814008885
obu-merge-car-1        | [9.0] Merge_Car role=merge state=MERGING->MERGING speed=7.34 target=7.09 neighbors=10
obu-lead-car-1         | [9.0] Lead_Car role=cruise state=CRUISE->CRUISE speed=7.61 target=7.50 neighbors=10
obu-host-car-1         | HOST_RESERVATION_EXTEND_UNTIL_CLEAR: host=Host_Car ramp=107 manoeuvre=3 new_remaining=4.0 ramp_lcs=WAIT_EDGE ramp_edge=34126779
obu-host-car-1         | HOST_RESERVATION_HOLD: host=Host_Car ramp=107 manoeuvre=3 remaining=4.0 own_speed=7.64 target_speed=7.64 ramp_fsm=MERGING ramp_lane_cmd_state=WAIT_EDGE ramp_edge=34126779 ramp_lane=0 ramp_merge_completed=False ramp_merge_committed=True
obu-host-car-1         | [9.0] Host_Car HOST_HOLD_YIELD: for merge=107 spd=7.64
obu-host-car-1         | [9.0] Host_Car MCM_TX_ACCEPT: manoeuvre=3 target=107
obu-host-car-1         | [9.0] Host_Car role=host state=YIELDING->YIELDING speed=7.64 target=7.64 neighbors=10
obu-ramp-merge-3-1     | [9.1] Ramp_Merge_3 MERGE_DECISION: auth=False phys=False fgok=True lgok=False hgok=True cok=True esok=True cready=False dtm=91.5 past=False committed=False hid=106 ra=None lclear=False hyok=True
obu-main-back-left-1   | HOST_RESERVATION_HOLD: host=Main_Back_Left ramp=108 manoeuvre=36 remaining=2.5 own_speed=7.06 target_speed=6.52 ramp_fsm=NEGOTIATING ramp_lane_cmd_state=NONE ramp_edge=34126779 ramp_lane=0 ramp_merge_completed=False ramp_merge_committed=False
obu-main-back-left-1   | [9.2] Main_Back_Left HOST_HOLD_YIELD: for merge=108 spd=6.52
obu-host-car-1         | HOST_RESERVATION_EXTEND_UNTIL_CLEAR: host=Host_Car ramp=107 manoeuvre=3 new_remaining=4.0 ramp_lcs=WAIT_EDGE ramp_edge=34126779
obu-host-car-1         | HOST_RESERVATION_HOLD: host=Host_Car ramp=107 manoeuvre=3 remaining=4.0 own_speed=7.64 target_speed=7.64 ramp_fsm=MERGING ramp_lane_cmd_state=WAIT_EDGE ramp_edge=34126779 ramp_lane=0 ramp_merge_completed=False ramp_merge_committed=True
obu-host-car-1         | [9.3] Host_Car HOST_HOLD_YIELD: for merge=107 spd=7.64
obu-host-car-1         | [9.3] Host_Car MCM_TX_ACCEPT: manoeuvre=3 target=107
obu-ramp-merge-3-1     | [9.3] Ramp_Merge_3 MCM_TX_REQUEST: manoeuvre=65 target=106
obu-ramp-merge-3-1     | [9.3] Ramp_Merge_3 MERGE_DECISION: auth=False phys=False fgok=True lgok=False hgok=True cok=True esok=True cready=False dtm=90.9 past=False committed=False hid=106 ra=None lclear=False hyok=True
obu-ramp-merge-3-1     | [9.3] Ramp_Merge_3 role=merge state=NEGOTIATING->NEGOTIATING speed=6.69 target=6.44 neighbors=9
obu-main-back-left-1   | HOST_RESERVATION_HOLD: host=Main_Back_Left ramp=108 manoeuvre=36 remaining=2.4 own_speed=7.03 target_speed=6.52 ramp_fsm=NEGOTIATING ramp_lane_cmd_state=NONE ramp_edge=34126779 ramp_lane=0 ramp_merge_completed=False ramp_merge_committed=False
obu-main-back-left-1   | [9.3] Main_Back_Left HOST_HOLD_YIELD: for merge=108 spd=6.52
obu-main-back-left-1   | [9.3] Main_Back_Left MCM_TX_ACCEPT: manoeuvre=36 target=108
obu-ramp-merge-5-1     | [9.3] Ramp_Merge_5 role=merge state=CRUISE->CRUISE speed=6.74 target=6.75 neighbors=9
obu-ramp-merge-3-1     | [9.5] Ramp_Merge_3 MCM_RX_ACCEPT: from=106 manoeuvre=65 target=109
obu-main-back-left-1   | [9.6] Main_Back_Left MCM_RX_REQUEST: from=108 manoeuvre=36 target=105
obu-main-back-right-1  | [9.6] Main_Back_Right MCM_RX_REQUEST: from=109 manoeuvre=65 target=106
obu-ramp-merge-2-1     | [9.5] Ramp_Merge_2 MCM_RX_ACCEPT: from=105 manoeuvre=36 target=108
obu-merge-car-1        | [9.5] Merge_Car MCM_RX_ACCEPT: from=104 manoeuvre=3 target=107
obu-ramp-merge-2-1     | [9.5] Ramp_Merge_2 MCM_RX_ACCEPT: from=105 manoeuvre=36 target=108
obu-merge-car-1        | [9.5] Merge_Car MCM_RX_ACCEPT: from=104 manoeuvre=3 target=107
obu-main-back-right-1  | HOST_RESERVATION_HOLD: host=Main_Back_Right ramp=109 manoeuvre=65 remaining=3.4 own_speed=7.37 target_speed=6.51 ramp_fsm=NEGOTIATING ramp_lane_cmd_state=NONE ramp_edge=34126779 ramp_lane=0 ramp_merge_completed=False ramp_merge_committed=False
obu-main-back-right-1  | [9.6] Main_Back_Right HOST_HOLD_YIELD: for merge=109 spd=6.51
obu-ramp-merge-3-1     | MERGE_ATTEMPT_TIMELINE: vehicle=Ramp_Merge_3 manoeuvre=65 host=106 lead=105 event=ACCEPT_MATCHED t=9.5 edge=34126779 lane=0 lane_cmd_state=NONE speed=6.67 target=6.75 dtm=90.3 lead_gap=86.42 host_gap=104.53 lead_gap_t1=86.42 lead_gap_t2=86.42 lead_gap_t3=86.42 host_gap_t1=104.53 host_gap_t2=104.53 host_gap_t3=104.53
obu-ramp-merge-3-1     | [9.5] Ramp_Merge_3 MCM_ACCEPT_MATCHED: host=106 manoeuvre=65
obu-main-back-right-1  | [9.6] Main_Back_Right MCM_TX_ACCEPT: manoeuvre=65 target=109
obu-main-back-right-1  | [9.6] Main_Back_Right role=host state=YIELDING->YIELDING speed=7.37 target=6.51 neighbors=10
obu-main-back-right-1  | [9.6] Main_Back_Right MCM_RX_REQUEST: from=109 manoeuvre=65 target=106
obu-main-back-left-1   | HOST_RESERVATION_HOLD: host=Main_Back_Left ramp=108 manoeuvre=36 remaining=2.1 own_speed=6.96 target_speed=6.52 ramp_fsm=NEGOTIATING ramp_lane_cmd_state=NONE ramp_edge=34126779 ramp_lane=0 ramp_merge_completed=False ramp_merge_committed=False
obu-main-back-left-1   | [9.6] Main_Back_Left HOST_HOLD_YIELD: for merge=108 spd=6.52
obu-main-back-left-1   | [9.6] Main_Back_Left MCM_TX_ACCEPT: manoeuvre=36 target=108
obu-main-back-left-1   | [9.6] Main_Back_Left role=host state=YIELDING->YIELDING speed=6.96 target=6.52 neighbors=10
obu-merge-car-1        | [9.5] Merge_Car MERGE_COMMIT_WAIT_LANE_AVAILABLE: edge=34126779 lane=0 target_lane=1 lane_count=1 executable=False speed=6.88 dtm=22.1
obu-merge-car-1        | [9.5] Merge_Car FINAL_GUARD: REJECTED sid=103 gap=7.2
obu-merge-car-1        | [9.5] Merge_Car MERGE_COMMIT_SAFETY_HOLD: lgok=False hgok=True fgok=False edge=34126779 lane=0 target_lane=1 speed=6.88 lane_cmd_state=WAIT_EDGE lane_cmd_executable=False lane_cmd_edge=34126779 lane_cmd_lane_count=1
obu-merge-car-1        | [9.5] Merge_Car CAR_FOLLOW: sid=103 edge=34126779 lane=0 leader_edge= leader_lane=None leader_role_hint=main self_merge_completed=False self_merge_completed_age=-1.0 self_merge_committed=True lane_cmd_state=WAIT_EDGE lane_cmd_edge=34126779 lane_cmd_target=1 lane_cmd_executable=False same_lane=False reason=merge_conflict_eta gap=0.4 follow_spd=5.16 emergency=False target_before=2.25 target_after=6.631831786352263
obu-host-car-1         | HOST_RESERVATION_EXTEND_UNTIL_CLEAR: host=Host_Car ramp=107 manoeuvre=3 new_remaining=4.0 ramp_lcs=WAIT_EDGE ramp_edge=34126779
obu-host-car-1         | HOST_RESERVATION_HOLD: host=Host_Car ramp=107 manoeuvre=3 remaining=4.0 own_speed=7.64 target_speed=7.64 ramp_fsm=MERGING ramp_lane_cmd_state=WAIT_EDGE ramp_edge=34126779 ramp_lane=0 ramp_merge_completed=False ramp_merge_committed=True
obu-host-car-1         | [9.6] Host_Car HOST_HOLD_YIELD: for merge=107 spd=7.64
obu-host-car-1         | [9.6] Host_Car MCM_TX_ACCEPT: manoeuvre=3 target=107
obu-main-mid-right-1   | [9.6] Main_Mid_Right role=lead state=CRUISE->CRUISE speed=7.71 target=7.71 neighbors=10
obu-ramp-merge-2-1     | MERGE_ATTEMPT_TIMELINE: vehicle=Ramp_Merge_2 manoeuvre=36 host=105 lead=104 event=AUTHORIZED t=9.5 edge=34126779 lane=0 lane_cmd_state=NONE speed=7.03 target=6.78 dtm=68.6 lead_gap=39.20 host_gap=36.20 lead_gap_t1=39.20 lead_gap_t2=39.20 lead_gap_t3=39.20 host_gap_t1=36.18 host_gap_t2=36.15 host_gap_t3=36.12
obu-ramp-merge-2-1     | [9.5] Ramp_Merge_2 MERGE_AUTHORIZED_BY_MCM: host=105 manoeuvre=36
obu-ramp-merge-2-1     | [9.5] Ramp_Merge_2 MERGE_DECISION: auth=True phys=True fgok=True lgok=True hgok=True cok=True esok=True cready=True dtm=68.6 past=False committed=False hid=105 ra=2 lclear=True hyok=True
obu-ramp-merge-2-1     | [9.5] Ramp_Merge_2 MERGE_START_GAP_DIAG: event=start lead=104 host=105 lead_eta=8.232652275643122 own_eta=9.762171318533875 host_eta=13.344409892534198 lead_gap=39.195184000515106 host_gap=36.20418016779907 lead_gap_p1=39.195184000515106 lead_gap_p2=39.195184000515106 lead_gap_p3=39.195184000515106 host_gap_p1=36.17655135794339 host_gap_p2=36.148922548087704 host_gap_p3=36.12129373823202 rel_to_lead=-0.6023711901443143 rel_to_host=0.02762880985568561 lead_lat=16.952863922843243 host_lat=47.408972160829954 edge=34126779 lane=0 lane_cmd_state=None lane_cmd_edge=None lane_cmd_target=None lane_cmd_executable=None dtm=68.6 speed=7.03
obu-ramp-merge-2-1     | MERGE_ATTEMPT_TIMELINE: vehicle=Ramp_Merge_2 manoeuvre=36 host=105 lead=104 event=PHYSICAL_START t=9.5 edge=34126779 lane=0 lane_cmd_state=NONE speed=7.03 target=6.78 dtm=68.6 lead_gap=39.20 host_gap=36.20 lead_gap_t1=39.20 lead_gap_t2=39.20 lead_gap_t3=39.20 host_gap_t1=36.18 host_gap_t2=36.15 host_gap_t3=36.12
obu-ramp-merge-2-1     | [9.5] Ramp_Merge_2 MERGE_PHYSICAL_START: host=105 manoeuvre=36
obu-ramp-merge-2-1     | [9.5] Ramp_Merge_2 MERGING!
traci-bridge-1         |  Retrying in 1 seconds
traci-bridge-1         | LANE_CMD_STATE veh=Merge_Car edge=34126779 lane=0 target=1 lane_count=1 recently=False speed=9.16
traci-bridge-1         | LANE_CMD_WAIT_EDGE veh=Merge_Car edge=34126779 lane=0 target=1 lane_count=1
traci-bridge-1         | LANE_CMD_STATE veh=Merge_Car edge=34126779 lane=0 target=1 lane_count=1 recently=False speed=9.14
traci-bridge-1         | LANE_CMD_WAIT_EDGE veh=Merge_Car edge=34126779 lane=0 target=1 lane_count=1
traci-bridge-1         | LANE_CMD_STATE veh=Merge_Car edge=34126779 lane=0 target=1 lane_count=1 recently=False speed=9.13
traci-bridge-1         | LANE_CMD_WAIT_EDGE veh=Merge_Car edge=34126779 lane=0 target=1 lane_count=1
traci-bridge-1         | LANE_CMD_STATE veh=Merge_Car edge=34126779 lane=0 target=1 lane_count=1 recently=False speed=9.12
traci-bridge-1         | LANE_CMD_WAIT_EDGE veh=Merge_Car edge=34126779 lane=0 target=1 lane_count=1
traci-bridge-1         | LANE_CMD_STATE veh=Merge_Car edge=34126779 lane=0 target=1 lane_count=1 recently=False speed=9.11
traci-bridge-1         | LANE_CMD_WAIT_EDGE veh=Merge_Car edge=34126779 lane=0 target=1 lane_count=1
traci-bridge-1         | LANE_CMD_STATE veh=Merge_Car edge=34126779 lane=0 target=1 lane_count=1 recently=False speed=9.10
traci-bridge-1         | LANE_CMD_WAIT_EDGE veh=Merge_Car edge=34126779 lane=0 target=1 lane_count=1
traci-bridge-1         | LANE_CMD_STATE veh=Merge_Car edge=34126779 lane=0 target=1 lane_count=1 recently=False speed=9.09
traci-bridge-1         | LANE_CMD_WAIT_EDGE veh=Merge_Car edge=34126779 lane=0 target=1 lane_count=1
traci-bridge-1         | LANE_CMD_STATE veh=Merge_Car edge=34126779 lane=0 target=1 lane_count=1 recently=False speed=9.08
traci-bridge-1         | LANE_CMD_WAIT_EDGE veh=Merge_Car edge=34126779 lane=0 target=1 lane_count=1
traci-bridge-1         | LANE_CMD_STATE veh=Merge_Car edge=34126779 lane=0 target=1 lane_count=1 recently=False speed=9.07
traci-bridge-1         | LANE_CMD_WAIT_EDGE veh=Merge_Car edge=34126779 lane=0 target=1 lane_count=1
traci-bridge-1         | LANE_CMD_STATE veh=Merge_Car edge=34126779 lane=0 target=1 lane_count=1 recently=False speed=9.06
traci-bridge-1         | LANE_CMD_WAIT_EDGE veh=Merge_Car edge=34126779 lane=0 target=1 lane_count=1
traci-bridge-1         | LANE_CMD_STATE veh=Merge_Car edge=34126779 lane=0 target=1 lane_count=1 recently=False speed=9.05
traci-bridge-1         | LANE_CMD_WAIT_EDGE veh=Merge_Car edge=34126779 lane=0 target=1 lane_count=1
traci-bridge-1         | LANE_CMD_STATE veh=Merge_Car edge=34126779 lane=0 target=1 lane_count=1 recently=False speed=9.04
traci-bridge-1         | LANE_CMD_WAIT_EDGE veh=Merge_Car edge=34126779 lane=0 target=1 lane_count=1
traci-bridge-1         | LANE_CMD_STATE veh=Merge_Car edge=34126779 lane=0 target=1 lane_count=1 recently=False speed=9.03
traci-bridge-1         | LANE_CMD_WAIT_EDGE veh=Merge_Car edge=34126779 lane=0 target=1 lane_count=1
traci-bridge-1         | LANE_CMD_STATE veh=Merge_Car edge=34126779 lane=0 target=1 lane_count=1 recently=False speed=9.02
traci-bridge-1         | LANE_CMD_WAIT_EDGE veh=Merge_Car edge=34126779 lane=0 target=1 lane_count=1
traci-bridge-1         | LANE_CMD_STATE veh=Merge_Car edge=34126779 lane=0 target=1 lane_count=1 recently=False speed=9.02
traci-bridge-1         | LANE_CMD_WAIT_EDGE veh=Merge_Car edge=34126779 lane=0 target=1 lane_count=1
traci-bridge-1         | LANE_CMD_STATE veh=Merge_Car edge=34126779 lane=0 target=1 lane_count=1 recently=False speed=9.00
traci-bridge-1         | LANE_CMD_WAIT_EDGE veh=Merge_Car edge=34126779 lane=0 target=1 lane_count=1
traci-bridge-1         | LANE_CMD_STATE veh=Merge_Car edge=34126779 lane=0 target=1 lane_count=1 recently=False speed=8.99
traci-bridge-1         | LANE_CMD_WAIT_EDGE veh=Merge_Car edge=34126779 lane=0 target=1 lane_count=1
traci-bridge-1         | LANE_CMD_STATE veh=Merge_Car edge=34126779 lane=0 target=1 lane_count=1 recently=False speed=8.98
traci-bridge-1         | LANE_CMD_WAIT_EDGE veh=Merge_Car edge=34126779 lane=0 target=1 lane_count=1
traci-bridge-1         | LANE_CMD_STATE veh=Merge_Car edge=34126779 lane=0 target=1 lane_count=1 recently=False speed=8.97
traci-bridge-1         | LANE_CMD_WAIT_EDGE veh=Merge_Car edge=34126779 lane=0 target=1 lane_count=1
traci-bridge-1         | LANE_CMD_STATE veh=Merge_Car edge=34126779 lane=0 target=1 lane_count=1 recently=False speed=8.96
traci-bridge-1         | LANE_CMD_WAIT_EDGE veh=Merge_Car edge=34126779 lane=0 target=1 lane_count=1
traci-bridge-1         | LANE_CMD_STATE veh=Merge_Car edge=34126779 lane=0 target=1 lane_count=1 recently=False speed=8.95
traci-bridge-1         | LANE_CMD_WAIT_EDGE veh=Merge_Car edge=34126779 lane=0 target=1 lane_count=1
traci-bridge-1         | LANE_CMD_STATE veh=Merge_Car edge=34126779 lane=0 target=1 lane_count=1 recently=False speed=8.95
traci-bridge-1         | LANE_CMD_WAIT_EDGE veh=Merge_Car edge=34126779 lane=0 target=1 lane_count=1
traci-bridge-1         | LANE_CMD_STATE veh=Merge_Car edge=34126779 lane=0 target=1 lane_count=1 recently=False speed=8.94
traci-bridge-1         | LANE_CMD_WAIT_EDGE veh=Merge_Car edge=34126779 lane=0 target=1 lane_count=1
traci-bridge-1         | LANE_CMD_STATE veh=Merge_Car edge=34126779 lane=0 target=1 lane_count=1 recently=False speed=8.93
traci-bridge-1         | LANE_CMD_WAIT_EDGE veh=Merge_Car edge=34126779 lane=0 target=1 lane_count=1
traci-bridge-1         | LANE_CMD_STATE veh=Merge_Car edge=34126779 lane=0 target=1 lane_count=1 recently=False speed=8.91
traci-bridge-1         | LANE_CMD_WAIT_EDGE veh=Merge_Car edge=34126779 lane=0 target=1 lane_count=1
traci-bridge-1         | LANE_CMD_STATE veh=Merge_Car edge=34126779 lane=0 target=1 lane_count=1 recently=False speed=8.90
traci-bridge-1         | LANE_CMD_WAIT_EDGE veh=Merge_Car edge=34126779 lane=0 target=1 lane_count=1
traci-bridge-1         | LANE_CMD_STATE veh=Merge_Car edge=34126779 lane=0 target=1 lane_count=1 recently=False speed=8.89
traci-bridge-1         | LANE_CMD_WAIT_EDGE veh=Merge_Car edge=34126779 lane=0 target=1 lane_count=1
traci-bridge-1         | LANE_CMD_STATE veh=Merge_Car edge=34126779 lane=0 target=1 lane_count=1 recently=False speed=8.88
traci-bridge-1         | LANE_CMD_WAIT_EDGE veh=Merge_Car edge=34126779 lane=0 target=1 lane_count=1
traci-bridge-1         | LANE_CMD_STATE veh=Merge_Car edge=34126779 lane=0 target=1 lane_count=1 recently=False speed=8.87
traci-bridge-1         | LANE_CMD_WAIT_EDGE veh=Merge_Car edge=34126779 lane=0 target=1 lane_count=1
traci-bridge-1         | LANE_CMD_STATE veh=Merge_Car edge=34126779 lane=0 target=1 lane_count=1 recently=False speed=8.86
traci-bridge-1         | LANE_CMD_WAIT_EDGE veh=Merge_Car edge=34126779 lane=0 target=1 lane_count=1
traci-bridge-1         | LANE_CMD_STATE veh=Merge_Car edge=34126779 lane=0 target=1 lane_count=1 recently=False speed=8.85
traci-bridge-1         | LANE_CMD_WAIT_EDGE veh=Merge_Car edge=34126779 lane=0 target=1 lane_count=1
traci-bridge-1         | LANE_CMD_STATE veh=Merge_Car edge=34126779 lane=0 target=1 lane_count=1 recently=False speed=8.84
traci-bridge-1         | LANE_CMD_WAIT_EDGE veh=Merge_Car edge=34126779 lane=0 target=1 lane_count=1
traci-bridge-1         | LANE_CMD_STATE veh=Merge_Car edge=34126779 lane=0 target=1 lane_count=1 recently=False speed=8.83
traci-bridge-1         | LANE_CMD_WAIT_EDGE veh=Merge_Car edge=34126779 lane=0 target=1 lane_count=1
traci-bridge-1         | LANE_CMD_STATE veh=Merge_Car edge=34126779 lane=0 target=1 lane_count=1 recently=False speed=8.50
traci-bridge-1         | LANE_CMD_WAIT_EDGE veh=Merge_Car edge=34126779 lane=0 target=1 lane_count=1
traci-bridge-1         | LANE_CMD_STATE veh=Merge_Car edge=34126779 lane=0 target=1 lane_count=1 recently=False speed=8.19
traci-bridge-1         | LANE_CMD_WAIT_EDGE veh=Merge_Car edge=34126779 lane=0 target=1 lane_count=1
traci-bridge-1         | LANE_CMD_STATE veh=Merge_Car edge=34126779 lane=0 target=1 lane_count=1 recently=False speed=7.89
traci-bridge-1         | LANE_CMD_WAIT_EDGE veh=Merge_Car edge=34126779 lane=0 target=1 lane_count=1
traci-bridge-1         | LANE_CMD_STATE veh=Merge_Car edge=34126779 lane=0 target=1 lane_count=1 recently=False speed=7.61
traci-bridge-1         | LANE_CMD_WAIT_EDGE veh=Merge_Car edge=34126779 lane=0 target=1 lane_count=1
traci-bridge-1         | LANE_CMD_STATE veh=Merge_Car edge=34126779 lane=0 target=1 lane_count=1 recently=False speed=7.34
traci-bridge-1         | LANE_CMD_WAIT_EDGE veh=Merge_Car edge=34126779 lane=0 target=1 lane_count=1
traci-bridge-1         | LANE_CMD_STATE veh=Merge_Car edge=34126779 lane=0 target=1 lane_count=1 recently=False speed=7.09
traci-bridge-1         | LANE_CMD_WAIT_EDGE veh=Merge_Car edge=34126779 lane=0 target=1 lane_count=1
traci-bridge-1         | LANE_CMD_STATE veh=Merge_Car edge=34126779 lane=0 target=1 lane_count=1 recently=False speed=6.85
traci-bridge-1         | LANE_CMD_WAIT_EDGE veh=Merge_Car edge=34126779 lane=0 target=1 lane_count=1
traci-bridge-1         | LANE_CMD_STATE veh=Merge_Car edge=34126779 lane=0 target=1 lane_count=1 recently=False speed=6.86
traci-bridge-1         | LANE_CMD_WAIT_EDGE veh=Merge_Car edge=34126779 lane=0 target=1 lane_count=1
traci-bridge-1         | LANE_CMD_STATE veh=Merge_Car edge=34126779 lane=0 target=1 lane_count=1 recently=False speed=6.87
traci-bridge-1         | LANE_CMD_WAIT_EDGE veh=Merge_Car edge=34126779 lane=0 target=1 lane_count=1
traci-bridge-1         | LANE_CMD_STATE veh=Merge_Car edge=34126779 lane=0 target=1 lane_count=1 recently=False speed=6.88
traci-bridge-1         | LANE_CMD_WAIT_EDGE veh=Merge_Car edge=34126779 lane=0 target=1 lane_count=1
traci-bridge-1         | LANE_CMD_STATE veh=Merge_Car edge=34126779 lane=0 target=1 lane_count=1 recently=False speed=6.89
traci-bridge-1         | LANE_CMD_WAIT_EDGE veh=Merge_Car edge=34126779 lane=0 target=1 lane_count=1
traci-bridge-1         | LANE_CMD_STATE veh=Merge_Car edge=34126779 lane=0 target=1 lane_count=1 recently=False speed=6.90
traci-bridge-1         | LANE_CMD_WAIT_EDGE veh=Merge_Car edge=34126779 lane=0 target=1 lane_count=1
traci-bridge-1         | LANE_CMD_STATE veh=Merge_Car edge=34126779 lane=0 target=1 lane_count=1 recently=False speed=6.91
traci-bridge-1         | LANE_CMD_WAIT_EDGE veh=Merge_Car edge=34126779 lane=0 target=1 lane_count=1
traci-bridge-1         | LANE_CMD_STATE veh=Ramp_Merge_2 edge=34126779 lane=0 target=1 lane_count=1 recently=False speed=6.93
obu-merge-car-1        | [9.7] Merge_Car MERGE_COMMIT_WAIT_LANE_AVAILABLE: edge=34126779 lane=0 target_lane=1 lane_count=1 executable=False speed=6.90 dtm=20.7
obu-merge-car-1        | [9.7] Merge_Car FINAL_GUARD: REJECTED sid=103 gap=7.0
obu-merge-car-1        | [9.7] Merge_Car MERGE_COMMIT_SAFETY_HOLD: lgok=False hgok=True fgok=False edge=34126779 lane=0 target_lane=1 speed=6.90 lane_cmd_state=WAIT_EDGE lane_cmd_executable=False lane_cmd_edge=34126779 lane_cmd_lane_count=1
obu-merge-car-1        | [9.7] Merge_Car CAR_FOLLOW: sid=103 edge=34126779 lane=0 leader_edge= leader_lane=None leader_role_hint=main self_merge_completed=False self_merge_completed_age=-1.0 self_merge_committed=True lane_cmd_state=WAIT_EDGE lane_cmd_edge=34126779 lane_cmd_target=1 lane_cmd_executable=False same_lane=False reason=merge_conflict_eta gap=0.2 follow_spd=4.84 emergency=False target_before=2.25 target_after=6.652445434048784
obu-ramp-merge-2-1     | [9.7] Ramp_Merge_2 MERGE_COMMIT_SAFETY_HOLD: lgok=False hgok=True fgok=True edge=34126779 lane=0 target_lane=1 speed=6.96 lane_cmd_state=None lane_cmd_executable=None lane_cmd_edge=None lane_cmd_lane_count=None
obu-ramp-merge-2-1     | [9.8] Ramp_Merge_2 MERGE_LANE_WAIT_EDGE_CONFIRMED: edge=34126779 lane=0 target_lane=1 lane_count=1 executable=False
obu-merge-car-1        | [9.9] Merge_Car MERGE_COMMIT_WAIT_LANE_AVAILABLE: edge=34126779 lane=0 target_lane=1 lane_count=1 executable=False speed=6.90 dtm=19.4
obu-merge-car-1        | [9.9] Merge_Car FINAL_GUARD: REJECTED sid=103 gap=7.0
obu-merge-car-1        | [9.9] Merge_Car MERGE_COMMIT_SAFETY_HOLD: lgok=False hgok=True fgok=False edge=34126779 lane=0 target_lane=1 speed=6.90 lane_cmd_state=WAIT_EDGE lane_cmd_executable=False lane_cmd_edge=34126779 lane_cmd_lane_count=1
obu-merge-car-1        | [9.9] Merge_Car CAR_FOLLOW: sid=103 edge=34126779 lane=0 leader_edge= leader_lane=None leader_role_hint=main self_merge_completed=False self_merge_completed_age=-1.0 self_merge_committed=True lane_cmd_state=WAIT_EDGE lane_cmd_edge=34126779 lane_cmd_target=1 lane_cmd_executable=False same_lane=False reason=merge_conflict_eta gap=0.0 follow_spd=4.52 emergency=False target_before=2.25 target_after=6.6479781497120625
obu-ramp-merge-2-1     | MERGE_ATTEMPT_TIMELINE: vehicle=Ramp_Merge_2 manoeuvre=36 host=105 lead=104 event=WAIT_EDGE t=9.9 edge=34126779 lane=0 lane_cmd_state=WAIT_EDGE speed=6.93 target=6.75 dtm=66.3 lead_gap=34.13 host_gap=27.61 lead_gap_t1=34.13 lead_gap_t2=34.13 lead_gap_t3=34.13 host_gap_t1=27.61 host_gap_t2=27.61 host_gap_t3=27.61
obu-ramp-merge-2-1     | [9.9] Ramp_Merge_2 MERGE_COMMIT_WAIT_LANE_AVAILABLE: edge=34126779 lane=0 target_lane=1 lane_count=1 executable=False speed=6.93 dtm=66.3
obu-ramp-merge-2-1     | [9.9] Ramp_Merge_2 MERGE_COMMIT_SAFETY_HOLD: lgok=False hgok=True fgok=True edge=34126779 lane=0 target_lane=1 speed=6.93 lane_cmd_state=WAIT_EDGE lane_cmd_executable=False lane_cmd_edge=34126779 lane_cmd_lane_count=1
obu-ramp-merge-3-1     | [10.1] Ramp_Merge_3 MCM_RX_ACCEPT: from=106 manoeuvre=65 target=109
obu-merge-car-1        | [10.1] Merge_Car MCM_RX_ACCEPT: from=104 manoeuvre=3 target=107
obu-ramp-merge-2-1     | [10.1] Ramp_Merge_2 MCM_RX_ACCEPT: from=105 manoeuvre=36 target=108
obu-main-back-right-1  | HOST_RESERVATION_HOLD: host=Main_Back_Right ramp=109 manoeuvre=65 remaining=2.9 own_speed=7.17 target_speed=6.51 ramp_fsm=NEGOTIATING ramp_lane_cmd_state=NONE ramp_edge=34126779 ramp_lane=0 ramp_merge_completed=False ramp_merge_committed=False
obu-main-back-right-1  | [10.1] Main_Back_Right HOST_HOLD_YIELD: for merge=109 spd=6.51
obu-ramp-merge-4-1     | [10.1] Ramp_Merge_4 role=merge state=CRUISE->CRUISE speed=6.79 target=6.75 neighbors=10
obu-ramp-merge-3-1     | [10.1] Ramp_Merge_3 MERGE_ACCEPTED_WAIT_SLOT_VALID: reason=lgok=False(gap=80.85),lclear=False
obu-ramp-merge-3-1     | [10.1] Ramp_Merge_3 MERGE_DECISION: auth=False phys=False fgok=True lgok=False hgok=True cok=True esok=True cready=False dtm=88.0 past=False committed=False hid=106 ra=2 lclear=False hyok=True
obu-main-back-right-1  | [10.1] Main_Back_Right MCM_TX_ACCEPT: manoeuvre=65 target=109
obu-main-back-left-1   | HOST_RESERVATION_EXTEND_UNTIL_CLEAR: host=Main_Back_Left ramp=108 manoeuvre=36 new_remaining=4.0 ramp_lcs=NONE ramp_edge=34126779
obu-main-back-left-1   | HOST_RESERVATION_HOLD: host=Main_Back_Left ramp=108 manoeuvre=36 remaining=4.0 own_speed=6.86 target_speed=6.52 ramp_fsm=MERGING ramp_lane_cmd_state=NONE ramp_edge=34126779 ramp_lane=0 ramp_merge_completed=False ramp_merge_committed=True
obu-main-back-left-1   | [10.1] Main_Back_Left HOST_HOLD_YIELD: for merge=108 spd=6.52
obu-main-back-left-1   | [10.1] Main_Back_Left MCM_TX_ACCEPT: manoeuvre=36 target=108
obu-ramp-back-1        | [10.1] Ramp_Back role=merge state=YIELDING->YIELDING speed=6.01 target=5.76 neighbors=10
obu-merge-car-1        | [10.1] Merge_Car MERGE_COMMIT_WAIT_LANE_AVAILABLE: edge=34126779 lane=0 target_lane=1 lane_count=1 executable=False speed=6.87 dtm=18.0
obu-merge-car-1        | [10.1] Merge_Car FINAL_GUARD: REJECTED sid=103 gap=5.5
obu-merge-car-1        | MERGE_ATTEMPT_TIMELINE: vehicle=Merge_Car manoeuvre=3 host=104 lead=101 event=ABORT_SAFETY_HOLD t=10.1 edge=34126779 lane=0 lane_cmd_state=WAIT_EDGE speed=6.87 target=6.75 dtm=18.0 lead_gap=57.96 host_gap=33.93 lead_gap_t1=57.96 lead_gap_t2=57.96 lead_gap_t3=57.96 host_gap_t1=33.17 host_gap_t2=32.42 host_gap_t3=31.66
obu-merge-car-1        | [10.1] Merge_Car MERGE_COMMIT_ABORT_SAFETY_HOLD: lgok=False hgok=True fgok=False edge=34126779 lane=0 target_lane=1 speed=6.87 lane_cmd_state=WAIT_EDGE lane_cmd_executable=False lane_cmd_edge=34126779 lane_cmd_lane_count=1
obu-merge-car-1        | [10.1] Merge_Car CAR_FOLLOW: sid=103 edge=34126779 lane=0 leader_edge= leader_lane=None leader_role_hint=main self_merge_completed=False self_merge_completed_age=-1.0 self_merge_committed=False lane_cmd_state=WAIT_EDGE lane_cmd_edge=34126779 lane_cmd_target=1 lane_cmd_executable=False same_lane=False reason=merge_conflict_eta gap=0.4 follow_spd=4.88 emergency=False target_before=6.75 target_after=6.624038709934893
obu-merge-car-1        | [10.1] Merge_Car role=merge state=MERGING->NEGOTIATING speed=6.87 target=6.62 neighbors=10
obu-lead-car-1         | [10.1] Lead_Car role=cruise state=CRUISE->CRUISE speed=7.56 target=7.50 neighbors=10
obu-host-car-1         | HOST_RESERVATION_EXTEND_UNTIL_CLEAR: host=Host_Car ramp=107 manoeuvre=3 new_remaining=3.8 ramp_lcs=WAIT_EDGE ramp_edge=34126779
obu-host-car-1         | HOST_RESERVATION_HOLD: host=Host_Car ramp=107 manoeuvre=3 remaining=3.8 own_speed=7.64 target_speed=7.64 ramp_fsm=MERGING ramp_lane_cmd_state=WAIT_EDGE ramp_edge=34126779 ramp_lane=0 ramp_merge_completed=False ramp_merge_committed=True
obu-host-car-1         | [10.1] Host_Car HOST_HOLD_YIELD: for merge=107 spd=7.64
obu-host-car-1         | [10.1] Host_Car MCM_TX_ACCEPT: manoeuvre=3 target=107
obu-host-car-1         | [10.1] Host_Car role=host state=YIELDING->YIELDING speed=7.64 target=7.64 neighbors=10
obu-ramp-merge-2-1     | [10.2] Ramp_Merge_2 MERGE_COMMIT_WAIT_LANE_AVAILABLE: edge=34126779 lane=0 target_lane=1 lane_count=1 executable=False speed=6.46 dtm=64.7
obu-ramp-merge-2-1     | [10.2] Ramp_Merge_2 role=merge state=MERGING->MERGING speed=6.46 target=6.64 neighbors=10
obu-merge-car-1        | MERGE_ATTEMPT_TIMELINE: vehicle=Merge_Car manoeuvre=4 host=104 lead=101 event=REQUEST_SENT t=10.3 edge=34126779 lane=0 lane_cmd_state=WAIT_EDGE speed=6.85 target=6.75 dtm=16.6 lead_gap=56.58 host_gap=35.30 lead_gap_t1=56.58 lead_gap_t2=56.58 lead_gap_t3=56.58 host_gap_t1=34.52 host_gap_t2=33.75 host_gap_t3=32.97
obu-merge-car-1        | [10.3] Merge_Car MCM_TX_REQUEST: manoeuvre=4 target=104
obu-merge-car-1        | [10.3] Merge_Car FINAL_GUARD: REJECTED slot-boundary sid=103 gap=5.2
obu-merge-car-1        | [10.3] Merge_Car MERGE_DECISION: auth=False phys=True fgok=False lgok=False hgok=True cok=True esok=True cready=True dtm=16.6 past=False committed=False hid=104 ra=None lclear=True hyok=True
obu-merge-car-1        | [10.3] Merge_Car CAR_FOLLOW: sid=103 edge=34126779 lane=0 leader_edge= leader_lane=None leader_role_hint=main self_merge_completed=False self_merge_completed_age=-1.0 self_merge_committed=False lane_cmd_state=WAIT_EDGE lane_cmd_edge=34126779 lane_cmd_target=1 lane_cmd_executable=False same_lane=False reason=merge_conflict_eta gap=0.2 follow_spd=4.51 emergency=False target_before=6.601997805313166 target_after=6.601997805313166
obu-host-car-1         | HOST_RESERVATION_HOLD: host=Host_Car ramp=107 manoeuvre=3 remaining=3.6 own_speed=7.64 target_speed=7.64 ramp_fsm=MERGING ramp_lane_cmd_state=WAIT_EDGE ramp_edge=34126779 ramp_lane=0 ramp_merge_completed=False ramp_merge_committed=True
obu-host-car-1         | [10.3] Host_Car HOST_HOLD_YIELD: for merge=107 spd=7.64
obu-ramp-merge-2-1     | [10.3] Ramp_Merge_2 MERGE_COMMIT_WAIT_LANE_AVAILABLE: edge=34126779 lane=0 target_lane=1 lane_count=1 executable=False speed=6.25 dtm=64.2
obu-ramp-merge-5-1     | [10.3] Ramp_Merge_5 role=merge state=YIELDING->YIELDING speed=6.68 target=6.43 neighbors=10
obu-main-mid-right-1   | [10.6] Main_Mid_Right role=lead state=CRUISE->CRUISE speed=7.71 target=7.71 neighbors=10
obu-ramp-merge-2-1     | [10.5] Ramp_Merge_2 MERGE_COMMIT_WAIT_LANE_AVAILABLE: edge=34126779 lane=0 target_lane=1 lane_count=1 executable=False speed=6.08 dtm=63.3
obu-ramp-merge-2-1     | [10.8] Ramp_Merge_2 MCM_RX_ACCEPT: from=105 manoeuvre=36 target=108
obu-main-back-right-1  | HOST_RESERVATION_HOLD: host=Main_Back_Right ramp=109 manoeuvre=65 remaining=2.3 own_speed=7.00 target_speed=6.51 ramp_fsm=NEGOTIATING ramp_lane_cmd_state=NONE ramp_edge=34126779 ramp_lane=0 ramp_merge_completed=False ramp_merge_committed=False
obu-main-back-right-1  | [10.7] Main_Back_Right HOST_HOLD_YIELD: for merge=109 spd=6.51
obu-main-back-right-1  | [10.7] Main_Back_Right MCM_TX_ACCEPT: manoeuvre=65 target=109
obu-main-back-right-1  | [10.7] Main_Back_Right role=host state=YIELDING->YIELDING speed=7.00 target=6.51 neighbors=9
obu-merge-car-1        | [10.8] Merge_Car MCM_RX_ACCEPT: from=104 manoeuvre=3 target=107
obu-main-back-left-1   | HOST_RESERVATION_EXTEND_UNTIL_CLEAR: host=Main_Back_Left ramp=108 manoeuvre=36 new_remaining=4.0 ramp_lcs=WAIT_EDGE ramp_edge=34126779
obu-main-back-left-1   | HOST_RESERVATION_HOLD: host=Main_Back_Left ramp=108 manoeuvre=36 remaining=4.0 own_speed=6.77 target_speed=6.52 ramp_fsm=MERGING ramp_lane_cmd_state=WAIT_EDGE ramp_edge=34126779 ramp_lane=0 ramp_merge_completed=False ramp_merge_committed=True
obu-main-back-left-1   | [10.7] Main_Back_Left HOST_HOLD_YIELD: for merge=108 spd=6.52
obu-host-car-1         | [10.9] Host_Car MCM_RX_REQUEST: from=107 manoeuvre=4 target=104
obu-main-back-left-1   | [10.7] Main_Back_Left MCM_TX_ACCEPT: manoeuvre=36 target=108
obu-main-back-left-1   | [10.7] Main_Back_Left role=host state=YIELDING->YIELDING speed=6.77 target=6.52 neighbors=9
obu-merge-car-1        | [10.8] Merge_Car MCM_TX_REQUEST: manoeuvre=4 target=104
obu-merge-car-1        | [10.8] Merge_Car MCM_ACCEPT_WRONG_MANOEUVRE: host=104 got=3 expected=4
obu-merge-car-1        | [10.8] Merge_Car FINAL_GUARD: REJECTED slot-boundary sid=103 gap=4.9
obu-merge-car-1        | [10.8] Merge_Car MERGE_DECISION: auth=False phys=True fgok=False lgok=False hgok=True cok=True esok=True cready=True dtm=13.3 past=False committed=False hid=104 ra=None lclear=False hyok=True
obu-merge-car-1        | [10.8] Merge_Car CAR_FOLLOW: sid=103 edge=34126779 lane=0 leader_edge= leader_lane=None leader_role_hint=main self_merge_completed=False self_merge_completed_age=-1.0 self_merge_committed=False lane_cmd_state=WAIT_EDGE lane_cmd_edge=34126779 lane_cmd_target=1 lane_cmd_executable=False same_lane=False reason=merge_conflict_eta gap=0.8 follow_spd=4.92 emergency=False target_before=6.547285528446672 target_after=6.547285528446672
obu-host-car-1         | HOST_RESERVATION_HOLD: host=Host_Car ramp=107 manoeuvre=3 remaining=3.0 own_speed=7.64 target_speed=7.64 ramp_fsm=NEGOTIATING ramp_lane_cmd_state=WAIT_EDGE ramp_edge=34126779 ramp_lane=0 ramp_merge_completed=False ramp_merge_committed=False
obu-host-car-1         | [10.9] Host_Car HOST_HOLD_YIELD: for merge=107 spd=7.64
obu-host-car-1         | [10.9] Host_Car MCM_TX_ACCEPT: manoeuvre=3 target=107
obu-ramp-merge-2-1     | [10.8] Ramp_Merge_2 MERGE_COMMIT_WAIT_LANE_AVAILABLE: edge=34126779 lane=0 target_lane=1 lane_count=1 executable=False speed=6.13 dtm=61.8
obu-ramp-merge-3-1     | [10.8] Ramp_Merge_3 MERGE_DECISION: auth=False phys=False fgok=True lgok=False hgok=True cok=True esok=True cready=False dtm=85.6 past=False committed=False hid=106 ra=2 lclear=False hyok=True
obu-ramp-merge-3-1     | [10.8] Ramp_Merge_3 role=merge state=NEGOTIATING->NEGOTIATING speed=6.53 target=6.38 neighbors=10
obu-ramp-merge-3-1     | [10.8] Ramp_Merge_3 MCM_RX_ACCEPT: from=106 manoeuvre=65 target=109
obu-main-back-right-1  | HOST_RESERVATION_HOLD: host=Main_Back_Right ramp=109 manoeuvre=65 remaining=2.1 own_speed=6.95 target_speed=6.51 ramp_fsm=NEGOTIATING ramp_lane_cmd_state=NONE ramp_edge=34126779 ramp_lane=0 ramp_merge_completed=False ramp_merge_committed=False
obu-main-back-right-1  | [10.9] Main_Back_Right HOST_HOLD_YIELD: for merge=109 spd=6.51
obu-main-back-left-1   | HOST_RESERVATION_EXTEND_UNTIL_CLEAR: host=Main_Back_Left ramp=108 manoeuvre=36 new_remaining=4.0 ramp_lcs=WAIT_EDGE ramp_edge=34126779
obu-main-back-left-1   | HOST_RESERVATION_HOLD: host=Main_Back_Left ramp=108 manoeuvre=36 remaining=4.0 own_speed=6.74 target_speed=6.52 ramp_fsm=MERGING ramp_lane_cmd_state=WAIT_EDGE ramp_edge=34126779 ramp_lane=0 ramp_merge_completed=False ramp_merge_committed=True
obu-main-back-left-1   | [11.0] Main_Back_Left HOST_HOLD_YIELD: for merge=108 spd=6.52
obu-main-back-left-1   | [11.0] Main_Back_Left MCM_TX_ACCEPT: manoeuvre=36 target=108
obu-ramp-merge-2-1     | [11.0] Ramp_Merge_2 MERGE_COMMIT_WAIT_LANE_AVAILABLE: edge=34126779 lane=0 target_lane=1 lane_count=1 executable=False speed=6.15 dtm=60.7
obu-ramp-merge-3-1     | [11.0] Ramp_Merge_3 MERGE_DECISION: auth=False phys=False fgok=True lgok=False hgok=True cok=True esok=True cready=False dtm=84.7 past=False committed=False hid=106 ra=2 lclear=False hyok=True
obu-main-back-right-1  | HOST_RESERVATION_HOLD: host=Main_Back_Right ramp=109 manoeuvre=65 remaining=1.9 own_speed=6.91 target_speed=6.51 ramp_fsm=NEGOTIATING ramp_lane_cmd_state=NONE ramp_edge=34126779 ramp_lane=0 ramp_merge_completed=False ramp_merge_committed=False
obu-main-back-right-1  | [11.1] Main_Back_Right HOST_HOLD_YIELD: for merge=109 spd=6.51
obu-main-back-right-1  | [11.1] Main_Back_Right MCM_TX_ACCEPT: manoeuvre=65 target=109
obu-ramp-merge-2-1     | [11.2] Ramp_Merge_2 MERGE_COMMIT_WAIT_LANE_AVAILABLE: edge=34126779 lane=0 target_lane=1 lane_count=1 executable=False speed=6.16 dtm=59.6
obu-ramp-merge-2-1     | [11.2] Ramp_Merge_2 role=merge state=MERGING->MERGING speed=6.16 target=6.34 neighbors=10
obu-ramp-merge-4-1     | [11.2] Ramp_Merge_4 role=merge state=CRUISE->CRUISE speed=6.78 target=6.75 neighbors=10
obu-ramp-merge-3-1     | [11.3] Ramp_Merge_3 MERGE_ACCEPTED_WAIT_SLOT_VALID: reason=lgok=False(gap=69.24),lclear=False
obu-ramp-merge-3-1     | [11.3] Ramp_Merge_3 MERGE_DECISION: auth=False phys=False fgok=True lgok=False hgok=True cok=True esok=True cready=False dtm=83.4 past=False committed=False hid=106 ra=2 lclear=False hyok=True
obu-ramp-merge-5-1     | [11.4] Ramp_Merge_5 role=merge state=YIELDING->YIELDING speed=6.57 target=6.32 neighbors=10
obu-ramp-merge-2-1     | [11.4] Ramp_Merge_2 MERGE_COMMIT_WAIT_LANE_AVAILABLE: edge=34126779 lane=0 target_lane=1 lane_count=1 executable=False speed=6.18 dtm=58.5
obu-main-back-right-1  | HOST_RESERVATION_HOLD: host=Main_Back_Right ramp=109 manoeuvre=65 remaining=1.5 own_speed=6.83 target_speed=6.51 ramp_fsm=NEGOTIATING ramp_lane_cmd_state=NONE ramp_edge=34126779 ramp_lane=0 ramp_merge_completed=False ramp_merge_committed=False
obu-main-back-right-1  | [11.5] Main_Back_Right HOST_HOLD_YIELD: for merge=109 spd=6.51
obu-main-back-right-1  | [11.5] Main_Back_Right MCM_TX_ACCEPT: manoeuvre=65 target=109
obu-host-car-1         | [11.6] Host_Car MCM_RX_REQUEST: from=107 manoeuvre=4 target=104
obu-ramp-merge-3-1     | [11.5] Ramp_Merge_3 MCM_RX_ACCEPT: from=106 manoeuvre=65 target=109
obu-ramp-merge-3-1     | [11.5] Ramp_Merge_3 MCM_RX_ACCEPT: from=106 manoeuvre=65 target=109
obu-lead-car-1         | [11.5] Lead_Car role=cruise state=CRUISE->CRUISE speed=7.53 target=7.50 neighbors=10
obu-merge-car-1        | [11.6] Merge_Car MCM_TX_REQUEST: manoeuvre=4 target=104
obu-merge-car-1        | [11.6] Merge_Car MCM_ACCEPT_WRONG_MANOEUVRE: host=104 got=3 expected=4
obu-merge-car-1        | [11.6] Merge_Car FINAL_GUARD: REJECTED slot-boundary sid=103 gap=3.6
obu-merge-car-1        | [11.6] Merge_Car MERGE_DECISION: auth=False phys=True fgok=False lgok=False hgok=True cok=True esok=True cready=True dtm=8.5 past=False committed=False hid=104 ra=None lclear=False hyok=True
obu-merge-car-1        | [11.6] Merge_Car CAR_FOLLOW: sid=103 edge=34126779 lane=0 leader_edge= leader_lane=None leader_role_hint=main self_merge_completed=False self_merge_completed_age=-1.0 self_merge_committed=False lane_cmd_state=WAIT_EDGE lane_cmd_edge=34126779 lane_cmd_target=1 lane_cmd_executable=False same_lane=False reason=merge_conflict_eta gap=0.4 follow_spd=4.12 emergency=False target_before=6.26706194499555 target_after=6.46706194499555
obu-merge-car-1        | [11.6] Merge_Car role=merge state=NEGOTIATING->YIELDING speed=6.72 target=6.47 neighbors=10
obu-host-car-1         | HOST_RESERVATION_HOLD: host=Host_Car ramp=107 manoeuvre=3 remaining=2.3 own_speed=7.64 target_speed=7.64 ramp_fsm=NEGOTIATING ramp_lane_cmd_state=WAIT_EDGE ramp_edge=34126779 ramp_lane=0 ramp_merge_completed=False ramp_merge_committed=False
obu-host-car-1         | [11.6] Host_Car HOST_HOLD_YIELD: for merge=107 spd=7.64
obu-host-car-1         | [11.6] Host_Car MCM_TX_ACCEPT: manoeuvre=3 target=107
obu-host-car-1         | [11.6] Host_Car role=host state=YIELDING->YIELDING speed=7.64 target=7.64 neighbors=10
obu-merge-car-1        | [11.6] Merge_Car MCM_RX_ACCEPT: from=104 manoeuvre=3 target=107
obu-main-mid-right-1   | [11.6] Main_Mid_Right role=lead state=CRUISE->CRUISE speed=7.71 target=7.71 neighbors=10
obu-ramp-merge-2-1     | [11.6] Ramp_Merge_2 MERGE_COMMIT_WAIT_LANE_AVAILABLE: edge=34126779 lane=0 target_lane=1 lane_count=1 executable=False speed=6.19 dtm=57.4
obu-ramp-merge-2-1     | [11.6] Ramp_Merge_2 MCM_RX_ACCEPT: from=105 manoeuvre=36 target=108
obu-ramp-merge-2-1     | [11.6] Ramp_Merge_2 MCM_RX_ACCEPT: from=105 manoeuvre=36 target=108
obu-ramp-merge-3-1     | [11.6] Ramp_Merge_3 MERGE_DECISION: auth=False phys=False fgok=True lgok=False hgok=True cok=True esok=True cready=False dtm=82.1 past=False committed=False hid=106 ra=2 lclear=True hyok=True
obu-ramp-merge-3-1     | [11.6] Ramp_Merge_3 MCM_RX_ACCEPT: from=106 manoeuvre=65 target=109
obu-ramp-back-1        | [11.5] Ramp_Back role=merge state=YIELDING->YIELDING speed=5.87 target=5.62 neighbors=10
obu-main-back-left-1   | HOST_RESERVATION_EXTEND_UNTIL_CLEAR: host=Main_Back_Left ramp=108 manoeuvre=36 new_remaining=4.0 ramp_lcs=WAIT_EDGE ramp_edge=34126779
obu-main-back-left-1   | HOST_RESERVATION_HOLD: host=Main_Back_Left ramp=108 manoeuvre=36 remaining=4.0 own_speed=6.68 target_speed=6.52 ramp_fsm=MERGING ramp_lane_cmd_state=WAIT_EDGE ramp_edge=34126779 ramp_lane=0 ramp_merge_completed=False ramp_merge_committed=True
obu-main-back-left-1   | [11.6] Main_Back_Left HOST_HOLD_YIELD: for merge=108 spd=6.52
obu-main-back-left-1   | [11.6] Main_Back_Left MCM_TX_ACCEPT: manoeuvre=36 target=108
traci-bridge-1         | LANE_CMD_WAIT_EDGE veh=Ramp_Merge_2 edge=34126779 lane=0 target=1 lane_count=1
traci-bridge-1         | LANE_CMD_STATE veh=Merge_Car edge=34126779 lane=0 target=1 lane_count=1 recently=False speed=6.90
traci-bridge-1         | LANE_CMD_WAIT_EDGE veh=Merge_Car edge=34126779 lane=0 target=1 lane_count=1
traci-bridge-1         | LANE_CMD_STATE veh=Ramp_Merge_2 edge=34126779 lane=0 target=1 lane_count=1 recently=False speed=6.93
traci-bridge-1         | LANE_CMD_WAIT_EDGE veh=Ramp_Merge_2 edge=34126779 lane=0 target=1 lane_count=1
traci-bridge-1         | LANE_CMD_STATE veh=Merge_Car edge=34126779 lane=0 target=1 lane_count=1 recently=False speed=6.89
traci-bridge-1         | LANE_CMD_WAIT_EDGE veh=Merge_Car edge=34126779 lane=0 target=1 lane_count=1
traci-bridge-1         | LANE_CMD_STATE veh=Ramp_Merge_2 edge=34126779 lane=0 target=1 lane_count=1 recently=False speed=6.92
traci-bridge-1         | LANE_CMD_WAIT_EDGE veh=Ramp_Merge_2 edge=34126779 lane=0 target=1 lane_count=1
traci-bridge-1         | LANE_CMD_STATE veh=Merge_Car edge=34126779 lane=0 target=1 lane_count=1 recently=False speed=6.87
traci-bridge-1         | LANE_CMD_WAIT_EDGE veh=Merge_Car edge=34126779 lane=0 target=1 lane_count=1
traci-bridge-1         | LANE_CMD_STATE veh=Ramp_Merge_2 edge=34126779 lane=0 target=1 lane_count=1 recently=False speed=6.69
traci-bridge-1         | LANE_CMD_WAIT_EDGE veh=Ramp_Merge_2 edge=34126779 lane=0 target=1 lane_count=1
traci-bridge-1         | LANE_CMD_STATE veh=Merge_Car edge=34126779 lane=0 target=1 lane_count=1 recently=False speed=6.86
traci-bridge-1         | LANE_CMD_WAIT_EDGE veh=Merge_Car edge=34126779 lane=0 target=1 lane_count=1
traci-bridge-1         | LANE_CMD_STATE veh=Ramp_Merge_2 edge=34126779 lane=0 target=1 lane_count=1 recently=False speed=6.46
traci-bridge-1         | LANE_CMD_WAIT_EDGE veh=Ramp_Merge_2 edge=34126779 lane=0 target=1 lane_count=1
traci-bridge-1         | LANE_CMD_STATE veh=Merge_Car edge=34126779 lane=0 target=1 lane_count=1 recently=False speed=6.85
traci-bridge-1         | LANE_CMD_WAIT_EDGE veh=Merge_Car edge=34126779 lane=0 target=1 lane_count=1
traci-bridge-1         | LANE_CMD_STATE veh=Ramp_Merge_2 edge=34126779 lane=0 target=1 lane_count=1 recently=False speed=6.25
traci-bridge-1         | LANE_CMD_WAIT_EDGE veh=Ramp_Merge_2 edge=34126779 lane=0 target=1 lane_count=1
traci-bridge-1         | LANE_CMD_STATE veh=Merge_Car edge=34126779 lane=0 target=1 lane_count=1 recently=False speed=6.84
traci-bridge-1         | LANE_CMD_WAIT_EDGE veh=Merge_Car edge=34126779 lane=0 target=1 lane_count=1
traci-bridge-1         | LANE_CMD_STATE veh=Ramp_Merge_2 edge=34126779 lane=0 target=1 lane_count=1 recently=False speed=6.05
traci-bridge-1         | LANE_CMD_WAIT_EDGE veh=Ramp_Merge_2 edge=34126779 lane=0 target=1 lane_count=1
traci-bridge-1         | LANE_CMD_STATE veh=Merge_Car edge=34126779 lane=0 target=1 lane_count=1 recently=False speed=6.83
traci-bridge-1         | LANE_CMD_WAIT_EDGE veh=Merge_Car edge=34126779 lane=0 target=1 lane_count=1
traci-bridge-1         | LANE_CMD_STATE veh=Ramp_Merge_2 edge=34126779 lane=0 target=1 lane_count=1 recently=False speed=6.08
traci-bridge-1         | LANE_CMD_WAIT_EDGE veh=Ramp_Merge_2 edge=34126779 lane=0 target=1 lane_count=1
traci-bridge-1         | LANE_CMD_STATE veh=Merge_Car edge=34126779 lane=0 target=1 lane_count=1 recently=False speed=6.82
traci-bridge-1         | LANE_CMD_WAIT_EDGE veh=Merge_Car edge=34126779 lane=0 target=1 lane_count=1
traci-bridge-1         | LANE_CMD_STATE veh=Ramp_Merge_2 edge=34126779 lane=0 target=1 lane_count=1 recently=False speed=6.11
traci-bridge-1         | LANE_CMD_WAIT_EDGE veh=Ramp_Merge_2 edge=34126779 lane=0 target=1 lane_count=1
traci-bridge-1         | LANE_CMD_STATE veh=Merge_Car edge=34126779 lane=0 target=1 lane_count=1 recently=False speed=6.81
traci-bridge-1         | LANE_CMD_WAIT_EDGE veh=Merge_Car edge=34126779 lane=0 target=1 lane_count=1
traci-bridge-1         | LANE_CMD_STATE veh=Ramp_Merge_2 edge=34126779 lane=0 target=1 lane_count=1 recently=False speed=6.13
traci-bridge-1         | LANE_CMD_WAIT_EDGE veh=Ramp_Merge_2 edge=34126779 lane=0 target=1 lane_count=1
traci-bridge-1         | LANE_CMD_STATE veh=Merge_Car edge=34126779 lane=0 target=1 lane_count=1 recently=False speed=6.80
traci-bridge-1         | LANE_CMD_WAIT_EDGE veh=Merge_Car edge=34126779 lane=0 target=1 lane_count=1
traci-bridge-1         | LANE_CMD_STATE veh=Ramp_Merge_2 edge=34126779 lane=0 target=1 lane_count=1 recently=False speed=6.13
traci-bridge-1         | LANE_CMD_WAIT_EDGE veh=Ramp_Merge_2 edge=34126779 lane=0 target=1 lane_count=1
traci-bridge-1         | LANE_CMD_STATE veh=Merge_Car edge=34126779 lane=0 target=1 lane_count=1 recently=False speed=6.79
traci-bridge-1         | LANE_CMD_WAIT_EDGE veh=Merge_Car edge=34126779 lane=0 target=1 lane_count=1
traci-bridge-1         | LANE_CMD_STATE veh=Ramp_Merge_2 edge=34126779 lane=0 target=1 lane_count=1 recently=False speed=6.14
traci-bridge-1         | LANE_CMD_WAIT_EDGE veh=Ramp_Merge_2 edge=34126779 lane=0 target=1 lane_count=1
traci-bridge-1         | LANE_CMD_STATE veh=Merge_Car edge=34126779 lane=0 target=1 lane_count=1 recently=False speed=6.78
traci-bridge-1         | LANE_CMD_WAIT_EDGE veh=Merge_Car edge=34126779 lane=0 target=1 lane_count=1
traci-bridge-1         | LANE_CMD_STATE veh=Ramp_Merge_2 edge=34126779 lane=0 target=1 lane_count=1 recently=False speed=6.15
traci-bridge-1         | LANE_CMD_WAIT_EDGE veh=Ramp_Merge_2 edge=34126779 lane=0 target=1 lane_count=1
traci-bridge-1         | LANE_CMD_STATE veh=Merge_Car edge=34126779 lane=0 target=1 lane_count=1 recently=False speed=6.77
traci-bridge-1         | LANE_CMD_WAIT_EDGE veh=Merge_Car edge=34126779 lane=0 target=1 lane_count=1
traci-bridge-1         | LANE_CMD_STATE veh=Ramp_Merge_2 edge=34126779 lane=0 target=1 lane_count=1 recently=False speed=6.15
traci-bridge-1         | LANE_CMD_WAIT_EDGE veh=Ramp_Merge_2 edge=34126779 lane=0 target=1 lane_count=1
traci-bridge-1         | LANE_CMD_STATE veh=Merge_Car edge=34126779 lane=0 target=1 lane_count=1 recently=False speed=6.76
traci-bridge-1         | LANE_CMD_WAIT_EDGE veh=Merge_Car edge=34126779 lane=0 target=1 lane_count=1
traci-bridge-1         | LANE_CMD_STATE veh=Ramp_Merge_2 edge=34126779 lane=0 target=1 lane_count=1 recently=False speed=6.16
traci-bridge-1         | LANE_CMD_WAIT_EDGE veh=Ramp_Merge_2 edge=34126779 lane=0 target=1 lane_count=1
traci-bridge-1         | LANE_CMD_STATE veh=Merge_Car edge=34126779 lane=0 target=1 lane_count=1 recently=False speed=6.75
traci-bridge-1         | LANE_CMD_WAIT_EDGE veh=Merge_Car edge=34126779 lane=0 target=1 lane_count=1
traci-bridge-1         | LANE_CMD_STATE veh=Ramp_Merge_2 edge=34126779 lane=0 target=1 lane_count=1 recently=False speed=6.17
traci-bridge-1         | LANE_CMD_WAIT_EDGE veh=Ramp_Merge_2 edge=34126779 lane=0 target=1 lane_count=1
traci-bridge-1         | LANE_CMD_STATE veh=Merge_Car edge=34126779 lane=0 target=1 lane_count=1 recently=False speed=6.74
traci-bridge-1         | LANE_CMD_WAIT_EDGE veh=Merge_Car edge=34126779 lane=0 target=1 lane_count=1
traci-bridge-1         | LANE_CMD_STATE veh=Ramp_Merge_2 edge=34126779 lane=0 target=1 lane_count=1 recently=False speed=6.18
traci-bridge-1         | LANE_CMD_WAIT_EDGE veh=Ramp_Merge_2 edge=34126779 lane=0 target=1 lane_count=1
traci-bridge-1         | LANE_CMD_STATE veh=Merge_Car edge=34126779 lane=0 target=1 lane_count=1 recently=False speed=6.73
traci-bridge-1         | LANE_CMD_WAIT_EDGE veh=Merge_Car edge=34126779 lane=0 target=1 lane_count=1
traci-bridge-1         | LANE_CMD_STATE veh=Ramp_Merge_2 edge=34126779 lane=0 target=1 lane_count=1 recently=False speed=6.18
traci-bridge-1         | LANE_CMD_WAIT_EDGE veh=Ramp_Merge_2 edge=34126779 lane=0 target=1 lane_count=1
traci-bridge-1         | LANE_CMD_STATE veh=Merge_Car edge=34126779 lane=0 target=1 lane_count=1 recently=False speed=6.72
traci-bridge-1         | LANE_CMD_WAIT_EDGE veh=Merge_Car edge=34126779 lane=0 target=1 lane_count=1
traci-bridge-1         | LANE_CMD_STATE veh=Ramp_Merge_2 edge=34126779 lane=0 target=1 lane_count=1 recently=False speed=6.19
traci-bridge-1         | LANE_CMD_WAIT_EDGE veh=Ramp_Merge_2 edge=34126779 lane=0 target=1 lane_count=1
traci-bridge-1         | LANE_CMD_STATE veh=Merge_Car edge=34126779 lane=0 target=1 lane_count=1 recently=False speed=6.71
traci-bridge-1         | LANE_CMD_WAIT_EDGE veh=Merge_Car edge=34126779 lane=0 target=1 lane_count=1
traci-bridge-1         | LANE_CMD_STATE veh=Ramp_Merge_2 edge=34126779 lane=0 target=1 lane_count=1 recently=False speed=6.20
traci-bridge-1         | LANE_CMD_WAIT_EDGE veh=Ramp_Merge_2 edge=34126779 lane=0 target=1 lane_count=1
traci-bridge-1         | LANE_CMD_STATE veh=Merge_Car edge=34126779 lane=0 target=1 lane_count=1 recently=False speed=6.70
traci-bridge-1         | LANE_CMD_WAIT_EDGE veh=Merge_Car edge=34126779 lane=0 target=1 lane_count=1
traci-bridge-1         | LANE_CMD_STATE veh=Ramp_Merge_2 edge=34126779 lane=0 target=1 lane_count=1 recently=False speed=6.21
traci-bridge-1         | LANE_CMD_WAIT_EDGE veh=Ramp_Merge_2 edge=34126779 lane=0 target=1 lane_count=1
traci-bridge-1         | LANE_CMD_STATE veh=Merge_Car edge=34126779 lane=0 target=1 lane_count=1 recently=False speed=6.69
traci-bridge-1         | LANE_CMD_WAIT_EDGE veh=Merge_Car edge=34126779 lane=0 target=1 lane_count=1
traci-bridge-1         | LANE_CMD_STATE veh=Ramp_Merge_2 edge=34126779 lane=0 target=1 lane_count=1 recently=False speed=6.21
traci-bridge-1         | LANE_CMD_WAIT_EDGE veh=Ramp_Merge_2 edge=34126779 lane=0 target=1 lane_count=1
traci-bridge-1         | LANE_CMD_STATE veh=Merge_Car edge=34126779 lane=0 target=1 lane_count=1 recently=False speed=6.68
traci-bridge-1         | LANE_CMD_WAIT_EDGE veh=Merge_Car edge=34126779 lane=0 target=1 lane_count=1
traci-bridge-1         | LANE_CMD_STATE veh=Ramp_Merge_2 edge=34126779 lane=0 target=1 lane_count=1 recently=False speed=6.22
traci-bridge-1         | LANE_CMD_WAIT_EDGE veh=Ramp_Merge_2 edge=34126779 lane=0 target=1 lane_count=1
traci-bridge-1         | LANE_CMD_STATE veh=Merge_Car edge=34126779 lane=0 target=1 lane_count=1 recently=False speed=6.67
traci-bridge-1         | LANE_CMD_WAIT_EDGE veh=Merge_Car edge=34126779 lane=0 target=1 lane_count=1
traci-bridge-1         | LANE_CMD_STATE veh=Ramp_Merge_2 edge=34126779 lane=0 target=1 lane_count=1 recently=False speed=6.23
obu-host-car-1         | [11.8] Host_Car MCM_RX_REQUEST: from=107 manoeuvre=4 target=104
obu-merge-car-1        | [11.7] Merge_Car MCM_RX_ACCEPT: from=104 manoeuvre=3 target=107
obu-main-back-right-1  | HOST_RESERVATION_HOLD: host=Main_Back_Right ramp=109 manoeuvre=65 remaining=0.7 own_speed=6.72 target_speed=6.51 ramp_fsm=NEGOTIATING ramp_lane_cmd_state=NONE ramp_edge=34126779 ramp_lane=0 ramp_merge_completed=False ramp_merge_committed=False
obu-main-back-right-1  | [12.3] Main_Back_Right HOST_HOLD_YIELD: for merge=109 spd=6.51
obu-main-back-right-1  | [12.3] Main_Back_Right MCM_TX_ACCEPT: manoeuvre=65 target=109
obu-main-back-right-1  | [12.3] Main_Back_Right role=host state=YIELDING->YIELDING speed=6.72 target=6.51 neighbors=10
obu-ramp-merge-2-1     | [11.7] Ramp_Merge_2 MCM_RX_ACCEPT: from=105 manoeuvre=36 target=108
obu-merge-car-1        | [12.3] Merge_Car MCM_TX_REQUEST: manoeuvre=4 target=104
obu-merge-car-1        | [12.3] Merge_Car MCM_ACCEPT_WRONG_MANOEUVRE: host=104 got=3 expected=4
obu-merge-car-1        | [12.3] Merge_Car FINAL_GUARD: REJECTED slot-boundary sid=103 gap=3.4
obu-merge-car-1        | [12.3] Merge_Car MERGE_DECISION: auth=False phys=True fgok=False lgok=False hgok=True cok=True esok=True cready=True dtm=5.3 past=False committed=False hid=104 ra=None lclear=False hyok=True
obu-merge-car-1        | [12.3] Merge_Car CAR_FOLLOW: sid=103 edge=34126779 lane=0 leader_edge= leader_lane=None leader_role_hint=main self_merge_completed=False self_merge_completed_age=-1.0 self_merge_committed=False lane_cmd_state=WAIT_EDGE lane_cmd_edge=34126779 lane_cmd_target=1 lane_cmd_executable=False same_lane=False reason=merge_conflict_eta gap=0.5 follow_spd=4.12 emergency=False target_before=6.197698628281198 target_after=6.397698628281198
obu-merge-car-1        | [12.4] Merge_Car MERGE_LANE_WAIT_EDGE_CONFIRMED: edge=:390064918_0 lane=0 target_lane=1 lane_count=1 executable=False
obu-host-car-1         | HOST_RESERVATION_HOLD: host=Host_Car ramp=107 manoeuvre=3 remaining=1.6 own_speed=7.64 target_speed=7.64 ramp_fsm=YIELDING ramp_lane_cmd_state=WAIT_EDGE ramp_edge=34126779 ramp_lane=0 ramp_merge_completed=False ramp_merge_committed=False
obu-host-car-1         | [12.3] Host_Car HOST_HOLD_YIELD: for merge=107 spd=7.64
obu-host-car-1         | [12.3] Host_Car MCM_TX_ACCEPT: manoeuvre=3 target=107
obu-ramp-merge-3-1     | [12.5] Ramp_Merge_3 MCM_RX_ACCEPT: from=106 manoeuvre=65 target=109
obu-host-car-1         | [12.5] Host_Car MCM_RX_REQUEST: from=107 manoeuvre=4 target=104
obu-ramp-merge-2-1     | [12.5] Ramp_Merge_2 MERGE_COMMIT_WAIT_LANE_AVAILABLE: edge=34126779 lane=0 target_lane=1 lane_count=1 executable=False speed=6.26 dtm=52.3
obu-ramp-merge-2-1     | [12.5] Ramp_Merge_2 role=merge state=MERGING->MERGING speed=6.26 target=6.44 neighbors=10
obu-ramp-merge-3-1     | [12.5] Ramp_Merge_3 MERGE_SLOT_ABANDON_BLOCKED: lgok=False hgok=True
obu-ramp-merge-3-1     | [12.5] Ramp_Merge_3 role=merge state=NEGOTIATING->NEGOTIATING speed=6.44 target=6.38 neighbors=10
obu-main-back-left-1   | HOST_RESERVATION_EXTEND_UNTIL_CLEAR: host=Main_Back_Left ramp=108 manoeuvre=36 new_remaining=4.0 ramp_lcs=WAIT_EDGE ramp_edge=34126779
obu-main-back-left-1   | HOST_RESERVATION_HOLD: host=Main_Back_Left ramp=108 manoeuvre=36 remaining=4.0 own_speed=6.62 target_speed=6.52 ramp_fsm=MERGING ramp_lane_cmd_state=WAIT_EDGE ramp_edge=34126779 ramp_lane=0 ramp_merge_completed=False ramp_merge_committed=True
obu-main-back-left-1   | [12.5] Main_Back_Left HOST_HOLD_YIELD: for merge=108 spd=6.52
obu-main-back-right-1  | HOST_RESERVATION_HOLD: host=Main_Back_Right ramp=109 manoeuvre=65 remaining=0.5 own_speed=6.70 target_speed=6.51 ramp_fsm=NEGOTIATING ramp_lane_cmd_state=NONE ramp_edge=34126779 ramp_lane=0 ramp_merge_completed=False ramp_merge_committed=False
obu-main-back-right-1  | [12.5] Main_Back_Right HOST_HOLD_YIELD: for merge=109 spd=6.51
obu-main-back-left-1   | [12.5] Main_Back_Left MCM_TX_ACCEPT: manoeuvre=36 target=108
obu-main-back-left-1   | [12.5] Main_Back_Left role=host state=YIELDING->YIELDING speed=6.62 target=6.52 neighbors=10
obu-lead-car-1         | [12.5] Lead_Car role=cruise state=CRUISE->CRUISE speed=7.52 target=7.50 neighbors=10
obu-merge-car-1        | [12.5] Merge_Car MCM_ACCEPT_WRONG_MANOEUVRE: host=104 got=3 expected=4
obu-merge-car-1        | [12.5] Merge_Car FINAL_GUARD: REJECTED slot-boundary sid=103 gap=3.3
obu-merge-car-1        | [12.5] Merge_Car MERGE_DECISION: auth=False phys=True fgok=False lgok=False hgok=True cok=True esok=True cready=True dtm=4.9 past=False committed=False hid=104 ra=None lclear=False hyok=True
obu-merge-car-1        | [12.5] Merge_Car CAR_FOLLOW: sid=103 edge=:390064918_0 lane=0 leader_edge= leader_lane=None leader_role_hint=main self_merge_completed=False self_merge_completed_age=-1.0 self_merge_committed=False lane_cmd_state=WAIT_EDGE lane_cmd_edge=:390064918_0 lane_cmd_target=1 lane_cmd_executable=False same_lane=False reason=merge_conflict_eta gap=0.5 follow_spd=4.12 emergency=False target_before=6.180086551660847 target_after=6.380086551660847
obu-merge-car-1        | [12.5] Merge_Car MCM_RX_ACCEPT: from=104 manoeuvre=3 target=107
obu-host-car-1         | HOST_RESERVATION_HOLD: host=Host_Car ramp=107 manoeuvre=3 remaining=1.4 own_speed=7.64 target_speed=7.64 ramp_fsm=YIELDING ramp_lane_cmd_state=WAIT_EDGE ramp_edge=34126779 ramp_lane=0 ramp_merge_completed=False ramp_merge_committed=False
obu-host-car-1         | [12.5] Host_Car HOST_HOLD_YIELD: for merge=107 spd=7.64
obu-main-back-right-1  | HOST_RESERVATION_HOLD: host=Main_Back_Right ramp=109 manoeuvre=65 remaining=0.3 own_speed=6.68 target_speed=6.51 ramp_fsm=NEGOTIATING ramp_lane_cmd_state=NONE ramp_edge=34126779 ramp_lane=0 ramp_merge_completed=False ramp_merge_committed=False
obu-main-back-right-1  | [12.7] Main_Back_Right HOST_HOLD_YIELD: for merge=109 spd=6.51
obu-main-back-right-1  | [12.7] Main_Back_Right MCM_TX_ACCEPT: manoeuvre=65 target=109
obu-merge-car-1        | [12.7] Merge_Car MCM_TX_REQUEST: manoeuvre=4 target=104
obu-merge-car-1        | [12.7] Merge_Car MCM_ACCEPT_WRONG_MANOEUVRE: host=104 got=3 expected=4
obu-merge-car-1        | [12.7] Merge_Car FINAL_GUARD: REJECTED slot-boundary sid=103 gap=3.8
obu-merge-car-1        | [12.7] Merge_Car MERGE_DECISION: auth=False phys=True fgok=False lgok=False hgok=True cok=True esok=True cready=True dtm=4.9 past=False committed=False hid=104 ra=None lclear=False hyok=True
obu-merge-car-1        | [12.7] Merge_Car CAR_FOLLOW: sid=103 edge=:390064918_0 lane=0 leader_edge= leader_lane=None leader_role_hint=main self_merge_completed=False self_merge_completed_age=-1.0 self_merge_committed=False lane_cmd_state=WAIT_EDGE lane_cmd_edge=:390064918_0 lane_cmd_target=1 lane_cmd_executable=False same_lane=False reason=merge_conflict_eta gap=0.5 follow_spd=4.12 emergency=False target_before=6.160723486675263 target_after=6.360723486675263
obu-merge-car-1        | [12.7] Merge_Car role=merge state=YIELDING->YIELDING speed=6.61 target=6.36 neighbors=10
obu-merge-car-1        | [12.9] Merge_Car MERGE_LANE_APPLY_CONFIRMED: edge=1331698336 lane=0 target_lane=1 lane_count=3 executable=True
obu-ramp-merge-5-1     | [12.6] Ramp_Merge_5 role=merge state=YIELDING->YIELDING speed=6.45 target=6.20 neighbors=10
obu-host-car-1         | HOST_RESERVATION_HOLD: host=Host_Car ramp=107 manoeuvre=3 remaining=1.1 own_speed=7.64 target_speed=7.64 ramp_fsm=YIELDING ramp_lane_cmd_state=WAIT_EDGE ramp_edge=34126779 ramp_lane=0 ramp_merge_completed=False ramp_merge_committed=False
obu-host-car-1         | [12.8] Host_Car HOST_HOLD_YIELD: for merge=107 spd=7.64
obu-host-car-1         | [12.8] Host_Car MCM_TX_ACCEPT: manoeuvre=3 target=107
obu-host-car-1         | [12.8] Host_Car role=host state=YIELDING->YIELDING speed=7.64 target=7.64 neighbors=9
obu-ramp-merge-4-1     | MERGE_ATTEMPT_TIMELINE: vehicle=Ramp_Merge_4 manoeuvre=96 host=106 lead=104 event=REQUEST_SENT t=12.8 edge=34126779 lane=0 lane_cmd_state=NONE speed=6.75 target=6.75 dtm=92.5 lead_gap=60.57 host_gap=96.23 lead_gap_t1=60.57 lead_gap_t2=60.57 lead_gap_t3=60.57 host_gap_t1=96.21 host_gap_t2=96.18 host_gap_t3=96.15
obu-ramp-merge-4-1     | [12.8] Ramp_Merge_4 MCM_TX_REQUEST: manoeuvre=96 target=106
obu-ramp-merge-4-1     | [12.8] Ramp_Merge_4 MERGE_DECISION: auth=False phys=False fgok=True lgok=True hgok=True cok=True esok=True cready=False dtm=92.5 past=False committed=False hid=106 ra=None lclear=True hyok=False
obu-ramp-merge-4-1     | [12.8] Ramp_Merge_4 role=merge state=CRUISE->NEGOTIATING speed=6.75 target=6.75 neighbors=6
obu-ramp-back-1        | [12.9] Ramp_Back role=merge state=YIELDING->YIELDING speed=5.73 target=5.48 neighbors=6
obu-main-back-right-1  | HOST_RESERVATION_HOLD: host=Main_Back_Right ramp=109 manoeuvre=65 remaining=0.2 own_speed=6.68 target_speed=6.51 ramp_fsm=NEGOTIATING ramp_lane_cmd_state=NONE ramp_edge=34126779 ramp_lane=0 ramp_merge_completed=False ramp_merge_committed=False
obu-main-back-right-1  | [12.8] Main_Back_Right HOST_HOLD_YIELD: for merge=109 spd=6.51
obu-merge-car-1        | [12.9] Merge_Car MCM_ACCEPT_WRONG_MANOEUVRE: host=104 got=3 expected=4
obu-merge-car-1        | [12.9] Merge_Car FINAL_GUARD: REJECTED slot-boundary sid=103 gap=6.7
obu-merge-car-1        | [12.9] Merge_Car MERGE_DECISION: auth=False phys=True fgok=False lgok=False hgok=True cok=True esok=True cready=True dtm=5.2 past=False committed=False hid=104 ra=None lclear=True hyok=True
obu-ramp-merge-4-1     | [13.0] Ramp_Merge_4 MERGE_DECISION: auth=False phys=False fgok=True lgok=True hgok=True cok=True esok=True cready=False dtm=91.9 past=False committed=False hid=106 ra=None lclear=True hyok=False
obu-main-back-right-1  | HOST_RELEASE_BEFORE_CLEAR: host=Main_Back_Right ramp=109 manoeuvre=65 reason=timeout ramp_fsm=NEGOTIATING ramp_lane_cmd_state=NONE ramp_edge=34126779 ramp_lane=0 ramp_merge_completed=False ramp_merge_committed=False
obu-merge-car-1        | MERGE_ATTEMPT_TIMELINE: vehicle=Merge_Car manoeuvre=4 host=104 lead=101 event=COMPLETED t=13.1 edge=1331698336 lane=1 lane_cmd_state=APPLY speed=6.57 target=6.75 dtm=3.7 lead_gap=49.30 host_gap=30.41 lead_gap_t1=49.30 lead_gap_t2=49.30 lead_gap_t3=49.30 host_gap_t1=28.98 host_gap_t2=27.55 host_gap_t3=26.11
obu-merge-car-1        | [13.1] Merge_Car MERGE_COMPLETED: eid=1331698336 lane=1 clean=True
obu-merge-car-1        | MERGE_ATTEMPT_TIMELINE: vehicle=Merge_Car manoeuvre=4 host=None lead=None event=CLEAR t=13.1 edge=1331698336 lane=1 lane_cmd_state=CLEAR speed=6.57 target=7.50 dtm=3.7 lead_gap= host_gap= lead_gap_t1= lead_gap_t2= lead_gap_t3= host_gap_t1= host_gap_t2= host_gap_t3=
obu-merge-car-1        | [13.1] Merge_Car MERGE_LANE_CLEAR_CONFIRMED: edge=1331698336 lane=1 target_lane=1 lane_count=3 executable=False
obu-main-back-right-1  | [13.2] Main_Back_Right MCM_RX_REQUEST: from=110 manoeuvre=96 target=106
obu-merge-car-1        | [13.2] Merge_Car MCM_RX_ACCEPT: from=104 manoeuvre=3 target=107
obu-ramp-merge-3-1     | [13.2] Ramp_Merge_3 MERGE_DECISION: auth=False phys=False fgok=True lgok=False hgok=True cok=True esok=True cready=False dtm=75.0 past=False committed=False hid=None ra=None lclear=True hyok=True
obu-host-car-1         | [13.3] Host_Car MCM_RX_REQUEST: from=107 manoeuvre=4 target=104
obu-ramp-merge-2-1     | [13.2] Ramp_Merge_2 MCM_RX_ACCEPT: from=105 manoeuvre=36 target=108
obu-ramp-merge-3-1     | [13.2] Ramp_Merge_3 MCM_RX_ACCEPT: from=106 manoeuvre=65 target=109
obu-ramp-merge-4-1     | [13.2] Ramp_Merge_4 MCM_TX_REQUEST: manoeuvre=96 target=106
obu-ramp-merge-4-1     | [13.2] Ramp_Merge_4 MERGE_DECISION: auth=False phys=False fgok=True lgok=True hgok=False cok=True esok=True cready=False dtm=91.2 past=False committed=False hid=106 ra=None lclear=False hyok=False
obu-main-back-left-1   | HOST_RESERVATION_EXTEND_UNTIL_CLEAR: host=Main_Back_Left ramp=108 manoeuvre=36 new_remaining=4.0 ramp_lcs=WAIT_EDGE ramp_edge=34126779
obu-main-back-left-1   | HOST_RESERVATION_HOLD: host=Main_Back_Left ramp=108 manoeuvre=36 remaining=4.0 own_speed=6.59 target_speed=6.52 ramp_fsm=MERGING ramp_lane_cmd_state=WAIT_EDGE ramp_edge=34126779 ramp_lane=0 ramp_merge_completed=False ramp_merge_committed=True
obu-main-back-left-1   | [13.3] Main_Back_Left HOST_HOLD_YIELD: for merge=108 spd=6.52
obu-main-back-left-1   | [13.3] Main_Back_Left MCM_TX_ACCEPT: manoeuvre=36 target=108
obu-main-mid-right-1   | [13.4] Main_Mid_Right role=cruise state=CRUISE->CRUISE speed=7.71 target=7.50 neighbors=10
obu-host-car-1         | HOST_RESERVATION_RELEASE_AFTER_CLEAR: host=Host_Car ramp=107 manoeuvre=3 reason=completed ramp_fsm=CRUISE ramp_lcs=APPLY ramp_edge=1331698336 ramp_merge_completed=True
obu-host-car-1         | HOST_RESERVATION_START: host=Host_Car ramp=107 manoeuvre=4 until=17.3 own_speed=7.64 target_speed=5.88 required_speed=5.88 gap_eta=3.43
obu-host-car-1         | [13.3] Host_Car HOST_RESERVED: merge=107 manoeuvre=4 until=17.3 target_spd=5.88
obu-host-car-1         | [13.3] Host_Car HOST_YIELD: for merge=107 req_spd=5.88
obu-host-car-1         | [13.3] Host_Car MCM_TX_ACCEPT: manoeuvre=4 target=107
obu-ramp-merge-2-1     | [13.2] Ramp_Merge_2 MERGE_COMMIT_WAIT_LANE_AVAILABLE: edge=34126779 lane=0 target_lane=1 lane_count=1 executable=False speed=6.31 dtm=48.2
obu-ramp-merge-2-1     | [13.4] Ramp_Merge_2 MCM_RX_ACCEPT: from=105 manoeuvre=36 target=108
obu-ramp-merge-3-1     | [13.3] Ramp_Merge_3 MERGE_DECISION: auth=False phys=False fgok=True lgok=False hgok=True cok=True esok=True cready=False dtm=74.5 past=False committed=False hid=None ra=None lclear=True hyok=True
obu-ramp-merge-4-1     | [13.3] Ramp_Merge_4 MERGE_DECISION: auth=False phys=False fgok=True lgok=True hgok=False cok=True esok=True cready=False dtm=90.9 past=False committed=False hid=106 ra=None lclear=False hyok=False
obu-ramp-merge-2-1     | [13.4] Ramp_Merge_2 MERGE_COMMIT_WAIT_LANE_AVAILABLE: edge=34126779 lane=0 target_lane=1 lane_count=1 executable=False speed=6.32 dtm=47.0
obu-ramp-merge-3-1     | [13.5] Ramp_Merge_3 MERGE_DECISION: auth=False phys=False fgok=True lgok=False hgok=True cok=True esok=True cready=False dtm=73.6 past=False committed=False hid=None ra=None lclear=True hyok=True
obu-ramp-merge-3-1     | [13.5] Ramp_Merge_3 role=merge state=CRUISE->CRUISE speed=6.40 target=6.34 neighbors=10
obu-ramp-merge-4-1     | [13.5] Ramp_Merge_4 MCM_TX_REQUEST: manoeuvre=96 target=106
obu-ramp-merge-4-1     | [13.5] Ramp_Merge_4 MERGE_DECISION: auth=False phys=False fgok=True lgok=True hgok=False cok=True esok=True cready=False dtm=90.3 past=False committed=False hid=106 ra=None lclear=True hyok=False
obu-ramp-merge-5-1     | [13.6] Ramp_Merge_5 role=merge state=CRUISE->CRUISE speed=6.37 target=6.75 neighbors=10
obu-ramp-merge-2-1     | [13.6] Ramp_Merge_2 MERGE_COMMIT_WAIT_LANE_AVAILABLE: edge=34126779 lane=0 target_lane=1 lane_count=1 executable=False speed=6.33 dtm=45.8
obu-ramp-merge-2-1     | [13.6] Ramp_Merge_2 role=merge state=MERGING->MERGING speed=6.33 target=6.51 neighbors=10
obu-merge-car-1        | [13.4] Merge_Car MCM_RX_ACCEPT: from=104 manoeuvre=4 target=107
obu-ramp-merge-2-1     | [13.9] Ramp_Merge_2 MERGE_COMMIT_WAIT_LANE_AVAILABLE: edge=34126779 lane=0 target_lane=1 lane_count=1 executable=False speed=6.36 dtm=44.0
obu-main-back-right-1  | [13.4] Main_Back_Right MCM_RX_REQUEST: from=110 manoeuvre=96 target=106
obu-main-back-right-1  | HOST_RESERVATION_START: host=Main_Back_Right ramp=110 manoeuvre=96 until=17.9 own_speed=6.87 target_speed=5.16 required_speed=5.16 gap_eta=0.30
obu-main-back-right-1  | [13.9] Main_Back_Right HOST_RESERVED: merge=110 manoeuvre=96 until=17.9 target_spd=5.16
obu-main-back-right-1  | [13.9] Main_Back_Right HOST_YIELD: for merge=110 req_spd=5.16
obu-main-back-right-1  | [13.9] Main_Back_Right MCM_TX_ACCEPT: manoeuvre=96 target=110
obu-main-back-right-1  | [13.9] Main_Back_Right role=host state=CRUISE->YIELDING speed=6.87 target=5.16 neighbors=10
obu-merge-car-1        | [14.1] Merge_Car CAR_FOLLOW: sid=103 edge=1331698336 lane=1 leader_edge= leader_lane=None leader_role_hint=main self_merge_completed=True self_merge_completed_age=1.0 self_merge_committed=False lane_cmd_state=CLEAR lane_cmd_edge=1331698336 lane_cmd_target=1 lane_cmd_executable=False same_lane=True reason=same_lane_cam gap=0.6 follow_spd=2.25 emergency=False target_before=7.5 target_after=2.25
obu-merge-car-1        | MERGE_ATTEMPT_TIMELINE: vehicle=Merge_Car manoeuvre=4 host=None lead=None event=POST_MERGE_CAR_FOLLOW t=14.1 edge=1331698336 lane=1 lane_cmd_state=CLEAR speed=2.39 target=2.25 dtm=7.6 lead_gap= host_gap= lead_gap_t1= lead_gap_t2= lead_gap_t3= host_gap_t1= host_gap_t2= host_gap_t3=
obu-merge-car-1        | [14.1] Merge_Car POST_MERGE_CAR_FOLLOW: age=1.0 sid=103 gap=0.6 reason=same_lane_cam follow_spd=2.25 self_edge=1331698336 self_lane=1 leader_edge= leader_lane=None lane_cmd_state=CLEAR
obu-merge-car-1        | MERGE_ATTEMPT_TIMELINE: vehicle=Merge_Car manoeuvre=4 host=None lead=None event=POST_CLEAR_CAR_FOLLOW t=14.1 edge=1331698336 lane=1 lane_cmd_state=CLEAR speed=2.39 target=2.25 dtm=7.6 lead_gap= host_gap= lead_gap_t1= lead_gap_t2= lead_gap_t3= host_gap_t1= host_gap_t2= host_gap_t3=
obu-merge-car-1        | [14.1] Merge_Car POST_CLEAR_CAR_FOLLOW: age=1.0 sid=103 gap=0.6 reason=same_lane_cam follow_spd=2.25 self_edge=1331698336 self_lane=1 leader_edge= leader_lane=None lane_cmd_state=CLEAR
obu-merge-car-1        | [14.1] Merge_Car role=host state=CRUISE->YIELDING speed=2.39 target=2.25 neighbors=10
obu-ramp-back-1        | [14.2] Ramp_Back role=merge state=YIELDING->CRUISE speed=5.60 target=6.75 neighbors=10
obu-main-back-left-1   | HOST_RESERVATION_EXTEND_UNTIL_CLEAR: host=Main_Back_Left ramp=108 manoeuvre=36 new_remaining=3.5 ramp_lcs=WAIT_EDGE ramp_edge=34126779
obu-main-back-left-1   | HOST_RESERVATION_HOLD: host=Main_Back_Left ramp=108 manoeuvre=36 remaining=3.5 own_speed=6.56 target_speed=6.52 ramp_fsm=MERGING ramp_lane_cmd_state=WAIT_EDGE ramp_edge=34126779 ramp_lane=0 ramp_merge_completed=False ramp_merge_committed=True
obu-main-back-left-1   | [14.2] Main_Back_Left HOST_HOLD_YIELD: for merge=108 spd=6.52
obu-main-back-left-1   | [14.2] Main_Back_Left MCM_TX_ACCEPT: manoeuvre=36 target=108
obu-main-back-left-1   | [14.2] Main_Back_Left role=host state=YIELDING->YIELDING speed=6.56 target=6.52 neighbors=10
obu-main-back-right-1  | HOST_RESERVATION_HOLD: host=Main_Back_Right ramp=110 manoeuvre=96 remaining=3.7 own_speed=6.96 target_speed=5.16 ramp_fsm=NEGOTIATING ramp_lane_cmd_state=NONE ramp_edge=34126779 ramp_lane=0 ramp_merge_completed=False ramp_merge_committed=False
obu-main-back-right-1  | [14.2] Main_Back_Right HOST_HOLD_YIELD: for merge=110 spd=5.16
obu-main-back-right-1  | [14.2] Main_Back_Right MCM_TX_ACCEPT: manoeuvre=96 target=110
obu-main-back-right-1  | [14.2] Main_Back_Right MCM_RX_REQUEST: from=110 manoeuvre=96 target=106
obu-lead-car-1         | [14.2] Lead_Car role=cruise state=CRUISE->CRUISE speed=7.51 target=7.50 neighbors=10
obu-ramp-merge-4-1     | [14.2] Ramp_Merge_4 MCM_RX_ACCEPT: from=106 manoeuvre=96 target=110
obu-host-car-1         | HOST_RESERVATION_RELEASE_AFTER_CLEAR: host=Host_Car ramp=107 manoeuvre=4 reason=completed ramp_fsm=YIELDING ramp_lcs=CLEAR ramp_edge=1331698336 ramp_merge_completed=True
obu-host-car-1         | HOST_RESERVATION_START: host=Host_Car ramp=107 manoeuvre=4 until=18.3 own_speed=7.11 target_speed=4.88 required_speed=4.88 gap_eta=0.32
obu-host-car-1         | [14.3] Host_Car HOST_RESERVED: merge=107 manoeuvre=4 until=18.3 target_spd=4.88
obu-host-car-1         | [14.3] Host_Car HOST_YIELD: for merge=107 req_spd=4.88
obu-host-car-1         | [14.3] Host_Car MCM_TX_ACCEPT: manoeuvre=4 target=107
obu-host-car-1         | [14.3] Host_Car role=host state=YIELDING->YIELDING speed=7.11 target=4.88 neighbors=10
obu-ramp-merge-3-1     | MERGE_ATTEMPT_TIMELINE: vehicle=Ramp_Merge_3 manoeuvre=66 host=106 lead=105 event=REQUEST_SENT t=14.3 edge=34126779 lane=0 lane_cmd_state=NONE speed=6.37 target=6.75 dtm=70.0 lead_gap=42.13 host_gap=41.91 lead_gap_t1=42.13 lead_gap_t2=42.13 lead_gap_t3=42.13 host_gap_t1=41.91 host_gap_t2=41.91 host_gap_t3=41.91
obu-ramp-merge-3-1     | [14.3] Ramp_Merge_3 MCM_TX_REQUEST: manoeuvre=66 target=106
obu-ramp-merge-3-1     | [14.3] Ramp_Merge_3 MERGE_DECISION: auth=False phys=True fgok=True lgok=False hgok=True cok=True esok=True cready=True dtm=70.0 past=False committed=False hid=106 ra=None lclear=True hyok=False
obu-ramp-merge-4-1     | [14.3] Ramp_Merge_4 MCM_TX_REQUEST: manoeuvre=96 target=106
obu-ramp-merge-4-1     | MERGE_ATTEMPT_TIMELINE: vehicle=Ramp_Merge_4 manoeuvre=96 host=106 lead=104 event=ACCEPT_MATCHED t=14.3 edge=34126779 lane=0 lane_cmd_state=NONE speed=6.81 target=6.75 dtm=87.3 lead_gap=54.62 host_gap=79.52 lead_gap_t1=54.62 lead_gap_t2=54.62 lead_gap_t3=54.62 host_gap_t1=79.52 host_gap_t2=79.52 host_gap_t3=79.52
obu-ramp-merge-4-1     | [14.3] Ramp_Merge_4 MCM_ACCEPT_MATCHED: host=106 manoeuvre=96
obu-main-back-left-1   | HOST_RESERVATION_HOLD: host=Main_Back_Left ramp=108 manoeuvre=36 remaining=3.4 own_speed=6.56 target_speed=6.52 ramp_fsm=MERGING ramp_lane_cmd_state=WAIT_EDGE ramp_edge=34126779 ramp_lane=0 ramp_merge_completed=False ramp_merge_committed=True
obu-ramp-merge-4-1     | [14.3] Ramp_Merge_4 role=merge state=NEGOTIATING->NEGOTIATING speed=6.81 target=6.38 neighbors=10
obu-main-back-left-1   | [14.3] Main_Back_Left HOST_HOLD_YIELD: for merge=108 spd=6.52
obu-main-back-right-1  | HOST_RESERVATION_HOLD: host=Main_Back_Right ramp=110 manoeuvre=96 remaining=3.6 own_speed=6.98 target_speed=5.16 ramp_fsm=NEGOTIATING ramp_lane_cmd_state=NONE ramp_edge=34126779 ramp_lane=0 ramp_merge_completed=False ramp_merge_committed=False
obu-main-back-right-1  | [14.3] Main_Back_Right HOST_HOLD_YIELD: for merge=110 spd=5.16
obu-main-mid-right-1   | [14.4] Main_Mid_Right role=cruise state=CRUISE->CRUISE speed=7.64 target=7.50 neighbors=10
obu-ramp-merge-3-1     | [14.5] Ramp_Merge_3 MERGE_DECISION: auth=False phys=True fgok=True lgok=False hgok=True cok=True esok=True cready=True dtm=68.9 past=False committed=False hid=106 ra=None lclear=True hyok=False
obu-ramp-merge-3-1     | [14.5] Ramp_Merge_3 role=merge state=NEGOTIATING->NEGOTIATING speed=6.37 target=6.12 neighbors=6
obu-main-back-left-1   | HOST_RESERVATION_HOLD: host=Main_Back_Left ramp=108 manoeuvre=36 remaining=3.2 own_speed=6.56 target_speed=6.52 ramp_fsm=MERGING ramp_lane_cmd_state=WAIT_EDGE ramp_edge=34126779 ramp_lane=0 ramp_merge_completed=False ramp_merge_committed=True
obu-main-back-left-1   | [14.5] Main_Back_Left HOST_HOLD_YIELD: for merge=108 spd=6.52
obu-main-back-left-1   | [14.5] Main_Back_Left MCM_TX_ACCEPT: manoeuvre=36 target=108
obu-main-back-right-1  | HOST_RESERVATION_HOLD: host=Main_Back_Right ramp=110 manoeuvre=96 remaining=3.4 own_speed=6.81 target_speed=5.16 ramp_fsm=NEGOTIATING ramp_lane_cmd_state=NONE ramp_edge=34126779 ramp_lane=0 ramp_merge_completed=False ramp_merge_committed=False
obu-main-back-right-1  | [14.5] Main_Back_Right HOST_HOLD_YIELD: for merge=110 spd=5.16
obu-main-back-right-1  | [14.5] Main_Back_Right MCM_TX_ACCEPT: manoeuvre=96 target=110
obu-ramp-merge-2-1     | [14.9] Ramp_Merge_2 MERGE_COMMIT_WAIT_LANE_AVAILABLE: edge=34126779 lane=0 target_lane=1 lane_count=1 executable=False speed=6.43 dtm=37.8
obu-ramp-merge-2-1     | [14.9] Ramp_Merge_2 role=merge state=MERGING->MERGING speed=6.43 target=6.61 neighbors=6
obu-merge-car-1        | [14.9] Merge_Car MCM_RX_ACCEPT: from=104 manoeuvre=4 target=107
obu-main-back-right-1  | [14.9] Main_Back_Right MCM_RX_REQUEST: from=110 manoeuvre=96 target=106
obu-main-back-left-1   | HOST_RESERVATION_HOLD: host=Main_Back_Left ramp=108 manoeuvre=36 remaining=2.7 own_speed=6.55 target_speed=6.52 ramp_fsm=MERGING ramp_lane_cmd_state=WAIT_EDGE ramp_edge=34126779 ramp_lane=0 ramp_merge_completed=False ramp_merge_committed=True
obu-main-back-left-1   | [15.0] Main_Back_Left HOST_HOLD_YIELD: for merge=108 spd=6.52
obu-ramp-merge-2-1     | [14.9] Ramp_Merge_2 MCM_RX_ACCEPT: from=105 manoeuvre=36 target=108
obu-main-back-left-1   | [15.0] Main_Back_Left MCM_TX_ACCEPT: manoeuvre=36 target=108
obu-main-back-right-1  | [14.9] Main_Back_Right MCM_RX_REQUEST: from=109 manoeuvre=66 target=106
obu-ramp-merge-4-1     | [14.9] Ramp_Merge_4 MCM_RX_ACCEPT: from=106 manoeuvre=96 target=110
obu-ramp-merge-4-1     | [14.9] Ramp_Merge_4 MCM_RX_ACCEPT: from=106 manoeuvre=96 target=110
obu-main-back-right-1  | HOST_RESERVATION_HOLD: host=Main_Back_Right ramp=110 manoeuvre=96 remaining=3.0 own_speed=6.50 target_speed=5.16 ramp_fsm=NEGOTIATING ramp_lane_cmd_state=NONE ramp_edge=34126779 ramp_lane=0 ramp_merge_completed=False ramp_merge_committed=False
obu-main-back-right-1  | [14.9] Main_Back_Right HOST_HOLD_YIELD: for merge=110 spd=5.16
obu-main-back-right-1  | [14.9] Main_Back_Right MCM_TX_REJECT: manoeuvre=66 target=109
obu-main-back-right-1  | [14.9] Main_Back_Right MCM_TX_ACCEPT: manoeuvre=96 target=110
obu-main-back-right-1  | [14.9] Main_Back_Right role=host state=YIELDING->YIELDING speed=6.50 target=5.16 neighbors=10
obu-ramp-merge-5-1     | [14.9] Ramp_Merge_5 role=merge state=CRUISE->CRUISE speed=6.56 target=6.75 neighbors=10
obu-host-car-1         | HOST_RESERVATION_RELEASE_AFTER_CLEAR: host=Host_Car ramp=107 manoeuvre=4 reason=completed ramp_fsm=YIELDING ramp_lcs=CLEAR ramp_edge=1331698336 ramp_merge_completed=True
obu-ramp-merge-3-1     | [14.9] Ramp_Merge_3 MCM_TX_REQUEST: manoeuvre=66 target=106
obu-ramp-merge-3-1     | [14.9] Ramp_Merge_3 MERGE_DECISION: auth=False phys=True fgok=True lgok=True hgok=True cok=True esok=True cready=True dtm=66.8 past=False committed=False hid=106 ra=None lclear=True hyok=False
obu-ramp-merge-3-1     | [15.1] Ramp_Merge_3 MERGE_DECISION: auth=False phys=True fgok=True lgok=False hgok=True cok=True esok=True cready=True dtm=65.8 past=False committed=False hid=106 ra=None lclear=True hyok=False
obu-ramp-back-1        | [15.3] Ramp_Back role=merge state=CRUISE->CRUISE speed=6.01 target=6.75 neighbors=8
obu-ramp-merge-3-1     | [15.3] Ramp_Merge_3 MCM_TX_REQUEST: manoeuvre=66 target=106
obu-ramp-merge-3-1     | [15.3] Ramp_Merge_3 MERGE_DECISION: auth=False phys=True fgok=True lgok=False hgok=True cok=True esok=True cready=True dtm=64.8 past=False committed=False hid=106 ra=None lclear=True hyok=False
traci-bridge-1         | LANE_CMD_WAIT_EDGE veh=Ramp_Merge_2 edge=34126779 lane=0 target=1 lane_count=1
traci-bridge-1         | LANE_CMD_STATE veh=Merge_Car edge=34126779 lane=0 target=1 lane_count=1 recently=False speed=6.66
traci-bridge-1         | LANE_CMD_WAIT_EDGE veh=Merge_Car edge=34126779 lane=0 target=1 lane_count=1
traci-bridge-1         | LANE_CMD_STATE veh=Ramp_Merge_2 edge=34126779 lane=0 target=1 lane_count=1 recently=False speed=6.24
traci-bridge-1         | LANE_CMD_WAIT_EDGE veh=Ramp_Merge_2 edge=34126779 lane=0 target=1 lane_count=1
traci-bridge-1         | LANE_CMD_STATE veh=Merge_Car edge=34126779 lane=0 target=1 lane_count=1 recently=False speed=6.65
traci-bridge-1         | LANE_CMD_WAIT_EDGE veh=Merge_Car edge=34126779 lane=0 target=1 lane_count=1
traci-bridge-1         | LANE_CMD_STATE veh=Ramp_Merge_2 edge=34126779 lane=0 target=1 lane_count=1 recently=False speed=6.24
traci-bridge-1         | LANE_CMD_WAIT_EDGE veh=Ramp_Merge_2 edge=34126779 lane=0 target=1 lane_count=1
traci-bridge-1         | LANE_CMD_STATE veh=Merge_Car edge=:390064918_0 lane=0 target=1 lane_count=1 recently=False speed=6.64
traci-bridge-1         | LANE_CMD_WAIT_EDGE veh=Merge_Car edge=:390064918_0 lane=0 target=1 lane_count=1
traci-bridge-1         | LANE_CMD_STATE veh=Ramp_Merge_2 edge=34126779 lane=0 target=1 lane_count=1 recently=False speed=6.25
traci-bridge-1         | LANE_CMD_WAIT_EDGE veh=Ramp_Merge_2 edge=34126779 lane=0 target=1 lane_count=1
traci-bridge-1         | LANE_CMD_STATE veh=Merge_Car edge=:390064918_0 lane=0 target=1 lane_count=1 recently=False speed=6.63
traci-bridge-1         | LANE_CMD_WAIT_EDGE veh=Merge_Car edge=:390064918_0 lane=0 target=1 lane_count=1
traci-bridge-1         | LANE_CMD_STATE veh=Ramp_Merge_2 edge=34126779 lane=0 target=1 lane_count=1 recently=False speed=6.26
traci-bridge-1         | LANE_CMD_WAIT_EDGE veh=Ramp_Merge_2 edge=34126779 lane=0 target=1 lane_count=1
traci-bridge-1         | LANE_CMD_STATE veh=Merge_Car edge=:390064918_0 lane=0 target=1 lane_count=1 recently=False speed=6.62
traci-bridge-1         | LANE_CMD_WAIT_EDGE veh=Merge_Car edge=:390064918_0 lane=0 target=1 lane_count=1
traci-bridge-1         | LANE_CMD_STATE veh=Ramp_Merge_2 edge=34126779 lane=0 target=1 lane_count=1 recently=False speed=6.26
traci-bridge-1         | LANE_CMD_WAIT_EDGE veh=Ramp_Merge_2 edge=34126779 lane=0 target=1 lane_count=1
traci-bridge-1         | LANE_CMD_STATE veh=Merge_Car edge=:390064918_0 lane=0 target=1 lane_count=1 recently=False speed=6.61
traci-bridge-1         | LANE_CMD_WAIT_EDGE veh=Merge_Car edge=:390064918_0 lane=0 target=1 lane_count=1
traci-bridge-1         | LANE_CMD_STATE veh=Ramp_Merge_2 edge=34126779 lane=0 target=1 lane_count=1 recently=False speed=6.27
traci-bridge-1         | LANE_CMD_WAIT_EDGE veh=Ramp_Merge_2 edge=34126779 lane=0 target=1 lane_count=1
traci-bridge-1         | LANE_CMD_STATE veh=Merge_Car edge=:390064918_0 lane=0 target=1 lane_count=1 recently=False speed=6.60
traci-bridge-1         | LANE_CMD_WAIT_EDGE veh=Merge_Car edge=:390064918_0 lane=0 target=1 lane_count=1
traci-bridge-1         | LANE_CMD_STATE veh=Ramp_Merge_2 edge=34126779 lane=0 target=1 lane_count=1 recently=False speed=6.28
traci-bridge-1         | LANE_CMD_WAIT_EDGE veh=Ramp_Merge_2 edge=34126779 lane=0 target=1 lane_count=1
traci-bridge-1         | LANE_CMD_STATE veh=Merge_Car edge=1331698336 lane=0 target=1 lane_count=3 recently=False speed=6.59
traci-bridge-1         | LANE_CMD_APPLY veh=Merge_Car edge=1331698336 from_lane=0 target=1 duration=2.00 mode=256 speed=6.59
traci-bridge-1         | LANE_CMD_STATE veh=Ramp_Merge_2 edge=34126779 lane=0 target=1 lane_count=1 recently=False speed=6.29
traci-bridge-1         | LANE_CMD_WAIT_EDGE veh=Ramp_Merge_2 edge=34126779 lane=0 target=1 lane_count=1
traci-bridge-1         | LANE_CMD_STATE veh=Merge_Car edge=1331698336 lane=0 target=1 lane_count=3 recently=True speed=6.58
traci-bridge-1         | LANE_CMD_STATE veh=Ramp_Merge_2 edge=34126779 lane=0 target=1 lane_count=1 recently=False speed=6.29
traci-bridge-1         | LANE_CMD_WAIT_EDGE veh=Ramp_Merge_2 edge=34126779 lane=0 target=1 lane_count=1
traci-bridge-1         | LANE_CMD_STATE veh=Merge_Car edge=1331698336 lane=1 target=1 lane_count=3 recently=True speed=6.57
traci-bridge-1         | LANE_CMD_CLEAR veh=Merge_Car edge=1331698336 target=1
traci-bridge-1         | LANE_CMD_STATE veh=Ramp_Merge_2 edge=34126779 lane=0 target=1 lane_count=1 recently=False speed=6.30
traci-bridge-1         | LANE_CMD_WAIT_EDGE veh=Ramp_Merge_2 edge=34126779 lane=0 target=1 lane_count=1
traci-bridge-1         | LANE_CMD_STATE veh=Ramp_Merge_2 edge=34126779 lane=0 target=1 lane_count=1 recently=False speed=6.31
traci-bridge-1         | LANE_CMD_WAIT_EDGE veh=Ramp_Merge_2 edge=34126779 lane=0 target=1 lane_count=1
traci-bridge-1         | LANE_CMD_STATE veh=Ramp_Merge_2 edge=34126779 lane=0 target=1 lane_count=1 recently=False speed=6.31
traci-bridge-1         | LANE_CMD_WAIT_EDGE veh=Ramp_Merge_2 edge=34126779 lane=0 target=1 lane_count=1
traci-bridge-1         | LANE_CMD_STATE veh=Ramp_Merge_2 edge=34126779 lane=0 target=1 lane_count=1 recently=False speed=6.32
traci-bridge-1         | LANE_CMD_WAIT_EDGE veh=Ramp_Merge_2 edge=34126779 lane=0 target=1 lane_count=1
traci-bridge-1         | LANE_CMD_STATE veh=Ramp_Merge_2 edge=34126779 lane=0 target=1 lane_count=1 recently=False speed=6.33
traci-bridge-1         | LANE_CMD_WAIT_EDGE veh=Ramp_Merge_2 edge=34126779 lane=0 target=1 lane_count=1
traci-bridge-1         | LANE_CMD_STATE veh=Ramp_Merge_2 edge=34126779 lane=0 target=1 lane_count=1 recently=False speed=6.33
traci-bridge-1         | LANE_CMD_WAIT_EDGE veh=Ramp_Merge_2 edge=34126779 lane=0 target=1 lane_count=1
traci-bridge-1         | LANE_CMD_STATE veh=Ramp_Merge_2 edge=34126779 lane=0 target=1 lane_count=1 recently=False speed=6.34
traci-bridge-1         | LANE_CMD_WAIT_EDGE veh=Ramp_Merge_2 edge=34126779 lane=0 target=1 lane_count=1
traci-bridge-1         | LANE_CMD_STATE veh=Ramp_Merge_2 edge=34126779 lane=0 target=1 lane_count=1 recently=False speed=6.35
traci-bridge-1         | LANE_CMD_WAIT_EDGE veh=Ramp_Merge_2 edge=34126779 lane=0 target=1 lane_count=1
traci-bridge-1         | LANE_CMD_STATE veh=Ramp_Merge_2 edge=34126779 lane=0 target=1 lane_count=1 recently=False speed=6.36
traci-bridge-1         | LANE_CMD_WAIT_EDGE veh=Ramp_Merge_2 edge=34126779 lane=0 target=1 lane_count=1
traci-bridge-1         | LANE_CMD_STATE veh=Ramp_Merge_2 edge=34126779 lane=0 target=1 lane_count=1 recently=False speed=6.37
traci-bridge-1         | LANE_CMD_WAIT_EDGE veh=Ramp_Merge_2 edge=34126779 lane=0 target=1 lane_count=1
traci-bridge-1         | LANE_CMD_STATE veh=Ramp_Merge_2 edge=34126779 lane=0 target=1 lane_count=1 recently=False speed=6.37
traci-bridge-1         | LANE_CMD_WAIT_EDGE veh=Ramp_Merge_2 edge=34126779 lane=0 target=1 lane_count=1
traci-bridge-1         | LANE_CMD_STATE veh=Ramp_Merge_2 edge=34126779 lane=0 target=1 lane_count=1 recently=False speed=6.38
traci-bridge-1         | LANE_CMD_WAIT_EDGE veh=Ramp_Merge_2 edge=34126779 lane=0 target=1 lane_count=1
traci-bridge-1         | LANE_CMD_STATE veh=Ramp_Merge_2 edge=34126779 lane=0 target=1 lane_count=1 recently=False speed=6.39
traci-bridge-1         | LANE_CMD_WAIT_EDGE veh=Ramp_Merge_2 edge=34126779 lane=0 target=1 lane_count=1
traci-bridge-1         | LANE_CMD_STATE veh=Ramp_Merge_2 edge=34126779 lane=0 target=1 lane_count=1 recently=False speed=6.40
traci-bridge-1         | LANE_CMD_WAIT_EDGE veh=Ramp_Merge_2 edge=34126779 lane=0 target=1 lane_count=1
traci-bridge-1         | LANE_CMD_STATE veh=Ramp_Merge_2 edge=34126779 lane=0 target=1 lane_count=1 recently=False speed=6.40
traci-bridge-1         | LANE_CMD_WAIT_EDGE veh=Ramp_Merge_2 edge=34126779 lane=0 target=1 lane_count=1
traci-bridge-1         | LANE_CMD_STATE veh=Ramp_Merge_2 edge=34126779 lane=0 target=1 lane_count=1 recently=False speed=6.41
traci-bridge-1         | LANE_CMD_WAIT_EDGE veh=Ramp_Merge_2 edge=34126779 lane=0 target=1 lane_count=1
traci-bridge-1         | LANE_CMD_STATE veh=Ramp_Merge_2 edge=34126779 lane=0 target=1 lane_count=1 recently=False speed=6.42
traci-bridge-1         | LANE_CMD_WAIT_EDGE veh=Ramp_Merge_2 edge=34126779 lane=0 target=1 lane_count=1
traci-bridge-1         | LANE_CMD_STATE veh=Ramp_Merge_2 edge=34126779 lane=0 target=1 lane_count=1 recently=False speed=6.42
traci-bridge-1         | LANE_CMD_WAIT_EDGE veh=Ramp_Merge_2 edge=34126779 lane=0 target=1 lane_count=1
traci-bridge-1         | LANE_CMD_STATE veh=Ramp_Merge_2 edge=34126779 lane=0 target=1 lane_count=1 recently=False speed=6.43
traci-bridge-1         | LANE_CMD_WAIT_EDGE veh=Ramp_Merge_2 edge=34126779 lane=0 target=1 lane_count=1
traci-bridge-1         | LANE_CMD_STATE veh=Ramp_Merge_2 edge=34126779 lane=0 target=1 lane_count=1 recently=False speed=6.43
traci-bridge-1         | LANE_CMD_WAIT_EDGE veh=Ramp_Merge_2 edge=34126779 lane=0 target=1 lane_count=1
traci-bridge-1         | LANE_CMD_STATE veh=Ramp_Merge_2 edge=34126779 lane=0 target=1 lane_count=1 recently=False speed=6.44
traci-bridge-1         | LANE_CMD_WAIT_EDGE veh=Ramp_Merge_2 edge=34126779 lane=0 target=1 lane_count=1
traci-bridge-1         | LANE_CMD_STATE veh=Ramp_Merge_2 edge=34126779 lane=0 target=1 lane_count=1 recently=False speed=6.45
traci-bridge-1         | LANE_CMD_WAIT_EDGE veh=Ramp_Merge_2 edge=34126779 lane=0 target=1 lane_count=1
traci-bridge-1         | LANE_CMD_STATE veh=Ramp_Merge_2 edge=34126779 lane=0 target=1 lane_count=1 recently=False speed=6.46
traci-bridge-1         | LANE_CMD_WAIT_EDGE veh=Ramp_Merge_2 edge=34126779 lane=0 target=1 lane_count=1
traci-bridge-1         | LANE_CMD_STATE veh=Ramp_Merge_2 edge=34126779 lane=0 target=1 lane_count=1 recently=False speed=6.46
traci-bridge-1         | LANE_CMD_WAIT_EDGE veh=Ramp_Merge_2 edge=34126779 lane=0 target=1 lane_count=1
traci-bridge-1         | LANE_CMD_STATE veh=Ramp_Merge_2 edge=34126779 lane=0 target=1 lane_count=1 recently=False speed=6.47
traci-bridge-1         | LANE_CMD_WAIT_EDGE veh=Ramp_Merge_2 edge=34126779 lane=0 target=1 lane_count=1
traci-bridge-1         | LANE_CMD_STATE veh=Ramp_Merge_2 edge=34126779 lane=0 target=1 lane_count=1 recently=False speed=6.48
traci-bridge-1         | LANE_CMD_WAIT_EDGE veh=Ramp_Merge_2 edge=34126779 lane=0 target=1 lane_count=1
traci-bridge-1         | LANE_CMD_STATE veh=Ramp_Merge_2 edge=34126779 lane=0 target=1 lane_count=1 recently=False speed=6.48
obu-ramp-merge-2-1     | [14.9] Ramp_Merge_2 MCM_RX_ACCEPT: from=105 manoeuvre=36 target=108
obu-ramp-merge-3-1     | [15.6] Ramp_Merge_3 MCM_TX_REQUEST: manoeuvre=66 target=106
obu-ramp-merge-3-1     | [15.6] Ramp_Merge_3 MERGE_DECISION: auth=False phys=True fgok=True lgok=False hgok=True cok=True esok=True cready=True dtm=63.3 past=False committed=False hid=106 ra=None lclear=True hyok=False
obu-ramp-merge-3-1     | [15.6] Ramp_Merge_3 role=merge state=NEGOTIATING->NEGOTIATING speed=6.35 target=6.10 neighbors=10
obu-ramp-merge-3-1     | [15.7] Ramp_Merge_3 MCM_RX_REJECT: from=106 manoeuvre=66 target=109
obu-main-back-left-1   | HOST_RESERVATION_HOLD: host=Main_Back_Left ramp=108 manoeuvre=36 remaining=2.2 own_speed=6.54 target_speed=6.52 ramp_fsm=MERGING ramp_lane_cmd_state=WAIT_EDGE ramp_edge=34126779 ramp_lane=0 ramp_merge_completed=False ramp_merge_committed=True
obu-main-back-left-1   | [15.5] Main_Back_Left HOST_HOLD_YIELD: for merge=108 spd=6.52
obu-main-back-right-1  | HOST_RESERVATION_HOLD: host=Main_Back_Right ramp=110 manoeuvre=96 remaining=2.8 own_speed=6.37 target_speed=5.16 ramp_fsm=NEGOTIATING ramp_lane_cmd_state=NONE ramp_edge=34126779 ramp_lane=0 ramp_merge_completed=False ramp_merge_committed=False
obu-main-back-right-1  | [15.1] Main_Back_Right HOST_HOLD_YIELD: for merge=110 spd=5.16
obu-main-back-left-1   | [15.5] Main_Back_Left MCM_TX_ACCEPT: manoeuvre=36 target=108
obu-main-back-left-1   | [15.5] Main_Back_Left role=host state=YIELDING->YIELDING speed=6.54 target=6.52 neighbors=8
obu-ramp-merge-2-1     | [15.7] Ramp_Merge_2 MCM_RX_ACCEPT: from=105 manoeuvre=36 target=108
obu-merge-car-1        | [15.7] Merge_Car role=cruise state=CRUISE->CRUISE speed=3.18 target=7.50 neighbors=10
obu-ramp-merge-4-1     | [15.7] Ramp_Merge_4 MCM_RX_ACCEPT: from=106 manoeuvre=96 target=110
obu-main-mid-right-1   | [15.7] Main_Mid_Right role=cruise state=CRUISE->CRUISE speed=7.57 target=7.50 neighbors=10
obu-main-back-right-1  | [15.7] Main_Back_Right MCM_RX_REQUEST: from=109 manoeuvre=66 target=106
obu-main-back-right-1  | [15.7] Main_Back_Right MCM_RX_REQUEST: from=109 manoeuvre=66 target=106
obu-main-back-right-1  | [15.7] Main_Back_Right MCM_RX_REQUEST: from=109 manoeuvre=66 target=106
obu-host-car-1         | [15.7] Host_Car role=lead state=CRUISE->CRUISE speed=6.61 target=7.50 neighbors=10
obu-ramp-merge-2-1     | [15.8] Ramp_Merge_2 MERGE_COMMIT_WAIT_LANE_AVAILABLE: edge=34126779 lane=0 target_lane=1 lane_count=1 executable=False speed=6.49 dtm=32.2
obu-ramp-merge-4-1     | [15.7] Ramp_Merge_4 role=merge state=NEGOTIATING->NEGOTIATING speed=6.61 target=6.38 neighbors=10
obu-ramp-merge-3-1     | [15.8] Ramp_Merge_3 MCM_REJECT: host=106 manoeuvre=66
obu-lead-car-1         | [15.8] Lead_Car role=cruise state=CRUISE->CRUISE speed=7.50 target=7.50 neighbors=10
obu-main-back-left-1   | HOST_RESERVATION_HOLD: host=Main_Back_Left ramp=108 manoeuvre=36 remaining=1.9 own_speed=6.54 target_speed=6.52 ramp_fsm=MERGING ramp_lane_cmd_state=WAIT_EDGE ramp_edge=34126779 ramp_lane=0 ramp_merge_completed=False ramp_merge_committed=True
obu-main-back-left-1   | [15.8] Main_Back_Left HOST_HOLD_YIELD: for merge=108 spd=6.52
obu-main-back-right-1  | HOST_RESERVATION_HOLD: host=Main_Back_Right ramp=110 manoeuvre=96 remaining=2.1 own_speed=6.01 target_speed=5.16 ramp_fsm=NEGOTIATING ramp_lane_cmd_state=NONE ramp_edge=34126779 ramp_lane=0 ramp_merge_completed=False ramp_merge_committed=False
obu-main-back-right-1  | [15.8] Main_Back_Right HOST_HOLD_YIELD: for merge=110 spd=5.16
obu-main-back-left-1   | [15.8] Main_Back_Left MCM_TX_ACCEPT: manoeuvre=36 target=108
obu-main-back-right-1  | [15.8] Main_Back_Right MCM_TX_REJECT: manoeuvre=66 target=109
obu-main-back-right-1  | [15.8] Main_Back_Right MCM_TX_ACCEPT: manoeuvre=96 target=110
obu-ramp-merge-2-1     | [15.8] Ramp_Merge_2 MCM_RX_ACCEPT: from=105 manoeuvre=36 target=108
obu-ramp-back-1        | [16.4] Ramp_Back role=merge state=YIELDING->YIELDING speed=6.14 target=5.89 neighbors=10
obu-ramp-merge-3-1     | [16.2] Ramp_Merge_3 MERGE_DECISION: auth=False phys=True fgok=True lgok=True hgok=True cok=True esok=True cready=True dtm=60.1 past=False committed=False hid=106 ra=None lclear=True hyok=True
obu-ramp-merge-4-1     | [16.5] Ramp_Merge_4 MCM_RX_ACCEPT: from=106 manoeuvre=96 target=110
obu-ramp-merge-2-1     | [16.5] Ramp_Merge_2 MCM_RX_ACCEPT: from=105 manoeuvre=36 target=108
obu-ramp-merge-3-1     | [16.5] Ramp_Merge_3 MCM_RX_REJECT: from=106 manoeuvre=66 target=109
obu-ramp-merge-5-1     | [16.6] Ramp_Merge_5 MERGE_DECISION: auth=False phys=False fgok=True lgok=False hgok=True cok=True esok=True cready=False dtm=93.7 past=False committed=False hid=None ra=None lclear=False hyok=True
obu-ramp-merge-5-1     | [16.6] Ramp_Merge_5 role=merge state=CRUISE->CRUISE speed=6.67 target=6.42 neighbors=10
obu-ramp-merge-2-1     | [16.6] Ramp_Merge_2 MERGE_COMMIT_WAIT_LANE_AVAILABLE: edge=34126779 lane=0 target_lane=1 lane_count=1 executable=False speed=6.55 dtm=27.1
obu-ramp-merge-2-1     | [16.6] Ramp_Merge_2 role=merge state=MERGING->MERGING speed=6.55 target=6.73 neighbors=10
obu-ramp-merge-4-1     | [16.6] Ramp_Merge_4 MERGE_ACCEPTED_WAIT_SLOT_VALID: reason=hgok=False(gap=56.03)
obu-ramp-merge-4-1     | [16.6] Ramp_Merge_4 MERGE_DECISION: auth=False phys=False fgok=True lgok=True hgok=False cok=True esok=True cready=False dtm=77.5 past=False committed=False hid=106 ra=2 lclear=True hyok=True
obu-ramp-merge-3-1     | [16.6] Ramp_Merge_3 MERGE_DECISION: auth=False phys=True fgok=True lgok=True hgok=True cok=True esok=True cready=True dtm=57.8 past=False committed=False hid=106 ra=None lclear=True hyok=True
obu-ramp-merge-3-1     | [16.6] Ramp_Merge_3 role=merge state=NEGOTIATING->NEGOTIATING speed=6.31 target=6.49 neighbors=10
obu-main-back-left-1   | HOST_RESERVATION_HOLD: host=Main_Back_Left ramp=108 manoeuvre=36 remaining=1.1 own_speed=6.53 target_speed=6.52 ramp_fsm=MERGING ramp_lane_cmd_state=WAIT_EDGE ramp_edge=34126779 ramp_lane=0 ramp_merge_completed=False ramp_merge_committed=True
obu-main-back-left-1   | [16.6] Main_Back_Left HOST_HOLD_YIELD: for merge=108 spd=6.52
obu-main-back-right-1  | HOST_RESERVATION_HOLD: host=Main_Back_Right ramp=110 manoeuvre=96 remaining=1.3 own_speed=5.72 target_speed=5.16 ramp_fsm=NEGOTIATING ramp_lane_cmd_state=NONE ramp_edge=34126779 ramp_lane=0 ramp_merge_completed=False ramp_merge_committed=False
obu-main-back-right-1  | [16.6] Main_Back_Right HOST_HOLD_YIELD: for merge=110 spd=5.16
obu-main-back-left-1   | [16.6] Main_Back_Left MCM_TX_ACCEPT: manoeuvre=36 target=108
obu-main-back-left-1   | [16.6] Main_Back_Left role=host state=YIELDING->YIELDING speed=6.53 target=6.52 neighbors=10
obu-main-back-right-1  | [16.6] Main_Back_Right MCM_TX_REJECT: manoeuvre=66 target=109
obu-main-back-right-1  | [16.6] Main_Back_Right MCM_TX_ACCEPT: manoeuvre=96 target=110
obu-main-back-right-1  | [16.6] Main_Back_Right role=host state=YIELDING->YIELDING speed=5.72 target=5.16 neighbors=10
obu-lead-car-1         | [16.8] Lead_Car role=cruise state=CRUISE->CRUISE speed=7.50 target=7.50 neighbors=10
obu-main-back-left-1   | HOST_RESERVATION_HOLD: host=Main_Back_Left ramp=108 manoeuvre=36 remaining=0.8 own_speed=6.53 target_speed=6.52 ramp_fsm=MERGING ramp_lane_cmd_state=WAIT_EDGE ramp_edge=34126779 ramp_lane=0 ramp_merge_completed=False ramp_merge_committed=True
obu-main-back-left-1   | [16.9] Main_Back_Left HOST_HOLD_YIELD: for merge=108 spd=6.52
obu-main-back-left-1   | [16.9] Main_Back_Left MCM_TX_ACCEPT: manoeuvre=36 target=108
obu-main-back-right-1  | HOST_RESERVATION_HOLD: host=Main_Back_Right ramp=110 manoeuvre=96 remaining=1.1 own_speed=5.67 target_speed=5.16 ramp_fsm=NEGOTIATING ramp_lane_cmd_state=NONE ramp_edge=34126779 ramp_lane=0 ramp_merge_completed=False ramp_merge_committed=False
obu-main-back-right-1  | [16.8] Main_Back_Right HOST_HOLD_YIELD: for merge=110 spd=5.16
obu-merge-car-1        | [16.8] Merge_Car role=cruise state=CRUISE->CRUISE speed=5.04 target=7.50 neighbors=10
obu-ramp-merge-4-1     | [16.8] Ramp_Merge_4 MERGE_DECISION: auth=False phys=False fgok=True lgok=True hgok=False cok=True esok=True cready=False dtm=76.5 past=False committed=False hid=106 ra=2 lclear=True hyok=True
obu-ramp-merge-4-1     | [16.8] Ramp_Merge_4 role=merge state=NEGOTIATING->NEGOTIATING speed=6.51 target=6.38 neighbors=10
obu-main-back-left-1   | HOST_RESERVATION_HOLD: host=Main_Back_Left ramp=108 manoeuvre=36 remaining=0.7 own_speed=6.53 target_speed=6.52 ramp_fsm=MERGING ramp_lane_cmd_state=WAIT_EDGE ramp_edge=34126779 ramp_lane=0 ramp_merge_completed=False ramp_merge_committed=True
obu-main-back-left-1   | [17.0] Main_Back_Left HOST_HOLD_YIELD: for merge=108 spd=6.52
obu-main-back-right-1  | HOST_RESERVATION_HOLD: host=Main_Back_Right ramp=110 manoeuvre=96 remaining=0.9 own_speed=5.62 target_speed=5.16 ramp_fsm=NEGOTIATING ramp_lane_cmd_state=NONE ramp_edge=34126779 ramp_lane=0 ramp_merge_completed=False ramp_merge_committed=False
obu-main-back-right-1  | [17.0] Main_Back_Right HOST_HOLD_YIELD: for merge=110 spd=5.16
obu-main-back-right-1  | [17.0] Main_Back_Right MCM_TX_ACCEPT: manoeuvre=96 target=110
obu-ramp-merge-4-1     | MERGE_ATTEMPT_TIMELINE: vehicle=Ramp_Merge_4 manoeuvre=96 host=106 lead=104 event=AUTHORIZED t=17.1 edge=34126779 lane=0 lane_cmd_state=NONE speed=6.49 target=6.38 dtm=75.1 lead_gap=48.82 host_gap=49.87 lead_gap_t1=48.82 lead_gap_t2=48.82 lead_gap_t3=48.82 host_gap_t1=49.38 host_gap_t2=48.89 host_gap_t3=48.39
obu-ramp-merge-4-1     | [17.1] Ramp_Merge_4 MERGE_AUTHORIZED_BY_MCM: host=106 manoeuvre=96
obu-ramp-merge-4-1     | [17.1] Ramp_Merge_4 MERGE_DECISION: auth=True phys=False fgok=True lgok=True hgok=True cok=True esok=True cready=False dtm=75.1 past=False committed=False hid=106 ra=2 lclear=True hyok=True
obu-ramp-merge-4-1     | [17.1] Ramp_Merge_4 MERGE_PREPARE_WAIT_PHYSICAL: dtm=75.1
obu-main-back-left-1   | HOST_RESERVATION_HOLD: host=Main_Back_Left ramp=108 manoeuvre=36 remaining=0.5 own_speed=6.53 target_speed=6.52 ramp_fsm=MERGING ramp_lane_cmd_state=WAIT_EDGE ramp_edge=34126779 ramp_lane=0 ramp_merge_completed=False ramp_merge_committed=True
obu-main-back-left-1   | [17.2] Main_Back_Left HOST_HOLD_YIELD: for merge=108 spd=6.52
obu-ramp-merge-5-1     | [16.8] Ramp_Merge_5 MERGE_DECISION: auth=False phys=False fgok=True lgok=False hgok=True cok=True esok=True cready=False dtm=93.0 past=False committed=False hid=None ra=None lclear=False hyok=True
obu-main-back-left-1   | [17.2] Main_Back_Left MCM_TX_ACCEPT: manoeuvre=36 target=108
obu-main-back-right-1  | HOST_RESERVATION_HOLD: host=Main_Back_Right ramp=110 manoeuvre=96 remaining=0.6 own_speed=5.55 target_speed=5.16 ramp_fsm=NEGOTIATING ramp_lane_cmd_state=NONE ramp_edge=34126779 ramp_lane=0 ramp_merge_completed=False ramp_merge_committed=False
obu-main-back-right-1  | [17.3] Main_Back_Right HOST_HOLD_YIELD: for merge=110 spd=5.16
obu-main-back-right-1  | [17.3] Main_Back_Right MCM_TX_ACCEPT: manoeuvre=96 target=110
obu-host-car-1         | [17.3] Host_Car role=lead state=CRUISE->CRUISE speed=7.11 target=7.50 neighbors=9
obu-ramp-merge-4-1     | [17.3] Ramp_Merge_4 MCM_RX_ACCEPT: from=106 manoeuvre=96 target=110
obu-ramp-merge-4-1     | [17.3] Ramp_Merge_4 MCM_RX_ACCEPT: from=106 manoeuvre=96 target=110
obu-ramp-merge-3-1     | [17.3] Ramp_Merge_3 MCM_RX_REJECT: from=106 manoeuvre=66 target=109
obu-ramp-merge-2-1     | [17.3] Ramp_Merge_2 MCM_RX_ACCEPT: from=105 manoeuvre=36 target=108
obu-ramp-merge-2-1     | [17.3] Ramp_Merge_2 MCM_RX_ACCEPT: from=105 manoeuvre=36 target=108
obu-ramp-merge-2-1     | [17.3] Ramp_Merge_2 MCM_RX_ACCEPT: from=105 manoeuvre=36 target=108
obu-ramp-merge-2-1     | [17.3] Ramp_Merge_2 MERGE_COMMIT_WAIT_LANE_AVAILABLE: edge=34126779 lane=0 target_lane=1 lane_count=1 executable=False speed=6.60 dtm=22.5
obu-ramp-merge-3-1     | MERGE_ATTEMPT_TIMELINE: vehicle=Ramp_Merge_3 manoeuvre=67 host=106 lead=105 event=REQUEST_SENT t=17.3 edge=34126779 lane=0 lane_cmd_state=NONE speed=6.35 target=6.75 dtm=53.8 lead_gap=22.58 host_gap=8.35 lead_gap_t1=22.58 lead_gap_t2=22.58 lead_gap_t3=22.58 host_gap_t1=7.55 host_gap_t2=6.75 host_gap_t3=5.94
obu-ramp-merge-3-1     | [17.3] Ramp_Merge_3 MCM_TX_REQUEST: manoeuvre=67 target=106
obu-ramp-merge-4-1     | [17.3] Ramp_Merge_4 MERGE_DECISION: auth=True phys=False fgok=True lgok=True hgok=False cok=True esok=True cready=False dtm=74.1 past=False committed=False hid=106 ra=2 lclear=True hyok=True
obu-ramp-merge-4-1     | [17.3] Ramp_Merge_4 MERGE_PREPARE_WAIT_PHYSICAL: dtm=74.1
obu-ramp-merge-3-1     | [17.3] Ramp_Merge_3 MERGE_DECISION: auth=False phys=True fgok=True lgok=True hgok=True cok=True esok=True cready=True dtm=53.8 past=False committed=False hid=106 ra=None lclear=True hyok=True
obu-ramp-merge-4-1     | [17.3] Ramp_Merge_4 MCM_RX_ACCEPT: from=106 manoeuvre=96 target=110
obu-main-mid-right-1   | [17.4] Main_Mid_Right role=cruise state=CRUISE->CRUISE speed=7.53 target=7.50 neighbors=10
obu-main-back-left-1   | HOST_RESERVATION_HOLD: host=Main_Back_Left ramp=108 manoeuvre=36 remaining=0.4 own_speed=6.53 target_speed=6.52 ramp_fsm=MERGING ramp_lane_cmd_state=WAIT_EDGE ramp_edge=34126779 ramp_lane=0 ramp_merge_completed=False ramp_merge_committed=True
obu-main-back-left-1   | [17.3] Main_Back_Left HOST_HOLD_YIELD: for merge=108 spd=6.52
obu-ramp-merge-5-1     | [17.3] Ramp_Merge_5 MERGE_DECISION: auth=False phys=False fgok=True lgok=False hgok=True cok=True esok=True cready=False dtm=91.5 past=False committed=False hid=None ra=None lclear=False hyok=True
obu-ramp-merge-4-1     | [17.5] Ramp_Merge_4 MERGE_DECISION: auth=True phys=False fgok=True lgok=True hgok=False cok=True esok=True cready=False dtm=73.2 past=False committed=False hid=106 ra=2 lclear=True hyok=True
obu-ramp-merge-4-1     | [17.5] Ramp_Merge_4 MERGE_PREPARE_WAIT_PHYSICAL: dtm=73.2
obu-ramp-merge-3-1     | [17.5] Ramp_Merge_3 MERGE_DECISION: auth=False phys=True fgok=True lgok=True hgok=True cok=True esok=True cready=True dtm=52.7 past=False committed=False hid=106 ra=None lclear=True hyok=True
obu-main-back-left-1   | HOST_RESERVATION_HOLD: host=Main_Back_Left ramp=108 manoeuvre=36 remaining=0.1 own_speed=6.53 target_speed=6.52 ramp_fsm=MERGING ramp_lane_cmd_state=WAIT_EDGE ramp_edge=34126779 ramp_lane=0 ramp_merge_completed=False ramp_merge_committed=True
obu-main-back-left-1   | [17.6] Main_Back_Left HOST_HOLD_YIELD: for merge=108 spd=6.52
obu-ramp-merge-5-1     | [17.5] Ramp_Merge_5 MERGE_DECISION: auth=False phys=False fgok=True lgok=False hgok=True cok=True esok=True cready=False dtm=90.9 past=False committed=False hid=None ra=None lclear=False hyok=True
obu-main-back-left-1   | [17.6] Main_Back_Left MCM_TX_ACCEPT: manoeuvre=36 target=108
obu-main-back-left-1   | [17.6] Main_Back_Left role=host state=YIELDING->YIELDING speed=6.53 target=6.52 neighbors=10
obu-ramp-merge-4-1     | [17.6] Ramp_Merge_4 MERGE_DECISION: auth=True phys=False fgok=True lgok=True hgok=False cok=True esok=True cready=False dtm=72.8 past=False committed=False hid=106 ra=2 lclear=True hyok=True
obu-ramp-merge-4-1     | [17.6] Ramp_Merge_4 MERGE_PREPARE_WAIT_PHYSICAL: dtm=72.8
obu-ramp-merge-3-1     | [17.7] Ramp_Merge_3 MCM_TX_REQUEST: manoeuvre=67 target=106
obu-ramp-merge-3-1     | [17.7] Ramp_Merge_3 MERGE_DECISION: auth=False phys=True fgok=True lgok=True hgok=True cok=True esok=True cready=True dtm=51.5 past=False committed=False hid=106 ra=None lclear=True hyok=True
obu-ramp-merge-3-1     | [17.7] Ramp_Merge_3 role=merge state=NEGOTIATING->NEGOTIATING speed=6.38 target=6.56 neighbors=10
obu-ramp-merge-5-1     | [17.6] Ramp_Merge_5 MERGE_DECISION: auth=False phys=False fgok=True lgok=False hgok=True cok=True esok=True cready=False dtm=90.6 past=False committed=False hid=None ra=None lclear=False hyok=True
obu-ramp-merge-5-1     | [17.6] Ramp_Merge_5 role=merge state=CRUISE->CRUISE speed=6.58 target=6.37 neighbors=10
obu-ramp-merge-4-1     | [17.8] Ramp_Merge_4 MERGE_DECISION: auth=True phys=False fgok=True lgok=True hgok=False cok=True esok=True cready=False dtm=71.8 past=False committed=False hid=106 ra=2 lclear=True hyok=True
obu-ramp-merge-4-1     | [17.8] Ramp_Merge_4 MERGE_PREPARE_WAIT_PHYSICAL: dtm=71.8
obu-ramp-merge-4-1     | [17.8] Ramp_Merge_4 role=merge state=NEGOTIATING->NEGOTIATING speed=6.46 target=6.38 neighbors=10
obu-ramp-merge-3-1     | [17.8] Ramp_Merge_3 MERGE_DECISION: auth=False phys=True fgok=True lgok=True hgok=True cok=True esok=True cready=True dtm=50.9 past=False committed=False hid=106 ra=None lclear=True hyok=True
obu-ramp-merge-5-1     | [17.8] Ramp_Merge_5 MERGE_DECISION: auth=False phys=False fgok=True lgok=False hgok=True cok=True esok=True cready=False dtm=89.9 past=False committed=False hid=None ra=None lclear=False hyok=True
obu-ramp-merge-2-1     | [17.7] Ramp_Merge_2 MERGE_COMMIT_WAIT_LANE_AVAILABLE: edge=34126779 lane=0 target_lane=1 lane_count=1 executable=False speed=6.62 dtm=19.9
obu-main-back-right-1  | [18.1] Main_Back_Right MCM_RX_REQUEST: from=109 manoeuvre=67 target=106
obu-ramp-merge-2-1     | MERGE_ATTEMPT_TIMELINE: vehicle=Ramp_Merge_2 manoeuvre=36 host=105 lead=104 event=TIMEOUT t=17.7 edge=34126779 lane=0 lane_cmd_state=WAIT_EDGE speed=6.62 target=6.75 dtm=19.9 lead_gap=10.62 host_gap=14.00 lead_gap_t1=10.62 lead_gap_t2=10.62 lead_gap_t3=10.62 host_gap_t1=13.62 host_gap_t2=13.25 host_gap_t3=12.87
obu-ramp-merge-2-1     | [17.7] Ramp_Merge_2 MERGE_COMMIT_TIMEOUT
obu-ramp-merge-2-1     | [17.7] Ramp_Merge_2 role=merge state=MERGING->NEGOTIATING speed=6.62 target=6.75 neighbors=10
obu-main-back-right-1  | [18.1] Main_Back_Right MCM_RX_REQUEST: from=109 manoeuvre=67 target=106
obu-ramp-merge-2-1     | [18.1] Ramp_Merge_2 MCM_RX_ACCEPT: from=105 manoeuvre=36 target=108
obu-ramp-back-1        | [18.1] Ramp_Back role=merge state=CRUISE->CRUISE speed=6.31 target=6.75 neighbors=10
obu-lead-car-1         | [18.1] Lead_Car role=cruise state=CRUISE->CRUISE speed=7.50 target=7.50 neighbors=10
obu-ramp-merge-4-1     | [18.1] Ramp_Merge_4 MERGE_DECISION: auth=True phys=False fgok=True lgok=True hgok=False cok=True esok=True cready=False dtm=70.5 past=False committed=False hid=106 ra=2 lclear=True hyok=True
obu-ramp-merge-4-1     | [18.1] Ramp_Merge_4 MERGE_PREPARE_WAIT_PHYSICAL: dtm=70.5
obu-ramp-merge-3-1     | [18.1] Ramp_Merge_3 MCM_TX_REQUEST: manoeuvre=67 target=106
obu-ramp-merge-3-1     | [18.1] Ramp_Merge_3 MERGE_DECISION: auth=False phys=True fgok=True lgok=True hgok=True cok=True esok=True cready=True dtm=49.1 past=False committed=False hid=106 ra=None lclear=True hyok=True
obu-merge-car-1        | [18.2] Merge_Car role=cruise state=CRUISE->CRUISE speed=6.30 target=7.50 neighbors=10
obu-main-back-right-1  | HOST_RELEASE_BEFORE_CLEAR: host=Main_Back_Right ramp=110 manoeuvre=96 reason=timeout ramp_fsm=NEGOTIATING ramp_lane_cmd_state=NONE ramp_edge=34126779 ramp_lane=0 ramp_merge_completed=False ramp_merge_committed=False
obu-main-back-right-1  | HOST_RESERVATION_START: host=Main_Back_Right ramp=109 manoeuvre=67 until=22.2 own_speed=5.41 target_speed=4.88 required_speed=5.18 gap_eta=4.16
obu-main-back-right-1  | [18.2] Main_Back_Right HOST_RESERVED: merge=109 manoeuvre=67 until=22.2 target_spd=4.88
obu-main-back-right-1  | [18.2] Main_Back_Right HOST_YIELD: for merge=109 req_spd=4.88
obu-main-back-left-1   | HOST_RESERVATION_RELEASE_MAX_TIMEOUT: host=Main_Back_Left ramp=108 manoeuvre=36 duration=10.4 ramp_fsm=MERGING ramp_lcs=WAIT_EDGE ramp_edge=34126779 ramp_merge_completed=False
obu-main-back-right-1  | [18.2] Main_Back_Right MCM_TX_ACCEPT: manoeuvre=67 target=109
obu-main-back-right-1  | [18.2] Main_Back_Right role=host state=YIELDING->YIELDING speed=5.41 target=4.88 neighbors=10
obu-ramp-merge-5-1     | [18.1] Ramp_Merge_5 MERGE_DECISION: auth=False phys=False fgok=True lgok=False hgok=True cok=True esok=True cready=False dtm=88.8 past=False committed=False hid=None ra=None lclear=True hyok=True
obu-ramp-merge-2-1     | MERGE_ATTEMPT_TIMELINE: vehicle=Ramp_Merge_2 manoeuvre=37 host=105 lead=104 event=REQUEST_SENT t=18.2 edge=34126779 lane=0 lane_cmd_state=WAIT_EDGE speed=6.65 target=6.75 dtm=16.5 lead_gap=7.30 host_gap=14.91 lead_gap_t1=7.30 lead_gap_t2=7.30 lead_gap_t3=7.30 host_gap_t1=14.56 host_gap_t2=14.22 host_gap_t3=13.87
obu-ramp-merge-2-1     | [18.2] Ramp_Merge_2 MCM_TX_REQUEST: manoeuvre=37 target=105
obu-ramp-merge-2-1     | [18.2] Ramp_Merge_2 MERGE_DECISION: auth=False phys=True fgok=True lgok=True hgok=True cok=True esok=True cready=True dtm=16.5 past=False committed=False hid=105 ra=None lclear=False hyok=False
obu-ramp-merge-2-1     | [18.2] Ramp_Merge_2 CAR_FOLLOW: sid=104 edge=34126779 lane=0 leader_edge= leader_lane=None leader_role_hint=main self_merge_completed=False self_merge_completed_age=-1.0 self_merge_committed=False lane_cmd_state=WAIT_EDGE lane_cmd_edge=34126779 lane_cmd_target=1 lane_cmd_executable=False same_lane=True reason=same_lane_cam gap=7.3 follow_spd=2.62 emergency=False target_before=6.75 target_after=6.402910223529022
obu-host-car-1         | [18.3] Host_Car role=lead state=CRUISE->CRUISE speed=7.27 target=7.50 neighbors=10
obu-main-back-right-1  | HOST_RESERVATION_HOLD: host=Main_Back_Right ramp=109 manoeuvre=67 remaining=3.9 own_speed=5.40 target_speed=4.88 ramp_fsm=NEGOTIATING ramp_lane_cmd_state=NONE ramp_edge=34126779 ramp_lane=0 ramp_merge_completed=False ramp_merge_committed=False
obu-main-back-right-1  | [18.3] Main_Back_Right HOST_HOLD_YIELD: for merge=109 spd=4.88
obu-ramp-merge-2-1     | [18.3] Ramp_Merge_2 MERGE_DECISION: auth=False phys=True fgok=True lgok=True hgok=True cok=True esok=True cready=True dtm=15.9 past=False committed=False hid=105 ra=None lclear=False hyok=False
obu-ramp-merge-2-1     | [18.3] Ramp_Merge_2 CAR_FOLLOW: sid=104 edge=34126779 lane=0 leader_edge= leader_lane=None leader_role_hint=main self_merge_completed=False self_merge_completed_age=-1.0 self_merge_committed=False lane_cmd_state=WAIT_EDGE lane_cmd_edge=34126779 lane_cmd_target=1 lane_cmd_executable=False same_lane=True reason=same_lane_cam gap=6.6 follow_spd=2.62 emergency=False target_before=6.75 target_after=6.407764712352571
obu-ramp-merge-2-1     | [18.5] Ramp_Merge_2 MCM_TX_REQUEST: manoeuvre=37 target=105
obu-ramp-merge-2-1     | [18.5] Ramp_Merge_2 MERGE_DECISION: auth=False phys=True fgok=True lgok=True hgok=True cok=True esok=True cready=True dtm=14.5 past=False committed=False hid=105 ra=None lclear=True hyok=False
obu-main-mid-right-1   | [18.5] Main_Mid_Right role=cruise state=CRUISE->CRUISE speed=7.52 target=7.50 neighbors=6
obu-main-back-left-1   | [18.6] Main_Back_Left role=host state=CRUISE->CRUISE speed=6.67 target=7.50 neighbors=6
obu-main-back-left-1   | [18.9] Main_Back_Left MCM_RX_REQUEST: from=108 manoeuvre=37 target=105
obu-main-back-left-1   | [18.9] Main_Back_Left MCM_RX_REQUEST: from=108 manoeuvre=37 target=105
obu-ramp-merge-2-1     | [18.8] Ramp_Merge_2 MCM_TX_REQUEST: manoeuvre=37 target=105
obu-ramp-merge-2-1     | [18.8] Ramp_Merge_2 FINAL_GUARD: REJECTED slot-boundary ETA sid=104
obu-ramp-merge-2-1     | [18.8] Ramp_Merge_2 MERGE_DECISION: auth=False phys=True fgok=False lgok=False hgok=True cok=True esok=True cready=True dtm=12.7 past=False committed=False hid=105 ra=None lclear=True hyok=False
obu-ramp-merge-2-1     | [18.8] Ramp_Merge_2 role=merge state=NEGOTIATING->NEGOTIATING speed=6.61 target=6.36 neighbors=7
obu-main-back-right-1  | [18.8] Main_Back_Right MCM_RX_REQUEST: from=109 manoeuvre=67 target=106
obu-ramp-merge-4-1     | [18.8] Ramp_Merge_4 MCM_ACCEPT_STALE: host=106 manoeuvre=96
obu-ramp-merge-4-1     | [18.8] Ramp_Merge_4 role=merge state=NEGOTIATING->NEGOTIATING speed=6.42 target=6.38 neighbors=8
obu-ramp-merge-3-1     | [18.8] Ramp_Merge_3 MCM_TX_REQUEST: manoeuvre=67 target=106
obu-ramp-merge-3-1     | [18.8] Ramp_Merge_3 MCM_PENDING_HOLD_LATE_HOST: host=106 age=0.0 dtm=44.8 lead_gap=16.40 host_gap=0.00 pending_age=1.5 accepted_at=None reason=lost
obu-ramp-merge-3-1     | [18.8] Ramp_Merge_3 CAR_FOLLOW: sid=103 edge=34126779 lane=0 leader_edge= leader_lane=None leader_role_hint=main self_merge_completed=False self_merge_completed_age=-1.0 self_merge_committed=False lane_cmd_state=None lane_cmd_edge=None lane_cmd_target=None lane_cmd_executable=None same_lane=False reason=merge_conflict_eta gap=0.3 follow_spd=5.52 emergency=False target_before=6.375 target_after=6.212642235665864
obu-ramp-merge-3-1     | [18.8] Ramp_Merge_3 role=merge state=NEGOTIATING->NEGOTIATING speed=6.46 target=6.21 neighbors=8
obu-ramp-merge-3-1     | [18.8] Ramp_Merge_3 MCM_RX_ACCEPT: from=106 manoeuvre=67 target=109
obu-ramp-merge-5-1     | [18.8] Ramp_Merge_5 MERGE_DECISION: auth=False phys=False fgok=True lgok=True hgok=True cok=True esok=True cready=False dtm=86.3 past=False committed=False hid=None ra=None lclear=True hyok=True
obu-ramp-merge-5-1     | [18.8] Ramp_Merge_5 role=merge state=CRUISE->CRUISE speed=6.46 target=6.64 neighbors=8
obu-main-back-right-1  | HOST_RESERVATION_HOLD: host=Main_Back_Right ramp=109 manoeuvre=67 remaining=3.3 own_speed=5.27 target_speed=4.88 ramp_fsm=NEGOTIATING ramp_lane_cmd_state=NONE ramp_edge=34126779 ramp_lane=0 ramp_merge_completed=False ramp_merge_committed=False
obu-main-back-right-1  | [18.9] Main_Back_Right HOST_HOLD_YIELD: for merge=109 spd=4.88
obu-main-back-left-1   | HOST_RESERVATION_START: host=Main_Back_Left ramp=108 manoeuvre=37 until=22.9 own_speed=6.79 target_speed=4.88 required_speed=4.88 gap_eta=2.31
obu-main-back-left-1   | [18.9] Main_Back_Left HOST_RESERVED: merge=108 manoeuvre=37 until=22.9 target_spd=4.88
obu-main-back-left-1   | [18.9] Main_Back_Left HOST_YIELD: for merge=108 req_spd=4.88
obu-main-back-right-1  | [18.9] Main_Back_Right MCM_TX_ACCEPT: manoeuvre=67 target=109
obu-main-back-left-1   | [18.9] Main_Back_Left MCM_TX_ACCEPT: manoeuvre=37 target=108
obu-main-back-right-1  | HOST_RESERVATION_HOLD: host=Main_Back_Right ramp=109 manoeuvre=67 remaining=3.2 own_speed=5.25 target_speed=4.88 ramp_fsm=NEGOTIATING ramp_lane_cmd_state=NONE ramp_edge=34126779 ramp_lane=0 ramp_merge_completed=False ramp_merge_committed=False
obu-main-back-right-1  | [19.0] Main_Back_Right HOST_HOLD_YIELD: for merge=109 spd=4.88
obu-main-back-left-1   | HOST_RESERVATION_EXTEND_UNTIL_CLEAR: host=Main_Back_Left ramp=108 manoeuvre=37 new_remaining=4.0 ramp_lcs=WAIT_EDGE ramp_edge=34126779
obu-main-back-left-1   | HOST_RESERVATION_HOLD: host=Main_Back_Left ramp=108 manoeuvre=37 remaining=4.0 own_speed=6.82 target_speed=4.88 ramp_fsm=NEGOTIATING ramp_lane_cmd_state=WAIT_EDGE ramp_edge=34126779 ramp_lane=0 ramp_merge_completed=False ramp_merge_committed=False
obu-main-back-left-1   | [19.0] Main_Back_Left HOST_HOLD_YIELD: for merge=108 spd=4.88
obu-lead-car-1         | [19.2] Lead_Car role=cruise state=CRUISE->CRUISE speed=7.50 target=7.50 neighbors=10
obu-merge-car-1        | [19.2] Merge_Car role=cruise state=CRUISE->CRUISE speed=6.78 target=7.50 neighbors=10
obu-main-back-left-1   | HOST_RESERVATION_EXTEND_UNTIL_CLEAR: host=Main_Back_Left ramp=108 manoeuvre=37 new_remaining=4.0 ramp_lcs=WAIT_EDGE ramp_edge=34126779
obu-main-back-left-1   | HOST_RESERVATION_HOLD: host=Main_Back_Left ramp=108 manoeuvre=37 remaining=4.0 own_speed=6.85 target_speed=4.88 ramp_fsm=NEGOTIATING ramp_lane_cmd_state=WAIT_EDGE ramp_edge=34126779 ramp_lane=0 ramp_merge_completed=False ramp_merge_committed=False
obu-main-back-left-1   | [19.1] Main_Back_Left HOST_HOLD_YIELD: for merge=108 spd=4.88
obu-main-back-right-1  | HOST_RESERVATION_HOLD: host=Main_Back_Right ramp=109 manoeuvre=67 remaining=3.1 own_speed=5.23 target_speed=4.88 ramp_fsm=NEGOTIATING ramp_lane_cmd_state=NONE ramp_edge=34126779 ramp_lane=0 ramp_merge_completed=False ramp_merge_committed=False
obu-main-back-right-1  | [19.1] Main_Back_Right HOST_HOLD_YIELD: for merge=109 spd=4.88
obu-host-car-1         | [19.5] Host_Car role=cruise state=CRUISE->CRUISE speed=7.37 target=7.50 neighbors=10
obu-main-back-left-1   | HOST_RESERVATION_EXTEND_UNTIL_CLEAR: host=Main_Back_Left ramp=108 manoeuvre=37 new_remaining=4.0 ramp_lcs=WAIT_EDGE ramp_edge=34126779
obu-main-back-left-1   | HOST_RESERVATION_HOLD: host=Main_Back_Left ramp=108 manoeuvre=37 remaining=4.0 own_speed=6.57 target_speed=4.88 ramp_fsm=NEGOTIATING ramp_lane_cmd_state=WAIT_EDGE ramp_edge=34126779 ramp_lane=0 ramp_merge_completed=False ramp_merge_committed=False
obu-main-back-left-1   | [19.4] Main_Back_Left HOST_HOLD_YIELD: for merge=108 spd=4.88
obu-main-back-right-1  | HOST_RESERVATION_HOLD: host=Main_Back_Right ramp=109 manoeuvre=67 remaining=2.8 own_speed=5.18 target_speed=4.88 ramp_fsm=NEGOTIATING ramp_lane_cmd_state=NONE ramp_edge=34126779 ramp_lane=0 ramp_merge_completed=False ramp_merge_committed=False
obu-main-back-right-1  | [19.4] Main_Back_Right HOST_HOLD_YIELD: for merge=109 spd=4.88
obu-main-back-right-1  | [19.4] Main_Back_Right MCM_TX_ACCEPT: manoeuvre=67 target=109
obu-main-back-right-1  | [19.4] Main_Back_Right role=host state=YIELDING->YIELDING speed=5.18 target=4.88 neighbors=10
obu-main-back-left-1   | [19.4] Main_Back_Left MCM_TX_ACCEPT: manoeuvre=37 target=108
obu-main-back-right-1  | [19.6] Main_Back_Right MCM_RX_REQUEST: from=109 manoeuvre=67 target=106
obu-main-back-left-1   | [19.7] Main_Back_Left MCM_RX_REQUEST: from=108 manoeuvre=37 target=105
obu-main-mid-right-1   | [19.7] Main_Mid_Right role=cruise state=CRUISE->CRUISE speed=7.51 target=7.50 neighbors=10
obu-ramp-merge-3-1     | [19.4] Ramp_Merge_3 MCM_TX_REQUEST: manoeuvre=67 target=106
obu-ramp-merge-3-1     | MERGE_ATTEMPT_TIMELINE: vehicle=Ramp_Merge_3 manoeuvre=67 host=106 lead=105 event=ACCEPT_MATCHED t=19.4 edge=34126779 lane=0 lane_cmd_state=NONE speed=6.44 target=6.75 dtm=41.2 lead_gap=12.32 host_gap=0.00 lead_gap_t1=12.32 lead_gap_t2=12.32 lead_gap_t3=12.32 host_gap_t1=0.00 host_gap_t2=0.00 host_gap_t3=0.00
obu-ramp-merge-3-1     | [19.4] Ramp_Merge_3 MCM_ACCEPT_MATCHED: host=106 manoeuvre=67
obu-ramp-merge-3-1     | MERGE_ATTEMPT_TIMELINE: vehicle=Ramp_Merge_3 manoeuvre=67 host=106 lead=105 event=AUTHORIZED t=19.4 edge=34126779 lane=0 lane_cmd_state=NONE speed=6.44 target=6.62 dtm=41.2 lead_gap=12.32 host_gap=0.00 lead_gap_t1=12.32 lead_gap_t2=12.32 lead_gap_t3=12.32 host_gap_t1=0.00 host_gap_t2=0.00 host_gap_t3=0.00
obu-ramp-merge-3-1     | [19.4] Ramp_Merge_3 MERGE_AUTHORIZED_BY_MCM: host=106 manoeuvre=67
obu-ramp-merge-3-1     | [19.4] Ramp_Merge_3 MERGE_DECISION: auth=True phys=True fgok=True lgok=True hgok=True cok=True esok=True cready=True dtm=41.2 past=False committed=False hid=106 ra=2 lclear=True hyok=True
obu-ramp-merge-3-1     | [19.4] Ramp_Merge_3 MERGE_START_GAP_DIAG: event=start lead=105 host=106 lead_eta=4.772859040506802 own_eta=6.391365516945252 host_eta=11.75340457320007 lead_gap=12.319429637789032 host_gap=0.0 lead_gap_p1=12.319429637789032 lead_gap_p2=12.319429637789032 lead_gap_p3=12.319429637789032 host_gap_p1=0.0 host_gap_p2=0.0 host_gap_p3=0.0 rel_to_lead=-0.21730408277790225 rel_to_host=-1.1726959172220983 lead_lat=8.633342949748204 host_lat=31.715894370420074 edge=34126779 lane=0 lane_cmd_state=None lane_cmd_edge=None lane_cmd_target=None lane_cmd_executable=None dtm=41.2 speed=6.44
obu-ramp-merge-3-1     | MERGE_ATTEMPT_TIMELINE: vehicle=Ramp_Merge_3 manoeuvre=67 host=106 lead=105 event=PHYSICAL_START t=19.4 edge=34126779 lane=0 lane_cmd_state=NONE speed=6.44 target=6.62 dtm=41.2 lead_gap=12.32 host_gap=0.00 lead_gap_t1=12.32 lead_gap_t2=12.32 lead_gap_t3=12.32 host_gap_t1=0.00 host_gap_t2=0.00 host_gap_t3=0.00
obu-ramp-merge-3-1     | [19.4] Ramp_Merge_3 MERGE_PHYSICAL_START: host=106 manoeuvre=67
obu-ramp-merge-3-1     | [19.4] Ramp_Merge_3 MERGING!
obu-ramp-merge-3-1     | [19.4] Ramp_Merge_3 CAR_FOLLOW: sid=103 edge=34126779 lane=0 leader_edge= leader_lane=None leader_role_hint=main self_merge_completed=False self_merge_completed_age=-1.0 self_merge_committed=True lane_cmd_state=None lane_cmd_edge=None lane_cmd_target=None lane_cmd_executable=None same_lane=False reason=merge_conflict_eta gap=0.2 follow_spd=5.07 emergency=False target_before=6.622695917222098 target_after=6.192695917222098
obu-ramp-merge-5-1     | [19.6] Ramp_Merge_5 MERGE_DECISION: auth=False phys=False fgok=True lgok=False hgok=True cok=True esok=True cready=False dtm=83.0 past=False committed=False hid=None ra=None lclear=True hyok=True
obu-ramp-merge-3-1     | [19.6] Ramp_Merge_3 MCM_RX_ACCEPT: from=106 manoeuvre=67 target=109
obu-ramp-merge-3-1     | [19.6] Ramp_Merge_3 MCM_RX_ACCEPT: from=106 manoeuvre=67 target=109
obu-main-back-left-1   | HOST_RESERVATION_EXTEND_UNTIL_CLEAR: host=Main_Back_Left ramp=108 manoeuvre=37 new_remaining=4.0 ramp_lcs=WAIT_EDGE ramp_edge=34126779
obu-main-back-left-1   | HOST_RESERVATION_HOLD: host=Main_Back_Left ramp=108 manoeuvre=37 remaining=4.0 own_speed=6.33 target_speed=4.88 ramp_fsm=NEGOTIATING ramp_lane_cmd_state=WAIT_EDGE ramp_edge=34126779 ramp_lane=0 ramp_merge_completed=False ramp_merge_committed=False
obu-main-back-left-1   | [19.7] Main_Back_Left HOST_HOLD_YIELD: for merge=108 spd=4.88
obu-main-back-right-1  | HOST_RESERVATION_HOLD: host=Main_Back_Right ramp=109 manoeuvre=67 remaining=2.6 own_speed=5.15 target_speed=4.88 ramp_fsm=NEGOTIATING ramp_lane_cmd_state=NONE ramp_edge=34126779 ramp_lane=0 ramp_merge_completed=False ramp_merge_committed=False
obu-main-back-right-1  | [19.6] Main_Back_Right HOST_HOLD_YIELD: for merge=109 spd=4.88
obu-main-back-left-1   | [19.7] Main_Back_Left MCM_TX_ACCEPT: manoeuvre=37 target=108
obu-main-back-left-1   | [19.7] Main_Back_Left role=host state=YIELDING->YIELDING speed=6.33 target=4.88 neighbors=10
obu-ramp-merge-2-1     | [19.6] Ramp_Merge_2 MCM_TX_REQUEST: manoeuvre=37 target=105
obu-ramp-merge-2-1     | [19.6] Ramp_Merge_2 FINAL_GUARD: REJECTED slot-boundary ETA sid=104
obu-ramp-merge-2-1     | [19.6] Ramp_Merge_2 MERGE_DECISION: auth=False phys=True fgok=False lgok=False hgok=True cok=True esok=True cready=True dtm=8.0 past=False committed=False hid=105 ra=None lclear=False hyok=False
obu-ramp-merge-2-1     | [19.6] Ramp_Merge_2 MCM_RX_ACCEPT: from=105 manoeuvre=37 target=108
obu-ramp-back-1        | [19.6] Ramp_Back role=merge state=CRUISE->CRUISE speed=6.55 target=6.75 neighbors=10
obu-ramp-merge-2-1     | [19.6] Ramp_Merge_2 MCM_RX_ACCEPT: from=105 manoeuvre=37 target=108
obu-ramp-merge-4-1     | [19.6] Ramp_Merge_4 MERGE_DECISION: auth=True phys=True fgok=True lgok=True hgok=True cok=True esok=True cready=True dtm=62.7 past=False committed=False hid=106 ra=2 lclear=True hyok=True
obu-ramp-merge-4-1     | [19.6] Ramp_Merge_4 MERGE_START_GAP_DIAG: event=start lead=105 host=106 lead_eta=4.019515780894427 own_eta=9.79331495105134 host_eta=11.45486168364161 lead_gap=37.41099548275979 host_gap=30.374123630933298 lead_gap_p1=37.41099548275979 lead_gap_p2=37.41099548275979 lead_gap_p3=37.41099548275979 host_gap_p1=29.1467235615578 host_gap_p2=27.9193234921823 host_gap_p3=26.691923422806806 rel_to_lead=-0.16259993062450295 rel_to_host=1.2274000693754976 lead_lat=13.653743171274202 host_lat=18.541322814570655 edge=34126779 lane=0 lane_cmd_state=None lane_cmd_edge=None lane_cmd_target=None lane_cmd_executable=None dtm=62.7 speed=6.41
obu-ramp-merge-4-1     | MERGE_ATTEMPT_TIMELINE: vehicle=Ramp_Merge_4 manoeuvre=96 host=106 lead=105 event=PHYSICAL_START t=19.6 edge=34126779 lane=0 lane_cmd_state=NONE speed=6.41 target=6.59 dtm=62.7 lead_gap=37.41 host_gap=30.37 lead_gap_t1=37.41 lead_gap_t2=37.41 lead_gap_t3=37.41 host_gap_t1=29.15 host_gap_t2=27.92 host_gap_t3=26.69
obu-ramp-merge-4-1     | [19.6] Ramp_Merge_4 MERGE_PHYSICAL_START: host=106 manoeuvre=96
obu-ramp-merge-4-1     | [19.6] Ramp_Merge_4 MERGING!
obu-main-back-right-1  | HOST_RESERVATION_HOLD: host=Main_Back_Right ramp=109 manoeuvre=67 remaining=2.4 own_speed=5.12 target_speed=4.88 ramp_fsm=NEGOTIATING ramp_lane_cmd_state=NONE ramp_edge=34126779 ramp_lane=0 ramp_merge_completed=False ramp_merge_committed=False
obu-main-back-right-1  | [19.8] Main_Back_Right HOST_HOLD_YIELD: for merge=109 spd=4.88
obu-main-back-left-1   | HOST_RESERVATION_EXTEND_UNTIL_CLEAR: host=Main_Back_Left ramp=108 manoeuvre=37 new_remaining=4.0 ramp_lcs=WAIT_EDGE ramp_edge=34126779
obu-main-back-left-1   | HOST_RESERVATION_HOLD: host=Main_Back_Left ramp=108 manoeuvre=37 remaining=4.0 own_speed=6.26 target_speed=4.88 ramp_fsm=NEGOTIATING ramp_lane_cmd_state=WAIT_EDGE ramp_edge=34126779 ramp_lane=0 ramp_merge_completed=False ramp_merge_committed=False
obu-main-back-left-1   | [19.8] Main_Back_Left HOST_HOLD_YIELD: for merge=108 spd=4.88
obu-main-back-right-1  | [19.8] Main_Back_Right MCM_TX_ACCEPT: manoeuvre=67 target=109
obu-ramp-merge-2-1     | MERGE_ATTEMPT_TIMELINE: vehicle=Ramp_Merge_2 manoeuvre=37 host=105 lead=104 event=ACCEPT_MATCHED t=19.8 edge=34126779 lane=0 lane_cmd_state=WAIT_EDGE speed=6.54 target=6.75 dtm=7.0 lead_gap=9.10 host_gap=16.79 lead_gap_t1=9.10 lead_gap_t2=9.10 lead_gap_t3=9.10 host_gap_t1=16.32 host_gap_t2=15.86 host_gap_t3=15.40
obu-ramp-merge-2-1     | [19.8] Ramp_Merge_2 MCM_ACCEPT_MATCHED: host=105 manoeuvre=37
obu-ramp-merge-2-1     | [19.8] Ramp_Merge_2 FINAL_GUARD: REJECTED slot-boundary ETA sid=104
obu-ramp-merge-2-1     | [19.8] Ramp_Merge_2 CAR_FOLLOW: sid=104 edge=34126779 lane=0 leader_edge= leader_lane=None leader_role_hint=main self_merge_completed=False self_merge_completed_age=-1.0 self_merge_committed=False lane_cmd_state=WAIT_EDGE lane_cmd_edge=34126779 lane_cmd_target=1 lane_cmd_executable=False same_lane=False reason=merge_conflict_eta gap=0.1 follow_spd=4.12 emergency=False target_before=6.375 target_after=6.2893258844789575
obu-ramp-merge-2-1     | [19.8] Ramp_Merge_2 role=merge state=YIELDING->NEGOTIATING speed=6.54 target=6.29 neighbors=10
traci-bridge-1         | LANE_CMD_WAIT_EDGE veh=Ramp_Merge_2 edge=34126779 lane=0 target=1 lane_count=1
traci-bridge-1         | LANE_CMD_STATE veh=Ramp_Merge_2 edge=34126779 lane=0 target=1 lane_count=1 recently=False speed=6.49
traci-bridge-1         | LANE_CMD_WAIT_EDGE veh=Ramp_Merge_2 edge=34126779 lane=0 target=1 lane_count=1
traci-bridge-1         | LANE_CMD_STATE veh=Ramp_Merge_2 edge=34126779 lane=0 target=1 lane_count=1 recently=False speed=6.50
traci-bridge-1         | LANE_CMD_WAIT_EDGE veh=Ramp_Merge_2 edge=34126779 lane=0 target=1 lane_count=1
traci-bridge-1         | LANE_CMD_STATE veh=Ramp_Merge_2 edge=34126779 lane=0 target=1 lane_count=1 recently=False speed=6.50
traci-bridge-1         | LANE_CMD_WAIT_EDGE veh=Ramp_Merge_2 edge=34126779 lane=0 target=1 lane_count=1
traci-bridge-1         | LANE_CMD_STATE veh=Ramp_Merge_2 edge=34126779 lane=0 target=1 lane_count=1 recently=False speed=6.51
traci-bridge-1         | LANE_CMD_WAIT_EDGE veh=Ramp_Merge_2 edge=34126779 lane=0 target=1 lane_count=1
traci-bridge-1         | LANE_CMD_STATE veh=Ramp_Merge_2 edge=34126779 lane=0 target=1 lane_count=1 recently=False speed=6.52
traci-bridge-1         | LANE_CMD_WAIT_EDGE veh=Ramp_Merge_2 edge=34126779 lane=0 target=1 lane_count=1
traci-bridge-1         | LANE_CMD_STATE veh=Ramp_Merge_2 edge=34126779 lane=0 target=1 lane_count=1 recently=False speed=6.53
traci-bridge-1         | LANE_CMD_WAIT_EDGE veh=Ramp_Merge_2 edge=34126779 lane=0 target=1 lane_count=1
traci-bridge-1         | LANE_CMD_STATE veh=Ramp_Merge_2 edge=34126779 lane=0 target=1 lane_count=1 recently=False speed=6.54
traci-bridge-1         | LANE_CMD_WAIT_EDGE veh=Ramp_Merge_2 edge=34126779 lane=0 target=1 lane_count=1
traci-bridge-1         | LANE_CMD_STATE veh=Ramp_Merge_2 edge=34126779 lane=0 target=1 lane_count=1 recently=False speed=6.54
traci-bridge-1         | LANE_CMD_WAIT_EDGE veh=Ramp_Merge_2 edge=34126779 lane=0 target=1 lane_count=1
traci-bridge-1         | LANE_CMD_STATE veh=Ramp_Merge_2 edge=34126779 lane=0 target=1 lane_count=1 recently=False speed=6.55
traci-bridge-1         | LANE_CMD_WAIT_EDGE veh=Ramp_Merge_2 edge=34126779 lane=0 target=1 lane_count=1
traci-bridge-1         | LANE_CMD_STATE veh=Ramp_Merge_2 edge=34126779 lane=0 target=1 lane_count=1 recently=False speed=6.55
traci-bridge-1         | LANE_CMD_WAIT_EDGE veh=Ramp_Merge_2 edge=34126779 lane=0 target=1 lane_count=1
traci-bridge-1         | LANE_CMD_STATE veh=Ramp_Merge_2 edge=34126779 lane=0 target=1 lane_count=1 recently=False speed=6.56
traci-bridge-1         | LANE_CMD_WAIT_EDGE veh=Ramp_Merge_2 edge=34126779 lane=0 target=1 lane_count=1
traci-bridge-1         | LANE_CMD_STATE veh=Ramp_Merge_2 edge=34126779 lane=0 target=1 lane_count=1 recently=False speed=6.57
traci-bridge-1         | LANE_CMD_WAIT_EDGE veh=Ramp_Merge_2 edge=34126779 lane=0 target=1 lane_count=1
traci-bridge-1         | LANE_CMD_STATE veh=Ramp_Merge_2 edge=34126779 lane=0 target=1 lane_count=1 recently=False speed=6.58
traci-bridge-1         | LANE_CMD_WAIT_EDGE veh=Ramp_Merge_2 edge=34126779 lane=0 target=1 lane_count=1
traci-bridge-1         | LANE_CMD_STATE veh=Ramp_Merge_2 edge=34126779 lane=0 target=1 lane_count=1 recently=False speed=6.58
traci-bridge-1         | LANE_CMD_WAIT_EDGE veh=Ramp_Merge_2 edge=34126779 lane=0 target=1 lane_count=1
traci-bridge-1         | LANE_CMD_STATE veh=Ramp_Merge_2 edge=34126779 lane=0 target=1 lane_count=1 recently=False speed=6.59
traci-bridge-1         | LANE_CMD_WAIT_EDGE veh=Ramp_Merge_2 edge=34126779 lane=0 target=1 lane_count=1
traci-bridge-1         | LANE_CMD_STATE veh=Ramp_Merge_2 edge=34126779 lane=0 target=1 lane_count=1 recently=False speed=6.60
traci-bridge-1         | LANE_CMD_WAIT_EDGE veh=Ramp_Merge_2 edge=34126779 lane=0 target=1 lane_count=1
traci-bridge-1         | LANE_CMD_STATE veh=Ramp_Merge_2 edge=34126779 lane=0 target=1 lane_count=1 recently=False speed=6.60
traci-bridge-1         | LANE_CMD_WAIT_EDGE veh=Ramp_Merge_2 edge=34126779 lane=0 target=1 lane_count=1
traci-bridge-1         | LANE_CMD_STATE veh=Ramp_Merge_2 edge=34126779 lane=0 target=1 lane_count=1 recently=False speed=6.61
traci-bridge-1         | LANE_CMD_WAIT_EDGE veh=Ramp_Merge_2 edge=34126779 lane=0 target=1 lane_count=1
traci-bridge-1         | LANE_CMD_STATE veh=Ramp_Merge_2 edge=34126779 lane=0 target=1 lane_count=1 recently=False speed=6.62
traci-bridge-1         | LANE_CMD_WAIT_EDGE veh=Ramp_Merge_2 edge=34126779 lane=0 target=1 lane_count=1
traci-bridge-1         | LANE_CMD_STATE veh=Ramp_Merge_2 edge=34126779 lane=0 target=1 lane_count=1 recently=False speed=6.62
traci-bridge-1         | LANE_CMD_WAIT_EDGE veh=Ramp_Merge_2 edge=34126779 lane=0 target=1 lane_count=1
traci-bridge-1         | LANE_CMD_STATE veh=Ramp_Merge_2 edge=34126779 lane=0 target=1 lane_count=1 recently=False speed=6.63
traci-bridge-1         | LANE_CMD_WAIT_EDGE veh=Ramp_Merge_2 edge=34126779 lane=0 target=1 lane_count=1
traci-bridge-1         | LANE_CMD_STATE veh=Ramp_Merge_2 edge=34126779 lane=0 target=1 lane_count=1 recently=False speed=6.64
traci-bridge-1         | LANE_CMD_WAIT_EDGE veh=Ramp_Merge_2 edge=34126779 lane=0 target=1 lane_count=1
traci-bridge-1         | LANE_CMD_STATE veh=Ramp_Merge_2 edge=34126779 lane=0 target=1 lane_count=1 recently=False speed=6.64
traci-bridge-1         | LANE_CMD_WAIT_EDGE veh=Ramp_Merge_2 edge=34126779 lane=0 target=1 lane_count=1
traci-bridge-1         | LANE_CMD_STATE veh=Ramp_Merge_2 edge=34126779 lane=0 target=1 lane_count=1 recently=False speed=6.65
traci-bridge-1         | LANE_CMD_WAIT_EDGE veh=Ramp_Merge_2 edge=34126779 lane=0 target=1 lane_count=1
traci-bridge-1         | LANE_CMD_STATE veh=Ramp_Merge_2 edge=34126779 lane=0 target=1 lane_count=1 recently=False speed=6.65
traci-bridge-1         | LANE_CMD_WAIT_EDGE veh=Ramp_Merge_2 edge=34126779 lane=0 target=1 lane_count=1
traci-bridge-1         | LANE_CMD_STATE veh=Ramp_Merge_2 edge=34126779 lane=0 target=1 lane_count=1 recently=False speed=6.66
traci-bridge-1         | LANE_CMD_WAIT_EDGE veh=Ramp_Merge_2 edge=34126779 lane=0 target=1 lane_count=1
traci-bridge-1         | LANE_CMD_STATE veh=Ramp_Merge_2 edge=34126779 lane=0 target=1 lane_count=1 recently=False speed=6.66
traci-bridge-1         | LANE_CMD_WAIT_EDGE veh=Ramp_Merge_2 edge=34126779 lane=0 target=1 lane_count=1
traci-bridge-1         | LANE_CMD_STATE veh=Ramp_Merge_2 edge=34126779 lane=0 target=1 lane_count=1 recently=False speed=6.65
traci-bridge-1         | LANE_CMD_WAIT_EDGE veh=Ramp_Merge_2 edge=34126779 lane=0 target=1 lane_count=1
traci-bridge-1         | LANE_CMD_STATE veh=Ramp_Merge_2 edge=34126779 lane=0 target=1 lane_count=1 recently=False speed=6.64
traci-bridge-1         | LANE_CMD_WAIT_EDGE veh=Ramp_Merge_2 edge=34126779 lane=0 target=1 lane_count=1
traci-bridge-1         | LANE_CMD_STATE veh=Ramp_Merge_2 edge=34126779 lane=0 target=1 lane_count=1 recently=False speed=6.63
traci-bridge-1         | LANE_CMD_WAIT_EDGE veh=Ramp_Merge_2 edge=34126779 lane=0 target=1 lane_count=1
traci-bridge-1         | LANE_CMD_STATE veh=Ramp_Merge_2 edge=34126779 lane=0 target=1 lane_count=1 recently=False speed=6.61
traci-bridge-1         | LANE_CMD_WAIT_EDGE veh=Ramp_Merge_2 edge=34126779 lane=0 target=1 lane_count=1
traci-bridge-1         | LANE_CMD_STATE veh=Ramp_Merge_2 edge=34126779 lane=0 target=1 lane_count=1 recently=False speed=6.62
traci-bridge-1         | LANE_CMD_WAIT_EDGE veh=Ramp_Merge_2 edge=34126779 lane=0 target=1 lane_count=1
traci-bridge-1         | LANE_CMD_STATE veh=Ramp_Merge_2 edge=34126779 lane=0 target=1 lane_count=1 recently=False speed=6.63
traci-bridge-1         | LANE_CMD_WAIT_EDGE veh=Ramp_Merge_2 edge=34126779 lane=0 target=1 lane_count=1
traci-bridge-1         | LANE_CMD_STATE veh=Ramp_Merge_2 edge=34126779 lane=0 target=1 lane_count=1 recently=False speed=6.61
traci-bridge-1         | LANE_CMD_WAIT_EDGE veh=Ramp_Merge_2 edge=34126779 lane=0 target=1 lane_count=1
traci-bridge-1         | LANE_CMD_STATE veh=Ramp_Merge_2 edge=34126779 lane=0 target=1 lane_count=1 recently=False speed=6.60
traci-bridge-1         | LANE_CMD_WAIT_EDGE veh=Ramp_Merge_2 edge=34126779 lane=0 target=1 lane_count=1
traci-bridge-1         | LANE_CMD_STATE veh=Ramp_Merge_2 edge=34126779 lane=0 target=1 lane_count=1 recently=False speed=6.59
traci-bridge-1         | LANE_CMD_WAIT_EDGE veh=Ramp_Merge_2 edge=34126779 lane=0 target=1 lane_count=1
traci-bridge-1         | LANE_CMD_STATE veh=Ramp_Merge_2 edge=34126779 lane=0 target=1 lane_count=1 recently=False speed=6.58
traci-bridge-1         | LANE_CMD_WAIT_EDGE veh=Ramp_Merge_2 edge=34126779 lane=0 target=1 lane_count=1
traci-bridge-1         | LANE_CMD_STATE veh=Ramp_Merge_2 edge=34126779 lane=0 target=1 lane_count=1 recently=False speed=6.57
traci-bridge-1         | LANE_CMD_WAIT_EDGE veh=Ramp_Merge_2 edge=34126779 lane=0 target=1 lane_count=1
traci-bridge-1         | LANE_CMD_STATE veh=Ramp_Merge_2 edge=34126779 lane=0 target=1 lane_count=1 recently=False speed=6.56
traci-bridge-1         | LANE_CMD_WAIT_EDGE veh=Ramp_Merge_2 edge=34126779 lane=0 target=1 lane_count=1
traci-bridge-1         | LANE_CMD_STATE veh=Ramp_Merge_2 edge=34126779 lane=0 target=1 lane_count=1 recently=False speed=6.55
traci-bridge-1         | LANE_CMD_WAIT_EDGE veh=Ramp_Merge_2 edge=34126779 lane=0 target=1 lane_count=1
traci-bridge-1         | LANE_CMD_STATE veh=Ramp_Merge_2 edge=34126779 lane=0 target=1 lane_count=1 recently=False speed=6.54
traci-bridge-1         | LANE_CMD_WAIT_EDGE veh=Ramp_Merge_2 edge=34126779 lane=0 target=1 lane_count=1
traci-bridge-1         | LANE_CMD_STATE veh=Ramp_Merge_3 edge=34126779 lane=0 target=1 lane_count=1 recently=False speed=6.40
traci-bridge-1         | LANE_CMD_WAIT_EDGE veh=Ramp_Merge_3 edge=34126779 lane=0 target=1 lane_count=1
traci-bridge-1         | LANE_CMD_STATE veh=Ramp_Merge_2 edge=34126779 lane=0 target=1 lane_count=1 recently=False speed=6.53
traci-bridge-1         | LANE_CMD_WAIT_EDGE veh=Ramp_Merge_2 edge=34126779 lane=0 target=1 lane_count=1
traci-bridge-1         | LANE_CMD_STATE veh=Ramp_Merge_3 edge=34126779 lane=0 target=1 lane_count=1 recently=False speed=6.39
traci-bridge-1         | LANE_CMD_WAIT_EDGE veh=Ramp_Merge_3 edge=34126779 lane=0 target=1 lane_count=1
traci-bridge-1         | LANE_CMD_STATE veh=Ramp_Merge_4 edge=34126779 lane=0 target=1 lane_count=1 recently=False speed=6.40
traci-bridge-1         | LANE_CMD_WAIT_EDGE veh=Ramp_Merge_4 edge=34126779 lane=0 target=1 lane_count=1
obu-ramp-merge-4-1     | [19.8] Ramp_Merge_4 role=merge state=MERGING->MERGING speed=6.40 target=6.58 neighbors=10
obu-ramp-merge-4-1     | [19.9] Ramp_Merge_4 MERGE_LANE_WAIT_EDGE_CONFIRMED: edge=34126779 lane=0 target_lane=1 lane_count=1 executable=False
obu-ramp-merge-3-1     | [19.8] Ramp_Merge_3 role=merge state=MERGING->MERGING speed=6.40 target=6.58 neighbors=10
obu-ramp-merge-3-1     | [19.8] Ramp_Merge_3 MERGE_LANE_WAIT_EDGE_CONFIRMED: edge=34126779 lane=0 target_lane=1 lane_count=1 executable=False
obu-main-back-right-1  | HOST_RESERVATION_EXTEND_UNTIL_CLEAR: host=Main_Back_Right ramp=109 manoeuvre=67 new_remaining=4.0 ramp_lcs=NONE ramp_edge=34126779
obu-main-back-right-1  | HOST_RESERVATION_HOLD: host=Main_Back_Right ramp=109 manoeuvre=67 remaining=4.0 own_speed=5.10 target_speed=4.88 ramp_fsm=MERGING ramp_lane_cmd_state=NONE ramp_edge=34126779 ramp_lane=0 ramp_merge_completed=False ramp_merge_committed=True
obu-main-back-right-1  | [20.0] Main_Back_Right HOST_HOLD_YIELD: for merge=109 spd=4.88
obu-main-back-left-1   | HOST_RESERVATION_EXTEND_UNTIL_CLEAR: host=Main_Back_Left ramp=108 manoeuvre=37 new_remaining=4.0 ramp_lcs=WAIT_EDGE ramp_edge=34126779
obu-main-back-left-1   | HOST_RESERVATION_HOLD: host=Main_Back_Left ramp=108 manoeuvre=37 remaining=4.0 own_speed=6.12 target_speed=4.88 ramp_fsm=YIELDING ramp_lane_cmd_state=WAIT_EDGE ramp_edge=34126779 ramp_lane=0 ramp_merge_completed=False ramp_merge_committed=False
obu-main-back-left-1   | [20.0] Main_Back_Left HOST_HOLD_YIELD: for merge=108 spd=4.88
obu-ramp-merge-2-1     | [20.0] Ramp_Merge_2 MCM_RX_ACCEPT: from=105 manoeuvre=37 target=108
obu-main-back-left-1   | [20.0] Main_Back_Left MCM_TX_ACCEPT: manoeuvre=37 target=108
obu-main-back-right-1  | [20.0] Main_Back_Right MCM_RX_REQUEST: from=109 manoeuvre=67 target=106
obu-ramp-merge-3-1     | [20.0] Ramp_Merge_3 MCM_RX_ACCEPT: from=106 manoeuvre=67 target=109
obu-main-back-left-1   | [20.1] Main_Back_Left MCM_RX_REQUEST: from=108 manoeuvre=37 target=105
obu-ramp-merge-2-1     | [20.0] Ramp_Merge_2 FINAL_GUARD: REJECTED slot-boundary ETA sid=104
obu-ramp-merge-4-1     | MERGE_ATTEMPT_TIMELINE: vehicle=Ramp_Merge_4 manoeuvre=96 host=106 lead=105 event=WAIT_EDGE t=20.0 edge=34126779 lane=0 lane_cmd_state=WAIT_EDGE speed=6.41 target=6.75 dtm=60.6 lead_gap=36.55 host_gap=26.59 lead_gap_t1=36.38 lead_gap_t2=36.22 lead_gap_t3=36.06 host_gap_t1=25.33 host_gap_t2=24.07 host_gap_t3=22.81
obu-ramp-merge-4-1     | [20.0] Ramp_Merge_4 MERGE_COMMIT_WAIT_LANE_AVAILABLE: edge=34126779 lane=0 target_lane=1 lane_count=1 executable=False speed=6.41 dtm=60.6
obu-ramp-merge-3-1     | MERGE_ATTEMPT_TIMELINE: vehicle=Ramp_Merge_3 manoeuvre=67 host=106 lead=105 event=WAIT_EDGE t=20.0 edge=34126779 lane=0 lane_cmd_state=WAIT_EDGE speed=6.40 target=6.75 dtm=37.4 lead_gap=12.88 host_gap=4.29 lead_gap_t1=12.73 lead_gap_t2=12.58 lead_gap_t3=12.43 host_gap_t1=4.29 host_gap_t2=4.29 host_gap_t3=4.29
obu-ramp-merge-3-1     | [20.0] Ramp_Merge_3 MERGE_COMMIT_WAIT_LANE_AVAILABLE: edge=34126779 lane=0 target_lane=1 lane_count=1 executable=False speed=6.40 dtm=37.4
obu-ramp-merge-5-1     | [20.0] Ramp_Merge_5 MERGE_DECISION: auth=False phys=False fgok=True lgok=True hgok=True cok=True esok=True cready=False dtm=81.3 past=False committed=False hid=None ra=None lclear=True hyok=True
obu-ramp-merge-5-1     | [20.0] Ramp_Merge_5 role=merge state=CRUISE->CRUISE speed=6.50 target=6.68 neighbors=10
obu-main-back-left-1   | HOST_RESERVATION_EXTEND_UNTIL_CLEAR: host=Main_Back_Left ramp=108 manoeuvre=37 new_remaining=4.0 ramp_lcs=WAIT_EDGE ramp_edge=34126779
obu-main-back-left-1   | HOST_RESERVATION_HOLD: host=Main_Back_Left ramp=108 manoeuvre=37 remaining=4.0 own_speed=6.00 target_speed=4.88 ramp_fsm=YIELDING ramp_lane_cmd_state=WAIT_EDGE ramp_edge=34126779 ramp_lane=0 ramp_merge_completed=False ramp_merge_committed=False
obu-main-back-left-1   | [20.2] Main_Back_Left HOST_HOLD_YIELD: for merge=108 spd=4.88
obu-ramp-merge-2-1     | [20.1] Ramp_Merge_2 FINAL_GUARD: REJECTED slot-boundary ETA sid=104
obu-ramp-merge-4-1     | [20.1] Ramp_Merge_4 MERGE_COMMIT_WAIT_LANE_AVAILABLE: edge=34126779 lane=0 target_lane=1 lane_count=1 executable=False speed=6.42 dtm=60.0
obu-merge-car-1        | [20.2] Merge_Car role=cruise state=CRUISE->CRUISE speed=7.07 target=7.50 neighbors=10
obu-ramp-merge-3-1     | [20.1] Ramp_Merge_3 MERGE_COMMIT_WAIT_LANE_AVAILABLE: edge=34126779 lane=0 target_lane=1 lane_count=1 executable=False speed=6.41 dtm=36.8
obu-ramp-merge-5-1     | [20.1] Ramp_Merge_5 MERGE_DECISION: auth=False phys=False fgok=True lgok=True hgok=True cok=True esok=True cready=False dtm=80.9 past=False committed=False hid=None ra=None lclear=True hyok=True
obu-main-back-left-1   | HOST_RESERVATION_EXTEND_UNTIL_CLEAR: host=Main_Back_Left ramp=108 manoeuvre=37 new_remaining=4.0 ramp_lcs=WAIT_EDGE ramp_edge=34126779
obu-main-back-left-1   | HOST_RESERVATION_HOLD: host=Main_Back_Left ramp=108 manoeuvre=37 remaining=4.0 own_speed=5.89 target_speed=4.88 ramp_fsm=NEGOTIATING ramp_lane_cmd_state=WAIT_EDGE ramp_edge=34126779 ramp_lane=0 ramp_merge_completed=False ramp_merge_committed=False
obu-main-back-left-1   | [20.4] Main_Back_Left HOST_HOLD_YIELD: for merge=108 spd=4.88
obu-main-back-left-1   | [20.4] Main_Back_Left MCM_TX_ACCEPT: manoeuvre=37 target=108
obu-ramp-merge-2-1     | [20.3] Ramp_Merge_2 FINAL_GUARD: REJECTED slot-boundary ETA sid=104
obu-ramp-merge-2-1     | [20.4] Ramp_Merge_2 MERGE_LANE_WAIT_EDGE_CONFIRMED: edge=:390064918_0 lane=0 target_lane=1 lane_count=1 executable=False
obu-ramp-merge-3-1     | [20.4] Ramp_Merge_3 MERGE_COMMIT_WAIT_LANE_AVAILABLE: edge=34126779 lane=0 target_lane=1 lane_count=1 executable=False speed=6.43 dtm=34.9
obu-ramp-merge-5-1     | [20.3] Ramp_Merge_5 MERGE_DECISION: auth=False phys=False fgok=True lgok=True hgok=True cok=True esok=True cready=False dtm=80.0 past=False committed=False hid=None ra=None lclear=True hyok=True
obu-ramp-merge-3-1     | [20.6] Ramp_Merge_3 MERGE_COMMIT_WAIT_LANE_AVAILABLE: edge=34126779 lane=0 target_lane=1 lane_count=1 executable=False speed=6.45 dtm=33.7
obu-ramp-merge-3-1     | [20.6] Ramp_Merge_3 MERGE_COMMIT_SAFETY_HOLD: lgok=False hgok=True fgok=True edge=34126779 lane=0 target_lane=1 speed=6.45 lane_cmd_state=WAIT_EDGE lane_cmd_executable=False lane_cmd_edge=34126779 lane_cmd_lane_count=1
obu-ramp-merge-3-1     | [20.6] Ramp_Merge_3 CAR_FOLLOW: sid=105 edge=34126779 lane=0 leader_edge= leader_lane=None leader_role_hint=main self_merge_completed=False self_merge_completed_age=-1.0 self_merge_committed=True lane_cmd_state=WAIT_EDGE lane_cmd_edge=34126779 lane_cmd_target=1 lane_cmd_executable=False same_lane=False reason=merge_conflict_eta gap=1.4 follow_spd=6.33 emergency=False target_before=2.25 target_after=6.329893351584178
obu-ramp-merge-5-1     | [20.5] Ramp_Merge_5 MERGE_DECISION: auth=False phys=False fgok=True lgok=True hgok=True cok=True esok=True cready=False dtm=79.2 past=False committed=False hid=None ra=None lclear=True hyok=True
obu-ramp-merge-2-1     | [20.7] Ramp_Merge_2 MCM_RX_ACCEPT: from=105 manoeuvre=37 target=108
obu-main-back-left-1   | HOST_RESERVATION_EXTEND_UNTIL_CLEAR: host=Main_Back_Left ramp=108 manoeuvre=37 new_remaining=4.0 ramp_lcs=WAIT_EDGE ramp_edge=34126779
obu-main-back-left-1   | HOST_RESERVATION_HOLD: host=Main_Back_Left ramp=108 manoeuvre=37 remaining=4.0 own_speed=5.75 target_speed=4.88 ramp_fsm=NEGOTIATING ramp_lane_cmd_state=WAIT_EDGE ramp_edge=34126779 ramp_lane=0 ramp_merge_completed=False ramp_merge_committed=False
obu-main-back-left-1   | [20.7] Main_Back_Left HOST_HOLD_YIELD: for merge=108 spd=4.88
obu-main-back-left-1   | [20.7] Main_Back_Left MCM_TX_ACCEPT: manoeuvre=37 target=108
obu-main-back-left-1   | [20.7] Main_Back_Left role=host state=YIELDING->YIELDING speed=5.75 target=4.88 neighbors=10
obu-ramp-merge-2-1     | [20.7] Ramp_Merge_2 MCM_RX_ACCEPT: from=105 manoeuvre=37 target=108
obu-ramp-back-1        | [20.7] Ramp_Back MERGE_DECISION: auth=False phys=False fgok=True lgok=True hgok=True cok=True esok=True cready=False dtm=94.8 past=False committed=False hid=None ra=None lclear=False hyok=True
obu-ramp-back-1        | [20.7] Ramp_Back role=merge state=CRUISE->CRUISE speed=6.64 target=6.75 neighbors=10
obu-lead-car-1         | [20.8] Lead_Car role=cruise state=CRUISE->CRUISE speed=7.50 target=7.50 neighbors=10
obu-ramp-merge-4-1     | [20.7] Ramp_Merge_4 MERGE_COMMIT_WAIT_LANE_AVAILABLE: edge=34126779 lane=0 target_lane=1 lane_count=1 executable=False speed=6.47 dtm=56.5
obu-ramp-merge-2-1     | [20.8] Ramp_Merge_2 MERGE_LANE_APPLY_CONFIRMED: edge=1331698336 lane=0 target_lane=1 lane_count=3 executable=True
obu-main-mid-right-1   | [20.8] Main_Mid_Right role=cruise state=CRUISE->CRUISE speed=7.51 target=7.50 neighbors=10
obu-host-car-1         | [20.7] Host_Car role=cruise state=CRUISE->CRUISE speed=7.43 target=7.50 neighbors=10
obu-ramp-merge-5-1     | [20.7] Ramp_Merge_5 MERGE_DECISION: auth=False phys=False fgok=True lgok=False hgok=True cok=True esok=True cready=False dtm=78.3 past=False committed=False hid=None ra=None lclear=True hyok=True
obu-main-back-right-1  | HOST_RESERVATION_EXTEND_UNTIL_CLEAR: host=Main_Back_Right ramp=109 manoeuvre=67 new_remaining=4.0 ramp_lcs=WAIT_EDGE ramp_edge=34126779
obu-main-back-right-1  | HOST_RESERVATION_HOLD: host=Main_Back_Right ramp=109 manoeuvre=67 remaining=4.0 own_speed=5.02 target_speed=4.88 ramp_fsm=MERGING ramp_lane_cmd_state=WAIT_EDGE ramp_edge=34126779 ramp_lane=0 ramp_merge_completed=False ramp_merge_committed=True
obu-main-back-right-1  | [20.8] Main_Back_Right HOST_HOLD_YIELD: for merge=109 spd=4.88
obu-main-back-right-1  | [20.8] Main_Back_Right MCM_TX_ACCEPT: manoeuvre=67 target=109
obu-main-back-right-1  | [20.8] Main_Back_Right role=host state=YIELDING->YIELDING speed=5.02 target=4.88 neighbors=10
obu-main-back-left-1   | HOST_RESERVATION_EXTEND_UNTIL_CLEAR: host=Main_Back_Left ramp=108 manoeuvre=37 new_remaining=4.0 ramp_lcs=WAIT_EDGE ramp_edge=34126779
obu-main-back-left-1   | HOST_RESERVATION_HOLD: host=Main_Back_Left ramp=108 manoeuvre=37 remaining=4.0 own_speed=5.70 target_speed=4.88 ramp_fsm=NEGOTIATING ramp_lane_cmd_state=WAIT_EDGE ramp_edge=34126779 ramp_lane=0 ramp_merge_completed=False ramp_merge_committed=False
obu-main-back-left-1   | [20.8] Main_Back_Left HOST_HOLD_YIELD: for merge=108 spd=4.88
obu-ramp-merge-2-1     | [20.8] Ramp_Merge_2 role=merge state=NEGOTIATING->NEGOTIATING speed=6.45 target=6.38 neighbors=10
obu-ramp-merge-4-1     | [20.8] Ramp_Merge_4 MERGE_COMMIT_WAIT_LANE_AVAILABLE: edge=34126779 lane=0 target_lane=1 lane_count=1 executable=False speed=6.47 dtm=55.9
obu-ramp-merge-4-1     | [20.8] Ramp_Merge_4 role=merge state=MERGING->MERGING speed=6.47 target=6.65 neighbors=10
obu-ramp-merge-3-1     | [20.8] Ramp_Merge_3 MERGE_COMMIT_WAIT_LANE_AVAILABLE: edge=34126779 lane=0 target_lane=1 lane_count=1 executable=False speed=6.46 dtm=32.4
obu-ramp-merge-3-1     | [20.8] Ramp_Merge_3 role=merge state=MERGING->MERGING speed=6.46 target=6.64 neighbors=10
obu-ramp-merge-5-1     | [20.8] Ramp_Merge_5 MERGE_DECISION: auth=False phys=False fgok=True lgok=False hgok=True cok=True esok=True cready=False dtm=77.8 past=False committed=False hid=None ra=None lclear=True hyok=True
obu-ramp-merge-5-1     | [21.1] Ramp_Merge_5 MERGE_DECISION: auth=False phys=False fgok=True lgok=False hgok=True cok=True esok=True cready=False dtm=76.4 past=False committed=False hid=None ra=None lclear=True hyok=True
obu-ramp-merge-5-1     | [21.1] Ramp_Merge_5 role=merge state=CRUISE->CRUISE speed=6.52 target=6.27 neighbors=10
obu-ramp-merge-5-1     | [21.3] Ramp_Merge_5 MERGE_DECISION: auth=False phys=False fgok=True lgok=False hgok=True cok=True esok=True cready=False dtm=75.4 past=False committed=False hid=None ra=None lclear=True hyok=True
obu-ramp-merge-2-1     | MERGE_ATTEMPT_TIMELINE: vehicle=Ramp_Merge_2 manoeuvre=37 host=105 lead=104 event=CLEAR t=20.9 edge=1331698336 lane=1 lane_cmd_state=CLEAR speed=6.45 target=6.38 dtm=2.8 lead_gap=6.32 host_gap=13.31 lead_gap_t1=6.32 lead_gap_t2=6.32 lead_gap_t3=6.32 host_gap_t1=13.31 host_gap_t2=13.31 host_gap_t3=13.31
obu-ramp-merge-2-1     | [20.9] Ramp_Merge_2 MERGE_LANE_CLEAR_CONFIRMED: edge=1331698336 lane=1 target_lane=1 lane_count=3 executable=False
obu-ramp-merge-2-1     | MERGE_ATTEMPT_TIMELINE: vehicle=Ramp_Merge_2 manoeuvre=37 host=105 lead=104 event=COMPLETED t=21.3 edge=1331698336 lane=1 lane_cmd_state=CLEAR speed=6.43 target=6.75 dtm=5.1 lead_gap=4.38 host_gap=15.56 lead_gap_t1=4.38 lead_gap_t2=4.38 lead_gap_t3=4.38 host_gap_t1=15.56 host_gap_t2=15.56 host_gap_t3=15.56
obu-ramp-merge-2-1     | [21.3] Ramp_Merge_2 MERGE_COMPLETED_AFTER_TIMEOUT: eid=1331698336 lane=1
obu-ramp-merge-3-1     | [21.4] Ramp_Merge_3 MCM_RX_ACCEPT: from=106 manoeuvre=67 target=109
obu-ramp-merge-2-1     | [21.4] Ramp_Merge_2 MCM_RX_ACCEPT: from=105 manoeuvre=37 target=108
obu-ramp-merge-4-1     | [21.4] Ramp_Merge_4 MERGE_COMMIT_WAIT_LANE_AVAILABLE: edge=34126779 lane=0 target_lane=1 lane_count=1 executable=False speed=6.52 dtm=52.4
obu-merge-car-1        | [21.4] Merge_Car role=cruise state=CRUISE->CRUISE speed=7.27 target=7.50 neighbors=10
obu-ramp-merge-3-1     | [21.4] Ramp_Merge_3 MERGE_COMMIT_WAIT_LANE_AVAILABLE: edge=34126779 lane=0 target_lane=1 lane_count=1 executable=False speed=6.47 dtm=28.6
obu-ramp-merge-3-1     | [21.4] Ramp_Merge_3 MERGE_COMMIT_SAFETY_HOLD: lgok=False hgok=True fgok=True edge=34126779 lane=0 target_lane=1 speed=6.47 lane_cmd_state=WAIT_EDGE lane_cmd_executable=False lane_cmd_edge=34126779 lane_cmd_lane_count=1
obu-ramp-merge-3-1     | [21.4] Ramp_Merge_3 CAR_FOLLOW: sid=105 edge=34126779 lane=0 leader_edge= leader_lane=None leader_role_hint=main self_merge_completed=False self_merge_completed_age=-1.0 self_merge_committed=True lane_cmd_state=WAIT_EDGE lane_cmd_edge=34126779 lane_cmd_target=1 lane_cmd_executable=False same_lane=False reason=merge_conflict_eta gap=1.3 follow_spd=6.16 emergency=False target_before=2.25 target_after=6.223952487484116
obu-main-back-right-1  | HOST_RESERVATION_EXTEND_UNTIL_CLEAR: host=Main_Back_Right ramp=109 manoeuvre=67 new_remaining=4.0 ramp_lcs=WAIT_EDGE ramp_edge=34126779
obu-main-back-right-1  | HOST_RESERVATION_HOLD: host=Main_Back_Right ramp=109 manoeuvre=67 remaining=4.0 own_speed=4.98 target_speed=4.88 ramp_fsm=MERGING ramp_lane_cmd_state=WAIT_EDGE ramp_edge=34126779 ramp_lane=0 ramp_merge_completed=False ramp_merge_committed=True
obu-main-back-right-1  | [21.5] Main_Back_Right HOST_HOLD_YIELD: for merge=109 spd=4.88
obu-main-back-right-1  | [21.5] Main_Back_Right MCM_TX_ACCEPT: manoeuvre=67 target=109
obu-main-back-left-1   | HOST_RESERVATION_EXTEND_UNTIL_CLEAR: host=Main_Back_Left ramp=108 manoeuvre=37 new_remaining=4.0 ramp_lcs=WAIT_EDGE ramp_edge=:390064918_0
obu-main-back-left-1   | HOST_RESERVATION_HOLD: host=Main_Back_Left ramp=108 manoeuvre=37 remaining=4.0 own_speed=5.45 target_speed=4.88 ramp_fsm=NEGOTIATING ramp_lane_cmd_state=WAIT_EDGE ramp_edge=:390064918_0 ramp_lane=0 ramp_merge_completed=False ramp_merge_committed=False
obu-main-back-left-1   | [21.5] Main_Back_Left HOST_HOLD_YIELD: for merge=108 spd=4.88
obu-main-back-left-1   | [21.5] Main_Back_Left MCM_TX_ACCEPT: manoeuvre=37 target=108
obu-ramp-back-1        | [21.4] Ramp_Back MERGE_DECISION: auth=False phys=False fgok=True lgok=True hgok=True cok=True esok=True cready=False dtm=92.5 past=False committed=False hid=None ra=None lclear=True hyok=True
obu-ramp-merge-4-1     | [21.5] Ramp_Merge_4 MERGE_COMMIT_WAIT_LANE_AVAILABLE: edge=34126779 lane=0 target_lane=1 lane_count=1 executable=False speed=6.53 dtm=51.8
traci-bridge-1         | LANE_CMD_STATE veh=Ramp_Merge_2 edge=34126779 lane=0 target=1 lane_count=1 recently=False speed=6.51
traci-bridge-1         | LANE_CMD_WAIT_EDGE veh=Ramp_Merge_2 edge=34126779 lane=0 target=1 lane_count=1
traci-bridge-1         | LANE_CMD_STATE veh=Ramp_Merge_3 edge=34126779 lane=0 target=1 lane_count=1 recently=False speed=6.40
traci-bridge-1         | LANE_CMD_WAIT_EDGE veh=Ramp_Merge_3 edge=34126779 lane=0 target=1 lane_count=1
traci-bridge-1         | LANE_CMD_STATE veh=Ramp_Merge_4 edge=34126779 lane=0 target=1 lane_count=1 recently=False speed=6.41
traci-bridge-1         | LANE_CMD_WAIT_EDGE veh=Ramp_Merge_4 edge=34126779 lane=0 target=1 lane_count=1
traci-bridge-1         | LANE_CMD_STATE veh=Ramp_Merge_2 edge=34126779 lane=0 target=1 lane_count=1 recently=False speed=6.49
traci-bridge-1         | LANE_CMD_WAIT_EDGE veh=Ramp_Merge_2 edge=34126779 lane=0 target=1 lane_count=1
traci-bridge-1         | LANE_CMD_STATE veh=Ramp_Merge_3 edge=34126779 lane=0 target=1 lane_count=1 recently=False speed=6.41
traci-bridge-1         | LANE_CMD_WAIT_EDGE veh=Ramp_Merge_3 edge=34126779 lane=0 target=1 lane_count=1
traci-bridge-1         | LANE_CMD_STATE veh=Ramp_Merge_4 edge=34126779 lane=0 target=1 lane_count=1 recently=False speed=6.42
traci-bridge-1         | LANE_CMD_WAIT_EDGE veh=Ramp_Merge_4 edge=34126779 lane=0 target=1 lane_count=1
traci-bridge-1         | LANE_CMD_STATE veh=Ramp_Merge_2 edge=34126779 lane=0 target=1 lane_count=1 recently=False speed=6.48
traci-bridge-1         | LANE_CMD_WAIT_EDGE veh=Ramp_Merge_2 edge=34126779 lane=0 target=1 lane_count=1
traci-bridge-1         | LANE_CMD_STATE veh=Ramp_Merge_3 edge=34126779 lane=0 target=1 lane_count=1 recently=False speed=6.42
traci-bridge-1         | LANE_CMD_WAIT_EDGE veh=Ramp_Merge_3 edge=34126779 lane=0 target=1 lane_count=1
traci-bridge-1         | LANE_CMD_STATE veh=Ramp_Merge_4 edge=34126779 lane=0 target=1 lane_count=1 recently=False speed=6.43
traci-bridge-1         | LANE_CMD_WAIT_EDGE veh=Ramp_Merge_4 edge=34126779 lane=0 target=1 lane_count=1
traci-bridge-1         | LANE_CMD_STATE veh=Ramp_Merge_2 edge=34126779 lane=0 target=1 lane_count=1 recently=False speed=6.47
traci-bridge-1         | LANE_CMD_WAIT_EDGE veh=Ramp_Merge_2 edge=34126779 lane=0 target=1 lane_count=1
traci-bridge-1         | LANE_CMD_STATE veh=Ramp_Merge_3 edge=34126779 lane=0 target=1 lane_count=1 recently=False speed=6.43
traci-bridge-1         | LANE_CMD_WAIT_EDGE veh=Ramp_Merge_3 edge=34126779 lane=0 target=1 lane_count=1
traci-bridge-1         | LANE_CMD_STATE veh=Ramp_Merge_4 edge=34126779 lane=0 target=1 lane_count=1 recently=False speed=6.44
traci-bridge-1         | LANE_CMD_WAIT_EDGE veh=Ramp_Merge_4 edge=34126779 lane=0 target=1 lane_count=1
traci-bridge-1         | LANE_CMD_STATE veh=Ramp_Merge_2 edge=:390064918_0 lane=0 target=1 lane_count=1 recently=False speed=6.47
traci-bridge-1         | LANE_CMD_WAIT_EDGE veh=Ramp_Merge_2 edge=:390064918_0 lane=0 target=1 lane_count=1
traci-bridge-1         | LANE_CMD_STATE veh=Ramp_Merge_3 edge=34126779 lane=0 target=1 lane_count=1 recently=False speed=6.43
traci-bridge-1         | LANE_CMD_WAIT_EDGE veh=Ramp_Merge_3 edge=34126779 lane=0 target=1 lane_count=1
traci-bridge-1         | LANE_CMD_STATE veh=Ramp_Merge_4 edge=34126779 lane=0 target=1 lane_count=1 recently=False speed=6.44
traci-bridge-1         | LANE_CMD_WAIT_EDGE veh=Ramp_Merge_4 edge=34126779 lane=0 target=1 lane_count=1
traci-bridge-1         | LANE_CMD_STATE veh=Ramp_Merge_2 edge=:390064918_0 lane=0 target=1 lane_count=1 recently=False speed=6.46
traci-bridge-1         | LANE_CMD_WAIT_EDGE veh=Ramp_Merge_2 edge=:390064918_0 lane=0 target=1 lane_count=1
traci-bridge-1         | LANE_CMD_STATE veh=Ramp_Merge_3 edge=34126779 lane=0 target=1 lane_count=1 recently=False speed=6.44
traci-bridge-1         | LANE_CMD_WAIT_EDGE veh=Ramp_Merge_3 edge=34126779 lane=0 target=1 lane_count=1
traci-bridge-1         | LANE_CMD_STATE veh=Ramp_Merge_4 edge=34126779 lane=0 target=1 lane_count=1 recently=False speed=6.45
traci-bridge-1         | LANE_CMD_WAIT_EDGE veh=Ramp_Merge_4 edge=34126779 lane=0 target=1 lane_count=1
traci-bridge-1         | LANE_CMD_STATE veh=Ramp_Merge_2 edge=:390064918_0 lane=0 target=1 lane_count=1 recently=False speed=6.46
traci-bridge-1         | LANE_CMD_WAIT_EDGE veh=Ramp_Merge_2 edge=:390064918_0 lane=0 target=1 lane_count=1
traci-bridge-1         | LANE_CMD_STATE veh=Ramp_Merge_3 edge=34126779 lane=0 target=1 lane_count=1 recently=False speed=6.45
traci-bridge-1         | LANE_CMD_WAIT_EDGE veh=Ramp_Merge_3 edge=34126779 lane=0 target=1 lane_count=1
traci-bridge-1         | LANE_CMD_STATE veh=Ramp_Merge_4 edge=34126779 lane=0 target=1 lane_count=1 recently=False speed=6.46
traci-bridge-1         | LANE_CMD_WAIT_EDGE veh=Ramp_Merge_4 edge=34126779 lane=0 target=1 lane_count=1
traci-bridge-1         | LANE_CMD_STATE veh=Ramp_Merge_2 edge=:390064918_0 lane=0 target=1 lane_count=1 recently=False speed=6.46
traci-bridge-1         | LANE_CMD_WAIT_EDGE veh=Ramp_Merge_2 edge=:390064918_0 lane=0 target=1 lane_count=1
traci-bridge-1         | LANE_CMD_STATE veh=Ramp_Merge_3 edge=34126779 lane=0 target=1 lane_count=1 recently=False speed=6.46
traci-bridge-1         | LANE_CMD_WAIT_EDGE veh=Ramp_Merge_3 edge=34126779 lane=0 target=1 lane_count=1
traci-bridge-1         | LANE_CMD_STATE veh=Ramp_Merge_4 edge=34126779 lane=0 target=1 lane_count=1 recently=False speed=6.47
traci-bridge-1         | LANE_CMD_WAIT_EDGE veh=Ramp_Merge_4 edge=34126779 lane=0 target=1 lane_count=1
traci-bridge-1         | LANE_CMD_STATE veh=Ramp_Merge_2 edge=1331698336 lane=0 target=1 lane_count=3 recently=False speed=6.45
traci-bridge-1         | LANE_CMD_APPLY veh=Ramp_Merge_2 edge=1331698336 from_lane=0 target=1 duration=2.00 mode=256 speed=6.45
traci-bridge-1         | LANE_CMD_STATE veh=Ramp_Merge_3 edge=34126779 lane=0 target=1 lane_count=1 recently=False speed=6.46
traci-bridge-1         | LANE_CMD_WAIT_EDGE veh=Ramp_Merge_3 edge=34126779 lane=0 target=1 lane_count=1
traci-bridge-1         | LANE_CMD_STATE veh=Ramp_Merge_4 edge=34126779 lane=0 target=1 lane_count=1 recently=False speed=6.47
traci-bridge-1         | LANE_CMD_WAIT_EDGE veh=Ramp_Merge_4 edge=34126779 lane=0 target=1 lane_count=1
traci-bridge-1         | LANE_CMD_STATE veh=Ramp_Merge_2 edge=1331698336 lane=1 target=1 lane_count=3 recently=True speed=6.45
traci-bridge-1         | LANE_CMD_CLEAR veh=Ramp_Merge_2 edge=1331698336 target=1
traci-bridge-1         | LANE_CMD_STATE veh=Ramp_Merge_3 edge=34126779 lane=0 target=1 lane_count=1 recently=False speed=6.46
traci-bridge-1         | LANE_CMD_WAIT_EDGE veh=Ramp_Merge_3 edge=34126779 lane=0 target=1 lane_count=1
traci-bridge-1         | LANE_CMD_STATE veh=Ramp_Merge_4 edge=34126779 lane=0 target=1 lane_count=1 recently=False speed=6.48
traci-bridge-1         | LANE_CMD_WAIT_EDGE veh=Ramp_Merge_4 edge=34126779 lane=0 target=1 lane_count=1
traci-bridge-1         | LANE_CMD_STATE veh=Ramp_Merge_3 edge=34126779 lane=0 target=1 lane_count=1 recently=False speed=6.45
traci-bridge-1         | LANE_CMD_WAIT_EDGE veh=Ramp_Merge_3 edge=34126779 lane=0 target=1 lane_count=1
traci-bridge-1         | LANE_CMD_STATE veh=Ramp_Merge_4 edge=34126779 lane=0 target=1 lane_count=1 recently=False speed=6.49
traci-bridge-1         | LANE_CMD_WAIT_EDGE veh=Ramp_Merge_4 edge=34126779 lane=0 target=1 lane_count=1
traci-bridge-1         | LANE_CMD_STATE veh=Ramp_Merge_3 edge=34126779 lane=0 target=1 lane_count=1 recently=False speed=6.45
traci-bridge-1         | LANE_CMD_WAIT_EDGE veh=Ramp_Merge_3 edge=34126779 lane=0 target=1 lane_count=1
traci-bridge-1         | LANE_CMD_STATE veh=Ramp_Merge_4 edge=34126779 lane=0 target=1 lane_count=1 recently=False speed=6.50
traci-bridge-1         | LANE_CMD_WAIT_EDGE veh=Ramp_Merge_4 edge=34126779 lane=0 target=1 lane_count=1
traci-bridge-1         | LANE_CMD_STATE veh=Ramp_Merge_3 edge=34126779 lane=0 target=1 lane_count=1 recently=False speed=6.46
traci-bridge-1         | LANE_CMD_WAIT_EDGE veh=Ramp_Merge_3 edge=34126779 lane=0 target=1 lane_count=1
traci-bridge-1         | LANE_CMD_STATE veh=Ramp_Merge_4 edge=34126779 lane=0 target=1 lane_count=1 recently=False speed=6.50
traci-bridge-1         | LANE_CMD_WAIT_EDGE veh=Ramp_Merge_4 edge=34126779 lane=0 target=1 lane_count=1
traci-bridge-1         | LANE_CMD_STATE veh=Ramp_Merge_3 edge=34126779 lane=0 target=1 lane_count=1 recently=False speed=6.46
traci-bridge-1         | LANE_CMD_WAIT_EDGE veh=Ramp_Merge_3 edge=34126779 lane=0 target=1 lane_count=1
traci-bridge-1         | LANE_CMD_STATE veh=Ramp_Merge_4 edge=34126779 lane=0 target=1 lane_count=1 recently=False speed=6.51
traci-bridge-1         | LANE_CMD_WAIT_EDGE veh=Ramp_Merge_4 edge=34126779 lane=0 target=1 lane_count=1
traci-bridge-1         | LANE_CMD_STATE veh=Ramp_Merge_3 edge=34126779 lane=0 target=1 lane_count=1 recently=False speed=6.47
traci-bridge-1         | LANE_CMD_WAIT_EDGE veh=Ramp_Merge_3 edge=34126779 lane=0 target=1 lane_count=1
traci-bridge-1         | LANE_CMD_STATE veh=Ramp_Merge_4 edge=34126779 lane=0 target=1 lane_count=1 recently=False speed=6.52
traci-bridge-1         | LANE_CMD_WAIT_EDGE veh=Ramp_Merge_4 edge=34126779 lane=0 target=1 lane_count=1
traci-bridge-1         | LANE_CMD_STATE veh=Ramp_Merge_3 edge=34126779 lane=0 target=1 lane_count=1 recently=False speed=6.48
traci-bridge-1         | LANE_CMD_WAIT_EDGE veh=Ramp_Merge_3 edge=34126779 lane=0 target=1 lane_count=1
traci-bridge-1         | LANE_CMD_STATE veh=Ramp_Merge_4 edge=34126779 lane=0 target=1 lane_count=1 recently=False speed=6.53
traci-bridge-1         | LANE_CMD_WAIT_EDGE veh=Ramp_Merge_4 edge=34126779 lane=0 target=1 lane_count=1
traci-bridge-1         | LANE_CMD_STATE veh=Ramp_Merge_3 edge=34126779 lane=0 target=1 lane_count=1 recently=False speed=6.49
traci-bridge-1         | LANE_CMD_WAIT_EDGE veh=Ramp_Merge_3 edge=34126779 lane=0 target=1 lane_count=1
traci-bridge-1         | LANE_CMD_STATE veh=Ramp_Merge_4 edge=34126779 lane=0 target=1 lane_count=1 recently=False speed=6.53
traci-bridge-1         | LANE_CMD_WAIT_EDGE veh=Ramp_Merge_4 edge=34126779 lane=0 target=1 lane_count=1
traci-bridge-1         | LANE_CMD_STATE veh=Ramp_Merge_3 edge=34126779 lane=0 target=1 lane_count=1 recently=False speed=6.48
traci-bridge-1         | LANE_CMD_WAIT_EDGE veh=Ramp_Merge_3 edge=34126779 lane=0 target=1 lane_count=1
obu-ramp-merge-3-1     | [21.5] Ramp_Merge_3 MERGE_COMMIT_WAIT_LANE_AVAILABLE: edge=34126779 lane=0 target_lane=1 lane_count=1 executable=False speed=6.48 dtm=28.0
obu-ramp-merge-3-1     | [21.5] Ramp_Merge_3 MERGE_COMMIT_SAFETY_HOLD: lgok=False hgok=True fgok=True edge=34126779 lane=0 target_lane=1 speed=6.48 lane_cmd_state=WAIT_EDGE lane_cmd_executable=False lane_cmd_edge=34126779 lane_cmd_lane_count=1
obu-ramp-merge-3-1     | [21.5] Ramp_Merge_3 CAR_FOLLOW: sid=105 edge=34126779 lane=0 leader_edge= leader_lane=None leader_role_hint=main self_merge_completed=False self_merge_completed_age=-1.0 self_merge_committed=True lane_cmd_state=WAIT_EDGE lane_cmd_edge=34126779 lane_cmd_target=1 lane_cmd_executable=False same_lane=False reason=merge_conflict_eta gap=1.2 follow_spd=6.02 emergency=False target_before=2.25 target_after=6.232493541039406
obu-ramp-merge-5-1     | [21.5] Ramp_Merge_5 MERGE_DECISION: auth=False phys=False fgok=True lgok=False hgok=True cok=True esok=True cready=False dtm=74.5 past=False committed=False hid=None ra=None lclear=True hyok=True
obu-main-back-right-1  | HOST_RESERVATION_EXTEND_UNTIL_CLEAR: host=Main_Back_Right ramp=109 manoeuvre=67 new_remaining=4.0 ramp_lcs=WAIT_EDGE ramp_edge=34126779
obu-main-back-right-1  | HOST_RESERVATION_HOLD: host=Main_Back_Right ramp=109 manoeuvre=67 remaining=4.0 own_speed=4.97 target_speed=4.88 ramp_fsm=MERGING ramp_lane_cmd_state=WAIT_EDGE ramp_edge=34126779 ramp_lane=0 ramp_merge_completed=False ramp_merge_committed=True
obu-main-back-right-1  | [21.6] Main_Back_Right HOST_HOLD_YIELD: for merge=109 spd=4.88
obu-main-back-left-1   | HOST_RESERVATION_RELEASE_AFTER_CLEAR: host=Main_Back_Left ramp=108 manoeuvre=37 reason=completed ramp_fsm=CRUISE ramp_lcs=CLEAR ramp_edge=1331698336 ramp_merge_completed=True
obu-main-back-left-1   | [21.7] Main_Back_Left role=host state=YIELDING->CRUISE speed=5.40 target=7.50 neighbors=10
obu-ramp-back-1        | [21.6] Ramp_Back MERGE_DECISION: auth=False phys=False fgok=True lgok=True hgok=True cok=True esok=True cready=False dtm=91.9 past=False committed=False hid=None ra=None lclear=True hyok=True
obu-ramp-merge-4-1     | [21.6] Ramp_Merge_4 MERGE_COMMIT_WAIT_LANE_AVAILABLE: edge=34126779 lane=0 target_lane=1 lane_count=1 executable=False speed=6.53 dtm=51.2
obu-ramp-merge-3-1     | [21.8] Ramp_Merge_3 MERGE_COMMIT_WAIT_LANE_AVAILABLE: edge=34126779 lane=0 target_lane=1 lane_count=1 executable=False speed=6.46 dtm=26.1
obu-ramp-merge-3-1     | [21.8] Ramp_Merge_3 FINAL_GUARD: REJECTED slot-boundary ETA sid=105
obu-ramp-merge-3-1     | [21.8] Ramp_Merge_3 MERGE_COMMIT_SAFETY_HOLD: lgok=False hgok=True fgok=False edge=34126779 lane=0 target_lane=1 speed=6.46 lane_cmd_state=WAIT_EDGE lane_cmd_executable=False lane_cmd_edge=34126779 lane_cmd_lane_count=1
obu-ramp-merge-3-1     | [21.8] Ramp_Merge_3 CAR_FOLLOW: sid=105 edge=34126779 lane=0 leader_edge= leader_lane=None leader_role_hint=main self_merge_completed=False self_merge_completed_age=-1.0 self_merge_committed=True lane_cmd_state=WAIT_EDGE lane_cmd_edge=34126779 lane_cmd_target=1 lane_cmd_executable=False same_lane=False reason=merge_conflict_eta gap=0.9 follow_spd=5.61 emergency=False target_before=2.25 target_after=6.214608674109732
obu-ramp-merge-3-1     | [21.8] Ramp_Merge_3 role=merge state=MERGING->MERGING speed=6.46 target=6.21 neighbors=9
obu-ramp-merge-5-1     | [21.8] Ramp_Merge_5 MERGE_DECISION: auth=False phys=False fgok=True lgok=False hgok=True cok=True esok=True cready=False dtm=73.1 past=False committed=False hid=None ra=None lclear=True hyok=True
obu-main-back-right-1  | HOST_RESERVATION_EXTEND_UNTIL_CLEAR: host=Main_Back_Right ramp=109 manoeuvre=67 new_remaining=4.0 ramp_lcs=WAIT_EDGE ramp_edge=34126779
obu-main-back-right-1  | HOST_RESERVATION_HOLD: host=Main_Back_Right ramp=109 manoeuvre=67 remaining=4.0 own_speed=4.96 target_speed=4.88 ramp_fsm=MERGING ramp_lane_cmd_state=WAIT_EDGE ramp_edge=34126779 ramp_lane=0 ramp_merge_completed=False ramp_merge_committed=True
obu-main-back-right-1  | [21.9] Main_Back_Right HOST_HOLD_YIELD: for merge=109 spd=4.88
obu-main-back-right-1  | [21.9] Main_Back_Right MCM_TX_ACCEPT: manoeuvre=67 target=109
obu-main-back-right-1  | [21.9] Main_Back_Right role=host state=YIELDING->YIELDING speed=4.96 target=4.88 neighbors=9
obu-ramp-back-1        | [21.8] Ramp_Back MERGE_DECISION: auth=False phys=False fgok=True lgok=True hgok=True cok=True esok=True cready=False dtm=91.3 past=False committed=False hid=None ra=None lclear=True hyok=True
obu-ramp-back-1        | [21.8] Ramp_Back role=merge state=CRUISE->CRUISE speed=6.68 target=6.75 neighbors=9
obu-ramp-merge-2-1     | [21.8] Ramp_Merge_2 role=host state=CRUISE->CRUISE speed=6.53 target=7.50 neighbors=9
obu-ramp-merge-4-1     | [21.8] Ramp_Merge_4 MERGE_COMMIT_WAIT_LANE_AVAILABLE: edge=34126779 lane=0 target_lane=1 lane_count=1 executable=False speed=6.55 dtm=49.9
obu-ramp-merge-4-1     | [21.8] Ramp_Merge_4 role=merge state=MERGING->MERGING speed=6.55 target=6.73 neighbors=9
obu-main-back-right-1  | HOST_RESERVATION_EXTEND_UNTIL_CLEAR: host=Main_Back_Right ramp=109 manoeuvre=67 new_remaining=4.0 ramp_lcs=WAIT_EDGE ramp_edge=34126779
obu-main-back-right-1  | HOST_RESERVATION_HOLD: host=Main_Back_Right ramp=109 manoeuvre=67 remaining=4.0 own_speed=4.96 target_speed=4.88 ramp_fsm=MERGING ramp_lane_cmd_state=WAIT_EDGE ramp_edge=34126779 ramp_lane=0 ramp_merge_completed=False ramp_merge_committed=True
obu-main-back-right-1  | [22.0] Main_Back_Right HOST_HOLD_YIELD: for merge=109 spd=4.88
obu-main-mid-right-1   | [22.1] Main_Mid_Right role=cruise state=CRUISE->CRUISE speed=7.50 target=7.50 neighbors=9
obu-ramp-merge-4-1     | [22.1] Ramp_Merge_4 MERGE_COMMIT_WAIT_LANE_AVAILABLE: edge=34126779 lane=0 target_lane=1 lane_count=1 executable=False speed=6.57 dtm=48.1
obu-ramp-merge-2-1     | [22.1] Ramp_Merge_2 MCM_RX_ACCEPT: from=105 manoeuvre=37 target=108
obu-ramp-merge-3-1     | [22.1] Ramp_Merge_3 MCM_RX_ACCEPT: from=106 manoeuvre=67 target=109
obu-ramp-merge-3-1     | [22.1] Ramp_Merge_3 MCM_RX_ACCEPT: from=106 manoeuvre=67 target=109
obu-host-car-1         | [22.1] Host_Car role=cruise state=CRUISE->CRUISE speed=7.47 target=7.50 neighbors=10
obu-ramp-merge-3-1     | [22.1] Ramp_Merge_3 MERGE_COMMIT_WAIT_LANE_AVAILABLE: edge=34126779 lane=0 target_lane=1 lane_count=1 executable=False speed=6.43 dtm=24.2
obu-ramp-merge-5-1     | [22.1] Ramp_Merge_5 MERGE_DECISION: auth=False phys=False fgok=True lgok=False hgok=True cok=True esok=True cready=False dtm=71.7 past=False committed=False hid=None ra=None lclear=True hyok=True
obu-ramp-merge-5-1     | [22.1] Ramp_Merge_5 role=merge state=CRUISE->CRUISE speed=6.41 target=6.34 neighbors=10
obu-main-back-right-1  | HOST_RESERVATION_EXTEND_UNTIL_CLEAR: host=Main_Back_Right ramp=109 manoeuvre=67 new_remaining=4.0 ramp_lcs=WAIT_EDGE ramp_edge=34126779
obu-main-back-right-1  | HOST_RESERVATION_HOLD: host=Main_Back_Right ramp=109 manoeuvre=67 remaining=4.0 own_speed=4.95 target_speed=4.88 ramp_fsm=MERGING ramp_lane_cmd_state=WAIT_EDGE ramp_edge=34126779 ramp_lane=0 ramp_merge_completed=False ramp_merge_committed=True
obu-main-back-right-1  | [22.1] Main_Back_Right HOST_HOLD_YIELD: for merge=109 spd=4.88
obu-ramp-back-1        | [22.0] Ramp_Back MERGE_DECISION: auth=False phys=False fgok=True lgok=True hgok=True cok=True esok=True cready=False dtm=90.7 past=False committed=False hid=None ra=None lclear=True hyok=True
obu-lead-car-1         | [22.1] Lead_Car role=cruise state=CRUISE->CRUISE speed=7.50 target=7.50 neighbors=10
obu-ramp-back-1        | [22.2] Ramp_Back MERGE_DECISION: auth=False phys=False fgok=True lgok=True hgok=True cok=True esok=True cready=False dtm=90.0 past=False committed=False hid=None ra=None lclear=True hyok=True
obu-main-back-right-1  | HOST_RESERVATION_EXTEND_UNTIL_CLEAR: host=Main_Back_Right ramp=109 manoeuvre=67 new_remaining=4.0 ramp_lcs=WAIT_EDGE ramp_edge=34126779
obu-main-back-right-1  | HOST_RESERVATION_HOLD: host=Main_Back_Right ramp=109 manoeuvre=67 remaining=4.0 own_speed=4.94 target_speed=4.88 ramp_fsm=MERGING ramp_lane_cmd_state=WAIT_EDGE ramp_edge=34126779 ramp_lane=0 ramp_merge_completed=False ramp_merge_committed=True
obu-main-back-right-1  | [22.3] Main_Back_Right HOST_HOLD_YIELD: for merge=109 spd=4.88
obu-main-back-right-1  | [22.3] Main_Back_Right MCM_TX_ACCEPT: manoeuvre=67 target=109
obu-ramp-back-1        | [22.4] Ramp_Back MERGE_DECISION: auth=False phys=False fgok=True lgok=True hgok=True cok=True esok=True cready=False dtm=89.2 past=False committed=False hid=None ra=None lclear=True hyok=True
obu-main-back-right-1  | HOST_RESERVATION_EXTEND_UNTIL_CLEAR: host=Main_Back_Right ramp=109 manoeuvre=67 new_remaining=4.0 ramp_lcs=WAIT_EDGE ramp_edge=34126779
obu-main-back-right-1  | HOST_RESERVATION_HOLD: host=Main_Back_Right ramp=109 manoeuvre=67 remaining=4.0 own_speed=4.93 target_speed=4.88 ramp_fsm=MERGING ramp_lane_cmd_state=WAIT_EDGE ramp_edge=34126779 ramp_lane=0 ramp_merge_completed=False ramp_merge_committed=True
obu-main-back-right-1  | [22.6] Main_Back_Right HOST_HOLD_YIELD: for merge=109 spd=4.88
obu-main-back-right-1  | [22.6] Main_Back_Right MCM_TX_ACCEPT: manoeuvre=67 target=109
obu-ramp-back-1        | [22.6] Ramp_Back MERGE_DECISION: auth=False phys=False fgok=True lgok=True hgok=True cok=True esok=True cready=False dtm=88.5 past=False committed=False hid=None ra=None lclear=True hyok=True
obu-ramp-back-1        | [22.8] Ramp_Back MERGE_DECISION: auth=False phys=False fgok=True lgok=True hgok=True cok=True esok=True cready=False dtm=87.7 past=False committed=False hid=None ra=None lclear=True hyok=True
obu-ramp-back-1        | [22.8] Ramp_Back role=merge state=CRUISE->CRUISE speed=6.71 target=6.75 neighbors=10
obu-ramp-merge-4-1     | [23.0] Ramp_Merge_4 MERGE_COMMIT_WAIT_LANE_AVAILABLE: edge=34126779 lane=0 target_lane=1 lane_count=1 executable=False speed=6.64 dtm=42.5
obu-ramp-merge-4-1     | [23.0] Ramp_Merge_4 role=merge state=MERGING->MERGING speed=6.64 target=6.75 neighbors=10
obu-merge-car-1        | [22.9] Merge_Car role=cruise state=CRUISE->CRUISE speed=7.39 target=7.50 neighbors=10
obu-ramp-merge-3-1     | [22.9] Ramp_Merge_3 MERGE_COMMIT_WAIT_LANE_AVAILABLE: edge=34126779 lane=0 target_lane=1 lane_count=1 executable=False speed=6.46 dtm=19.0
obu-ramp-merge-3-1     | [22.9] Ramp_Merge_3 FINAL_GUARD: REJECTED slot-boundary sid=105 gap=9.8
obu-ramp-merge-3-1     | [22.9] Ramp_Merge_3 MERGE_COMMIT_SAFETY_HOLD: lgok=False hgok=True fgok=False edge=34126779 lane=0 target_lane=1 speed=6.46 lane_cmd_state=WAIT_EDGE lane_cmd_executable=False lane_cmd_edge=34126779 lane_cmd_lane_count=1
obu-ramp-merge-3-1     | [22.9] Ramp_Merge_3 CAR_FOLLOW: sid=105 edge=34126779 lane=0 leader_edge= leader_lane=None leader_role_hint=main self_merge_completed=False self_merge_completed_age=-1.0 self_merge_committed=True lane_cmd_state=WAIT_EDGE lane_cmd_edge=34126779 lane_cmd_target=1 lane_cmd_executable=False same_lane=False reason=merge_conflict_eta gap=1.2 follow_spd=5.95 emergency=False target_before=2.25 target_after=6.212811410312799
obu-ramp-merge-3-1     | [22.9] Ramp_Merge_3 role=merge state=MERGING->MERGING speed=6.46 target=6.21 neighbors=10
obu-ramp-merge-3-1     | [23.0] Ramp_Merge_3 MCM_RX_ACCEPT: from=106 manoeuvre=67 target=109
obu-ramp-merge-5-1     | [23.0] Ramp_Merge_5 MERGE_DECISION: auth=False phys=True fgok=True lgok=False hgok=True cok=True esok=True cready=True dtm=67.3 past=False committed=False hid=None ra=None lclear=True hyok=True
obu-ramp-merge-3-1     | [23.0] Ramp_Merge_3 MCM_RX_ACCEPT: from=106 manoeuvre=67 target=109
obu-main-back-left-1   | [23.0] Main_Back_Left role=lead state=CRUISE->CRUISE speed=6.27 target=7.50 neighbors=10
obu-ramp-merge-2-1     | [23.0] Ramp_Merge_2 role=cruise state=CRUISE->CRUISE speed=6.98 target=7.50 neighbors=10
obu-ramp-back-1        | [23.0] Ramp_Back MERGE_DECISION: auth=False phys=False fgok=True lgok=True hgok=True cok=True esok=True cready=False dtm=87.0 past=False committed=False hid=None ra=None lclear=True hyok=True
obu-ramp-merge-3-1     | [23.0] Ramp_Merge_3 MERGE_COMMIT_WAIT_LANE_AVAILABLE: edge=34126779 lane=0 target_lane=1 lane_count=1 executable=False speed=6.47 dtm=18.4
obu-ramp-merge-3-1     | [23.0] Ramp_Merge_3 FINAL_GUARD: REJECTED slot-boundary sid=105 gap=9.2
obu-ramp-merge-3-1     | [23.0] Ramp_Merge_3 MERGE_COMMIT_SAFETY_HOLD: lgok=False hgok=True fgok=False edge=34126779 lane=0 target_lane=1 speed=6.47 lane_cmd_state=WAIT_EDGE lane_cmd_executable=False lane_cmd_edge=34126779 lane_cmd_lane_count=1
obu-ramp-merge-3-1     | [23.0] Ramp_Merge_3 CAR_FOLLOW: sid=105 edge=34126779 lane=0 leader_edge= leader_lane=None leader_role_hint=main self_merge_completed=False self_merge_completed_age=-1.0 self_merge_committed=True lane_cmd_state=WAIT_EDGE lane_cmd_edge=34126779 lane_cmd_target=1 lane_cmd_executable=False same_lane=False reason=merge_conflict_eta gap=1.1 follow_spd=5.75 emergency=False target_before=2.25 target_after=6.220201290292614
obu-ramp-back-1        | [23.1] Ramp_Back MERGE_DECISION: auth=False phys=False fgok=True lgok=True hgok=True cok=True esok=True cready=False dtm=86.6 past=False committed=False hid=None ra=None lclear=True hyok=True
obu-ramp-merge-3-1     | [23.2] Ramp_Merge_3 MERGE_COMMIT_WAIT_LANE_AVAILABLE: edge=34126779 lane=0 target_lane=1 lane_count=1 executable=False speed=6.46 dtm=17.1
obu-ramp-merge-3-1     | [23.2] Ramp_Merge_3 FINAL_GUARD: REJECTED slot-boundary sid=105 gap=8.0
obu-ramp-merge-3-1     | [23.2] Ramp_Merge_3 MERGE_COMMIT_SAFETY_HOLD: lgok=False hgok=True fgok=False edge=34126779 lane=0 target_lane=1 speed=6.46 lane_cmd_state=WAIT_EDGE lane_cmd_executable=False lane_cmd_edge=34126779 lane_cmd_lane_count=1
obu-ramp-merge-3-1     | [23.2] Ramp_Merge_3 CAR_FOLLOW: sid=105 edge=34126779 lane=0 leader_edge= leader_lane=None leader_role_hint=main self_merge_completed=False self_merge_completed_age=-1.0 self_merge_committed=True lane_cmd_state=WAIT_EDGE lane_cmd_edge=34126779 lane_cmd_target=1 lane_cmd_executable=False same_lane=False reason=merge_conflict_eta gap=0.9 follow_spd=5.34 emergency=False target_before=2.25 target_after=6.214001162975406
obu-ramp-back-1        | [23.3] Ramp_Back MERGE_DECISION: auth=False phys=False fgok=True lgok=True hgok=True cok=True esok=True cready=False dtm=85.9 past=False committed=False hid=None ra=None lclear=True hyok=True
obu-ramp-merge-3-1     | [23.4] Ramp_Merge_3 MERGE_COMMIT_WAIT_LANE_AVAILABLE: edge=34126779 lane=0 target_lane=1 lane_count=1 executable=False speed=6.44 dtm=15.8
obu-ramp-merge-3-1     | [23.4] Ramp_Merge_3 FINAL_GUARD: REJECTED slot-boundary sid=105 gap=6.8
obu-ramp-merge-3-1     | [23.4] Ramp_Merge_3 MERGE_COMMIT_SAFETY_HOLD: lgok=False hgok=True fgok=False edge=34126779 lane=0 target_lane=1 speed=6.44 lane_cmd_state=WAIT_EDGE lane_cmd_executable=False lane_cmd_edge=34126779 lane_cmd_lane_count=1
obu-ramp-merge-3-1     | [23.4] Ramp_Merge_3 CAR_FOLLOW: sid=105 edge=34126779 lane=0 leader_edge= leader_lane=None leader_role_hint=main self_merge_completed=False self_merge_completed_age=-1.0 self_merge_committed=True lane_cmd_state=WAIT_EDGE lane_cmd_edge=34126779 lane_cmd_target=1 lane_cmd_executable=False same_lane=False reason=merge_conflict_eta gap=0.8 follow_spd=4.94 emergency=False target_before=2.25 target_after=6.189879656089793
obu-main-back-right-1  | HOST_RESERVATION_EXTEND_UNTIL_CLEAR: host=Main_Back_Right ramp=109 manoeuvre=67 new_remaining=4.0 ramp_lcs=WAIT_EDGE ramp_edge=34126779
obu-main-back-right-1  | HOST_RESERVATION_HOLD: host=Main_Back_Right ramp=109 manoeuvre=67 remaining=4.0 own_speed=4.91 target_speed=4.88 ramp_fsm=MERGING ramp_lane_cmd_state=WAIT_EDGE ramp_edge=34126779 ramp_lane=0 ramp_merge_completed=False ramp_merge_committed=True
obu-main-back-right-1  | [23.6] Main_Back_Right HOST_HOLD_YIELD: for merge=109 spd=4.88
obu-main-back-right-1  | [23.6] Main_Back_Right MCM_TX_ACCEPT: manoeuvre=67 target=109
obu-main-back-right-1  | [23.6] Main_Back_Right role=host state=YIELDING->YIELDING speed=4.91 target=4.88 neighbors=8
obu-ramp-back-1        | [23.5] Ramp_Back MERGE_DECISION: auth=False phys=False fgok=True lgok=True hgok=True cok=True esok=True cready=False dtm=85.1 past=False committed=False hid=None ra=None lclear=True hyok=True
obu-ramp-merge-3-1     | [23.6] Ramp_Merge_3 MERGE_COMMIT_WAIT_LANE_AVAILABLE: edge=34126779 lane=0 target_lane=1 lane_count=1 executable=False speed=6.42 dtm=14.5
obu-ramp-merge-3-1     | [23.6] Ramp_Merge_3 FINAL_GUARD: REJECTED slot-boundary sid=105 gap=5.6
obu-ramp-merge-3-1     | [23.6] Ramp_Merge_3 MERGE_COMMIT_SAFETY_HOLD: lgok=False hgok=True fgok=False edge=34126779 lane=0 target_lane=1 speed=6.42 lane_cmd_state=WAIT_EDGE lane_cmd_executable=False lane_cmd_edge=34126779 lane_cmd_lane_count=1
obu-ramp-merge-3-1     | [23.6] Ramp_Merge_3 CAR_FOLLOW: sid=105 edge=34126779 lane=0 leader_edge= leader_lane=None leader_role_hint=main self_merge_completed=False self_merge_completed_age=-1.0 self_merge_committed=True lane_cmd_state=WAIT_EDGE lane_cmd_edge=34126779 lane_cmd_target=1 lane_cmd_executable=False same_lane=False reason=merge_conflict_eta gap=0.6 follow_spd=4.54 emergency=False target_before=2.25 target_after=6.1681510090587075
obu-ramp-merge-3-1     | [23.7] Ramp_Merge_3 MCM_RX_ACCEPT: from=106 manoeuvre=67 target=109
obu-main-back-right-1  | HOST_RESERVATION_EXTEND_UNTIL_CLEAR: host=Main_Back_Right ramp=109 manoeuvre=67 new_remaining=4.0 ramp_lcs=WAIT_EDGE ramp_edge=34126779
obu-main-back-right-1  | HOST_RESERVATION_HOLD: host=Main_Back_Right ramp=109 manoeuvre=67 remaining=4.0 own_speed=4.91 target_speed=4.88 ramp_fsm=MERGING ramp_lane_cmd_state=WAIT_EDGE ramp_edge=34126779 ramp_lane=0 ramp_merge_completed=False ramp_merge_committed=True
obu-main-back-right-1  | [23.8] Main_Back_Right HOST_HOLD_YIELD: for merge=109 spd=4.88
obu-lead-car-1         | [23.8] Lead_Car role=cruise state=CRUISE->CRUISE speed=7.50 target=7.50 neighbors=10
obu-main-mid-right-1   | [23.8] Main_Mid_Right role=cruise state=CRUISE->CRUISE speed=7.50 target=7.50 neighbors=10
obu-ramp-back-1        | [23.7] Ramp_Back MERGE_DECISION: auth=False phys=False fgok=True lgok=True hgok=True cok=True esok=True cready=False dtm=84.2 past=False committed=False hid=None ra=None lclear=True hyok=True
obu-ramp-merge-4-1     | [23.8] Ramp_Merge_4 MERGE_COMMIT_WAIT_LANE_AVAILABLE: edge=34126779 lane=0 target_lane=1 lane_count=1 executable=False speed=6.67 dtm=37.3
obu-host-car-1         | [23.8] Host_Car role=cruise state=CRUISE->CRUISE speed=7.49 target=7.50 neighbors=10
obu-ramp-merge-5-1     | [23.8] Ramp_Merge_5 MERGE_DECISION: auth=False phys=True fgok=True lgok=True hgok=True cok=True esok=True cready=True dtm=63.2 past=False committed=False hid=None ra=None lclear=True hyok=True
obu-ramp-merge-5-1     | [23.8] Ramp_Merge_5 role=merge state=CRUISE->CRUISE speed=6.43 target=6.61 neighbors=10
obu-ramp-merge-3-1     | [23.8] Ramp_Merge_3 MERGE_COMMIT_WAIT_LANE_AVAILABLE: edge=34126779 lane=0 target_lane=1 lane_count=1 executable=False speed=6.40 dtm=13.3
obu-ramp-merge-3-1     | [23.8] Ramp_Merge_3 FINAL_GUARD: REJECTED slot-boundary sid=105 gap=8.9
obu-ramp-merge-3-1     | [23.8] Ramp_Merge_3 MERGE_COMMIT_SAFETY_HOLD: lgok=False hgok=True fgok=False edge=34126779 lane=0 target_lane=1 speed=6.40 lane_cmd_state=WAIT_EDGE lane_cmd_executable=False lane_cmd_edge=34126779 lane_cmd_lane_count=1
obu-ramp-merge-3-1     | [23.8] Ramp_Merge_3 CAR_FOLLOW: sid=105 edge=34126779 lane=0 leader_edge= leader_lane=None leader_role_hint=main self_merge_completed=False self_merge_completed_age=-1.0 self_merge_committed=True lane_cmd_state=WAIT_EDGE lane_cmd_edge=34126779 lane_cmd_target=1 lane_cmd_executable=False same_lane=True reason=same_lane_cam gap=4.3 follow_spd=2.62 emergency=False target_before=2.25 target_after=6.147040323721305
traci-bridge-1         | LANE_CMD_STATE veh=Ramp_Merge_4 edge=34126779 lane=0 target=1 lane_count=1 recently=False speed=6.54
traci-bridge-1         | LANE_CMD_WAIT_EDGE veh=Ramp_Merge_4 edge=34126779 lane=0 target=1 lane_count=1
traci-bridge-1         | LANE_CMD_STATE veh=Ramp_Merge_3 edge=34126779 lane=0 target=1 lane_count=1 recently=False speed=6.46
traci-bridge-1         | LANE_CMD_WAIT_EDGE veh=Ramp_Merge_3 edge=34126779 lane=0 target=1 lane_count=1
traci-bridge-1         | LANE_CMD_STATE veh=Ramp_Merge_4 edge=34126779 lane=0 target=1 lane_count=1 recently=False speed=6.55
traci-bridge-1         | LANE_CMD_WAIT_EDGE veh=Ramp_Merge_4 edge=34126779 lane=0 target=1 lane_count=1
traci-bridge-1         | LANE_CMD_STATE veh=Ramp_Merge_3 edge=34126779 lane=0 target=1 lane_count=1 recently=False speed=6.45
traci-bridge-1         | LANE_CMD_WAIT_EDGE veh=Ramp_Merge_3 edge=34126779 lane=0 target=1 lane_count=1
traci-bridge-1         | LANE_CMD_STATE veh=Ramp_Merge_4 edge=34126779 lane=0 target=1 lane_count=1 recently=False speed=6.56
traci-bridge-1         | LANE_CMD_WAIT_EDGE veh=Ramp_Merge_4 edge=34126779 lane=0 target=1 lane_count=1
traci-bridge-1         | LANE_CMD_STATE veh=Ramp_Merge_3 edge=34126779 lane=0 target=1 lane_count=1 recently=False speed=6.44
traci-bridge-1         | LANE_CMD_WAIT_EDGE veh=Ramp_Merge_3 edge=34126779 lane=0 target=1 lane_count=1
traci-bridge-1         | LANE_CMD_STATE veh=Ramp_Merge_4 edge=34126779 lane=0 target=1 lane_count=1 recently=False speed=6.56
traci-bridge-1         | LANE_CMD_WAIT_EDGE veh=Ramp_Merge_4 edge=34126779 lane=0 target=1 lane_count=1
traci-bridge-1         | LANE_CMD_STATE veh=Ramp_Merge_3 edge=34126779 lane=0 target=1 lane_count=1 recently=False speed=6.43
traci-bridge-1         | LANE_CMD_WAIT_EDGE veh=Ramp_Merge_3 edge=34126779 lane=0 target=1 lane_count=1
traci-bridge-1         | LANE_CMD_STATE veh=Ramp_Merge_4 edge=34126779 lane=0 target=1 lane_count=1 recently=False speed=6.57
traci-bridge-1         | LANE_CMD_WAIT_EDGE veh=Ramp_Merge_4 edge=34126779 lane=0 target=1 lane_count=1
traci-bridge-1         | LANE_CMD_STATE veh=Ramp_Merge_3 edge=34126779 lane=0 target=1 lane_count=1 recently=False speed=6.42
traci-bridge-1         | LANE_CMD_WAIT_EDGE veh=Ramp_Merge_3 edge=34126779 lane=0 target=1 lane_count=1
traci-bridge-1         | LANE_CMD_STATE veh=Ramp_Merge_4 edge=34126779 lane=0 target=1 lane_count=1 recently=False speed=6.58
traci-bridge-1         | LANE_CMD_WAIT_EDGE veh=Ramp_Merge_4 edge=34126779 lane=0 target=1 lane_count=1
traci-bridge-1         | LANE_CMD_STATE veh=Ramp_Merge_3 edge=34126779 lane=0 target=1 lane_count=1 recently=False speed=6.41
traci-bridge-1         | LANE_CMD_WAIT_EDGE veh=Ramp_Merge_3 edge=34126779 lane=0 target=1 lane_count=1
traci-bridge-1         | LANE_CMD_STATE veh=Ramp_Merge_4 edge=34126779 lane=0 target=1 lane_count=1 recently=False speed=6.59
traci-bridge-1         | LANE_CMD_WAIT_EDGE veh=Ramp_Merge_4 edge=34126779 lane=0 target=1 lane_count=1
traci-bridge-1         | LANE_CMD_STATE veh=Ramp_Merge_3 edge=34126779 lane=0 target=1 lane_count=1 recently=False speed=6.42
traci-bridge-1         | LANE_CMD_WAIT_EDGE veh=Ramp_Merge_3 edge=34126779 lane=0 target=1 lane_count=1
traci-bridge-1         | LANE_CMD_STATE veh=Ramp_Merge_4 edge=34126779 lane=0 target=1 lane_count=1 recently=False speed=6.60
traci-bridge-1         | LANE_CMD_WAIT_EDGE veh=Ramp_Merge_4 edge=34126779 lane=0 target=1 lane_count=1
traci-bridge-1         | LANE_CMD_STATE veh=Ramp_Merge_3 edge=34126779 lane=0 target=1 lane_count=1 recently=False speed=6.43
traci-bridge-1         | LANE_CMD_WAIT_EDGE veh=Ramp_Merge_3 edge=34126779 lane=0 target=1 lane_count=1
traci-bridge-1         | LANE_CMD_STATE veh=Ramp_Merge_4 edge=34126779 lane=0 target=1 lane_count=1 recently=False speed=6.60
traci-bridge-1         | LANE_CMD_WAIT_EDGE veh=Ramp_Merge_4 edge=34126779 lane=0 target=1 lane_count=1
traci-bridge-1         | LANE_CMD_STATE veh=Ramp_Merge_3 edge=34126779 lane=0 target=1 lane_count=1 recently=False speed=6.44
traci-bridge-1         | LANE_CMD_WAIT_EDGE veh=Ramp_Merge_3 edge=34126779 lane=0 target=1 lane_count=1
traci-bridge-1         | LANE_CMD_STATE veh=Ramp_Merge_4 edge=34126779 lane=0 target=1 lane_count=1 recently=False speed=6.61
traci-bridge-1         | LANE_CMD_WAIT_EDGE veh=Ramp_Merge_4 edge=34126779 lane=0 target=1 lane_count=1
traci-bridge-1         | LANE_CMD_STATE veh=Ramp_Merge_3 edge=34126779 lane=0 target=1 lane_count=1 recently=False speed=6.45
traci-bridge-1         | LANE_CMD_WAIT_EDGE veh=Ramp_Merge_3 edge=34126779 lane=0 target=1 lane_count=1
traci-bridge-1         | LANE_CMD_STATE veh=Ramp_Merge_4 edge=34126779 lane=0 target=1 lane_count=1 recently=False speed=6.62
traci-bridge-1         | LANE_CMD_WAIT_EDGE veh=Ramp_Merge_4 edge=34126779 lane=0 target=1 lane_count=1
traci-bridge-1         | LANE_CMD_STATE veh=Ramp_Merge_3 edge=34126779 lane=0 target=1 lane_count=1 recently=False speed=6.46
traci-bridge-1         | LANE_CMD_WAIT_EDGE veh=Ramp_Merge_3 edge=34126779 lane=0 target=1 lane_count=1
traci-bridge-1         | LANE_CMD_STATE veh=Ramp_Merge_4 edge=34126779 lane=0 target=1 lane_count=1 recently=False speed=6.62
traci-bridge-1         | LANE_CMD_WAIT_EDGE veh=Ramp_Merge_4 edge=34126779 lane=0 target=1 lane_count=1
traci-bridge-1         | LANE_CMD_STATE veh=Ramp_Merge_3 edge=34126779 lane=0 target=1 lane_count=1 recently=False speed=6.46
traci-bridge-1         | LANE_CMD_WAIT_EDGE veh=Ramp_Merge_3 edge=34126779 lane=0 target=1 lane_count=1
traci-bridge-1         | LANE_CMD_STATE veh=Ramp_Merge_4 edge=34126779 lane=0 target=1 lane_count=1 recently=False speed=6.63
traci-bridge-1         | LANE_CMD_WAIT_EDGE veh=Ramp_Merge_4 edge=34126779 lane=0 target=1 lane_count=1
traci-bridge-1         | LANE_CMD_STATE veh=Ramp_Merge_3 edge=34126779 lane=0 target=1 lane_count=1 recently=False speed=6.47
traci-bridge-1         | LANE_CMD_WAIT_EDGE veh=Ramp_Merge_3 edge=34126779 lane=0 target=1 lane_count=1
traci-bridge-1         | LANE_CMD_STATE veh=Ramp_Merge_4 edge=34126779 lane=0 target=1 lane_count=1 recently=False speed=6.64
traci-bridge-1         | LANE_CMD_WAIT_EDGE veh=Ramp_Merge_4 edge=34126779 lane=0 target=1 lane_count=1
traci-bridge-1         | LANE_CMD_STATE veh=Ramp_Merge_3 edge=34126779 lane=0 target=1 lane_count=1 recently=False speed=6.48
traci-bridge-1         | LANE_CMD_WAIT_EDGE veh=Ramp_Merge_3 edge=34126779 lane=0 target=1 lane_count=1
traci-bridge-1         | LANE_CMD_STATE veh=Ramp_Merge_4 edge=34126779 lane=0 target=1 lane_count=1 recently=False speed=6.64
traci-bridge-1         | LANE_CMD_WAIT_EDGE veh=Ramp_Merge_4 edge=34126779 lane=0 target=1 lane_count=1
traci-bridge-1         | LANE_CMD_STATE veh=Ramp_Merge_3 edge=34126779 lane=0 target=1 lane_count=1 recently=False speed=6.46
traci-bridge-1         | LANE_CMD_WAIT_EDGE veh=Ramp_Merge_3 edge=34126779 lane=0 target=1 lane_count=1
traci-bridge-1         | LANE_CMD_STATE veh=Ramp_Merge_4 edge=34126779 lane=0 target=1 lane_count=1 recently=False speed=6.65
traci-bridge-1         | LANE_CMD_WAIT_EDGE veh=Ramp_Merge_4 edge=34126779 lane=0 target=1 lane_count=1
traci-bridge-1         | LANE_CMD_STATE veh=Ramp_Merge_3 edge=34126779 lane=0 target=1 lane_count=1 recently=False speed=6.45
traci-bridge-1         | LANE_CMD_WAIT_EDGE veh=Ramp_Merge_3 edge=34126779 lane=0 target=1 lane_count=1
traci-bridge-1         | LANE_CMD_STATE veh=Ramp_Merge_4 edge=34126779 lane=0 target=1 lane_count=1 recently=False speed=6.65
traci-bridge-1         | LANE_CMD_WAIT_EDGE veh=Ramp_Merge_4 edge=34126779 lane=0 target=1 lane_count=1
traci-bridge-1         | LANE_CMD_STATE veh=Ramp_Merge_3 edge=34126779 lane=0 target=1 lane_count=1 recently=False speed=6.44
traci-bridge-1         | LANE_CMD_WAIT_EDGE veh=Ramp_Merge_3 edge=34126779 lane=0 target=1 lane_count=1
traci-bridge-1         | LANE_CMD_STATE veh=Ramp_Merge_4 edge=34126779 lane=0 target=1 lane_count=1 recently=False speed=6.66
traci-bridge-1         | LANE_CMD_WAIT_EDGE veh=Ramp_Merge_4 edge=34126779 lane=0 target=1 lane_count=1
traci-bridge-1         | LANE_CMD_STATE veh=Ramp_Merge_3 edge=34126779 lane=0 target=1 lane_count=1 recently=False speed=6.43
traci-bridge-1         | LANE_CMD_WAIT_EDGE veh=Ramp_Merge_3 edge=34126779 lane=0 target=1 lane_count=1
traci-bridge-1         | LANE_CMD_STATE veh=Ramp_Merge_4 edge=34126779 lane=0 target=1 lane_count=1 recently=False speed=6.66
traci-bridge-1         | LANE_CMD_WAIT_EDGE veh=Ramp_Merge_4 edge=34126779 lane=0 target=1 lane_count=1
traci-bridge-1         | LANE_CMD_STATE veh=Ramp_Merge_3 edge=34126779 lane=0 target=1 lane_count=1 recently=False speed=6.42
traci-bridge-1         | LANE_CMD_WAIT_EDGE veh=Ramp_Merge_3 edge=34126779 lane=0 target=1 lane_count=1
traci-bridge-1         | LANE_CMD_STATE veh=Ramp_Merge_4 edge=34126779 lane=0 target=1 lane_count=1 recently=False speed=6.67
traci-bridge-1         | LANE_CMD_WAIT_EDGE veh=Ramp_Merge_4 edge=34126779 lane=0 target=1 lane_count=1
traci-bridge-1         | LANE_CMD_STATE veh=Ramp_Merge_3 edge=34126779 lane=0 target=1 lane_count=1 recently=False speed=6.41
traci-bridge-1         | LANE_CMD_WAIT_EDGE veh=Ramp_Merge_3 edge=34126779 lane=0 target=1 lane_count=1
traci-bridge-1         | LANE_CMD_STATE veh=Ramp_Merge_4 edge=34126779 lane=0 target=1 lane_count=1 recently=False speed=6.67
traci-bridge-1         | LANE_CMD_WAIT_EDGE veh=Ramp_Merge_4 edge=34126779 lane=0 target=1 lane_count=1
traci-bridge-1         | LANE_CMD_STATE veh=Ramp_Merge_3 edge=34126779 lane=0 target=1 lane_count=1 recently=False speed=6.40
traci-bridge-1         | LANE_CMD_WAIT_EDGE veh=Ramp_Merge_3 edge=34126779 lane=0 target=1 lane_count=1
traci-bridge-1         | LANE_CMD_STATE veh=Ramp_Merge_4 edge=34126779 lane=0 target=1 lane_count=1 recently=False speed=6.67
traci-bridge-1         | LANE_CMD_WAIT_EDGE veh=Ramp_Merge_4 edge=34126779 lane=0 target=1 lane_count=1
traci-bridge-1         | LANE_CMD_STATE veh=Ramp_Merge_3 edge=34126779 lane=0 target=1 lane_count=1 recently=False speed=6.39
traci-bridge-1         | LANE_CMD_WAIT_EDGE veh=Ramp_Merge_3 edge=34126779 lane=0 target=1 lane_count=1
traci-bridge-1         | LANE_CMD_STATE veh=Ramp_Merge_4 edge=34126779 lane=0 target=1 lane_count=1 recently=False speed=6.68
traci-bridge-1         | LANE_CMD_WAIT_EDGE veh=Ramp_Merge_4 edge=34126779 lane=0 target=1 lane_count=1
obu-ramp-back-1        | [23.8] Ramp_Back MERGE_DECISION: auth=False phys=False fgok=True lgok=True hgok=True cok=True esok=True cready=False dtm=83.7 past=False committed=False hid=None ra=None lclear=True hyok=True
obu-ramp-back-1        | [23.8] Ramp_Back role=merge state=CRUISE->CRUISE speed=6.73 target=6.75 neighbors=10
obu-ramp-back-1        | [24.0] Ramp_Back MERGE_DECISION: auth=False phys=False fgok=True lgok=True hgok=True cok=True esok=True cready=False dtm=82.8 past=False committed=False hid=None ra=None lclear=True hyok=True
obu-ramp-merge-3-1     | [24.0] Ramp_Merge_3 MERGE_COMMIT_WAIT_LANE_AVAILABLE: edge=34126779 lane=0 target_lane=1 lane_count=1 executable=False speed=6.38 dtm=12.1
obu-ramp-merge-3-1     | [24.0] Ramp_Merge_3 FINAL_GUARD: REJECTED slot-boundary sid=105 gap=7.7
obu-ramp-merge-3-1     | [24.0] Ramp_Merge_3 MERGE_COMMIT_SAFETY_HOLD: lgok=False hgok=True fgok=False edge=34126779 lane=0 target_lane=1 speed=6.38 lane_cmd_state=WAIT_EDGE lane_cmd_executable=False lane_cmd_edge=34126779 lane_cmd_lane_count=1
obu-ramp-merge-3-1     | [24.0] Ramp_Merge_3 role=merge state=MERGING->MERGING speed=6.38 target=2.25 neighbors=10
obu-ramp-back-1        | [24.2] Ramp_Back MERGE_DECISION: auth=False phys=False fgok=True lgok=True hgok=True cok=True esok=True cready=False dtm=81.9 past=False committed=False hid=None ra=None lclear=True hyok=True
obu-ramp-merge-3-1     | [24.4] Ramp_Merge_3 MERGE_COMMIT_WAIT_LANE_AVAILABLE: edge=34126779 lane=0 target_lane=1 lane_count=1 executable=False speed=6.33 dtm=9.8
obu-ramp-merge-3-1     | [24.4] Ramp_Merge_3 FINAL_GUARD: REJECTED slot-boundary sid=105 gap=5.6
obu-ramp-merge-3-1     | [24.4] Ramp_Merge_3 MERGE_COMMIT_SAFETY_HOLD: lgok=False hgok=True fgok=False edge=34126779 lane=0 target_lane=1 speed=6.33 lane_cmd_state=WAIT_EDGE lane_cmd_executable=False lane_cmd_edge=34126779 lane_cmd_lane_count=1
obu-main-back-left-1   | [24.5] Main_Back_Left role=lead state=CRUISE->CRUISE speed=6.93 target=7.50 neighbors=10
obu-ramp-merge-2-1     | [24.5] Ramp_Merge_2 role=cruise state=CRUISE->CRUISE speed=7.26 target=7.50 neighbors=10
obu-ramp-back-1        | [24.5] Ramp_Back MERGE_DECISION: auth=False phys=False fgok=True lgok=True hgok=True cok=True esok=True cready=False dtm=80.6 past=False committed=False hid=None ra=None lclear=True hyok=True
obu-merge-car-1        | [24.5] Merge_Car role=cruise state=CRUISE->CRUISE speed=7.45 target=7.50 neighbors=10
obu-ramp-merge-5-1     | [24.5] Ramp_Merge_5 MERGE_DECISION: auth=False phys=True fgok=True lgok=True hgok=True cok=True esok=True cready=True dtm=59.3 past=False committed=False hid=None ra=None lclear=True hyok=True
obu-ramp-merge-3-1     | [24.5] Ramp_Merge_3 MERGE_COMMIT_WAIT_LANE_AVAILABLE: edge=34126779 lane=0 target_lane=1 lane_count=1 executable=False speed=6.13 dtm=9.3
obu-ramp-merge-3-1     | [24.5] Ramp_Merge_3 FINAL_GUARD: REJECTED slot-boundary sid=105 gap=5.1
obu-ramp-merge-3-1     | [24.5] Ramp_Merge_3 MERGE_COMMIT_SAFETY_HOLD: lgok=False hgok=True fgok=False edge=34126779 lane=0 target_lane=1 speed=6.13 lane_cmd_state=WAIT_EDGE lane_cmd_executable=False lane_cmd_edge=34126779 lane_cmd_lane_count=1
obu-main-back-right-1  | HOST_RESERVATION_EXTEND_UNTIL_CLEAR: host=Main_Back_Right ramp=109 manoeuvre=67 new_remaining=3.7 ramp_lcs=WAIT_EDGE ramp_edge=34126779
obu-main-back-right-1  | HOST_RESERVATION_HOLD: host=Main_Back_Right ramp=109 manoeuvre=67 remaining=3.7 own_speed=4.90 target_speed=4.88 ramp_fsm=MERGING ramp_lane_cmd_state=WAIT_EDGE ramp_edge=34126779 ramp_lane=0 ramp_merge_completed=False ramp_merge_committed=True
obu-main-back-right-1  | [24.5] Main_Back_Right HOST_HOLD_YIELD: for merge=109 spd=4.88
obu-main-back-right-1  | [24.5] Main_Back_Right MCM_TX_ACCEPT: manoeuvre=67 target=109
obu-lead-car-1         | [24.8] Lead_Car role=cruise state=CRUISE->CRUISE speed=7.50 target=7.50 neighbors=10
obu-main-mid-right-1   | [24.8] Main_Mid_Right role=cruise state=CRUISE->CRUISE speed=7.50 target=7.50 neighbors=10
obu-ramp-merge-4-1     | [24.7] Ramp_Merge_4 MERGE_COMMIT_WAIT_LANE_AVAILABLE: edge=34126779 lane=0 target_lane=1 lane_count=1 executable=False speed=6.70 dtm=31.5
obu-ramp-merge-4-1     | [24.7] Ramp_Merge_4 role=merge state=MERGING->MERGING speed=6.70 target=6.75 neighbors=10
obu-ramp-back-1        | MERGE_ATTEMPT_TIMELINE: vehicle=Ramp_Back manoeuvre=158 host=103 lead=106 event=REQUEST_SENT t=24.6 edge=34126779 lane=0 lane_cmd_state=NONE speed=6.73 target=6.75 dtm=80.2 lead_gap=52.77 host_gap=25.34 lead_gap_t1=50.94 lead_gap_t2=49.10 lead_gap_t3=47.27 host_gap_t1=25.34 host_gap_t2=25.34 host_gap_t3=25.34
obu-host-car-1         | [24.8] Host_Car role=cruise state=CRUISE->CRUISE speed=7.48 target=7.50 neighbors=10
obu-ramp-back-1        | [24.6] Ramp_Back MCM_TX_REQUEST: manoeuvre=158 target=103
obu-ramp-back-1        | [24.6] Ramp_Back MERGE_DECISION: auth=False phys=False fgok=True lgok=True hgok=False cok=True esok=True cready=False dtm=80.2 past=False committed=False hid=103 ra=None lclear=True hyok=False
obu-ramp-merge-5-1     | [24.7] Ramp_Merge_5 MERGE_DECISION: auth=False phys=True fgok=True lgok=False hgok=True cok=True esok=True cready=True dtm=58.1 past=False committed=False hid=None ra=None lclear=True hyok=True
obu-ramp-merge-3-1     | [24.7] Ramp_Merge_3 MERGE_COMMIT_WAIT_LANE_AVAILABLE: edge=34126779 lane=0 target_lane=1 lane_count=1 executable=False speed=5.75 dtm=8.3
obu-ramp-merge-3-1     | [24.7] Ramp_Merge_3 FINAL_GUARD: REJECTED slot-boundary sid=105 gap=7.3
obu-ramp-merge-3-1     | [24.7] Ramp_Merge_3 MERGE_COMMIT_SAFETY_HOLD: lgok=False hgok=True fgok=False edge=34126779 lane=0 target_lane=1 speed=5.75 lane_cmd_state=WAIT_EDGE lane_cmd_executable=False lane_cmd_edge=34126779 lane_cmd_lane_count=1
obu-ramp-merge-3-1     | [24.7] Ramp_Merge_3 CAR_FOLLOW: sid=105 edge=34126779 lane=0 leader_edge= leader_lane=None leader_role_hint=main self_merge_completed=False self_merge_completed_age=-1.0 self_merge_committed=True lane_cmd_state=WAIT_EDGE lane_cmd_edge=34126779 lane_cmd_target=1 lane_cmd_executable=False same_lane=False reason=merge_conflict_eta gap=1.2 follow_spd=4.77 emergency=False target_before=2.25 target_after=5.500945443345368
obu-main-back-right-1  | HOST_RESERVATION_HOLD: host=Main_Back_Right ramp=109 manoeuvre=67 remaining=3.5 own_speed=4.90 target_speed=4.88 ramp_fsm=MERGING ramp_lane_cmd_state=WAIT_EDGE ramp_edge=34126779 ramp_lane=0 ramp_merge_completed=False ramp_merge_committed=True
obu-main-back-right-1  | [24.7] Main_Back_Right HOST_HOLD_YIELD: for merge=109 spd=4.88
obu-main-back-right-1  | [24.7] Main_Back_Right role=host state=YIELDING->YIELDING speed=4.90 target=4.88 neighbors=10
obu-ramp-merge-4-1     | [24.8] Ramp_Merge_4 MERGE_COMMIT_WAIT_LANE_AVAILABLE: edge=34126779 lane=0 target_lane=1 lane_count=1 executable=False speed=6.70 dtm=30.8
obu-ramp-back-1        | [24.8] Ramp_Back MERGE_DECISION: auth=False phys=False fgok=True lgok=True hgok=False cok=True esok=True cready=False dtm=79.3 past=False committed=False hid=103 ra=None lclear=True hyok=False
obu-ramp-back-1        | [24.8] Ramp_Back role=merge state=NEGOTIATING->NEGOTIATING speed=6.74 target=6.92 neighbors=10
obu-ramp-merge-5-1     | [24.8] Ramp_Merge_5 MERGE_DECISION: auth=False phys=True fgok=True lgok=False hgok=True cok=True esok=True cready=True dtm=57.5 past=False committed=False hid=None ra=None lclear=True hyok=True
obu-ramp-merge-5-1     | [24.8] Ramp_Merge_5 role=merge state=CRUISE->CRUISE speed=6.50 target=6.30 neighbors=10
obu-ramp-merge-3-1     | [24.8] Ramp_Merge_3 MERGE_COMMIT_WAIT_LANE_AVAILABLE: edge=34126779 lane=0 target_lane=1 lane_count=1 executable=False speed=5.58 dtm=7.9
obu-ramp-merge-3-1     | [24.8] Ramp_Merge_3 FINAL_GUARD: REJECTED slot-boundary sid=105 gap=6.8
obu-ramp-merge-3-1     | [24.8] Ramp_Merge_3 MERGE_COMMIT_SAFETY_HOLD: lgok=False hgok=True fgok=False edge=34126779 lane=0 target_lane=1 speed=5.58 lane_cmd_state=WAIT_EDGE lane_cmd_executable=False lane_cmd_edge=34126779 lane_cmd_lane_count=1
obu-ramp-merge-3-1     | [24.8] Ramp_Merge_3 CAR_FOLLOW: sid=105 edge=34126779 lane=0 leader_edge= leader_lane=None leader_role_hint=main self_merge_completed=False self_merge_completed_age=-1.0 self_merge_committed=True lane_cmd_state=WAIT_EDGE lane_cmd_edge=34126779 lane_cmd_target=1 lane_cmd_executable=False same_lane=False reason=merge_conflict_eta gap=1.2 follow_spd=4.51 emergency=False target_before=2.25 target_after=5.3258981711781
obu-main-back-right-1  | HOST_RESERVATION_HOLD: host=Main_Back_Right ramp=109 manoeuvre=67 remaining=3.3 own_speed=4.89 target_speed=4.88 ramp_fsm=MERGING ramp_lane_cmd_state=WAIT_EDGE ramp_edge=34126779 ramp_lane=0 ramp_merge_completed=False ramp_merge_committed=True
obu-main-back-right-1  | [24.9] Main_Back_Right HOST_HOLD_YIELD: for merge=109 spd=4.88
obu-main-back-right-1  | [24.9] Main_Back_Right MCM_TX_ACCEPT: manoeuvre=67 target=109
obu-ramp-back-1        | [25.0] Ramp_Back MCM_TX_REQUEST: manoeuvre=158 target=103
obu-ramp-back-1        | [25.0] Ramp_Back MERGE_DECISION: auth=False phys=False fgok=True lgok=True hgok=False cok=True esok=True cready=False dtm=78.5 past=False committed=False hid=103 ra=None lclear=True hyok=False
obu-ramp-merge-5-1     | [25.0] Ramp_Merge_5 MERGE_DECISION: auth=False phys=True fgok=True lgok=False hgok=True cok=True esok=True cready=True dtm=56.3 past=False committed=False hid=None ra=None lclear=True hyok=True
obu-main-back-right-1  | HOST_RESERVATION_HOLD: host=Main_Back_Right ramp=109 manoeuvre=67 remaining=3.1 own_speed=4.89 target_speed=4.88 ramp_fsm=MERGING ramp_lane_cmd_state=WAIT_EDGE ramp_edge=34126779 ramp_lane=0 ramp_merge_completed=False ramp_merge_committed=True
obu-main-back-right-1  | [25.1] Main_Back_Right HOST_HOLD_YIELD: for merge=109 spd=4.88
obu-ramp-merge-3-1     | [25.1] Ramp_Merge_3 MERGE_COMMIT_WAIT_LANE_AVAILABLE: edge=34126779 lane=0 target_lane=1 lane_count=1 executable=False speed=5.26 dtm=6.7
obu-ramp-merge-3-1     | [25.2] Ramp_Merge_3 FINAL_GUARD: REJECTED slot-boundary sid=105 gap=5.0
obu-ramp-merge-3-1     | [25.1] Ramp_Merge_3 MERGE_COMMIT_SAFETY_HOLD: lgok=False hgok=True fgok=False edge=34126779 lane=0 target_lane=1 speed=5.26 lane_cmd_state=WAIT_EDGE lane_cmd_executable=False lane_cmd_edge=34126779 lane_cmd_lane_count=1
obu-ramp-merge-3-1     | [25.2] Ramp_Merge_3 CAR_FOLLOW: sid=105 edge=34126779 lane=0 leader_edge= leader_lane=None leader_role_hint=main self_merge_completed=False self_merge_completed_age=-1.0 self_merge_committed=True lane_cmd_state=WAIT_EDGE lane_cmd_edge=34126779 lane_cmd_target=1 lane_cmd_executable=False same_lane=False reason=merge_conflict_eta gap=1.0 follow_spd=4.12 emergency=False target_before=2.25 target_after=5.017179664405942
obu-ramp-merge-3-1     | [25.1] Ramp_Merge_3 role=merge state=MERGING->MERGING speed=5.27 target=5.02 neighbors=10
obu-main-mid-right-1   | [25.3] Main_Mid_Right MCM_RX_REQUEST: from=112 manoeuvre=158 target=103
obu-main-mid-right-1   | [25.3] Main_Mid_Right MCM_RX_REQUEST: from=112 manoeuvre=158 target=103
obu-main-mid-right-1   | HOST_RESERVATION_START: host=Main_Mid_Right ramp=112 manoeuvre=158 until=29.3 own_speed=7.50 target_speed=6.42 required_speed=6.42 gap_eta=2.41
obu-main-mid-right-1   | [25.3] Main_Mid_Right HOST_RESERVED: merge=112 manoeuvre=158 until=29.3 target_spd=6.42
obu-main-mid-right-1   | [25.3] Main_Mid_Right HOST_YIELD: for merge=112 req_spd=6.42
obu-main-mid-right-1   | [25.3] Main_Mid_Right MCM_TX_ACCEPT: manoeuvre=158 target=112
obu-ramp-merge-4-1     | [25.2] Ramp_Merge_4 MERGE_COMMIT_WAIT_LANE_AVAILABLE: edge=34126779 lane=0 target_lane=1 lane_count=1 executable=False speed=6.71 dtm=28.2
obu-ramp-back-1        | [25.2] Ramp_Back MERGE_DECISION: auth=False phys=False fgok=True lgok=True hgok=True cok=True esok=True cready=False dtm=77.5 past=False committed=False hid=103 ra=None lclear=True hyok=False
obu-ramp-merge-5-1     | [25.2] Ramp_Merge_5 MERGE_DECISION: auth=False phys=True fgok=True lgok=True hgok=True cok=True esok=True cready=True dtm=55.2 past=False committed=False hid=None ra=None lclear=True hyok=True
obu-ramp-back-1        | [25.3] Ramp_Back MCM_TX_REQUEST: manoeuvre=158 target=103
obu-ramp-back-1        | [25.3] Ramp_Back MERGE_DECISION: auth=False phys=False fgok=True lgok=True hgok=True cok=True esok=True cready=False dtm=77.0 past=False committed=False hid=103 ra=None lclear=True hyok=False
obu-ramp-merge-5-1     | [25.3] Ramp_Merge_5 MERGE_DECISION: auth=False phys=True fgok=True lgok=True hgok=True cok=True esok=True cready=True dtm=54.6 past=False committed=False hid=None ra=None lclear=True hyok=True
obu-main-back-right-1  | HOST_RESERVATION_HOLD: host=Main_Back_Right ramp=109 manoeuvre=67 remaining=2.9 own_speed=4.89 target_speed=4.88 ramp_fsm=MERGING ramp_lane_cmd_state=WAIT_EDGE ramp_edge=34126779 ramp_lane=0 ramp_merge_completed=False ramp_merge_committed=True
obu-main-back-right-1  | [25.3] Main_Back_Right HOST_HOLD_YIELD: for merge=109 spd=4.88
obu-main-back-right-1  | [25.3] Main_Back_Right MCM_TX_ACCEPT: manoeuvre=67 target=109
obu-main-back-left-1   | [25.5] Main_Back_Left role=cruise state=CRUISE->CRUISE speed=7.16 target=7.50 neighbors=10
obu-ramp-back-1        | [25.5] Ramp_Back MERGE_DECISION: auth=False phys=False fgok=True lgok=True hgok=True cok=True esok=True cready=False dtm=75.9 past=False committed=False hid=103 ra=None lclear=True hyok=False
obu-ramp-merge-5-1     | [25.6] Ramp_Merge_5 MERGE_DECISION: auth=False phys=True fgok=True lgok=True hgok=True cok=True esok=True cready=True dtm=52.9 past=False committed=False hid=None ra=None lclear=True hyok=True
obu-ramp-merge-3-1     | [25.2] Ramp_Merge_3 MCM_RX_ACCEPT: from=106 manoeuvre=67 target=109
obu-ramp-merge-3-1     | [25.2] Ramp_Merge_3 MCM_RX_ACCEPT: from=106 manoeuvre=67 target=109
obu-main-back-right-1  | HOST_RESERVATION_HOLD: host=Main_Back_Right ramp=109 manoeuvre=67 remaining=2.5 own_speed=4.89 target_speed=4.88 ramp_fsm=MERGING ramp_lane_cmd_state=WAIT_EDGE ramp_edge=34126779 ramp_lane=0 ramp_merge_completed=False ramp_merge_committed=True
obu-main-back-right-1  | [25.7] Main_Back_Right HOST_HOLD_YIELD: for merge=109 spd=4.88
obu-main-back-right-1  | [25.7] Main_Back_Right MCM_TX_ACCEPT: manoeuvre=67 target=109
obu-main-back-right-1  | [25.7] Main_Back_Right role=host state=YIELDING->YIELDING speed=4.89 target=4.88 neighbors=10
obu-ramp-merge-3-1     | [25.7] Ramp_Merge_3 MERGE_LANE_WAIT_EDGE_CONFIRMED: edge=:390064918_0 lane=0 target_lane=1 lane_count=1 executable=False
obu-ramp-merge-3-1     | [25.7] Ramp_Merge_3 MCM_RX_ACCEPT: from=106 manoeuvre=67 target=109
obu-ramp-merge-2-1     | [25.7] Ramp_Merge_2 role=cruise state=CRUISE->CRUISE speed=7.37 target=7.50 neighbors=10
obu-lead-car-1         | [25.8] Lead_Car role=cruise state=CRUISE->CRUISE speed=7.50 target=7.50 neighbors=10
obu-ramp-merge-4-1     | [25.7] Ramp_Merge_4 MERGE_COMMIT_WAIT_LANE_AVAILABLE: edge=34126779 lane=0 target_lane=1 lane_count=1 executable=False speed=6.72 dtm=24.9
obu-ramp-merge-4-1     | [25.7] Ramp_Merge_4 role=merge state=MERGING->MERGING speed=6.72 target=6.75 neighbors=10
obu-host-car-1         | [25.8] Host_Car role=cruise state=CRUISE->CRUISE speed=7.47 target=7.50 neighbors=10
obu-merge-car-1        | [25.7] Merge_Car role=cruise state=CRUISE->CRUISE speed=7.47 target=7.50 neighbors=10
obu-ramp-back-1        | [25.7] Ramp_Back MCM_TX_REQUEST: manoeuvre=158 target=103
obu-ramp-back-1        | [25.7] Ramp_Back MERGE_DECISION: auth=False phys=False fgok=True lgok=True hgok=True cok=True esok=True cready=False dtm=75.0 past=False committed=False hid=103 ra=None lclear=True hyok=False
obu-ramp-back-1        | [25.7] Ramp_Back MCM_RX_ACCEPT: from=103 manoeuvre=158 target=112
obu-main-mid-right-1   | [25.8] Main_Mid_Right MCM_RX_REQUEST: from=112 manoeuvre=158 target=103
obu-ramp-merge-5-1     | [25.8] Ramp_Merge_5 MERGE_DECISION: auth=False phys=True fgok=True lgok=True hgok=True cok=True esok=True cready=True dtm=51.7 past=False committed=False hid=None ra=None lclear=True hyok=True
obu-ramp-merge-5-1     | [25.8] Ramp_Merge_5 role=merge state=CRUISE->CRUISE speed=6.50 target=6.68 neighbors=10
obu-ramp-merge-3-1     | [25.7] Ramp_Merge_3 MERGE_COMMIT_WAIT_LANE_AVAILABLE: edge=:390064918_0 lane=0 target_lane=1 lane_count=1 executable=False speed=5.24 dtm=5.0
obu-ramp-merge-3-1     | [25.7] Ramp_Merge_3 FINAL_GUARD: REJECTED slot-boundary ETA sid=105
obu-ramp-merge-3-1     | MERGE_ATTEMPT_TIMELINE: vehicle=Ramp_Merge_3 manoeuvre=67 host=106 lead=105 event=ABORT_SAFETY_HOLD t=25.7 edge=:390064918_0 lane=0 lane_cmd_state=WAIT_EDGE speed=5.24 target=6.75 dtm=5.0 lead_gap=8.56 host_gap=24.08 lead_gap_t1=8.56 lead_gap_t2=8.56 lead_gap_t3=8.56 host_gap_t1=24.08 host_gap_t2=24.08 host_gap_t3=24.08
obu-ramp-merge-3-1     | [25.7] Ramp_Merge_3 MERGE_COMMIT_ABORT_SAFETY_HOLD: lgok=False hgok=True fgok=False edge=:390064918_0 lane=0 target_lane=1 speed=5.24 lane_cmd_state=WAIT_EDGE lane_cmd_executable=False lane_cmd_edge=:390064918_0 lane_cmd_lane_count=1
obu-main-back-right-1  | HOST_RESERVATION_HOLD: host=Main_Back_Right ramp=109 manoeuvre=67 remaining=2.3 own_speed=4.89 target_speed=4.88 ramp_fsm=MERGING ramp_lane_cmd_state=WAIT_EDGE ramp_edge=34126779 ramp_lane=0 ramp_merge_completed=False ramp_merge_committed=True
obu-main-back-right-1  | [25.9] Main_Back_Right HOST_HOLD_YIELD: for merge=109 spd=4.88
obu-main-mid-right-1   | HOST_RESERVATION_HOLD: host=Main_Mid_Right ramp=112 manoeuvre=158 remaining=3.4 own_speed=7.30 target_speed=6.42 ramp_fsm=NEGOTIATING ramp_lane_cmd_state=NONE ramp_edge=34126779 ramp_lane=0 ramp_merge_completed=False ramp_merge_committed=False
obu-main-mid-right-1   | [25.9] Main_Mid_Right HOST_HOLD_YIELD: for merge=112 spd=6.42
obu-main-mid-right-1   | [25.9] Main_Mid_Right MCM_TX_ACCEPT: manoeuvre=158 target=112
obu-main-mid-right-1   | [25.9] Main_Mid_Right role=host state=YIELDING->YIELDING speed=7.30 target=6.42 neighbors=10
obu-ramp-merge-4-1     | [25.8] Ramp_Merge_4 MERGE_COMMIT_WAIT_LANE_AVAILABLE: edge=34126779 lane=0 target_lane=1 lane_count=1 executable=False speed=6.72 dtm=24.2
obu-ramp-back-1        | MERGE_ATTEMPT_TIMELINE: vehicle=Ramp_Back manoeuvre=158 host=103 lead=106 event=ACCEPT_MATCHED t=25.8 edge=34126779 lane=0 lane_cmd_state=NONE speed=6.77 target=6.75 dtm=74.5 lead_gap=48.22 host_gap=44.05 lead_gap_t1=46.32 lead_gap_t2=44.43 lead_gap_t3=42.54 host_gap_t1=44.05 host_gap_t2=44.05 host_gap_t3=44.05
obu-ramp-back-1        | [25.8] Ramp_Back MCM_ACCEPT_MATCHED: host=103 manoeuvre=158
obu-ramp-back-1        | [25.8] Ramp_Back role=merge state=NEGOTIATING->NEGOTIATING speed=6.77 target=6.38 neighbors=10
obu-ramp-merge-3-1     | MERGE_ATTEMPT_TIMELINE: vehicle=Ramp_Merge_3 manoeuvre=68 host=106 lead=105 event=REQUEST_SENT t=25.9 edge=:390064918_0 lane=0 lane_cmd_state=WAIT_EDGE speed=5.22 target=6.75 dtm=4.9 lead_gap=7.50 host_gap=25.16 lead_gap_t1=7.50 lead_gap_t2=7.50 lead_gap_t3=7.50 host_gap_t1=25.16 host_gap_t2=25.16 host_gap_t3=25.16
obu-ramp-merge-3-1     | [25.9] Ramp_Merge_3 MCM_TX_REQUEST: manoeuvre=68 target=106
obu-ramp-merge-3-1     | [25.9] Ramp_Merge_3 FINAL_GUARD: REJECTED sid=105 gap=12.3
obu-ramp-merge-3-1     | [25.9] Ramp_Merge_3 MERGE_DECISION: auth=False phys=True fgok=False lgok=True hgok=True cok=True esok=True cready=True dtm=4.9 past=False committed=False hid=106 ra=None lclear=True hyok=True
obu-main-mid-right-1   | HOST_RESERVATION_HOLD: host=Main_Mid_Right ramp=112 manoeuvre=158 remaining=3.2 own_speed=7.21 target_speed=6.42 ramp_fsm=NEGOTIATING ramp_lane_cmd_state=NONE ramp_edge=34126779 ramp_lane=0 ramp_merge_completed=False ramp_merge_committed=False
obu-main-mid-right-1   | [26.1] Main_Mid_Right HOST_HOLD_YIELD: for merge=112 spd=6.42
obu-ramp-merge-4-1     | [26.0] Ramp_Merge_4 MERGE_COMMIT_WAIT_LANE_AVAILABLE: edge=34126779 lane=0 target_lane=1 lane_count=1 executable=False speed=6.73 dtm=22.9
traci-bridge-1         | LANE_CMD_STATE veh=Ramp_Merge_3 edge=34126779 lane=0 target=1 lane_count=1 recently=False speed=6.38
traci-bridge-1         | LANE_CMD_WAIT_EDGE veh=Ramp_Merge_3 edge=34126779 lane=0 target=1 lane_count=1
traci-bridge-1         | LANE_CMD_STATE veh=Ramp_Merge_4 edge=34126779 lane=0 target=1 lane_count=1 recently=False speed=6.68
traci-bridge-1         | LANE_CMD_WAIT_EDGE veh=Ramp_Merge_4 edge=34126779 lane=0 target=1 lane_count=1
traci-bridge-1         | LANE_CMD_STATE veh=Ramp_Merge_3 edge=34126779 lane=0 target=1 lane_count=1 recently=False speed=6.36
traci-bridge-1         | LANE_CMD_WAIT_EDGE veh=Ramp_Merge_3 edge=34126779 lane=0 target=1 lane_count=1
traci-bridge-1         | LANE_CMD_STATE veh=Ramp_Merge_4 edge=34126779 lane=0 target=1 lane_count=1 recently=False speed=6.69
traci-bridge-1         | LANE_CMD_WAIT_EDGE veh=Ramp_Merge_4 edge=34126779 lane=0 target=1 lane_count=1
traci-bridge-1         | LANE_CMD_STATE veh=Ramp_Merge_3 edge=34126779 lane=0 target=1 lane_count=1 recently=False speed=6.35
traci-bridge-1         | LANE_CMD_WAIT_EDGE veh=Ramp_Merge_3 edge=34126779 lane=0 target=1 lane_count=1
traci-bridge-1         | LANE_CMD_STATE veh=Ramp_Merge_4 edge=34126779 lane=0 target=1 lane_count=1 recently=False speed=6.69
traci-bridge-1         | LANE_CMD_WAIT_EDGE veh=Ramp_Merge_4 edge=34126779 lane=0 target=1 lane_count=1
traci-bridge-1         | LANE_CMD_STATE veh=Ramp_Merge_3 edge=34126779 lane=0 target=1 lane_count=1 recently=False speed=6.34
traci-bridge-1         | LANE_CMD_WAIT_EDGE veh=Ramp_Merge_3 edge=34126779 lane=0 target=1 lane_count=1
traci-bridge-1         | LANE_CMD_STATE veh=Ramp_Merge_4 edge=34126779 lane=0 target=1 lane_count=1 recently=False speed=6.69
traci-bridge-1         | LANE_CMD_WAIT_EDGE veh=Ramp_Merge_4 edge=34126779 lane=0 target=1 lane_count=1
traci-bridge-1         | LANE_CMD_STATE veh=Ramp_Merge_3 edge=34126779 lane=0 target=1 lane_count=1 recently=False speed=6.33
traci-bridge-1         | LANE_CMD_WAIT_EDGE veh=Ramp_Merge_3 edge=34126779 lane=0 target=1 lane_count=1
traci-bridge-1         | LANE_CMD_STATE veh=Ramp_Merge_4 edge=34126779 lane=0 target=1 lane_count=1 recently=False speed=6.69
traci-bridge-1         | LANE_CMD_WAIT_EDGE veh=Ramp_Merge_4 edge=34126779 lane=0 target=1 lane_count=1
traci-bridge-1         | LANE_CMD_STATE veh=Ramp_Merge_3 edge=34126779 lane=0 target=1 lane_count=1 recently=False speed=6.13
traci-bridge-1         | LANE_CMD_WAIT_EDGE veh=Ramp_Merge_3 edge=34126779 lane=0 target=1 lane_count=1
traci-bridge-1         | LANE_CMD_STATE veh=Ramp_Merge_4 edge=34126779 lane=0 target=1 lane_count=1 recently=False speed=6.70
traci-bridge-1         | LANE_CMD_WAIT_EDGE veh=Ramp_Merge_4 edge=34126779 lane=0 target=1 lane_count=1
traci-bridge-1         | LANE_CMD_STATE veh=Ramp_Merge_3 edge=34126779 lane=0 target=1 lane_count=1 recently=False speed=5.94
traci-bridge-1         | LANE_CMD_WAIT_EDGE veh=Ramp_Merge_3 edge=34126779 lane=0 target=1 lane_count=1
traci-bridge-1         | LANE_CMD_STATE veh=Ramp_Merge_4 edge=34126779 lane=0 target=1 lane_count=1 recently=False speed=6.70
traci-bridge-1         | LANE_CMD_WAIT_EDGE veh=Ramp_Merge_4 edge=34126779 lane=0 target=1 lane_count=1
traci-bridge-1         | LANE_CMD_STATE veh=Ramp_Merge_3 edge=34126779 lane=0 target=1 lane_count=1 recently=False speed=5.75
traci-bridge-1         | LANE_CMD_WAIT_EDGE veh=Ramp_Merge_3 edge=34126779 lane=0 target=1 lane_count=1
traci-bridge-1         | LANE_CMD_STATE veh=Ramp_Merge_4 edge=34126779 lane=0 target=1 lane_count=1 recently=False speed=6.70
traci-bridge-1         | LANE_CMD_WAIT_EDGE veh=Ramp_Merge_4 edge=34126779 lane=0 target=1 lane_count=1
traci-bridge-1         | LANE_CMD_STATE veh=Ramp_Merge_3 edge=34126779 lane=0 target=1 lane_count=1 recently=False speed=5.58
traci-bridge-1         | LANE_CMD_WAIT_EDGE veh=Ramp_Merge_3 edge=34126779 lane=0 target=1 lane_count=1
traci-bridge-1         | LANE_CMD_STATE veh=Ramp_Merge_4 edge=34126779 lane=0 target=1 lane_count=1 recently=False speed=6.70
traci-bridge-1         | LANE_CMD_WAIT_EDGE veh=Ramp_Merge_4 edge=34126779 lane=0 target=1 lane_count=1
traci-bridge-1         | LANE_CMD_STATE veh=Ramp_Merge_3 edge=34126779 lane=0 target=1 lane_count=1 recently=False speed=5.41
traci-bridge-1         | LANE_CMD_WAIT_EDGE veh=Ramp_Merge_3 edge=34126779 lane=0 target=1 lane_count=1
traci-bridge-1         | LANE_CMD_STATE veh=Ramp_Merge_4 edge=34126779 lane=0 target=1 lane_count=1 recently=False speed=6.71
traci-bridge-1         | LANE_CMD_WAIT_EDGE veh=Ramp_Merge_4 edge=34126779 lane=0 target=1 lane_count=1
traci-bridge-1         | LANE_CMD_STATE veh=Ramp_Merge_3 edge=34126779 lane=0 target=1 lane_count=1 recently=False speed=5.25
traci-bridge-1         | LANE_CMD_WAIT_EDGE veh=Ramp_Merge_3 edge=34126779 lane=0 target=1 lane_count=1
traci-bridge-1         | LANE_CMD_STATE veh=Ramp_Merge_4 edge=34126779 lane=0 target=1 lane_count=1 recently=False speed=6.71
traci-bridge-1         | LANE_CMD_WAIT_EDGE veh=Ramp_Merge_4 edge=34126779 lane=0 target=1 lane_count=1
traci-bridge-1         | LANE_CMD_STATE veh=Ramp_Merge_3 edge=34126779 lane=0 target=1 lane_count=1 recently=False speed=5.26
traci-bridge-1         | LANE_CMD_WAIT_EDGE veh=Ramp_Merge_3 edge=34126779 lane=0 target=1 lane_count=1
traci-bridge-1         | LANE_CMD_STATE veh=Ramp_Merge_4 edge=34126779 lane=0 target=1 lane_count=1 recently=False speed=6.71
traci-bridge-1         | LANE_CMD_WAIT_EDGE veh=Ramp_Merge_4 edge=34126779 lane=0 target=1 lane_count=1
traci-bridge-1         | LANE_CMD_STATE veh=Ramp_Merge_3 edge=34126779 lane=0 target=1 lane_count=1 recently=False speed=5.27
traci-bridge-1         | LANE_CMD_WAIT_EDGE veh=Ramp_Merge_3 edge=34126779 lane=0 target=1 lane_count=1
traci-bridge-1         | LANE_CMD_STATE veh=Ramp_Merge_4 edge=34126779 lane=0 target=1 lane_count=1 recently=False speed=6.71
traci-bridge-1         | LANE_CMD_WAIT_EDGE veh=Ramp_Merge_4 edge=34126779 lane=0 target=1 lane_count=1
traci-bridge-1         | LANE_CMD_STATE veh=Ramp_Merge_3 edge=34126779 lane=0 target=1 lane_count=1 recently=False speed=5.27
traci-bridge-1         | LANE_CMD_WAIT_EDGE veh=Ramp_Merge_3 edge=34126779 lane=0 target=1 lane_count=1
traci-bridge-1         | LANE_CMD_STATE veh=Ramp_Merge_4 edge=34126779 lane=0 target=1 lane_count=1 recently=False speed=6.72
traci-bridge-1         | LANE_CMD_WAIT_EDGE veh=Ramp_Merge_4 edge=34126779 lane=0 target=1 lane_count=1
traci-bridge-1         | LANE_CMD_STATE veh=Ramp_Merge_3 edge=34126779 lane=0 target=1 lane_count=1 recently=False speed=5.27
traci-bridge-1         | LANE_CMD_WAIT_EDGE veh=Ramp_Merge_3 edge=34126779 lane=0 target=1 lane_count=1
traci-bridge-1         | LANE_CMD_STATE veh=Ramp_Merge_4 edge=34126779 lane=0 target=1 lane_count=1 recently=False speed=6.72
traci-bridge-1         | LANE_CMD_WAIT_EDGE veh=Ramp_Merge_4 edge=34126779 lane=0 target=1 lane_count=1
traci-bridge-1         | LANE_CMD_STATE veh=Ramp_Merge_3 edge=34126779 lane=0 target=1 lane_count=1 recently=False speed=5.26
traci-bridge-1         | LANE_CMD_WAIT_EDGE veh=Ramp_Merge_3 edge=34126779 lane=0 target=1 lane_count=1
traci-bridge-1         | LANE_CMD_STATE veh=Ramp_Merge_4 edge=34126779 lane=0 target=1 lane_count=1 recently=False speed=6.72
traci-bridge-1         | LANE_CMD_WAIT_EDGE veh=Ramp_Merge_4 edge=34126779 lane=0 target=1 lane_count=1
traci-bridge-1         | LANE_CMD_STATE veh=Ramp_Merge_3 edge=34126779 lane=0 target=1 lane_count=1 recently=False speed=5.25
traci-bridge-1         | LANE_CMD_WAIT_EDGE veh=Ramp_Merge_3 edge=34126779 lane=0 target=1 lane_count=1
traci-bridge-1         | LANE_CMD_STATE veh=Ramp_Merge_4 edge=34126779 lane=0 target=1 lane_count=1 recently=False speed=6.72
traci-bridge-1         | LANE_CMD_WAIT_EDGE veh=Ramp_Merge_4 edge=34126779 lane=0 target=1 lane_count=1
traci-bridge-1         | LANE_CMD_STATE veh=Ramp_Merge_3 edge=:390064918_0 lane=0 target=1 lane_count=1 recently=False speed=5.24
traci-bridge-1         | LANE_CMD_WAIT_EDGE veh=Ramp_Merge_3 edge=:390064918_0 lane=0 target=1 lane_count=1
traci-bridge-1         | LANE_CMD_STATE veh=Ramp_Merge_4 edge=34126779 lane=0 target=1 lane_count=1 recently=False speed=6.72
traci-bridge-1         | LANE_CMD_WAIT_EDGE veh=Ramp_Merge_4 edge=34126779 lane=0 target=1 lane_count=1
traci-bridge-1         | LANE_CMD_STATE veh=Ramp_Merge_3 edge=:390064918_0 lane=0 target=1 lane_count=1 recently=False speed=5.23
traci-bridge-1         | LANE_CMD_WAIT_EDGE veh=Ramp_Merge_3 edge=:390064918_0 lane=0 target=1 lane_count=1
traci-bridge-1         | LANE_CMD_STATE veh=Ramp_Merge_4 edge=34126779 lane=0 target=1 lane_count=1 recently=False speed=6.72
traci-bridge-1         | LANE_CMD_WAIT_EDGE veh=Ramp_Merge_4 edge=34126779 lane=0 target=1 lane_count=1
traci-bridge-1         | LANE_CMD_STATE veh=Ramp_Merge_3 edge=:390064918_0 lane=0 target=1 lane_count=1 recently=False speed=5.22
traci-bridge-1         | LANE_CMD_WAIT_EDGE veh=Ramp_Merge_3 edge=:390064918_0 lane=0 target=1 lane_count=1
traci-bridge-1         | LANE_CMD_STATE veh=Ramp_Merge_4 edge=34126779 lane=0 target=1 lane_count=1 recently=False speed=6.72
traci-bridge-1         | LANE_CMD_WAIT_EDGE veh=Ramp_Merge_4 edge=34126779 lane=0 target=1 lane_count=1
traci-bridge-1         | LANE_CMD_STATE veh=Ramp_Merge_3 edge=:390064918_0 lane=0 target=1 lane_count=1 recently=False speed=5.21
traci-bridge-1         | LANE_CMD_WAIT_EDGE veh=Ramp_Merge_3 edge=:390064918_0 lane=0 target=1 lane_count=1
traci-bridge-1         | LANE_CMD_STATE veh=Ramp_Merge_4 edge=34126779 lane=0 target=1 lane_count=1 recently=False speed=6.73
traci-bridge-1         | LANE_CMD_WAIT_EDGE veh=Ramp_Merge_4 edge=34126779 lane=0 target=1 lane_count=1
traci-bridge-1         | LANE_CMD_STATE veh=Ramp_Merge_3 edge=:390064918_0 lane=0 target=1 lane_count=1 recently=False speed=5.28
traci-bridge-1         | LANE_CMD_WAIT_EDGE veh=Ramp_Merge_3 edge=:390064918_0 lane=0 target=1 lane_count=1
traci-bridge-1         | LANE_CMD_STATE veh=Ramp_Merge_4 edge=34126779 lane=0 target=1 lane_count=1 recently=False speed=6.73
traci-bridge-1         | LANE_CMD_WAIT_EDGE veh=Ramp_Merge_4 edge=34126779 lane=0 target=1 lane_count=1
traci-bridge-1         | LANE_CMD_STATE veh=Ramp_Merge_3 edge=:390064918_0 lane=0 target=1 lane_count=1 recently=False speed=5.36
traci-bridge-1         | LANE_CMD_WAIT_EDGE veh=Ramp_Merge_3 edge=:390064918_0 lane=0 target=1 lane_count=1
obu-ramp-merge-3-1     | [26.1] Ramp_Merge_3 FINAL_GUARD: REJECTED sid=105 gap=11.3
obu-ramp-merge-3-1     | [26.1] Ramp_Merge_3 MERGE_DECISION: auth=False phys=True fgok=False lgok=True hgok=True cok=True esok=True cready=True dtm=4.9 past=False committed=False hid=106 ra=None lclear=True hyok=True
obu-ramp-merge-3-1     | [26.1] Ramp_Merge_3 role=merge state=YIELDING->YIELDING speed=5.28 target=4.83 neighbors=10
obu-ramp-merge-3-1     | [26.3] Ramp_Merge_3 MERGE_LANE_APPLY_CONFIRMED: edge=1331698336 lane=0 target_lane=1 lane_count=3 executable=True
obu-main-mid-right-1   | HOST_RESERVATION_HOLD: host=Main_Mid_Right ramp=112 manoeuvre=158 remaining=3.0 own_speed=7.14 target_speed=6.42 ramp_fsm=NEGOTIATING ramp_lane_cmd_state=NONE ramp_edge=34126779 ramp_lane=0 ramp_merge_completed=False ramp_merge_committed=False
obu-main-mid-right-1   | [26.3] Main_Mid_Right HOST_HOLD_YIELD: for merge=112 spd=6.42
obu-main-mid-right-1   | [26.3] Main_Mid_Right MCM_TX_ACCEPT: manoeuvre=158 target=112
obu-ramp-merge-4-1     | [26.2] Ramp_Merge_4 MERGE_COMMIT_WAIT_LANE_AVAILABLE: edge=34126779 lane=0 target_lane=1 lane_count=1 executable=False speed=6.73 dtm=21.5
obu-ramp-merge-3-1     | [26.3] Ramp_Merge_3 MCM_TX_REQUEST: manoeuvre=68 target=106
obu-ramp-merge-3-1     | [26.3] Ramp_Merge_3 FINAL_GUARD: REJECTED sid=105 gap=10.2
obu-ramp-merge-3-1     | [26.3] Ramp_Merge_3 MERGE_DECISION: auth=False phys=True fgok=False lgok=True hgok=True cok=True esok=True cready=True dtm=5.2 past=False committed=False hid=106 ra=None lclear=True hyok=True
obu-ramp-merge-3-1     | MERGE_ATTEMPT_TIMELINE: vehicle=Ramp_Merge_3 manoeuvre=68 host=106 lead=105 event=CLEAR t=26.4 edge=1331698336 lane=1 lane_cmd_state=CLEAR speed=5.30 target=4.88 dtm=3.0 lead_gap=2.79 host_gap=21.30 lead_gap_t1=2.79 lead_gap_t2=2.79 lead_gap_t3=2.79 host_gap_t1=21.30 host_gap_t2=21.30 host_gap_t3=21.30
obu-ramp-merge-3-1     | [26.4] Ramp_Merge_3 MERGE_LANE_CLEAR_CONFIRMED: edge=1331698336 lane=1 target_lane=1 lane_count=3 executable=False
obu-main-mid-right-1   | [26.5] Main_Mid_Right MCM_RX_REQUEST: from=112 manoeuvre=158 target=103
obu-main-back-right-1  | [26.5] Main_Back_Right MCM_RX_REQUEST: from=109 manoeuvre=68 target=106
obu-main-mid-right-1   | HOST_RESERVATION_HOLD: host=Main_Mid_Right ramp=112 manoeuvre=158 remaining=2.8 own_speed=7.07 target_speed=6.42 ramp_fsm=NEGOTIATING ramp_lane_cmd_state=NONE ramp_edge=34126779 ramp_lane=0 ramp_merge_completed=False ramp_merge_committed=False
obu-main-mid-right-1   | [26.5] Main_Mid_Right HOST_HOLD_YIELD: for merge=112 spd=6.42
obu-ramp-back-1        | [26.4] Ramp_Back MCM_RX_ACCEPT: from=103 manoeuvre=158 target=112
obu-ramp-back-1        | [26.4] Ramp_Back MCM_RX_ACCEPT: from=103 manoeuvre=158 target=112
obu-ramp-merge-4-1     | [26.4] Ramp_Merge_4 MERGE_COMMIT_WAIT_LANE_AVAILABLE: edge=34126779 lane=0 target_lane=1 lane_count=1 executable=False speed=6.73 dtm=20.2
obu-ramp-merge-4-1     | [26.4] Ramp_Merge_4 FINAL_GUARD: REJECTED slot-boundary ETA sid=105
obu-ramp-merge-4-1     | [26.4] Ramp_Merge_4 MERGE_COMMIT_SAFETY_HOLD: lgok=False hgok=True fgok=False edge=34126779 lane=0 target_lane=1 speed=6.73 lane_cmd_state=WAIT_EDGE lane_cmd_executable=False lane_cmd_edge=34126779 lane_cmd_lane_count=1
obu-ramp-merge-5-1     | [26.5] Ramp_Merge_5 MERGE_DECISION: auth=False phys=True fgok=True lgok=True hgok=True cok=True esok=True cready=True dtm=47.3 past=False committed=False hid=None ra=None lclear=True hyok=True
obu-main-back-right-1  | HOST_RESERVATION_HOLD: host=Main_Back_Right ramp=109 manoeuvre=67 remaining=1.7 own_speed=4.88 target_speed=4.88 ramp_fsm=YIELDING ramp_lane_cmd_state=WAIT_EDGE ramp_edge=:390064918_0 ramp_lane=0 ramp_merge_completed=False ramp_merge_committed=False
obu-main-back-right-1  | [26.5] Main_Back_Right HOST_HOLD_YIELD: for merge=109 spd=4.88
obu-main-back-right-1  | [26.5] Main_Back_Right MCM_TX_ACCEPT: manoeuvre=67 target=109
obu-main-back-left-1   | [26.6] Main_Back_Left role=cruise state=CRUISE->CRUISE speed=7.31 target=7.50 neighbors=10
obu-main-back-right-1  | [26.5] Main_Back_Right MCM_RX_REQUEST: from=109 manoeuvre=68 target=106
obu-ramp-merge-3-1     | [26.4] Ramp_Merge_3 MCM_RX_ACCEPT: from=106 manoeuvre=67 target=109
obu-main-mid-right-1   | HOST_RESERVATION_HOLD: host=Main_Mid_Right ramp=112 manoeuvre=158 remaining=2.7 own_speed=7.03 target_speed=6.42 ramp_fsm=NEGOTIATING ramp_lane_cmd_state=NONE ramp_edge=34126779 ramp_lane=0 ramp_merge_completed=False ramp_merge_committed=False
obu-main-mid-right-1   | [26.6] Main_Mid_Right HOST_HOLD_YIELD: for merge=112 spd=6.42
obu-main-mid-right-1   | [26.6] Main_Mid_Right MCM_TX_ACCEPT: manoeuvre=158 target=112
obu-ramp-merge-4-1     | [26.5] Ramp_Merge_4 MERGE_COMMIT_WAIT_LANE_AVAILABLE: edge=34126779 lane=0 target_lane=1 lane_count=1 executable=False speed=6.73 dtm=19.5
obu-ramp-merge-4-1     | [26.5] Ramp_Merge_4 FINAL_GUARD: REJECTED slot-boundary ETA sid=105
obu-ramp-merge-4-1     | [26.5] Ramp_Merge_4 MERGE_COMMIT_SAFETY_HOLD: lgok=False hgok=True fgok=False edge=34126779 lane=0 target_lane=1 speed=6.73 lane_cmd_state=WAIT_EDGE lane_cmd_executable=False lane_cmd_edge=34126779 lane_cmd_lane_count=1
obu-main-back-right-1  | HOST_RESERVATION_RELEASE_AFTER_CLEAR: host=Main_Back_Right ramp=109 manoeuvre=67 reason=completed ramp_fsm=YIELDING ramp_lcs=CLEAR ramp_edge=1331698336 ramp_merge_completed=False
obu-main-back-right-1  | HOST_RESERVATION_START: host=Main_Back_Right ramp=109 manoeuvre=68 until=30.6 own_speed=4.88 target_speed=4.88 required_speed=4.88 gap_eta=3.82
obu-main-back-right-1  | [26.6] Main_Back_Right HOST_RESERVED: merge=109 manoeuvre=68 until=30.6 target_spd=4.88
obu-ramp-merge-3-1     | MERGE_ATTEMPT_TIMELINE: vehicle=Ramp_Merge_3 manoeuvre=68 host=106 lead=105 event=COMPLETED t=26.6 edge=1331698336 lane=1 lane_cmd_state=CLEAR speed=5.16 target=6.75 dtm=3.9 lead_gap=4.29 host_gap=19.90 lead_gap_t1=4.29 lead_gap_t2=4.29 lead_gap_t3=4.29 host_gap_t1=19.90 host_gap_t2=19.90 host_gap_t3=19.90
obu-ramp-merge-3-1     | [26.6] Ramp_Merge_3 MERGE_COMPLETED: eid=1331698336 lane=1 clean=True
obu-ramp-merge-4-1     | [26.8] Ramp_Merge_4 MERGE_COMMIT_WAIT_LANE_AVAILABLE: edge=34126779 lane=0 target_lane=1 lane_count=1 executable=False speed=6.51 dtm=17.5
obu-ramp-merge-4-1     | [26.8] Ramp_Merge_4 FINAL_GUARD: REJECTED slot-boundary ETA sid=105
obu-ramp-merge-4-1     | [26.8] Ramp_Merge_4 MERGE_COMMIT_SAFETY_HOLD: lgok=False hgok=True fgok=False edge=34126779 lane=0 target_lane=1 speed=6.51 lane_cmd_state=WAIT_EDGE lane_cmd_executable=False lane_cmd_edge=34126779 lane_cmd_lane_count=1
obu-ramp-merge-4-1     | [26.8] Ramp_Merge_4 role=merge state=MERGING->MERGING speed=6.51 target=2.25 neighbors=10
obu-merge-car-1        | [26.8] Merge_Car role=cruise state=CRUISE->CRUISE speed=7.49 target=7.50 neighbors=10
obu-main-back-right-1  | HOST_RESERVATION_RELEASE_AFTER_CLEAR: host=Main_Back_Right ramp=109 manoeuvre=68 reason=completed ramp_fsm=YIELDING ramp_lcs=CLEAR ramp_edge=1331698336 ramp_merge_completed=False
obu-main-back-right-1  | HOST_RESERVATION_START: host=Main_Back_Right ramp=109 manoeuvre=68 until=30.9 own_speed=4.88 target_speed=4.88 required_speed=4.88 gap_eta=3.52
obu-main-back-right-1  | [26.9] Main_Back_Right HOST_RESERVED: merge=109 manoeuvre=68 until=30.9 target_spd=4.88
obu-main-back-right-1  | [26.9] Main_Back_Right MCM_TX_ACCEPT: manoeuvre=68 target=109
obu-main-back-right-1  | [26.9] Main_Back_Right role=host state=CRUISE->CRUISE speed=4.88 target=7.50 neighbors=10
obu-ramp-merge-2-1     | [26.9] Ramp_Merge_2 role=cruise state=CRUISE->CRUISE speed=7.43 target=7.50 neighbors=10
obu-lead-car-1         | [26.8] Lead_Car role=cruise state=CRUISE->CRUISE speed=7.50 target=7.50 neighbors=10
obu-host-car-1         | [26.8] Host_Car role=cruise state=CRUISE->CRUISE speed=7.48 target=7.50 neighbors=10
obu-ramp-back-1        | [26.9] Ramp_Back role=merge state=NEGOTIATING->NEGOTIATING speed=6.64 target=6.38 neighbors=10
obu-ramp-merge-3-1     | [27.1] Ramp_Merge_3 CAR_FOLLOW: sid=105 edge=1331698336 lane=1 leader_edge= leader_lane=None leader_role_hint=main self_merge_completed=True self_merge_completed_age=0.5 self_merge_committed=False lane_cmd_state=CLEAR lane_cmd_edge=1331698336 lane_cmd_target=1 lane_cmd_executable=False same_lane=True reason=same_lane_cam gap=4.0 follow_spd=2.62 emergency=False target_before=7.5 target_after=5.074986669175295
obu-ramp-merge-3-1     | MERGE_ATTEMPT_TIMELINE: vehicle=Ramp_Merge_3 manoeuvre=68 host=None lead=None event=POST_MERGE_CAR_FOLLOW t=27.1 edge=1331698336 lane=1 lane_cmd_state=CLEAR speed=5.32 target=5.07 dtm=6.3 lead_gap= host_gap= lead_gap_t1= lead_gap_t2= lead_gap_t3= host_gap_t1= host_gap_t2= host_gap_t3=
obu-ramp-merge-3-1     | [27.1] Ramp_Merge_3 POST_MERGE_CAR_FOLLOW: age=0.5 sid=105 gap=4.0 reason=same_lane_cam follow_spd=2.62 self_edge=1331698336 self_lane=1 leader_edge= leader_lane=None lane_cmd_state=CLEAR
obu-ramp-merge-3-1     | MERGE_ATTEMPT_TIMELINE: vehicle=Ramp_Merge_3 manoeuvre=68 host=None lead=None event=POST_CLEAR_CAR_FOLLOW t=27.1 edge=1331698336 lane=1 lane_cmd_state=CLEAR speed=5.32 target=5.07 dtm=6.3 lead_gap= host_gap= lead_gap_t1= lead_gap_t2= lead_gap_t3= host_gap_t1= host_gap_t2= host_gap_t3=
obu-ramp-merge-3-1     | [27.1] Ramp_Merge_3 POST_CLEAR_CAR_FOLLOW: age=0.7 sid=105 gap=4.0 reason=same_lane_cam follow_spd=2.62 self_edge=1331698336 self_lane=1 leader_edge= leader_lane=None lane_cmd_state=CLEAR
obu-ramp-merge-3-1     | [27.1] Ramp_Merge_3 role=host state=CRUISE->YIELDING speed=5.32 target=5.07 neighbors=10
obu-main-back-right-1  | HOST_RESERVATION_RELEASE_AFTER_CLEAR: host=Main_Back_Right ramp=109 manoeuvre=68 reason=completed ramp_fsm=YIELDING ramp_lcs=CLEAR ramp_edge=1331698336 ramp_merge_completed=False
obu-main-back-right-1  | HOST_RESERVATION_START: host=Main_Back_Right ramp=109 manoeuvre=68 until=31.1 own_speed=5.14 target_speed=4.88 required_speed=4.88 gap_eta=3.09
obu-main-back-right-1  | [27.1] Main_Back_Right HOST_RESERVED: merge=109 manoeuvre=68 until=31.1 target_spd=4.88
obu-main-back-right-1  | [27.1] Main_Back_Right HOST_YIELD: for merge=109 req_spd=4.88
obu-ramp-merge-3-1     | [27.2] Ramp_Merge_3 MCM_RX_ACCEPT: from=106 manoeuvre=67 target=109
obu-ramp-merge-3-1     | [27.2] Ramp_Merge_3 MCM_RX_ACCEPT: from=106 manoeuvre=68 target=109
obu-ramp-back-1        | [27.2] Ramp_Back MCM_RX_ACCEPT: from=103 manoeuvre=158 target=112
obu-ramp-merge-5-1     | [27.2] Ramp_Merge_5 MERGE_DECISION: auth=False phys=True fgok=True lgok=True hgok=True cok=True esok=True cready=True dtm=43.0 past=False committed=False hid=None ra=None lclear=True hyok=True
obu-ramp-merge-5-1     | [27.2] Ramp_Merge_5 role=merge state=CRUISE->CRUISE speed=6.61 target=6.75 neighbors=10
obu-main-back-right-1  | HOST_RESERVATION_RELEASE_AFTER_CLEAR: host=Main_Back_Right ramp=109 manoeuvre=68 reason=completed ramp_fsm=YIELDING ramp_lcs=CLEAR ramp_edge=1331698336 ramp_merge_completed=True
obu-main-back-right-1  | HOST_RESERVATION_START: host=Main_Back_Right ramp=109 manoeuvre=68 until=31.3 own_speed=5.37 target_speed=4.88 required_speed=4.88 gap_eta=2.80
obu-main-back-right-1  | [27.3] Main_Back_Right HOST_RESERVED: merge=109 manoeuvre=68 until=31.3 target_spd=4.88
obu-main-back-right-1  | [27.3] Main_Back_Right HOST_YIELD: for merge=109 req_spd=4.88
obu-main-back-right-1  | [27.3] Main_Back_Right MCM_TX_ACCEPT: manoeuvre=68 target=109
obu-main-mid-right-1   | HOST_RESERVATION_HOLD: host=Main_Mid_Right ramp=112 manoeuvre=158 remaining=2.0 own_speed=6.85 target_speed=6.42 ramp_fsm=NEGOTIATING ramp_lane_cmd_state=NONE ramp_edge=34126779 ramp_lane=0 ramp_merge_completed=False ramp_merge_committed=False
obu-main-mid-right-1   | [27.3] Main_Mid_Right HOST_HOLD_YIELD: for merge=112 spd=6.42
obu-main-mid-right-1   | [27.3] Main_Mid_Right MCM_TX_ACCEPT: manoeuvre=158 target=112
obu-main-mid-right-1   | [27.3] Main_Mid_Right role=host state=YIELDING->YIELDING speed=6.85 target=6.42 neighbors=10
obu-ramp-merge-4-1     | [27.2] Ramp_Merge_4 MERGE_COMMIT_WAIT_LANE_AVAILABLE: edge=34126779 lane=0 target_lane=1 lane_count=1 executable=False speed=5.72 dtm=15.1
obu-ramp-merge-4-1     | [27.2] Ramp_Merge_4 FINAL_GUARD: REJECTED slot-boundary ETA sid=105
obu-ramp-merge-4-1     | [27.2] Ramp_Merge_4 MERGE_COMMIT_SAFETY_HOLD: lgok=False hgok=False fgok=False edge=34126779 lane=0 target_lane=1 speed=5.72 lane_cmd_state=WAIT_EDGE lane_cmd_executable=False lane_cmd_edge=34126779 lane_cmd_lane_count=1
obu-ramp-merge-4-1     | [27.2] Ramp_Merge_4 CAR_FOLLOW: sid=106 edge=34126779 lane=0 leader_edge= leader_lane=None leader_role_hint=main self_merge_completed=False self_merge_completed_age=-1.0 self_merge_committed=True lane_cmd_state=WAIT_EDGE lane_cmd_edge=34126779 lane_cmd_target=1 lane_cmd_executable=False same_lane=False reason=merge_conflict_eta gap=1.5 follow_spd=4.12 emergency=False target_before=2.25 target_after=5.468827538225021
obu-ramp-merge-5-1     | [27.3] Ramp_Merge_5 MERGE_DECISION: auth=False phys=True fgok=True lgok=True hgok=True cok=True esok=True cready=True dtm=42.4 past=False committed=False hid=None ra=None lclear=True hyok=True
obu-main-mid-right-1   | HOST_RESERVATION_HOLD: host=Main_Mid_Right ramp=112 manoeuvre=158 remaining=1.8 own_speed=6.81 target_speed=6.42 ramp_fsm=NEGOTIATING ramp_lane_cmd_state=NONE ramp_edge=34126779 ramp_lane=0 ramp_merge_completed=False ramp_merge_committed=False
obu-main-mid-right-1   | [27.5] Main_Mid_Right HOST_HOLD_YIELD: for merge=112 spd=6.42
obu-ramp-merge-4-1     | [27.4] Ramp_Merge_4 MERGE_COMMIT_WAIT_LANE_AVAILABLE: edge=34126779 lane=0 target_lane=1 lane_count=1 executable=False speed=5.38 dtm=14.0
obu-ramp-merge-4-1     | [27.4] Ramp_Merge_4 FINAL_GUARD: REJECTED slot-boundary ETA sid=105
obu-ramp-merge-4-1     | [27.4] Ramp_Merge_4 MERGE_COMMIT_SAFETY_HOLD: lgok=False hgok=True fgok=False edge=34126779 lane=0 target_lane=1 speed=5.38 lane_cmd_state=WAIT_EDGE lane_cmd_executable=False lane_cmd_edge=34126779 lane_cmd_lane_count=1
obu-ramp-merge-4-1     | [27.4] Ramp_Merge_4 CAR_FOLLOW: sid=106 edge=34126779 lane=0 leader_edge= leader_lane=None leader_role_hint=main self_merge_completed=False self_merge_completed_age=-1.0 self_merge_committed=True lane_cmd_state=WAIT_EDGE lane_cmd_edge=34126779 lane_cmd_target=1 lane_cmd_executable=False same_lane=False reason=merge_conflict_eta gap=1.5 follow_spd=4.12 emergency=False target_before=2.25 target_after=5.130616853248082
obu-main-mid-right-1   | HOST_RESERVATION_HOLD: host=Main_Mid_Right ramp=112 manoeuvre=158 remaining=1.7 own_speed=6.79 target_speed=6.42 ramp_fsm=NEGOTIATING ramp_lane_cmd_state=NONE ramp_edge=34126779 ramp_lane=0 ramp_merge_completed=False ramp_merge_committed=False
obu-main-mid-right-1   | [27.6] Main_Mid_Right HOST_HOLD_YIELD: for merge=112 spd=6.42
obu-main-mid-right-1   | [27.6] Main_Mid_Right MCM_TX_ACCEPT: manoeuvre=158 target=112
obu-ramp-merge-4-1     | [27.5] Ramp_Merge_4 MERGE_COMMIT_WAIT_LANE_AVAILABLE: edge=34126779 lane=0 target_lane=1 lane_count=1 executable=False speed=5.22 dtm=13.5
obu-ramp-merge-4-1     | [27.5] Ramp_Merge_4 FINAL_GUARD: REJECTED slot-boundary ETA sid=105
obu-ramp-merge-4-1     | [27.5] Ramp_Merge_4 MERGE_COMMIT_SAFETY_HOLD: lgok=False hgok=True fgok=False edge=34126779 lane=0 target_lane=1 speed=5.22 lane_cmd_state=WAIT_EDGE lane_cmd_executable=False lane_cmd_edge=34126779 lane_cmd_lane_count=1
obu-ramp-merge-4-1     | [27.5] Ramp_Merge_4 CAR_FOLLOW: sid=106 edge=34126779 lane=0 leader_edge= leader_lane=None leader_role_hint=main self_merge_completed=False self_merge_completed_age=-1.0 self_merge_committed=True lane_cmd_state=WAIT_EDGE lane_cmd_edge=34126779 lane_cmd_target=1 lane_cmd_executable=False same_lane=False reason=merge_conflict_eta gap=1.6 follow_spd=4.12 emergency=False target_before=2.25 target_after=4.974086010585678
obu-lead-car-1         | [27.9] Lead_Car role=cruise state=CRUISE->CRUISE speed=7.50 target=7.50 neighbors=10
obu-main-mid-right-1   | HOST_RESERVATION_HOLD: host=Main_Mid_Right ramp=112 manoeuvre=158 remaining=1.5 own_speed=6.75 target_speed=6.42 ramp_fsm=NEGOTIATING ramp_lane_cmd_state=NONE ramp_edge=34126779 ramp_lane=0 ramp_merge_completed=False ramp_merge_committed=False
obu-main-mid-right-1   | [27.8] Main_Mid_Right HOST_HOLD_YIELD: for merge=112 spd=6.42
obu-host-car-1         | [27.8] Host_Car role=cruise state=CRUISE->CRUISE speed=7.48 target=7.50 neighbors=10
obu-ramp-merge-4-1     | [27.7] Ramp_Merge_4 MERGE_COMMIT_WAIT_LANE_AVAILABLE: edge=34126779 lane=0 target_lane=1 lane_count=1 executable=False speed=5.25 dtm=12.5
obu-ramp-merge-4-1     | [27.7] Ramp_Merge_4 FINAL_GUARD: REJECTED slot-boundary ETA sid=105
obu-ramp-merge-4-1     | [27.7] Ramp_Merge_4 MERGE_COMMIT_SAFETY_HOLD: lgok=False hgok=True fgok=False edge=34126779 lane=0 target_lane=1 speed=5.25 lane_cmd_state=WAIT_EDGE lane_cmd_executable=False lane_cmd_edge=34126779 lane_cmd_lane_count=1
obu-ramp-merge-4-1     | [27.7] Ramp_Merge_4 CAR_FOLLOW: sid=106 edge=34126779 lane=0 leader_edge= leader_lane=None leader_role_hint=main self_merge_completed=False self_merge_completed_age=-1.0 self_merge_committed=True lane_cmd_state=WAIT_EDGE lane_cmd_edge=34126779 lane_cmd_target=1 lane_cmd_executable=False same_lane=False reason=merge_conflict_eta gap=1.7 follow_spd=4.12 emergency=False target_before=2.25 target_after=4.997948309530514
obu-ramp-merge-3-1     | [28.0] Ramp_Merge_3 MCM_RX_ACCEPT: from=106 manoeuvre=68 target=109
obu-ramp-back-1        | [28.0] Ramp_Back MCM_RX_ACCEPT: from=103 manoeuvre=158 target=112
obu-ramp-back-1        | [28.0] Ramp_Back MCM_RX_ACCEPT: from=103 manoeuvre=158 target=112
obu-main-back-left-1   | [28.0] Main_Back_Left role=cruise state=CRUISE->CRUISE speed=7.41 target=7.50 neighbors=10
obu-main-back-right-1  | HOST_RESERVATION_RELEASE_AFTER_CLEAR: host=Main_Back_Right ramp=109 manoeuvre=68 reason=completed ramp_fsm=YIELDING ramp_lcs=CLEAR ramp_edge=1331698336 ramp_merge_completed=True
obu-main-back-right-1  | [28.0] Main_Back_Right role=host state=YIELDING->CRUISE speed=5.22 target=7.50 neighbors=10
obu-ramp-merge-2-1     | [28.0] Ramp_Merge_2 role=cruise state=CRUISE->CRUISE speed=7.46 target=7.50 neighbors=10
obu-main-mid-right-1   | HOST_RESERVATION_HOLD: host=Main_Mid_Right ramp=112 manoeuvre=158 remaining=1.2 own_speed=6.70 target_speed=6.42 ramp_fsm=NEGOTIATING ramp_lane_cmd_state=NONE ramp_edge=34126779 ramp_lane=0 ramp_merge_completed=False ramp_merge_committed=False
obu-main-mid-right-1   | [28.1] Main_Mid_Right HOST_HOLD_YIELD: for merge=112 spd=6.42
obu-main-mid-right-1   | [28.1] Main_Mid_Right MCM_TX_ACCEPT: manoeuvre=158 target=112
obu-merge-car-1        | [28.0] Merge_Car role=cruise state=CRUISE->CRUISE speed=7.49 target=7.50 neighbors=10
obu-ramp-merge-4-1     | [28.0] Ramp_Merge_4 MERGE_COMMIT_WAIT_LANE_AVAILABLE: edge=34126779 lane=0 target_lane=1 lane_count=1 executable=False speed=5.22 dtm=11.1
obu-ramp-merge-4-1     | [28.0] Ramp_Merge_4 MERGE_COMMIT_SAFETY_HOLD: lgok=False hgok=True fgok=True edge=34126779 lane=0 target_lane=1 speed=5.22 lane_cmd_state=WAIT_EDGE lane_cmd_executable=False lane_cmd_edge=34126779 lane_cmd_lane_count=1
obu-ramp-merge-4-1     | [28.0] Ramp_Merge_4 CAR_FOLLOW: sid=109 edge=34126779 lane=0 leader_edge= leader_lane=None leader_role_hint=ramp self_merge_completed=False self_merge_completed_age=-1.0 self_merge_committed=True lane_cmd_state=WAIT_EDGE lane_cmd_edge=34126779 lane_cmd_target=1 lane_cmd_executable=False same_lane=True reason=same_lane_cam gap=10.2 follow_spd=4.00 emergency=False target_before=2.25 target_after=4.9733873684451115
obu-ramp-merge-4-1     | [28.0] Ramp_Merge_4 role=merge state=MERGING->MERGING speed=5.22 target=4.97 neighbors=10
obu-ramp-back-1        | [28.1] Ramp_Back role=merge state=NEGOTIATING->NEGOTIATING speed=6.52 target=6.38 neighbors=10
obu-ramp-merge-5-1     | [28.0] Ramp_Merge_5 MERGE_DECISION: auth=False phys=True fgok=True lgok=True hgok=True cok=True esok=True cready=True dtm=37.9 past=False committed=False hid=None ra=None lclear=True hyok=True
obu-ramp-merge-3-1     | [28.1] Ramp_Merge_3 role=cruise state=CRUISE->CRUISE speed=5.38 target=7.50 neighbors=10
obu-ramp-merge-4-1     | [28.1] Ramp_Merge_4 MERGE_COMMIT_WAIT_LANE_AVAILABLE: edge=34126779 lane=0 target_lane=1 lane_count=1 executable=False speed=5.21 dtm=10.6
obu-ramp-merge-4-1     | [28.1] Ramp_Merge_4 MERGE_COMMIT_SAFETY_HOLD: lgok=False hgok=True fgok=True edge=34126779 lane=0 target_lane=1 speed=5.21 lane_cmd_state=WAIT_EDGE lane_cmd_executable=False lane_cmd_edge=34126779 lane_cmd_lane_count=1
obu-ramp-merge-4-1     | [28.1] Ramp_Merge_4 CAR_FOLLOW: sid=106 edge=34126779 lane=0 leader_edge= leader_lane=None leader_role_hint=main self_merge_completed=False self_merge_completed_age=-1.0 self_merge_committed=True lane_cmd_state=WAIT_EDGE lane_cmd_edge=34126779 lane_cmd_target=1 lane_cmd_executable=False same_lane=False reason=merge_conflict_eta gap=1.7 follow_spd=4.12 emergency=False target_before=2.25 target_after=4.96092230055214
obu-ramp-merge-5-1     | MERGE_ATTEMPT_TIMELINE: vehicle=Ramp_Merge_5 manoeuvre=127 host=103 lead=106 event=REQUEST_SENT t=28.2 edge=34126779 lane=0 lane_cmd_state=NONE speed=6.66 target=6.75 dtm=36.6 lead_gap=14.85 host_gap=116.61 lead_gap_t1=13.54 lead_gap_t2=12.24 lead_gap_t3=10.94 host_gap_t1=116.61 host_gap_t2=116.61 host_gap_t3=116.61
obu-ramp-merge-5-1     | [28.2] Ramp_Merge_5 MCM_TX_REQUEST: manoeuvre=127 target=103
obu-ramp-merge-5-1     | [28.2] Ramp_Merge_5 MERGE_DECISION: auth=False phys=True fgok=True lgok=True hgok=True cok=True esok=True cready=True dtm=36.6 past=False committed=False hid=103 ra=None lclear=True hyok=True
obu-ramp-merge-5-1     | [28.2] Ramp_Merge_5 role=merge state=CRUISE->NEGOTIATING speed=6.66 target=6.75 neighbors=10
obu-ramp-merge-4-1     | [28.4] Ramp_Merge_4 MERGE_COMMIT_WAIT_LANE_AVAILABLE: edge=34126779 lane=0 target_lane=1 lane_count=1 executable=False speed=5.18 dtm=9.3
obu-ramp-merge-4-1     | [28.4] Ramp_Merge_4 MERGE_COMMIT_SAFETY_HOLD: lgok=False hgok=True fgok=True edge=34126779 lane=0 target_lane=1 speed=5.18 lane_cmd_state=WAIT_EDGE lane_cmd_executable=False lane_cmd_edge=34126779 lane_cmd_lane_count=1
obu-ramp-merge-5-1     | [28.4] Ramp_Merge_5 MERGE_DECISION: auth=False phys=True fgok=True lgok=True hgok=True cok=True esok=True cready=True dtm=35.3 past=False committed=False hid=103 ra=None lclear=True hyok=True
obu-ramp-merge-4-1     | [28.5] Ramp_Merge_4 MERGE_COMMIT_WAIT_LANE_AVAILABLE: edge=34126779 lane=0 target_lane=1 lane_count=1 executable=False speed=5.17 dtm=8.8
obu-ramp-merge-4-1     | [28.5] Ramp_Merge_4 MERGE_COMMIT_SAFETY_HOLD: lgok=False hgok=True fgok=True edge=34126779 lane=0 target_lane=1 speed=5.17 lane_cmd_state=WAIT_EDGE lane_cmd_executable=False lane_cmd_edge=34126779 lane_cmd_lane_count=1
obu-ramp-merge-5-1     | [28.5] Ramp_Merge_5 MCM_TX_REQUEST: manoeuvre=127 target=103
obu-ramp-merge-5-1     | [28.5] Ramp_Merge_5 MERGE_DECISION: auth=False phys=True fgok=True lgok=False hgok=True cok=True esok=True cready=True dtm=34.6 past=False committed=False hid=103 ra=None lclear=True hyok=True
obu-ramp-merge-5-1     | [28.5] Ramp_Merge_5 CAR_FOLLOW: sid=106 edge=34126779 lane=0 leader_edge= leader_lane=None leader_role_hint=main self_merge_completed=False self_merge_completed_age=-1.0 self_merge_committed=False lane_cmd_state=None lane_cmd_edge=None lane_cmd_target=None lane_cmd_executable=None same_lane=False reason=merge_conflict_eta gap=1.4 follow_spd=6.58 emergency=False target_before=6.582290600677919 target_after=6.582290600677919
obu-ramp-back-1        | [28.7] Ramp_Back MCM_RX_ACCEPT: from=103 manoeuvre=158 target=112
obu-main-mid-right-1   | [28.8] Main_Mid_Right MCM_RX_REQUEST: from=111 manoeuvre=127 target=103
obu-main-mid-right-1   | [28.8] Main_Mid_Right MCM_RX_REQUEST: from=111 manoeuvre=127 target=103
obu-main-mid-right-1   | HOST_RESERVATION_HOLD: host=Main_Mid_Right ramp=112 manoeuvre=158 remaining=0.5 own_speed=6.62 target_speed=6.42 ramp_fsm=NEGOTIATING ramp_lane_cmd_state=NONE ramp_edge=34126779 ramp_lane=0 ramp_merge_completed=False ramp_merge_committed=False
obu-main-mid-right-1   | [28.8] Main_Mid_Right HOST_HOLD_YIELD: for merge=112 spd=6.42
obu-main-mid-right-1   | [28.8] Main_Mid_Right MCM_TX_REJECT: manoeuvre=127 target=111
obu-main-mid-right-1   | [28.8] Main_Mid_Right MCM_TX_ACCEPT: manoeuvre=158 target=112
obu-main-mid-right-1   | [28.8] Main_Mid_Right role=host state=YIELDING->YIELDING speed=6.62 target=6.42 neighbors=10
obu-host-car-1         | [28.8] Host_Car role=cruise state=CRUISE->CRUISE speed=7.48 target=7.50 neighbors=10
obu-ramp-merge-4-1     | [28.8] Ramp_Merge_4 MERGE_COMMIT_WAIT_LANE_AVAILABLE: edge=34126779 lane=0 target_lane=1 lane_count=1 executable=False speed=4.87 dtm=7.6
obu-ramp-merge-4-1     | [28.8] Ramp_Merge_4 MERGE_COMMIT_SAFETY_HOLD: lgok=False hgok=False fgok=True edge=34126779 lane=0 target_lane=1 speed=4.87 lane_cmd_state=WAIT_EDGE lane_cmd_executable=False lane_cmd_edge=34126779 lane_cmd_lane_count=1
obu-ramp-merge-5-1     | [28.7] Ramp_Merge_5 MERGE_DECISION: auth=False phys=True fgok=True lgok=False hgok=True cok=True esok=True cready=True dtm=33.3 past=False committed=False hid=103 ra=None lclear=True hyok=True
obu-ramp-merge-5-1     | [28.9] Ramp_Merge_5 MCM_TX_REQUEST: manoeuvre=127 target=103
obu-ramp-merge-5-1     | [28.9] Ramp_Merge_5 MERGE_DECISION: auth=False phys=True fgok=True lgok=False hgok=True cok=True esok=True cready=True dtm=32.0 past=False committed=False hid=103 ra=None lclear=True hyok=True
obu-ramp-back-1        | [29.2] Ramp_Back role=merge state=NEGOTIATING->NEGOTIATING speed=6.46 target=6.38 neighbors=10
obu-ramp-merge-5-1     | [29.2] Ramp_Merge_5 MCM_TX_REQUEST: manoeuvre=127 target=103
obu-ramp-merge-5-1     | [29.2] Ramp_Merge_5 MERGE_DECISION: auth=False phys=True fgok=True lgok=False hgok=True cok=True esok=True cready=True dtm=30.1 past=False committed=False hid=103 ra=None lclear=True hyok=True
obu-ramp-merge-5-1     | [29.2] Ramp_Merge_5 CAR_FOLLOW: sid=106 edge=34126779 lane=0 leader_edge= leader_lane=None leader_role_hint=main self_merge_completed=False self_merge_completed_age=-1.0 self_merge_committed=False lane_cmd_state=None lane_cmd_edge=None lane_cmd_target=None lane_cmd_executable=None same_lane=True reason=same_lane_cam gap=11.7 follow_spd=4.38 emergency=False target_before=6.409485444996312 target_after=6.409485444996312
obu-ramp-merge-5-1     | [29.2] Ramp_Merge_5 role=merge state=NEGOTIATING->NEGOTIATING speed=6.66 target=6.41 neighbors=10
obu-ramp-merge-5-1     | [29.4] Ramp_Merge_5 MERGE_DECISION: auth=False phys=True fgok=True lgok=False hgok=True cok=True esok=True cready=True dtm=28.8 past=False committed=False hid=103 ra=None lclear=True hyok=True
obu-ramp-merge-5-1     | [29.4] Ramp_Merge_5 CAR_FOLLOW: sid=106 edge=34126779 lane=0 leader_edge= leader_lane=None leader_role_hint=main self_merge_completed=False self_merge_completed_age=-1.0 self_merge_committed=False lane_cmd_state=None lane_cmd_edge=None lane_cmd_target=None lane_cmd_executable=None same_lane=True reason=same_lane_cam gap=10.4 follow_spd=4.21 emergency=False target_before=6.3880202537232575 target_after=6.3880202537232575
obu-ramp-back-1        | [29.5] Ramp_Back MCM_RX_ACCEPT: from=103 manoeuvre=158 target=112
obu-ramp-merge-2-1     | [29.0] Ramp_Merge_2 role=cruise state=CRUISE->CRUISE speed=7.48 target=7.50 neighbors=10
obu-main-mid-right-1   | HOST_RELEASE_BEFORE_CLEAR: host=Main_Mid_Right ramp=112 manoeuvre=158 reason=timeout ramp_fsm=NEGOTIATING ramp_lane_cmd_state=NONE ramp_edge=34126779 ramp_lane=0 ramp_merge_completed=False ramp_merge_committed=False
obu-main-mid-right-1   | HOST_RESERVATION_START: host=Main_Mid_Right ramp=111 manoeuvre=127 until=33.6 own_speed=6.55 target_speed=6.55 required_speed=6.55 gap_eta=15.31
obu-main-mid-right-1   | [29.6] Main_Mid_Right HOST_RESERVED: merge=111 manoeuvre=127 until=33.6 target_spd=6.55
obu-main-mid-right-1   | [29.6] Main_Mid_Right MCM_TX_ACCEPT: manoeuvre=127 target=111
obu-main-mid-right-1   | [29.6] Main_Mid_Right MCM_RX_REQUEST: from=111 manoeuvre=127 target=103
obu-main-mid-right-1   | [29.6] Main_Mid_Right MCM_RX_REQUEST: from=111 manoeuvre=127 target=103
obu-merge-car-1        | [29.5] Merge_Car role=cruise state=CRUISE->CRUISE speed=7.50 target=7.50 neighbors=10
obu-ramp-merge-4-1     | [29.5] Ramp_Merge_4 MERGE_COMMIT_WAIT_LANE_AVAILABLE: edge=34126779 lane=0 target_lane=1 lane_count=1 executable=False speed=4.08 dtm=5.6
obu-ramp-merge-4-1     | MERGE_ATTEMPT_TIMELINE: vehicle=Ramp_Merge_4 manoeuvre=96 host=106 lead=105 event=ABORT_SAFETY_HOLD t=29.5 edge=34126779 lane=0 lane_cmd_state=WAIT_EDGE speed=4.08 target=6.75 dtm=5.6 lead_gap=34.11 host_gap=8.11 lead_gap_t1=34.11 lead_gap_t2=34.11 lead_gap_t3=34.11 host_gap_t1=7.01 host_gap_t2=5.91 host_gap_t3=4.82
obu-ramp-merge-4-1     | [29.5] Ramp_Merge_4 MERGE_COMMIT_ABORT_SAFETY_HOLD: lgok=False hgok=True fgok=True edge=34126779 lane=0 target_lane=1 speed=4.08 lane_cmd_state=WAIT_EDGE lane_cmd_executable=False lane_cmd_edge=34126779 lane_cmd_lane_count=1
obu-ramp-merge-4-1     | [29.5] Ramp_Merge_4 role=merge state=MERGING->NEGOTIATING speed=4.08 target=6.75 neighbors=10
obu-ramp-merge-3-1     | [29.5] Ramp_Merge_3 role=cruise state=CRUISE->CRUISE speed=6.40 target=7.50 neighbors=10
obu-main-back-left-1   | [29.6] Main_Back_Left role=cruise state=CRUISE->CRUISE speed=7.46 target=7.50 neighbors=10
obu-ramp-merge-5-1     | [29.5] Ramp_Merge_5 MCM_TX_REQUEST: manoeuvre=127 target=103
obu-ramp-merge-5-1     | [29.5] Ramp_Merge_5 MERGE_DECISION: auth=False phys=True fgok=True lgok=False hgok=True cok=True esok=True cready=True dtm=28.1 past=False committed=False hid=103 ra=None lclear=True hyok=True
obu-ramp-merge-5-1     | [29.5] Ramp_Merge_5 CAR_FOLLOW: sid=106 edge=34126779 lane=0 leader_edge= leader_lane=None leader_role_hint=main self_merge_completed=False self_merge_completed_age=-1.0 self_merge_committed=False lane_cmd_state=None lane_cmd_edge=None lane_cmd_target=None lane_cmd_executable=None same_lane=True reason=same_lane_cam gap=9.7 follow_spd=3.36 emergency=False target_before=6.378085722890472 target_after=6.378085722890472
obu-main-back-right-1  | [29.6] Main_Back_Right role=lead state=CRUISE->CRUISE speed=6.37 target=7.50 neighbors=10
obu-ramp-merge-5-1     | [29.5] Ramp_Merge_5 MCM_RX_REJECT: from=103 manoeuvre=127 target=111
obu-lead-car-1         | [29.6] Lead_Car role=cruise state=CRUISE->CRUISE speed=7.50 target=7.50 neighbors=10
obu-ramp-merge-4-1     | MERGE_ATTEMPT_TIMELINE: vehicle=Ramp_Merge_4 manoeuvre=97 host=106 lead=105 event=REQUEST_SENT t=29.6 edge=34126779 lane=0 lane_cmd_state=WAIT_EDGE speed=3.99 target=6.75 dtm=5.4 lead_gap=33.71 host_gap=5.18 lead_gap_t1=33.71 lead_gap_t2=33.71 lead_gap_t3=33.71 host_gap_t1=3.38 host_gap_t2=1.58 host_gap_t3=0.00
obu-ramp-merge-4-1     | [29.6] Ramp_Merge_4 MCM_TX_REQUEST: manoeuvre=97 target=106
obu-ramp-merge-4-1     | [29.6] Ramp_Merge_4 FINAL_GUARD: REJECTED slot-boundary ETA sid=106
obu-ramp-merge-4-1     | [29.6] Ramp_Merge_4 MERGE_DECISION: auth=False phys=True fgok=False lgok=True hgok=False cok=True esok=False cready=True dtm=5.4 past=False committed=False hid=106 ra=None lclear=True hyok=False
obu-ramp-merge-4-1     | [29.6] Ramp_Merge_4 CAR_FOLLOW: sid=106 edge=34126779 lane=0 leader_edge= leader_lane=None leader_role_hint=main self_merge_completed=False self_merge_completed_age=-1.0 self_merge_committed=False lane_cmd_state=WAIT_EDGE lane_cmd_edge=34126779 lane_cmd_target=1 lane_cmd_executable=False same_lane=False reason=merge_conflict_eta gap=0.8 follow_spd=4.12 emergency=False target_before=3.5411420928815462 target_after=4.125
obu-ramp-merge-4-1     | [29.8] Ramp_Merge_4 MERGE_LANE_WAIT_EDGE_CONFIRMED: edge=:390064918_0 lane=0 target_lane=1 lane_count=1 executable=False
obu-ramp-merge-5-1     | [29.7] Ramp_Merge_5 MCM_REJECT: host=103 manoeuvre=127
obu-ramp-merge-5-1     | [29.7] Ramp_Merge_5 CAR_FOLLOW: sid=106 edge=34126779 lane=0 leader_edge= leader_lane=None leader_role_hint=main self_merge_completed=False self_merge_completed_age=-1.0 self_merge_committed=False lane_cmd_state=None lane_cmd_edge=None lane_cmd_target=None lane_cmd_executable=None same_lane=True reason=same_lane_cam gap=11.0 follow_spd=4.99 emergency=False target_before=6.75 target_after=6.355698936232139
obu-ramp-merge-5-1     | [29.7] Ramp_Merge_5 MCM_RX_ACCEPT: from=103 manoeuvre=127 target=111
obu-ramp-merge-4-1     | [29.9] Ramp_Merge_4 MCM_TX_REQUEST: manoeuvre=97 target=106
obu-ramp-merge-4-1     | [29.9] Ramp_Merge_4 MCM_PENDING_HOLD_LATE_HOST: host=106 age=0.0 dtm=5.0 lead_gap=None host_gap=1.50 pending_age=0.3 accepted_at=None reason=ahead(eta=1.15<=own=1.19)
obu-ramp-merge-4-1     | [29.9] Ramp_Merge_4 CAR_FOLLOW: sid=106 edge=:390064918_0 lane=0 leader_edge= leader_lane=None leader_role_hint=main self_merge_completed=False self_merge_completed_age=-1.0 self_merge_committed=False lane_cmd_state=WAIT_EDGE lane_cmd_edge=:390064918_0 lane_cmd_target=1 lane_cmd_executable=False same_lane=False reason=merge_conflict_eta gap=0.0 follow_spd=4.12 emergency=False target_before=4.181561701884315 target_after=4.125
obu-ramp-merge-5-1     | [30.0] Ramp_Merge_5 MERGE_DECISION: auth=False phys=True fgok=True lgok=True hgok=True cok=True esok=True cready=True dtm=24.9 past=False committed=False hid=103 ra=None lclear=False hyok=False
obu-ramp-merge-2-1     | [30.1] Ramp_Merge_2 role=cruise state=CRUISE->CRUISE speed=7.49 target=7.50 neighbors=10
obu-ramp-merge-4-1     | [30.0] Ramp_Merge_4 MCM_PENDING_HOLD_LATE_HOST: host=106 age=0.1 dtm=4.9 lead_gap=None host_gap=1.93 pending_age=0.4 accepted_at=None reason=ahead(eta=1.15<=own=1.17)
obu-ramp-merge-4-1     | [30.0] Ramp_Merge_4 CAR_FOLLOW: sid=106 edge=:390064918_0 lane=0 leader_edge= leader_lane=None leader_role_hint=main self_merge_completed=False self_merge_completed_age=-1.0 self_merge_committed=False lane_cmd_state=WAIT_EDGE lane_cmd_edge=:390064918_0 lane_cmd_target=1 lane_cmd_executable=False same_lane=False reason=merge_conflict_eta gap=0.0 follow_spd=4.12 emergency=False target_before=4.178733616790099 target_after=4.125
obu-ramp-merge-5-1     | [30.1] Ramp_Merge_5 MERGE_DECISION: auth=False phys=True fgok=True lgok=True hgok=True cok=True esok=True cready=True dtm=24.2 past=False committed=False hid=103 ra=None lclear=False hyok=False
obu-main-mid-right-1   | [29.8] Main_Mid_Right MCM_RX_REQUEST: from=111 manoeuvre=127 target=103
obu-ramp-merge-4-1     | [30.2] Ramp_Merge_4 MCM_TX_REQUEST: manoeuvre=97 target=106
obu-ramp-merge-4-1     | [30.2] Ramp_Merge_4 MCM_PENDING_HOLD_LATE_HOST: host=106 age=0.3 dtm=4.8 lead_gap=None host_gap=2.78 pending_age=0.6 accepted_at=None reason=ahead(eta=1.15<=own=1.16)
obu-ramp-merge-4-1     | [30.2] Ramp_Merge_4 CAR_FOLLOW: sid=106 edge=:390064918_0 lane=0 leader_edge= leader_lane=None leader_role_hint=main self_merge_completed=False self_merge_completed_age=-1.0 self_merge_committed=False lane_cmd_state=WAIT_EDGE lane_cmd_edge=:390064918_0 lane_cmd_target=1 lane_cmd_executable=False same_lane=False reason=merge_conflict_eta gap=0.0 follow_spd=4.12 emergency=False target_before=4.173494589153065 target_after=4.125
traci-bridge-1         | LANE_CMD_STATE veh=Ramp_Merge_4 edge=34126779 lane=0 target=1 lane_count=1 recently=False speed=6.73
traci-bridge-1         | LANE_CMD_WAIT_EDGE veh=Ramp_Merge_4 edge=34126779 lane=0 target=1 lane_count=1
traci-bridge-1         | LANE_CMD_STATE veh=Ramp_Merge_3 edge=1331698336 lane=0 target=1 lane_count=3 recently=False speed=5.33
traci-bridge-1         | LANE_CMD_APPLY veh=Ramp_Merge_3 edge=1331698336 from_lane=0 target=1 duration=2.00 mode=256 speed=5.33
traci-bridge-1         | LANE_CMD_STATE veh=Ramp_Merge_4 edge=34126779 lane=0 target=1 lane_count=1 recently=False speed=6.73
traci-bridge-1         | LANE_CMD_WAIT_EDGE veh=Ramp_Merge_4 edge=34126779 lane=0 target=1 lane_count=1
traci-bridge-1         | LANE_CMD_STATE veh=Ramp_Merge_3 edge=1331698336 lane=1 target=1 lane_count=3 recently=True speed=5.30
traci-bridge-1         | LANE_CMD_CLEAR veh=Ramp_Merge_3 edge=1331698336 target=1
traci-bridge-1         | LANE_CMD_STATE veh=Ramp_Merge_4 edge=34126779 lane=0 target=1 lane_count=1 recently=False speed=6.73
traci-bridge-1         | LANE_CMD_WAIT_EDGE veh=Ramp_Merge_4 edge=34126779 lane=0 target=1 lane_count=1
traci-bridge-1         | LANE_CMD_STATE veh=Ramp_Merge_4 edge=34126779 lane=0 target=1 lane_count=1 recently=False speed=6.73
traci-bridge-1         | LANE_CMD_WAIT_EDGE veh=Ramp_Merge_4 edge=34126779 lane=0 target=1 lane_count=1
traci-bridge-1         | LANE_CMD_STATE veh=Ramp_Merge_4 edge=34126779 lane=0 target=1 lane_count=1 recently=False speed=6.73
traci-bridge-1         | LANE_CMD_WAIT_EDGE veh=Ramp_Merge_4 edge=34126779 lane=0 target=1 lane_count=1
traci-bridge-1         | LANE_CMD_STATE veh=Ramp_Merge_4 edge=34126779 lane=0 target=1 lane_count=1 recently=False speed=6.73
traci-bridge-1         | LANE_CMD_WAIT_EDGE veh=Ramp_Merge_4 edge=34126779 lane=0 target=1 lane_count=1
traci-bridge-1         | LANE_CMD_STATE veh=Ramp_Merge_4 edge=34126779 lane=0 target=1 lane_count=1 recently=False speed=6.51
traci-bridge-1         | LANE_CMD_WAIT_EDGE veh=Ramp_Merge_4 edge=34126779 lane=0 target=1 lane_count=1
traci-bridge-1         | LANE_CMD_STATE veh=Ramp_Merge_4 edge=34126779 lane=0 target=1 lane_count=1 recently=False speed=6.30
traci-bridge-1         | LANE_CMD_WAIT_EDGE veh=Ramp_Merge_4 edge=34126779 lane=0 target=1 lane_count=1
traci-bridge-1         | LANE_CMD_STATE veh=Ramp_Merge_4 edge=34126779 lane=0 target=1 lane_count=1 recently=False speed=6.09
traci-bridge-1         | LANE_CMD_WAIT_EDGE veh=Ramp_Merge_4 edge=34126779 lane=0 target=1 lane_count=1
traci-bridge-1         | LANE_CMD_STATE veh=Ramp_Merge_4 edge=34126779 lane=0 target=1 lane_count=1 recently=False speed=5.90
traci-bridge-1         | LANE_CMD_WAIT_EDGE veh=Ramp_Merge_4 edge=34126779 lane=0 target=1 lane_count=1
traci-bridge-1         | LANE_CMD_STATE veh=Ramp_Merge_4 edge=34126779 lane=0 target=1 lane_count=1 recently=False speed=5.72
traci-bridge-1         | LANE_CMD_WAIT_EDGE veh=Ramp_Merge_4 edge=34126779 lane=0 target=1 lane_count=1
traci-bridge-1         | LANE_CMD_STATE veh=Ramp_Merge_4 edge=34126779 lane=0 target=1 lane_count=1 recently=False speed=5.55
traci-bridge-1         | LANE_CMD_WAIT_EDGE veh=Ramp_Merge_4 edge=34126779 lane=0 target=1 lane_count=1
traci-bridge-1         | LANE_CMD_STATE veh=Ramp_Merge_4 edge=34126779 lane=0 target=1 lane_count=1 recently=False speed=5.38
traci-bridge-1         | LANE_CMD_WAIT_EDGE veh=Ramp_Merge_4 edge=34126779 lane=0 target=1 lane_count=1
traci-bridge-1         | LANE_CMD_STATE veh=Ramp_Merge_4 edge=34126779 lane=0 target=1 lane_count=1 recently=False speed=5.22
traci-bridge-1         | LANE_CMD_WAIT_EDGE veh=Ramp_Merge_4 edge=34126779 lane=0 target=1 lane_count=1
traci-bridge-1         | LANE_CMD_STATE veh=Ramp_Merge_4 edge=34126779 lane=0 target=1 lane_count=1 recently=False speed=5.24
traci-bridge-1         | LANE_CMD_WAIT_EDGE veh=Ramp_Merge_4 edge=34126779 lane=0 target=1 lane_count=1
traci-bridge-1         | LANE_CMD_STATE veh=Ramp_Merge_4 edge=34126779 lane=0 target=1 lane_count=1 recently=False speed=5.25
traci-bridge-1         | LANE_CMD_WAIT_EDGE veh=Ramp_Merge_4 edge=34126779 lane=0 target=1 lane_count=1
traci-bridge-1         | LANE_CMD_STATE veh=Ramp_Merge_4 edge=34126779 lane=0 target=1 lane_count=1 recently=False speed=5.24
traci-bridge-1         | LANE_CMD_WAIT_EDGE veh=Ramp_Merge_4 edge=34126779 lane=0 target=1 lane_count=1
traci-bridge-1         | LANE_CMD_STATE veh=Ramp_Merge_4 edge=34126779 lane=0 target=1 lane_count=1 recently=False speed=5.24
traci-bridge-1         | LANE_CMD_WAIT_EDGE veh=Ramp_Merge_4 edge=34126779 lane=0 target=1 lane_count=1
traci-bridge-1         | LANE_CMD_STATE veh=Ramp_Merge_4 edge=34126779 lane=0 target=1 lane_count=1 recently=False speed=5.22
traci-bridge-1         | LANE_CMD_WAIT_EDGE veh=Ramp_Merge_4 edge=34126779 lane=0 target=1 lane_count=1
traci-bridge-1         | LANE_CMD_STATE veh=Ramp_Merge_4 edge=34126779 lane=0 target=1 lane_count=1 recently=False speed=5.21
traci-bridge-1         | LANE_CMD_WAIT_EDGE veh=Ramp_Merge_4 edge=34126779 lane=0 target=1 lane_count=1
traci-bridge-1         | LANE_CMD_STATE veh=Ramp_Merge_4 edge=34126779 lane=0 target=1 lane_count=1 recently=False speed=5.20
traci-bridge-1         | LANE_CMD_WAIT_EDGE veh=Ramp_Merge_4 edge=34126779 lane=0 target=1 lane_count=1
traci-bridge-1         | LANE_CMD_STATE veh=Ramp_Merge_4 edge=34126779 lane=0 target=1 lane_count=1 recently=False speed=5.19
traci-bridge-1         | LANE_CMD_WAIT_EDGE veh=Ramp_Merge_4 edge=34126779 lane=0 target=1 lane_count=1
traci-bridge-1         | LANE_CMD_STATE veh=Ramp_Merge_4 edge=34126779 lane=0 target=1 lane_count=1 recently=False speed=5.18
traci-bridge-1         | LANE_CMD_WAIT_EDGE veh=Ramp_Merge_4 edge=34126779 lane=0 target=1 lane_count=1
traci-bridge-1         | LANE_CMD_STATE veh=Ramp_Merge_4 edge=34126779 lane=0 target=1 lane_count=1 recently=False speed=5.17
traci-bridge-1         | LANE_CMD_WAIT_EDGE veh=Ramp_Merge_4 edge=34126779 lane=0 target=1 lane_count=1
traci-bridge-1         | LANE_CMD_STATE veh=Ramp_Merge_4 edge=34126779 lane=0 target=1 lane_count=1 recently=False speed=5.16
traci-bridge-1         | LANE_CMD_WAIT_EDGE veh=Ramp_Merge_4 edge=34126779 lane=0 target=1 lane_count=1
traci-bridge-1         | LANE_CMD_STATE veh=Ramp_Merge_4 edge=34126779 lane=0 target=1 lane_count=1 recently=False speed=5.01
traci-bridge-1         | LANE_CMD_WAIT_EDGE veh=Ramp_Merge_4 edge=34126779 lane=0 target=1 lane_count=1
traci-bridge-1         | LANE_CMD_STATE veh=Ramp_Merge_4 edge=34126779 lane=0 target=1 lane_count=1 recently=False speed=4.87
traci-bridge-1         | LANE_CMD_WAIT_EDGE veh=Ramp_Merge_4 edge=34126779 lane=0 target=1 lane_count=1
traci-bridge-1         | LANE_CMD_STATE veh=Ramp_Merge_4 edge=34126779 lane=0 target=1 lane_count=1 recently=False speed=4.74
traci-bridge-1         | LANE_CMD_WAIT_EDGE veh=Ramp_Merge_4 edge=34126779 lane=0 target=1 lane_count=1
traci-bridge-1         | LANE_CMD_STATE veh=Ramp_Merge_4 edge=34126779 lane=0 target=1 lane_count=1 recently=False speed=4.62
traci-bridge-1         | LANE_CMD_WAIT_EDGE veh=Ramp_Merge_4 edge=34126779 lane=0 target=1 lane_count=1
traci-bridge-1         | LANE_CMD_STATE veh=Ramp_Merge_4 edge=34126779 lane=0 target=1 lane_count=1 recently=False speed=4.50
traci-bridge-1         | LANE_CMD_WAIT_EDGE veh=Ramp_Merge_4 edge=34126779 lane=0 target=1 lane_count=1
traci-bridge-1         | LANE_CMD_STATE veh=Ramp_Merge_4 edge=34126779 lane=0 target=1 lane_count=1 recently=False speed=4.39
traci-bridge-1         | LANE_CMD_WAIT_EDGE veh=Ramp_Merge_4 edge=34126779 lane=0 target=1 lane_count=1
traci-bridge-1         | LANE_CMD_STATE veh=Ramp_Merge_4 edge=34126779 lane=0 target=1 lane_count=1 recently=False speed=4.28
traci-bridge-1         | LANE_CMD_WAIT_EDGE veh=Ramp_Merge_4 edge=34126779 lane=0 target=1 lane_count=1
traci-bridge-1         | LANE_CMD_STATE veh=Ramp_Merge_4 edge=34126779 lane=0 target=1 lane_count=1 recently=False speed=4.18
traci-bridge-1         | LANE_CMD_WAIT_EDGE veh=Ramp_Merge_4 edge=34126779 lane=0 target=1 lane_count=1
traci-bridge-1         | LANE_CMD_STATE veh=Ramp_Merge_4 edge=34126779 lane=0 target=1 lane_count=1 recently=False speed=4.08
traci-bridge-1         | LANE_CMD_WAIT_EDGE veh=Ramp_Merge_4 edge=34126779 lane=0 target=1 lane_count=1
traci-bridge-1         | LANE_CMD_STATE veh=Ramp_Merge_4 edge=34126779 lane=0 target=1 lane_count=1 recently=False speed=3.99
traci-bridge-1         | LANE_CMD_WAIT_EDGE veh=Ramp_Merge_4 edge=34126779 lane=0 target=1 lane_count=1
traci-bridge-1         | LANE_CMD_STATE veh=Ramp_Merge_4 edge=34126779 lane=0 target=1 lane_count=1 recently=False speed=3.90
traci-bridge-1         | LANE_CMD_WAIT_EDGE veh=Ramp_Merge_4 edge=34126779 lane=0 target=1 lane_count=1
traci-bridge-1         | LANE_CMD_STATE veh=Ramp_Merge_4 edge=:390064918_0 lane=0 target=1 lane_count=1 recently=False speed=4.05
traci-bridge-1         | LANE_CMD_WAIT_EDGE veh=Ramp_Merge_4 edge=:390064918_0 lane=0 target=1 lane_count=1
traci-bridge-1         | LANE_CMD_STATE veh=Ramp_Merge_4 edge=:390064918_0 lane=0 target=1 lane_count=1 recently=False speed=4.18
traci-bridge-1         | LANE_CMD_WAIT_EDGE veh=Ramp_Merge_4 edge=:390064918_0 lane=0 target=1 lane_count=1
traci-bridge-1         | LANE_CMD_STATE veh=Ramp_Merge_4 edge=:390064918_0 lane=0 target=1 lane_count=1 recently=False speed=4.18
traci-bridge-1         | LANE_CMD_WAIT_EDGE veh=Ramp_Merge_4 edge=:390064918_0 lane=0 target=1 lane_count=1
traci-bridge-1         | LANE_CMD_STATE veh=Ramp_Merge_4 edge=:390064918_0 lane=0 target=1 lane_count=1 recently=False speed=4.18
traci-bridge-1         | LANE_CMD_WAIT_EDGE veh=Ramp_Merge_4 edge=:390064918_0 lane=0 target=1 lane_count=1
traci-bridge-1         | LANE_CMD_STATE veh=Ramp_Merge_4 edge=:390064918_0 lane=0 target=1 lane_count=1 recently=False speed=4.17
traci-bridge-1         | LANE_CMD_WAIT_EDGE veh=Ramp_Merge_4 edge=:390064918_0 lane=0 target=1 lane_count=1
traci-bridge-1         | LANE_CMD_STATE veh=Ramp_Merge_4 edge=:390064918_0 lane=0 target=1 lane_count=1 recently=False speed=4.17
traci-bridge-1         | LANE_CMD_WAIT_EDGE veh=Ramp_Merge_4 edge=:390064918_0 lane=0 target=1 lane_count=1
traci-bridge-1         | LANE_CMD_STATE veh=Ramp_Merge_4 edge=:390064918_0 lane=0 target=1 lane_count=1 recently=False speed=4.17
traci-bridge-1         | LANE_CMD_WAIT_EDGE veh=Ramp_Merge_4 edge=:390064918_0 lane=0 target=1 lane_count=1
obu-main-mid-right-1   | HOST_RESERVATION_HOLD: host=Main_Mid_Right ramp=111 manoeuvre=127 remaining=3.1 own_speed=6.83 target_speed=6.55 ramp_fsm=NEGOTIATING ramp_lane_cmd_state=NONE ramp_edge=34126779 ramp_lane=0 ramp_merge_completed=False ramp_merge_committed=False
obu-main-mid-right-1   | [30.5] Main_Mid_Right HOST_HOLD_YIELD: for merge=111 spd=6.55
obu-host-car-1         | [30.5] Host_Car role=cruise state=CRUISE->CRUISE speed=7.49 target=7.50 neighbors=10
obu-main-mid-right-1   | [30.5] Main_Mid_Right MCM_TX_ACCEPT: manoeuvre=127 target=111
obu-main-mid-right-1   | [30.5] Main_Mid_Right role=host state=CRUISE->YIELDING speed=6.83 target=6.55 neighbors=10
obu-main-back-right-1  | [30.5] Main_Back_Right MCM_RX_REQUEST: from=110 manoeuvre=97 target=106
obu-main-back-right-1  | [30.5] Main_Back_Right MCM_RX_REQUEST: from=110 manoeuvre=97 target=106
obu-main-back-right-1  | [30.5] Main_Back_Right MCM_RX_REQUEST: from=110 manoeuvre=97 target=106
obu-ramp-merge-4-1     | [30.5] Ramp_Merge_4 MERGE_LANE_APPLY_CONFIRMED: edge=1331698336 lane=0 target_lane=1 lane_count=3 executable=True
obu-ramp-back-1        | [30.4] Ramp_Back role=merge state=NEGOTIATING->NEGOTIATING speed=6.42 target=6.38 neighbors=10
obu-ramp-merge-4-1     | [30.5] Ramp_Merge_4 MCM_TX_REQUEST: manoeuvre=97 target=106
obu-ramp-merge-4-1     | [30.5] Ramp_Merge_4 MCM_PENDING_HOLD_LATE_HOST: host=106 age=0.6 dtm=5.0 lead_gap=None host_gap=4.06 pending_age=0.9 accepted_at=None reason=ahead(eta=1.15<=own=1.21)
obu-ramp-merge-4-1     | [30.5] Ramp_Merge_4 CAR_FOLLOW: sid=106 edge=1331698336 lane=0 leader_edge= leader_lane=None leader_role_hint=main self_merge_completed=False self_merge_completed_age=-1.0 self_merge_committed=False lane_cmd_state=APPLY lane_cmd_edge=1331698336 lane_cmd_target=1 lane_cmd_executable=True same_lane=False reason=merge_conflict_eta gap=0.1 follow_spd=4.12 emergency=False target_before=4.166578048375109 target_after=4.125
obu-ramp-merge-4-1     | [30.5] Ramp_Merge_4 role=merge state=NEGOTIATING->NEGOTIATING speed=4.17 target=4.12 neighbors=10
obu-ramp-merge-3-1     | [30.5] Ramp_Merge_3 role=cruise state=CRUISE->CRUISE speed=6.84 target=7.50 neighbors=10
obu-main-back-right-1  | [30.5] Main_Back_Right MCM_TX_REJECT: manoeuvre=97 target=110
obu-ramp-merge-5-1     | [30.5] Ramp_Merge_5 MERGE_DECISION: auth=False phys=True fgok=True lgok=True hgok=True cok=True esok=True cready=True dtm=21.6 past=False committed=False hid=None ra=None lclear=False hyok=True
obu-ramp-merge-5-1     | [30.5] Ramp_Merge_5 CAR_FOLLOW: sid=106 edge=34126779 lane=0 leader_edge= leader_lane=None leader_role_hint=main self_merge_completed=False self_merge_completed_age=-1.0 self_merge_committed=False lane_cmd_state=None lane_cmd_edge=None lane_cmd_target=None lane_cmd_executable=None same_lane=True reason=same_lane_cam gap=9.9 follow_spd=3.68 emergency=False target_before=6.75 target_after=6.33024796551861
obu-ramp-merge-5-1     | [30.5] Ramp_Merge_5 role=merge state=NEGOTIATING->YIELDING speed=6.58 target=6.33 neighbors=10
obu-lead-car-1         | [30.6] Lead_Car role=cruise state=CRUISE->CRUISE speed=7.50 target=7.50 neighbors=10
obu-ramp-merge-5-1     | [30.5] Ramp_Merge_5 MCM_RX_ACCEPT: from=103 manoeuvre=127 target=111
obu-main-mid-right-1   | HOST_RESERVATION_HOLD: host=Main_Mid_Right ramp=111 manoeuvre=127 remaining=3.0 own_speed=6.86 target_speed=6.55 ramp_fsm=NEGOTIATING ramp_lane_cmd_state=NONE ramp_edge=34126779 ramp_lane=0 ramp_merge_completed=False ramp_merge_committed=False
obu-main-mid-right-1   | [30.6] Main_Mid_Right HOST_HOLD_YIELD: for merge=111 spd=6.55
obu-merge-car-1        | [30.5] Merge_Car role=cruise state=CRUISE->CRUISE speed=7.50 target=7.50 neighbors=10
obu-main-back-left-1   | [30.6] Main_Back_Left role=cruise state=CRUISE->CRUISE speed=7.48 target=7.50 neighbors=10
obu-main-back-right-1  | [30.6] Main_Back_Right role=host state=CRUISE->CRUISE speed=6.82 target=7.50 neighbors=10
obu-ramp-merge-5-1     | [30.7] Ramp_Merge_5 MERGE_DECISION: auth=False phys=True fgok=True lgok=True hgok=True cok=True esok=True cready=True dtm=20.3 past=False committed=False hid=103 ra=None lclear=False hyok=False
obu-ramp-merge-5-1     | [30.7] Ramp_Merge_5 CAR_FOLLOW: sid=106 edge=34126779 lane=0 leader_edge= leader_lane=None leader_role_hint=main self_merge_completed=False self_merge_completed_age=-1.0 self_merge_committed=False lane_cmd_state=None lane_cmd_edge=None lane_cmd_target=None lane_cmd_executable=None same_lane=True reason=same_lane_cam gap=8.6 follow_spd=2.62 emergency=False target_before=6.75 target_after=6.346095292189788
obu-ramp-back-1        | [30.8] Ramp_Back MCM_ACCEPT_STALE: host=103 manoeuvre=158
obu-main-back-right-1  | [31.0] Main_Back_Right MCM_TX_REJECT: manoeuvre=97 target=110
obu-ramp-merge-5-1     | [30.8] Ramp_Merge_5 MERGE_DECISION: auth=False phys=True fgok=True lgok=True hgok=True cok=True esok=True cready=True dtm=19.6 past=False committed=False hid=103 ra=None lclear=True hyok=False
obu-ramp-merge-5-1     | [31.0] Ramp_Merge_5 MERGE_DECISION: auth=False phys=True fgok=True lgok=True hgok=True cok=True esok=True cready=True dtm=18.3 past=False committed=False hid=103 ra=None lclear=True hyok=False
obu-ramp-merge-2-1     | [31.1] Ramp_Merge_2 role=cruise state=CRUISE->CRUISE speed=7.49 target=7.50 neighbors=8
obu-main-back-right-1  | [31.3] Main_Back_Right MCM_RX_REQUEST: from=110 manoeuvre=97 target=106
obu-ramp-merge-4-1     | [31.3] Ramp_Merge_4 MCM_RX_REJECT: from=106 manoeuvre=97 target=110
obu-ramp-merge-4-1     | [31.3] Ramp_Merge_4 MCM_RX_REJECT: from=106 manoeuvre=97 target=110
obu-main-back-right-1  | [31.3] Main_Back_Right MCM_TX_REJECT: manoeuvre=97 target=110
obu-ramp-merge-5-1     | [31.3] Ramp_Merge_5 MERGE_DECISION: auth=False phys=True fgok=True lgok=True hgok=True cok=True esok=True cready=True dtm=16.4 past=False committed=False hid=None ra=None lclear=False hyok=True
obu-main-mid-right-1   | HOST_RESERVATION_HOLD: host=Main_Mid_Right ramp=111 manoeuvre=127 remaining=2.2 own_speed=6.79 target_speed=6.55 ramp_fsm=NEGOTIATING ramp_lane_cmd_state=NONE ramp_edge=34126779 ramp_lane=0 ramp_merge_completed=False ramp_merge_committed=False
obu-main-mid-right-1   | [31.4] Main_Mid_Right HOST_HOLD_YIELD: for merge=111 spd=6.55
obu-main-mid-right-1   | [31.4] Main_Mid_Right MCM_TX_ACCEPT: manoeuvre=127 target=111
obu-ramp-merge-4-1     | [31.4] Ramp_Merge_4 MCM_TX_REQUEST: manoeuvre=97 target=106
obu-ramp-merge-4-1     | [31.4] Ramp_Merge_4 MCM_REJECT: host=106 manoeuvre=97
obu-ramp-merge-4-1     | [31.4] Ramp_Merge_4 CAR_FOLLOW: sid=106 edge=1331698336 lane=0 leader_edge= leader_lane=None leader_role_hint=main self_merge_completed=False self_merge_completed_age=-1.0 self_merge_committed=False lane_cmd_state=APPLY lane_cmd_edge=1331698336 lane_cmd_target=1 lane_cmd_executable=True same_lane=False reason=merge_conflict_eta gap=1.3 follow_spd=4.12 emergency=False target_before=3.901204540445913 target_after=4.125
obu-main-mid-right-1   | HOST_RESERVATION_HOLD: host=Main_Mid_Right ramp=111 manoeuvre=127 remaining=2.1 own_speed=6.78 target_speed=6.55 ramp_fsm=NEGOTIATING ramp_lane_cmd_state=NONE ramp_edge=34126779 ramp_lane=0 ramp_merge_completed=False ramp_merge_committed=False
obu-main-mid-right-1   | [31.5] Main_Mid_Right HOST_HOLD_YIELD: for merge=111 spd=6.55
obu-main-mid-right-1   | [31.5] Main_Mid_Right role=host state=YIELDING->YIELDING speed=6.78 target=6.55 neighbors=10
obu-ramp-merge-4-1     | [31.5] Ramp_Merge_4 FINAL_GUARD: REJECTED slot-boundary sid=106 gap=4.7
obu-ramp-merge-4-1     | [31.5] Ramp_Merge_4 MERGE_DECISION: auth=False phys=True fgok=False lgok=False hgok=True cok=True esok=False cready=True dtm=7.5 past=False committed=False hid=None ra=None lclear=False hyok=True
obu-ramp-merge-4-1     | [31.5] Ramp_Merge_4 CAR_FOLLOW: sid=106 edge=1331698336 lane=0 leader_edge= leader_lane=None leader_role_hint=main self_merge_completed=False self_merge_completed_age=-1.0 self_merge_committed=False lane_cmd_state=APPLY lane_cmd_edge=1331698336 lane_cmd_target=1 lane_cmd_executable=True same_lane=False reason=merge_conflict_eta gap=1.4 follow_spd=4.12 emergency=False target_before=3.6998943134236173 target_after=4.125
obu-ramp-merge-4-1     | [31.5] Ramp_Merge_4 role=merge state=NEGOTIATING->YIELDING speed=4.15 target=4.12 neighbors=10
obu-ramp-back-1        | [31.5] Ramp_Back role=merge state=NEGOTIATING->NEGOTIATING speed=6.40 target=6.38 neighbors=10
obu-lead-car-1         | [31.6] Lead_Car role=cruise state=CRUISE->CRUISE speed=7.50 target=7.50 neighbors=10
obu-main-mid-right-1   | HOST_RESERVATION_HOLD: host=Main_Mid_Right ramp=111 manoeuvre=127 remaining=1.8 own_speed=6.75 target_speed=6.55 ramp_fsm=CRUISE ramp_lane_cmd_state=NONE ramp_edge=34126779 ramp_lane=0 ramp_merge_completed=False ramp_merge_committed=False
obu-main-mid-right-1   | [31.8] Main_Mid_Right HOST_HOLD_YIELD: for merge=111 spd=6.55
obu-main-mid-right-1   | [31.8] Main_Mid_Right MCM_TX_ACCEPT: manoeuvre=127 target=111
obu-ramp-merge-4-1     | [31.6] Ramp_Merge_4 FINAL_GUARD: REJECTED slot-boundary sid=106 gap=5.0
obu-ramp-merge-4-1     | [31.6] Ramp_Merge_4 MERGE_DECISION: auth=False phys=True fgok=False lgok=False hgok=True cok=True esok=False cready=True dtm=7.8 past=False committed=False hid=None ra=None lclear=False hyok=True
obu-ramp-back-1        | [31.7] Ramp_Back MERGE_ACCEPTED_WAIT_SLOT_VALID: reason=lclear=False
obu-ramp-back-1        | [31.7] Ramp_Back MERGE_DECISION: auth=False phys=True fgok=True lgok=True hgok=True cok=True esok=True cready=True dtm=41.5 past=False committed=False hid=103 ra=2 lclear=False hyok=True
obu-ramp-merge-4-1     | [31.6] Ramp_Merge_4 CAR_FOLLOW: sid=106 edge=1331698336 lane=0 leader_edge= leader_lane=None leader_role_hint=main self_merge_completed=False self_merge_completed_age=-1.0 self_merge_committed=False lane_cmd_state=APPLY lane_cmd_edge=1331698336 lane_cmd_target=1 lane_cmd_executable=True same_lane=False reason=merge_conflict_eta gap=1.5 follow_spd=4.12 emergency=False target_before=3.6986495977524365 target_after=4.125
obu-ramp-merge-4-1     | [31.8] Ramp_Merge_4 FINAL_GUARD: REJECTED slot-boundary sid=106 gap=5.7
obu-ramp-merge-4-1     | [31.8] Ramp_Merge_4 MERGE_DECISION: auth=False phys=True fgok=False lgok=True hgok=True cok=True esok=False cready=True dtm=8.5 past=False committed=False hid=None ra=None lclear=False hyok=True
obu-ramp-back-1        | [31.8] Ramp_Back MERGE_DECISION: auth=False phys=True fgok=True lgok=True hgok=True cok=True esok=True cready=True dtm=40.9 past=False committed=False hid=103 ra=2 lclear=False hyok=True
obu-ramp-merge-4-1     | [32.1] Ramp_Merge_4 MCM_RX_REJECT: from=106 manoeuvre=97 target=110
obu-main-back-right-1  | [32.1] Main_Back_Right MCM_RX_REQUEST: from=110 manoeuvre=97 target=106
obu-main-mid-right-1   | HOST_RESERVATION_HOLD: host=Main_Mid_Right ramp=111 manoeuvre=127 remaining=1.5 own_speed=6.72 target_speed=6.55 ramp_fsm=CRUISE ramp_lane_cmd_state=NONE ramp_edge=34126779 ramp_lane=0 ramp_merge_completed=False ramp_merge_committed=False
obu-main-mid-right-1   | [32.1] Main_Mid_Right HOST_HOLD_YIELD: for merge=111 spd=6.55
obu-main-mid-right-1   | [32.1] Main_Mid_Right MCM_TX_ACCEPT: manoeuvre=127 target=111
obu-ramp-merge-5-1     | [32.1] Ramp_Merge_5 MCM_RX_ACCEPT: from=103 manoeuvre=127 target=111
obu-merge-car-1        | [32.1] Merge_Car role=cruise state=CRUISE->CRUISE speed=7.50 target=7.50 neighbors=10
obu-ramp-merge-4-1     | [32.1] Ramp_Merge_4 FINAL_GUARD: REJECTED slot-boundary sid=106 gap=5.0
obu-ramp-back-1        | [32.1] Ramp_Back MERGE_DECISION: auth=False phys=True fgok=True lgok=False hgok=True cok=True esok=True cready=True dtm=39.0 past=False committed=False hid=103 ra=2 lclear=False hyok=True
obu-ramp-merge-4-1     | [32.1] Ramp_Merge_4 MERGE_DECISION: auth=False phys=True fgok=False lgok=True hgok=True cok=True esok=False cready=True dtm=9.5 past=False committed=False hid=None ra=None lclear=False hyok=True
obu-main-back-left-1   | [32.3] Main_Back_Left role=cruise state=CRUISE->CRUISE speed=7.49 target=7.50 neighbors=10
obu-ramp-merge-3-1     | [32.2] Ramp_Merge_3 role=cruise state=CRUISE->CRUISE speed=7.23 target=7.50 neighbors=10
obu-main-back-right-1  | [32.1] Main_Back_Right MCM_TX_REJECT: manoeuvre=97 target=110
obu-main-back-right-1  | [32.1] Main_Back_Right role=host state=CRUISE->CRUISE speed=7.19 target=7.50 neighbors=10
obu-ramp-merge-5-1     | [32.1] Ramp_Merge_5 CAR_FOLLOW: sid=106 edge=34126779 lane=0 leader_edge= leader_lane=None leader_role_hint=main self_merge_completed=False self_merge_completed_age=-1.0 self_merge_committed=False lane_cmd_state=None lane_cmd_edge=None lane_cmd_target=None lane_cmd_executable=None same_lane=True reason=same_lane_cam gap=10.2 follow_spd=4.05 emergency=False target_before=6.377928365611611 target_after=6.377928365611611
obu-ramp-merge-5-1     | [32.1] Ramp_Merge_5 role=merge state=CRUISE->YIELDING speed=6.63 target=6.38 neighbors=10
obu-ramp-merge-5-1     | [32.1] Ramp_Merge_5 MCM_RX_ACCEPT: from=103 manoeuvre=127 target=111
obu-ramp-merge-2-1     | [32.1] Ramp_Merge_2 role=cruise state=CRUISE->CRUISE speed=7.50 target=7.50 neighbors=10
obu-host-car-1         | [32.1] Host_Car role=cruise state=CRUISE->CRUISE speed=7.49 target=7.50 neighbors=10
obu-main-mid-right-1   | HOST_RESERVATION_HOLD: host=Main_Mid_Right ramp=111 manoeuvre=127 remaining=1.3 own_speed=6.70 target_speed=6.55 ramp_fsm=CRUISE ramp_lane_cmd_state=NONE ramp_edge=34126779 ramp_lane=0 ramp_merge_completed=False ramp_merge_committed=False
obu-main-mid-right-1   | [32.3] Main_Mid_Right HOST_HOLD_YIELD: for merge=111 spd=6.55
obu-ramp-merge-4-1     | [32.2] Ramp_Merge_4 FINAL_GUARD: REJECTED slot-boundary sid=106 gap=5.3
obu-ramp-merge-4-1     | [32.2] Ramp_Merge_4 MERGE_DECISION: auth=False phys=True fgok=False lgok=True hgok=True cok=True esok=False cready=True dtm=9.9 past=False committed=False hid=None ra=None lclear=False hyok=True
obu-ramp-back-1        | [32.3] Ramp_Back MERGE_DECISION: auth=False phys=True fgok=True lgok=False hgok=True cok=True esok=True cready=True dtm=37.8 past=False committed=False hid=103 ra=2 lclear=False hyok=True
obu-ramp-merge-5-1     | [32.3] Ramp_Merge_5 CAR_FOLLOW: sid=110 edge=34126779 lane=0 leader_edge= leader_lane=None leader_role_hint=ramp self_merge_completed=False self_merge_completed_age=-1.0 self_merge_committed=False lane_cmd_state=None lane_cmd_edge=None lane_cmd_target=None lane_cmd_executable=None same_lane=True reason=same_lane_cam gap=9.8 follow_spd=3.34 emergency=False target_before=6.343567751723704 target_after=6.343567751723704
obu-main-mid-right-1   | HOST_RESERVATION_HOLD: host=Main_Mid_Right ramp=111 manoeuvre=127 remaining=1.0 own_speed=6.68 target_speed=6.55 ramp_fsm=YIELDING ramp_lane_cmd_state=NONE ramp_edge=34126779 ramp_lane=0 ramp_merge_completed=False ramp_merge_committed=False
obu-main-mid-right-1   | [32.6] Main_Mid_Right HOST_HOLD_YIELD: for merge=111 spd=6.55
obu-main-mid-right-1   | [32.6] Main_Mid_Right MCM_TX_ACCEPT: manoeuvre=127 target=111
obu-main-mid-right-1   | [32.6] Main_Mid_Right role=host state=YIELDING->YIELDING speed=6.68 target=6.55 neighbors=8
obu-ramp-merge-4-1     | [32.4] Ramp_Merge_4 FINAL_GUARD: REJECTED slot-boundary sid=106 gap=6.0
obu-ramp-merge-4-1     | [32.4] Ramp_Merge_4 MERGE_DECISION: auth=False phys=True fgok=False lgok=True hgok=True cok=True esok=False cready=True dtm=10.6 past=False committed=False hid=None ra=None lclear=False hyok=True
obu-ramp-back-1        | [32.5] Ramp_Back MERGE_DECISION: auth=False phys=True fgok=True lgok=False hgok=True cok=True esok=True cready=True dtm=36.5 past=False committed=False hid=103 ra=2 lclear=False hyok=True
obu-ramp-back-1        | [32.5] Ramp_Back role=merge state=NEGOTIATING->NEGOTIATING speed=6.42 target=6.38 neighbors=8
obu-main-back-right-1  | [32.4] Main_Back_Right MCM_TX_REJECT: manoeuvre=97 target=110
obu-ramp-merge-5-1     | [32.4] Ramp_Merge_5 CAR_FOLLOW: sid=110 edge=34126779 lane=0 leader_edge= leader_lane=None leader_role_hint=ramp self_merge_completed=False self_merge_completed_age=-1.0 self_merge_committed=False lane_cmd_state=None lane_cmd_edge=None lane_cmd_target=None lane_cmd_executable=None same_lane=True reason=same_lane_cam gap=9.2 follow_spd=2.73 emergency=False target_before=6.239657487607731 target_after=6.239657487607731
obu-main-mid-right-1   | HOST_RESERVATION_HOLD: host=Main_Mid_Right ramp=111 manoeuvre=127 remaining=0.9 own_speed=6.67 target_speed=6.55 ramp_fsm=YIELDING ramp_lane_cmd_state=NONE ramp_edge=34126779 ramp_lane=0 ramp_merge_completed=False ramp_merge_committed=False
obu-main-mid-right-1   | [32.7] Main_Mid_Right HOST_HOLD_YIELD: for merge=111 spd=6.55
obu-ramp-merge-4-1     | [32.6] Ramp_Merge_4 FINAL_GUARD: REJECTED slot-boundary sid=106 gap=6.7
obu-ramp-merge-4-1     | [32.6] Ramp_Merge_4 MERGE_DECISION: auth=False phys=True fgok=False lgok=True hgok=True cok=True esok=False cready=True dtm=11.3 past=True committed=False hid=None ra=None lclear=False hyok=True
obu-ramp-merge-4-1     | [32.6] Ramp_Merge_4 MERGE_FAILED_LOST_AUTH_AFTER_POINT: dtm=11.3 past=True hid=None auth=False
obu-ramp-merge-4-1     | [32.6] Ramp_Merge_4 role=merge state=YIELDING->ABORT speed=4.04 target=0.50 neighbors=8
obu-ramp-back-1        | [32.6] Ramp_Back MERGE_DECISION: auth=False phys=True fgok=True lgok=False hgok=True cok=True esok=True cready=True dtm=35.9 past=False committed=False hid=103 ra=2 lclear=False hyok=True
obu-main-back-right-1  | [32.7] Main_Back_Right MCM_TX_REJECT: manoeuvre=97 target=110
obu-ramp-merge-5-1     | [32.6] Ramp_Merge_5 CAR_FOLLOW: sid=110 edge=34126779 lane=0 leader_edge= leader_lane=None leader_role_hint=ramp self_merge_completed=False self_merge_completed_age=-1.0 self_merge_committed=False lane_cmd_state=None lane_cmd_edge=None lane_cmd_target=None lane_cmd_executable=None same_lane=True reason=same_lane_cam gap=8.0 follow_spd=2.62 emergency=False target_before=5.539657487607732 target_after=5.539657487607732
obu-ramp-merge-5-1     | [32.9] Ramp_Merge_5 MCM_RX_ACCEPT: from=103 manoeuvre=127 target=111
obu-ramp-merge-5-1     | [32.9] Ramp_Merge_5 MCM_RX_ACCEPT: from=103 manoeuvre=127 target=111
obu-ramp-merge-4-1     | [32.9] Ramp_Merge_4 MCM_RX_REJECT: from=106 manoeuvre=97 target=110
obu-ramp-merge-4-1     | [32.9] Ramp_Merge_4 MCM_RX_REJECT: from=106 manoeuvre=97 target=110
obu-ramp-merge-4-1     | [32.9] Ramp_Merge_4 MCM_RX_REJECT: from=106 manoeuvre=97 target=110
obu-ramp-back-1        | [32.8] Ramp_Back MERGE_ACCEPTED_WAIT_SLOT_VALID: reason=lgok=False(gap=39.04)
obu-ramp-back-1        | [32.8] Ramp_Back MERGE_DECISION: auth=False phys=True fgok=True lgok=False hgok=True cok=True esok=True cready=True dtm=34.6 past=False committed=False hid=103 ra=2 lclear=True hyok=True
obu-lead-car-1         | [33.0] Lead_Car role=cruise state=CRUISE->CRUISE speed=7.50 target=7.50 neighbors=10
obu-ramp-merge-5-1     | MERGE_ATTEMPT_TIMELINE: vehicle=Ramp_Merge_5 manoeuvre=128 host=105 lead=None event=REQUEST_SENT t=32.9 edge=34126779 lane=0 lane_cmd_state=NONE speed=5.23 target=6.75 dtm=7.3 lead_gap= host_gap=62.82 lead_gap_t1= lead_gap_t2= lead_gap_t3= host_gap_t1=62.82 host_gap_t2=62.82 host_gap_t3=62.82
obu-ramp-merge-5-1     | [32.9] Ramp_Merge_5 MCM_TX_REQUEST: manoeuvre=128 target=105
obu-ramp-merge-5-1     | [32.9] Ramp_Merge_5 FINAL_GUARD: REJECTED sid=106 gap=19.9
obu-ramp-merge-5-1     | [32.9] Ramp_Merge_5 MERGE_DECISION: auth=False phys=True fgok=False lgok=True hgok=True cok=True esok=True cready=True dtm=7.3 past=False committed=False hid=105 ra=None lclear=True hyok=True
obu-ramp-merge-5-1     | [32.9] Ramp_Merge_5 CAR_FOLLOW: sid=110 edge=34126779 lane=0 leader_edge= leader_lane=None leader_role_hint=ramp self_merge_completed=False self_merge_completed_age=-1.0 self_merge_committed=False lane_cmd_state=None lane_cmd_edge=None lane_cmd_target=None lane_cmd_executable=None same_lane=True reason=same_lane_cam gap=10.9 follow_spd=3.24 emergency=False target_before=4.775639346947219 target_after=4.9756393469472195
obu-host-car-1         | [32.9] Host_Car CAR_FOLLOW: sid=107 edge=135424828 lane=0 leader_edge= leader_lane=None leader_role_hint=ramp self_merge_completed=False self_merge_completed_age=-1.0 self_merge_committed=False lane_cmd_state=None lane_cmd_edge=None lane_cmd_target=None lane_cmd_executable=None same_lane=True reason=same_lane_cam gap=3.6 follow_spd=2.62 emergency=False target_before=7.5 target_after=7.245669373913081
obu-main-mid-right-1   | HOST_RESERVATION_HOLD: host=Main_Mid_Right ramp=111 manoeuvre=127 remaining=0.7 own_speed=6.66 target_speed=6.55 ramp_fsm=YIELDING ramp_lane_cmd_state=NONE ramp_edge=34126779 ramp_lane=0 ramp_merge_completed=False ramp_merge_committed=False
obu-main-mid-right-1   | [32.9] Main_Mid_Right HOST_HOLD_YIELD: for merge=111 spd=6.55
obu-main-mid-right-1   | [32.9] Main_Mid_Right MCM_TX_ACCEPT: manoeuvre=127 target=111
obu-ramp-back-1        | MERGE_ATTEMPT_TIMELINE: vehicle=Ramp_Back manoeuvre=158 host=103 lead=106 event=AUTHORIZED t=32.9 edge=34126779 lane=0 lane_cmd_state=NONE speed=6.41 target=6.59 dtm=34.0 lead_gap=36.75 host_gap=140.03 lead_gap_t1=36.75 lead_gap_t2=36.75 lead_gap_t3=36.75 host_gap_t1=140.03 host_gap_t2=140.03 host_gap_t3=140.03
obu-ramp-back-1        | [32.9] Ramp_Back MERGE_AUTHORIZED_BY_MCM: host=103 manoeuvre=158
obu-ramp-back-1        | [32.9] Ramp_Back MERGE_DECISION: auth=True phys=True fgok=True lgok=True hgok=True cok=True esok=True cready=True dtm=34.0 past=False committed=False hid=103 ra=2 lclear=True hyok=True
obu-ramp-back-1        | [32.9] Ramp_Back MERGE_START_GAP_DIAG: event=start lead=106 host=103 lead_eta=1.7077491318317795 own_eta=5.301883008686182 host_eta=22.883905140832194 lead_gap=36.75288189135291 host_gap=140.02612645168728 lead_gap_p1=36.75288189135291 lead_gap_p2=36.75288189135291 lead_gap_p3=36.75288189135291 host_gap_p1=140.02612645168728 host_gap_p2=140.02612645168728 host_gap_p3=140.02612645168728 rel_to_lead=-0.8154313925414662 rel_to_host=-0.25543139254146574 lead_lat=17.38642655991857 host_lat=112.41319324435408 edge=34126779 lane=0 lane_cmd_state=None lane_cmd_edge=None lane_cmd_target=None lane_cmd_executable=None dtm=34.0 speed=6.41
obu-ramp-back-1        | MERGE_ATTEMPT_TIMELINE: vehicle=Ramp_Back manoeuvre=158 host=103 lead=106 event=PHYSICAL_START t=32.9 edge=34126779 lane=0 lane_cmd_state=NONE speed=6.41 target=6.59 dtm=34.0 lead_gap=36.75 host_gap=140.03 lead_gap_t1=36.75 lead_gap_t2=36.75 lead_gap_t3=36.75 host_gap_t1=140.03 host_gap_t2=140.03 host_gap_t3=140.03
obu-ramp-back-1        | [32.9] Ramp_Back MERGE_PHYSICAL_START: host=103 manoeuvre=158
obu-ramp-back-1        | [32.9] Ramp_Back MERGING!
obu-main-back-right-1  | [33.0] Main_Back_Right MCM_TX_REJECT: manoeuvre=97 target=110
obu-ramp-merge-5-1     | [33.0] Ramp_Merge_5 FINAL_GUARD: REJECTED sid=106 gap=17.2
obu-ramp-merge-5-1     | [33.0] Ramp_Merge_5 MERGE_DECISION: auth=False phys=True fgok=False lgok=True hgok=True cok=True esok=True cready=True dtm=6.9 past=False committed=False hid=105 ra=None lclear=True hyok=True
obu-ramp-merge-5-1     | [33.0] Ramp_Merge_5 CAR_FOLLOW: sid=106 edge=34126779 lane=0 leader_edge= leader_lane=None leader_role_hint=main self_merge_completed=False self_merge_completed_age=-1.0 self_merge_committed=False lane_cmd_state=None lane_cmd_edge=None lane_cmd_target=None lane_cmd_executable=None same_lane=False reason=merge_conflict_eta gap=0.3 follow_spd=4.12 emergency=False target_before=4.520416970404473 target_after=4.720416970404473
obu-host-car-1         | [33.1] Host_Car CAR_FOLLOW: sid=107 edge=135424828 lane=0 leader_edge= leader_lane=None leader_role_hint=ramp self_merge_completed=False self_merge_completed_age=-1.0 self_merge_committed=False lane_cmd_state=None lane_cmd_edge=None lane_cmd_target=None lane_cmd_executable=None same_lane=True reason=same_lane_cam gap=2.1 follow_spd=2.62 emergency=False target_before=7.5 target_after=7.245951649892739
obu-host-car-1         | [33.1] Host_Car role=cruise state=YIELDING->YIELDING speed=7.50 target=7.25 neighbors=8
obu-merge-car-1        | [33.2] Merge_Car role=cruise state=CRUISE->CRUISE speed=7.50 target=7.50 neighbors=10
obu-main-mid-right-1   | HOST_RESERVATION_HOLD: host=Main_Mid_Right ramp=111 manoeuvre=127 remaining=0.4 own_speed=6.65 target_speed=6.55 ramp_fsm=YIELDING ramp_lane_cmd_state=NONE ramp_edge=34126779 ramp_lane=0 ramp_merge_completed=False ramp_merge_committed=False
obu-main-mid-right-1   | [33.2] Main_Mid_Right HOST_HOLD_YIELD: for merge=111 spd=6.55
obu-main-mid-right-1   | [33.2] Main_Mid_Right MCM_TX_ACCEPT: manoeuvre=127 target=111
obu-main-back-right-1  | [33.2] Main_Back_Right role=cruise state=CRUISE->CRUISE speed=7.32 target=7.50 neighbors=10
obu-ramp-merge-2-1     | [33.1] Ramp_Merge_2 role=cruise state=CRUISE->CRUISE speed=7.50 target=7.50 neighbors=10
obu-ramp-merge-5-1     | [33.1] Ramp_Merge_5 FINAL_GUARD: REJECTED sid=106 gap=16.8
obu-ramp-merge-5-1     | [33.1] Ramp_Merge_5 MERGE_DECISION: auth=False phys=True fgok=False lgok=True hgok=True cok=True esok=True cready=True dtm=6.6 past=False committed=False hid=105 ra=None lclear=True hyok=True
obu-ramp-merge-5-1     | [33.1] Ramp_Merge_5 CAR_FOLLOW: sid=106 edge=34126779 lane=0 leader_edge= leader_lane=None leader_role_hint=main self_merge_completed=False self_merge_completed_age=-1.0 self_merge_committed=False lane_cmd_state=None lane_cmd_edge=None lane_cmd_target=None lane_cmd_executable=None same_lane=False reason=merge_conflict_eta gap=0.3 follow_spd=4.12 emergency=False target_before=4.275323263838287 target_after=4.475323263838288
obu-ramp-merge-5-1     | [33.1] Ramp_Merge_5 role=merge state=YIELDING->YIELDING speed=4.73 target=4.48 neighbors=10
obu-main-mid-right-1   | HOST_RESERVATION_HOLD: host=Main_Mid_Right ramp=111 manoeuvre=127 remaining=0.2 own_speed=6.64 target_speed=6.55 ramp_fsm=YIELDING ramp_lane_cmd_state=NONE ramp_edge=34126779 ramp_lane=0 ramp_merge_completed=False ramp_merge_committed=False
obu-main-mid-right-1   | [33.4] Main_Mid_Right HOST_HOLD_YIELD: for merge=111 spd=6.55
obu-ramp-merge-3-1     | [33.3] Ramp_Merge_3 role=cruise state=CRUISE->CRUISE speed=7.34 target=7.50 neighbors=10
obu-ramp-back-1        | [33.3] Ramp_Back MERGE_LANE_WAIT_EDGE_CONFIRMED: edge=34126779 lane=0 target_lane=1 lane_count=1 executable=False
obu-ramp-merge-5-1     | [33.4] Ramp_Merge_5 MCM_TX_REQUEST: manoeuvre=128 target=105
obu-ramp-merge-5-1     | [33.4] Ramp_Merge_5 FINAL_GUARD: REJECTED sid=106 gap=15.4
obu-ramp-merge-5-1     | [33.4] Ramp_Merge_5 MERGE_DECISION: auth=False phys=True fgok=False lgok=True hgok=True cok=True esok=False cready=True dtm=5.7 past=False committed=False hid=105 ra=None lclear=True hyok=True
obu-ramp-merge-5-1     | [33.4] Ramp_Merge_5 CAR_FOLLOW: sid=110 edge=34126779 lane=0 leader_edge= leader_lane=None leader_role_hint=ramp self_merge_completed=False self_merge_completed_age=-1.0 self_merge_committed=False lane_cmd_state=None lane_cmd_edge=None lane_cmd_target=None lane_cmd_executable=None same_lane=True reason=same_lane_cam gap=9.8 follow_spd=3.18 emergency=False target_before=3.8445082924544467 target_after=4.044508292454447
obu-main-mid-right-1   | HOST_RESERVATION_HOLD: host=Main_Mid_Right ramp=111 manoeuvre=127 remaining=0.1 own_speed=6.63 target_speed=6.55 ramp_fsm=YIELDING ramp_lane_cmd_state=NONE ramp_edge=34126779 ramp_lane=0 ramp_merge_completed=False ramp_merge_committed=False
obu-main-mid-right-1   | [33.5] Main_Mid_Right HOST_HOLD_YIELD: for merge=111 spd=6.55
obu-main-mid-right-1   | [33.6] Main_Mid_Right MCM_TX_ACCEPT: manoeuvre=127 target=111
obu-ramp-merge-5-1     | [33.5] Ramp_Merge_5 MCM_RX_ACCEPT: from=103 manoeuvre=127 target=111
obu-ramp-merge-5-1     | [33.5] Ramp_Merge_5 MCM_RX_ACCEPT: from=103 manoeuvre=127 target=111
obu-main-back-left-1   | [33.6] Main_Back_Left MCM_RX_REQUEST: from=111 manoeuvre=128 target=105
obu-ramp-merge-4-1     | [33.6] Ramp_Merge_4 MERGE_DECISION: auth=False phys=True fgok=True lgok=True hgok=True cok=True esok=False cready=True dtm=14.8 past=True committed=False hid=None ra=None lclear=True hyok=True
obu-ramp-merge-4-1     | [33.6] Ramp_Merge_4 MERGE_FAILED_LOST_AUTH_AFTER_POINT: dtm=14.8 past=True hid=None auth=False
obu-ramp-merge-4-1     | [33.6] Ramp_Merge_4 role=merge state=YIELDING->ABORT speed=3.62 target=0.50 neighbors=10
obu-main-back-left-1   | HOST_RESERVATION_START: host=Main_Back_Left ramp=111 manoeuvre=128 until=37.6 own_speed=7.49 target_speed=7.49 required_speed=7.49 gap_eta=8.19
obu-main-back-left-1   | [33.6] Main_Back_Left HOST_RESERVED: merge=111 manoeuvre=128 until=37.6 target_spd=7.49
obu-ramp-merge-4-1     | [33.6] Ramp_Merge_4 MCM_RX_REJECT: from=106 manoeuvre=97 target=110
obu-main-back-left-1   | [33.6] Main_Back_Left MCM_TX_ACCEPT: manoeuvre=128 target=111
obu-main-back-left-1   | [33.6] Main_Back_Left role=host state=CRUISE->CRUISE speed=7.49 target=7.50 neighbors=10
obu-ramp-back-1        | MERGE_ATTEMPT_TIMELINE: vehicle=Ramp_Back manoeuvre=158 host=103 lead=106 event=WAIT_EDGE t=33.5 edge=34126779 lane=0 lane_cmd_state=WAIT_EDGE speed=6.44 target=6.75 dtm=30.3 lead_gap=37.92 host_gap=142.81 lead_gap_t1=37.92 lead_gap_t2=37.92 lead_gap_t3=37.92 host_gap_t1=142.81 host_gap_t2=142.81 host_gap_t3=142.81
obu-ramp-back-1        | [33.5] Ramp_Back MERGE_COMMIT_WAIT_LANE_AVAILABLE: edge=34126779 lane=0 target_lane=1 lane_count=1 executable=False speed=6.44 dtm=30.3
obu-ramp-back-1        | [33.5] Ramp_Back role=merge state=MERGING->MERGING speed=6.44 target=6.62 neighbors=10
obu-main-back-left-1   | [33.6] Main_Back_Left MCM_RX_REQUEST: from=111 manoeuvre=128 target=105
obu-ramp-merge-5-1     | [33.5] Ramp_Merge_5 FINAL_GUARD: REJECTED sid=106 gap=22.2
obu-ramp-merge-5-1     | [33.5] Ramp_Merge_5 MERGE_DECISION: auth=False phys=True fgok=False lgok=True hgok=True cok=True esok=False cready=True dtm=5.5 past=False committed=False hid=105 ra=None lclear=True hyok=True
obu-ramp-merge-5-1     | [33.5] Ramp_Merge_5 CAR_FOLLOW: sid=110 edge=34126779 lane=0 leader_edge= leader_lane=None leader_role_hint=ramp self_merge_completed=False self_merge_completed_age=-1.0 self_merge_committed=False lane_cmd_state=None lane_cmd_edge=None lane_cmd_target=None lane_cmd_executable=None same_lane=True reason=same_lane_cam gap=10.1 follow_spd=2.84 emergency=False target_before=3.865803726351948 target_after=4.065803726351948
obu-main-mid-right-1   | [33.7] Main_Mid_Right role=cruise state=YIELDING->CRUISE speed=6.62 target=7.50 neighbors=10
obu-main-back-left-1   | HOST_RESERVATION_HOLD: host=Main_Back_Left ramp=111 manoeuvre=128 remaining=3.9 own_speed=7.49 target_speed=7.49 ramp_fsm=YIELDING ramp_lane_cmd_state=NONE ramp_edge=34126779 ramp_lane=0 ramp_merge_completed=False ramp_merge_committed=False
obu-main-back-left-1   | [33.7] Main_Back_Left HOST_HOLD_YIELD: for merge=111 spd=7.49
obu-ramp-back-1        | [33.6] Ramp_Back MERGE_COMMIT_WAIT_LANE_AVAILABLE: edge=34126779 lane=0 target_lane=1 lane_count=1 executable=False speed=6.44 dtm=29.6
obu-ramp-merge-5-1     | [33.7] Ramp_Merge_5 MCM_TX_REQUEST: manoeuvre=128 target=105
obu-ramp-merge-5-1     | [33.7] Ramp_Merge_5 FINAL_GUARD: REJECTED sid=106 gap=21.4
obu-ramp-merge-5-1     | [33.7] Ramp_Merge_5 MERGE_DECISION: auth=False phys=True fgok=False lgok=True hgok=True cok=True esok=False cready=True dtm=5.1 past=False committed=False hid=105 ra=None lclear=True hyok=True
obu-ramp-merge-5-1     | [33.7] Ramp_Merge_5 CAR_FOLLOW: sid=110 edge=34126779 lane=0 leader_edge= leader_lane=None leader_role_hint=ramp self_merge_completed=False self_merge_completed_age=-1.0 self_merge_committed=False lane_cmd_state=None lane_cmd_edge=None lane_cmd_target=None lane_cmd_executable=None same_lane=True reason=same_lane_cam gap=9.3 follow_spd=2.81 emergency=False target_before=3.6755266268422817 target_after=3.875526626842282
obu-ramp-back-1        | [33.8] Ramp_Back MERGE_COMMIT_WAIT_LANE_AVAILABLE: edge=34126779 lane=0 target_lane=1 lane_count=1 executable=False speed=6.46 dtm=28.4
obu-ramp-merge-5-1     | [34.0] Ramp_Merge_5 MCM_RX_ACCEPT: from=103 manoeuvre=127 target=111
obu-ramp-merge-5-1     | [34.0] Ramp_Merge_5 MCM_RX_ACCEPT: from=105 manoeuvre=128 target=111
obu-main-back-left-1   | HOST_RESERVATION_HOLD: host=Main_Back_Left ramp=111 manoeuvre=128 remaining=3.5 own_speed=7.50 target_speed=7.49 ramp_fsm=YIELDING ramp_lane_cmd_state=NONE ramp_edge=34126779 ramp_lane=0 ramp_merge_completed=False ramp_merge_committed=False
obu-main-back-left-1   | [34.1] Main_Back_Left HOST_HOLD_YIELD: for merge=111 spd=7.49
obu-main-back-left-1   | [34.1] Main_Back_Left MCM_TX_ACCEPT: manoeuvre=128 target=111
obu-ramp-back-1        | [34.0] Ramp_Back MERGE_COMMIT_WAIT_LANE_AVAILABLE: edge=34126779 lane=0 target_lane=1 lane_count=1 executable=False speed=6.47 dtm=27.1
obu-ramp-back-1        | [34.0] Ramp_Back FINAL_GUARD: REJECTED slot-boundary ETA sid=106
obu-ramp-back-1        | [34.0] Ramp_Back MERGE_COMMIT_SAFETY_HOLD: lgok=False hgok=True fgok=False edge=34126779 lane=0 target_lane=1 speed=6.47 lane_cmd_state=WAIT_EDGE lane_cmd_executable=False lane_cmd_edge=34126779 lane_cmd_lane_count=1
obu-lead-car-1         | [34.1] Lead_Car role=cruise state=CRUISE->CRUISE speed=7.50 target=7.50 neighbors=10
obu-main-back-left-1   | [34.1] Main_Back_Left MCM_RX_REQUEST: from=111 manoeuvre=128 target=105
obu-host-car-1         | [34.1] Host_Car role=cruise state=CRUISE->CRUISE speed=7.47 target=7.50 neighbors=10
obu-ramp-merge-5-1     | [34.0] Ramp_Merge_5 MCM_TX_REQUEST: manoeuvre=128 target=105
obu-ramp-merge-5-1     | MERGE_ATTEMPT_TIMELINE: vehicle=Ramp_Merge_5 manoeuvre=128 host=105 lead=None event=ACCEPT_MATCHED t=34.0 edge=:390064918_0 lane=0 lane_cmd_state=NONE speed=3.82 target=6.75 dtm=4.9 lead_gap= host_gap=67.70 lead_gap_t1= lead_gap_t2= lead_gap_t3= host_gap_t1=67.70 host_gap_t2=67.70 host_gap_t3=67.70
obu-ramp-merge-5-1     | [34.0] Ramp_Merge_5 MCM_ACCEPT_MATCHED: host=105 manoeuvre=128
obu-ramp-merge-5-1     | MERGE_ATTEMPT_TIMELINE: vehicle=Ramp_Merge_5 manoeuvre=128 host=105 lead=None event=AUTHORIZED t=34.0 edge=:390064918_0 lane=0 lane_cmd_state=NONE speed=3.82 target=4.00 dtm=4.9 lead_gap= host_gap=67.70 lead_gap_t1= lead_gap_t2= lead_gap_t3= host_gap_t1=67.70 host_gap_t2=67.70 host_gap_t3=67.70
obu-ramp-merge-5-1     | [34.0] Ramp_Merge_5 MERGE_AUTHORIZED_BY_MCM: host=105 manoeuvre=128
obu-ramp-merge-5-1     | [34.0] Ramp_Merge_5 MERGE_DECISION: auth=True phys=True fgok=True lgok=True hgok=True cok=True esok=False cready=True dtm=4.9 past=False committed=False hid=105 ra=2 lclear=True hyok=True
obu-ramp-merge-5-1     | [34.0] Ramp_Merge_5 MERGE_START_GAP_DIAG: event=start lead=None host=105 lead_eta=None own_eta=1.2772295567543157 host_eta=10.252125902651523 lead_gap=None host_gap=67.7012185760972 lead_gap_p1=None lead_gap_p2=None lead_gap_p3=None host_gap_p1=67.7012185760972 host_gap_p2=67.7012185760972 host_gap_p3=67.7012185760972 rel_to_lead=None rel_to_host=-3.182191829097156 lead_lat=None host_lat=0.7046044506593248 edge=:390064918_0 lane=0 lane_cmd_state=None lane_cmd_edge=None lane_cmd_target=None lane_cmd_executable=None dtm=4.9 speed=3.82
obu-ramp-merge-5-1     | MERGE_ATTEMPT_TIMELINE: vehicle=Ramp_Merge_5 manoeuvre=128 host=105 lead=None event=PHYSICAL_START t=34.0 edge=:390064918_0 lane=0 lane_cmd_state=NONE speed=3.82 target=4.00 dtm=4.9 lead_gap= host_gap=67.70 lead_gap_t1= lead_gap_t2= lead_gap_t3= host_gap_t1=67.70 host_gap_t2=67.70 host_gap_t3=67.70
obu-ramp-merge-5-1     | [34.0] Ramp_Merge_5 MERGE_PHYSICAL_START: host=105 manoeuvre=128
obu-ramp-merge-5-1     | [34.0] Ramp_Merge_5 MERGING!
obu-ramp-merge-4-1     | MERGE_ATTEMPT_TIMELINE: vehicle=Ramp_Merge_4 manoeuvre=98 host=104 lead=105 event=REQUEST_SENT t=34.1 edge=1331698336 lane=0 lane_cmd_state=APPLY speed=3.56 target=6.75 dtm=16.5 lead_gap=52.17 host_gap=97.16 lead_gap_t1=52.17 lead_gap_t2=52.17 lead_gap_t3=52.17 host_gap_t1=97.16 host_gap_t2=97.16 host_gap_t3=97.16
obu-ramp-merge-4-1     | [34.1] Ramp_Merge_4 MCM_TX_REQUEST: manoeuvre=98 target=104
obu-ramp-merge-4-1     | [34.1] Ramp_Merge_4 FINAL_GUARD: REJECTED sid=106 gap=8.1
obu-ramp-merge-4-1     | [34.1] Ramp_Merge_4 MERGE_DECISION: auth=False phys=True fgok=False lgok=True hgok=True cok=True esok=False cready=True dtm=16.5 past=True committed=False hid=104 ra=None lclear=True hyok=True
obu-ramp-merge-4-1     | [34.1] Ramp_Merge_4 MERGE_FAILED_LOST_AUTH_AFTER_POINT: dtm=16.5 past=True hid=104 auth=False
obu-ramp-back-1        | [34.1] Ramp_Back MERGE_COMMIT_WAIT_LANE_AVAILABLE: edge=34126779 lane=0 target_lane=1 lane_count=1 executable=False speed=6.48 dtm=26.5
obu-ramp-back-1        | [34.1] Ramp_Back FINAL_GUARD: REJECTED slot-boundary ETA sid=106
obu-ramp-back-1        | [34.1] Ramp_Back MERGE_COMMIT_SAFETY_HOLD: lgok=False hgok=True fgok=False edge=34126779 lane=0 target_lane=1 speed=6.48 lane_cmd_state=WAIT_EDGE lane_cmd_executable=False lane_cmd_edge=34126779 lane_cmd_lane_count=1
obu-ramp-merge-2-1     | [34.1] Ramp_Merge_2 role=cruise state=CRUISE->CRUISE speed=7.50 target=7.50 neighbors=10
obu-ramp-merge-5-1     | [34.2] Ramp_Merge_5 role=merge state=MERGING->MERGING speed=3.82 target=4.00 neighbors=10
obu-ramp-merge-5-1     | [34.3] Ramp_Merge_5 MERGE_LANE_WAIT_EDGE_CONFIRMED: edge=:390064918_0 lane=0 target_lane=1 lane_count=1 executable=False
obu-merge-car-1        | [34.2] Merge_Car role=cruise state=CRUISE->CRUISE speed=7.50 target=7.50 neighbors=10
obu-ramp-merge-4-1     | [34.2] Ramp_Merge_4 FINAL_GUARD: REJECTED sid=106 gap=7.7
obu-ramp-back-1        | [34.3] Ramp_Back MERGE_COMMIT_WAIT_LANE_AVAILABLE: edge=34126779 lane=0 target_lane=1 lane_count=1 executable=False speed=6.28 dtm=25.2
obu-ramp-back-1        | [34.3] Ramp_Back FINAL_GUARD: REJECTED slot-boundary ETA sid=106
obu-ramp-back-1        | [34.3] Ramp_Back MERGE_COMMIT_SAFETY_HOLD: lgok=False hgok=True fgok=False edge=34126779 lane=0 target_lane=1 speed=6.28 lane_cmd_state=WAIT_EDGE lane_cmd_executable=False lane_cmd_edge=34126779 lane_cmd_lane_count=1
obu-ramp-merge-5-1     | MERGE_ATTEMPT_TIMELINE: vehicle=Ramp_Merge_5 manoeuvre=128 host=105 lead=None event=WAIT_EDGE t=34.4 edge=:390064918_0 lane=0 lane_cmd_state=WAIT_EDGE speed=3.69 target=6.75 dtm=4.9 lead_gap= host_gap=66.19 lead_gap_t1= lead_gap_t2= lead_gap_t3= host_gap_t1=66.19 host_gap_t2=66.19 host_gap_t3=66.19
obu-ramp-merge-5-1     | [34.4] Ramp_Merge_5 MERGE_COMMIT_WAIT_LANE_AVAILABLE: edge=:390064918_0 lane=0 target_lane=1 lane_count=1 executable=False speed=3.69 dtm=4.9
obu-ramp-merge-3-1     | [34.4] Ramp_Merge_3 role=cruise state=CRUISE->CRUISE speed=7.41 target=7.50 neighbors=10
obu-ramp-merge-4-1     | [34.5] Ramp_Merge_4 MCM_TX_REQUEST: manoeuvre=98 target=104
obu-ramp-merge-4-1     | [34.5] Ramp_Merge_4 FINAL_GUARD: REJECTED sid=106 gap=6.8
obu-ramp-back-1        | [34.4] Ramp_Back MERGE_COMMIT_WAIT_LANE_AVAILABLE: edge=34126779 lane=0 target_lane=1 lane_count=1 executable=False speed=6.08 dtm=24.6
obu-ramp-back-1        | [34.4] Ramp_Back FINAL_GUARD: REJECTED slot-boundary ETA sid=106
obu-ramp-back-1        | [34.4] Ramp_Back MERGE_COMMIT_SAFETY_HOLD: lgok=False hgok=True fgok=False edge=34126779 lane=0 target_lane=1 speed=6.08 lane_cmd_state=WAIT_EDGE lane_cmd_executable=False lane_cmd_edge=34126779 lane_cmd_lane_count=1
obu-ramp-merge-5-1     | [34.5] Ramp_Merge_5 MERGE_COMMIT_WAIT_LANE_AVAILABLE: edge=:390064918_0 lane=0 target_lane=1 lane_count=1 executable=False speed=3.71 dtm=5.0
obu-ramp-merge-5-1     | [34.6] Ramp_Merge_5 MERGE_LANE_APPLY_CONFIRMED: edge=1331698336 lane=0 target_lane=1 lane_count=3 executable=True
obu-ramp-merge-5-1     | MERGE_ATTEMPT_TIMELINE: vehicle=Ramp_Merge_5 manoeuvre=128 host=105 lead=None event=CLEAR t=34.7 edge=1331698336 lane=1 lane_cmd_state=CLEAR speed=3.56 target=3.89 dtm=2.7 lead_gap= host_gap=50.40 lead_gap_t1= lead_gap_t2= lead_gap_t3= host_gap_t1=50.40 host_gap_t2=50.40 host_gap_t3=50.40
obu-ramp-merge-5-1     | [34.7] Ramp_Merge_5 MERGE_LANE_CLEAR_CONFIRMED: edge=1331698336 lane=1 target_lane=1 lane_count=3 executable=False
obu-ramp-merge-4-1     | [34.6] Ramp_Merge_4 FINAL_GUARD: REJECTED sid=106 gap=6.5
obu-ramp-merge-4-1     | [34.6] Ramp_Merge_4 role=merge state=ABORT->ABORT speed=3.25 target=3.00 neighbors=10
obu-ramp-merge-5-1     | [34.7] Ramp_Merge_5 MCM_RX_ACCEPT: from=105 manoeuvre=128 target=111
obu-ramp-back-1        | [34.6] Ramp_Back MERGE_COMMIT_WAIT_LANE_AVAILABLE: edge=34126779 lane=0 target_lane=1 lane_count=1 executable=False speed=5.70 dtm=23.4
obu-ramp-back-1        | [34.6] Ramp_Back FINAL_GUARD: REJECTED slot-boundary ETA sid=106
obu-ramp-back-1        | [34.6] Ramp_Back MERGE_COMMIT_SAFETY_HOLD: lgok=False hgok=True fgok=False edge=34126779 lane=0 target_lane=1 speed=5.70 lane_cmd_state=WAIT_EDGE lane_cmd_executable=False lane_cmd_edge=34126779 lane_cmd_lane_count=1
obu-ramp-back-1        | [34.6] Ramp_Back role=merge state=MERGING->MERGING speed=5.53 target=2.25 neighbors=10
obu-host-car-1         | [34.8] Host_Car MCM_RX_REQUEST: from=110 manoeuvre=98 target=104
obu-main-back-right-1  | [34.4] Main_Back_Right role=cruise state=CRUISE->CRUISE speed=7.40 target=7.50 neighbors=10
obu-host-car-1         | [34.8] Host_Car MCM_RX_REQUEST: from=110 manoeuvre=98 target=104
obu-main-back-left-1   | [34.8] Main_Back_Left MCM_RX_REQUEST: from=111 manoeuvre=128 target=105
traci-bridge-1         | LANE_CMD_STATE veh=Ramp_Merge_4 edge=1331698336 lane=0 target=1 lane_count=3 recently=False speed=4.17
traci-bridge-1         | LANE_CMD_APPLY veh=Ramp_Merge_4 edge=1331698336 from_lane=0 target=1 duration=2.00 mode=256 speed=4.17
traci-bridge-1         | LANE_CMD_STATE veh=Ramp_Merge_4 edge=1331698336 lane=0 target=1 lane_count=3 recently=True speed=4.16
traci-bridge-1         | LANE_CMD_STATE veh=Ramp_Merge_4 edge=1331698336 lane=0 target=1 lane_count=3 recently=True speed=4.16
traci-bridge-1         | LANE_CMD_STATE veh=Ramp_Merge_4 edge=1331698336 lane=0 target=1 lane_count=3 recently=True speed=4.16
traci-bridge-1         | LANE_CMD_STATE veh=Ramp_Merge_4 edge=1331698336 lane=0 target=1 lane_count=3 recently=True speed=4.16
traci-bridge-1         | LANE_CMD_STATE veh=Ramp_Merge_4 edge=1331698336 lane=0 target=1 lane_count=3 recently=True speed=4.16
traci-bridge-1         | LANE_CMD_STATE veh=Ramp_Merge_4 edge=1331698336 lane=0 target=1 lane_count=3 recently=True speed=4.16
traci-bridge-1         | LANE_CMD_STATE veh=Ramp_Merge_4 edge=1331698336 lane=0 target=1 lane_count=3 recently=True speed=4.15
traci-bridge-1         | LANE_CMD_STATE veh=Ramp_Merge_4 edge=1331698336 lane=0 target=1 lane_count=3 recently=True speed=4.15
traci-bridge-1         | LANE_CMD_STATE veh=Ramp_Merge_4 edge=1331698336 lane=0 target=1 lane_count=3 recently=True speed=4.15
traci-bridge-1         | LANE_CMD_STATE veh=Ramp_Merge_4 edge=1331698336 lane=0 target=1 lane_count=3 recently=True speed=4.15
traci-bridge-1         | LANE_CMD_STATE veh=Ramp_Merge_4 edge=1331698336 lane=0 target=1 lane_count=3 recently=True speed=4.15
traci-bridge-1         | LANE_CMD_STATE veh=Ramp_Merge_4 edge=1331698336 lane=0 target=1 lane_count=3 recently=True speed=4.15
traci-bridge-1         | LANE_CMD_STATE veh=Ramp_Merge_4 edge=1331698336 lane=0 target=1 lane_count=3 recently=True speed=4.15
traci-bridge-1         | LANE_CMD_STATE veh=Ramp_Merge_4 edge=1331698336 lane=0 target=1 lane_count=3 recently=True speed=4.15
traci-bridge-1         | LANE_CMD_STATE veh=Ramp_Merge_4 edge=1331698336 lane=0 target=1 lane_count=3 recently=True speed=4.14
traci-bridge-1         | LANE_CMD_STATE veh=Ramp_Merge_4 edge=1331698336 lane=0 target=1 lane_count=3 recently=True speed=4.14
traci-bridge-1         | LANE_CMD_STATE veh=Ramp_Merge_4 edge=1331698336 lane=0 target=1 lane_count=3 recently=True speed=4.12
traci-bridge-1         | LANE_CMD_STATE veh=Ramp_Merge_4 edge=1331698336 lane=0 target=1 lane_count=3 recently=True speed=4.10
traci-bridge-1         | LANE_CMD_STATE veh=Ramp_Merge_4 edge=1331698336 lane=0 target=1 lane_count=3 recently=True speed=4.08
traci-bridge-1         | LANE_CMD_STATE veh=Ramp_Merge_4 edge=1331698336 lane=0 target=1 lane_count=3 recently=True speed=4.06
traci-bridge-1         | LANE_CMD_STATE veh=Ramp_Merge_4 edge=1331698336 lane=0 target=1 lane_count=3 recently=True speed=4.04
traci-bridge-1         | LANE_CMD_STATE veh=Ramp_Merge_4 edge=1331698336 lane=0 target=1 lane_count=3 recently=True speed=4.02
traci-bridge-1         | LANE_CMD_STATE veh=Ramp_Merge_4 edge=1331698336 lane=0 target=1 lane_count=3 recently=True speed=4.00
traci-bridge-1         | LANE_CMD_STATE veh=Ramp_Merge_4 edge=1331698336 lane=0 target=1 lane_count=3 recently=True speed=3.98
traci-bridge-1         | LANE_CMD_STATE veh=Ramp_Merge_4 edge=1331698336 lane=0 target=1 lane_count=3 recently=True speed=3.81
traci-bridge-1         | LANE_CMD_STATE veh=Ramp_Merge_4 edge=1331698336 lane=0 target=1 lane_count=3 recently=True speed=3.64
traci-bridge-1         | LANE_CMD_STATE veh=Ramp_Merge_4 edge=1331698336 lane=0 target=1 lane_count=3 recently=True speed=3.65
traci-bridge-1         | LANE_CMD_STATE veh=Ramp_Merge_4 edge=1331698336 lane=0 target=1 lane_count=3 recently=True speed=3.64
traci-bridge-1         | LANE_CMD_STATE veh=Ramp_Back edge=34126779 lane=0 target=1 lane_count=1 recently=False speed=6.42
traci-bridge-1         | LANE_CMD_WAIT_EDGE veh=Ramp_Back edge=34126779 lane=0 target=1 lane_count=1
traci-bridge-1         | LANE_CMD_STATE veh=Ramp_Merge_4 edge=1331698336 lane=0 target=1 lane_count=3 recently=True speed=3.64
traci-bridge-1         | LANE_CMD_STATE veh=Ramp_Back edge=34126779 lane=0 target=1 lane_count=1 recently=False speed=6.43
traci-bridge-1         | LANE_CMD_WAIT_EDGE veh=Ramp_Back edge=34126779 lane=0 target=1 lane_count=1
traci-bridge-1         | LANE_CMD_STATE veh=Ramp_Merge_4 edge=1331698336 lane=0 target=1 lane_count=3 recently=True speed=3.63
traci-bridge-1         | LANE_CMD_STATE veh=Ramp_Back edge=34126779 lane=0 target=1 lane_count=1 recently=False speed=6.44
traci-bridge-1         | LANE_CMD_WAIT_EDGE veh=Ramp_Back edge=34126779 lane=0 target=1 lane_count=1
traci-bridge-1         | LANE_CMD_STATE veh=Ramp_Merge_4 edge=1331698336 lane=0 target=1 lane_count=3 recently=True speed=3.62
traci-bridge-1         | LANE_CMD_STATE veh=Ramp_Back edge=34126779 lane=0 target=1 lane_count=1 recently=False speed=6.44
traci-bridge-1         | LANE_CMD_WAIT_EDGE veh=Ramp_Back edge=34126779 lane=0 target=1 lane_count=1
traci-bridge-1         | LANE_CMD_STATE veh=Ramp_Merge_4 edge=1331698336 lane=0 target=1 lane_count=3 recently=True speed=3.60
traci-bridge-1         | LANE_CMD_STATE veh=Ramp_Back edge=34126779 lane=0 target=1 lane_count=1 recently=False speed=6.45
traci-bridge-1         | LANE_CMD_WAIT_EDGE veh=Ramp_Back edge=34126779 lane=0 target=1 lane_count=1
traci-bridge-1         | LANE_CMD_STATE veh=Ramp_Merge_4 edge=1331698336 lane=0 target=1 lane_count=3 recently=True speed=3.59
traci-bridge-1         | LANE_CMD_STATE veh=Ramp_Back edge=34126779 lane=0 target=1 lane_count=1 recently=False speed=6.46
traci-bridge-1         | LANE_CMD_WAIT_EDGE veh=Ramp_Back edge=34126779 lane=0 target=1 lane_count=1
traci-bridge-1         | LANE_CMD_STATE veh=Ramp_Merge_4 edge=1331698336 lane=0 target=1 lane_count=3 recently=True speed=3.58
traci-bridge-1         | LANE_CMD_STATE veh=Ramp_Back edge=34126779 lane=0 target=1 lane_count=1 recently=False speed=6.47
traci-bridge-1         | LANE_CMD_WAIT_EDGE veh=Ramp_Back edge=34126779 lane=0 target=1 lane_count=1
traci-bridge-1         | LANE_CMD_STATE veh=Ramp_Merge_4 edge=1331698336 lane=0 target=1 lane_count=3 recently=True speed=3.57
traci-bridge-1         | LANE_CMD_STATE veh=Ramp_Back edge=34126779 lane=0 target=1 lane_count=1 recently=False speed=6.47
traci-bridge-1         | LANE_CMD_WAIT_EDGE veh=Ramp_Back edge=34126779 lane=0 target=1 lane_count=1
traci-bridge-1         | LANE_CMD_STATE veh=Ramp_Merge_4 edge=1331698336 lane=0 target=1 lane_count=3 recently=True speed=3.56
traci-bridge-1         | LANE_CMD_STATE veh=Ramp_Back edge=34126779 lane=0 target=1 lane_count=1 recently=False speed=6.48
traci-bridge-1         | LANE_CMD_WAIT_EDGE veh=Ramp_Back edge=34126779 lane=0 target=1 lane_count=1
traci-bridge-1         | LANE_CMD_STATE veh=Ramp_Merge_4 edge=1331698336 lane=0 target=1 lane_count=3 recently=True speed=3.55
traci-bridge-1         | LANE_CMD_STATE veh=Ramp_Back edge=34126779 lane=0 target=1 lane_count=1 recently=False speed=6.49
traci-bridge-1         | LANE_CMD_WAIT_EDGE veh=Ramp_Back edge=34126779 lane=0 target=1 lane_count=1
traci-bridge-1         | LANE_CMD_STATE veh=Ramp_Merge_4 edge=1331698336 lane=0 target=1 lane_count=3 recently=True speed=3.54
traci-bridge-1         | LANE_CMD_STATE veh=Ramp_Merge_5 edge=:390064918_0 lane=0 target=1 lane_count=1 recently=False speed=3.83
traci-bridge-1         | LANE_CMD_WAIT_EDGE veh=Ramp_Merge_5 edge=:390064918_0 lane=0 target=1 lane_count=1
traci-bridge-1         | LANE_CMD_STATE veh=Ramp_Back edge=34126779 lane=0 target=1 lane_count=1 recently=False speed=6.28
traci-bridge-1         | LANE_CMD_WAIT_EDGE veh=Ramp_Back edge=34126779 lane=0 target=1 lane_count=1
traci-bridge-1         | LANE_CMD_STATE veh=Ramp_Merge_4 edge=1331698336 lane=0 target=1 lane_count=3 recently=True speed=3.39
traci-bridge-1         | LANE_CMD_STATE veh=Ramp_Merge_5 edge=:390064918_0 lane=0 target=1 lane_count=1 recently=False speed=3.69
traci-bridge-1         | LANE_CMD_WAIT_EDGE veh=Ramp_Merge_5 edge=:390064918_0 lane=0 target=1 lane_count=1
traci-bridge-1         | LANE_CMD_STATE veh=Ramp_Back edge=34126779 lane=0 target=1 lane_count=1 recently=False speed=6.08
traci-bridge-1         | LANE_CMD_WAIT_EDGE veh=Ramp_Back edge=34126779 lane=0 target=1 lane_count=1
traci-bridge-1         | LANE_CMD_STATE veh=Ramp_Merge_4 edge=1331698336 lane=0 target=1 lane_count=3 recently=True speed=3.24
traci-bridge-1         | LANE_CMD_STATE veh=Ramp_Merge_5 edge=:390064918_0 lane=0 target=1 lane_count=1 recently=False speed=3.71
traci-bridge-1         | LANE_CMD_WAIT_EDGE veh=Ramp_Merge_5 edge=:390064918_0 lane=0 target=1 lane_count=1
traci-bridge-1         | LANE_CMD_STATE veh=Ramp_Back edge=34126779 lane=0 target=1 lane_count=1 recently=False speed=5.89
traci-bridge-1         | LANE_CMD_WAIT_EDGE veh=Ramp_Back edge=34126779 lane=0 target=1 lane_count=1
traci-bridge-1         | LANE_CMD_STATE veh=Ramp_Merge_4 edge=1331698336 lane=0 target=1 lane_count=3 recently=True speed=3.25
traci-bridge-1         | LANE_CMD_STATE veh=Ramp_Merge_5 edge=1331698336 lane=0 target=1 lane_count=3 recently=False speed=3.55
traci-bridge-1         | LANE_CMD_APPLY veh=Ramp_Merge_5 edge=1331698336 from_lane=0 target=1 duration=2.00 mode=256 speed=3.55
traci-bridge-1         | LANE_CMD_STATE veh=Ramp_Back edge=34126779 lane=0 target=1 lane_count=1 recently=False speed=5.70
traci-bridge-1         | LANE_CMD_WAIT_EDGE veh=Ramp_Back edge=34126779 lane=0 target=1 lane_count=1
traci-bridge-1         | LANE_CMD_STATE veh=Ramp_Merge_4 edge=1331698336 lane=0 target=1 lane_count=3 recently=True speed=3.25
traci-bridge-1         | LANE_CMD_STATE veh=Ramp_Merge_5 edge=1331698336 lane=1 target=1 lane_count=3 recently=True speed=3.56
traci-bridge-1         | LANE_CMD_CLEAR veh=Ramp_Merge_5 edge=1331698336 target=1
traci-bridge-1         | LANE_CMD_STATE veh=Ramp_Back edge=34126779 lane=0 target=1 lane_count=1 recently=False speed=5.53
traci-bridge-1         | LANE_CMD_WAIT_EDGE veh=Ramp_Back edge=34126779 lane=0 target=1 lane_count=1
traci-bridge-1         | LANE_CMD_STATE veh=Ramp_Merge_4 edge=1331698336 lane=0 target=1 lane_count=3 recently=True speed=3.24
obu-host-car-1         | HOST_RESERVATION_START: host=Host_Car ramp=110 manoeuvre=98 until=38.8 own_speed=7.48 target_speed=7.48 required_speed=7.48 gap_eta=12.17
obu-host-car-1         | [34.8] Host_Car HOST_RESERVED: merge=110 manoeuvre=98 until=38.8 target_spd=7.48
obu-host-car-1         | [34.8] Host_Car MCM_TX_ACCEPT: manoeuvre=98 target=110
obu-ramp-merge-5-1     | MERGE_ATTEMPT_TIMELINE: vehicle=Ramp_Merge_5 manoeuvre=128 host=105 lead=None event=COMPLETED t=34.7 edge=1331698336 lane=1 lane_cmd_state=CLEAR speed=3.56 target=6.75 dtm=2.7 lead_gap= host_gap=53.24 lead_gap_t1= lead_gap_t2= lead_gap_t3= host_gap_t1=53.24 host_gap_t2=53.24 host_gap_t3=53.24
obu-ramp-merge-5-1     | [34.7] Ramp_Merge_5 MERGE_COMPLETED: eid=1331698336 lane=1 clean=True
obu-main-mid-right-1   | [34.8] Main_Mid_Right role=cruise state=CRUISE->CRUISE speed=6.94 target=7.50 neighbors=10
obu-main-back-left-1   | HOST_RESERVATION_EXTEND_UNTIL_CLEAR: host=Main_Back_Left ramp=111 manoeuvre=128 new_remaining=4.0 ramp_lcs=WAIT_EDGE ramp_edge=:390064918_0
obu-main-back-left-1   | HOST_RESERVATION_HOLD: host=Main_Back_Left ramp=111 manoeuvre=128 remaining=4.0 own_speed=7.50 target_speed=7.49 ramp_fsm=MERGING ramp_lane_cmd_state=WAIT_EDGE ramp_edge=:390064918_0 ramp_lane=0 ramp_merge_completed=False ramp_merge_committed=True
obu-main-back-left-1   | [34.8] Main_Back_Left HOST_HOLD_YIELD: for merge=111 spd=7.49
obu-main-back-left-1   | [34.8] Main_Back_Left MCM_TX_ACCEPT: manoeuvre=128 target=111
obu-main-back-left-1   | [34.8] Main_Back_Left role=host state=YIELDING->YIELDING speed=7.50 target=7.49 neighbors=10
obu-ramp-merge-4-1     | [34.7] Ramp_Merge_4 FINAL_GUARD: REJECTED sid=106 gap=7.6
obu-ramp-back-1        | [34.8] Ramp_Back MERGE_COMMIT_WAIT_LANE_AVAILABLE: edge=34126779 lane=0 target_lane=1 lane_count=1 executable=False speed=5.37 dtm=22.3
obu-ramp-back-1        | [34.8] Ramp_Back FINAL_GUARD: REJECTED slot-boundary ETA sid=106
obu-ramp-back-1        | [34.8] Ramp_Back MERGE_COMMIT_SAFETY_HOLD: lgok=False hgok=True fgok=False edge=34126779 lane=0 target_lane=1 speed=5.37 lane_cmd_state=WAIT_EDGE lane_cmd_executable=False lane_cmd_edge=34126779 lane_cmd_lane_count=1
obu-host-car-1         | HOST_RESERVATION_EXTEND_UNTIL_CLEAR: host=Host_Car ramp=110 manoeuvre=98 new_remaining=4.0 ramp_lcs=APPLY ramp_edge=1331698336
obu-host-car-1         | HOST_RESERVATION_HOLD: host=Host_Car ramp=110 manoeuvre=98 remaining=4.0 own_speed=7.48 target_speed=7.48 ramp_fsm=ABORT ramp_lane_cmd_state=APPLY ramp_edge=1331698336 ramp_lane=0 ramp_merge_completed=False ramp_merge_committed=False
obu-host-car-1         | [34.9] Host_Car HOST_HOLD_YIELD: for merge=110 spd=7.48
obu-main-back-left-1   | HOST_RESERVATION_RELEASE_AFTER_CLEAR: host=Main_Back_Left ramp=111 manoeuvre=128 reason=completed ramp_fsm=CRUISE ramp_lcs=CLEAR ramp_edge=1331698336 ramp_merge_completed=True
obu-main-back-left-1   | HOST_RESERVATION_START: host=Main_Back_Left ramp=111 manoeuvre=128 until=38.9 own_speed=7.50 target_speed=7.50 required_speed=7.50 gap_eta=9.60
obu-main-back-left-1   | [34.9] Main_Back_Left HOST_RESERVED: merge=111 manoeuvre=128 until=38.9 target_spd=7.50
obu-ramp-merge-4-1     | [34.9] Ramp_Merge_4 MCM_TX_REQUEST: manoeuvre=98 target=104
obu-ramp-merge-4-1     | [34.9] Ramp_Merge_4 FINAL_GUARD: REJECTED sid=106 gap=7.0
obu-ramp-back-1        | [34.9] Ramp_Back MERGE_COMMIT_WAIT_LANE_AVAILABLE: edge=34126779 lane=0 target_lane=1 lane_count=1 executable=False speed=5.21 dtm=21.8
obu-ramp-back-1        | [34.9] Ramp_Back FINAL_GUARD: REJECTED slot-boundary ETA sid=106
obu-ramp-back-1        | [34.9] Ramp_Back MERGE_COMMIT_SAFETY_HOLD: lgok=False hgok=True fgok=False edge=34126779 lane=0 target_lane=1 speed=5.21 lane_cmd_state=WAIT_EDGE lane_cmd_executable=False lane_cmd_edge=34126779 lane_cmd_lane_count=1
obu-host-car-1         | HOST_RESERVATION_EXTEND_UNTIL_CLEAR: host=Host_Car ramp=110 manoeuvre=98 new_remaining=4.0 ramp_lcs=APPLY ramp_edge=1331698336
obu-host-car-1         | HOST_RESERVATION_HOLD: host=Host_Car ramp=110 manoeuvre=98 remaining=4.0 own_speed=7.48 target_speed=7.48 ramp_fsm=ABORT ramp_lane_cmd_state=APPLY ramp_edge=1331698336 ramp_lane=0 ramp_merge_completed=False ramp_merge_committed=False
obu-host-car-1         | [35.0] Host_Car HOST_HOLD_YIELD: for merge=110 spd=7.48
obu-main-back-left-1   | HOST_RESERVATION_RELEASE_AFTER_CLEAR: host=Main_Back_Left ramp=111 manoeuvre=128 reason=completed ramp_fsm=CRUISE ramp_lcs=CLEAR ramp_edge=1331698336 ramp_merge_completed=True
obu-main-back-left-1   | HOST_RESERVATION_START: host=Main_Back_Left ramp=111 manoeuvre=128 until=39.1 own_speed=7.50 target_speed=7.50 required_speed=7.50 gap_eta=9.80
obu-main-back-left-1   | [35.1] Main_Back_Left HOST_RESERVED: merge=111 manoeuvre=128 until=39.1 target_spd=7.50
obu-lead-car-1         | [35.1] Lead_Car role=cruise state=CRUISE->CRUISE speed=7.50 target=7.50 neighbors=10
obu-main-back-left-1   | [35.1] Main_Back_Left MCM_TX_ACCEPT: manoeuvre=128 target=111
obu-ramp-merge-4-1     | [35.0] Ramp_Merge_4 FINAL_GUARD: REJECTED sid=106 gap=6.7
obu-ramp-back-1        | [35.0] Ramp_Back MERGE_COMMIT_WAIT_LANE_AVAILABLE: edge=34126779 lane=0 target_lane=1 lane_count=1 executable=False speed=5.06 dtm=21.3
obu-ramp-back-1        | [35.0] Ramp_Back FINAL_GUARD: REJECTED slot-boundary ETA sid=106
obu-ramp-back-1        | [35.0] Ramp_Back MERGE_COMMIT_SAFETY_HOLD: lgok=False hgok=True fgok=False edge=34126779 lane=0 target_lane=1 speed=5.06 lane_cmd_state=WAIT_EDGE lane_cmd_executable=False lane_cmd_edge=34126779 lane_cmd_lane_count=1
obu-host-car-1         | HOST_RESERVATION_EXTEND_UNTIL_CLEAR: host=Host_Car ramp=110 manoeuvre=98 new_remaining=4.0 ramp_lcs=APPLY ramp_edge=1331698336
obu-host-car-1         | HOST_RESERVATION_HOLD: host=Host_Car ramp=110 manoeuvre=98 remaining=4.0 own_speed=7.48 target_speed=7.48 ramp_fsm=ABORT ramp_lane_cmd_state=APPLY ramp_edge=1331698336 ramp_lane=0 ramp_merge_completed=False ramp_merge_committed=False
obu-host-car-1         | [35.2] Host_Car HOST_HOLD_YIELD: for merge=110 spd=7.48
obu-host-car-1         | [35.2] Host_Car MCM_TX_ACCEPT: manoeuvre=98 target=110
obu-host-car-1         | [35.2] Host_Car role=host state=YIELDING->YIELDING speed=7.48 target=7.48 neighbors=10
obu-ramp-merge-5-1     | [35.3] Ramp_Merge_5 MCM_RX_ACCEPT: from=105 manoeuvre=128 target=111
obu-ramp-merge-4-1     | [35.3] Ramp_Merge_4 MCM_RX_ACCEPT: from=104 manoeuvre=98 target=110
obu-main-back-left-1   | HOST_RESERVATION_RELEASE_AFTER_CLEAR: host=Main_Back_Left ramp=111 manoeuvre=128 reason=completed ramp_fsm=CRUISE ramp_lcs=CLEAR ramp_edge=1331698336 ramp_merge_completed=True
obu-main-back-left-1   | HOST_RESERVATION_START: host=Main_Back_Left ramp=111 manoeuvre=128 until=39.3 own_speed=7.50 target_speed=7.50 required_speed=7.50 gap_eta=10.51
obu-main-back-left-1   | [35.3] Main_Back_Left HOST_RESERVED: merge=111 manoeuvre=128 until=39.3 target_spd=7.50
obu-ramp-merge-4-1     | [35.3] Ramp_Merge_4 MCM_TX_REQUEST: manoeuvre=98 target=104
obu-ramp-merge-4-1     | MERGE_ATTEMPT_TIMELINE: vehicle=Ramp_Merge_4 manoeuvre=98 host=104 lead=105 event=ACCEPT_MATCHED t=35.3 edge=1331698336 lane=0 lane_cmd_state=APPLY speed=3.18 target=6.75 dtm=20.3 lead_gap=58.70 host_gap=102.91 lead_gap_t1=58.70 lead_gap_t2=58.70 lead_gap_t3=58.70 host_gap_t1=102.91 host_gap_t2=102.91 host_gap_t3=102.91
obu-ramp-merge-4-1     | [35.3] Ramp_Merge_4 MCM_ACCEPT_MATCHED: host=104 manoeuvre=98
obu-ramp-back-1        | [35.2] Ramp_Back MERGE_COMMIT_WAIT_LANE_AVAILABLE: edge=34126779 lane=0 target_lane=1 lane_count=1 executable=False speed=4.79 dtm=20.3
obu-ramp-back-1        | [35.2] Ramp_Back FINAL_GUARD: REJECTED slot-boundary ETA sid=106
obu-ramp-back-1        | [35.2] Ramp_Back MERGE_COMMIT_SAFETY_HOLD: lgok=False hgok=True fgok=False edge=34126779 lane=0 target_lane=1 speed=4.79 lane_cmd_state=WAIT_EDGE lane_cmd_executable=False lane_cmd_edge=34126779 lane_cmd_lane_count=1
obu-ramp-merge-2-1     | [35.3] Ramp_Merge_2 role=cruise state=CRUISE->CRUISE speed=7.50 target=7.50 neighbors=10
obu-ramp-merge-5-1     | [35.3] Ramp_Merge_5 MCM_RX_ACCEPT: from=105 manoeuvre=128 target=111
obu-host-car-1         | [35.3] Host_Car MCM_RX_REQUEST: from=110 manoeuvre=98 target=104
obu-host-car-1         | [35.4] Host_Car MCM_RX_REQUEST: from=110 manoeuvre=98 target=104
obu-ramp-merge-5-1     | [35.4] Ramp_Merge_5 role=host state=CRUISE->CRUISE speed=4.48 target=7.50 neighbors=10
obu-merge-car-1        | [35.4] Merge_Car role=cruise state=CRUISE->CRUISE speed=7.50 target=7.50 neighbors=10
obu-host-car-1         | HOST_RESERVATION_EXTEND_UNTIL_CLEAR: host=Host_Car ramp=110 manoeuvre=98 new_remaining=4.0 ramp_lcs=APPLY ramp_edge=1331698336
obu-host-car-1         | HOST_RESERVATION_HOLD: host=Host_Car ramp=110 manoeuvre=98 remaining=4.0 own_speed=7.48 target_speed=7.48 ramp_fsm=ABORT ramp_lane_cmd_state=APPLY ramp_edge=1331698336 ramp_lane=0 ramp_merge_completed=False ramp_merge_committed=False
obu-host-car-1         | [35.5] Host_Car HOST_HOLD_YIELD: for merge=110 spd=7.48
obu-host-car-1         | [35.5] Host_Car MCM_TX_ACCEPT: manoeuvre=98 target=110
obu-ramp-merge-3-1     | [35.4] Ramp_Merge_3 role=cruise state=CRUISE->CRUISE speed=7.45 target=7.50 neighbors=10
obu-main-back-left-1   | HOST_RESERVATION_RELEASE_AFTER_CLEAR: host=Main_Back_Left ramp=111 manoeuvre=128 reason=completed ramp_fsm=CRUISE ramp_lcs=CLEAR ramp_edge=1331698336 ramp_merge_completed=True
obu-main-back-left-1   | HOST_RESERVATION_START: host=Main_Back_Left ramp=111 manoeuvre=128 until=39.4 own_speed=7.50 target_speed=7.50 required_speed=7.50 gap_eta=10.60
obu-main-back-left-1   | [35.4] Main_Back_Left HOST_RESERVED: merge=111 manoeuvre=128 until=39.4 target_spd=7.50
obu-main-back-left-1   | [35.4] Main_Back_Left MCM_TX_ACCEPT: manoeuvre=128 target=111
obu-ramp-merge-4-1     | [35.4] Ramp_Merge_4 MCM_RX_ACCEPT: from=104 manoeuvre=98 target=110
obu-main-back-right-1  | [35.4] Main_Back_Right role=cruise state=CRUISE->CRUISE speed=7.44 target=7.50 neighbors=10
obu-ramp-back-1        | [35.4] Ramp_Back MERGE_COMMIT_WAIT_LANE_AVAILABLE: edge=34126779 lane=0 target_lane=1 lane_count=1 executable=False speed=4.54 dtm=19.4
obu-ramp-back-1        | [35.4] Ramp_Back FINAL_GUARD: REJECTED slot-boundary ETA sid=106
obu-ramp-back-1        | [35.4] Ramp_Back MERGE_COMMIT_SAFETY_HOLD: lgok=False hgok=True fgok=False edge=34126779 lane=0 target_lane=1 speed=4.54 lane_cmd_state=WAIT_EDGE lane_cmd_executable=False lane_cmd_edge=34126779 lane_cmd_lane_count=1
obu-host-car-1         | HOST_RESERVATION_EXTEND_UNTIL_CLEAR: host=Host_Car ramp=110 manoeuvre=98 new_remaining=4.0 ramp_lcs=APPLY ramp_edge=1331698336
obu-host-car-1         | HOST_RESERVATION_HOLD: host=Host_Car ramp=110 manoeuvre=98 remaining=4.0 own_speed=7.48 target_speed=7.48 ramp_fsm=ABORT ramp_lane_cmd_state=APPLY ramp_edge=1331698336 ramp_lane=0 ramp_merge_completed=False ramp_merge_committed=False
obu-host-car-1         | [35.6] Host_Car HOST_HOLD_YIELD: for merge=110 spd=7.48
obu-main-back-left-1   | HOST_RESERVATION_RELEASE_AFTER_CLEAR: host=Main_Back_Left ramp=111 manoeuvre=128 reason=completed ramp_fsm=CRUISE ramp_lcs=CLEAR ramp_edge=1331698336 ramp_merge_completed=True
obu-main-back-left-1   | HOST_RESERVATION_START: host=Main_Back_Left ramp=111 manoeuvre=128 until=39.6 own_speed=7.50 target_speed=7.50 required_speed=7.50 gap_eta=10.80
obu-main-back-left-1   | [35.6] Main_Back_Left HOST_RESERVED: merge=111 manoeuvre=128 until=39.6 target_spd=7.50
obu-ramp-merge-4-1     | MERGE_ATTEMPT_TIMELINE: vehicle=Ramp_Merge_4 manoeuvre=98 host=106 lead=105 event=CLEAR t=35.6 edge=1331698336 lane=1 lane_cmd_state=CLEAR speed=3.16 target=3.00 dtm=20.8 lead_gap=59.24 host_gap=8.38 lead_gap_t1=59.24 lead_gap_t2=59.24 lead_gap_t3=59.24 host_gap_t1=8.38 host_gap_t2=8.38 host_gap_t3=8.38
obu-ramp-merge-4-1     | [35.6] Ramp_Merge_4 MERGE_LANE_CLEAR_CONFIRMED: edge=1331698336 lane=1 target_lane=1 lane_count=3 executable=False
obu-ramp-back-1        | [35.5] Ramp_Back MERGE_COMMIT_WAIT_LANE_AVAILABLE: edge=34126779 lane=0 target_lane=1 lane_count=1 executable=False speed=4.43 dtm=19.0
obu-ramp-back-1        | [35.5] Ramp_Back FINAL_GUARD: REJECTED slot-boundary ETA sid=106
obu-ramp-back-1        | [35.5] Ramp_Back MERGE_COMMIT_SAFETY_HOLD: lgok=False hgok=True fgok=False edge=34126779 lane=0 target_lane=1 speed=4.43 lane_cmd_state=WAIT_EDGE lane_cmd_executable=False lane_cmd_edge=34126779 lane_cmd_lane_count=1
obu-host-car-1         | HOST_RESERVATION_EXTEND_UNTIL_CLEAR: host=Host_Car ramp=110 manoeuvre=98 new_remaining=4.0 ramp_lcs=APPLY ramp_edge=1331698336
obu-host-car-1         | HOST_RESERVATION_HOLD: host=Host_Car ramp=110 manoeuvre=98 remaining=4.0 own_speed=7.48 target_speed=7.48 ramp_fsm=ABORT ramp_lane_cmd_state=APPLY ramp_edge=1331698336 ramp_lane=0 ramp_merge_completed=False ramp_merge_committed=False
obu-host-car-1         | [35.8] Host_Car HOST_HOLD_YIELD: for merge=110 spd=7.48
obu-host-car-1         | [35.8] Host_Car MCM_TX_ACCEPT: manoeuvre=98 target=110
obu-main-mid-right-1   | [35.8] Main_Mid_Right role=cruise state=CRUISE->CRUISE speed=7.17 target=7.50 neighbors=10
obu-main-back-left-1   | HOST_RESERVATION_RELEASE_AFTER_CLEAR: host=Main_Back_Left ramp=111 manoeuvre=128 reason=completed ramp_fsm=CRUISE ramp_lcs=CLEAR ramp_edge=1331698336 ramp_merge_completed=True
obu-main-back-left-1   | HOST_RESERVATION_START: host=Main_Back_Left ramp=111 manoeuvre=128 until=39.8 own_speed=7.50 target_speed=7.50 required_speed=7.50 gap_eta=11.00
obu-main-back-left-1   | [35.8] Main_Back_Left HOST_RESERVED: merge=111 manoeuvre=128 until=39.8 target_spd=7.50
obu-main-back-left-1   | [35.8] Main_Back_Left MCM_TX_ACCEPT: manoeuvre=128 target=111
obu-main-back-left-1   | [35.8] Main_Back_Left role=host state=CRUISE->CRUISE speed=7.50 target=7.50 neighbors=10
obu-ramp-merge-4-1     | MERGE_ATTEMPT_TIMELINE: vehicle=Ramp_Merge_4 manoeuvre=98 host=106 lead=105 event=COMPLETED t=35.7 edge=1331698336 lane=1 lane_cmd_state=CLEAR speed=3.11 target=3.00 dtm=21.1 lead_gap=58.93 host_gap=8.07 lead_gap_t1=58.93 lead_gap_t2=58.93 lead_gap_t3=58.93 host_gap_t1=8.07 host_gap_t2=8.07 host_gap_t3=8.07
obu-ramp-merge-4-1     | [35.7] Ramp_Merge_4 MERGE_COMPLETED: eid=1331698336 lane=1 clean=True
obu-ramp-merge-4-1     | [35.7] Ramp_Merge_4 role=cruise state=CRUISE->CRUISE speed=3.11 target=7.50 neighbors=10
obu-ramp-back-1        | [35.7] Ramp_Back MERGE_COMMIT_WAIT_LANE_AVAILABLE: edge=34126779 lane=0 target_lane=1 lane_count=1 executable=False speed=4.21 dtm=18.1
obu-ramp-back-1        | [35.7] Ramp_Back FINAL_GUARD: REJECTED slot-boundary ETA sid=106
obu-ramp-back-1        | [35.7] Ramp_Back MERGE_COMMIT_SAFETY_HOLD: lgok=False hgok=True fgok=False edge=34126779 lane=0 target_lane=1 speed=4.21 lane_cmd_state=WAIT_EDGE lane_cmd_executable=False lane_cmd_edge=34126779 lane_cmd_lane_count=1
obu-ramp-back-1        | [35.7] Ramp_Back role=merge state=MERGING->MERGING speed=4.21 target=2.25 neighbors=10
obu-main-back-left-1   | HOST_RESERVATION_RELEASE_AFTER_CLEAR: host=Main_Back_Left ramp=111 manoeuvre=128 reason=completed ramp_fsm=CRUISE ramp_lcs=CLEAR ramp_edge=1331698336 ramp_merge_completed=True
obu-ramp-back-1        | [36.0] Ramp_Back MERGE_COMMIT_WAIT_LANE_AVAILABLE: edge=34126779 lane=0 target_lane=1 lane_count=1 executable=False speed=3.93 dtm=16.9
obu-ramp-back-1        | [36.0] Ramp_Back FINAL_GUARD: REJECTED slot-boundary ETA sid=106
obu-ramp-back-1        | [36.0] Ramp_Back MERGE_COMMIT_SAFETY_HOLD: lgok=False hgok=True fgok=False edge=34126779 lane=0 target_lane=1 speed=3.93 lane_cmd_state=WAIT_EDGE lane_cmd_executable=False lane_cmd_edge=34126779 lane_cmd_lane_count=1
obu-host-car-1         | HOST_RESERVATION_EXTEND_UNTIL_CLEAR: host=Host_Car ramp=110 manoeuvre=98 new_remaining=4.0 ramp_lcs=APPLY ramp_edge=1331698336
obu-host-car-1         | HOST_RESERVATION_HOLD: host=Host_Car ramp=110 manoeuvre=98 remaining=4.0 own_speed=7.48 target_speed=7.48 ramp_fsm=ABORT ramp_lane_cmd_state=APPLY ramp_edge=1331698336 ramp_lane=0 ramp_merge_completed=False ramp_merge_committed=False
obu-host-car-1         | [36.0] Host_Car HOST_HOLD_YIELD: for merge=110 spd=7.48
obu-ramp-merge-4-1     | [36.1] Ramp_Merge_4 MCM_RX_ACCEPT: from=104 manoeuvre=98 target=110
obu-ramp-merge-4-1     | [36.1] Ramp_Merge_4 MCM_RX_ACCEPT: from=104 manoeuvre=98 target=110
obu-ramp-merge-5-1     | [36.1] Ramp_Merge_5 MCM_RX_ACCEPT: from=105 manoeuvre=128 target=111
obu-ramp-merge-5-1     | [36.1] Ramp_Merge_5 MCM_RX_ACCEPT: from=105 manoeuvre=128 target=111
obu-lead-car-1         | [36.2] Lead_Car role=cruise state=CRUISE->CRUISE speed=7.50 target=7.50 neighbors=10
obu-ramp-back-1        | [36.1] Ramp_Back MERGE_COMMIT_WAIT_LANE_AVAILABLE: edge=34126779 lane=0 target_lane=1 lane_count=1 executable=False speed=3.85 dtm=16.5
obu-ramp-back-1        | [36.1] Ramp_Back FINAL_GUARD: REJECTED slot-boundary ETA sid=106
obu-ramp-back-1        | [36.1] Ramp_Back MERGE_COMMIT_SAFETY_HOLD: lgok=False hgok=True fgok=False edge=34126779 lane=0 target_lane=1 speed=3.85 lane_cmd_state=WAIT_EDGE lane_cmd_executable=False lane_cmd_edge=34126779 lane_cmd_lane_count=1
obu-host-car-1         | HOST_RESERVATION_RELEASE_AFTER_CLEAR: host=Host_Car ramp=110 manoeuvre=98 reason=completed ramp_fsm=CRUISE ramp_lcs=CLEAR ramp_edge=1331698336 ramp_merge_completed=True
obu-host-car-1         | HOST_RESERVATION_START: host=Host_Car ramp=110 manoeuvre=98 until=40.2 own_speed=7.48 target_speed=7.48 required_speed=7.48 gap_eta=11.19
obu-host-car-1         | [36.2] Host_Car HOST_RESERVED: merge=110 manoeuvre=98 until=40.2 target_spd=7.48
obu-host-car-1         | [36.2] Host_Car MCM_TX_ACCEPT: manoeuvre=98 target=110
obu-host-car-1         | [36.2] Host_Car role=host state=YIELDING->CRUISE speed=7.48 target=7.50 neighbors=10
obu-ramp-back-1        | [36.3] Ramp_Back MERGE_COMMIT_WAIT_LANE_AVAILABLE: edge=34126779 lane=0 target_lane=1 lane_count=1 executable=False speed=3.69 dtm=15.8
obu-ramp-back-1        | [36.3] Ramp_Back FINAL_GUARD: REJECTED slot-boundary ETA sid=106
obu-ramp-back-1        | [36.3] Ramp_Back MERGE_COMMIT_SAFETY_HOLD: lgok=False hgok=True fgok=False edge=34126779 lane=0 target_lane=1 speed=3.69 lane_cmd_state=WAIT_EDGE lane_cmd_executable=False lane_cmd_edge=34126779 lane_cmd_lane_count=1
obu-ramp-back-1        | [36.5] Ramp_Back MERGE_COMMIT_WAIT_LANE_AVAILABLE: edge=34126779 lane=0 target_lane=1 lane_count=1 executable=False speed=3.55 dtm=15.1
obu-ramp-back-1        | [36.5] Ramp_Back FINAL_GUARD: REJECTED slot-boundary ETA sid=106
obu-ramp-back-1        | [36.5] Ramp_Back MERGE_COMMIT_SAFETY_HOLD: lgok=False hgok=True fgok=False edge=34126779 lane=0 target_lane=1 speed=3.55 lane_cmd_state=WAIT_EDGE lane_cmd_executable=False lane_cmd_edge=34126779 lane_cmd_lane_count=1
obu-merge-car-1        | [36.5] Merge_Car role=cruise state=CRUISE->CRUISE speed=7.50 target=7.50 neighbors=10
obu-ramp-back-1        | [36.6] Ramp_Back MERGE_COMMIT_WAIT_LANE_AVAILABLE: edge=34126779 lane=0 target_lane=1 lane_count=1 executable=False speed=3.49 dtm=14.7
obu-ramp-back-1        | [36.6] Ramp_Back FINAL_GUARD: REJECTED slot-boundary ETA sid=106
obu-ramp-back-1        | MERGE_ATTEMPT_TIMELINE: vehicle=Ramp_Back manoeuvre=158 host=103 lead=106 event=ABORT_SAFETY_HOLD t=36.6 edge=34126779 lane=0 lane_cmd_state=WAIT_EDGE speed=3.49 target=6.75 dtm=14.7 lead_gap=45.39 host_gap=167.98 lead_gap_t1=45.39 lead_gap_t2=45.39 lead_gap_t3=45.39 host_gap_t1=167.98 host_gap_t2=167.98 host_gap_t3=167.98
obu-ramp-back-1        | [36.6] Ramp_Back MERGE_COMMIT_ABORT_SAFETY_HOLD: lgok=False hgok=True fgok=False edge=34126779 lane=0 target_lane=1 speed=3.49 lane_cmd_state=WAIT_EDGE lane_cmd_executable=False lane_cmd_edge=34126779 lane_cmd_lane_count=1
obu-ramp-merge-4-1     | [36.9] Ramp_Merge_4 MCM_RX_ACCEPT: from=104 manoeuvre=98 target=110
obu-ramp-merge-3-1     | [36.9] Ramp_Merge_3 role=cruise state=CRUISE->CRUISE speed=7.48 target=7.50 neighbors=10
obu-main-back-left-1   | [37.0] Main_Back_Left role=cruise state=CRUISE->CRUISE speed=7.50 target=7.50 neighbors=10
obu-ramp-merge-4-1     | [36.9] Ramp_Merge_4 role=cruise state=CRUISE->CRUISE speed=4.70 target=7.50 neighbors=10
obu-main-back-right-1  | [37.0] Main_Back_Right role=cruise state=CRUISE->CRUISE speed=7.47 target=7.50 neighbors=10
obu-ramp-merge-2-1     | [36.9] Ramp_Merge_2 role=cruise state=CRUISE->CRUISE speed=7.50 target=7.50 neighbors=10
obu-ramp-merge-5-1     | [36.9] Ramp_Merge_5 role=cruise state=CRUISE->CRUISE speed=3.11 target=7.50 neighbors=10
obu-ramp-back-1        | [36.9] Ramp_Back FINAL_GUARD: REJECTED blind merge with main traffic
obu-ramp-back-1        | [36.9] Ramp_Back MERGE_DECISION: auth=False phys=True fgok=False lgok=True hgok=True cok=True esok=False cready=True dtm=13.7 past=False committed=False hid=None ra=None lclear=True hyok=True
obu-ramp-back-1        | [36.9] Ramp_Back role=merge state=NEGOTIATING->CRUISE speed=3.31 target=3.49 neighbors=10
obu-host-car-1         | HOST_RESERVATION_RELEASE_AFTER_CLEAR: host=Host_Car ramp=110 manoeuvre=98 reason=completed ramp_fsm=CRUISE ramp_lcs=CLEAR ramp_edge=1331698336 ramp_merge_completed=True
obu-main-mid-right-1   | [37.0] Main_Mid_Right role=cruise state=CRUISE->CRUISE speed=7.32 target=7.50 neighbors=10
obu-ramp-back-1        | [37.0] Ramp_Back FINAL_GUARD: REJECTED blind merge with main traffic
obu-ramp-back-1        | [37.0] Ramp_Back MERGE_DECISION: auth=False phys=True fgok=False lgok=True hgok=True cok=True esok=False cready=True dtm=13.4 past=False committed=False hid=None ra=None lclear=True hyok=True
obu-lead-car-1         | [37.2] Lead_Car role=cruise state=CRUISE->CRUISE speed=7.50 target=7.50 neighbors=10
obu-ramp-back-1        | [37.2] Ramp_Back FINAL_GUARD: REJECTED blind merge with main traffic
obu-ramp-back-1        | [37.2] Ramp_Back MERGE_DECISION: auth=False phys=True fgok=False lgok=True hgok=True cok=True esok=False cready=True dtm=12.8 past=False committed=False hid=None ra=None lclear=True hyok=True
obu-host-car-1         | [37.2] Host_Car role=cruise state=CRUISE->CRUISE speed=7.49 target=7.50 neighbors=10
obu-ramp-back-1        | [37.4] Ramp_Back FINAL_GUARD: REJECTED blind merge with main traffic
obu-ramp-back-1        | [37.4] Ramp_Back MERGE_DECISION: auth=False phys=True fgok=False lgok=True hgok=True cok=True esok=False cready=True dtm=12.2 past=False committed=False hid=None ra=None lclear=True hyok=True
obu-merge-car-1        | [37.5] Merge_Car role=cruise state=CRUISE->CRUISE speed=7.50 target=7.50 neighbors=10
obu-ramp-back-1        | [37.6] Ramp_Back FINAL_GUARD: REJECTED blind merge with main traffic
obu-ramp-back-1        | [37.6] Ramp_Back MERGE_DECISION: auth=False phys=True fgok=False lgok=True hgok=True cok=True esok=False cready=True dtm=11.5 past=False committed=False hid=None ra=None lclear=True hyok=True
obu-ramp-back-1        | MERGE_ATTEMPT_TIMELINE: vehicle=Ramp_Back manoeuvre=159 host=106 lead=106 event=REQUEST_SENT t=37.7 edge=34126779 lane=0 lane_cmd_state=WAIT_EDGE speed=3.46 target=6.75 dtm=11.2 lead_gap=52.75 host_gap=52.75 lead_gap_t1=52.75 lead_gap_t2=52.75 lead_gap_t3=52.75 host_gap_t1=52.75 host_gap_t2=52.75 host_gap_t3=52.75
obu-ramp-back-1        | [37.7] Ramp_Back MCM_TX_REQUEST: manoeuvre=159 target=106
obu-ramp-back-1        | [37.7] Ramp_Back MERGE_DECISION: auth=False phys=True fgok=True lgok=True hgok=True cok=True esok=False cready=True dtm=11.2 past=False committed=False hid=106 ra=None lclear=True hyok=False
obu-ramp-merge-4-1     | [37.9] Ramp_Merge_4 role=cruise state=CRUISE->CRUISE speed=5.82 target=7.50 neighbors=10
obu-ramp-merge-2-1     | [37.9] Ramp_Merge_2 role=cruise state=CRUISE->CRUISE speed=7.50 target=7.50 neighbors=10
obu-ramp-merge-5-1     | [37.9] Ramp_Merge_5 role=cruise state=CRUISE->CRUISE speed=4.56 target=7.50 neighbors=10
obu-ramp-back-1        | [37.9] Ramp_Back MERGE_DECISION: auth=False phys=True fgok=True lgok=True hgok=True cok=True esok=False cready=True dtm=10.6 past=False committed=False hid=106 ra=None lclear=True hyok=False
obu-ramp-back-1        | [37.9] Ramp_Back role=merge state=YIELDING->YIELDING speed=3.47 target=3.02 neighbors=10
obu-ramp-merge-3-1     | [37.9] Ramp_Merge_3 role=cruise state=CRUISE->CRUISE speed=7.49 target=7.50 neighbors=10
obu-main-back-left-1   | [38.0] Main_Back_Left role=cruise state=CRUISE->CRUISE speed=7.50 target=7.50 neighbors=10
obu-main-back-right-1  | [38.0] Main_Back_Right role=cruise state=CRUISE->CRUISE speed=7.48 target=7.50 neighbors=10
obu-host-car-1         | [38.2] Host_Car role=cruise state=CRUISE->CRUISE speed=7.49 target=7.50 neighbors=10
obu-ramp-back-1        | [38.0] Ramp_Back MCM_TX_REQUEST: manoeuvre=159 target=106
obu-ramp-back-1        | [38.0] Ramp_Back MERGE_DECISION: auth=False phys=True fgok=True lgok=True hgok=True cok=True esok=False cready=True dtm=10.3 past=False committed=False hid=106 ra=None lclear=True hyok=False
obu-lead-car-1         | [38.3] Lead_Car role=cruise state=CRUISE->CRUISE speed=7.50 target=7.50 neighbors=10
obu-ramp-back-1        | [38.2] Ramp_Back MERGE_DECISION: auth=False phys=True fgok=True lgok=True hgok=True cok=True esok=False cready=True dtm=9.7 past=False committed=False hid=106 ra=None lclear=True hyok=False
obu-main-back-right-1  | [38.5] Main_Back_Right MCM_RX_REQUEST: from=112 manoeuvre=159 target=106
obu-main-back-right-1  | [38.5] Main_Back_Right MCM_RX_REQUEST: from=112 manoeuvre=159 target=106
obu-merge-car-1        | [38.5] Merge_Car role=cruise state=CRUISE->CRUISE speed=7.46 target=7.50 neighbors=10
obu-main-mid-right-1   | [38.6] Main_Mid_Right role=cruise state=CRUISE->CRUISE speed=7.42 target=7.50 neighbors=10
obu-ramp-back-1        | [38.5] Ramp_Back MCM_TX_REQUEST: manoeuvre=159 target=106
obu-ramp-back-1        | [38.5] Ramp_Back MERGE_DECISION: auth=False phys=True fgok=True lgok=True hgok=True cok=True esok=False cready=True dtm=8.8 past=False committed=False hid=106 ra=None lclear=True hyok=False
obu-main-back-right-1  | HOST_RESERVATION_START: host=Main_Back_Right ramp=112 manoeuvre=159 until=42.5 own_speed=7.49 target_speed=6.49 required_speed=6.82 gap_eta=3.94
obu-main-back-right-1  | [38.5] Main_Back_Right HOST_RESERVED: merge=112 manoeuvre=159 until=42.5 target_spd=6.49
obu-main-back-right-1  | [38.5] Main_Back_Right HOST_YIELD: for merge=112 req_spd=6.49
obu-main-back-right-1  | [38.5] Main_Back_Right MCM_TX_ACCEPT: manoeuvre=159 target=112
obu-ramp-back-1        | [38.6] Ramp_Back MERGE_DECISION: auth=False phys=True fgok=True lgok=True hgok=True cok=True esok=False cready=True dtm=8.5 past=False committed=False hid=106 ra=None lclear=True hyok=False
traci-bridge-1         | LANE_CMD_STATE veh=Ramp_Merge_5 edge=1331698336 lane=1 target=1 lane_count=3 recently=False speed=3.58
traci-bridge-1         | LANE_CMD_CLEAR veh=Ramp_Merge_5 edge=1331698336 target=1
traci-bridge-1         | LANE_CMD_STATE veh=Ramp_Back edge=34126779 lane=0 target=1 lane_count=1 recently=False speed=5.37
traci-bridge-1         | LANE_CMD_WAIT_EDGE veh=Ramp_Back edge=34126779 lane=0 target=1 lane_count=1
traci-bridge-1         | LANE_CMD_STATE veh=Ramp_Merge_4 edge=1331698336 lane=0 target=1 lane_count=3 recently=True speed=3.22
traci-bridge-1         | LANE_CMD_STATE veh=Ramp_Back edge=34126779 lane=0 target=1 lane_count=1 recently=False speed=5.21
traci-bridge-1         | LANE_CMD_WAIT_EDGE veh=Ramp_Back edge=34126779 lane=0 target=1 lane_count=1
traci-bridge-1         | LANE_CMD_STATE veh=Ramp_Merge_4 edge=1331698336 lane=0 target=1 lane_count=3 recently=True speed=3.21
traci-bridge-1         | LANE_CMD_STATE veh=Ramp_Back edge=34126779 lane=0 target=1 lane_count=1 recently=False speed=5.06
traci-bridge-1         | LANE_CMD_WAIT_EDGE veh=Ramp_Back edge=34126779 lane=0 target=1 lane_count=1
traci-bridge-1         | LANE_CMD_STATE veh=Ramp_Merge_4 edge=1331698336 lane=0 target=1 lane_count=3 recently=True speed=3.20
traci-bridge-1         | LANE_CMD_STATE veh=Ramp_Back edge=34126779 lane=0 target=1 lane_count=1 recently=False speed=4.92
traci-bridge-1         | LANE_CMD_WAIT_EDGE veh=Ramp_Back edge=34126779 lane=0 target=1 lane_count=1
traci-bridge-1         | LANE_CMD_STATE veh=Ramp_Merge_4 edge=1331698336 lane=0 target=1 lane_count=3 recently=True speed=3.19
traci-bridge-1         | LANE_CMD_STATE veh=Ramp_Back edge=34126779 lane=0 target=1 lane_count=1 recently=False speed=4.79
traci-bridge-1         | LANE_CMD_WAIT_EDGE veh=Ramp_Back edge=34126779 lane=0 target=1 lane_count=1
traci-bridge-1         | LANE_CMD_STATE veh=Ramp_Merge_4 edge=1331698336 lane=0 target=1 lane_count=3 recently=True speed=3.18
traci-bridge-1         | LANE_CMD_STATE veh=Ramp_Back edge=34126779 lane=0 target=1 lane_count=1 recently=False speed=4.66
traci-bridge-1         | LANE_CMD_WAIT_EDGE veh=Ramp_Back edge=34126779 lane=0 target=1 lane_count=1
traci-bridge-1         | LANE_CMD_STATE veh=Ramp_Merge_4 edge=1331698336 lane=0 target=1 lane_count=3 recently=True speed=3.17
traci-bridge-1         | LANE_CMD_STATE veh=Ramp_Back edge=34126779 lane=0 target=1 lane_count=1 recently=False speed=4.54
traci-bridge-1         | LANE_CMD_WAIT_EDGE veh=Ramp_Back edge=34126779 lane=0 target=1 lane_count=1
traci-bridge-1         | LANE_CMD_STATE veh=Ramp_Merge_4 edge=1331698336 lane=0 target=1 lane_count=3 recently=False speed=3.16
traci-bridge-1         | LANE_CMD_APPLY veh=Ramp_Merge_4 edge=1331698336 from_lane=0 target=1 duration=2.00 mode=256 speed=3.16
traci-bridge-1         | LANE_CMD_STATE veh=Ramp_Back edge=34126779 lane=0 target=1 lane_count=1 recently=False speed=4.43
traci-bridge-1         | LANE_CMD_WAIT_EDGE veh=Ramp_Back edge=34126779 lane=0 target=1 lane_count=1
traci-bridge-1         | LANE_CMD_STATE veh=Ramp_Merge_4 edge=1331698336 lane=1 target=1 lane_count=3 recently=True speed=3.16
traci-bridge-1         | LANE_CMD_CLEAR veh=Ramp_Merge_4 edge=1331698336 target=1
traci-bridge-1         | LANE_CMD_STATE veh=Ramp_Back edge=34126779 lane=0 target=1 lane_count=1 recently=False speed=4.32
traci-bridge-1         | LANE_CMD_WAIT_EDGE veh=Ramp_Back edge=34126779 lane=0 target=1 lane_count=1
traci-bridge-1         | LANE_CMD_STATE veh=Ramp_Back edge=34126779 lane=0 target=1 lane_count=1 recently=False speed=4.21
traci-bridge-1         | LANE_CMD_WAIT_EDGE veh=Ramp_Back edge=34126779 lane=0 target=1 lane_count=1
traci-bridge-1         | LANE_CMD_STATE veh=Ramp_Back edge=34126779 lane=0 target=1 lane_count=1 recently=False speed=4.12
traci-bridge-1         | LANE_CMD_WAIT_EDGE veh=Ramp_Back edge=34126779 lane=0 target=1 lane_count=1
traci-bridge-1         | LANE_CMD_STATE veh=Ramp_Back edge=34126779 lane=0 target=1 lane_count=1 recently=False speed=4.02
traci-bridge-1         | LANE_CMD_WAIT_EDGE veh=Ramp_Back edge=34126779 lane=0 target=1 lane_count=1
traci-bridge-1         | LANE_CMD_STATE veh=Ramp_Back edge=34126779 lane=0 target=1 lane_count=1 recently=False speed=3.93
traci-bridge-1         | LANE_CMD_WAIT_EDGE veh=Ramp_Back edge=34126779 lane=0 target=1 lane_count=1
traci-bridge-1         | LANE_CMD_STATE veh=Ramp_Back edge=34126779 lane=0 target=1 lane_count=1 recently=False speed=3.85
traci-bridge-1         | LANE_CMD_WAIT_EDGE veh=Ramp_Back edge=34126779 lane=0 target=1 lane_count=1
traci-bridge-1         | LANE_CMD_STATE veh=Ramp_Back edge=34126779 lane=0 target=1 lane_count=1 recently=False speed=3.77
traci-bridge-1         | LANE_CMD_WAIT_EDGE veh=Ramp_Back edge=34126779 lane=0 target=1 lane_count=1
traci-bridge-1         | LANE_CMD_STATE veh=Ramp_Back edge=34126779 lane=0 target=1 lane_count=1 recently=False speed=3.69
traci-bridge-1         | LANE_CMD_WAIT_EDGE veh=Ramp_Back edge=34126779 lane=0 target=1 lane_count=1
traci-bridge-1         | LANE_CMD_STATE veh=Ramp_Back edge=34126779 lane=0 target=1 lane_count=1 recently=False speed=3.62
traci-bridge-1         | LANE_CMD_WAIT_EDGE veh=Ramp_Back edge=34126779 lane=0 target=1 lane_count=1
traci-bridge-1         | LANE_CMD_STATE veh=Ramp_Back edge=34126779 lane=0 target=1 lane_count=1 recently=False speed=3.55
traci-bridge-1         | LANE_CMD_WAIT_EDGE veh=Ramp_Back edge=34126779 lane=0 target=1 lane_count=1
traci-bridge-1         | LANE_CMD_STATE veh=Ramp_Back edge=34126779 lane=0 target=1 lane_count=1 recently=False speed=3.49
traci-bridge-1         | LANE_CMD_WAIT_EDGE veh=Ramp_Back edge=34126779 lane=0 target=1 lane_count=1
traci-bridge-1         | LANE_CMD_STATE veh=Ramp_Back edge=34126779 lane=0 target=1 lane_count=1 recently=False speed=3.43
traci-bridge-1         | LANE_CMD_WAIT_EDGE veh=Ramp_Back edge=34126779 lane=0 target=1 lane_count=1
traci-bridge-1         | LANE_CMD_STATE veh=Ramp_Back edge=34126779 lane=0 target=1 lane_count=1 recently=False speed=3.37
traci-bridge-1         | LANE_CMD_WAIT_EDGE veh=Ramp_Back edge=34126779 lane=0 target=1 lane_count=1
traci-bridge-1         | LANE_CMD_STATE veh=Ramp_Back edge=34126779 lane=0 target=1 lane_count=1 recently=False speed=3.31
traci-bridge-1         | LANE_CMD_WAIT_EDGE veh=Ramp_Back edge=34126779 lane=0 target=1 lane_count=1
traci-bridge-1         | LANE_CMD_STATE veh=Ramp_Back edge=34126779 lane=0 target=1 lane_count=1 recently=False speed=3.26
traci-bridge-1         | LANE_CMD_WAIT_EDGE veh=Ramp_Back edge=34126779 lane=0 target=1 lane_count=1
traci-bridge-1         | LANE_CMD_STATE veh=Ramp_Back edge=34126779 lane=0 target=1 lane_count=1 recently=False speed=3.43
traci-bridge-1         | LANE_CMD_WAIT_EDGE veh=Ramp_Back edge=34126779 lane=0 target=1 lane_count=1
traci-bridge-1         | LANE_CMD_STATE veh=Ramp_Back edge=34126779 lane=0 target=1 lane_count=1 recently=False speed=3.44
traci-bridge-1         | LANE_CMD_WAIT_EDGE veh=Ramp_Back edge=34126779 lane=0 target=1 lane_count=1
traci-bridge-1         | LANE_CMD_STATE veh=Ramp_Back edge=34126779 lane=0 target=1 lane_count=1 recently=False speed=3.44
traci-bridge-1         | LANE_CMD_WAIT_EDGE veh=Ramp_Back edge=34126779 lane=0 target=1 lane_count=1
traci-bridge-1         | LANE_CMD_STATE veh=Ramp_Back edge=34126779 lane=0 target=1 lane_count=1 recently=False speed=3.44
traci-bridge-1         | LANE_CMD_WAIT_EDGE veh=Ramp_Back edge=34126779 lane=0 target=1 lane_count=1
traci-bridge-1         | LANE_CMD_STATE veh=Ramp_Back edge=34126779 lane=0 target=1 lane_count=1 recently=False speed=3.44
traci-bridge-1         | LANE_CMD_WAIT_EDGE veh=Ramp_Back edge=34126779 lane=0 target=1 lane_count=1
traci-bridge-1         | LANE_CMD_STATE veh=Ramp_Back edge=34126779 lane=0 target=1 lane_count=1 recently=False speed=3.45
traci-bridge-1         | LANE_CMD_WAIT_EDGE veh=Ramp_Back edge=34126779 lane=0 target=1 lane_count=1
traci-bridge-1         | LANE_CMD_STATE veh=Ramp_Back edge=34126779 lane=0 target=1 lane_count=1 recently=False speed=3.46
traci-bridge-1         | LANE_CMD_WAIT_EDGE veh=Ramp_Back edge=34126779 lane=0 target=1 lane_count=1
traci-bridge-1         | LANE_CMD_STATE veh=Ramp_Back edge=34126779 lane=0 target=1 lane_count=1 recently=False speed=3.46
traci-bridge-1         | LANE_CMD_WAIT_EDGE veh=Ramp_Back edge=34126779 lane=0 target=1 lane_count=1
traci-bridge-1         | LANE_CMD_STATE veh=Ramp_Back edge=34126779 lane=0 target=1 lane_count=1 recently=False speed=3.47
traci-bridge-1         | LANE_CMD_WAIT_EDGE veh=Ramp_Back edge=34126779 lane=0 target=1 lane_count=1
traci-bridge-1         | LANE_CMD_STATE veh=Ramp_Back edge=34126779 lane=0 target=1 lane_count=1 recently=False speed=3.48
traci-bridge-1         | LANE_CMD_WAIT_EDGE veh=Ramp_Back edge=34126779 lane=0 target=1 lane_count=1
traci-bridge-1         | LANE_CMD_STATE veh=Ramp_Back edge=34126779 lane=0 target=1 lane_count=1 recently=False speed=3.46
traci-bridge-1         | LANE_CMD_WAIT_EDGE veh=Ramp_Back edge=34126779 lane=0 target=1 lane_count=1
traci-bridge-1         | LANE_CMD_STATE veh=Ramp_Back edge=34126779 lane=0 target=1 lane_count=1 recently=False speed=3.43
traci-bridge-1         | LANE_CMD_WAIT_EDGE veh=Ramp_Back edge=34126779 lane=0 target=1 lane_count=1
traci-bridge-1         | LANE_CMD_STATE veh=Ramp_Back edge=34126779 lane=0 target=1 lane_count=1 recently=False speed=3.41
traci-bridge-1         | LANE_CMD_WAIT_EDGE veh=Ramp_Back edge=34126779 lane=0 target=1 lane_count=1
traci-bridge-1         | LANE_CMD_STATE veh=Ramp_Back edge=34126779 lane=0 target=1 lane_count=1 recently=False speed=3.39
traci-bridge-1         | LANE_CMD_WAIT_EDGE veh=Ramp_Back edge=34126779 lane=0 target=1 lane_count=1
traci-bridge-1         | LANE_CMD_STATE veh=Ramp_Back edge=34126779 lane=0 target=1 lane_count=1 recently=False speed=3.38
traci-bridge-1         | LANE_CMD_WAIT_EDGE veh=Ramp_Back edge=34126779 lane=0 target=1 lane_count=1
traci-bridge-1         | LANE_CMD_STATE veh=Ramp_Back edge=34126779 lane=0 target=1 lane_count=1 recently=False speed=3.36
traci-bridge-1         | LANE_CMD_WAIT_EDGE veh=Ramp_Back edge=34126779 lane=0 target=1 lane_count=1
traci-bridge-1         | LANE_CMD_STATE veh=Ramp_Back edge=34126779 lane=0 target=1 lane_count=1 recently=False speed=3.34
traci-bridge-1         | LANE_CMD_WAIT_EDGE veh=Ramp_Back edge=34126779 lane=0 target=1 lane_count=1
obu-main-back-right-1  | HOST_RESERVATION_EXTEND_UNTIL_CLEAR: host=Main_Back_Right ramp=112 manoeuvre=159 new_remaining=4.0 ramp_lcs=WAIT_EDGE ramp_edge=34126779
obu-main-back-right-1  | HOST_RESERVATION_HOLD: host=Main_Back_Right ramp=112 manoeuvre=159 remaining=4.0 own_speed=7.49 target_speed=6.49 ramp_fsm=YIELDING ramp_lane_cmd_state=WAIT_EDGE ramp_edge=34126779 ramp_lane=0 ramp_merge_completed=False ramp_merge_committed=False
obu-main-back-right-1  | [38.7] Main_Back_Right HOST_HOLD_YIELD: for merge=112 spd=6.49
obu-ramp-back-1        | [38.7] Ramp_Back MERGE_DECISION: auth=False phys=True fgok=True lgok=True hgok=True cok=True esok=False cready=True dtm=8.3 past=False committed=False hid=106 ra=None lclear=True hyok=False
obu-ramp-merge-2-1     | [38.9] Ramp_Merge_2 role=cruise state=CRUISE->CRUISE speed=7.50 target=7.50 neighbors=9
obu-ramp-merge-5-1     | [38.9] Ramp_Merge_5 role=cruise state=CRUISE->CRUISE speed=5.74 target=7.50 neighbors=9
obu-ramp-back-1        | [39.0] Ramp_Back MCM_TX_REQUEST: manoeuvre=159 target=106
obu-ramp-back-1        | [39.0] Ramp_Back MERGE_DECISION: auth=False phys=True fgok=True lgok=True hgok=True cok=True esok=False cready=True dtm=7.5 past=False committed=False hid=106 ra=None lclear=True hyok=False
obu-ramp-back-1        | [39.0] Ramp_Back role=merge state=YIELDING->YIELDING speed=3.28 target=2.83 neighbors=9
obu-ramp-merge-3-1     | [39.0] Ramp_Merge_3 role=cruise state=CRUISE->CRUISE speed=7.49 target=7.50 neighbors=9
obu-main-back-left-1   | [39.0] Main_Back_Left role=cruise state=CRUISE->CRUISE speed=7.50 target=7.50 neighbors=9
obu-main-back-right-1  | HOST_RESERVATION_EXTEND_UNTIL_CLEAR: host=Main_Back_Right ramp=112 manoeuvre=159 new_remaining=4.0 ramp_lcs=WAIT_EDGE ramp_edge=34126779
obu-main-back-right-1  | HOST_RESERVATION_HOLD: host=Main_Back_Right ramp=112 manoeuvre=159 remaining=4.0 own_speed=7.44 target_speed=6.49 ramp_fsm=YIELDING ramp_lane_cmd_state=WAIT_EDGE ramp_edge=34126779 ramp_lane=0 ramp_merge_completed=False ramp_merge_committed=False
obu-main-back-right-1  | [38.9] Main_Back_Right HOST_HOLD_YIELD: for merge=112 spd=6.49
obu-main-back-right-1  | [38.9] Main_Back_Right MCM_TX_ACCEPT: manoeuvre=159 target=112
obu-main-back-right-1  | [39.2] Main_Back_Right MCM_RX_REQUEST: from=112 manoeuvre=159 target=106
obu-host-car-1         | [39.2] Host_Car role=cruise state=CRUISE->CRUISE speed=7.50 target=7.50 neighbors=10
obu-main-back-right-1  | [39.2] Main_Back_Right MCM_RX_REQUEST: from=112 manoeuvre=159 target=106
obu-ramp-back-1        | [39.2] Ramp_Back MCM_RX_ACCEPT: from=106 manoeuvre=159 target=112
obu-ramp-back-1        | MERGE_ATTEMPT_TIMELINE: vehicle=Ramp_Back manoeuvre=159 host=106 lead=106 event=ACCEPT_MATCHED t=39.2 edge=34126779 lane=0 lane_cmd_state=WAIT_EDGE speed=3.24 target=6.75 dtm=7.0 lead_gap=60.87 host_gap=60.87 lead_gap_t1=60.87 lead_gap_t2=60.87 lead_gap_t3=60.87 host_gap_t1=60.87 host_gap_t2=60.87 host_gap_t3=60.87
obu-ramp-back-1        | [39.2] Ramp_Back MCM_ACCEPT_MATCHED: host=106 manoeuvre=159
obu-ramp-back-1        | [39.2] Ramp_Back MCM_RX_ACCEPT: from=106 manoeuvre=159 target=112
obu-ramp-merge-4-1     | [39.2] Ramp_Merge_4 role=cruise state=CRUISE->CRUISE speed=6.64 target=7.50 neighbors=10
obu-main-back-right-1  | HOST_RESERVATION_EXTEND_UNTIL_CLEAR: host=Main_Back_Right ramp=112 manoeuvre=159 new_remaining=4.0 ramp_lcs=WAIT_EDGE ramp_edge=34126779
obu-main-back-right-1  | HOST_RESERVATION_HOLD: host=Main_Back_Right ramp=112 manoeuvre=159 remaining=4.0 own_speed=7.30 target_speed=6.49 ramp_fsm=YIELDING ramp_lane_cmd_state=WAIT_EDGE ramp_edge=34126779 ramp_lane=0 ramp_merge_completed=False ramp_merge_committed=False
obu-main-back-right-1  | [39.2] Main_Back_Right HOST_HOLD_YIELD: for merge=112 spd=6.49
obu-main-back-right-1  | [39.2] Main_Back_Right MCM_TX_ACCEPT: manoeuvre=159 target=112
obu-main-back-right-1  | [39.2] Main_Back_Right role=host state=YIELDING->YIELDING speed=7.30 target=6.49 neighbors=10
obu-lead-car-1         | [39.4] Lead_Car role=cruise state=CRUISE->CRUISE speed=7.50 target=7.50 neighbors=10
obu-main-mid-right-1   | [40.2] Main_Mid_Right role=cruise state=CRUISE->CRUISE speed=7.47 target=7.50 neighbors=10
obu-merge-car-1        | [40.2] Merge_Car role=cruise state=CRUISE->CRUISE speed=7.46 target=7.50 neighbors=10
obu-host-car-1         | [40.2] Host_Car role=cruise state=CRUISE->CRUISE speed=7.50 target=7.50 neighbors=10
obu-ramp-merge-3-1     | [40.0] Ramp_Merge_3 role=cruise state=CRUISE->CRUISE speed=7.49 target=7.50 neighbors=10
obu-ramp-back-1        | [40.1] Ramp_Back MCM_RX_ACCEPT: from=106 manoeuvre=159 target=112
obu-main-back-left-1   | [40.3] Main_Back_Left role=cruise state=CRUISE->CRUISE speed=7.50 target=7.50 neighbors=10
obu-ramp-merge-4-1     | [40.2] Ramp_Merge_4 role=cruise state=CRUISE->CRUISE speed=6.98 target=7.50 neighbors=10
obu-ramp-merge-2-1     | [40.2] Ramp_Merge_2 role=cruise state=CRUISE->CRUISE speed=7.50 target=7.50 neighbors=10
obu-main-back-right-1  | HOST_RESERVATION_EXTEND_UNTIL_CLEAR: host=Main_Back_Right ramp=112 manoeuvre=159 new_remaining=4.0 ramp_lcs=WAIT_EDGE ramp_edge=34126779
obu-main-back-right-1  | HOST_RESERVATION_HOLD: host=Main_Back_Right ramp=112 manoeuvre=159 remaining=4.0 own_speed=6.95 target_speed=6.49 ramp_fsm=NEGOTIATING ramp_lane_cmd_state=WAIT_EDGE ramp_edge=34126779 ramp_lane=0 ramp_merge_completed=False ramp_merge_committed=False
obu-main-back-right-1  | [40.3] Main_Back_Right HOST_HOLD_YIELD: for merge=112 spd=6.49
obu-main-back-right-1  | [40.3] Main_Back_Right MCM_TX_ACCEPT: manoeuvre=159 target=112
obu-main-back-right-1  | [40.3] Main_Back_Right role=host state=YIELDING->YIELDING speed=6.95 target=6.49 neighbors=10
obu-ramp-back-1        | [40.3] Ramp_Back MERGE_LANE_WAIT_EDGE_CONFIRMED: edge=:390064918_0 lane=0 target_lane=1 lane_count=1 executable=False
obu-ramp-merge-5-1     | [40.3] Ramp_Merge_5 role=cruise state=CRUISE->CRUISE speed=6.64 target=7.50 neighbors=10
obu-ramp-back-1        | [40.3] Ramp_Back role=merge state=NEGOTIATING->NEGOTIATING speed=3.21 target=3.21 neighbors=10
obu-lead-car-1         | [40.4] Lead_Car role=cruise state=CRUISE->CRUISE speed=7.50 target=7.50 neighbors=10
obu-ramp-back-1        | [40.9] Ramp_Back MCM_RX_ACCEPT: from=106 manoeuvre=159 target=112
obu-main-back-right-1  | HOST_RESERVATION_EXTEND_UNTIL_CLEAR: host=Main_Back_Right ramp=112 manoeuvre=159 new_remaining=4.0 ramp_lcs=WAIT_EDGE ramp_edge=:390064918_0
obu-main-back-right-1  | HOST_RESERVATION_HOLD: host=Main_Back_Right ramp=112 manoeuvre=159 remaining=4.0 own_speed=6.83 target_speed=6.49 ramp_fsm=NEGOTIATING ramp_lane_cmd_state=WAIT_EDGE ramp_edge=:390064918_0 ramp_lane=0 ramp_merge_completed=False ramp_merge_committed=False
obu-main-back-right-1  | [40.9] Main_Back_Right HOST_HOLD_YIELD: for merge=112 spd=6.49
obu-main-back-right-1  | [40.9] Main_Back_Right MCM_TX_ACCEPT: manoeuvre=159 target=112
obu-ramp-merge-3-1     | [41.1] Ramp_Merge_3 role=cruise state=CRUISE->CRUISE speed=7.50 target=7.50 neighbors=10
obu-main-back-right-1  | HOST_RESERVATION_EXTEND_UNTIL_CLEAR: host=Main_Back_Right ramp=112 manoeuvre=159 new_remaining=4.0 ramp_lcs=WAIT_EDGE ramp_edge=:390064918_0
obu-main-back-right-1  | HOST_RESERVATION_HOLD: host=Main_Back_Right ramp=112 manoeuvre=159 remaining=4.0 own_speed=6.78 target_speed=6.49 ramp_fsm=NEGOTIATING ramp_lane_cmd_state=WAIT_EDGE ramp_edge=:390064918_0 ramp_lane=0 ramp_merge_completed=False ramp_merge_committed=False
obu-main-back-right-1  | [41.2] Main_Back_Right HOST_HOLD_YIELD: for merge=112 spd=6.49
obu-main-back-right-1  | [41.2] Main_Back_Right MCM_TX_ACCEPT: manoeuvre=159 target=112
obu-main-mid-right-1   | [41.2] Main_Mid_Right role=cruise state=CRUISE->CRUISE speed=7.48 target=7.50 neighbors=10
obu-merge-car-1        | [41.2] Merge_Car role=cruise state=CRUISE->CRUISE speed=7.46 target=7.50 neighbors=10
obu-host-car-1         | [41.2] Host_Car role=cruise state=CRUISE->CRUISE speed=7.49 target=7.50 neighbors=10
obu-ramp-back-1        | [41.2] Ramp_Back MERGE_LANE_APPLY_CONFIRMED: edge=1331698336 lane=0 target_lane=1 lane_count=3 executable=True
obu-ramp-back-1        | [41.2] Ramp_Back MCM_RX_ACCEPT: from=106 manoeuvre=159 target=112
obu-ramp-back-1        | MERGE_ATTEMPT_TIMELINE: vehicle=Ramp_Back manoeuvre=159 host=103 lead=106 event=CLEAR t=41.3 edge=1331698336 lane=1 lane_cmd_state=CLEAR speed=3.22 target=3.22 dtm=2.5 lead_gap=57.04 host_gap=160.09 lead_gap_t1=57.04 lead_gap_t2=57.04 lead_gap_t3=57.04 host_gap_t1=160.09 host_gap_t2=160.09 host_gap_t3=160.09
obu-ramp-back-1        | [41.3] Ramp_Back MERGE_LANE_CLEAR_CONFIRMED: edge=1331698336 lane=1 target_lane=1 lane_count=3 executable=False
obu-ramp-back-1        | [41.3] Ramp_Back MCM_RX_ACCEPT: from=106 manoeuvre=159 target=112
obu-ramp-back-1        | MERGE_ATTEMPT_TIMELINE: vehicle=Ramp_Back manoeuvre=159 host=103 lead=106 event=COMPLETED t=41.3 edge=1331698336 lane=1 lane_cmd_state=CLEAR speed=3.22 target=6.75 dtm=2.5 lead_gap=57.04 host_gap=165.42 lead_gap_t1=57.04 lead_gap_t2=57.04 lead_gap_t3=57.04 host_gap_t1=165.42 host_gap_t2=165.42 host_gap_t3=165.42
obu-ramp-back-1        | [41.3] Ramp_Back MERGE_COMPLETED: eid=1331698336 lane=1 clean=True
obu-ramp-back-1        | [41.3] Ramp_Back role=merge state=NEGOTIATING->CRUISE speed=3.22 target=7.50 neighbors=10
obu-lead-car-1         | [41.4] Lead_Car role=cruise state=CRUISE->CRUISE speed=7.50 target=7.50 neighbors=10
obu-main-back-left-1   | [41.3] Main_Back_Left role=cruise state=CRUISE->CRUISE speed=7.50 target=7.50 neighbors=10
obu-ramp-merge-4-1     | [41.3] Ramp_Merge_4 role=cruise state=CRUISE->CRUISE speed=7.21 target=7.50 neighbors=10
obu-ramp-merge-2-1     | [41.3] Ramp_Merge_2 role=cruise state=CRUISE->CRUISE speed=7.50 target=7.50 neighbors=10
obu-main-back-right-1  | HOST_RESERVATION_RELEASE_AFTER_CLEAR: host=Main_Back_Right ramp=112 manoeuvre=159 reason=completed ramp_fsm=CRUISE ramp_lcs=CLEAR ramp_edge=1331698336 ramp_merge_completed=True
obu-main-back-right-1  | [42.2] Main_Back_Right role=host state=YIELDING->CRUISE speed=6.66 target=7.50 neighbors=10
obu-ramp-merge-5-1     | [42.2] Ramp_Merge_5 role=cruise state=CRUISE->CRUISE speed=7.06 target=7.50 neighbors=10
obu-main-mid-right-1   | [42.3] Main_Mid_Right role=cruise state=CRUISE->CRUISE speed=7.49 target=7.50 neighbors=10
obu-merge-car-1        | [42.3] Merge_Car role=cruise state=CRUISE->CRUISE speed=7.47 target=7.50 neighbors=10
obu-host-car-1         | [42.3] Host_Car role=cruise state=CRUISE->CRUISE speed=7.48 target=7.50 neighbors=10
obu-ramp-merge-3-1     | [42.2] Ramp_Merge_3 role=cruise state=CRUISE->CRUISE speed=7.50 target=7.50 neighbors=10
obu-main-back-left-1   | [42.3] Main_Back_Left role=cruise state=CRUISE->CRUISE speed=7.50 target=7.50 neighbors=10
obu-ramp-merge-2-1     | [42.3] Ramp_Merge_2 role=cruise state=CRUISE->CRUISE speed=7.50 target=7.50 neighbors=10
obu-ramp-back-1        | [42.3] Ramp_Back role=host state=CRUISE->CRUISE speed=4.74 target=7.50 neighbors=10
obu-lead-car-1         | [42.4] Lead_Car role=cruise state=CRUISE->CRUISE speed=7.50 target=7.50 neighbors=9
obu-ramp-merge-4-1     | [42.5] Ramp_Merge_4 role=cruise state=CRUISE->CRUISE speed=7.34 target=7.50 neighbors=5
obu-ramp-merge-3-1     | [43.3] Ramp_Merge_3 role=cruise state=CRUISE->CRUISE speed=7.50 target=7.50 neighbors=10
obu-main-back-left-1   | [43.4] Main_Back_Left role=cruise state=CRUISE->CRUISE speed=7.50 target=7.50 neighbors=10
obu-ramp-merge-5-1     | [43.6] Ramp_Merge_5 CAR_FOLLOW: sid=110 edge=1331698336 lane=1 leader_edge= leader_lane=None leader_role_hint=ramp self_merge_completed=True self_merge_completed_age=8.9 self_merge_committed=False lane_cmd_state=CLEAR lane_cmd_edge=1331698336 lane_cmd_target=1 lane_cmd_executable=False same_lane=True reason=same_lane_cam gap=2.9 follow_spd=3.38 emergency=False target_before=7.5 target_after=6.9475275503362965
obu-ramp-merge-5-1     | MERGE_ATTEMPT_TIMELINE: vehicle=Ramp_Merge_5 manoeuvre=128 host=None lead=None event=POST_MERGE_CAR_FOLLOW t=43.6 edge=1331698336 lane=1 lane_cmd_state=CLEAR speed=7.20 target=6.95 dtm=51.5 lead_gap= host_gap= lead_gap_t1= lead_gap_t2= lead_gap_t3= host_gap_t1= host_gap_t2= host_gap_t3=
obu-ramp-merge-5-1     | [43.6] Ramp_Merge_5 POST_MERGE_CAR_FOLLOW: age=8.9 sid=110 gap=2.9 reason=same_lane_cam follow_spd=3.38 self_edge=1331698336 self_lane=1 leader_edge= leader_lane=None lane_cmd_state=CLEAR
obu-ramp-merge-5-1     | [43.6] Ramp_Merge_5 role=cruise state=CRUISE->YIELDING speed=7.20 target=6.95 neighbors=10
obu-main-mid-right-1   | [43.6] Main_Mid_Right role=cruise state=CRUISE->CRUISE speed=7.49 target=7.50 neighbors=10
obu-host-car-1         | [43.6] Host_Car role=cruise state=CRUISE->CRUISE speed=7.48 target=7.50 neighbors=10
obu-ramp-back-1        | [43.4] Ramp_Back role=cruise state=CRUISE->CRUISE speed=5.93 target=7.50 neighbors=10
obu-ramp-merge-2-1     | [43.8] Ramp_Merge_2 role=cruise state=CRUISE->CRUISE speed=7.50 target=7.50 neighbors=10
obu-merge-car-1        | [43.8] Merge_Car role=cruise state=CRUISE->CRUISE speed=7.48 target=7.50 neighbors=10
obu-lead-car-1         | [43.9] Lead_Car role=cruise state=CRUISE->CRUISE speed=7.50 target=7.50 neighbors=10
obu-ramp-merge-4-1     | [43.8] Ramp_Merge_4 role=cruise state=CRUISE->CRUISE speed=7.42 target=7.50 neighbors=10
obu-main-back-right-1  | [44.0] Main_Back_Right role=cruise state=CRUISE->CRUISE speed=7.12 target=7.50 neighbors=10
obu-ramp-back-1        | [44.4] Ramp_Back role=cruise state=CRUISE->CRUISE speed=6.56 target=7.50 neighbors=10
obu-main-mid-right-1   | [44.6] Main_Mid_Right role=cruise state=CRUISE->CRUISE speed=7.50 target=7.50 neighbors=10
obu-host-car-1         | [44.7] Host_Car role=cruise state=CRUISE->CRUISE speed=7.48 target=7.50 neighbors=10
obu-ramp-merge-2-1     | [44.8] Ramp_Merge_2 role=cruise state=CRUISE->CRUISE speed=7.50 target=7.50 neighbors=10
obu-merge-car-1        | [44.8] Merge_Car role=cruise state=CRUISE->CRUISE speed=7.49 target=7.50 neighbors=10
obu-lead-car-1         | [44.9] Lead_Car role=cruise state=CRUISE->CRUISE speed=7.50 target=7.50 neighbors=10
obu-ramp-merge-3-1     | [45.2] Ramp_Merge_3 role=cruise state=CRUISE->CRUISE speed=7.50 target=7.50 neighbors=10
obu-main-back-left-1   | [45.2] Main_Back_Left role=cruise state=CRUISE->CRUISE speed=7.50 target=7.50 neighbors=10
obu-ramp-merge-4-1     | [45.2] Ramp_Merge_4 role=cruise state=CRUISE->CRUISE speed=7.46 target=7.50 neighbors=10
obu-main-back-right-1  | [45.3] Main_Back_Right role=cruise state=CRUISE->CRUISE speed=7.31 target=7.50 neighbors=10
obu-ramp-merge-5-1     | [45.2] Ramp_Merge_5 role=cruise state=CRUISE->CRUISE speed=7.32 target=7.50 neighbors=10
obu-ramp-back-1        | [45.4] Ramp_Back role=cruise state=CRUISE->CRUISE speed=6.94 target=7.50 neighbors=6
obu-main-mid-right-1   | [45.6] Main_Mid_Right role=cruise state=CRUISE->CRUISE speed=7.50 target=7.50 neighbors=6
obu-lead-car-1         | [46.1] Lead_Car role=cruise state=CRUISE->CRUISE speed=7.50 target=7.50 neighbors=10
obu-ramp-merge-2-1     | [46.0] Ramp_Merge_2 role=cruise state=CRUISE->CRUISE speed=7.50 target=7.50 neighbors=10
obu-host-car-1         | [46.0] Host_Car role=cruise state=CRUISE->CRUISE speed=7.48 target=7.50 neighbors=10
obu-merge-car-1        | [46.0] Merge_Car role=cruise state=CRUISE->CRUISE speed=7.49 target=7.50 neighbors=10
obu-ramp-merge-3-1     | [46.2] Ramp_Merge_3 role=cruise state=CRUISE->CRUISE speed=7.50 target=7.50 neighbors=10
obu-main-back-left-1   | [46.3] Main_Back_Left role=cruise state=CRUISE->CRUISE speed=7.50 target=7.50 neighbors=10
obu-ramp-merge-4-1     | [46.2] Ramp_Merge_4 role=cruise state=CRUISE->CRUISE speed=7.48 target=7.50 neighbors=10
obu-main-back-right-1  | [46.3] Main_Back_Right role=cruise state=CRUISE->CRUISE speed=7.38 target=7.50 neighbors=10
obu-ramp-merge-5-1     | [46.2] Ramp_Merge_5 role=cruise state=CRUISE->CRUISE speed=7.37 target=7.50 neighbors=10
obu-ramp-back-1        | [46.4] Ramp_Back role=cruise state=CRUISE->CRUISE speed=7.16 target=7.50 neighbors=10
obu-main-mid-right-1   | [46.6] Main_Mid_Right role=cruise state=CRUISE->CRUISE speed=7.50 target=7.50 neighbors=10
obu-merge-car-1        | [47.0] Merge_Car role=cruise state=CRUISE->CRUISE speed=7.49 target=7.50 neighbors=10
obu-lead-car-1         | [47.1] Lead_Car role=cruise state=CRUISE->CRUISE speed=7.50 target=7.50 neighbors=10
obu-ramp-merge-2-1     | [47.0] Ramp_Merge_2 role=cruise state=CRUISE->CRUISE speed=7.50 target=7.50 neighbors=10
obu-host-car-1         | [47.1] Host_Car role=cruise state=CRUISE->CRUISE speed=7.49 target=7.50 neighbors=10
obu-ramp-merge-5-1     | [47.2] Ramp_Merge_5 role=cruise state=CRUISE->CRUISE speed=7.40 target=7.50 neighbors=10
obu-ramp-merge-3-1     | [47.3] Ramp_Merge_3 role=cruise state=CRUISE->CRUISE speed=7.50 target=7.50 neighbors=10
obu-ramp-merge-4-1     | [47.4] Ramp_Merge_4 role=cruise state=CRUISE->CRUISE speed=7.49 target=7.50 neighbors=9
obu-main-back-right-1  | [47.4] Main_Back_Right role=cruise state=CRUISE->CRUISE speed=7.43 target=7.50 neighbors=9
obu-main-mid-right-1   | [47.6] Main_Mid_Right role=cruise state=CRUISE->CRUISE speed=7.50 target=7.50 neighbors=10
obu-ramp-back-1        | [47.5] Ramp_Back role=cruise state=CRUISE->CRUISE speed=7.31 target=7.50 neighbors=10
obu-main-back-left-1   | [47.6] Main_Back_Left role=cruise state=CRUISE->CRUISE speed=7.50 target=7.50 neighbors=10
obu-merge-car-1        | [48.1] Merge_Car role=cruise state=CRUISE->CRUISE speed=7.49 target=7.50 neighbors=10
obu-lead-car-1         | [48.1] Lead_Car role=cruise state=CRUISE->CRUISE speed=7.50 target=7.50 neighbors=10
obu-ramp-merge-2-1     | [48.2] Ramp_Merge_2 role=cruise state=CRUISE->CRUISE speed=7.50 target=7.50 neighbors=10
obu-ramp-merge-3-1     | [48.4] Ramp_Merge_3 role=cruise state=CRUISE->CRUISE speed=7.50 target=7.50 neighbors=10
obu-ramp-merge-4-1     | [48.4] Ramp_Merge_4 role=cruise state=CRUISE->CRUISE speed=7.49 target=7.50 neighbors=10
obu-main-back-right-1  | [48.4] Main_Back_Right role=cruise state=CRUISE->CRUISE speed=7.46 target=7.50 neighbors=10
obu-ramp-merge-5-1     | [48.4] Ramp_Merge_5 role=cruise state=CRUISE->CRUISE speed=7.44 target=7.50 neighbors=10
obu-host-car-1         | [48.5] Host_Car role=cruise state=CRUISE->CRUISE speed=7.49 target=7.50 neighbors=10
obu-main-mid-right-1   | [48.6] Main_Mid_Right role=cruise state=CRUISE->CRUISE speed=7.50 target=7.50 neighbors=10
obu-ramp-back-1        | [48.7] Ramp_Back role=cruise state=CRUISE->CRUISE speed=7.40 target=7.50 neighbors=10
obu-main-back-left-1   | [48.8] Main_Back_Left role=cruise state=CRUISE->CRUISE speed=7.50 target=7.50 neighbors=10
obu-lead-car-1         | [49.1] Lead_Car role=cruise state=CRUISE->CRUISE speed=7.50 target=7.50 neighbors=10
obu-merge-car-1        | [49.1] Merge_Car role=cruise state=CRUISE->CRUISE speed=7.50 target=7.50 neighbors=10
obu-ramp-merge-2-1     | [49.4] Ramp_Merge_2 role=cruise state=CRUISE->CRUISE speed=7.50 target=7.50 neighbors=10
obu-ramp-merge-3-1     | [49.4] Ramp_Merge_3 role=cruise state=CRUISE->CRUISE speed=7.50 target=7.50 neighbors=10
obu-ramp-merge-4-1     | [49.6] Ramp_Merge_4 role=cruise state=CRUISE->CRUISE speed=7.50 target=7.50 neighbors=10
obu-main-back-right-1  | [49.6] Main_Back_Right role=cruise state=CRUISE->CRUISE speed=7.48 target=7.50 neighbors=10
obu-ramp-merge-5-1     | [49.5] Ramp_Merge_5 role=cruise state=CRUISE->CRUISE speed=7.46 target=7.50 neighbors=10
obu-host-car-1         | [49.6] Host_Car role=cruise state=CRUISE->CRUISE speed=7.49 target=7.50 neighbors=10
obu-main-mid-right-1   | [49.6] Main_Mid_Right role=cruise state=CRUISE->CRUISE speed=7.50 target=7.50 neighbors=10
obu-main-back-left-1   | [49.8] Main_Back_Left role=cruise state=CRUISE->CRUISE speed=7.50 target=7.50 neighbors=10
obu-ramp-back-1        | [49.8] Ramp_Back role=cruise state=CRUISE->CRUISE speed=7.44 target=7.50 neighbors=10
obu-lead-car-1         | [50.2] Lead_Car role=cruise state=CRUISE->CRUISE speed=7.50 target=7.50 neighbors=10
obu-merge-car-1        | [50.4] Merge_Car role=cruise state=CRUISE->CRUISE speed=7.50 target=7.50 neighbors=10
obu-ramp-merge-3-1     | [50.4] Ramp_Merge_3 role=cruise state=CRUISE->CRUISE speed=7.50 target=7.50 neighbors=10
obu-ramp-merge-2-1     | [50.4] Ramp_Merge_2 role=cruise state=CRUISE->CRUISE speed=7.50 target=7.50 neighbors=10
obu-ramp-merge-5-1     | [50.5] Ramp_Merge_5 role=cruise state=CRUISE->CRUISE speed=7.47 target=7.50 neighbors=10
obu-host-car-1         | [50.6] Host_Car role=cruise state=CRUISE->CRUISE speed=7.49 target=7.50 neighbors=10
obu-main-mid-right-1   | [50.7] Main_Mid_Right role=cruise state=CRUISE->CRUISE speed=7.50 target=7.50 neighbors=10
obu-ramp-merge-4-1     | [50.6] Ramp_Merge_4 role=cruise state=CRUISE->CRUISE speed=7.50 target=7.50 neighbors=10
obu-main-back-right-1  | [50.6] Main_Back_Right role=cruise state=CRUISE->CRUISE speed=7.49 target=7.50 neighbors=10
obu-main-back-left-1   | [50.9] Main_Back_Left role=cruise state=CRUISE->CRUISE speed=7.50 target=7.50 neighbors=10
obu-ramp-back-1        | [50.9] Ramp_Back role=cruise state=CRUISE->CRUISE speed=7.47 target=7.50 neighbors=10
obu-lead-car-1         | [51.2] Lead_Car role=cruise state=CRUISE->CRUISE speed=7.50 target=7.50 neighbors=10
obu-ramp-merge-3-1     | [51.4] Ramp_Merge_3 role=cruise state=CRUISE->CRUISE speed=7.50 target=7.50 neighbors=10
obu-ramp-merge-2-1     | [51.5] Ramp_Merge_2 role=cruise state=CRUISE->CRUISE speed=7.50 target=7.50 neighbors=10
obu-ramp-merge-5-1     | [51.5] Ramp_Merge_5 role=cruise state=CRUISE->CRUISE speed=7.48 target=7.50 neighbors=10
obu-merge-car-1        | [51.7] Merge_Car role=cruise state=CRUISE->CRUISE speed=7.50 target=7.50 neighbors=10
obu-host-car-1         | [51.7] Host_Car role=cruise state=CRUISE->CRUISE speed=7.50 target=7.50 neighbors=10
obu-ramp-merge-4-1     | [51.6] Ramp_Merge_4 role=cruise state=CRUISE->CRUISE speed=7.50 target=7.50 neighbors=10
obu-main-back-right-1  | [51.7] Main_Back_Right role=cruise state=CRUISE->CRUISE speed=7.49 target=7.50 neighbors=10
obu-main-mid-right-1   | [51.7] Main_Mid_Right role=cruise state=CRUISE->CRUISE speed=7.50 target=7.50 neighbors=10
obu-main-back-left-1   | [52.5] Main_Back_Left role=cruise state=CRUISE->CRUISE speed=7.50 target=7.50 neighbors=10
obu-ramp-merge-3-1     | [52.5] Ramp_Merge_3 role=cruise state=CRUISE->CRUISE speed=7.50 target=7.50 neighbors=10
obu-ramp-merge-2-1     | [52.5] Ramp_Merge_2 role=cruise state=CRUISE->CRUISE speed=7.50 target=7.50 neighbors=10
obu-lead-car-1         | [52.5] Lead_Car role=cruise state=CRUISE->CRUISE speed=7.50 target=7.50 neighbors=10
obu-ramp-back-1        | [52.4] Ramp_Back role=cruise state=CRUISE->CRUISE speed=7.48 target=7.50 neighbors=10
obu-ramp-merge-4-1     | [52.6] Ramp_Merge_4 role=cruise state=CRUISE->CRUISE speed=7.50 target=7.50 neighbors=10
obu-ramp-merge-5-1     | [52.6] Ramp_Merge_5 role=cruise state=CRUISE->CRUISE speed=7.49 target=7.50 neighbors=10
obu-host-car-1         | [52.7] Host_Car role=cruise state=CRUISE->CRUISE speed=7.50 target=7.50 neighbors=10
obu-main-mid-right-1   | [52.7] Main_Mid_Right role=cruise state=CRUISE->CRUISE speed=7.50 target=7.50 neighbors=10
obu-main-back-right-1  | [52.8] Main_Back_Right role=cruise state=CRUISE->CRUISE speed=7.50 target=7.50 neighbors=8
obu-merge-car-1        | [53.1] Merge_Car role=cruise state=CRUISE->CRUISE speed=7.50 target=7.50 neighbors=10
obu-ramp-back-1        | [53.4] Ramp_Back role=cruise state=CRUISE->CRUISE speed=7.49 target=7.50 neighbors=10
obu-main-back-left-1   | [53.5] Main_Back_Left role=cruise state=CRUISE->CRUISE speed=7.50 target=7.50 neighbors=10
obu-ramp-merge-2-1     | [53.7] Ramp_Merge_2 role=cruise state=CRUISE->CRUISE speed=7.50 target=7.50 neighbors=10
obu-lead-car-1         | [53.7] Lead_Car role=cruise state=CRUISE->CRUISE speed=7.50 target=7.50 neighbors=10
obu-ramp-merge-3-1     | [53.7] Ramp_Merge_3 role=cruise state=CRUISE->CRUISE speed=7.50 target=7.50 neighbors=10
obu-ramp-merge-4-1     | [53.7] Ramp_Merge_4 role=cruise state=CRUISE->CRUISE speed=7.50 target=7.50 neighbors=10
obu-main-back-right-1  | [53.9] Main_Back_Right role=cruise state=CRUISE->CRUISE speed=7.50 target=7.50 neighbors=10
obu-ramp-merge-5-1     | [53.9] Ramp_Merge_5 role=cruise state=CRUISE->CRUISE speed=7.49 target=7.50 neighbors=10
obu-host-car-1         | [54.0] Host_Car role=cruise state=CRUISE->CRUISE speed=7.50 target=7.50 neighbors=10
obu-main-mid-right-1   | [54.1] Main_Mid_Right role=cruise state=CRUISE->CRUISE speed=7.50 target=7.50 neighbors=10
obu-merge-car-1        | [54.1] Merge_Car role=cruise state=CRUISE->CRUISE speed=7.50 target=7.50 neighbors=10
obu-lead-car-1         | [54.8] Lead_Car role=cruise state=CRUISE->CRUISE speed=7.50 target=7.50 neighbors=10
obu-ramp-back-1        | [54.4] Ramp_Back role=cruise state=CRUISE->CRUISE speed=7.49 target=7.50 neighbors=10
obu-main-back-left-1   | [54.7] Main_Back_Left role=cruise state=CRUISE->CRUISE speed=7.50 target=7.50 neighbors=10
obu-ramp-merge-3-1     | [54.7] Ramp_Merge_3 role=cruise state=CRUISE->CRUISE speed=7.50 target=7.50 neighbors=10
obu-ramp-merge-4-1     | [54.7] Ramp_Merge_4 role=cruise state=CRUISE->CRUISE speed=7.50 target=7.50 neighbors=10
obu-ramp-merge-2-1     | [54.7] Ramp_Merge_2 role=cruise state=CRUISE->CRUISE speed=7.50 target=7.50 neighbors=10
obu-host-car-1         | [55.0] Host_Car role=cruise state=CRUISE->CRUISE speed=7.50 target=7.50 neighbors=10
obu-main-mid-right-1   | [55.1] Main_Mid_Right role=cruise state=CRUISE->CRUISE speed=7.50 target=7.50 neighbors=10
obu-merge-car-1        | [55.2] Merge_Car role=cruise state=CRUISE->CRUISE speed=7.50 target=7.50 neighbors=10
obu-ramp-back-1        | [55.4] Ramp_Back role=cruise state=CRUISE->CRUISE speed=7.50 target=7.50 neighbors=10
obu-main-back-left-1   | [55.7] Main_Back_Left role=cruise state=CRUISE->CRUISE speed=7.50 target=7.50 neighbors=10
obu-ramp-merge-3-1     | [55.7] Ramp_Merge_3 role=cruise state=CRUISE->CRUISE speed=7.50 target=7.50 neighbors=10
obu-main-back-right-1  | [55.7] Main_Back_Right role=cruise state=CRUISE->CRUISE speed=7.50 target=7.50 neighbors=10
obu-ramp-merge-4-1     | [55.7] Ramp_Merge_4 role=cruise state=CRUISE->CRUISE speed=7.50 target=7.50 neighbors=10
obu-ramp-merge-2-1     | [55.7] Ramp_Merge_2 role=cruise state=CRUISE->CRUISE speed=7.50 target=7.50 neighbors=10
obu-ramp-merge-5-1     | [55.7] Ramp_Merge_5 role=cruise state=CRUISE->CRUISE speed=7.50 target=7.50 neighbors=10
obu-merge-car-1        | [55.7] Merge_Car CAR_FOLLOW: sid=103 edge=135424828 lane=0 leader_edge= leader_lane=None leader_role_hint=main self_merge_completed=True self_merge_completed_age=42.6 self_merge_committed=False lane_cmd_state=CLEAR lane_cmd_edge=1331698336 lane_cmd_target=1 lane_cmd_executable=False same_lane=True reason=same_lane_cam gap=3.5 follow_spd=2.62 emergency=False target_before=7.5 target_after=7.249686735344678
obu-merge-car-1        | MERGE_ATTEMPT_TIMELINE: vehicle=Merge_Car manoeuvre=4 host=None lead=None event=POST_MERGE_CAR_FOLLOW t=55.7 edge=135424828 lane=0 lane_cmd_state=CLEAR speed=7.50 target=7.25 dtm=302.3 lead_gap= host_gap= lead_gap_t1= lead_gap_t2= lead_gap_t3= host_gap_t1= host_gap_t2= host_gap_t3=
obu-merge-car-1        | [55.7] Merge_Car POST_MERGE_CAR_FOLLOW: age=42.6 sid=103 gap=3.5 reason=same_lane_cam follow_spd=2.62 self_edge=135424828 self_lane=0 leader_edge= leader_lane=None lane_cmd_state=CLEAR
obu-host-car-1         | [56.0] Host_Car role=cruise state=CRUISE->CRUISE speed=7.50 target=7.50 neighbors=5
obu-lead-car-1         | [56.7] Lead_Car role=cruise state=CRUISE->CRUISE speed=7.50 target=7.50 neighbors=10
obu-ramp-back-1        | [56.5] Ramp_Back role=cruise state=CRUISE->CRUISE speed=7.50 target=7.50 neighbors=10
obu-main-back-right-1  | [56.7] Main_Back_Right role=cruise state=CRUISE->CRUISE speed=7.50 target=7.50 neighbors=10
obu-ramp-merge-4-1     | [56.7] Ramp_Merge_4 role=cruise state=CRUISE->CRUISE speed=7.50 target=7.50 neighbors=10
obu-ramp-merge-2-1     | [56.7] Ramp_Merge_2 role=cruise state=CRUISE->CRUISE speed=7.50 target=7.50 neighbors=10
obu-ramp-merge-5-1     | [56.7] Ramp_Merge_5 role=cruise state=CRUISE->CRUISE speed=7.50 target=7.50 neighbors=10
obu-main-mid-right-1   | [56.7] Main_Mid_Right role=cruise state=CRUISE->CRUISE speed=7.50 target=7.50 neighbors=10
obu-merge-car-1        | [56.7] Merge_Car role=cruise state=YIELDING->CRUISE speed=7.42 target=7.50 neighbors=10
obu-main-back-left-1   | [56.7] Main_Back_Left role=cruise state=CRUISE->CRUISE speed=7.50 target=7.50 neighbors=10
obu-ramp-merge-3-1     | [56.7] Ramp_Merge_3 role=cruise state=CRUISE->CRUISE speed=7.50 target=7.50 neighbors=10
obu-host-car-1         | [57.5] Host_Car role=cruise state=CRUISE->CRUISE speed=7.47 target=7.50 neighbors=10
obu-ramp-back-1        | [57.5] Ramp_Back role=cruise state=CRUISE->CRUISE speed=7.50 target=7.50 neighbors=10
obu-ramp-merge-2-1     | [57.7] Ramp_Merge_2 role=cruise state=CRUISE->CRUISE speed=7.50 target=7.50 neighbors=9
obu-ramp-merge-5-1     | [57.7] Ramp_Merge_5 role=cruise state=CRUISE->CRUISE speed=7.50 target=7.50 neighbors=9
obu-main-mid-right-1   | [57.7] Main_Mid_Right role=cruise state=CRUISE->CRUISE speed=7.50 target=7.50 neighbors=9
obu-merge-car-1        | [57.7] Merge_Car role=cruise state=CRUISE->CRUISE speed=7.44 target=7.50 neighbors=9
obu-lead-car-1         | [57.7] Lead_Car role=cruise state=CRUISE->CRUISE speed=7.50 target=7.50 neighbors=9
obu-main-back-left-1   | [57.7] Main_Back_Left role=cruise state=CRUISE->CRUISE speed=7.50 target=7.50 neighbors=9
obu-ramp-merge-3-1     | [57.7] Ramp_Merge_3 role=cruise state=CRUISE->CRUISE speed=7.50 target=7.50 neighbors=9
obu-main-back-right-1  | [57.8] Main_Back_Right role=cruise state=CRUISE->CRUISE speed=7.50 target=7.50 neighbors=9
obu-ramp-merge-4-1     | [57.8] Ramp_Merge_4 role=cruise state=CRUISE->CRUISE speed=7.50 target=7.50 neighbors=9
obu-ramp-back-1        | [58.5] Ramp_Back role=cruise state=CRUISE->CRUISE speed=7.50 target=7.50 neighbors=10
obu-host-car-1         | [58.8] Host_Car role=cruise state=CRUISE->CRUISE speed=7.46 target=7.50 neighbors=10
obu-main-back-left-1   | [58.7] Main_Back_Left role=cruise state=CRUISE->CRUISE speed=7.50 target=7.50 neighbors=10
obu-ramp-merge-3-1     | [58.7] Ramp_Merge_3 role=cruise state=CRUISE->CRUISE speed=7.50 target=7.50 neighbors=10
obu-main-mid-right-1   | [59.0] Main_Mid_Right role=cruise state=CRUISE->CRUISE speed=7.50 target=7.50 neighbors=10
obu-merge-car-1        | [59.0] Merge_Car role=cruise state=CRUISE->CRUISE speed=7.47 target=7.50 neighbors=10
obu-main-back-right-1  | [59.0] Main_Back_Right role=cruise state=CRUISE->CRUISE speed=7.50 target=7.50 neighbors=10
obu-ramp-merge-4-1     | [58.9] Ramp_Merge_4 role=cruise state=CRUISE->CRUISE speed=7.50 target=7.50 neighbors=10
obu-ramp-merge-2-1     | [59.0] Ramp_Merge_2 role=cruise state=CRUISE->CRUISE speed=7.50 target=7.50 neighbors=10
obu-ramp-merge-5-1     | [58.9] Ramp_Merge_5 role=cruise state=CRUISE->CRUISE speed=7.50 target=7.50 neighbors=10
obu-ramp-merge-5-1     | [59.5] Ramp_Merge_5 CAR_FOLLOW: sid=110 edge=135424828 lane=0 leader_edge= leader_lane=None leader_role_hint=ramp self_merge_completed=True self_merge_completed_age=24.8 self_merge_committed=False lane_cmd_state=CLEAR lane_cmd_edge=1331698336 lane_cmd_target=1 lane_cmd_executable=False same_lane=True reason=same_lane_cam gap=4.9 follow_spd=2.62 emergency=False target_before=7.5 target_after=7.248950770071538
obu-ramp-merge-5-1     | MERGE_ATTEMPT_TIMELINE: vehicle=Ramp_Merge_5 manoeuvre=128 host=None lead=None event=POST_MERGE_CAR_FOLLOW t=59.5 edge=135424828 lane=0 lane_cmd_state=CLEAR speed=7.50 target=7.25 dtm=169.7 lead_gap= host_gap= lead_gap_t1= lead_gap_t2= lead_gap_t3= host_gap_t1= host_gap_t2= host_gap_t3=
obu-ramp-merge-5-1     | [59.5] Ramp_Merge_5 POST_MERGE_CAR_FOLLOW: age=24.8 sid=110 gap=4.9 reason=same_lane_cam follow_spd=2.62 self_edge=135424828 self_lane=0 leader_edge= leader_lane=None lane_cmd_state=CLEAR
obu-ramp-back-1        | [59.5] Ramp_Back role=cruise state=CRUISE->CRUISE speed=7.50 target=7.50 neighbors=10
obu-ramp-merge-5-1     | [59.6] Ramp_Merge_5 CAR_FOLLOW: sid=110 edge=135424828 lane=0 leader_edge= leader_lane=None leader_role_hint=ramp self_merge_completed=True self_merge_completed_age=24.9 self_merge_committed=False lane_cmd_state=CLEAR lane_cmd_edge=1331698336 lane_cmd_target=1 lane_cmd_executable=False same_lane=True reason=same_lane_cam gap=4.2 follow_spd=2.62 emergency=False target_before=7.5 target_after=7.24899018155271
obu-ramp-merge-5-1     | MERGE_ATTEMPT_TIMELINE: vehicle=Ramp_Merge_5 manoeuvre=128 host=None lead=None event=POST_MERGE_CAR_FOLLOW t=59.6 edge=135424828 lane=0 lane_cmd_state=CLEAR speed=7.50 target=7.25 dtm=170.5 lead_gap= host_gap= lead_gap_t1= lead_gap_t2= lead_gap_t3= host_gap_t1= host_gap_t2= host_gap_t3=
obu-ramp-merge-5-1     | [59.6] Ramp_Merge_5 POST_MERGE_CAR_FOLLOW: age=24.9 sid=110 gap=4.2 reason=same_lane_cam follow_spd=2.62 self_edge=135424828 self_lane=0 leader_edge= leader_lane=None lane_cmd_state=CLEAR
obu-main-front-left-1  | 1779125100: Connecting bridge (step 2) bridge_to_remote (mqtt-broker:1883)
mqtt-broker-1          | 1779125100: New connection from 172.18.0.3:50672 on port 1883.
mqtt-broker-1          | 1779125100: New bridge connected from 172.18.0.3:50672 as 67ea03603f37.bridge_to_remote (p4, c0, k60).
obu-host-car-1         | [59.8] Host_Car role=cruise state=CRUISE->CRUISE speed=7.47 target=7.50 neighbors=10
obu-main-back-left-1   | [59.8] Main_Back_Left role=cruise state=CRUISE->CRUISE speed=7.50 target=7.50 neighbors=10
obu-ramp-merge-3-1     | [59.8] Ramp_Merge_3 role=cruise state=CRUISE->CRUISE speed=7.50 target=7.50 neighbors=10
obu-main-front-left-1  | [60.0] Main_Front_Left role=host state=CRUISE->CRUISE speed=10.50 target=7.50 neighbors=0
obu-ramp-merge-4-1     | [59.9] Ramp_Merge_4 role=cruise state=CRUISE->CRUISE speed=7.50 target=7.50 neighbors=10
obu-ramp-merge-5-1     | [59.9] Ramp_Merge_5 role=cruise state=CRUISE->CRUISE speed=7.46 target=7.50 neighbors=10
obu-main-mid-right-1   | [60.0] Main_Mid_Right role=cruise state=CRUISE->CRUISE speed=7.50 target=7.50 neighbors=10
obu-main-back-right-1  | [60.1] Main_Back_Right role=cruise state=CRUISE->CRUISE speed=7.50 target=7.50 neighbors=9
obu-ramp-merge-2-1     | [60.2] Ramp_Merge_2 role=cruise state=CRUISE->CRUISE speed=7.50 target=7.50 neighbors=9
obu-ramp-back-1        | [60.5] Ramp_Back role=cruise state=CRUISE->CRUISE speed=7.50 target=7.50 neighbors=9
obu-merge-car-1        | [60.8] Merge_Car role=cruise state=CRUISE->CRUISE speed=7.49 target=7.50 neighbors=10
obu-host-car-1         | [60.9] Host_Car role=cruise state=CRUISE->CRUISE speed=7.47 target=7.50 neighbors=9
obu-ramp-merge-5-1     | [61.4] Ramp_Merge_5 CAR_FOLLOW: sid=110 edge=135424828 lane=0 leader_edge= leader_lane=None leader_role_hint=ramp self_merge_completed=True self_merge_completed_age=26.7 self_merge_committed=False lane_cmd_state=CLEAR lane_cmd_edge=1331698336 lane_cmd_target=1 lane_cmd_executable=False same_lane=True reason=same_lane_cam gap=4.2 follow_spd=2.62 emergency=False target_before=7.5 target_after=7.226889767456517
obu-ramp-merge-5-1     | MERGE_ATTEMPT_TIMELINE: vehicle=Ramp_Merge_5 manoeuvre=128 host=None lead=None event=POST_MERGE_CAR_FOLLOW t=61.4 edge=135424828 lane=0 lane_cmd_state=CLEAR speed=7.48 target=7.23 dtm=183.9 lead_gap= host_gap= lead_gap_t1= lead_gap_t2= lead_gap_t3= host_gap_t1= host_gap_t2= host_gap_t3=
obu-ramp-merge-5-1     | [61.4] Ramp_Merge_5 POST_MERGE_CAR_FOLLOW: age=26.7 sid=110 gap=4.2 reason=same_lane_cam follow_spd=2.62 self_edge=135424828 self_lane=0 leader_edge= leader_lane=None lane_cmd_state=CLEAR
obu-ramp-merge-5-1     | [61.4] Ramp_Merge_5 role=cruise state=CRUISE->YIELDING speed=7.48 target=7.23 neighbors=9
obu-main-mid-right-1   | [61.7] Main_Mid_Right role=cruise state=CRUISE->CRUISE speed=7.50 target=7.50 neighbors=10
obu-main-back-left-1   | [61.7] Main_Back_Left role=cruise state=CRUISE->CRUISE speed=7.50 target=7.50 neighbors=10
obu-ramp-merge-3-1     | [61.7] Ramp_Merge_3 role=cruise state=CRUISE->CRUISE speed=7.50 target=7.50 neighbors=10
obu-main-back-right-1  | [61.7] Main_Back_Right role=cruise state=CRUISE->CRUISE speed=7.50 target=7.50 neighbors=10
obu-ramp-back-1        | [61.6] Ramp_Back role=cruise state=CRUISE->CRUISE speed=7.50 target=7.50 neighbors=10
obu-ramp-merge-4-1     | [61.7] Ramp_Merge_4 role=cruise state=CRUISE->CRUISE speed=7.50 target=7.50 neighbors=10
obu-ramp-merge-2-1     | [61.7] Ramp_Merge_2 role=cruise state=CRUISE->CRUISE speed=7.50 target=7.50 neighbors=10
obu-host-car-1         | [61.9] Host_Car role=cruise state=CRUISE->CRUISE speed=7.48 target=7.50 neighbors=10
obu-ramp-merge-5-1     | [62.4] Ramp_Merge_5 CAR_FOLLOW: sid=110 edge=135424828 lane=0 leader_edge= leader_lane=None leader_role_hint=ramp self_merge_completed=True self_merge_completed_age=27.7 self_merge_committed=False lane_cmd_state=CLEAR lane_cmd_edge=1331698336 lane_cmd_target=1 lane_cmd_executable=False same_lane=True reason=same_lane_cam gap=2.8 follow_spd=3.38 emergency=False target_before=7.5 target_after=7.214474175945629
obu-ramp-merge-5-1     | MERGE_ATTEMPT_TIMELINE: vehicle=Ramp_Merge_5 manoeuvre=128 host=None lead=None event=POST_MERGE_CAR_FOLLOW t=62.4 edge=135424828 lane=0 lane_cmd_state=CLEAR speed=7.46 target=7.21 dtm=191.4 lead_gap= host_gap= lead_gap_t1= lead_gap_t2= lead_gap_t3= host_gap_t1= host_gap_t2= host_gap_t3=
obu-ramp-merge-5-1     | [62.4] Ramp_Merge_5 POST_MERGE_CAR_FOLLOW: age=27.7 sid=110 gap=2.8 reason=same_lane_cam follow_spd=3.38 self_edge=135424828 self_lane=0 leader_edge= leader_lane=None lane_cmd_state=CLEAR
obu-ramp-merge-5-1     | [62.4] Ramp_Merge_5 role=cruise state=CRUISE->YIELDING speed=7.46 target=7.21 neighbors=10
obu-ramp-merge-4-1     | [62.4] Ramp_Merge_4 CAR_FOLLOW: sid=106 edge=135424828 lane=0 leader_edge= leader_lane=None leader_role_hint=main self_merge_completed=True self_merge_completed_age=26.7 self_merge_committed=False lane_cmd_state=CLEAR lane_cmd_edge=1331698336 lane_cmd_target=1 lane_cmd_executable=False same_lane=True reason=same_lane_cam gap=4.3 follow_spd=2.62 emergency=False target_before=7.5 target_after=7.249994149563064
obu-ramp-merge-4-1     | MERGE_ATTEMPT_TIMELINE: vehicle=Ramp_Merge_4 manoeuvre=98 host=None lead=None event=POST_MERGE_CAR_FOLLOW t=62.4 edge=135424828 lane=0 lane_cmd_state=CLEAR speed=7.50 target=7.25 dtm=211.4 lead_gap= host_gap= lead_gap_t1= lead_gap_t2= lead_gap_t3= host_gap_t1= host_gap_t2= host_gap_t3=
obu-ramp-merge-4-1     | [62.4] Ramp_Merge_4 POST_MERGE_CAR_FOLLOW: age=26.7 sid=106 gap=4.3 reason=same_lane_cam follow_spd=2.62 self_edge=135424828 self_lane=0 leader_edge= leader_lane=None lane_cmd_state=CLEAR
obu-ramp-merge-5-1     | [62.5] Ramp_Merge_5 CAR_FOLLOW: sid=110 edge=135424828 lane=0 leader_edge= leader_lane=None leader_role_hint=ramp self_merge_completed=True self_merge_completed_age=27.8 self_merge_committed=False lane_cmd_state=CLEAR lane_cmd_edge=1331698336 lane_cmd_target=1 lane_cmd_executable=False same_lane=True reason=same_lane_cam gap=2.0 follow_spd=3.38 emergency=False target_before=7.5 target_after=7.216250467148347
obu-ramp-merge-5-1     | MERGE_ATTEMPT_TIMELINE: vehicle=Ramp_Merge_5 manoeuvre=128 host=None lead=None event=POST_MERGE_CAR_FOLLOW t=62.5 edge=135424828 lane=0 lane_cmd_state=CLEAR speed=7.47 target=7.22 dtm=192.1 lead_gap= host_gap= lead_gap_t1= lead_gap_t2= lead_gap_t3= host_gap_t1= host_gap_t2= host_gap_t3=
obu-ramp-merge-5-1     | [62.5] Ramp_Merge_5 POST_MERGE_CAR_FOLLOW: age=27.8 sid=110 gap=2.0 reason=same_lane_cam follow_spd=3.38 self_edge=135424828 self_lane=0 leader_edge= leader_lane=None lane_cmd_state=CLEAR
obu-merge-car-1        | [62.6] Merge_Car role=cruise state=CRUISE->CRUISE speed=7.50 target=7.50 neighbors=10
obu-main-back-left-1   | [62.7] Main_Back_Left CAR_FOLLOW: sid=108 edge=135424828 lane=0 leader_edge= leader_lane=None leader_role_hint=ramp self_merge_completed=False self_merge_completed_age=-1.0 self_merge_committed=False lane_cmd_state=None lane_cmd_edge=None lane_cmd_target=None lane_cmd_executable=None same_lane=True reason=same_lane_cam gap=3.4 follow_spd=2.62 emergency=False target_before=7.5 target_after=7.249999996302519
obu-main-back-left-1   | [62.7] Main_Back_Left role=cruise state=CRUISE->YIELDING speed=7.50 target=7.25 neighbors=10
obu-ramp-merge-3-1     | [62.7] Ramp_Merge_3 role=cruise state=CRUISE->CRUISE speed=7.50 target=7.50 neighbors=9
obu-main-back-right-1  | [62.7] Main_Back_Right role=cruise state=CRUISE->CRUISE speed=7.50 target=7.50 neighbors=10
obu-ramp-back-1        | [62.6] Ramp_Back role=cruise state=CRUISE->CRUISE speed=7.50 target=7.50 neighbors=9
obu-ramp-merge-2-1     | [62.7] Ramp_Merge_2 role=cruise state=CRUISE->CRUISE speed=7.50 target=7.50 neighbors=10
obu-main-mid-right-1   | [62.8] Main_Mid_Right role=cruise state=CRUISE->CRUISE speed=7.50 target=7.50 neighbors=9
obu-host-car-1         | [62.9] Host_Car role=cruise state=CRUISE->CRUISE speed=7.48 target=7.50 neighbors=9
obu-ramp-merge-4-1     | [62.8] Ramp_Merge_4 role=cruise state=CRUISE->CRUISE speed=7.50 target=7.50 neighbors=9
obu-ramp-merge-5-1     | [63.4] Ramp_Merge_5 role=cruise state=CRUISE->CRUISE speed=7.44 target=7.50 neighbors=9
obu-merge-car-1        | [63.6] Merge_Car role=cruise state=CRUISE->CRUISE speed=7.50 target=7.50 neighbors=9
obu-ramp-merge-3-1     | [63.8] Ramp_Merge_3 role=cruise state=CRUISE->CRUISE speed=7.50 target=7.50 neighbors=9
obu-main-back-left-1   | [63.8] Main_Back_Left role=cruise state=CRUISE->CRUISE speed=7.48 target=7.50 neighbors=9
obu-main-back-right-1  | [63.8] Main_Back_Right role=cruise state=CRUISE->CRUISE speed=7.50 target=7.50 neighbors=9
obu-ramp-back-1        | [63.7] Ramp_Back role=cruise state=CRUISE->CRUISE speed=7.50 target=7.50 neighbors=9
obu-ramp-merge-4-1     | [63.8] Ramp_Merge_4 role=cruise state=CRUISE->CRUISE speed=7.49 target=7.50 neighbors=9
obu-ramp-merge-2-1     | [63.8] Ramp_Merge_2 role=cruise state=CRUISE->CRUISE speed=7.50 target=7.50 neighbors=9
obu-main-mid-right-1   | [63.8] Main_Mid_Right role=cruise state=CRUISE->CRUISE speed=7.50 target=7.50 neighbors=9
obu-host-car-1         | [64.0] Host_Car role=cruise state=CRUISE->CRUISE speed=7.49 target=7.50 neighbors=8
obu-ramp-merge-5-1     | [64.4] Ramp_Merge_5 role=cruise state=CRUISE->CRUISE speed=7.46 target=7.50 neighbors=9
obu-ramp-back-1        | [64.7] Ramp_Back role=cruise state=CRUISE->CRUISE speed=7.50 target=7.50 neighbors=9
obu-merge-car-1        | [64.7] Merge_Car role=cruise state=CRUISE->CRUISE speed=7.50 target=7.50 neighbors=9
obu-main-back-left-1   | [64.8] Main_Back_Left role=cruise state=CRUISE->CRUISE speed=7.49 target=7.50 neighbors=9
obu-main-back-right-1  | [64.8] Main_Back_Right role=cruise state=CRUISE->CRUISE speed=7.50 target=7.50 neighbors=9
obu-ramp-merge-4-1     | [64.8] Ramp_Merge_4 role=cruise state=CRUISE->CRUISE speed=7.50 target=7.50 neighbors=9
obu-main-mid-right-1   | [65.1] Main_Mid_Right role=cruise state=CRUISE->CRUISE speed=7.50 target=7.50 neighbors=9
obu-host-car-1         | [65.1] Host_Car role=cruise state=CRUISE->CRUISE speed=7.49 target=7.50 neighbors=9
obu-ramp-merge-3-1     | [65.0] Ramp_Merge_3 role=cruise state=CRUISE->CRUISE speed=7.50 target=7.50 neighbors=9
obu-ramp-merge-2-1     | [65.0] Ramp_Merge_2 role=cruise state=CRUISE->CRUISE speed=7.50 target=7.50 neighbors=9
obu-ramp-merge-5-1     | [65.5] Ramp_Merge_5 role=cruise state=CRUISE->CRUISE speed=7.48 target=7.50 neighbors=8
obu-host-car-1         | [65.9] Host_Car CAR_FOLLOW: sid=107 edge=135424828 lane=0 leader_edge= leader_lane=None leader_role_hint=ramp self_merge_completed=False self_merge_completed_age=-1.0 self_merge_committed=False lane_cmd_state=None lane_cmd_edge=None lane_cmd_target=None lane_cmd_executable=None same_lane=True reason=same_lane_cam gap=4.4 follow_spd=2.62 emergency=False target_before=7.5 target_after=7.24377380714156
obu-main-back-left-1   | [65.9] Main_Back_Left role=cruise state=CRUISE->CRUISE speed=7.49 target=7.50 neighbors=9
obu-ramp-back-1        | [65.9] Ramp_Back role=cruise state=CRUISE->CRUISE speed=7.50 target=7.50 neighbors=9
obu-main-back-right-1  | [65.9] Main_Back_Right role=cruise state=CRUISE->CRUISE speed=7.50 target=7.50 neighbors=9
obu-ramp-merge-4-1     | [65.9] Ramp_Merge_4 role=cruise state=CRUISE->CRUISE speed=7.50 target=7.50 neighbors=9
obu-ramp-merge-2-1     | [66.0] Ramp_Merge_2 role=cruise state=CRUISE->CRUISE speed=7.50 target=7.50 neighbors=9
obu-merge-car-1        | [65.9] Merge_Car role=cruise state=CRUISE->CRUISE speed=7.50 target=7.50 neighbors=9
obu-main-mid-right-1   | [66.2] Main_Mid_Right role=cruise state=CRUISE->CRUISE speed=7.50 target=7.50 neighbors=9
obu-ramp-merge-5-1     | [66.5] Ramp_Merge_5 role=cruise state=CRUISE->CRUISE speed=7.49 target=7.50 neighbors=9
obu-host-car-1         | [67.1] Host_Car role=cruise state=YIELDING->CRUISE speed=7.39 target=7.50 neighbors=9
obu-ramp-merge-3-1     | [67.0] Ramp_Merge_3 role=cruise state=CRUISE->CRUISE speed=7.50 target=7.50 neighbors=9
obu-main-back-left-1   | [67.1] Main_Back_Left role=cruise state=CRUISE->CRUISE speed=7.50 target=7.50 neighbors=9
obu-ramp-back-1        | [67.0] Ramp_Back role=cruise state=CRUISE->CRUISE speed=7.50 target=7.50 neighbors=9
obu-main-back-right-1  | [67.0] Main_Back_Right role=cruise state=CRUISE->CRUISE speed=7.50 target=7.50 neighbors=9
obu-ramp-merge-2-1     | [67.1] Ramp_Merge_2 role=cruise state=CRUISE->CRUISE speed=7.50 target=7.50 neighbors=9
obu-ramp-merge-4-1     | [67.1] Ramp_Merge_4 role=cruise state=CRUISE->CRUISE speed=7.50 target=7.50 neighbors=9
obu-merge-car-1        | [67.2] Merge_Car role=cruise state=CRUISE->CRUISE speed=7.50 target=7.50 neighbors=4
obu-main-mid-right-1   | [67.2] Main_Mid_Right role=cruise state=CRUISE->CRUISE speed=7.50 target=7.50 neighbors=9
obu-ramp-merge-5-1     | [67.7] Ramp_Merge_5 role=cruise state=CRUISE->CRUISE speed=7.49 target=7.50 neighbors=4
obu-host-car-1         | [68.1] Host_Car role=cruise state=CRUISE->CRUISE speed=7.43 target=7.50 neighbors=9
obu-ramp-merge-3-1     | [68.1] Ramp_Merge_3 role=cruise state=CRUISE->CRUISE speed=7.50 target=7.50 neighbors=9
obu-main-back-left-1   | [68.3] Main_Back_Left role=cruise state=CRUISE->CRUISE speed=7.50 target=7.50 neighbors=9
obu-ramp-back-1        | [68.3] Ramp_Back role=cruise state=CRUISE->CRUISE speed=7.50 target=7.50 neighbors=9
obu-main-back-right-1  | [68.1] Main_Back_Right role=cruise state=CRUISE->CRUISE speed=7.50 target=7.50 neighbors=9
obu-ramp-merge-4-1     | [68.3] Ramp_Merge_4 role=cruise state=CRUISE->CRUISE speed=7.50 target=7.50 neighbors=9
obu-ramp-merge-2-1     | [68.3] Ramp_Merge_2 role=cruise state=CRUISE->CRUISE speed=7.50 target=7.50 neighbors=9
obu-merge-car-1        | [68.3] Merge_Car role=cruise state=CRUISE->CRUISE speed=7.50 target=7.50 neighbors=9
obu-merge-car-1        | [68.7] Merge_Car CAR_FOLLOW: sid=103 edge=135424828 lane=0 leader_edge= leader_lane=None leader_role_hint=main self_merge_completed=True self_merge_completed_age=55.6 self_merge_committed=False lane_cmd_state=CLEAR lane_cmd_edge=1331698336 lane_cmd_target=1 lane_cmd_executable=False same_lane=True reason=same_lane_cam gap=4.5 follow_spd=2.62 emergency=False target_before=7.5 target_after=7.2497819256414955
obu-merge-car-1        | MERGE_ATTEMPT_TIMELINE: vehicle=Merge_Car manoeuvre=4 host=None lead=None event=POST_MERGE_CAR_FOLLOW t=68.7 edge=135424828 lane=0 lane_cmd_state=CLEAR speed=7.50 target=7.25 dtm=399.5 lead_gap= host_gap= lead_gap_t1= lead_gap_t2= lead_gap_t3= host_gap_t1= host_gap_t2= host_gap_t3=
obu-merge-car-1        | [68.7] Merge_Car POST_MERGE_CAR_FOLLOW: age=55.6 sid=103 gap=4.5 reason=same_lane_cam follow_spd=2.62 self_edge=135424828 self_lane=0 leader_edge= leader_lane=None lane_cmd_state=CLEAR
obu-ramp-merge-5-1     | [68.7] Ramp_Merge_5 CAR_FOLLOW: sid=110 edge=135424828 lane=0 leader_edge= leader_lane=None leader_role_hint=ramp self_merge_completed=True self_merge_completed_age=34.0 self_merge_committed=False lane_cmd_state=CLEAR lane_cmd_edge=1331698336 lane_cmd_target=1 lane_cmd_executable=False same_lane=True reason=same_lane_cam gap=3.7 follow_spd=2.62 emergency=False target_before=7.5 target_after=7.245897687479572
obu-ramp-merge-5-1     | MERGE_ATTEMPT_TIMELINE: vehicle=Ramp_Merge_5 manoeuvre=128 host=None lead=None event=POST_MERGE_CAR_FOLLOW t=68.7 edge=135424828 lane=0 lane_cmd_state=CLEAR speed=7.50 target=7.25 dtm=238.4 lead_gap= host_gap= lead_gap_t1= lead_gap_t2= lead_gap_t3= host_gap_t1= host_gap_t2= host_gap_t3=
obu-ramp-merge-5-1     | [68.7] Ramp_Merge_5 POST_MERGE_CAR_FOLLOW: age=34.0 sid=110 gap=3.7 reason=same_lane_cam follow_spd=2.62 self_edge=135424828 self_lane=0 leader_edge= leader_lane=None lane_cmd_state=CLEAR
obu-ramp-merge-5-1     | [68.7] Ramp_Merge_5 role=cruise state=CRUISE->YIELDING speed=7.50 target=7.25 neighbors=9
obu-host-car-1         | [68.8] Host_Car CAR_FOLLOW: sid=107 edge=135424828 lane=0 leader_edge= leader_lane=None leader_role_hint=ramp self_merge_completed=False self_merge_completed_age=-1.0 self_merge_committed=False lane_cmd_state=None lane_cmd_edge=None lane_cmd_target=None lane_cmd_executable=None same_lane=True reason=same_lane_cam gap=3.8 follow_spd=2.62 emergency=False target_before=7.5 target_after=7.199915646702879
obu-main-back-right-1  | [69.1] Main_Back_Right role=cruise state=CRUISE->CRUISE speed=7.50 target=7.50 neighbors=8
obu-host-car-1         | [69.2] Host_Car role=cruise state=YIELDING->CRUISE speed=7.46 target=7.50 neighbors=9
obu-ramp-merge-3-1     | [69.1] Ramp_Merge_3 role=cruise state=CRUISE->CRUISE speed=7.50 target=7.50 neighbors=9
obu-main-back-left-1   | [69.3] Main_Back_Left role=cruise state=CRUISE->CRUISE speed=7.50 target=7.50 neighbors=9
obu-ramp-back-1        | [69.3] Ramp_Back role=cruise state=CRUISE->CRUISE speed=7.50 target=7.50 neighbors=9
obu-ramp-merge-2-1     | [69.5] Ramp_Merge_2 role=cruise state=CRUISE->CRUISE speed=7.50 target=7.50 neighbors=9
obu-ramp-merge-4-1     | [69.5] Ramp_Merge_4 role=cruise state=CRUISE->CRUISE speed=7.50 target=7.50 neighbors=9
obu-merge-car-1        | [69.4] Merge_Car role=cruise state=CRUISE->CRUISE speed=7.48 target=7.50 neighbors=9
obu-merge-car-1        | [69.8] Merge_Car CAR_FOLLOW: sid=103 edge=135424828 lane=0 leader_edge= leader_lane=None leader_role_hint=main self_merge_completed=True self_merge_completed_age=56.7 self_merge_committed=False lane_cmd_state=CLEAR lane_cmd_edge=1331698336 lane_cmd_target=1 lane_cmd_executable=False same_lane=True reason=same_lane_cam gap=3.0 follow_spd=2.62 emergency=False target_before=7.5 target_after=7.230998596609494
obu-merge-car-1        | MERGE_ATTEMPT_TIMELINE: vehicle=Merge_Car manoeuvre=4 host=None lead=None event=POST_MERGE_CAR_FOLLOW t=69.8 edge=135424828 lane=0 lane_cmd_state=CLEAR speed=7.48 target=7.23 dtm=407.7 lead_gap= host_gap= lead_gap_t1= lead_gap_t2= lead_gap_t3= host_gap_t1= host_gap_t2= host_gap_t3=
obu-merge-car-1        | [69.8] Merge_Car POST_MERGE_CAR_FOLLOW: age=56.7 sid=103 gap=3.0 reason=same_lane_cam follow_spd=2.62 self_edge=135424828 self_lane=0 leader_edge= leader_lane=None lane_cmd_state=CLEAR
obu-ramp-merge-5-1     | [69.8] Ramp_Merge_5 role=cruise state=CRUISE->CRUISE speed=7.48 target=7.50 neighbors=9
obu-ramp-merge-2-1     | [69.9] Ramp_Merge_2 CAR_FOLLOW: sid=104 edge=135424828 lane=0 leader_edge= leader_lane=None leader_role_hint=main self_merge_completed=True self_merge_completed_age=48.6 self_merge_committed=False lane_cmd_state=CLEAR lane_cmd_edge=1331698336 lane_cmd_target=1 lane_cmd_executable=False same_lane=True reason=same_lane_cam gap=4.3 follow_spd=2.62 emergency=False target_before=7.5 target_after=7.249999999981314
obu-ramp-merge-2-1     | MERGE_ATTEMPT_TIMELINE: vehicle=Ramp_Merge_2 manoeuvre=37 host=None lead=None event=POST_MERGE_CAR_FOLLOW t=69.9 edge=135424828 lane=0 lane_cmd_state=CLEAR speed=7.50 target=7.25 dtm=366.7 lead_gap= host_gap= lead_gap_t1= lead_gap_t2= lead_gap_t3= host_gap_t1= host_gap_t2= host_gap_t3=
obu-ramp-merge-2-1     | [69.9] Ramp_Merge_2 POST_MERGE_CAR_FOLLOW: age=48.6 sid=104 gap=4.3 reason=same_lane_cam follow_spd=2.62 self_edge=135424828 self_lane=0 leader_edge= leader_lane=None lane_cmd_state=CLEAR
obu-host-car-1         | [70.2] Host_Car role=cruise state=CRUISE->CRUISE speed=7.46 target=7.50 neighbors=6
obu-ramp-merge-3-1     | [70.2] Ramp_Merge_3 role=cruise state=CRUISE->CRUISE speed=7.50 target=7.50 neighbors=8
obu-main-back-right-1  | [70.2] Main_Back_Right role=cruise state=CRUISE->CRUISE speed=7.50 target=7.50 neighbors=8
obu-ramp-back-1        | [70.5] Ramp_Back role=cruise state=CRUISE->CRUISE speed=7.50 target=7.50 neighbors=8
obu-ramp-merge-2-1     | [70.6] Ramp_Merge_2 role=cruise state=CRUISE->CRUISE speed=7.48 target=7.50 neighbors=8
obu-ramp-merge-4-1     | [70.6] Ramp_Merge_4 role=cruise state=CRUISE->CRUISE speed=7.50 target=7.50 neighbors=8
obu-merge-car-1        | [70.8] Merge_Car role=cruise state=CRUISE->CRUISE speed=7.46 target=7.50 neighbors=8
obu-host-car-1         | [71.6] Host_Car role=cruise state=CRUISE->CRUISE speed=7.48 target=7.50 neighbors=2
obu-main-back-left-1   | [71.6] Main_Back_Left role=cruise state=CRUISE->CRUISE speed=7.50 target=7.50 neighbors=2
obu-ramp-merge-3-1     | [71.6] Ramp_Merge_3 role=cruise state=CRUISE->CRUISE speed=7.50 target=7.50 neighbors=4
obu-main-back-right-1  | [71.6] Main_Back_Right role=cruise state=CRUISE->CRUISE speed=7.50 target=7.50 neighbors=1
obu-ramp-merge-2-1     | [71.6] Ramp_Merge_2 role=cruise state=CRUISE->CRUISE speed=7.49 target=7.50 neighbors=0
obu-ramp-back-1        | [71.7] Ramp_Back role=cruise state=CRUISE->CRUISE speed=7.50 target=7.50 neighbors=3
obu-ramp-merge-4-1     | [71.8] Ramp_Merge_4 role=cruise state=CRUISE->CRUISE speed=7.50 target=7.50 neighbors=3
obu-ramp-merge-5-1     | [72.0] Ramp_Merge_5 role=cruise state=CRUISE->CRUISE speed=7.49 target=7.50 neighbors=3
obu-host-car-1         | [72.8] Host_Car CAR_FOLLOW: sid=107 edge=135424828 lane=0 leader_edge= leader_lane=None leader_role_hint=ramp self_merge_completed=False self_merge_completed_age=-1.0 self_merge_committed=False lane_cmd_state=None lane_cmd_edge=None lane_cmd_target=None lane_cmd_executable=None same_lane=True reason=same_lane_cam gap=0.9 follow_spd=2.62 emergency=False target_before=7.5 target_after=7.238448493931262
obu-host-car-1         | [72.8] Host_Car role=cruise state=CRUISE->YIELDING speed=7.49 target=7.24 neighbors=6
obu-main-back-left-1   | [72.8] Main_Back_Left role=cruise state=CRUISE->CRUISE speed=7.50 target=7.50 neighbors=7
obu-ramp-merge-3-1     | [72.7] Ramp_Merge_3 role=cruise state=CRUISE->CRUISE speed=7.50 target=7.50 neighbors=8
obu-ramp-back-1        | [72.7] Ramp_Back role=cruise state=CRUISE->CRUISE speed=7.50 target=7.50 neighbors=7
obu-main-back-right-1  | [72.7] Main_Back_Right role=cruise state=CRUISE->CRUISE speed=7.50 target=7.50 neighbors=8
obu-ramp-merge-2-1     | [72.8] Ramp_Merge_2 role=cruise state=CRUISE->CRUISE speed=7.49 target=7.50 neighbors=8
obu-host-car-1         | [72.9] Host_Car CAR_FOLLOW: sid=107 edge=135424828 lane=0 leader_edge= leader_lane=None leader_role_hint=ramp self_merge_completed=False self_merge_completed_age=-1.0 self_merge_committed=False lane_cmd_state=None lane_cmd_edge=None lane_cmd_target=None lane_cmd_executable=None same_lane=True reason=same_lane_cam gap=0.2 follow_spd=2.62 emergency=False target_before=7.5 target_after=7.239026069234699
obu-ramp-merge-4-1     | [72.9] Ramp_Merge_4 role=cruise state=CRUISE->CRUISE speed=7.50 target=7.50 neighbors=8
obu-host-car-1         | [73.1] Host_Car CAR_FOLLOW: sid=107 edge=135424828 lane=0 leader_edge= leader_lane=None leader_role_hint=ramp self_merge_completed=False self_merge_completed_age=-1.0 self_merge_committed=False lane_cmd_state=None lane_cmd_edge=None lane_cmd_target=None lane_cmd_executable=None same_lane=True reason=same_lane_cam gap=0.0 follow_spd=2.62 emergency=False target_before=7.5 target_after=7.22701845218088
obu-ramp-merge-5-1     | [73.1] Ramp_Merge_5 role=cruise state=CRUISE->CRUISE speed=7.50 target=7.50 neighbors=8
obu-host-car-1         | [73.4] Host_Car CAR_FOLLOW: sid=107 edge=135424828 lane=0 leader_edge= leader_lane=None leader_role_hint=ramp self_merge_completed=False self_merge_completed_age=-1.0 self_merge_committed=False lane_cmd_state=None lane_cmd_edge=None lane_cmd_target=None lane_cmd_executable=None same_lane=True reason=same_lane_cam gap=0.0 follow_spd=2.62 emergency=False target_before=7.5 target_after=7.193048725477613
obu-ramp-merge-4-1     | [73.6] Ramp_Merge_4 CAR_FOLLOW: sid=106 edge=135424828 lane=0 leader_edge= leader_lane=None leader_role_hint=main self_merge_completed=True self_merge_completed_age=37.9 self_merge_committed=False lane_cmd_state=CLEAR lane_cmd_edge=1331698336 lane_cmd_target=1 lane_cmd_executable=False same_lane=True reason=same_lane_cam gap=3.6 follow_spd=2.62 emergency=False target_before=7.5 target_after=7.249948298494151
obu-ramp-merge-4-1     | MERGE_ATTEMPT_TIMELINE: vehicle=Ramp_Merge_4 manoeuvre=98 host=None lead=None event=POST_MERGE_CAR_FOLLOW t=73.6 edge=135424828 lane=0 lane_cmd_state=CLEAR speed=7.50 target=7.25 dtm=295.3 lead_gap= host_gap= lead_gap_t1= lead_gap_t2= lead_gap_t3= host_gap_t1= host_gap_t2= host_gap_t3=
obu-ramp-merge-4-1     | [73.6] Ramp_Merge_4 POST_MERGE_CAR_FOLLOW: age=37.9 sid=106 gap=3.6 reason=same_lane_cam follow_spd=2.62 self_edge=135424828 self_lane=0 leader_edge= leader_lane=None lane_cmd_state=CLEAR
obu-main-back-left-1   | [74.0] Main_Back_Left role=cruise state=CRUISE->CRUISE speed=7.50 target=7.50 neighbors=5
obu-ramp-merge-3-1     | [73.7] Ramp_Merge_3 role=cruise state=CRUISE->CRUISE speed=7.50 target=7.50 neighbors=8
obu-main-back-right-1  | [74.0] Main_Back_Right role=cruise state=CRUISE->CRUISE speed=7.50 target=7.50 neighbors=6
obu-ramp-merge-2-1     | [74.0] Ramp_Merge_2 role=cruise state=CRUISE->CRUISE speed=7.50 target=7.50 neighbors=6
obu-ramp-merge-4-1     | [73.9] Ramp_Merge_4 role=cruise state=YIELDING->CRUISE speed=7.50 target=7.50 neighbors=7
obu-ramp-back-1        | [74.0] Ramp_Back role=cruise state=CRUISE->CRUISE speed=7.50 target=7.50 neighbors=7
obu-ramp-merge-5-1     | [74.2] Ramp_Merge_5 role=cruise state=CRUISE->CRUISE speed=7.50 target=7.50 neighbors=7
obu-ramp-merge-4-1     | [74.4] Ramp_Merge_4 CAR_FOLLOW: sid=106 edge=135424828 lane=0 leader_edge= leader_lane=None leader_role_hint=main self_merge_completed=True self_merge_completed_age=38.7 self_merge_committed=False lane_cmd_state=CLEAR lane_cmd_edge=1331698336 lane_cmd_target=1 lane_cmd_executable=False same_lane=True reason=same_lane_cam gap=4.4 follow_spd=2.62 emergency=False target_before=7.5 target_after=7.227962713255311
obu-ramp-merge-4-1     | MERGE_ATTEMPT_TIMELINE: vehicle=Ramp_Merge_4 manoeuvre=98 host=None lead=None event=POST_MERGE_CAR_FOLLOW t=74.4 edge=135424828 lane=0 lane_cmd_state=CLEAR speed=7.48 target=7.23 dtm=301.3 lead_gap= host_gap= lead_gap_t1= lead_gap_t2= lead_gap_t3= host_gap_t1= host_gap_t2= host_gap_t3=
obu-ramp-merge-4-1     | [74.4] Ramp_Merge_4 POST_MERGE_CAR_FOLLOW: age=38.7 sid=106 gap=4.4 reason=same_lane_cam follow_spd=2.62 self_edge=135424828 self_lane=0 leader_edge= leader_lane=None lane_cmd_state=CLEAR
obu-ramp-merge-3-1     | [74.7] Ramp_Merge_3 role=cruise state=CRUISE->CRUISE speed=7.50 target=7.50 neighbors=7
obu-ramp-merge-4-1     | [74.6] Ramp_Merge_4 CAR_FOLLOW: sid=106 edge=135424828 lane=0 leader_edge= leader_lane=None leader_role_hint=main self_merge_completed=True self_merge_completed_age=38.9 self_merge_committed=False lane_cmd_state=CLEAR lane_cmd_edge=1331698336 lane_cmd_target=1 lane_cmd_executable=False same_lane=True reason=same_lane_cam gap=2.9 follow_spd=3.38 emergency=False target_before=7.5 target_after=7.230111348712918
obu-ramp-merge-4-1     | MERGE_ATTEMPT_TIMELINE: vehicle=Ramp_Merge_4 manoeuvre=98 host=None lead=None event=POST_MERGE_CAR_FOLLOW t=74.6 edge=135424828 lane=0 lane_cmd_state=CLEAR speed=7.48 target=7.23 dtm=302.8 lead_gap= host_gap= lead_gap_t1= lead_gap_t2= lead_gap_t3= host_gap_t1= host_gap_t2= host_gap_t3=
obu-ramp-merge-4-1     | [74.6] Ramp_Merge_4 POST_MERGE_CAR_FOLLOW: age=38.9 sid=106 gap=2.9 reason=same_lane_cam follow_spd=3.38 self_edge=135424828 self_lane=0 leader_edge= leader_lane=None lane_cmd_state=CLEAR
obu-main-back-right-1  | [75.2] Main_Back_Right role=cruise state=CRUISE->CRUISE speed=7.50 target=7.50 neighbors=6
obu-ramp-merge-2-1     | [75.3] Ramp_Merge_2 role=cruise state=CRUISE->CRUISE speed=7.50 target=7.50 neighbors=6
obu-ramp-merge-4-1     | [75.2] Ramp_Merge_4 role=cruise state=YIELDING->CRUISE speed=7.43 target=7.50 neighbors=6
obu-ramp-merge-5-1     | [75.2] Ramp_Merge_5 role=cruise state=CRUISE->CRUISE speed=7.50 target=7.50 neighbors=6
obu-main-back-left-1   | [75.3] Main_Back_Left role=cruise state=CRUISE->CRUISE speed=7.50 target=7.50 neighbors=5
obu-ramp-back-1        | [75.3] Ramp_Back role=cruise state=CRUISE->CRUISE speed=7.50 target=7.50 neighbors=6
obu-ramp-merge-3-1     | [75.7] Ramp_Merge_3 role=cruise state=CRUISE->CRUISE speed=7.50 target=7.50 neighbors=6
obu-main-back-left-1   | [75.9] Main_Back_Left CAR_FOLLOW: sid=108 edge=135424828 lane=0 leader_edge= leader_lane=None leader_role_hint=ramp self_merge_completed=False self_merge_completed_age=-1.0 self_merge_committed=False lane_cmd_state=None lane_cmd_edge=None lane_cmd_target=None lane_cmd_executable=None same_lane=True reason=same_lane_cam gap=4.2 follow_spd=2.62 emergency=False target_before=7.5 target_after=7.249965678507803
obu-main-back-left-1   | [76.4] Main_Back_Left role=cruise state=YIELDING->CRUISE speed=7.50 target=7.50 neighbors=0
obu-ramp-back-1        | [76.3] Ramp_Back role=cruise state=CRUISE->CRUISE speed=7.50 target=7.50 neighbors=0
obu-ramp-merge-5-1     | [76.5] Ramp_Merge_5 role=cruise state=CRUISE->CRUISE speed=7.50 target=7.50 neighbors=0
obu-ramp-merge-3-1     | [76.8] Ramp_Merge_3 role=cruise state=CRUISE->CRUISE speed=7.50 target=7.50 neighbors=6
obu-main-back-right-1  | [76.8] Main_Back_Right role=cruise state=CRUISE->CRUISE speed=7.50 target=7.50 neighbors=6
obu-ramp-merge-2-1     | [76.4] Ramp_Merge_2 role=cruise state=CRUISE->CRUISE speed=7.50 target=7.50 neighbors=6
obu-ramp-merge-4-1     | [76.7] Ramp_Merge_4 role=cruise state=CRUISE->CRUISE speed=7.46 target=7.50 neighbors=6
obu-ramp-merge-5-1     | [76.8] Ramp_Merge_5 CAR_FOLLOW: sid=110 edge=135424828 lane=0 leader_edge= leader_lane=None leader_role_hint=ramp self_merge_completed=True self_merge_completed_age=42.1 self_merge_committed=False lane_cmd_state=CLEAR lane_cmd_edge=1331698336 lane_cmd_target=1 lane_cmd_executable=False same_lane=True reason=same_lane_cam gap=3.7 follow_spd=2.62 emergency=False target_before=7.5 target_after=7.249406845851752
obu-ramp-merge-5-1     | MERGE_ATTEMPT_TIMELINE: vehicle=Ramp_Merge_5 manoeuvre=128 host=None lead=None event=POST_MERGE_CAR_FOLLOW t=76.8 edge=135424828 lane=0 lane_cmd_state=CLEAR speed=7.50 target=7.25 dtm=299.1 lead_gap= host_gap= lead_gap_t1= lead_gap_t2= lead_gap_t3= host_gap_t1= host_gap_t2= host_gap_t3=
obu-ramp-merge-5-1     | [76.8] Ramp_Merge_5 POST_MERGE_CAR_FOLLOW: age=42.1 sid=110 gap=3.7 reason=same_lane_cam follow_spd=2.62 self_edge=135424828 self_lane=0 leader_edge= leader_lane=None lane_cmd_state=CLEAR
obu-ramp-merge-4-1     | [77.0] Ramp_Merge_4 CAR_FOLLOW: sid=106 edge=135424828 lane=0 leader_edge= leader_lane=None leader_role_hint=main self_merge_completed=True self_merge_completed_age=41.3 self_merge_committed=False lane_cmd_state=CLEAR lane_cmd_edge=1331698336 lane_cmd_target=1 lane_cmd_executable=False same_lane=True reason=same_lane_cam gap=3.8 follow_spd=2.62 emergency=False target_before=7.5 target_after=7.212567258094001
obu-ramp-merge-4-1     | MERGE_ATTEMPT_TIMELINE: vehicle=Ramp_Merge_4 manoeuvre=98 host=None lead=None event=POST_MERGE_CAR_FOLLOW t=77.0 edge=135424828 lane=0 lane_cmd_state=CLEAR speed=7.46 target=7.21 dtm=320.6 lead_gap= host_gap= lead_gap_t1= lead_gap_t2= lead_gap_t3= host_gap_t1= host_gap_t2= host_gap_t3=
obu-ramp-merge-4-1     | [77.0] Ramp_Merge_4 POST_MERGE_CAR_FOLLOW: age=41.3 sid=106 gap=3.8 reason=same_lane_cam follow_spd=2.62 self_edge=135424828 self_lane=0 leader_edge= leader_lane=None lane_cmd_state=CLEAR
obu-ramp-merge-5-1     | [77.1] Ramp_Merge_5 CAR_FOLLOW: sid=110 edge=135424828 lane=0 leader_edge= leader_lane=None leader_role_hint=ramp self_merge_completed=True self_merge_completed_age=42.4 self_merge_committed=False lane_cmd_state=CLEAR lane_cmd_edge=1331698336 lane_cmd_target=1 lane_cmd_executable=False same_lane=True reason=same_lane_cam gap=1.4 follow_spd=3.38 emergency=False target_before=7.5 target_after=7.249491444462146
obu-ramp-merge-5-1     | MERGE_ATTEMPT_TIMELINE: vehicle=Ramp_Merge_5 manoeuvre=128 host=None lead=None event=POST_MERGE_CAR_FOLLOW t=77.1 edge=135424828 lane=0 lane_cmd_state=CLEAR speed=7.50 target=7.25 dtm=301.3 lead_gap= host_gap= lead_gap_t1= lead_gap_t2= lead_gap_t3= host_gap_t1= host_gap_t2= host_gap_t3=
obu-ramp-merge-5-1     | [77.1] Ramp_Merge_5 POST_MERGE_CAR_FOLLOW: age=42.4 sid=110 gap=1.4 reason=same_lane_cam follow_spd=3.38 self_edge=135424828 self_lane=0 leader_edge= leader_lane=None lane_cmd_state=CLEAR
obu-main-back-left-1   | [77.3] Main_Back_Left CAR_FOLLOW: sid=108 edge=135424828 lane=0 leader_edge= leader_lane=None leader_role_hint=ramp self_merge_completed=False self_merge_completed_age=-1.0 self_merge_committed=False lane_cmd_state=None lane_cmd_edge=None lane_cmd_target=None lane_cmd_executable=None same_lane=True reason=same_lane_cam gap=3.5 follow_spd=2.62 emergency=False target_before=7.5 target_after=7.2140954541069515
obu-ramp-merge-3-1     | [77.4] Ramp_Merge_3 CAR_FOLLOW: sid=105 edge=135424828 lane=0 leader_edge= leader_lane=None leader_role_hint=main self_merge_completed=True self_merge_completed_age=50.8 self_merge_committed=False lane_cmd_state=CLEAR lane_cmd_edge=1331698336 lane_cmd_target=1 lane_cmd_executable=False same_lane=True reason=same_lane_cam gap=4.4 follow_spd=2.62 emergency=False target_before=7.5 target_after=7.249999999976602
obu-ramp-merge-3-1     | MERGE_ATTEMPT_TIMELINE: vehicle=Ramp_Merge_3 manoeuvre=68 host=None lead=None event=POST_MERGE_CAR_FOLLOW t=77.4 edge=135424828 lane=0 lane_cmd_state=CLEAR speed=7.50 target=7.25 dtm=376.8 lead_gap= host_gap= lead_gap_t1= lead_gap_t2= lead_gap_t3= host_gap_t1= host_gap_t2= host_gap_t3=
obu-ramp-merge-3-1     | [77.4] Ramp_Merge_3 POST_MERGE_CAR_FOLLOW: age=50.8 sid=105 gap=4.4 reason=same_lane_cam follow_spd=2.62 self_edge=135424828 self_lane=0 leader_edge= leader_lane=None lane_cmd_state=CLEAR
obu-ramp-back-1        | [77.3] Ramp_Back role=cruise state=CRUISE->CRUISE speed=7.50 target=7.50 neighbors=6
obu-ramp-merge-4-1     | [77.4] Ramp_Merge_4 CAR_FOLLOW: sid=106 edge=135424828 lane=0 leader_edge= leader_lane=None leader_role_hint=main self_merge_completed=True self_merge_completed_age=41.7 self_merge_committed=False lane_cmd_state=CLEAR lane_cmd_edge=1331698336 lane_cmd_target=1 lane_cmd_executable=False same_lane=True reason=same_lane_cam gap=0.8 follow_spd=3.38 emergency=False target_before=7.5 target_after=7.2195107977629265
obu-ramp-merge-4-1     | MERGE_ATTEMPT_TIMELINE: vehicle=Ramp_Merge_4 manoeuvre=98 host=None lead=None event=POST_MERGE_CAR_FOLLOW t=77.4 edge=135424828 lane=0 lane_cmd_state=CLEAR speed=7.47 target=7.22 dtm=323.6 lead_gap= host_gap= lead_gap_t1= lead_gap_t2= lead_gap_t3= host_gap_t1= host_gap_t2= host_gap_t3=
obu-ramp-merge-4-1     | [77.4] Ramp_Merge_4 POST_MERGE_CAR_FOLLOW: age=41.7 sid=106 gap=0.8 reason=same_lane_cam follow_spd=3.38 self_edge=135424828 self_lane=0 leader_edge= leader_lane=None lane_cmd_state=CLEAR
obu-ramp-merge-5-1     | [77.5] Ramp_Merge_5 CAR_FOLLOW: sid=110 edge=135424828 lane=0 leader_edge= leader_lane=None leader_role_hint=ramp self_merge_completed=True self_merge_completed_age=42.8 self_merge_committed=False lane_cmd_state=CLEAR lane_cmd_edge=1331698336 lane_cmd_target=1 lane_cmd_executable=False same_lane=True reason=same_lane_cam gap=0.0 follow_spd=3.38 emergency=False target_before=7.5 target_after=7.225152945806492
obu-ramp-merge-5-1     | MERGE_ATTEMPT_TIMELINE: vehicle=Ramp_Merge_5 manoeuvre=128 host=None lead=None event=POST_MERGE_CAR_FOLLOW t=77.5 edge=135424828 lane=0 lane_cmd_state=CLEAR speed=7.48 target=7.23 dtm=304.3 lead_gap= host_gap= lead_gap_t1= lead_gap_t2= lead_gap_t3= host_gap_t1= host_gap_t2= host_gap_t3=
obu-ramp-merge-5-1     | [77.5] Ramp_Merge_5 POST_MERGE_CAR_FOLLOW: age=42.8 sid=110 gap=0.0 reason=same_lane_cam follow_spd=3.38 self_edge=135424828 self_lane=0 leader_edge= leader_lane=None lane_cmd_state=CLEAR
obu-ramp-merge-5-1     | [77.5] Ramp_Merge_5 role=cruise state=YIELDING->YIELDING speed=7.48 target=7.23 neighbors=6
obu-main-back-left-1   | [77.8] Main_Back_Left role=cruise state=YIELDING->CRUISE speed=7.47 target=7.50 neighbors=0
obu-ramp-merge-3-1     | [77.8] Ramp_Merge_3 role=cruise state=YIELDING->CRUISE speed=7.50 target=7.50 neighbors=0
obu-main-back-right-1  | [77.8] Main_Back_Right role=cruise state=CRUISE->CRUISE speed=7.50 target=7.50 neighbors=0
obu-ramp-merge-4-1     | [77.9] Ramp_Merge_4 role=cruise state=YIELDING->CRUISE speed=7.44 target=7.50 neighbors=0
obu-ramp-merge-5-1     | [78.2] Ramp_Merge_5 CAR_FOLLOW: sid=110 edge=135424828 lane=0 leader_edge= leader_lane=None leader_role_hint=ramp self_merge_completed=True self_merge_completed_age=43.5 self_merge_committed=False lane_cmd_state=CLEAR lane_cmd_edge=1331698336 lane_cmd_target=1 lane_cmd_executable=False same_lane=True reason=same_lane_cam gap=4.4 follow_spd=2.62 emergency=False target_before=7.5 target_after=7.1558559797834045
obu-ramp-merge-5-1     | MERGE_ATTEMPT_TIMELINE: vehicle=Ramp_Merge_5 manoeuvre=128 host=None lead=None event=POST_MERGE_CAR_FOLLOW t=78.2 edge=135424828 lane=0 lane_cmd_state=CLEAR speed=7.41 target=7.16 dtm=309.5 lead_gap= host_gap= lead_gap_t1= lead_gap_t2= lead_gap_t3= host_gap_t1= host_gap_t2= host_gap_t3=
obu-ramp-merge-5-1     | [78.2] Ramp_Merge_5 POST_MERGE_CAR_FOLLOW: age=43.5 sid=110 gap=4.4 reason=same_lane_cam follow_spd=2.62 self_edge=135424828 self_lane=0 leader_edge= leader_lane=None lane_cmd_state=CLEAR
obu-main-back-left-1   | [78.3] Main_Back_Left CAR_FOLLOW: sid=108 edge=135424828 lane=0 leader_edge= leader_lane=None leader_role_hint=ramp self_merge_completed=False self_merge_completed_age=-1.0 self_merge_committed=False lane_cmd_state=None lane_cmd_edge=None lane_cmd_target=None lane_cmd_executable=None same_lane=True reason=same_lane_cam gap=4.3 follow_spd=2.62 emergency=False target_before=7.5 target_after=7.175469115727504
obu-main-back-left-1   | [78.4] Main_Back_Left CAR_FOLLOW: sid=108 edge=135424828 lane=0 leader_edge= leader_lane=None leader_role_hint=ramp self_merge_completed=False self_merge_completed_age=-1.0 self_merge_committed=False lane_cmd_state=None lane_cmd_edge=None lane_cmd_target=None lane_cmd_executable=None same_lane=True reason=same_lane_cam gap=3.5 follow_spd=2.62 emergency=False target_before=7.5 target_after=7.179195659941128
obu-ramp-back-1        | [78.4] Ramp_Back role=cruise state=CRUISE->CRUISE speed=7.50 target=7.50 neighbors=6
obu-main-back-left-1   | [78.8] Main_Back_Left CAR_FOLLOW: sid=108 edge=135424828 lane=0 leader_edge= leader_lane=None leader_role_hint=ramp self_merge_completed=False self_merge_completed_age=-1.0 self_merge_committed=False lane_cmd_state=None lane_cmd_edge=None lane_cmd_target=None lane_cmd_executable=None same_lane=True reason=same_lane_cam gap=0.6 follow_spd=2.62 emergency=False target_before=7.5 target_after=7.160687661278356
obu-main-back-left-1   | [78.8] Main_Back_Left role=cruise state=YIELDING->YIELDING speed=7.41 target=7.16 neighbors=6
obu-ramp-merge-3-1     | [78.8] Ramp_Merge_3 role=cruise state=CRUISE->CRUISE speed=7.46 target=7.50 neighbors=6
obu-main-back-right-1  | [78.9] Main_Back_Right role=cruise state=CRUISE->CRUISE speed=7.50 target=7.50 neighbors=6
obu-ramp-merge-4-1     | [79.0] Ramp_Merge_4 role=cruise state=CRUISE->CRUISE speed=7.42 target=7.50 neighbors=6
obu-main-back-left-1   | [79.3] Main_Back_Left CAR_FOLLOW: sid=108 edge=135424828 lane=0 leader_edge= leader_lane=None leader_role_hint=ramp self_merge_completed=False self_merge_completed_age=-1.0 self_merge_committed=False lane_cmd_state=None lane_cmd_edge=None lane_cmd_target=None lane_cmd_executable=None same_lane=True reason=same_lane_cam gap=0.0 follow_spd=2.62 emergency=False target_before=7.5 target_after=7.1080082407896965
obu-ramp-back-1        | [79.5] Ramp_Back role=cruise state=CRUISE->CRUISE speed=7.50 target=7.50 neighbors=5
obu-ramp-merge-5-1     | [80.2] Ramp_Merge_5 role=cruise state=YIELDING->CRUISE speed=7.25 target=7.50 neighbors=0
obu-ramp-merge-3-1     | [80.2] Ramp_Merge_3 role=cruise state=CRUISE->CRUISE speed=7.48 target=7.50 neighbors=0
obu-main-back-right-1  | [80.2] Main_Back_Right role=cruise state=CRUISE->CRUISE speed=7.50 target=7.50 neighbors=0
obu-ramp-merge-4-1     | [80.2] Ramp_Merge_4 role=cruise state=CRUISE->CRUISE speed=7.45 target=7.50 neighbors=0
obu-ramp-back-1        | [80.6] Ramp_Back role=cruise state=CRUISE->CRUISE speed=7.50 target=7.50 neighbors=5
obu-ramp-merge-5-1     | [81.3] Ramp_Merge_5 role=cruise state=CRUISE->CRUISE speed=7.32 target=7.50 neighbors=5
obu-ramp-merge-3-1     | [81.3] Ramp_Merge_3 role=cruise state=CRUISE->CRUISE speed=7.49 target=7.50 neighbors=5
obu-main-back-right-1  | [81.5] Main_Back_Right role=cruise state=CRUISE->CRUISE speed=7.50 target=7.50 neighbors=5
obu-ramp-merge-4-1     | [81.6] Ramp_Merge_4 role=cruise state=CRUISE->CRUISE speed=7.48 target=7.50 neighbors=5
obu-ramp-back-1        | [81.8] Ramp_Back role=cruise state=CRUISE->CRUISE speed=7.50 target=7.50 neighbors=0
obu-ramp-merge-5-1     | [82.5] Ramp_Merge_5 role=cruise state=CRUISE->CRUISE speed=7.40 target=7.50 neighbors=0
obu-ramp-merge-3-1     | [82.6] Ramp_Merge_3 role=cruise state=CRUISE->CRUISE speed=7.49 target=7.50 neighbors=4
obu-main-back-right-1  | [82.6] Main_Back_Right role=cruise state=CRUISE->CRUISE speed=7.50 target=7.50 neighbors=4
obu-ramp-merge-4-1     | [82.7] Ramp_Merge_4 role=cruise state=CRUISE->CRUISE speed=7.49 target=7.50 neighbors=4
obu-ramp-back-1        | [83.0] Ramp_Back role=cruise state=CRUISE->CRUISE speed=7.50 target=7.50 neighbors=4
obu-ramp-back-1        | [84.1] Ramp_Back role=cruise state=CRUISE->CRUISE speed=7.50 target=7.50 neighbors=0
obu-main-back-right-1  | [84.2] Main_Back_Right role=cruise state=CRUISE->CRUISE speed=7.50 target=7.50 neighbors=0
obu-ramp-merge-4-1     | [84.2] Ramp_Merge_4 role=cruise state=CRUISE->CRUISE speed=7.49 target=7.50 neighbors=0
obu-ramp-merge-5-1     | [85.3] Ramp_Merge_5 CAR_FOLLOW: sid=110 edge=135424828 lane=0 leader_edge= leader_lane=None leader_role_hint=ramp self_merge_completed=True self_merge_completed_age=50.6 self_merge_committed=False lane_cmd_state=CLEAR lane_cmd_edge=1331698336 lane_cmd_target=1 lane_cmd_executable=False same_lane=True reason=same_lane_cam gap=0.0 follow_spd=3.38 emergency=False target_before=7.5 target_after=7.227406413366844
obu-ramp-merge-5-1     | MERGE_ATTEMPT_TIMELINE: vehicle=Ramp_Merge_5 manoeuvre=128 host=None lead=None event=POST_MERGE_CAR_FOLLOW t=85.3 edge=135424828 lane=0 lane_cmd_state=CLEAR speed=7.48 target=7.23 dtm=361.8 lead_gap= host_gap= lead_gap_t1= lead_gap_t2= lead_gap_t3= host_gap_t1= host_gap_t2= host_gap_t3=
obu-ramp-merge-5-1     | [85.3] Ramp_Merge_5 POST_MERGE_CAR_FOLLOW: age=50.6 sid=110 gap=0.0 reason=same_lane_cam follow_spd=3.38 self_edge=135424828 self_lane=0 leader_edge= leader_lane=None lane_cmd_state=CLEAR
obu-ramp-merge-5-1     | [85.3] Ramp_Merge_5 role=cruise state=CRUISE->YIELDING speed=7.48 target=7.23 neighbors=4
obu-ramp-back-1        | [85.2] Ramp_Back role=cruise state=CRUISE->CRUISE speed=7.50 target=7.50 neighbors=4
obu-main-back-right-1  | [85.5] Main_Back_Right role=cruise state=CRUISE->CRUISE speed=7.50 target=7.50 neighbors=4
obu-ramp-merge-4-1     | [85.5] Ramp_Merge_4 role=cruise state=CRUISE->CRUISE speed=7.50 target=7.50 neighbors=4
obu-ramp-merge-5-1     | [85.6] Ramp_Merge_5 CAR_FOLLOW: sid=110 edge=135424828 lane=0 leader_edge= leader_lane=None leader_role_hint=ramp self_merge_completed=True self_merge_completed_age=50.9 self_merge_committed=False lane_cmd_state=CLEAR lane_cmd_edge=1331698336 lane_cmd_target=1 lane_cmd_executable=False same_lane=True reason=same_lane_cam gap=0.0 follow_spd=3.38 emergency=False target_before=7.5 target_after=7.230628823660399
obu-ramp-merge-5-1     | MERGE_ATTEMPT_TIMELINE: vehicle=Ramp_Merge_5 manoeuvre=128 host=None lead=None event=POST_MERGE_CAR_FOLLOW t=85.6 edge=135424828 lane=0 lane_cmd_state=CLEAR speed=7.48 target=7.23 dtm=364.0 lead_gap= host_gap= lead_gap_t1= lead_gap_t2= lead_gap_t3= host_gap_t1= host_gap_t2= host_gap_t3=
obu-ramp-merge-5-1     | [85.6] Ramp_Merge_5 POST_MERGE_CAR_FOLLOW: age=50.9 sid=110 gap=0.0 reason=same_lane_cam follow_spd=3.38 self_edge=135424828 self_lane=0 leader_edge= leader_lane=None lane_cmd_state=CLEAR
obu-main-back-right-1  | [86.0] Main_Back_Right CAR_FOLLOW: sid=109 edge=135424828 lane=0 leader_edge= leader_lane=None leader_role_hint=ramp self_merge_completed=False self_merge_completed_age=-1.0 self_merge_committed=False lane_cmd_state=None lane_cmd_edge=None lane_cmd_target=None lane_cmd_executable=None same_lane=True reason=same_lane_cam gap=1.4 follow_spd=2.62 emergency=False target_before=7.5 target_after=7.2499999998344995
obu-ramp-merge-4-1     | [86.0] Ramp_Merge_4 CAR_FOLLOW: sid=106 edge=135424828 lane=0 leader_edge= leader_lane=None leader_role_hint=main self_merge_completed=True self_merge_completed_age=50.3 self_merge_committed=False lane_cmd_state=CLEAR lane_cmd_edge=1331698336 lane_cmd_target=1 lane_cmd_executable=False same_lane=True reason=same_lane_cam gap=4.1 follow_spd=2.62 emergency=False target_before=7.5 target_after=7.2476943332075985
obu-ramp-merge-4-1     | MERGE_ATTEMPT_TIMELINE: vehicle=Ramp_Merge_4 manoeuvre=98 host=None lead=None event=POST_MERGE_CAR_FOLLOW t=86.0 edge=135424828 lane=0 lane_cmd_state=CLEAR speed=7.50 target=7.25 dtm=387.7 lead_gap= host_gap= lead_gap_t1= lead_gap_t2= lead_gap_t3= host_gap_t1= host_gap_t2= host_gap_t3=
obu-ramp-merge-4-1     | [86.0] Ramp_Merge_4 POST_MERGE_CAR_FOLLOW: age=50.3 sid=106 gap=4.1 reason=same_lane_cam follow_spd=2.62 self_edge=135424828 self_lane=0 leader_edge= leader_lane=None lane_cmd_state=CLEAR
obu-ramp-back-1        | [86.5] Ramp_Back role=cruise state=CRUISE->CRUISE speed=7.50 target=7.50 neighbors=0
obu-main-back-right-1  | [86.5] Main_Back_Right role=cruise state=YIELDING->CRUISE speed=7.50 target=7.50 neighbors=0
obu-ramp-merge-4-1     | [86.7] Ramp_Merge_4 role=cruise state=YIELDING->CRUISE speed=7.50 target=7.50 neighbors=0
obu-ramp-merge-5-1     | [86.7] Ramp_Merge_5 role=cruise state=CRUISE->CRUISE speed=7.38 target=7.50 neighbors=0
obu-ramp-merge-5-1     | [87.5] Ramp_Merge_5 CAR_FOLLOW: sid=110 edge=135424828 lane=0 leader_edge= leader_lane=None leader_role_hint=ramp self_merge_completed=True self_merge_completed_age=52.8 self_merge_committed=False lane_cmd_state=CLEAR lane_cmd_edge=1331698336 lane_cmd_target=1 lane_cmd_executable=False same_lane=True reason=same_lane_cam gap=0.0 follow_spd=3.38 emergency=False target_before=7.5 target_after=7.151214463349407
obu-ramp-merge-5-1     | MERGE_ATTEMPT_TIMELINE: vehicle=Ramp_Merge_5 manoeuvre=128 host=None lead=None event=POST_MERGE_CAR_FOLLOW t=87.5 edge=135424828 lane=0 lane_cmd_state=CLEAR speed=7.40 target=7.15 dtm=378.1 lead_gap= host_gap= lead_gap_t1= lead_gap_t2= lead_gap_t3= host_gap_t1= host_gap_t2= host_gap_t3=
obu-ramp-merge-5-1     | [87.5] Ramp_Merge_5 POST_MERGE_CAR_FOLLOW: age=52.8 sid=110 gap=0.0 reason=same_lane_cam follow_spd=3.38 self_edge=135424828 self_lane=0 leader_edge= leader_lane=None lane_cmd_state=CLEAR
obu-ramp-back-1        | [87.7] Ramp_Back role=cruise state=CRUISE->CRUISE speed=7.50 target=7.50 neighbors=3
obu-ramp-merge-4-1     | [87.8] Ramp_Merge_4 CAR_FOLLOW: sid=106 edge=135424828 lane=0 leader_edge= leader_lane=None leader_role_hint=main self_merge_completed=True self_merge_completed_age=52.1 self_merge_committed=False lane_cmd_state=CLEAR lane_cmd_edge=1331698336 lane_cmd_target=1 lane_cmd_executable=False same_lane=True reason=same_lane_cam gap=4.1 follow_spd=2.62 emergency=False target_before=7.5 target_after=7.172443014544104
obu-ramp-merge-4-1     | MERGE_ATTEMPT_TIMELINE: vehicle=Ramp_Merge_4 manoeuvre=98 host=None lead=None event=POST_MERGE_CAR_FOLLOW t=87.8 edge=135424828 lane=0 lane_cmd_state=CLEAR speed=7.42 target=7.17 dtm=401.1 lead_gap= host_gap= lead_gap_t1= lead_gap_t2= lead_gap_t3= host_gap_t1= host_gap_t2= host_gap_t3=
obu-ramp-merge-4-1     | [87.8] Ramp_Merge_4 POST_MERGE_CAR_FOLLOW: age=52.1 sid=106 gap=4.1 reason=same_lane_cam follow_spd=2.62 self_edge=135424828 self_lane=0 leader_edge= leader_lane=None lane_cmd_state=CLEAR
obu-ramp-merge-4-1     | [87.8] Ramp_Merge_4 role=cruise state=CRUISE->YIELDING speed=7.42 target=7.17 neighbors=3
obu-ramp-merge-5-1     | [88.2] Ramp_Merge_5 CAR_FOLLOW: sid=110 edge=135424828 lane=0 leader_edge= leader_lane=None leader_role_hint=ramp self_merge_completed=True self_merge_completed_age=53.5 self_merge_committed=False lane_cmd_state=CLEAR lane_cmd_edge=1331698336 lane_cmd_target=1 lane_cmd_executable=False same_lane=True reason=same_lane_cam gap=0.0 follow_spd=3.38 emergency=False target_before=7.5 target_after=7.181014375442254
obu-ramp-merge-5-1     | MERGE_ATTEMPT_TIMELINE: vehicle=Ramp_Merge_5 manoeuvre=128 host=None lead=None event=POST_MERGE_CAR_FOLLOW t=88.2 edge=135424828 lane=0 lane_cmd_state=CLEAR speed=7.43 target=7.18 dtm=383.2 lead_gap= host_gap= lead_gap_t1= lead_gap_t2= lead_gap_t3= host_gap_t1= host_gap_t2= host_gap_t3=
obu-ramp-merge-5-1     | [88.2] Ramp_Merge_5 POST_MERGE_CAR_FOLLOW: age=53.5 sid=110 gap=0.0 reason=same_lane_cam follow_spd=3.38 self_edge=135424828 self_lane=0 leader_edge= leader_lane=None lane_cmd_state=CLEAR
obu-ramp-merge-5-1     | [88.2] Ramp_Merge_5 role=cruise state=YIELDING->YIELDING speed=7.43 target=7.18 neighbors=3
obu-ramp-merge-4-1     | [88.8] Ramp_Merge_4 role=cruise state=YIELDING->CRUISE speed=7.45 target=7.50 neighbors=0
obu-ramp-back-1        | [89.4] Ramp_Back role=cruise state=CRUISE->CRUISE speed=7.50 target=7.50 neighbors=0
obu-ramp-merge-5-1     | [89.8] Ramp_Merge_5 role=cruise state=CRUISE->CRUISE speed=7.29 target=7.50 neighbors=0
obu-ramp-merge-5-1     | [90.9] Ramp_Merge_5 role=cruise state=CRUISE->CRUISE speed=7.36 target=7.50 neighbors=0
obu-ramp-back-1        | [91.1] Ramp_Back role=cruise state=CRUISE->CRUISE speed=7.50 target=7.50 neighbors=3
obu-ramp-merge-5-1     | [91.6] Ramp_Merge_5 CAR_FOLLOW: sid=106 edge=135424828 lane=0 leader_edge= leader_lane=None leader_role_hint=main self_merge_completed=True self_merge_completed_age=56.9 self_merge_committed=False lane_cmd_state=CLEAR lane_cmd_edge=1331698336 lane_cmd_target=1 lane_cmd_executable=False same_lane=True reason=same_lane_cam gap=3.1 follow_spd=2.62 emergency=False target_before=7.5 target_after=7.153464925445434
obu-ramp-merge-5-1     | MERGE_ATTEMPT_TIMELINE: vehicle=Ramp_Merge_5 manoeuvre=128 host=None lead=None event=POST_MERGE_CAR_FOLLOW t=91.6 edge=135424828 lane=0 lane_cmd_state=CLEAR speed=7.40 target=7.15 dtm=408.2 lead_gap= host_gap= lead_gap_t1= lead_gap_t2= lead_gap_t3= host_gap_t1= host_gap_t2= host_gap_t3=
obu-ramp-merge-5-1     | [91.6] Ramp_Merge_5 POST_MERGE_CAR_FOLLOW: age=56.9 sid=106 gap=3.1 reason=same_lane_cam follow_spd=2.62 self_edge=135424828 self_lane=0 leader_edge= leader_lane=None lane_cmd_state=CLEAR
obu-ramp-back-1        | [92.2] Ramp_Back role=cruise state=CRUISE->CRUISE speed=7.50 target=7.50 neighbors=0
obu-ramp-merge-5-1     | [92.6] Ramp_Merge_5 role=cruise state=YIELDING->CRUISE speed=7.44 target=7.50 neighbors=0
obu-ramp-back-1        | [94.3] Ramp_Back role=cruise state=CRUISE->CRUISE speed=7.50 target=7.50 neighbors=0
obu-ramp-back-1        | [96.8] Ramp_Back role=cruise state=CRUISE->CRUISE speed=7.50 target=7.50 neighbors=0
traci-bridge-1         | Step #0.00 (0ms ?*RT. ?UPS, TraCI: 0ms, vehicles TOT 11 ACT 11 BUF 0)                     Step #10.00 (0ms ?*RT. ?UPS, TraCI: 5ms, vehicles TOT 12 ACT 12 BUF 0)                    Step #20.00 (0ms ?*RT. ?UPS, TraCI: 5ms, vehicles TOT 12 ACT 12 BUF 0)                    Step #30.00 (0ms ?*RT. ?UPS, TraCI: 5ms, vehicles TOT 12 ACT 12 BUF 0)                    Step #40.00 (0ms ?*RT. ?UPS, TraCI: 5ms, vehicles TOT 12 ACT 12 BUF 0)                    Step #50.00 (0ms ?*RT. ?UPS, TraCI: 5ms, vehicles TOT 12 ACT 12 BUF 0)                    Step #60.00 (0ms ?*RT. ?UPS, TraCI: 5ms, vehicles TOT 12 ACT 11 BUF 0)                    Step #70.00 (0ms ?*RT. ?UPS, TraCI: 4ms, vehicles TOT 12 ACT 9 BUF 0)                     Step #80.00 (0ms ?*RT. ?UPS, TraCI: 2ms, vehicles TOT 12 ACT 5 BUF 0)                     Step #90.00 (0ms ?*RT. ?UPS, TraCI: 1ms, vehicles TOT 12 ACT 2 BUF 0)                     Step #97.70 (0ms ?*RT. ?UPS, TraCI: 0ms, vehicles TOT 12 ACT 0 BUF 0)                     
obu-ramp-back-1        | [97.4] Ramp_Back CAR_FOLLOW: sid=111 edge=135424828 lane=0 leader_edge= leader_lane=None leader_role_hint=ramp self_merge_completed=True self_merge_completed_age=56.1 self_merge_committed=False lane_cmd_state=CLEAR lane_cmd_edge=1331698336 lane_cmd_target=1 lane_cmd_executable=False same_lane=True reason=same_lane_cam gap=0.0 follow_spd=3.38 emergency=False target_before=7.5 target_after=7.249999999998533
obu-ramp-back-1        | MERGE_ATTEMPT_TIMELINE: vehicle=Ramp_Back manoeuvre=159 host=None lead=None event=POST_MERGE_CAR_FOLLOW t=97.4 edge=135424828 lane=0 lane_cmd_state=CLEAR speed=7.50 target=7.25 dtm=413.6 lead_gap= host_gap= lead_gap_t1= lead_gap_t2= lead_gap_t3= host_gap_t1= host_gap_t2= host_gap_t3=
obu-ramp-back-1        | [97.4] Ramp_Back POST_MERGE_CAR_FOLLOW: age=56.1 sid=111 gap=0.0 reason=same_lane_cam follow_spd=3.38 self_edge=135424828 self_lane=0 leader_edge= leader_lane=None lane_cmd_state=CLEAR
obu-ramp-back-1        | [97.6] Ramp_Back CAR_FOLLOW: sid=111 edge=135424828 lane=0 leader_edge= leader_lane=None leader_role_hint=ramp self_merge_completed=True self_merge_completed_age=56.3 self_merge_committed=False lane_cmd_state=CLEAR lane_cmd_edge=1331698336 lane_cmd_target=1 lane_cmd_executable=False same_lane=True reason=same_lane_cam gap=0.0 follow_spd=3.38 emergency=False target_before=7.5 target_after=7.249999999998676
obu-ramp-back-1        | MERGE_ATTEMPT_TIMELINE: vehicle=Ramp_Back manoeuvre=159 host=None lead=None event=POST_MERGE_CAR_FOLLOW t=97.6 edge=135424828 lane=0 lane_cmd_state=CLEAR speed=7.50 target=7.25 dtm=415.1 lead_gap= host_gap= lead_gap_t1= lead_gap_t2= lead_gap_t3= host_gap_t1= host_gap_t2= host_gap_t3=
obu-ramp-back-1        | [97.6] Ramp_Back POST_MERGE_CAR_FOLLOW: age=56.3 sid=111 gap=0.0 reason=same_lane_cam follow_spd=3.38 self_edge=135424828 self_lane=0 leader_edge= leader_lane=None lane_cmd_state=CLEAR
traci-bridge-1         | LANE_CMD_STATE veh=Ramp_Back edge=34126779 lane=0 target=1 lane_count=1 recently=False speed=3.32
traci-bridge-1         | LANE_CMD_WAIT_EDGE veh=Ramp_Back edge=34126779 lane=0 target=1 lane_count=1
traci-bridge-1         | LANE_CMD_STATE veh=Ramp_Back edge=34126779 lane=0 target=1 lane_count=1 recently=False speed=3.30
traci-bridge-1         | LANE_CMD_WAIT_EDGE veh=Ramp_Back edge=34126779 lane=0 target=1 lane_count=1
traci-bridge-1         | LANE_CMD_STATE veh=Ramp_Back edge=34126779 lane=0 target=1 lane_count=1 recently=False speed=3.28
traci-bridge-1         | LANE_CMD_WAIT_EDGE veh=Ramp_Back edge=34126779 lane=0 target=1 lane_count=1
traci-bridge-1         | LANE_CMD_STATE veh=Ramp_Back edge=34126779 lane=0 target=1 lane_count=1 recently=False speed=3.26
traci-bridge-1         | LANE_CMD_WAIT_EDGE veh=Ramp_Back edge=34126779 lane=0 target=1 lane_count=1
traci-bridge-1         | LANE_CMD_STATE veh=Ramp_Back edge=34126779 lane=0 target=1 lane_count=1 recently=False speed=3.24
traci-bridge-1         | LANE_CMD_WAIT_EDGE veh=Ramp_Back edge=34126779 lane=0 target=1 lane_count=1
traci-bridge-1         | LANE_CMD_STATE veh=Ramp_Back edge=34126779 lane=0 target=1 lane_count=1 recently=False speed=3.22
traci-bridge-1         | LANE_CMD_WAIT_EDGE veh=Ramp_Back edge=34126779 lane=0 target=1 lane_count=1
traci-bridge-1         | LANE_CMD_STATE veh=Ramp_Back edge=34126779 lane=0 target=1 lane_count=1 recently=False speed=3.20
traci-bridge-1         | LANE_CMD_WAIT_EDGE veh=Ramp_Back edge=34126779 lane=0 target=1 lane_count=1
traci-bridge-1         | LANE_CMD_STATE veh=Ramp_Back edge=34126779 lane=0 target=1 lane_count=1 recently=False speed=3.20
traci-bridge-1         | LANE_CMD_WAIT_EDGE veh=Ramp_Back edge=34126779 lane=0 target=1 lane_count=1
traci-bridge-1         | LANE_CMD_STATE veh=Ramp_Back edge=34126779 lane=0 target=1 lane_count=1 recently=False speed=3.20
traci-bridge-1         | LANE_CMD_WAIT_EDGE veh=Ramp_Back edge=34126779 lane=0 target=1 lane_count=1
traci-bridge-1         | LANE_CMD_STATE veh=Ramp_Back edge=34126779 lane=0 target=1 lane_count=1 recently=False speed=3.20
traci-bridge-1         | LANE_CMD_WAIT_EDGE veh=Ramp_Back edge=34126779 lane=0 target=1 lane_count=1
traci-bridge-1         | LANE_CMD_STATE veh=Ramp_Back edge=34126779 lane=0 target=1 lane_count=1 recently=False speed=3.21
traci-bridge-1         | LANE_CMD_WAIT_EDGE veh=Ramp_Back edge=34126779 lane=0 target=1 lane_count=1
traci-bridge-1         | LANE_CMD_STATE veh=Ramp_Back edge=34126779 lane=0 target=1 lane_count=1 recently=False speed=3.21
traci-bridge-1         | LANE_CMD_WAIT_EDGE veh=Ramp_Back edge=34126779 lane=0 target=1 lane_count=1
traci-bridge-1         | LANE_CMD_STATE veh=Ramp_Back edge=34126779 lane=0 target=1 lane_count=1 recently=False speed=3.21
traci-bridge-1         | LANE_CMD_WAIT_EDGE veh=Ramp_Back edge=34126779 lane=0 target=1 lane_count=1
traci-bridge-1         | LANE_CMD_STATE veh=Ramp_Back edge=34126779 lane=0 target=1 lane_count=1 recently=False speed=3.21
traci-bridge-1         | LANE_CMD_WAIT_EDGE veh=Ramp_Back edge=34126779 lane=0 target=1 lane_count=1
traci-bridge-1         | LANE_CMD_STATE veh=Ramp_Back edge=34126779 lane=0 target=1 lane_count=1 recently=False speed=3.21
traci-bridge-1         | LANE_CMD_WAIT_EDGE veh=Ramp_Back edge=34126779 lane=0 target=1 lane_count=1
traci-bridge-1         | LANE_CMD_STATE veh=Ramp_Back edge=:390064918_0 lane=0 target=1 lane_count=1 recently=False speed=3.21
traci-bridge-1         | LANE_CMD_WAIT_EDGE veh=Ramp_Back edge=:390064918_0 lane=0 target=1 lane_count=1
traci-bridge-1         | LANE_CMD_STATE veh=Ramp_Back edge=:390064918_0 lane=0 target=1 lane_count=1 recently=False speed=3.22
traci-bridge-1         | LANE_CMD_WAIT_EDGE veh=Ramp_Back edge=:390064918_0 lane=0 target=1 lane_count=1
traci-bridge-1         | LANE_CMD_STATE veh=Ramp_Back edge=:390064918_0 lane=0 target=1 lane_count=1 recently=False speed=3.22
traci-bridge-1         | LANE_CMD_WAIT_EDGE veh=Ramp_Back edge=:390064918_0 lane=0 target=1 lane_count=1
traci-bridge-1         | LANE_CMD_STATE veh=Ramp_Back edge=:390064918_0 lane=0 target=1 lane_count=1 recently=False speed=3.22
traci-bridge-1         | LANE_CMD_WAIT_EDGE veh=Ramp_Back edge=:390064918_0 lane=0 target=1 lane_count=1
traci-bridge-1         | LANE_CMD_STATE veh=Ramp_Back edge=:390064918_0 lane=0 target=1 lane_count=1 recently=False speed=3.22
traci-bridge-1         | LANE_CMD_WAIT_EDGE veh=Ramp_Back edge=:390064918_0 lane=0 target=1 lane_count=1
traci-bridge-1         | LANE_CMD_STATE veh=Ramp_Back edge=:390064918_0 lane=0 target=1 lane_count=1 recently=False speed=3.22
traci-bridge-1         | LANE_CMD_WAIT_EDGE veh=Ramp_Back edge=:390064918_0 lane=0 target=1 lane_count=1
traci-bridge-1         | LANE_CMD_STATE veh=Ramp_Back edge=:390064918_0 lane=0 target=1 lane_count=1 recently=False speed=3.22
traci-bridge-1         | LANE_CMD_WAIT_EDGE veh=Ramp_Back edge=:390064918_0 lane=0 target=1 lane_count=1
traci-bridge-1         | LANE_CMD_STATE veh=Ramp_Back edge=:390064918_0 lane=0 target=1 lane_count=1 recently=False speed=3.22
traci-bridge-1         | LANE_CMD_WAIT_EDGE veh=Ramp_Back edge=:390064918_0 lane=0 target=1 lane_count=1
traci-bridge-1         | LANE_CMD_STATE veh=Ramp_Back edge=:390064918_0 lane=0 target=1 lane_count=1 recently=False speed=3.22
traci-bridge-1         | LANE_CMD_WAIT_EDGE veh=Ramp_Back edge=:390064918_0 lane=0 target=1 lane_count=1
traci-bridge-1         | LANE_CMD_STATE veh=Ramp_Back edge=1331698336 lane=0 target=1 lane_count=3 recently=False speed=3.22
traci-bridge-1         | LANE_CMD_APPLY veh=Ramp_Back edge=1331698336 from_lane=0 target=1 duration=2.00 mode=256 speed=3.22
traci-bridge-1         | LANE_CMD_STATE veh=Ramp_Back edge=1331698336 lane=1 target=1 lane_count=3 recently=True speed=3.22
traci-bridge-1         | LANE_CMD_CLEAR veh=Ramp_Back edge=1331698336 target=1
mqtt-broker-1          | 1779125101: Client traci-bridge [172.18.0.5:58967] disconnected: connection closed by client.
[Ktraci-bridge-1 exited with code 0
 Compose Stopping Aborting on container exit...
 Container rsa-obu-ramp-merge-3-1 Stopping 
 Container rsa-obu-lead-car-1 Stopping 
 Container rsa-obu-main-back-right-1 Stopping 
 Container rsa-traci-bridge-1 Stopping 
 Container rsa-obu-main-mid-right-1 Stopping 
 Container rsa-obu-ramp-merge-5-1 Stopping 
 Container rsa-obu-ramp-merge-4-1 Stopping 
 Container rsa-obu-main-front-left-1 Stopping 
 Container rsa-obu-host-car-1 Stopping 
 Container rsa-obu-ramp-back-1 Stopping 
 Container rsa-obu-merge-car-1 Stopping 
 Container rsa-obu-main-back-left-1 Stopping 
 Container rsa-obu-ramp-merge-2-1 Stopping 
 Container rsa-traci-bridge-1 Stopped 
mqtt-broker-1          | 1779125111: Client 3ac1bee56a58.bridge_to_remote [172.18.0.10:49250] disconnected: connection closed by client.
mqtt-broker-1          | 1779125111: Client f746f1eeb47e.bridge_to_remote [172.18.0.12:50054] disconnected: connection closed by client.
mqtt-broker-1          | 1779125111: Client 2ed48e9b39b8.bridge_to_remote [172.18.0.6:54010] disconnected: connection closed by client.
obu-main-mid-right-1   | 1779125111: Client obu-Main_Mid_Right-1 closed its connection.
obu-ramp-back-1        | 1779125111: Client obu-Ramp_Back-1 closed its connection.
obu-ramp-merge-4-1     | 1779125111: Client obu-Ramp_Merge_4-1 closed its connection.
mqtt-broker-1          | 1779125111: Client df2f3081ab36.bridge_to_remote [172.18.0.9:47166] disconnected: connection closed by client.
mqtt-broker-1          | 1779125111: Client 67ea03603f37.bridge_to_remote [172.18.0.3:50672] disconnected: connection closed by client.
mqtt-broker-1          | 1779125111: Client b9b39516f9a3.bridge_to_remote [172.18.0.14:55392] disconnected: connection closed by client.
mqtt-broker-1          | 1779125111: Client bf45c5f5f8f6.bridge_to_remote [172.18.0.15:44090] disconnected: connection closed by client.
mqtt-broker-1          | 1779125111: Client auto-06DBDA74-D83F-96EA-3E3A-DE4F185C9AF2 [172.18.0.10:49258] disconnected: connection closed by client.
mqtt-broker-1          | 1779125111: Client 03dd30973747.bridge_to_remote [172.18.0.7:33126] disconnected: connection closed by client.
mqtt-broker-1          | 1779125111: Client auto-51051382-17FA-F9FF-BA67-87B3C9B1C9AE [172.18.0.12:50068] disconnected: connection closed by client.
obu-main-back-left-1   | 1779125111: Client obu-Main_Back_Left-1 closed its connection.
mqtt-broker-1          | 1779125111: Client acdc9320e82f.bridge_to_remote [172.18.0.4:59458] disconnected: connection closed by client.
mqtt-broker-1          | 1779125111: Client 43a1a9c47776.bridge_to_remote [172.18.0.8:36362] disconnected: connection closed by client.
mqtt-broker-1          | 1779125111: Client 323152f20869.bridge_to_remote [172.18.0.13:48042] disconnected: connection closed by client.
mqtt-broker-1          | 1779125111: Client auto-4E617F34-ADA3-21FA-0098-70FB526ED3B5 [172.18.0.6:54024] disconnected: connection closed by client.
mqtt-broker-1          | 1779125111: Client auto-F3018C00-EDA3-77C6-64AF-8DCD36B2E474 [172.18.0.15:44102] disconnected: connection closed by client.
obu-ramp-merge-3-1     | 1779125111: Client obu-Ramp_Merge_3-1 closed its connection.
mqtt-broker-1          | 1779125111: Client auto-B3D592AF-71F6-744C-84E1-0108C8B500B8 [172.18.0.14:55402] disconnected: connection closed by client.
mqtt-broker-1          | 1779125111: Client auto-F3B22134-59A8-BFB5-BE82-1FB71D8E5ED0 [172.18.0.3:49106] disconnected: connection closed by client.
mqtt-broker-1          | 1779125111: Client auto-A021071C-7485-0781-BFF0-D6091B060EB4 [172.18.0.4:59466] disconnected: connection closed by client.
mqtt-broker-1          | 1779125111: Client auto-D717F004-48B3-5891-82F2-AD51FC01F62F [172.18.0.13:48046] disconnected: connection closed by client.
mqtt-broker-1          | 1779125111: Client auto-64442010-0B2E-949F-316C-3BCEFE81D900 [172.18.0.9:47182] disconnected: connection closed by client.
mqtt-broker-1          | 1779125111: Client 932f706d6bbd.bridge_to_remote [172.18.0.11:41860] disconnected: connection closed by client.
mqtt-broker-1          | 1779125111: Client auto-388B54AF-51B3-2085-1707-F2056D5F55D9 [172.18.0.7:33136] disconnected: connection closed by client.
mqtt-broker-1          | 1779125111: Client auto-5E8583E6-1CFB-7D16-CF5D-ED95A43B6538 [172.18.0.8:36368] disconnected: connection closed by client.
mqtt-broker-1          | 1779125111: Client auto-314A5770-454F-41D9-1664-E15EABE26D5D [172.18.0.11:41872] disconnected: connection closed by client.
 Container rsa-obu-main-back-left-1 Stopped 
[Kobu-main-back-left-1 exited with code 137
 Container rsa-obu-lead-car-1 Stopped 
[Kobu-lead-car-1 exited with code 137
 Container rsa-obu-ramp-back-1 Stopped 
[Kobu-ramp-back-1 exited with code 137
 Container rsa-obu-main-mid-right-1 Stopped 
[Kobu-main-mid-right-1 exited with code 137
 Container rsa-obu-ramp-merge-3-1 Stopped 
[Kobu-ramp-merge-3-1 exited with code 137
 Container rsa-obu-ramp-merge-4-1 Stopped 
[Kobu-ramp-merge-4-1 exited with code 137
 Container rsa-obu-host-car-1 Stopped 
[Kobu-host-car-1 exited with code 137
 Container rsa-obu-main-front-left-1 Stopped 
[Kobu-main-front-left-1 exited with code 137
 Container rsa-obu-main-back-right-1 Stopped 
[Kobu-main-back-right-1 exited with code 137
 Container rsa-obu-ramp-merge-2-1 Stopped 
[Kobu-ramp-merge-2-1 exited with code 137
 Container rsa-obu-ramp-merge-5-1 Stopped 
[Kobu-ramp-merge-5-1 exited with code 137
 Container rsa-obu-merge-car-1 Stopped 
 Container rsa-mqtt-broker-1 Stopping 
[Kobu-merge-car-1 exited with code 137
mqtt-broker-1          | 1779125113: mosquitto version 2.1.2 terminating
 Container rsa-mqtt-broker-1 Stopped 
[Kmqtt-broker-1 exited with code 0
