 Image rsa-obu:latest Building 
 Image rsa-traci-bridge:latest Building 
 Image rsa-obu:latest Building 
 Image rsa-obu:latest Building 
 Image rsa-obu:latest Building 
 Image rsa-obu:latest Building 
 Image rsa-obu:latest Building 
 Image rsa-obu:latest Building 
 Image rsa-obu:latest Building 
 Image rsa-obu:latest Building 
 Image rsa-obu:latest Building 
 Image rsa-obu:latest Building 
 Image rsa-obu:latest Building 
#1 [internal] load local bake definitions
#1 reading from stdin 5.71kB done
#1 DONE 0.0s

#2 [traci-bridge internal] load build definition from Dockerfile
#2 transferring dockerfile: 997B done
#2 DONE 0.0s

#3 [obu-merge-car internal] load build definition from Dockerfile
#3 transferring dockerfile: 499B done
#3 DONE 0.0s

#4 [traci-bridge internal] load metadata for ghcr.io/eclipse-sumo/sumo:latest
#4 DONE 0.0s

#5 [obu-ramp-back internal] load metadata for ghcr.io/nap-it/vanetza-nap:latest
#5 DONE 0.0s

#6 [obu-merge-car internal] load .dockerignore
#6 transferring context: 2B done
#6 DONE 0.0s

#7 [traci-bridge 1/6] FROM ghcr.io/eclipse-sumo/sumo:latest
#7 DONE 0.0s

#8 [obu-ramp-merge-2 1/9] FROM ghcr.io/nap-it/vanetza-nap:latest
#8 DONE 0.0s

#9 [traci-bridge internal] load build context
#9 transferring context: 41.10kB done
#9 DONE 0.0s

#10 [traci-bridge 4/6] COPY sim/bridge/requirements.txt /app/requirements.txt
#10 CACHED

#11 [traci-bridge 3/6] WORKDIR /app
#11 CACHED

#12 [traci-bridge 2/6] RUN apt-get update     && apt-get install -y --no-install-recommends         ca-certificates         curl         gnupg         python3         python3-pip     && curl -fsSL https://downloads.apache.org/arrow/KEYS         | gpg --dearmor -o /usr/share/keyrings/apache-arrow-apt-source.gpg     && echo "deb [signed-by=/usr/share/keyrings/apache-arrow-apt-source.gpg] https://apache.jfrog.io/artifactory/arrow/ubuntu jammy main"         > /etc/apt/sources.list.d/apache-arrow.list     && apt-get update     && apt-get install -y --no-install-recommends         libarrow2300         libparquet2300     && rm -rf /var/lib/apt/lists/*
#12 CACHED

#13 [traci-bridge 5/6] RUN pip3 install --no-cache-dir -r /app/requirements.txt
#13 CACHED

#14 [traci-bridge 6/6] COPY sim/bridge/traci_bridge.py /app/traci_bridge.py
#14 CACHED

#15 [obu-main-front-left internal] load build context
#15 transferring context: 263.27kB done
#15 DONE 0.0s

#16 [traci-bridge] exporting to image
#16 exporting layers done
#16 writing image sha256:09bbbc681925a8676dfbf46c2de0284b3238a2a1a3c8d59bd19068b541c32cf2 done
#16 naming to docker.io/library/rsa-traci-bridge:latest done
#16 DONE 0.0s

#17 [obu-main-front-left 6/9] COPY obu/app /app
#17 CACHED

#18 [obu-main-front-left 7/9] COPY obu/entrypoint.sh /entrypoint-obu.sh
#18 CACHED

#19 [obu-main-front-left 4/9] COPY obu/requirements.txt /app/requirements.txt
#19 CACHED

#20 [obu-main-front-left 3/9] WORKDIR /app
#20 CACHED

#21 [obu-main-front-left 2/9] RUN apt-get update     && apt-get install -y --no-install-recommends python3 python3-pip     && rm -rf /var/lib/apt/lists/*
#21 CACHED

#22 [obu-main-front-left 8/9] COPY obu/config/vanetza-obu.ini /config.ini
#22 CACHED

#23 [obu-main-front-left 5/9] RUN pip3 install --no-cache-dir -r /app/requirements.txt
#23 CACHED

#24 [obu-main-front-left 9/9] RUN chmod +x /entrypoint-obu.sh
#24 CACHED

#25 [obu-ramp-merge-5] exporting to image
#25 exporting layers done
#25 writing image sha256:c310945b651f6fc79a9c48133a02b3fbaefadf4b4285d30b60ccd5d4283515f5 done
#25 naming to docker.io/library/rsa-obu:latest done
#25 DONE 0.0s

#26 [obu-lead-car] exporting to image
#26 exporting layers done
#26 writing image sha256:eaf476315e4b15b2698e080d3efec7895cea42f948c06b49b845a801be24a29f done
#26 naming to docker.io/library/rsa-obu:latest 0.0s done
#26 DONE 0.0s

#27 [obu-ramp-merge-3] exporting to image
#27 exporting layers done
#27 writing image sha256:ae81d3c82c8e1677594d49623a63812a8f5a7dd955812205a47a98797912e155 done
#27 naming to docker.io/library/rsa-obu:latest 0.0s done
#27 DONE 0.0s

#28 [obu-main-back-right] exporting to image
#28 exporting layers done
#28 writing image sha256:c05a6efef3342d38619e6118311421f6b510eaae4784132828489e78d57c95bc done
#28 naming to docker.io/library/rsa-obu:latest 0.0s done
#28 DONE 0.0s

#29 [obu-main-front-left] exporting to image
#29 exporting layers done
#29 writing image sha256:e5795e35bff165fd0ae57484ab8120cad0a18ccba3d0aff7fffe4ab8d36cda05 done
#29 naming to docker.io/library/rsa-obu:latest 0.0s done
#29 DONE 0.0s

#30 [obu-ramp-merge-2] exporting to image
#30 exporting layers done
#30 writing image sha256:86fae28b2f998d653bc833e175e218a4ee5841c0f6c661e846d3cd59e413e61b done
#30 naming to docker.io/library/rsa-obu:latest 0.0s done
#30 DONE 0.1s

#31 [obu-main-mid-right] exporting to image
#31 exporting layers done
#31 writing image sha256:7342a54fd2fe0f4198c3be732c18f7c6c9065613c4e5567d2983828f8c4a6a48 0.0s done
#31 naming to docker.io/library/rsa-obu:latest done
#31 DONE 0.1s

#32 [obu-host-car] exporting to image
#32 exporting layers done
#32 writing image sha256:8212b495f8dd0ba6b65455da585ca49ebd477130238ebc094fb51e877b53ec57 done
#32 naming to docker.io/library/rsa-obu:latest 0.0s done
#32 DONE 0.1s

#33 [obu-ramp-back] exporting to image
#33 exporting layers done
#33 writing image sha256:2f33a96cf40b19f6b1c29c9bfd995c14b387d7fd1bfdf8ea149d632b19b32403 0.0s done
#33 naming to docker.io/library/rsa-obu:latest 0.0s done
#33 DONE 0.1s

#34 [obu-main-back-left] exporting to image
#34 exporting layers done
#34 writing image sha256:57713207be696e56674dd26b415422d7060fcc6a4198db06e9818ba4fd09c514 0.0s done
#34 naming to docker.io/library/rsa-obu:latest 0.0s done
#34 DONE 0.1s

#35 [obu-ramp-merge-4] exporting to image
#35 exporting layers done
#35 writing image sha256:d98ff04778f65760f45d5dbba478d4aa8d940e9785648f34eb8e9fd95f1f8282 0.0s done
#35 naming to docker.io/library/rsa-obu:latest 0.0s done
#35 DONE 0.1s

#36 [obu-merge-car] exporting to image
#36 exporting layers done
#36 writing image sha256:d062918321913ae55c2c73fb2c8149027d8f8c2927822f995cc4e803b571ad4b 0.0s done
#36 naming to docker.io/library/rsa-obu:latest 0.0s done
#36 DONE 0.1s

#37 [traci-bridge] resolving provenance for metadata file
#37 DONE 0.0s

#38 [obu-ramp-back] resolving provenance for metadata file
#38 DONE 0.0s

#39 [obu-lead-car] resolving provenance for metadata file
#39 DONE 0.0s

#40 [obu-ramp-merge-5] resolving provenance for metadata file
#40 DONE 0.0s

#41 [obu-main-back-left] resolving provenance for metadata file
#41 DONE 0.0s

#42 [obu-main-front-left] resolving provenance for metadata file
#42 DONE 0.0s

#43 [obu-ramp-merge-4] resolving provenance for metadata file
#43 DONE 0.0s

#44 [obu-ramp-merge-3] resolving provenance for metadata file
#44 DONE 0.0s

#45 [obu-main-back-right] resolving provenance for metadata file
#45 DONE 0.0s

#46 [obu-host-car] resolving provenance for metadata file
#46 DONE 0.0s

#47 [obu-merge-car] resolving provenance for metadata file
#47 DONE 0.0s

#48 [obu-main-mid-right] resolving provenance for metadata file
#48 DONE 0.0s

#49 [obu-ramp-merge-2] resolving provenance for metadata file
#49 DONE 0.0s
 Image rsa-obu:latest Built 
 Image rsa-obu:latest Built 
 Image rsa-obu:latest Built 
 Image rsa-obu:latest Built 
 Image rsa-obu:latest Built 
 Image rsa-obu:latest Built 
 Image rsa-obu:latest Built 
 Image rsa-traci-bridge:latest Built 
 Image rsa-obu:latest Built 
 Image rsa-obu:latest Built 
 Image rsa-obu:latest Built 
 Image rsa-obu:latest Built 
 Image rsa-obu:latest Built 
 Network rsa_v2x_net Creating 
 Network rsa_v2x_net Created 
 Container rsa-mqtt-broker-1 Creating 
 Container rsa-mqtt-broker-1 Created 
 Container rsa-obu-ramp-merge-4-1 Creating 
 Container rsa-obu-main-front-left-1 Creating 
 Container rsa-obu-lead-car-1 Creating 
 Container rsa-obu-main-back-right-1 Creating 
 Container rsa-obu-ramp-merge-2-1 Creating 
 Container rsa-obu-main-mid-right-1 Creating 
 Container rsa-traci-bridge-1 Creating 
 Container rsa-obu-main-back-left-1 Creating 
 Container rsa-obu-ramp-merge-5-1 Creating 
 Container rsa-obu-ramp-merge-3-1 Creating 
 Container rsa-obu-ramp-back-1 Creating 
 Container rsa-obu-merge-car-1 Creating 
 Container rsa-obu-host-car-1 Creating 
 Container rsa-obu-main-front-left-1 Created 
 Container rsa-obu-main-mid-right-1 Created 
 Container rsa-obu-main-back-right-1 Created 
 Container rsa-obu-ramp-merge-4-1 Created 
 Container rsa-obu-ramp-merge-5-1 Created 
 Container rsa-obu-ramp-back-1 Created 
 Container rsa-obu-merge-car-1 Created 
 Container rsa-obu-lead-car-1 Created 
 Container rsa-obu-ramp-merge-3-1 Created 
 Container rsa-traci-bridge-1 Created 
 Container rsa-obu-host-car-1 Created 
 Container rsa-obu-ramp-merge-2-1 Created 
 Container rsa-obu-main-back-left-1 Created 
Attaching to mqtt-broker-1, obu-host-car-1, obu-lead-car-1, obu-main-back-left-1, obu-main-back-right-1, obu-main-front-left-1, obu-main-mid-right-1, obu-merge-car-1, obu-ramp-back-1, obu-ramp-merge-2-1, obu-ramp-merge-3-1, obu-ramp-merge-4-1, obu-ramp-merge-5-1, traci-bridge-1
 Container rsa-mqtt-broker-1 Starting 
 Container rsa-mqtt-broker-1 Started 
 Container rsa-obu-main-back-right-1 Starting 
 Container rsa-obu-lead-car-1 Starting 
 Container rsa-obu-merge-car-1 Starting 
 Container rsa-obu-ramp-merge-4-1 Starting 
 Container rsa-obu-ramp-back-1 Starting 
 Container rsa-obu-host-car-1 Starting 
 Container rsa-obu-ramp-merge-5-1 Starting 
 Container rsa-obu-main-mid-right-1 Starting 
 Container rsa-obu-main-back-left-1 Starting 
 Container rsa-obu-main-front-left-1 Starting 
 Container rsa-obu-ramp-merge-3-1 Starting 
 Container rsa-obu-ramp-merge-2-1 Starting 
 Container rsa-traci-bridge-1 Starting 
mqtt-broker-1  | 1779124289: Info: running mosquitto as user: mosquitto.
mqtt-broker-1  | 1779124289: mosquitto version 2.1.2 starting
mqtt-broker-1  | 1779124289: Config loaded from /mosquitto/config/mosquitto.conf.
mqtt-broker-1  | 1779124289: Bridge support available.
mqtt-broker-1  | 1779124289: Persistence support available.
mqtt-broker-1  | 1779124289: TLS support available.
mqtt-broker-1  | 1779124289: TLS-PSK support available.
mqtt-broker-1  | 1779124289: Websockets support available.
mqtt-broker-1  | 1779124289: Opening ipv4 listen socket on port 1883.
mqtt-broker-1  | 1779124289: mosquitto version 2.1.2 running
obu-main-front-left-1  | No global board config file found. Skipping config update process
 Container rsa-obu-main-front-left-1 Started 
obu-main-back-right-1  | No global board config file found. Skipping config update process
 Container rsa-obu-main-back-right-1 Started 
obu-ramp-merge-4-1     | No global board config file found. Skipping config update process
 Container rsa-obu-ramp-merge-4-1 Started 
obu-main-front-left-1  | 1779124289: mosquitto version 2.0.11 starting
obu-main-front-left-1  | 1779124289: Config loaded from /mosquitto.conf.
obu-main-front-left-1  | 1779124289: Opening ipv4 listen socket on port 1883.
obu-main-front-left-1  | 1779124289: Connecting bridge (step 1) bridge_to_remote (mqtt-broker:1883)
obu-main-front-left-1  | 1779124289: mosquitto version 2.0.11 running
obu-main-back-right-1  | 1779124289: mosquitto version 2.0.11 starting
obu-main-back-right-1  | 1779124289: Config loaded from /mosquitto.conf.
obu-main-back-right-1  | 1779124289: Opening ipv4 listen socket on port 1883.
obu-main-back-right-1  | 1779124289: Connecting bridge (step 1) bridge_to_remote (mqtt-broker:1883)
obu-main-back-right-1  | 1779124289: mosquitto version 2.0.11 running
obu-merge-car-1        | No global board config file found. Skipping config update process
 Container rsa-obu-merge-car-1 Started 
obu-ramp-merge-4-1     | 1779124289: mosquitto version 2.0.11 starting
obu-ramp-merge-4-1     | 1779124289: Config loaded from /mosquitto.conf.
obu-ramp-merge-4-1     | 1779124289: Opening ipv4 listen socket on port 1883.
obu-ramp-merge-4-1     | 1779124289: Connecting bridge (step 1) bridge_to_remote (mqtt-broker:1883)
obu-ramp-merge-4-1     | 1779124289: mosquitto version 2.0.11 running
obu-main-mid-right-1   | No global board config file found. Skipping config update process
 Container rsa-obu-main-mid-right-1 Started 
obu-ramp-back-1        | No global board config file found. Skipping config update process
 Container rsa-obu-ramp-back-1 Started 
obu-merge-car-1        | 1779124289: mosquitto version 2.0.11 starting
obu-merge-car-1        | 1779124289: Config loaded from /mosquitto.conf.
obu-merge-car-1        | 1779124289: Opening ipv4 listen socket on port 1883.
obu-merge-car-1        | 1779124289: Connecting bridge (step 1) bridge_to_remote (mqtt-broker:1883)
obu-merge-car-1        | 1779124289: mosquitto version 2.0.11 running
obu-main-mid-right-1   | 1779124289: mosquitto version 2.0.11 starting
obu-main-mid-right-1   | 1779124289: Config loaded from /mosquitto.conf.
obu-main-mid-right-1   | 1779124289: Opening ipv4 listen socket on port 1883.
obu-main-mid-right-1   | 1779124289: Connecting bridge (step 1) bridge_to_remote (mqtt-broker:1883)
obu-main-mid-right-1   | 1779124289: mosquitto version 2.0.11 running
obu-ramp-merge-2-1     | No global board config file found. Skipping config update process
 Container rsa-obu-ramp-merge-2-1 Started 
obu-ramp-back-1        | 1779124289: mosquitto version 2.0.11 starting
obu-ramp-back-1        | 1779124289: Config loaded from /mosquitto.conf.
obu-ramp-back-1        | 1779124289: Opening ipv4 listen socket on port 1883.
obu-ramp-back-1        | 1779124289: Connecting bridge (step 1) bridge_to_remote (mqtt-broker:1883)
obu-ramp-back-1        | 1779124289: mosquitto version 2.0.11 running
obu-ramp-merge-5-1     | No global board config file found. Skipping config update process
 Container rsa-obu-ramp-merge-5-1 Started 
obu-main-front-left-1  | 1779124289: Connecting bridge (step 2) bridge_to_remote (mqtt-broker:1883)
mqtt-broker-1          | 1779124289: New connection from 172.18.0.3:38774 on port 1883.
mqtt-broker-1          | 1779124289: New bridge connected from 172.18.0.3:38774 as 58a6356fd149.bridge_to_remote (p4, c0, k60).
obu-main-back-right-1  | 1779124289: Connecting bridge (step 2) bridge_to_remote (mqtt-broker:1883)
mqtt-broker-1          | 1779124289: New connection from 172.18.0.4:50630 on port 1883.
mqtt-broker-1          | 1779124289: New bridge connected from 172.18.0.4:50630 as 018bcf3b5235.bridge_to_remote (p4, c0, k60).
obu-main-back-left-1   | No global board config file found. Skipping config update process
 Container rsa-obu-main-back-left-1 Started 
obu-ramp-merge-2-1     | 1779124289: mosquitto version 2.0.11 starting
obu-ramp-merge-2-1     | 1779124289: Config loaded from /mosquitto.conf.
obu-ramp-merge-2-1     | 1779124289: Opening ipv4 listen socket on port 1883.
obu-ramp-merge-2-1     | 1779124289: Connecting bridge (step 1) bridge_to_remote (mqtt-broker:1883)
obu-ramp-merge-2-1     | 1779124289: mosquitto version 2.0.11 running
obu-ramp-merge-4-1     | 1779124289: Connecting bridge (step 2) bridge_to_remote (mqtt-broker:1883)
mqtt-broker-1          | 1779124289: New connection from 172.18.0.5:52346 on port 1883.
mqtt-broker-1          | 1779124289: New bridge connected from 172.18.0.5:52346 as 5705515ce498.bridge_to_remote (p4, c0, k60).
obu-lead-car-1         | No global board config file found. Skipping config update process
obu-ramp-merge-5-1     | 1779124289: mosquitto version 2.0.11 starting
obu-ramp-merge-5-1     | 1779124289: Config loaded from /mosquitto.conf.
obu-ramp-merge-5-1     | 1779124289: Opening ipv4 listen socket on port 1883.
obu-ramp-merge-5-1     | 1779124289: Connecting bridge (step 1) bridge_to_remote (mqtt-broker:1883)
obu-ramp-merge-5-1     | 1779124289: mosquitto version 2.0.11 running
 Container rsa-obu-lead-car-1 Started 
obu-main-back-left-1   | 1779124289: mosquitto version 2.0.11 starting
obu-main-back-left-1   | 1779124289: Config loaded from /mosquitto.conf.
obu-main-back-left-1   | 1779124289: Opening ipv4 listen socket on port 1883.
obu-main-back-left-1   | 1779124289: Connecting bridge (step 1) bridge_to_remote (mqtt-broker:1883)
obu-main-back-left-1   | 1779124289: mosquitto version 2.0.11 running
obu-ramp-merge-3-1     | No global board config file found. Skipping config update process
obu-merge-car-1        | 1779124289: Connecting bridge (step 2) bridge_to_remote (mqtt-broker:1883)
mqtt-broker-1          | 1779124289: New connection from 172.18.0.6:58090 on port 1883.
mqtt-broker-1          | 1779124289: New bridge connected from 172.18.0.6:58090 as 221da77dd0d3.bridge_to_remote (p4, c0, k60).
 Container rsa-obu-ramp-merge-3-1 Started 
obu-main-mid-right-1   | 1779124289: Connecting bridge (step 2) bridge_to_remote (mqtt-broker:1883)
mqtt-broker-1          | 1779124289: New connection from 172.18.0.7:59182 on port 1883.
mqtt-broker-1          | 1779124289: New bridge connected from 172.18.0.7:59182 as 9b0d3b3d981d.bridge_to_remote (p4, c0, k60).
obu-lead-car-1         | 1779124289: mosquitto version 2.0.11 starting
obu-lead-car-1         | 1779124289: Config loaded from /mosquitto.conf.
obu-lead-car-1         | 1779124289: Opening ipv4 listen socket on port 1883.
obu-lead-car-1         | 1779124289: Connecting bridge (step 1) bridge_to_remote (mqtt-broker:1883)
obu-lead-car-1         | 1779124289: mosquitto version 2.0.11 running
obu-ramp-back-1        | 1779124289: Connecting bridge (step 2) bridge_to_remote (mqtt-broker:1883)
mqtt-broker-1          | 1779124289: New connection from 172.18.0.8:41122 on port 1883.
mqtt-broker-1          | 1779124289: New bridge connected from 172.18.0.8:41122 as a3a3621800b1.bridge_to_remote (p4, c0, k60).
obu-host-car-1         | No global board config file found. Skipping config update process
 Container rsa-obu-host-car-1 Started 
obu-ramp-merge-3-1     | 1779124289: mosquitto version 2.0.11 starting
obu-ramp-merge-3-1     | 1779124289: Config loaded from /mosquitto.conf.
obu-ramp-merge-3-1     | 1779124289: Opening ipv4 listen socket on port 1883.
obu-ramp-merge-3-1     | 1779124289: Connecting bridge (step 1) bridge_to_remote (mqtt-broker:1883)
obu-ramp-merge-3-1     | 1779124289: mosquitto version 2.0.11 running
obu-host-car-1         | 1779124289: mosquitto version 2.0.11 starting
obu-host-car-1         | 1779124289: Config loaded from /mosquitto.conf.
obu-host-car-1         | 1779124289: Opening ipv4 listen socket on port 1883.
obu-host-car-1         | 1779124289: Connecting bridge (step 1) bridge_to_remote (mqtt-broker:1883)
obu-host-car-1         | 1779124289: mosquitto version 2.0.11 running
 Container rsa-traci-bridge-1 Started 
obu-ramp-merge-2-1     | 1779124289: Connecting bridge (step 2) bridge_to_remote (mqtt-broker:1883)
mqtt-broker-1          | 1779124289: New connection from 172.18.0.9:41848 on port 1883.
mqtt-broker-1          | 1779124289: New bridge connected from 172.18.0.9:41848 as 9f1af53a8e36.bridge_to_remote (p4, c0, k60).
obu-ramp-merge-5-1     | 1779124289: Connecting bridge (step 2) bridge_to_remote (mqtt-broker:1883)
mqtt-broker-1          | 1779124289: New connection from 172.18.0.10:57458 on port 1883.
mqtt-broker-1          | 1779124289: New bridge connected from 172.18.0.10:57458 as c6fac515f2b3.bridge_to_remote (p4, c0, k60).
obu-main-back-left-1   | 1779124289: Connecting bridge (step 2) bridge_to_remote (mqtt-broker:1883)
mqtt-broker-1          | 1779124289: New connection from 172.18.0.11:60884 on port 1883.
mqtt-broker-1          | 1779124289: New bridge connected from 172.18.0.11:60884 as 7b277e2c1122.bridge_to_remote (p4, c0, k60).
obu-lead-car-1         | 1779124289: Connecting bridge (step 2) bridge_to_remote (mqtt-broker:1883)
mqtt-broker-1          | 1779124289: New connection from 172.18.0.12:32940 on port 1883.
mqtt-broker-1          | 1779124289: New bridge connected from 172.18.0.12:32940 as eb9fc1318b05.bridge_to_remote (p4, c0, k60).
obu-ramp-merge-3-1     | 1779124289: Connecting bridge (step 2) bridge_to_remote (mqtt-broker:1883)
mqtt-broker-1          | 1779124289: New connection from 172.18.0.13:38868 on port 1883.
mqtt-broker-1          | 1779124289: New bridge connected from 172.18.0.13:38868 as 94952bb16537.bridge_to_remote (p4, c0, k60).
obu-host-car-1         | 1779124289: Connecting bridge (step 2) bridge_to_remote (mqtt-broker:1883)
mqtt-broker-1          | 1779124289: New connection from 172.18.0.14:44916 on port 1883.
mqtt-broker-1          | 1779124289: New bridge connected from 172.18.0.14:44916 as f3c68c31ecee.bridge_to_remote (p4, c0, k60).
mqtt-broker-1          | 1779124289: New connection from 172.18.0.15:51309 on port 1883.
mqtt-broker-1          | 1779124289: New client connected from 172.18.0.15:51309 as traci-bridge (p4, c1, k60).
obu-main-front-left-1  | Using MAC address: 6e:06:e0:03:00:12.
obu-main-back-right-1  | Using MAC address: 6e:06:e0:03:00:16.
obu-main-front-left-1  | 1779124290: New connection from 127.0.0.1:34628 on port 1883.
obu-main-front-left-1  | 1779124290: New client connected from 127.0.0.1:34628 as 58a6356fd149_625 (p2, c1, k60).
obu-main-front-left-1  | mqtt.cpp: connected with server
obu-main-back-right-1  | 1779124290: New connection from 127.0.0.1:34632 on port 1883.
obu-main-back-right-1  | 1779124290: New client connected from 127.0.0.1:34632 as 018bcf3b5235_391 (p2, c1, k60).
obu-main-back-right-1  | mqtt.cpp: connected with server
mqtt-broker-1          | 1779124290: New connection from 172.18.0.4:50640 on port 1883.
mqtt-broker-1          | 1779124290: New connection from 172.18.0.3:38784 on port 1883.
mqtt-broker-1          | 1779124290: New client connected from 172.18.0.4:50640 as auto-6F075C1F-DEC7-E49B-BFC0-5C4B8F986FEA (p4, c1, k60, u'""').
mqtt-broker-1          | 1779124290: New client connected from 172.18.0.3:38784 as auto-F2A90ED8-30EA-85DE-278C-96DE97D82191 (p4, c1, k60, u'""').
obu-main-back-right-1  | mqtt.cpp: connected with server
obu-main-front-left-1  | mqtt.cpp: connected with server
obu-ramp-merge-4-1     | Using MAC address: 6e:06:e0:03:00:1a.
obu-main-front-left-1  | 1779124290: New connection from 127.0.0.1:59385 on port 1883.
obu-main-front-left-1  | 1779124290: New client connected from 127.0.0.1:59385 as obu-Main_Front_Left-1 (p2, c1, k60).
obu-main-back-right-1  | 1779124290: New connection from 127.0.0.1:43305 on port 1883.
obu-main-back-right-1  | 1779124290: New client connected from 127.0.0.1:43305 as obu-Main_Back_Right-1 (p2, c1, k60).
obu-ramp-merge-4-1     | 1779124290: New connection from 127.0.0.1:34634 on port 1883.
obu-ramp-merge-4-1     | 1779124290: New client connected from 127.0.0.1:34634 as 5705515ce498_340 (p2, c1, k60).
obu-ramp-merge-4-1     | mqtt.cpp: connected with server
mqtt-broker-1          | 1779124290: New connection from 172.18.0.5:52360 on port 1883.
mqtt-broker-1          | 1779124290: New client connected from 172.18.0.5:52360 as auto-82925923-7265-9CDB-DFB4-C41F79698FCB (p4, c1, k60, u'""').
obu-ramp-merge-4-1     | mqtt.cpp: connected with server
obu-ramp-merge-4-1     | 1779124290: New connection from 127.0.0.1:49703 on port 1883.
obu-ramp-merge-4-1     | 1779124290: New client connected from 127.0.0.1:49703 as obu-Ramp_Merge_4-1 (p2, c1, k60).
obu-merge-car-1        | Using MAC address: 6e:06:e0:03:00:17.
obu-main-mid-right-1   | Using MAC address: 6e:06:e0:03:00:13.
obu-ramp-back-1        | Using MAC address: 6e:06:e0:03:00:1c.
obu-merge-car-1        | 1779124290: New connection from 127.0.0.1:34638 on port 1883.
obu-merge-car-1        | 1779124290: New client connected from 127.0.0.1:34638 as 221da77dd0d3_86 (p2, c1, k60).
obu-merge-car-1        | mqtt.cpp: connected with server
mqtt-broker-1          | 1779124290: New connection from 172.18.0.6:58102 on port 1883.
mqtt-broker-1          | 1779124290: New client connected from 172.18.0.6:58102 as auto-2E9F28AD-C9AE-FD22-2D65-B90DF5E27ACA (p4, c1, k60, u'""').
obu-merge-car-1        | mqtt.cpp: connected with server
obu-main-mid-right-1   | 1779124290: New connection from 127.0.0.1:34648 on port 1883.
obu-main-mid-right-1   | 1779124290: New client connected from 127.0.0.1:34648 as 9b0d3b3d981d_476 (p2, c1, k60).
obu-main-mid-right-1   | mqtt.cpp: connected with server
mqtt-broker-1          | 1779124290: New connection from 172.18.0.7:59186 on port 1883.
mqtt-broker-1          | 1779124290: New client connected from 172.18.0.7:59186 as auto-0C95221D-E481-0E81-CAFF-ACC1E5912CDA (p4, c1, k60, u'""').
obu-main-mid-right-1   | mqtt.cpp: connected with server
obu-merge-car-1        | 1779124290: New connection from 127.0.0.1:45259 on port 1883.
obu-merge-car-1        | 1779124290: New client connected from 127.0.0.1:45259 as obu-Merge_Car-1 (p2, c1, k60).
obu-main-mid-right-1   | 1779124290: New connection from 127.0.0.1:44321 on port 1883.
obu-main-mid-right-1   | 1779124290: New client connected from 127.0.0.1:44321 as obu-Main_Mid_Right-1 (p2, c1, k60).
obu-ramp-back-1        | 1779124290: New connection from 127.0.0.1:34658 on port 1883.
obu-ramp-back-1        | 1779124290: New client connected from 127.0.0.1:34658 as a3a3621800b1_562 (p2, c1, k60).
obu-ramp-back-1        | mqtt.cpp: connected with server
mqtt-broker-1          | 1779124290: New connection from 172.18.0.8:41132 on port 1883.
mqtt-broker-1          | 1779124290: New client connected from 172.18.0.8:41132 as auto-C813760B-56A0-B099-6C1B-78C14265444F (p4, c1, k60, u'""').
obu-ramp-back-1        | mqtt.cpp: connected with server
obu-ramp-back-1        | 1779124290: New connection from 127.0.0.1:52863 on port 1883.
obu-ramp-back-1        | 1779124290: New client connected from 127.0.0.1:52863 as obu-Ramp_Back-1 (p2, c1, k60).
obu-ramp-merge-2-1     | Using MAC address: 6e:06:e0:03:00:18.
obu-ramp-merge-5-1     | Using MAC address: 6e:06:e0:03:00:1b.
obu-ramp-merge-2-1     | 1779124290: New connection from 127.0.0.1:34674 on port 1883.
obu-ramp-merge-2-1     | 1779124290: New client connected from 127.0.0.1:34674 as 9f1af53a8e36_46 (p2, c1, k60).
obu-ramp-merge-2-1     | mqtt.cpp: connected with server
mqtt-broker-1          | 1779124290: New connection from 172.18.0.9:41854 on port 1883.
mqtt-broker-1          | 1779124290: New client connected from 172.18.0.9:41854 as auto-5E6A0F33-A2DE-E9A8-4405-A54E3160EECB (p4, c1, k60, u'""').
obu-ramp-merge-2-1     | mqtt.cpp: connected with server
obu-main-back-left-1   | Using MAC address: 6e:06:e0:03:00:15.
obu-ramp-merge-5-1     | 1779124290: New connection from 127.0.0.1:34690 on port 1883.
obu-ramp-merge-5-1     | 1779124290: New client connected from 127.0.0.1:34690 as c6fac515f2b3_599 (p2, c1, k60).
obu-ramp-merge-5-1     | mqtt.cpp: connected with server
obu-ramp-merge-2-1     | 1779124290: New connection from 127.0.0.1:54163 on port 1883.
obu-ramp-merge-2-1     | 1779124290: New client connected from 127.0.0.1:54163 as obu-Ramp_Merge_2-1 (p2, c1, k60).
mqtt-broker-1          | 1779124290: New connection from 172.18.0.10:57474 on port 1883.
mqtt-broker-1          | 1779124290: New client connected from 172.18.0.10:57474 as auto-8184C856-0CD9-7890-9E86-6E84F03E4B22 (p4, c1, k60, u'""').
obu-ramp-merge-5-1     | mqtt.cpp: connected with server
obu-ramp-merge-5-1     | 1779124290: New connection from 127.0.0.1:43909 on port 1883.
obu-ramp-merge-5-1     | 1779124290: New client connected from 127.0.0.1:43909 as obu-Ramp_Merge_5-1 (p2, c1, k60).
obu-main-back-left-1   | 1779124290: New connection from 127.0.0.1:34020 on port 1883.
obu-main-back-left-1   | 1779124290: New client connected from 127.0.0.1:34020 as 7b277e2c1122_890 (p2, c1, k60).
obu-main-back-left-1   | mqtt.cpp: connected with server
mqtt-broker-1          | 1779124290: New connection from 172.18.0.11:44772 on port 1883.
mqtt-broker-1          | 1779124290: New client connected from 172.18.0.11:44772 as auto-A8545DBB-EB16-07F5-7764-89D42F7C1381 (p4, c1, k60, u'""').
obu-main-back-left-1   | mqtt.cpp: connected with server
obu-lead-car-1         | Using MAC address: 6e:06:e0:03:00:11.
obu-main-back-left-1   | 1779124290: New connection from 127.0.0.1:56493 on port 1883.
obu-main-back-left-1   | 1779124290: New client connected from 127.0.0.1:56493 as obu-Main_Back_Left-1 (p2, c1, k60).
obu-lead-car-1         | 1779124290: New connection from 127.0.0.1:34034 on port 1883.
obu-lead-car-1         | 1779124290: New client connected from 127.0.0.1:34034 as eb9fc1318b05_157 (p2, c1, k60).
obu-lead-car-1         | mqtt.cpp: connected with server
mqtt-broker-1          | 1779124290: New connection from 172.18.0.12:58654 on port 1883.
mqtt-broker-1          | 1779124290: New client connected from 172.18.0.12:58654 as auto-72E6D837-EFCE-CF4B-97C3-6868EFA85571 (p4, c1, k60, u'""').
obu-lead-car-1         | mqtt.cpp: connected with server
obu-ramp-merge-3-1     | Using MAC address: 6e:06:e0:03:00:19.
obu-host-car-1         | Using MAC address: 6e:06:e0:03:00:14.
obu-lead-car-1         | 1779124290: New connection from 127.0.0.1:56819 on port 1883.
obu-lead-car-1         | 1779124290: New client connected from 127.0.0.1:56819 as obu-Lead_Car-1 (p2, c1, k60).
obu-ramp-merge-3-1     | 1779124290: New connection from 127.0.0.1:34042 on port 1883.
obu-ramp-merge-3-1     | 1779124290: New client connected from 127.0.0.1:34042 as 94952bb16537_152 (p2, c1, k60).
obu-ramp-merge-3-1     | mqtt.cpp: connected with server
mqtt-broker-1          | 1779124290: New connection from 172.18.0.13:56660 on port 1883.
mqtt-broker-1          | 1779124290: New client connected from 172.18.0.13:56660 as auto-333E9710-AADC-99FF-D734-E28B35532A42 (p4, c1, k60, u'""').
obu-ramp-merge-3-1     | mqtt.cpp: connected with server
obu-host-car-1         | 1779124290: New connection from 127.0.0.1:34056 on port 1883.
obu-host-car-1         | 1779124290: New client connected from 127.0.0.1:34056 as f3c68c31ecee_783 (p2, c1, k60).
obu-host-car-1         | mqtt.cpp: connected with server
mqtt-broker-1          | 1779124290: New connection from 172.18.0.14:44396 on port 1883.
mqtt-broker-1          | 1779124290: New client connected from 172.18.0.14:44396 as auto-1296935D-81C0-E735-8C1D-0D97FF5B9CEC (p4, c1, k60, u'""').
obu-host-car-1         | mqtt.cpp: connected with server
obu-ramp-merge-3-1     | 1779124290: New connection from 127.0.0.1:56643 on port 1883.
obu-ramp-merge-3-1     | 1779124290: New client connected from 127.0.0.1:56643 as obu-Ramp_Merge_3-1 (p2, c1, k60).
obu-host-car-1         | 1779124290: New connection from 127.0.0.1:48133 on port 1883.
obu-host-car-1         | 1779124290: New client connected from 127.0.0.1:48133 as obu-Host_Car-1 (p2, c1, k60).
obu-main-front-left-1  | Zenoh session established locally
obu-main-back-right-1  | Zenoh session established locally
obu-ramp-merge-4-1     | Zenoh session established locally
obu-merge-car-1        | Zenoh session established locally
obu-main-mid-right-1   | Zenoh session established locally
obu-ramp-back-1        | Zenoh session established locally
obu-ramp-merge-2-1     | Zenoh session established locally
obu-ramp-merge-5-1     | Zenoh session established locally
obu-main-back-left-1   | Zenoh session established locally
obu-lead-car-1         | Zenoh session established locally
obu-ramp-merge-3-1     | Zenoh session established locally
obu-host-car-1         | Zenoh session established locally
obu-merge-car-1        | MERGE_ATTEMPT_TIMELINE: vehicle=Merge_Car manoeuvre=3 host=103 lead=101 event=REQUEST_SENT t=0.2 edge=34126779 lane=0 lane_cmd_state=NONE speed=9.21 target=6.75 dtm=90.8 lead_gap=50.08 host_gap=86.63 lead_gap_t1=49.37 lead_gap_t2=48.66 lead_gap_t3=47.95 host_gap_t1=85.61 host_gap_t2=84.59 host_gap_t3=83.57
obu-merge-car-1        | [0.2] Merge_Car MCM_TX_REQUEST: manoeuvre=3 target=103
obu-merge-car-1        | [0.2] Merge_Car MERGE_DECISION: auth=False phys=False fgok=True lgok=True hgok=False cok=True esok=True cready=False dtm=90.8 past=False committed=False hid=103 ra=None lclear=True hyok=False
obu-merge-car-1        | [0.3] Merge_Car MERGE_DECISION: auth=False phys=False fgok=True lgok=True hgok=False cok=True esok=True cready=False dtm=90.3 past=False committed=False hid=103 ra=None lclear=True hyok=False
obu-main-mid-right-1   | [0.4] Main_Mid_Right MCM_RX_REQUEST: from=107 manoeuvre=3 target=103
obu-merge-car-1        | [0.4] Merge_Car MERGE_DECISION: auth=False phys=False fgok=True lgok=True hgok=False cok=True esok=True cready=False dtm=89.8 past=False committed=False hid=103 ra=None lclear=True hyok=False
obu-merge-car-1        | [0.7] Merge_Car MCM_TX_REQUEST: manoeuvre=3 target=103
obu-merge-car-1        | [0.7] Merge_Car MERGE_DECISION: auth=False phys=False fgok=True lgok=True hgok=False cok=True esok=True cready=False dtm=88.2 past=False committed=False hid=103 ra=None lclear=True hyok=False
obu-merge-car-1        | [0.9] Merge_Car MERGE_DECISION: auth=False phys=False fgok=True lgok=True hgok=False cok=True esok=True cready=False dtm=87.1 past=False committed=False hid=103 ra=None lclear=True hyok=False
obu-ramp-merge-2-1     | [1.2] Ramp_Merge_2 role=merge state=CRUISE->CRUISE speed=8.11 target=6.75 neighbors=10
obu-host-car-1         | [1.2] Host_Car role=host state=CRUISE->CRUISE speed=8.07 target=7.50 neighbors=10
obu-main-mid-right-1   | [1.2] Main_Mid_Right MCM_RX_REQUEST: from=107 manoeuvre=3 target=103
obu-ramp-merge-4-1     | [1.1] Ramp_Merge_4 role=merge state=YIELDING->YIELDING speed=8.31 target=8.06 neighbors=10
obu-merge-car-1        | [1.2] Merge_Car MCM_TX_REQUEST: manoeuvre=3 target=103
obu-merge-car-1        | [1.2] Merge_Car MERGE_DECISION: auth=False phys=False fgok=True lgok=True hgok=False cok=True esok=True cready=False dtm=85.6 past=False committed=False hid=103 ra=None lclear=True hyok=False
obu-merge-car-1        | [1.2] Merge_Car role=merge state=NEGOTIATING->NEGOTIATING speed=9.51 target=9.26 neighbors=10
obu-ramp-merge-5-1     | [1.1] Ramp_Merge_5 role=merge state=YIELDING->YIELDING speed=8.31 target=8.06 neighbors=10
obu-main-front-left-1  | [1.2] Main_Front_Left role=lead state=CRUISE->CRUISE speed=8.43 target=8.43 neighbors=10
obu-lead-car-1         | [1.2] Lead_Car role=lead state=CRUISE->CRUISE speed=8.37 target=8.37 neighbors=10
obu-ramp-back-1        | [1.2] Ramp_Back CAR_FOLLOW: sid=111 edge=34126779 lane=0 leader_edge= leader_lane=None leader_role_hint=ramp self_merge_completed=False self_merge_completed_age=-1.0 self_merge_committed=False lane_cmd_state=None lane_cmd_edge=None lane_cmd_target=None lane_cmd_executable=None same_lane=True reason=same_lane_cam gap=7.3 follow_spd=2.62 emergency=False target_before=6.75 target_after=7.3
obu-ramp-back-1        | [1.2] Ramp_Back role=merge state=CRUISE->YIELDING speed=7.55 target=7.30 neighbors=9
obu-main-mid-right-1   | HOST_RESERVATION_START: host=Main_Mid_Right ramp=107 manoeuvre=3 until=5.2 own_speed=8.19 target_speed=5.99 required_speed=5.99 gap_eta=0.97
obu-main-mid-right-1   | [1.2] Main_Mid_Right HOST_RESERVED: merge=107 manoeuvre=3 until=5.2 target_spd=5.99
obu-main-mid-right-1   | [1.2] Main_Mid_Right HOST_YIELD: for merge=107 req_spd=5.99
obu-main-mid-right-1   | [1.2] Main_Mid_Right MCM_TX_ACCEPT: manoeuvre=3 target=107
obu-main-mid-right-1   | [1.2] Main_Mid_Right role=host state=CRUISE->YIELDING speed=8.19 target=5.99 neighbors=10
obu-main-back-right-1  | [1.3] Main_Back_Right role=host state=CRUISE->CRUISE speed=8.01 target=7.50 neighbors=10
obu-ramp-merge-3-1     | [1.3] Ramp_Merge_3 role=merge state=CRUISE->YIELDING speed=7.74 target=7.49 neighbors=10
obu-main-back-left-1   | [1.3] Main_Back_Left role=host state=CRUISE->CRUISE speed=8.10 target=7.50 neighbors=10
obu-merge-car-1        | [1.3] Merge_Car MERGE_DECISION: auth=False phys=False fgok=True lgok=True hgok=True cok=True esok=True cready=False dtm=85.0 past=False committed=False hid=103 ra=None lclear=True hyok=False
obu-ramp-back-1        | [1.3] Ramp_Back CAR_FOLLOW: sid=111 edge=34126779 lane=0 leader_edge= leader_lane=None leader_role_hint=ramp self_merge_completed=False self_merge_completed_age=-1.0 self_merge_committed=False lane_cmd_state=None lane_cmd_edge=None lane_cmd_target=None lane_cmd_executable=None same_lane=True reason=same_lane_cam gap=6.5 follow_spd=2.62 emergency=False target_before=6.75 target_after=6.85
obu-main-mid-right-1   | HOST_RESERVATION_HOLD: host=Main_Mid_Right ramp=107 manoeuvre=3 remaining=3.7 own_speed=8.09 target_speed=5.99 ramp_fsm=NEGOTIATING ramp_lane_cmd_state=NONE ramp_edge=34126779 ramp_lane=0 ramp_merge_completed=False ramp_merge_committed=False
obu-main-mid-right-1   | [1.5] Main_Mid_Right HOST_HOLD_YIELD: for merge=107 spd=5.99
obu-main-mid-right-1   | [1.5] Main_Mid_Right MCM_TX_ACCEPT: manoeuvre=3 target=107
obu-merge-car-1        | [1.6] Merge_Car MCM_TX_REQUEST: manoeuvre=3 target=103
obu-merge-car-1        | [1.6] Merge_Car MERGE_DECISION: auth=False phys=False fgok=True lgok=True hgok=True cok=True esok=True cready=False dtm=83.0 past=False committed=False hid=103 ra=None lclear=True hyok=False
obu-main-mid-right-1   | HOST_RESERVATION_HOLD: host=Main_Mid_Right ramp=107 manoeuvre=3 remaining=3.6 own_speed=7.99 target_speed=5.99 ramp_fsm=NEGOTIATING ramp_lane_cmd_state=NONE ramp_edge=34126779 ramp_lane=0 ramp_merge_completed=False ramp_merge_committed=False
obu-main-mid-right-1   | [1.6] Main_Mid_Right HOST_HOLD_YIELD: for merge=107 spd=5.99
obu-main-mid-right-1   | HOST_RESERVATION_HOLD: host=Main_Mid_Right ramp=107 manoeuvre=3 remaining=3.4 own_speed=7.79 target_speed=5.99 ramp_fsm=NEGOTIATING ramp_lane_cmd_state=NONE ramp_edge=34126779 ramp_lane=0 ramp_merge_completed=False ramp_merge_committed=False
obu-main-mid-right-1   | [1.8] Main_Mid_Right HOST_HOLD_YIELD: for merge=107 spd=5.99
obu-main-mid-right-1   | [1.8] Main_Mid_Right MCM_TX_ACCEPT: manoeuvre=3 target=107
obu-merge-car-1        | [1.9] Merge_Car MCM_TX_REQUEST: manoeuvre=3 target=103
obu-merge-car-1        | [1.9] Merge_Car MERGE_DECISION: auth=False phys=False fgok=True lgok=True hgok=True cok=True esok=True cready=False dtm=81.2 past=False committed=False hid=103 ra=None lclear=True hyok=False
obu-main-mid-right-1   | [2.0] Main_Mid_Right MCM_RX_REQUEST: from=107 manoeuvre=3 target=103
obu-merge-car-1        | [1.9] Merge_Car MCM_RX_ACCEPT: from=103 manoeuvre=3 target=107
obu-main-mid-right-1   | [2.0] Main_Mid_Right MCM_RX_REQUEST: from=107 manoeuvre=3 target=103
obu-merge-car-1        | [1.9] Merge_Car MCM_RX_ACCEPT: from=103 manoeuvre=3 target=107
obu-merge-car-1        | [2.0] Merge_Car MCM_RX_ACCEPT: from=103 manoeuvre=3 target=107
obu-ramp-back-1        | [1.9] Ramp_Back CAR_FOLLOW: sid=111 edge=34126779 lane=0 leader_edge= leader_lane=None leader_role_hint=ramp self_merge_completed=False self_merge_completed_age=-1.0 self_merge_committed=False lane_cmd_state=None lane_cmd_edge=None lane_cmd_target=None lane_cmd_executable=None same_lane=True reason=same_lane_cam gap=9.8 follow_spd=3.50 emergency=False target_before=6.75 target_after=6.978696695938137
obu-main-mid-right-1   | HOST_RESERVATION_HOLD: host=Main_Mid_Right ramp=107 manoeuvre=3 remaining=3.2 own_speed=7.62 target_speed=5.99 ramp_fsm=NEGOTIATING ramp_lane_cmd_state=NONE ramp_edge=34126779 ramp_lane=0 ramp_merge_completed=False ramp_merge_committed=False
obu-main-mid-right-1   | [2.0] Main_Mid_Right HOST_HOLD_YIELD: for merge=107 spd=5.99
obu-merge-car-1        | MERGE_ATTEMPT_TIMELINE: vehicle=Merge_Car manoeuvre=3 host=103 lead=101 event=ACCEPT_MATCHED t=2.0 edge=34126779 lane=0 lane_cmd_state=NONE speed=9.42 target=6.75 dtm=80.6 lead_gap=48.71 host_gap=62.13 lead_gap_t1=47.65 lead_gap_t2=46.59 lead_gap_t3=45.53 host_gap_t1=60.80 host_gap_t2=59.47 host_gap_t3=58.14
obu-merge-car-1        | [2.0] Merge_Car MCM_ACCEPT_MATCHED: host=103 manoeuvre=3
obu-ramp-back-1        | [2.1] Ramp_Back CAR_FOLLOW: sid=111 edge=34126779 lane=0 leader_edge= leader_lane=None leader_role_hint=ramp self_merge_completed=False self_merge_completed_age=-1.0 self_merge_committed=False lane_cmd_state=None lane_cmd_edge=None lane_cmd_target=None lane_cmd_executable=None same_lane=True reason=same_lane_cam gap=8.3 follow_spd=2.62 emergency=False target_before=6.75 target_after=7.05247200093138
obu-main-mid-right-1   | HOST_RESERVATION_HOLD: host=Main_Mid_Right ramp=107 manoeuvre=3 remaining=3.1 own_speed=7.54 target_speed=5.99 ramp_fsm=NEGOTIATING ramp_lane_cmd_state=NONE ramp_edge=34126779 ramp_lane=0 ramp_merge_completed=False ramp_merge_committed=False
obu-main-mid-right-1   | [2.1] Main_Mid_Right HOST_HOLD_YIELD: for merge=107 spd=5.99
obu-main-mid-right-1   | [2.1] Main_Mid_Right MCM_TX_ACCEPT: manoeuvre=3 target=107
obu-ramp-merge-2-1     | [2.2] Ramp_Merge_2 role=merge state=CRUISE->CRUISE speed=7.56 target=6.75 neighbors=11
obu-ramp-merge-4-1     | [2.2] Ramp_Merge_4 role=merge state=YIELDING->YIELDING speed=8.19 target=7.94 neighbors=11
obu-host-car-1         | [2.3] Host_Car role=host state=CRUISE->CRUISE speed=7.82 target=7.50 neighbors=11
obu-ramp-merge-5-1     | [2.2] Ramp_Merge_5 role=merge state=YIELDING->YIELDING speed=8.19 target=7.94 neighbors=11
obu-merge-car-1        | [2.3] Merge_Car role=merge state=NEGOTIATING->NEGOTIATING speed=9.39 target=6.38 neighbors=11
obu-main-front-left-1  | [2.3] Main_Front_Left role=lead state=CRUISE->CRUISE speed=8.35 target=8.35 neighbors=11
obu-lead-car-1         | [2.3] Lead_Car role=lead state=CRUISE->CRUISE speed=8.36 target=8.36 neighbors=11
obu-ramp-back-1        | [2.2] Ramp_Back CAR_FOLLOW: sid=111 edge=34126779 lane=0 leader_edge= leader_lane=None leader_role_hint=ramp self_merge_completed=False self_merge_completed_age=-1.0 self_merge_committed=False lane_cmd_state=None lane_cmd_edge=None lane_cmd_target=None lane_cmd_executable=None same_lane=True reason=same_lane_cam gap=7.6 follow_spd=2.62 emergency=False target_before=6.75 target_after=7.052348400884811
obu-ramp-back-1        | [2.2] Ramp_Back role=merge state=YIELDING->YIELDING speed=7.30 target=7.05 neighbors=11
obu-main-back-right-1  | [2.4] Main_Back_Right role=host state=CRUISE->CRUISE speed=7.79 target=7.50 neighbors=11
obu-ramp-merge-3-1     | [2.4] Ramp_Merge_3 role=merge state=YIELDING->YIELDING speed=7.60 target=7.35 neighbors=11
obu-main-back-left-1   | [2.4] Main_Back_Left role=host state=CRUISE->CRUISE speed=7.84 target=7.50 neighbors=11
obu-main-mid-right-1   | HOST_RESERVATION_HOLD: host=Main_Mid_Right ramp=107 manoeuvre=3 remaining=2.9 own_speed=7.39 target_speed=5.99 ramp_fsm=NEGOTIATING ramp_lane_cmd_state=NONE ramp_edge=34126779 ramp_lane=0 ramp_merge_completed=False ramp_merge_committed=False
obu-main-mid-right-1   | [2.3] Main_Mid_Right HOST_HOLD_YIELD: for merge=107 spd=5.99
obu-main-mid-right-1   | [2.3] Main_Mid_Right role=host state=YIELDING->YIELDING speed=7.39 target=5.99 neighbors=11
obu-main-mid-right-1   | [2.5] Main_Mid_Right MCM_RX_REQUEST: from=107 manoeuvre=3 target=103
obu-merge-car-1        | [2.5] Merge_Car MCM_RX_ACCEPT: from=103 manoeuvre=3 target=107
obu-main-mid-right-1   | HOST_RESERVATION_HOLD: host=Main_Mid_Right ramp=107 manoeuvre=3 remaining=2.7 own_speed=7.25 target_speed=5.99 ramp_fsm=NEGOTIATING ramp_lane_cmd_state=NONE ramp_edge=34126779 ramp_lane=0 ramp_merge_completed=False ramp_merge_committed=False
obu-main-mid-right-1   | [2.5] Main_Mid_Right HOST_HOLD_YIELD: for merge=107 spd=5.99
obu-main-mid-right-1   | [2.5] Main_Mid_Right MCM_TX_ACCEPT: manoeuvre=3 target=107
obu-ramp-back-1        | [2.6] Ramp_Back CAR_FOLLOW: sid=111 edge=34126779 lane=0 leader_edge= leader_lane=None leader_role_hint=ramp self_merge_completed=False self_merge_completed_age=-1.0 self_merge_committed=False lane_cmd_state=None lane_cmd_edge=None lane_cmd_target=None lane_cmd_executable=None same_lane=True reason=same_lane_cam gap=12.1 follow_spd=6.39 emergency=False target_before=7.0028290553126915 target_after=7.0028290553126915
obu-main-mid-right-1   | HOST_RESERVATION_HOLD: host=Main_Mid_Right ramp=107 manoeuvre=3 remaining=2.5 own_speed=7.13 target_speed=5.99 ramp_fsm=NEGOTIATING ramp_lane_cmd_state=NONE ramp_edge=34126779 ramp_lane=0 ramp_merge_completed=False ramp_merge_committed=False
obu-main-mid-right-1   | [2.7] Main_Mid_Right HOST_HOLD_YIELD: for merge=107 spd=5.99
obu-ramp-back-1        | [2.8] Ramp_Back CAR_FOLLOW: sid=111 edge=34126779 lane=0 leader_edge= leader_lane=None leader_role_hint=ramp self_merge_completed=False self_merge_completed_age=-1.0 self_merge_committed=False lane_cmd_state=None lane_cmd_edge=None lane_cmd_target=None lane_cmd_executable=None same_lane=True reason=same_lane_cam gap=10.7 follow_spd=4.58 emergency=False target_before=6.981333804896914 target_after=6.981333804896914
obu-main-mid-right-1   | HOST_RESERVATION_HOLD: host=Main_Mid_Right ramp=107 manoeuvre=3 remaining=2.2 own_speed=6.96 target_speed=5.99 ramp_fsm=NEGOTIATING ramp_lane_cmd_state=NONE ramp_edge=34126779 ramp_lane=0 ramp_merge_completed=False ramp_merge_committed=False
obu-main-mid-right-1   | [3.0] Main_Mid_Right HOST_HOLD_YIELD: for merge=107 spd=5.99
obu-main-mid-right-1   | [3.0] Main_Mid_Right MCM_TX_ACCEPT: manoeuvre=3 target=107
obu-ramp-back-1        | [3.1] Ramp_Back CAR_FOLLOW: sid=111 edge=34126779 lane=0 leader_edge= leader_lane=None leader_role_hint=ramp self_merge_completed=False self_merge_completed_age=-1.0 self_merge_committed=False lane_cmd_state=None lane_cmd_edge=None lane_cmd_target=None lane_cmd_executable=None same_lane=True reason=same_lane_cam gap=8.5 follow_spd=2.62 emergency=False target_before=6.94921945654173 target_after=6.94921945654173
obu-main-mid-right-1   | HOST_RESERVATION_HOLD: host=Main_Mid_Right ramp=107 manoeuvre=3 remaining=2.0 own_speed=6.87 target_speed=5.99 ramp_fsm=NEGOTIATING ramp_lane_cmd_state=NONE ramp_edge=34126779 ramp_lane=0 ramp_merge_completed=False ramp_merge_committed=False
obu-main-mid-right-1   | [3.2] Main_Mid_Right HOST_HOLD_YIELD: for merge=107 spd=5.99
obu-merge-car-1        | [3.3] Merge_Car role=merge state=NEGOTIATING->NEGOTIATING speed=8.18 target=6.38 neighbors=11
obu-main-front-left-1  | [3.3] Main_Front_Left role=lead state=CRUISE->CRUISE speed=8.35 target=8.35 neighbors=11
obu-merge-car-1        | [3.3] Merge_Car MCM_RX_ACCEPT: from=103 manoeuvre=3 target=107
obu-merge-car-1        | [3.3] Merge_Car MCM_RX_ACCEPT: from=103 manoeuvre=3 target=107
obu-lead-car-1         | [3.4] Lead_Car role=lead state=CRUISE->CRUISE speed=8.36 target=8.36 neighbors=11
obu-ramp-back-1        | [3.3] Ramp_Back CAR_FOLLOW: sid=111 edge=34126779 lane=0 leader_edge= leader_lane=None leader_role_hint=ramp self_merge_completed=False self_merge_completed_age=-1.0 self_merge_committed=False lane_cmd_state=None lane_cmd_edge=None lane_cmd_target=None lane_cmd_executable=None same_lane=True reason=same_lane_cam gap=9.5 follow_spd=3.15 emergency=False target_before=6.927975605506361 target_after=6.927975605506361
obu-ramp-back-1        | [3.3] Ramp_Back role=merge state=YIELDING->YIELDING speed=7.18 target=6.93 neighbors=11
obu-ramp-merge-2-1     | [3.4] Ramp_Merge_2 role=merge state=CRUISE->CRUISE speed=7.19 target=6.75 neighbors=11
obu-ramp-merge-4-1     | [3.3] Ramp_Merge_4 role=merge state=YIELDING->YIELDING speed=8.08 target=7.83 neighbors=11
obu-ramp-merge-5-1     | [3.3] Ramp_Merge_5 role=merge state=YIELDING->YIELDING speed=8.08 target=7.83 neighbors=11
obu-ramp-back-1        | [3.4] Ramp_Back CAR_FOLLOW: sid=111 edge=34126779 lane=0 leader_edge= leader_lane=None leader_role_hint=ramp self_merge_completed=False self_merge_completed_age=-1.0 self_merge_committed=False lane_cmd_state=None lane_cmd_edge=None lane_cmd_target=None lane_cmd_executable=None same_lane=True reason=same_lane_cam gap=8.8 follow_spd=2.62 emergency=False target_before=6.916537798058129 target_after=6.916537798058129
obu-ramp-merge-3-1     | [3.4] Ramp_Merge_3 role=merge state=YIELDING->YIELDING speed=7.49 target=7.24 neighbors=11
obu-main-back-left-1   | [3.5] Main_Back_Left role=host state=CRUISE->CRUISE speed=7.69 target=7.50 neighbors=11
obu-main-back-right-1  | [3.4] Main_Back_Right role=host state=CRUISE->CRUISE speed=7.68 target=7.50 neighbors=11
obu-main-mid-right-1   | HOST_RESERVATION_HOLD: host=Main_Mid_Right ramp=107 manoeuvre=3 remaining=1.8 own_speed=6.78 target_speed=5.99 ramp_fsm=NEGOTIATING ramp_lane_cmd_state=NONE ramp_edge=34126779 ramp_lane=0 ramp_merge_completed=False ramp_merge_committed=False
obu-main-mid-right-1   | [3.4] Main_Mid_Right HOST_HOLD_YIELD: for merge=107 spd=5.99
obu-main-mid-right-1   | [3.4] Main_Mid_Right MCM_TX_ACCEPT: manoeuvre=3 target=107
obu-main-mid-right-1   | [3.4] Main_Mid_Right role=host state=YIELDING->YIELDING speed=6.78 target=5.99 neighbors=11
obu-host-car-1         | [3.5] Host_Car role=host state=CRUISE->CRUISE speed=7.67 target=7.50 neighbors=11
obu-ramp-merge-5-1     | [3.5] Ramp_Merge_5 CAR_FOLLOW: sid=110 edge=34126779 lane=0 leader_edge= leader_lane=None leader_role_hint=ramp self_merge_completed=False self_merge_completed_age=-1.0 self_merge_committed=False lane_cmd_state=None lane_cmd_edge=None lane_cmd_target=None lane_cmd_executable=None same_lane=True reason=same_lane_cam gap=12.3 follow_spd=6.62 emergency=False target_before=7.813265827162622 target_after=7.813265827162622
obu-ramp-back-1        | [3.5] Ramp_Back CAR_FOLLOW: sid=111 edge=34126779 lane=0 leader_edge= leader_lane=None leader_role_hint=ramp self_merge_completed=False self_merge_completed_age=-1.0 self_merge_committed=False lane_cmd_state=None lane_cmd_edge=None lane_cmd_target=None lane_cmd_executable=None same_lane=True reason=same_lane_cam gap=8.1 follow_spd=2.62 emergency=False target_before=6.905671880982309 target_after=6.905671880982309
obu-main-mid-right-1   | HOST_RESERVATION_HOLD: host=Main_Mid_Right ramp=107 manoeuvre=3 remaining=1.6 own_speed=6.71 target_speed=5.99 ramp_fsm=NEGOTIATING ramp_lane_cmd_state=NONE ramp_edge=34126779 ramp_lane=0 ramp_merge_completed=False ramp_merge_committed=False
obu-main-mid-right-1   | [3.6] Main_Mid_Right HOST_HOLD_YIELD: for merge=107 spd=5.99
obu-ramp-merge-5-1     | [3.7] Ramp_Merge_5 CAR_FOLLOW: sid=110 edge=34126779 lane=0 leader_edge= leader_lane=None leader_role_hint=ramp self_merge_completed=False self_merge_completed_age=-1.0 self_merge_committed=False lane_cmd_state=None lane_cmd_edge=None lane_cmd_target=None lane_cmd_executable=None same_lane=True reason=same_lane_cam gap=10.8 follow_spd=4.71 emergency=False target_before=7.794380561777016 target_after=7.794380561777016
obu-ramp-back-1        | [3.7] Ramp_Back CAR_FOLLOW: sid=111 edge=34126779 lane=0 leader_edge= leader_lane=None leader_role_hint=ramp self_merge_completed=False self_merge_completed_age=-1.0 self_merge_committed=False lane_cmd_state=None lane_cmd_edge=None lane_cmd_target=None lane_cmd_executable=None same_lane=True reason=same_lane_cam gap=6.7 follow_spd=2.62 emergency=False target_before=6.882899603750992 target_after=6.882899603750992
obu-main-mid-right-1   | HOST_RESERVATION_HOLD: host=Main_Mid_Right ramp=107 manoeuvre=3 remaining=1.4 own_speed=6.64 target_speed=5.99 ramp_fsm=NEGOTIATING ramp_lane_cmd_state=NONE ramp_edge=34126779 ramp_lane=0 ramp_merge_completed=False ramp_merge_committed=False
obu-main-mid-right-1   | [3.8] Main_Mid_Right HOST_HOLD_YIELD: for merge=107 spd=5.99
obu-main-mid-right-1   | [3.8] Main_Mid_Right MCM_TX_ACCEPT: manoeuvre=3 target=107
obu-ramp-merge-5-1     | [3.9] Ramp_Merge_5 CAR_FOLLOW: sid=110 edge=34126779 lane=0 leader_edge= leader_lane=None leader_role_hint=ramp self_merge_completed=False self_merge_completed_age=-1.0 self_merge_committed=False lane_cmd_state=None lane_cmd_edge=None lane_cmd_target=None lane_cmd_executable=None same_lane=True reason=same_lane_cam gap=9.2 follow_spd=2.72 emergency=False target_before=7.772625207386152 target_after=7.772625207386152
obu-merge-car-1        | [4.1] Merge_Car MCM_RX_ACCEPT: from=103 manoeuvre=3 target=107
obu-merge-car-1        | [4.1] Merge_Car MCM_RX_ACCEPT: from=103 manoeuvre=3 target=107
obu-ramp-merge-2-1     | MERGE_ATTEMPT_TIMELINE: vehicle=Ramp_Merge_2 manoeuvre=34 host=104 lead=102 event=REQUEST_SENT t=4.1 edge=34126779 lane=0 lane_cmd_state=NONE speed=7.06 target=6.75 dtm=93.1 lead_gap=51.16 host_gap=98.44 lead_gap_t1=51.16 lead_gap_t2=51.16 lead_gap_t3=51.16 host_gap_t1=98.44 host_gap_t2=98.44 host_gap_t3=98.44
obu-ramp-merge-2-1     | [4.1] Ramp_Merge_2 MCM_TX_REQUEST: manoeuvre=34 target=104
obu-ramp-merge-2-1     | [4.1] Ramp_Merge_2 MERGE_DECISION: auth=False phys=False fgok=True lgok=True hgok=False cok=True esok=True cready=False dtm=93.1 past=False committed=False hid=104 ra=None lclear=False hyok=False
obu-main-mid-right-1   | HOST_RESERVATION_HOLD: host=Main_Mid_Right ramp=107 manoeuvre=3 remaining=1.1 own_speed=6.54 target_speed=5.99 ramp_fsm=NEGOTIATING ramp_lane_cmd_state=NONE ramp_edge=34126779 ramp_lane=0 ramp_merge_completed=False ramp_merge_committed=False
obu-main-mid-right-1   | [4.1] Main_Mid_Right HOST_HOLD_YIELD: for merge=107 spd=5.99
obu-main-mid-right-1   | [4.1] Main_Mid_Right MCM_TX_ACCEPT: manoeuvre=3 target=107
obu-ramp-merge-2-1     | [4.2] Ramp_Merge_2 MERGE_DECISION: auth=False phys=False fgok=True lgok=True hgok=False cok=True esok=True cready=False dtm=92.7 past=False committed=False hid=104 ra=None lclear=False hyok=False
obu-main-mid-right-1   | HOST_RESERVATION_HOLD: host=Main_Mid_Right ramp=107 manoeuvre=3 remaining=1.0 own_speed=6.52 target_speed=5.99 ramp_fsm=NEGOTIATING ramp_lane_cmd_state=NONE ramp_edge=34126779 ramp_lane=0 ramp_merge_completed=False ramp_merge_committed=False
obu-main-mid-right-1   | [4.2] Main_Mid_Right HOST_HOLD_YIELD: for merge=107 spd=5.99
obu-host-car-1         | [4.3] Host_Car MCM_RX_REQUEST: from=108 manoeuvre=34 target=104
obu-main-front-left-1  | [4.3] Main_Front_Left role=lead state=CRUISE->CRUISE speed=8.35 target=8.35 neighbors=11
obu-merge-car-1        | [4.3] Merge_Car role=merge state=NEGOTIATING->NEGOTIATING speed=7.46 target=6.38 neighbors=11
obu-merge-car-1        | [4.3] Merge_Car MCM_RX_ACCEPT: from=103 manoeuvre=3 target=107
obu-lead-car-1         | [4.5] Lead_Car role=cruise state=CRUISE->CRUISE speed=8.36 target=7.50 neighbors=11
obu-ramp-back-1        | [4.4] Ramp_Back role=merge state=YIELDING->YIELDING speed=7.06 target=6.81 neighbors=11
obu-ramp-merge-3-1     | [4.4] Ramp_Merge_3 role=merge state=YIELDING->CRUISE speed=7.28 target=6.75 neighbors=11
obu-main-back-right-1  | [4.5] Main_Back_Right role=host state=CRUISE->CRUISE speed=7.60 target=7.50 neighbors=11
obu-main-back-left-1   | [4.5] Main_Back_Left role=host state=CRUISE->CRUISE speed=7.62 target=7.50 neighbors=11
obu-ramp-merge-2-1     | [4.5] Ramp_Merge_2 MCM_TX_REQUEST: manoeuvre=34 target=104
obu-ramp-merge-2-1     | [4.5] Ramp_Merge_2 MERGE_DECISION: auth=False phys=False fgok=True lgok=True hgok=False cok=True esok=True cready=False dtm=91.8 past=False committed=False hid=104 ra=None lclear=True hyok=False
obu-ramp-merge-2-1     | [4.5] Ramp_Merge_2 role=merge state=NEGOTIATING->NEGOTIATING speed=7.05 target=7.23 neighbors=11
obu-main-mid-right-1   | HOST_RESERVATION_HOLD: host=Main_Mid_Right ramp=107 manoeuvre=3 remaining=0.7 own_speed=6.44 target_speed=5.99 ramp_fsm=NEGOTIATING ramp_lane_cmd_state=NONE ramp_edge=34126779 ramp_lane=0 ramp_merge_completed=False ramp_merge_committed=False
obu-main-mid-right-1   | [4.5] Main_Mid_Right HOST_HOLD_YIELD: for merge=107 spd=5.99
obu-main-mid-right-1   | [4.5] Main_Mid_Right MCM_TX_ACCEPT: manoeuvre=3 target=107
obu-main-mid-right-1   | [4.5] Main_Mid_Right role=host state=YIELDING->YIELDING speed=6.44 target=5.99 neighbors=11
obu-ramp-merge-4-1     | [4.4] Ramp_Merge_4 role=merge state=YIELDING->YIELDING speed=7.96 target=7.71 neighbors=11
obu-host-car-1         | HOST_RESERVATION_START: host=Host_Car ramp=108 manoeuvre=34 until=8.5 own_speed=7.60 target_speed=5.52 required_speed=5.52 gap_eta=-0.22
obu-host-car-1         | [4.5] Host_Car HOST_RESERVED: merge=108 manoeuvre=34 until=8.5 target_spd=5.52
obu-host-car-1         | [4.5] Host_Car HOST_YIELD: for merge=108 req_spd=5.52
obu-host-car-1         | [4.5] Host_Car MCM_TX_ACCEPT: manoeuvre=34 target=108
obu-host-car-1         | [4.5] Host_Car role=host state=CRUISE->YIELDING speed=7.60 target=5.52 neighbors=11
obu-ramp-merge-5-1     | [4.4] Ramp_Merge_5 role=merge state=YIELDING->YIELDING speed=7.97 target=7.72 neighbors=11
obu-host-car-1         | [5.1] Host_Car MCM_RX_REQUEST: from=108 manoeuvre=34 target=104
obu-merge-car-1        | [5.0] Merge_Car MCM_RX_ACCEPT: from=103 manoeuvre=3 target=107
obu-ramp-merge-2-1     | [5.0] Ramp_Merge_2 MCM_RX_ACCEPT: from=104 manoeuvre=34 target=108
obu-ramp-merge-2-1     | [5.0] Ramp_Merge_2 MCM_TX_REQUEST: manoeuvre=34 target=104
obu-ramp-merge-2-1     | MERGE_ATTEMPT_TIMELINE: vehicle=Ramp_Merge_2 manoeuvre=34 host=104 lead=102 event=ACCEPT_MATCHED t=5.0 edge=34126779 lane=0 lane_cmd_state=NONE speed=7.09 target=6.75 dtm=90.1 lead_gap=44.02 host_gap=89.44 lead_gap_t1=44.02 lead_gap_t2=44.02 lead_gap_t3=44.02 host_gap_t1=89.44 host_gap_t2=89.44 host_gap_t3=89.44
obu-ramp-merge-2-1     | [5.0] Ramp_Merge_2 MCM_ACCEPT_MATCHED: host=104 manoeuvre=34
obu-main-mid-right-1   | HOST_RESERVATION_HOLD: host=Main_Mid_Right ramp=107 manoeuvre=3 remaining=0.1 own_speed=6.32 target_speed=5.99 ramp_fsm=NEGOTIATING ramp_lane_cmd_state=NONE ramp_edge=34126779 ramp_lane=0 ramp_merge_completed=False ramp_merge_committed=False
obu-main-mid-right-1   | [5.1] Main_Mid_Right HOST_HOLD_YIELD: for merge=107 spd=5.99
obu-main-mid-right-1   | [5.1] Main_Mid_Right MCM_TX_ACCEPT: manoeuvre=3 target=107
obu-host-car-1         | HOST_RESERVATION_HOLD: host=Host_Car ramp=108 manoeuvre=34 remaining=3.4 own_speed=7.21 target_speed=5.52 ramp_fsm=NEGOTIATING ramp_lane_cmd_state=NONE ramp_edge=34126779 ramp_lane=0 ramp_merge_completed=False ramp_merge_committed=False
obu-host-car-1         | [5.1] Host_Car HOST_HOLD_YIELD: for merge=108 spd=5.52
obu-host-car-1         | [5.1] Host_Car MCM_TX_ACCEPT: manoeuvre=34 target=108
obu-merge-car-1        | [5.0] Merge_Car MERGE_ACCEPTED_WAIT_SLOT_VALID: reason=hgok=False(gap=29.98)
obu-merge-car-1        | [5.0] Merge_Car MERGE_DECISION: auth=False phys=True fgok=True lgok=True hgok=False cok=True esok=True cready=True dtm=62.4 past=False committed=False hid=103 ra=2 lclear=True hyok=True
obu-ramp-back-1        | [5.0] Ramp_Back CAR_FOLLOW: sid=111 edge=34126779 lane=0 leader_edge= leader_lane=None leader_role_hint=ramp self_merge_completed=False self_merge_completed_age=-1.0 self_merge_committed=False lane_cmd_state=None lane_cmd_edge=None lane_cmd_target=None lane_cmd_executable=None same_lane=True reason=same_lane_cam gap=11.1 follow_spd=5.15 emergency=False target_before=6.75 target_after=6.7429858724194
obu-merge-car-1        | [5.2] Merge_Car MERGE_DECISION: auth=False phys=True fgok=True lgok=True hgok=False cok=True esok=True cready=True dtm=61.3 past=False committed=False hid=103 ra=2 lclear=True hyok=True
obu-ramp-back-1        | [5.2] Ramp_Back CAR_FOLLOW: sid=111 edge=34126779 lane=0 leader_edge= leader_lane=None leader_role_hint=ramp self_merge_completed=False self_merge_completed_age=-1.0 self_merge_committed=False lane_cmd_state=None lane_cmd_edge=None lane_cmd_target=None lane_cmd_executable=None same_lane=True reason=same_lane_cam gap=9.7 follow_spd=3.41 emergency=False target_before=6.75 target_after=6.724987543332651
obu-main-mid-right-1   | [5.5] Main_Mid_Right role=lead state=CRUISE->CRUISE speed=6.33 target=7.50 neighbors=11
obu-main-front-left-1  | [5.4] Main_Front_Left role=lead state=CRUISE->CRUISE speed=8.35 target=8.35 neighbors=11
obu-merge-car-1        | [5.4] Merge_Car MERGE_DECISION: auth=False phys=True fgok=True lgok=True hgok=False cok=True esok=True cready=True dtm=60.0 past=False committed=False hid=103 ra=2 lclear=True hyok=True
obu-merge-car-1        | [5.4] Merge_Car role=merge state=NEGOTIATING->NEGOTIATING speed=6.99 target=6.38 neighbors=11
obu-ramp-back-1        | [5.4] Ramp_Back CAR_FOLLOW: sid=111 edge=34126779 lane=0 leader_edge= leader_lane=None leader_role_hint=ramp self_merge_completed=False self_merge_completed_age=-1.0 self_merge_committed=False lane_cmd_state=None lane_cmd_edge=None lane_cmd_target=None lane_cmd_executable=None same_lane=True reason=same_lane_cam gap=8.3 follow_spd=2.62 emergency=False target_before=6.75 target_after=6.70547396368404
obu-ramp-back-1        | [5.4] Ramp_Back role=merge state=YIELDING->YIELDING speed=6.96 target=6.71 neighbors=11
obu-lead-car-1         | [5.5] Lead_Car role=cruise state=CRUISE->CRUISE speed=8.04 target=7.50 neighbors=11
obu-main-back-right-1  | [5.6] Main_Back_Right role=host state=CRUISE->CRUISE speed=7.56 target=7.50 neighbors=11
obu-merge-car-1        | [5.6] Merge_Car MERGE_DECISION: auth=False phys=True fgok=True lgok=True hgok=False cok=True esok=True cready=True dtm=58.7 past=False committed=False hid=103 ra=2 lclear=True hyok=True
obu-ramp-merge-3-1     | [5.5] Ramp_Merge_3 role=merge state=CRUISE->CRUISE speed=7.07 target=6.75 neighbors=11
obu-merge-car-1        | [5.8] Merge_Car MCM_RX_ACCEPT: from=103 manoeuvre=3 target=107
obu-ramp-merge-4-1     | [5.7] Ramp_Merge_4 role=merge state=CRUISE->YIELDING speed=7.62 target=7.37 neighbors=11
obu-ramp-merge-5-1     | [5.7] Ramp_Merge_5 CAR_FOLLOW: sid=110 edge=34126779 lane=0 leader_edge= leader_lane=None leader_role_hint=ramp self_merge_completed=False self_merge_completed_age=-1.0 self_merge_committed=False lane_cmd_state=None lane_cmd_edge=None lane_cmd_target=None lane_cmd_executable=None same_lane=True reason=same_lane_cam gap=11.8 follow_spd=6.02 emergency=False target_before=7.583936914675439 target_after=7.583936914675439
obu-ramp-merge-5-1     | [5.7] Ramp_Merge_5 role=merge state=YIELDING->YIELDING speed=7.83 target=7.58 neighbors=11
obu-host-car-1         | HOST_RESERVATION_HOLD: host=Host_Car ramp=108 manoeuvre=34 remaining=2.7 own_speed=6.70 target_speed=5.52 ramp_fsm=NEGOTIATING ramp_lane_cmd_state=NONE ramp_edge=34126779 ramp_lane=0 ramp_merge_completed=False ramp_merge_committed=False
obu-host-car-1         | [5.8] Host_Car HOST_HOLD_YIELD: for merge=108 spd=5.52
obu-host-car-1         | [5.8] Host_Car MCM_TX_ACCEPT: manoeuvre=34 target=108
obu-host-car-1         | [5.8] Host_Car role=host state=YIELDING->YIELDING speed=6.70 target=5.52 neighbors=11
obu-host-car-1         | [5.8] Host_Car MCM_RX_REQUEST: from=108 manoeuvre=34 target=104
obu-merge-car-1        | [5.8] Merge_Car MERGE_DECISION: auth=False phys=True fgok=True lgok=True hgok=False cok=True esok=True cready=True dtm=57.5 past=False committed=False hid=103 ra=2 lclear=True hyok=True
obu-main-back-left-1   | [5.8] Main_Back_Left role=host state=CRUISE->CRUISE speed=7.56 target=7.50 neighbors=11
obu-ramp-merge-2-1     | [5.8] Ramp_Merge_2 role=merge state=NEGOTIATING->NEGOTIATING speed=6.94 target=6.38 neighbors=11
obu-ramp-merge-2-1     | [5.8] Ramp_Merge_2 MCM_RX_ACCEPT: from=104 manoeuvre=34 target=108
obu-host-car-1         | HOST_RESERVATION_HOLD: host=Host_Car ramp=108 manoeuvre=34 remaining=2.6 own_speed=6.64 target_speed=5.52 ramp_fsm=NEGOTIATING ramp_lane_cmd_state=NONE ramp_edge=34126779 ramp_lane=0 ramp_merge_completed=False ramp_merge_committed=False
obu-host-car-1         | [5.9] Host_Car HOST_HOLD_YIELD: for merge=108 spd=5.52
obu-merge-car-1        | [5.9] Merge_Car MERGE_DECISION: auth=False phys=True fgok=True lgok=True hgok=False cok=True esok=True cready=True dtm=56.9 past=False committed=False hid=103 ra=2 lclear=True hyok=True
obu-ramp-merge-2-1     | [6.1] Ramp_Merge_2 MCM_RX_ACCEPT: from=104 manoeuvre=34 target=108
obu-host-car-1         | HOST_RESERVATION_HOLD: host=Host_Car ramp=108 manoeuvre=34 remaining=2.3 own_speed=6.48 target_speed=5.52 ramp_fsm=NEGOTIATING ramp_lane_cmd_state=NONE ramp_edge=34126779 ramp_lane=0 ramp_merge_completed=False ramp_merge_committed=False
obu-host-car-1         | [6.2] Host_Car HOST_HOLD_YIELD: for merge=108 spd=5.52
obu-host-car-1         | [6.2] Host_Car MCM_TX_ACCEPT: manoeuvre=34 target=108
obu-merge-car-1        | [6.1] Merge_Car MERGE_ACCEPTED_WAIT_SLOT_VALID: reason=hgok=False(gap=20.07)
obu-merge-car-1        | [6.1] Merge_Car MERGE_DECISION: auth=False phys=True fgok=True lgok=True hgok=False cok=True esok=True cready=True dtm=55.6 past=False committed=False hid=103 ra=2 lclear=True hyok=True
obu-ramp-merge-2-1     | [6.3] Ramp_Merge_2 MCM_RX_ACCEPT: from=104 manoeuvre=34 target=108
obu-merge-car-1        | [6.3] Merge_Car MERGE_DECISION: auth=False phys=True fgok=True lgok=True hgok=False cok=True esok=True cready=True dtm=54.4 past=False committed=False hid=103 ra=2 lclear=True hyok=True
obu-merge-car-1        | [6.3] Merge_Car CAR_FOLLOW: sid=103 edge=34126779 lane=0 leader_edge= leader_lane=None leader_role_hint=main self_merge_completed=False self_merge_completed_age=-1.0 self_merge_committed=False lane_cmd_state=None lane_cmd_edge=None lane_cmd_target=None lane_cmd_executable=None same_lane=False reason=merge_conflict_eta gap=0.3 follow_spd=5.92 emergency=False target_before=6.375 target_after=6.512425761166693
obu-ramp-merge-2-1     | MERGE_ATTEMPT_TIMELINE: vehicle=Ramp_Merge_2 manoeuvre=34 host=104 lead=102 event=AUTHORIZED t=6.3 edge=34126779 lane=0 lane_cmd_state=NONE speed=6.81 target=6.38 dtm=85.0 lead_gap=41.17 host_gap=73.48 lead_gap_t1=41.17 lead_gap_t2=41.17 lead_gap_t3=41.17 host_gap_t1=72.66 host_gap_t2=71.85 host_gap_t3=71.04
obu-ramp-merge-2-1     | [6.3] Ramp_Merge_2 MERGE_AUTHORIZED_BY_MCM: host=104 manoeuvre=34
obu-ramp-merge-2-1     | [6.3] Ramp_Merge_2 MERGE_DECISION: auth=True phys=False fgok=True lgok=True hgok=True cok=True esok=True cready=False dtm=85.0 past=False committed=False hid=104 ra=2 lclear=True hyok=True
obu-ramp-merge-2-1     | [6.3] Ramp_Merge_2 MERGE_PREPARE_WAIT_PHYSICAL: dtm=85.0
obu-merge-car-1        | [6.4] Merge_Car MERGE_DECISION: auth=False phys=True fgok=True lgok=True hgok=False cok=True esok=True cready=True dtm=53.8 past=False committed=False hid=103 ra=2 lclear=False hyok=True
obu-merge-car-1        | [6.4] Merge_Car CAR_FOLLOW: sid=103 edge=34126779 lane=0 leader_edge= leader_lane=None leader_role_hint=main self_merge_completed=False self_merge_completed_age=-1.0 self_merge_committed=False lane_cmd_state=None lane_cmd_edge=None lane_cmd_target=None lane_cmd_executable=None same_lane=False reason=merge_conflict_eta gap=0.7 follow_spd=6.15 emergency=False target_before=6.375 target_after=6.493054473108358
obu-merge-car-1        | [6.4] Merge_Car role=merge state=NEGOTIATING->NEGOTIATING speed=6.74 target=6.49 neighbors=11
obu-ramp-back-1        | [6.4] Ramp_Back role=merge state=YIELDING->YIELDING speed=6.85 target=6.60 neighbors=11
obu-ramp-merge-3-1     | [6.5] Ramp_Merge_3 role=merge state=CRUISE->CRUISE speed=6.94 target=6.75 neighbors=11
obu-ramp-merge-2-1     | [6.5] Ramp_Merge_2 MERGE_DECISION: auth=True phys=False fgok=True lgok=True hgok=True cok=True esok=True cready=False dtm=84.1 past=False committed=False hid=104 ra=2 lclear=True hyok=True
obu-ramp-merge-2-1     | [6.5] Ramp_Merge_2 MERGE_PREPARE_WAIT_PHYSICAL: dtm=84.1
obu-merge-car-1        | MERGE_ATTEMPT_TIMELINE: vehicle=Merge_Car manoeuvre=3 host=103 lead=101 event=SLOT_EXPIRED t=6.6 edge=34126779 lane=0 lane_cmd_state=NONE speed=6.71 target=6.38 dtm=52.6 lead_gap=51.71 host_gap=17.64 lead_gap_t1=51.71 lead_gap_t2=51.71 lead_gap_t3=51.71 host_gap_t1=17.61 host_gap_t2=17.58 host_gap_t3=17.54
obu-merge-car-1        | [6.6] Merge_Car MERGE_ACCEPTED_SLOT_EXPIRED: age=1.6 dtm=52.6
obu-merge-car-1        | [6.6] Merge_Car CAR_FOLLOW: sid=103 edge=34126779 lane=0 leader_edge= leader_lane=None leader_role_hint=main self_merge_completed=False self_merge_completed_age=-1.0 self_merge_committed=False lane_cmd_state=None lane_cmd_edge=None lane_cmd_target=None lane_cmd_executable=None same_lane=False reason=merge_conflict_eta gap=0.6 follow_spd=6.01 emergency=False target_before=6.375 target_after=6.4640404500386275
obu-ramp-merge-2-1     | [6.7] Ramp_Merge_2 MERGE_DECISION: auth=True phys=False fgok=True lgok=True hgok=True cok=True esok=True cready=False dtm=83.2 past=False committed=False hid=104 ra=2 lclear=True hyok=True
obu-ramp-merge-2-1     | [6.7] Ramp_Merge_2 MERGE_PREPARE_WAIT_PHYSICAL: dtm=83.2
obu-merge-car-1        | MERGE_ATTEMPT_TIMELINE: vehicle=Merge_Car manoeuvre=4 host=104 lead=103 event=REQUEST_SENT t=6.9 edge=34126779 lane=0 lane_cmd_state=NONE speed=6.68 target=6.75 dtm=50.7 lead_gap=14.67 host_gap=0.00 lead_gap_t1=14.66 lead_gap_t2=14.66 lead_gap_t3=14.65 host_gap_t1=0.00 host_gap_t2=0.00 host_gap_t3=0.00
obu-merge-car-1        | [6.9] Merge_Car MCM_TX_REQUEST: manoeuvre=4 target=104
obu-merge-car-1        | [6.9] Merge_Car MERGE_DECISION: auth=False phys=True fgok=True lgok=False hgok=True cok=True esok=True cready=True dtm=50.7 past=False committed=False hid=104 ra=None lclear=True hyok=True
obu-merge-car-1        | [6.9] Merge_Car CAR_FOLLOW: sid=103 edge=34126779 lane=0 leader_edge= leader_lane=None leader_role_hint=main self_merge_completed=False self_merge_completed_age=-1.0 self_merge_committed=False lane_cmd_state=None lane_cmd_edge=None lane_cmd_target=None lane_cmd_executable=None same_lane=False reason=merge_conflict_eta gap=0.3 follow_spd=5.80 emergency=False target_before=6.434316590635351 target_after=6.434316590635351
obu-ramp-merge-2-1     | [6.9] Ramp_Merge_2 MERGE_DECISION: auth=True phys=False fgok=True lgok=True hgok=True cok=True esok=True cready=False dtm=82.3 past=False committed=False hid=104 ra=2 lclear=True hyok=True
obu-ramp-merge-2-1     | [6.9] Ramp_Merge_2 MERGE_PREPARE_WAIT_PHYSICAL: dtm=82.3
obu-ramp-merge-2-1     | [6.9] Ramp_Merge_2 role=merge state=NEGOTIATING->NEGOTIATING speed=6.70 target=6.38 neighbors=11
obu-main-mid-right-1   | [7.1] Main_Mid_Right role=lead state=CRUISE->CRUISE speed=6.99 target=7.50 neighbors=11
obu-ramp-merge-5-1     | [7.0] Ramp_Merge_5 role=merge state=YIELDING->YIELDING speed=7.70 target=7.45 neighbors=11
obu-host-car-1         | [7.2] Host_Car MCM_RX_REQUEST: from=107 manoeuvre=4 target=104
obu-host-car-1         | HOST_RESERVATION_HOLD: host=Host_Car ramp=108 manoeuvre=34 remaining=1.3 own_speed=6.10 target_speed=5.52 ramp_fsm=NEGOTIATING ramp_lane_cmd_state=NONE ramp_edge=34126779 ramp_lane=0 ramp_merge_completed=False ramp_merge_committed=False
obu-host-car-1         | [7.2] Host_Car HOST_HOLD_YIELD: for merge=108 spd=5.52
obu-host-car-1         | [7.2] Host_Car MCM_TX_REJECT: manoeuvre=4 target=107
obu-host-car-1         | [7.2] Host_Car MCM_TX_ACCEPT: manoeuvre=34 target=108
obu-host-car-1         | [7.2] Host_Car role=host state=YIELDING->YIELDING speed=6.10 target=5.52 neighbors=11
obu-main-front-left-1  | [7.2] Main_Front_Left role=lead state=CRUISE->CRUISE speed=8.35 target=8.35 neighbors=11
obu-main-back-left-1   | [7.2] Main_Back_Left role=host state=CRUISE->CRUISE speed=7.53 target=7.50 neighbors=11
obu-merge-car-1        | [7.2] Merge_Car MCM_TX_REQUEST: manoeuvre=4 target=104
obu-merge-car-1        | [7.2] Merge_Car MERGE_DECISION: auth=False phys=True fgok=True lgok=False hgok=True cok=True esok=True cready=True dtm=48.8 past=False committed=False hid=104 ra=None lclear=True hyok=True
obu-merge-car-1        | [7.2] Merge_Car CAR_FOLLOW: sid=103 edge=34126779 lane=0 leader_edge= leader_lane=None leader_role_hint=main self_merge_completed=False self_merge_completed_age=-1.0 self_merge_committed=False lane_cmd_state=None lane_cmd_edge=None lane_cmd_target=None lane_cmd_executable=None same_lane=False reason=merge_conflict_eta gap=1.3 follow_spd=6.46 emergency=False target_before=6.464997059169646 target_after=6.464997059169646
obu-main-back-right-1  | [7.2] Main_Back_Right role=host state=CRUISE->CRUISE speed=7.52 target=7.50 neighbors=11
obu-lead-car-1         | [7.2] Lead_Car role=cruise state=CRUISE->CRUISE speed=7.73 target=7.50 neighbors=11
obu-ramp-merge-2-1     | [7.1] Ramp_Merge_2 MERGE_DECISION: auth=True phys=False fgok=True lgok=True hgok=True cok=True esok=True cready=False dtm=81.4 past=False committed=False hid=104 ra=2 lclear=True hyok=True
obu-ramp-merge-2-1     | [7.1] Ramp_Merge_2 MERGE_PREPARE_WAIT_PHYSICAL: dtm=81.4
obu-ramp-merge-4-1     | [7.1] Ramp_Merge_4 role=merge state=YIELDING->CRUISE speed=7.39 target=6.75 neighbors=11
obu-ramp-merge-2-1     | [7.4] Ramp_Merge_2 MCM_ACCEPT_STALE: host=104 manoeuvre=34
obu-ramp-back-1        | [7.5] Ramp_Back CAR_FOLLOW: sid=111 edge=34126779 lane=0 leader_edge= leader_lane=None leader_role_hint=ramp self_merge_completed=False self_merge_completed_age=-1.0 self_merge_committed=False lane_cmd_state=None lane_cmd_edge=None lane_cmd_target=None lane_cmd_executable=None same_lane=True reason=same_lane_cam gap=11.4 follow_spd=5.47 emergency=False target_before=6.48105177466268 target_after=6.48105177466268
obu-ramp-back-1        | [7.5] Ramp_Back role=merge state=YIELDING->YIELDING speed=6.73 target=6.48 neighbors=6
obu-host-car-1         | [8.0] Host_Car MCM_RX_REQUEST: from=107 manoeuvre=4 target=104
obu-merge-car-1        | [8.0] Merge_Car MCM_TX_REQUEST: manoeuvre=4 target=104
obu-merge-car-1        | [8.0] Merge_Car FINAL_GUARD: REJECTED slot-boundary ETA sid=103
obu-merge-car-1        | [8.0] Merge_Car MERGE_DECISION: auth=False phys=True fgok=False lgok=False hgok=True cok=True esok=True cready=True dtm=43.9 past=False committed=False hid=104 ra=None lclear=True hyok=True
obu-merge-car-1        | [8.0] Merge_Car CAR_FOLLOW: sid=103 edge=34126779 lane=0 leader_edge= leader_lane=None leader_role_hint=main self_merge_completed=False self_merge_completed_age=-1.0 self_merge_committed=False lane_cmd_state=None lane_cmd_edge=None lane_cmd_target=None lane_cmd_executable=None same_lane=False reason=merge_conflict_eta gap=0.6 follow_spd=5.81 emergency=False target_before=6.338325188640514 target_after=6.338325188640514
obu-merge-car-1        | [8.0] Merge_Car role=merge state=NEGOTIATING->NEGOTIATING speed=6.59 target=6.34 neighbors=11
obu-ramp-merge-3-1     | MERGE_ATTEMPT_TIMELINE: vehicle=Ramp_Merge_3 manoeuvre=65 host=105 lead=104 event=REQUEST_SENT t=8.0 edge=34126779 lane=0 lane_cmd_state=NONE speed=6.84 target=6.75 dtm=94.4 lead_gap=87.08 host_gap=104.22 lead_gap_t1=86.33 lead_gap_t2=85.58 lead_gap_t3=84.83 host_gap_t1=104.22 host_gap_t2=104.22 host_gap_t3=104.22
obu-ramp-merge-3-1     | [8.0] Ramp_Merge_3 MCM_TX_REQUEST: manoeuvre=65 target=105
obu-ramp-merge-3-1     | [8.0] Ramp_Merge_3 MERGE_DECISION: auth=False phys=False fgok=True lgok=False hgok=False cok=True esok=True cready=False dtm=94.4 past=False committed=False hid=105 ra=None lclear=False hyok=False
obu-ramp-merge-3-1     | [8.0] Ramp_Merge_3 role=merge state=CRUISE->NEGOTIATING speed=6.84 target=6.59 neighbors=11
obu-ramp-merge-2-1     | [8.0] Ramp_Merge_2 MERGE_DECISION: auth=True phys=False fgok=True lgok=True hgok=True cok=True esok=True cready=False dtm=77.5 past=False committed=False hid=104 ra=2 lclear=True hyok=True
obu-ramp-merge-2-1     | [8.0] Ramp_Merge_2 MERGE_PREPARE_WAIT_PHYSICAL: dtm=77.5
obu-ramp-merge-2-1     | [8.0] Ramp_Merge_2 role=merge state=NEGOTIATING->NEGOTIATING speed=6.56 target=6.38 neighbors=11
obu-ramp-merge-5-1     | [8.0] Ramp_Merge_5 role=merge state=YIELDING->YIELDING speed=7.60 target=7.35 neighbors=11
obu-host-car-1         | HOST_RESERVATION_HOLD: host=Host_Car ramp=108 manoeuvre=34 remaining=0.4 own_speed=5.89 target_speed=5.52 ramp_fsm=NEGOTIATING ramp_lane_cmd_state=NONE ramp_edge=34126779 ramp_lane=0 ramp_merge_completed=False ramp_merge_committed=False
obu-host-car-1         | [8.1] Host_Car HOST_HOLD_YIELD: for merge=108 spd=5.52
obu-host-car-1         | [8.1] Host_Car MCM_TX_REJECT: manoeuvre=4 target=107
obu-host-car-1         | [8.1] Host_Car MCM_TX_ACCEPT: manoeuvre=34 target=108
obu-main-back-left-1   | [8.8] Main_Back_Left MCM_RX_REQUEST: from=109 manoeuvre=65 target=105
obu-ramp-merge-2-1     | [8.8] Ramp_Merge_2 MCM_RX_ACCEPT: from=104 manoeuvre=34 target=108
obu-merge-car-1        | [8.8] Merge_Car MCM_RX_REJECT: from=104 manoeuvre=4 target=107
obu-main-back-left-1   | HOST_RESERVATION_START: host=Main_Back_Left ramp=109 manoeuvre=65 until=12.8 own_speed=7.51 target_speed=5.32 required_speed=5.32 gap_eta=-0.60
obu-main-back-left-1   | [8.8] Main_Back_Left HOST_RESERVED: merge=109 manoeuvre=65 until=12.8 target_spd=5.32
obu-main-back-left-1   | [8.8] Main_Back_Left HOST_YIELD: for merge=109 req_spd=5.32
obu-merge-car-1        | [8.8] Merge_Car MCM_RX_REJECT: from=104 manoeuvre=4 target=107
obu-main-back-left-1   | [8.8] Main_Back_Left MCM_TX_ACCEPT: manoeuvre=65 target=109
obu-main-back-left-1   | [8.8] Main_Back_Left role=host state=CRUISE->YIELDING speed=7.51 target=5.32 neighbors=11
obu-main-back-right-1  | [8.8] Main_Back_Right role=host state=CRUISE->CRUISE speed=7.51 target=7.50 neighbors=11
obu-merge-car-1        | [8.8] Merge_Car MCM_TX_REQUEST: manoeuvre=4 target=104
obu-ramp-back-1        | [8.7] Ramp_Back role=merge state=YIELDING->YIELDING speed=6.60 target=6.35 neighbors=11
obu-merge-car-1        | [8.8] Merge_Car MCM_REJECT: host=104 manoeuvre=4
obu-merge-car-1        | [8.8] Merge_Car FINAL_GUARD: REJECTED slot-boundary ETA sid=103
obu-merge-car-1        | [8.8] Merge_Car CAR_FOLLOW: sid=103 edge=34126779 lane=0 leader_edge= leader_lane=None leader_role_hint=main self_merge_completed=False self_merge_completed_age=-1.0 self_merge_committed=False lane_cmd_state=None lane_cmd_edge=None lane_cmd_target=None lane_cmd_executable=None same_lane=False reason=merge_conflict_eta gap=1.0 follow_spd=5.97 emergency=False target_before=6.263259054280417 target_after=6.263259054280417
obu-lead-car-1         | [8.8] Lead_Car role=cruise state=CRUISE->CRUISE speed=7.60 target=7.50 neighbors=11
obu-ramp-merge-3-1     | [8.2] Ramp_Merge_3 MERGE_DECISION: auth=False phys=False fgok=True lgok=False hgok=False cok=True esok=True cready=False dtm=93.7 past=False committed=False hid=105 ra=None lclear=False hyok=False
obu-main-mid-right-1   | [8.8] Main_Mid_Right role=lead state=CRUISE->CRUISE speed=7.29 target=7.50 neighbors=11
obu-ramp-merge-2-1     | [8.8] Ramp_Merge_2 MERGE_DECISION: auth=True phys=False fgok=True lgok=True hgok=True cok=True esok=True cready=False dtm=73.6 past=False committed=False hid=104 ra=2 lclear=True hyok=True
obu-ramp-merge-2-1     | [8.8] Ramp_Merge_2 MERGE_PREPARE_WAIT_PHYSICAL: dtm=73.6
obu-ramp-merge-4-1     | [8.8] Ramp_Merge_4 role=merge state=YIELDING->YIELDING speed=7.11 target=6.86 neighbors=11
obu-ramp-merge-2-1     | [8.8] Ramp_Merge_2 MCM_RX_ACCEPT: from=104 manoeuvre=34 target=108
obu-main-front-left-1  | [8.8] Main_Front_Left role=cruise state=CRUISE->CRUISE speed=8.12 target=7.50 neighbors=11
obu-host-car-1         | [8.8] Host_Car MCM_RX_REQUEST: from=107 manoeuvre=4 target=104
obu-main-back-left-1   | HOST_RESERVATION_HOLD: host=Main_Back_Left ramp=109 manoeuvre=65 remaining=3.8 own_speed=7.51 target_speed=5.32 ramp_fsm=NEGOTIATING ramp_lane_cmd_state=NONE ramp_edge=34126779 ramp_lane=0 ramp_merge_completed=False ramp_merge_committed=False
obu-main-back-left-1   | [9.0] Main_Back_Left HOST_HOLD_YIELD: for merge=109 spd=5.32
obu-ramp-merge-3-1     | [8.9] Ramp_Merge_3 MCM_TX_REQUEST: manoeuvre=65 target=105
obu-ramp-merge-3-1     | [8.9] Ramp_Merge_3 MERGE_DECISION: auth=False phys=False fgok=True lgok=False hgok=False cok=True esok=True cready=False dtm=91.5 past=False committed=False hid=105 ra=None lclear=False hyok=False
obu-host-car-1         | HOST_RELEASE_BEFORE_CLEAR: host=Host_Car ramp=108 manoeuvre=34 reason=timeout ramp_fsm=NEGOTIATING ramp_lane_cmd_state=NONE ramp_edge=34126779 ramp_lane=0 ramp_merge_completed=False ramp_merge_committed=False
obu-host-car-1         | HOST_RESERVATION_START: host=Host_Car ramp=107 manoeuvre=4 until=13.1 own_speed=5.74 target_speed=5.74 required_speed=5.74 gap_eta=5.94
obu-host-car-1         | [9.1] Host_Car HOST_RESERVED: merge=107 manoeuvre=4 until=13.1 target_spd=5.74
obu-host-car-1         | [9.1] Host_Car MCM_TX_ACCEPT: manoeuvre=4 target=107
obu-host-car-1         | [9.1] Host_Car role=host state=YIELDING->CRUISE speed=5.74 target=7.50 neighbors=11
obu-main-back-left-1   | HOST_RESERVATION_HOLD: host=Main_Back_Left ramp=109 manoeuvre=65 remaining=3.6 own_speed=7.40 target_speed=5.32 ramp_fsm=NEGOTIATING ramp_lane_cmd_state=NONE ramp_edge=34126779 ramp_lane=0 ramp_merge_completed=False ramp_merge_committed=False
obu-main-back-left-1   | [9.2] Main_Back_Left HOST_HOLD_YIELD: for merge=109 spd=5.32
obu-main-back-left-1   | [9.2] Main_Back_Left MCM_TX_ACCEPT: manoeuvre=65 target=109
obu-merge-car-1        | [9.1] Merge_Car FINAL_GUARD: REJECTED slot-boundary ETA sid=103
obu-merge-car-1        | [9.1] Merge_Car MERGE_DECISION: auth=False phys=True fgok=False lgok=False hgok=True cok=True esok=True cready=True dtm=36.9 past=False committed=False hid=104 ra=None lclear=True hyok=True
obu-main-back-left-1   | HOST_RESERVATION_HOLD: host=Main_Back_Left ramp=109 manoeuvre=65 remaining=3.2 own_speed=7.02 target_speed=5.32 ramp_fsm=NEGOTIATING ramp_lane_cmd_state=NONE ramp_edge=34126779 ramp_lane=0 ramp_merge_completed=False ramp_merge_committed=False
obu-main-back-left-1   | [9.6] Main_Back_Left HOST_HOLD_YIELD: for merge=109 spd=5.32
obu-merge-car-1        | [9.1] Merge_Car CAR_FOLLOW: sid=103 edge=34126779 lane=0 leader_edge= leader_lane=None leader_role_hint=main self_merge_completed=False self_merge_completed_age=-1.0 self_merge_committed=False lane_cmd_state=None lane_cmd_edge=None lane_cmd_target=None lane_cmd_executable=None same_lane=False reason=merge_conflict_eta gap=0.7 follow_spd=5.68 emergency=False target_before=6.234555804975522 target_after=6.234555804975522
obu-merge-car-1        | [9.1] Merge_Car role=merge state=NEGOTIATING->NEGOTIATING speed=6.48 target=6.23 neighbors=11
obu-main-back-left-1   | [9.6] Main_Back_Left MCM_TX_ACCEPT: manoeuvre=65 target=109
obu-host-car-1         | [9.6] Host_Car MCM_RX_REQUEST: from=107 manoeuvre=4 target=104
obu-main-back-left-1   | [9.6] Main_Back_Left MCM_RX_REQUEST: from=109 manoeuvre=65 target=105
obu-ramp-merge-3-1     | [9.6] Ramp_Merge_3 MCM_RX_ACCEPT: from=105 manoeuvre=65 target=109
obu-ramp-merge-3-1     | [9.6] Ramp_Merge_3 MCM_RX_ACCEPT: from=105 manoeuvre=65 target=109
obu-merge-car-1        | [9.6] Merge_Car MCM_RX_ACCEPT: from=104 manoeuvre=4 target=107
obu-ramp-merge-3-1     | [9.6] Ramp_Merge_3 MCM_TX_REQUEST: manoeuvre=65 target=105
obu-ramp-merge-3-1     | MERGE_ATTEMPT_TIMELINE: vehicle=Ramp_Merge_3 manoeuvre=65 host=105 lead=104 event=ACCEPT_MATCHED t=9.6 edge=34126779 lane=0 lane_cmd_state=NONE speed=6.69 target=6.75 dtm=89.1 lead_gap=72.81 host_gap=85.88 lead_gap_t1=71.85 lead_gap_t2=70.90 lead_gap_t3=69.95 host_gap_t1=85.88 host_gap_t2=85.88 host_gap_t3=85.88
obu-ramp-merge-3-1     | [9.6] Ramp_Merge_3 MCM_ACCEPT_MATCHED: host=105 manoeuvre=65
obu-ramp-merge-3-1     | [9.6] Ramp_Merge_3 role=merge state=NEGOTIATING->NEGOTIATING speed=6.69 target=6.38 neighbors=11
obu-ramp-merge-2-1     | [9.6] Ramp_Merge_2 MERGE_DECISION: auth=True phys=True fgok=True lgok=True hgok=False cok=True esok=True cready=True dtm=70.0 past=False committed=False hid=104 ra=2 lclear=True hyok=True
obu-ramp-merge-2-1     | [9.6] Ramp_Merge_2 MERGE_PREPARE_WAIT_PHYSICAL: dtm=70.0
obu-ramp-merge-2-1     | [9.6] Ramp_Merge_2 role=merge state=NEGOTIATING->NEGOTIATING speed=6.46 target=6.38 neighbors=11
obu-ramp-merge-5-1     | [9.6] Ramp_Merge_5 role=merge state=YIELDING->YIELDING speed=7.45 target=7.20 neighbors=11
obu-host-car-1         | HOST_RESERVATION_HOLD: host=Host_Car ramp=107 manoeuvre=4 remaining=3.5 own_speed=5.97 target_speed=5.74 ramp_fsm=NEGOTIATING ramp_lane_cmd_state=NONE ramp_edge=34126779 ramp_lane=0 ramp_merge_completed=False ramp_merge_committed=False
obu-host-car-1         | [9.6] Host_Car HOST_HOLD_YIELD: for merge=107 spd=5.74
obu-host-car-1         | [9.6] Host_Car MCM_TX_ACCEPT: manoeuvre=4 target=107
obu-merge-car-1        | MERGE_ATTEMPT_TIMELINE: vehicle=Merge_Car manoeuvre=5 host=101 lead=None event=REQUEST_SENT t=9.7 edge=34126779 lane=0 lane_cmd_state=NONE speed=6.43 target=6.75 dtm=33.2 lead_gap= host_gap=60.10 lead_gap_t1= lead_gap_t2= lead_gap_t3= host_gap_t1=60.10 host_gap_t2=60.10 host_gap_t3=60.10
obu-merge-car-1        | [9.7] Merge_Car MCM_TX_REQUEST: manoeuvre=5 target=101
obu-merge-car-1        | [9.7] Merge_Car FINAL_GUARD: REJECTED slot-boundary ETA sid=101
obu-merge-car-1        | [9.7] Merge_Car MERGE_DECISION: auth=False phys=True fgok=False lgok=True hgok=False cok=True esok=True cready=True dtm=33.2 past=False committed=False hid=101 ra=None lclear=True hyok=False
obu-merge-car-1        | [9.7] Merge_Car CAR_FOLLOW: sid=101 edge=34126779 lane=0 leader_edge= leader_lane=None leader_role_hint=main self_merge_completed=False self_merge_completed_age=-1.0 self_merge_committed=False lane_cmd_state=None lane_cmd_edge=None lane_cmd_target=None lane_cmd_executable=None same_lane=False reason=merge_conflict_eta gap=0.7 follow_spd=4.53 emergency=False target_before=6.60593250113805 target_after=6.175932501138051
obu-host-car-1         | HOST_RESERVATION_HOLD: host=Host_Car ramp=107 manoeuvre=4 remaining=3.3 own_speed=6.12 target_speed=5.74 ramp_fsm=NEGOTIATING ramp_lane_cmd_state=NONE ramp_edge=34126779 ramp_lane=0 ramp_merge_completed=False ramp_merge_committed=False
obu-host-car-1         | [9.8] Host_Car HOST_HOLD_YIELD: for merge=107 spd=5.74
obu-main-front-left-1  | [9.9] Main_Front_Left role=cruise state=CRUISE->CRUISE speed=7.85 target=7.50 neighbors=11
obu-main-back-right-1  | [10.0] Main_Back_Right role=host state=CRUISE->CRUISE speed=7.51 target=7.50 neighbors=11
obu-main-back-left-1   | [10.0] Main_Back_Left MCM_RX_REQUEST: from=109 manoeuvre=65 target=105
obu-ramp-back-1        | [9.9] Ramp_Back role=merge state=YIELDING->YIELDING speed=6.48 target=6.23 neighbors=11
obu-main-back-left-1   | HOST_RESERVATION_HOLD: host=Main_Back_Left ramp=109 manoeuvre=65 remaining=2.8 own_speed=6.70 target_speed=5.32 ramp_fsm=NEGOTIATING ramp_lane_cmd_state=NONE ramp_edge=34126779 ramp_lane=0 ramp_merge_completed=False ramp_merge_committed=False
obu-main-back-left-1   | [10.0] Main_Back_Left HOST_HOLD_YIELD: for merge=109 spd=5.32
obu-lead-car-1         | [10.0] Lead_Car MCM_RX_REQUEST: from=107 manoeuvre=5 target=101
obu-main-back-left-1   | [10.0] Main_Back_Left MCM_TX_ACCEPT: manoeuvre=65 target=109
obu-main-back-left-1   | [10.0] Main_Back_Left role=host state=YIELDING->YIELDING speed=6.70 target=5.32 neighbors=11
obu-lead-car-1         | HOST_RESERVATION_START: host=Lead_Car ramp=107 manoeuvre=5 until=14.0 own_speed=7.55 target_speed=5.06 required_speed=5.06 gap_eta=1.32
obu-lead-car-1         | [10.0] Lead_Car HOST_RESERVED: merge=107 manoeuvre=5 until=14.0 target_spd=5.06
obu-lead-car-1         | [10.0] Lead_Car HOST_YIELD: for merge=107 req_spd=5.06
obu-merge-car-1        | [9.8] Merge_Car FINAL_GUARD: REJECTED slot-boundary ETA sid=101
obu-merge-car-1        | [9.8] Merge_Car MERGE_DECISION: auth=False phys=True fgok=False lgok=True hgok=False cok=True esok=True cready=True dtm=32.6 past=False committed=False hid=101 ra=None lclear=True hyok=False
obu-ramp-merge-3-1     | [10.0] Ramp_Merge_3 MCM_RX_ACCEPT: from=105 manoeuvre=65 target=109
obu-merge-car-1        | [9.8] Merge_Car CAR_FOLLOW: sid=101 edge=34126779 lane=0 leader_edge= leader_lane=None leader_role_hint=main self_merge_completed=False self_merge_completed_age=-1.0 self_merge_committed=False lane_cmd_state=None lane_cmd_edge=None lane_cmd_target=None lane_cmd_executable=None same_lane=False reason=merge_conflict_eta gap=0.7 follow_spd=4.45 emergency=False target_before=6.5977988287951685 target_after=6.167798828795169
obu-lead-car-1         | [10.0] Lead_Car MCM_TX_ACCEPT: manoeuvre=5 target=107
obu-lead-car-1         | [10.0] Lead_Car role=host state=CRUISE->YIELDING speed=7.55 target=5.06 neighbors=11
obu-merge-car-1        | [10.0] Merge_Car MCM_RX_ACCEPT: from=104 manoeuvre=4 target=107
obu-main-mid-right-1   | [10.0] Main_Mid_Right role=lead state=CRUISE->CRUISE speed=7.38 target=7.50 neighbors=11
obu-ramp-merge-2-1     | [10.0] Ramp_Merge_2 MCM_ACCEPT_STALE: host=104 manoeuvre=34
obu-ramp-merge-4-1     | [10.0] Ramp_Merge_4 role=merge state=CRUISE->CRUISE speed=6.99 target=6.75 neighbors=11
obu-ramp-merge-2-1     | [10.0] Ramp_Merge_2 MERGE_DECISION: auth=True phys=True fgok=True lgok=True hgok=False cok=True esok=True cready=True dtm=67.8 past=False committed=False hid=104 ra=2 lclear=True hyok=True
obu-ramp-merge-2-1     | [10.0] Ramp_Merge_2 MERGE_PREPARE_WAIT_PHYSICAL: dtm=67.8
obu-host-car-1         | HOST_RESERVATION_HOLD: host=Host_Car ramp=107 manoeuvre=4 remaining=3.1 own_speed=6.17 target_speed=5.74 ramp_fsm=NEGOTIATING ramp_lane_cmd_state=NONE ramp_edge=34126779 ramp_lane=0 ramp_merge_completed=False ramp_merge_committed=False
obu-host-car-1         | [10.0] Host_Car HOST_HOLD_YIELD: for merge=107 spd=5.74
obu-host-car-1         | [10.0] Host_Car MCM_TX_ACCEPT: manoeuvre=4 target=107
obu-merge-car-1        | [10.1] Merge_Car MCM_TX_REQUEST: manoeuvre=5 target=101
obu-merge-car-1        | [10.1] Merge_Car MERGE_DECISION: auth=False phys=True fgok=True lgok=True hgok=True cok=True esok=True cready=True dtm=30.7 past=False committed=False hid=101 ra=None lclear=True hyok=False
obu-merge-car-1        | [10.1] Merge_Car role=merge state=NEGOTIATING->NEGOTIATING speed=6.39 target=6.57 neighbors=11
obu-lead-car-1         | HOST_RESERVATION_HOLD: host=Lead_Car ramp=107 manoeuvre=5 remaining=3.8 own_speed=7.55 target_speed=5.06 ramp_fsm=NEGOTIATING ramp_lane_cmd_state=NONE ramp_edge=34126779 ramp_lane=0 ramp_merge_completed=False ramp_merge_committed=False
obu-lead-car-1         | [10.2] Lead_Car HOST_HOLD_YIELD: for merge=107 spd=5.06
obu-ramp-merge-3-1     | [10.8] Ramp_Merge_3 role=merge state=NEGOTIATING->NEGOTIATING speed=6.55 target=6.38 neighbors=11
obu-lead-car-1         | [10.8] Lead_Car MCM_RX_REQUEST: from=107 manoeuvre=5 target=101
obu-ramp-merge-3-1     | [10.8] Ramp_Merge_3 MCM_RX_ACCEPT: from=105 manoeuvre=65 target=109
obu-ramp-merge-2-1     | [10.8] Ramp_Merge_2 MERGE_DECISION: auth=True phys=True fgok=True lgok=True hgok=False cok=True esok=True cready=True dtm=63.7 past=False committed=False hid=104 ra=2 lclear=True hyok=True
obu-ramp-merge-2-1     | [10.8] Ramp_Merge_2 MERGE_PREPARE_WAIT_PHYSICAL: dtm=63.7
obu-ramp-merge-2-1     | [10.8] Ramp_Merge_2 role=merge state=NEGOTIATING->NEGOTIATING speed=6.42 target=6.38 neighbors=11
obu-ramp-merge-5-1     | [10.7] Ramp_Merge_5 role=merge state=YIELDING->YIELDING speed=7.34 target=7.09 neighbors=11
obu-merge-car-1        | [10.8] Merge_Car MCM_RX_ACCEPT: from=101 manoeuvre=5 target=107
obu-merge-car-1        | [10.8] Merge_Car MCM_RX_ACCEPT: from=104 manoeuvre=4 target=107
obu-host-car-1         | HOST_RESERVATION_HOLD: host=Host_Car ramp=107 manoeuvre=4 remaining=2.3 own_speed=6.03 target_speed=5.74 ramp_fsm=NEGOTIATING ramp_lane_cmd_state=NONE ramp_edge=34126779 ramp_lane=0 ramp_merge_completed=False ramp_merge_committed=False
obu-host-car-1         | [10.8] Host_Car HOST_HOLD_YIELD: for merge=107 spd=5.74
obu-host-car-1         | [10.8] Host_Car MCM_TX_ACCEPT: manoeuvre=4 target=107
obu-host-car-1         | [10.8] Host_Car role=host state=YIELDING->YIELDING speed=6.03 target=5.74 neighbors=11
obu-main-front-left-1  | [10.9] Main_Front_Left role=cruise state=CRUISE->CRUISE speed=7.71 target=7.50 neighbors=11
obu-main-back-left-1   | HOST_RESERVATION_HOLD: host=Main_Back_Left ramp=109 manoeuvre=65 remaining=2.0 own_speed=6.24 target_speed=5.32 ramp_fsm=NEGOTIATING ramp_lane_cmd_state=NONE ramp_edge=34126779 ramp_lane=0 ramp_merge_completed=False ramp_merge_committed=False
obu-main-back-left-1   | [10.8] Main_Back_Left HOST_HOLD_YIELD: for merge=109 spd=5.32
obu-main-back-left-1   | [10.8] Main_Back_Left MCM_TX_ACCEPT: manoeuvre=65 target=109
obu-merge-car-1        | [10.9] Merge_Car MCM_TX_REQUEST: manoeuvre=5 target=101
obu-lead-car-1         | HOST_RESERVATION_HOLD: host=Lead_Car ramp=107 manoeuvre=5 remaining=3.1 own_speed=6.80 target_speed=5.06 ramp_fsm=NEGOTIATING ramp_lane_cmd_state=NONE ramp_edge=34126779 ramp_lane=0 ramp_merge_completed=False ramp_merge_committed=False
obu-lead-car-1         | [10.9] Lead_Car HOST_HOLD_YIELD: for merge=107 spd=5.06
obu-merge-car-1        | MERGE_ATTEMPT_TIMELINE: vehicle=Merge_Car manoeuvre=5 host=101 lead=None event=ACCEPT_MATCHED t=10.9 edge=34126779 lane=0 lane_cmd_state=NONE speed=6.42 target=6.75 dtm=25.7 lead_gap= host_gap=61.17 lead_gap_t1= lead_gap_t2= lead_gap_t3= host_gap_t1=61.17 host_gap_t2=61.17 host_gap_t3=61.17
obu-merge-car-1        | [10.9] Merge_Car MCM_ACCEPT_MATCHED: host=101 manoeuvre=5
obu-merge-car-1        | [10.9] Merge_Car FINAL_GUARD: REJECTED slot-boundary sid=103 gap=8.8
obu-merge-car-1        | [10.9] Merge_Car CAR_FOLLOW: sid=103 edge=34126779 lane=0 leader_edge= leader_lane=None leader_role_hint=main self_merge_completed=False self_merge_completed_age=-1.0 self_merge_committed=False lane_cmd_state=None lane_cmd_edge=None lane_cmd_target=None lane_cmd_executable=None same_lane=False reason=merge_conflict_eta gap=1.1 follow_spd=5.85 emergency=False target_before=6.375 target_after=6.168280411508618
obu-lead-car-1         | [10.9] Lead_Car MCM_TX_ACCEPT: manoeuvre=5 target=107
obu-main-back-right-1  | [11.0] Main_Back_Right role=host state=CRUISE->CRUISE speed=7.50 target=7.50 neighbors=11
obu-main-back-left-1   | HOST_RESERVATION_HOLD: host=Main_Back_Left ramp=109 manoeuvre=65 remaining=1.8 own_speed=6.15 target_speed=5.32 ramp_fsm=NEGOTIATING ramp_lane_cmd_state=NONE ramp_edge=34126779 ramp_lane=0 ramp_merge_completed=False ramp_merge_committed=False
obu-main-back-left-1   | [11.0] Main_Back_Left HOST_HOLD_YIELD: for merge=109 spd=5.32
obu-ramp-back-1        | [11.0] Ramp_Back role=merge state=YIELDING->YIELDING speed=6.36 target=6.11 neighbors=11
obu-main-back-left-1   | [11.0] Main_Back_Left role=host state=YIELDING->YIELDING speed=6.15 target=5.32 neighbors=11
obu-main-back-left-1   | HOST_RESERVATION_HOLD: host=Main_Back_Left ramp=109 manoeuvre=65 remaining=1.4 own_speed=6.00 target_speed=5.32 ramp_fsm=NEGOTIATING ramp_lane_cmd_state=NONE ramp_edge=34126779 ramp_lane=0 ramp_merge_completed=False ramp_merge_committed=False
obu-main-back-left-1   | [11.4] Main_Back_Left HOST_HOLD_YIELD: for merge=109 spd=5.32
obu-main-back-left-1   | [11.4] Main_Back_Left MCM_TX_ACCEPT: manoeuvre=65 target=109
obu-ramp-merge-4-1     | [11.1] Ramp_Merge_4 role=merge state=CRUISE->YIELDING speed=6.88 target=6.63 neighbors=11
obu-ramp-merge-3-1     | [11.6] Ramp_Merge_3 MCM_RX_ACCEPT: from=105 manoeuvre=65 target=109
obu-ramp-merge-2-1     | [11.2] Ramp_Merge_2 MERGE_DECISION: auth=True phys=True fgok=True lgok=True hgok=False cok=True esok=True cready=True dtm=61.7 past=False committed=False hid=104 ra=2 lclear=True hyok=True
obu-ramp-merge-2-1     | [11.2] Ramp_Merge_2 MERGE_PREPARE_WAIT_PHYSICAL: dtm=61.7
obu-host-car-1         | HOST_RESERVATION_HOLD: host=Host_Car ramp=107 manoeuvre=4 remaining=1.5 own_speed=5.93 target_speed=5.74 ramp_fsm=NEGOTIATING ramp_lane_cmd_state=NONE ramp_edge=34126779 ramp_lane=0 ramp_merge_completed=False ramp_merge_committed=False
obu-host-car-1         | [11.6] Host_Car HOST_HOLD_YIELD: for merge=107 spd=5.74
obu-host-car-1         | [11.6] Host_Car MCM_TX_ACCEPT: manoeuvre=4 target=107
obu-ramp-merge-3-1     | [11.7] Ramp_Merge_3 MCM_RX_ACCEPT: from=105 manoeuvre=65 target=109
obu-lead-car-1         | HOST_RESERVATION_HOLD: host=Lead_Car ramp=107 manoeuvre=5 remaining=2.4 own_speed=6.27 target_speed=5.06 ramp_fsm=NEGOTIATING ramp_lane_cmd_state=NONE ramp_edge=34126779 ramp_lane=0 ramp_merge_completed=False ramp_merge_committed=False
obu-lead-car-1         | [11.6] Lead_Car HOST_HOLD_YIELD: for merge=107 spd=5.06
obu-merge-car-1        | [11.6] Merge_Car FINAL_GUARD: REJECTED slot-boundary sid=103 gap=7.0
obu-main-back-left-1   | HOST_RESERVATION_HOLD: host=Main_Back_Left ramp=109 manoeuvre=65 remaining=1.2 own_speed=5.93 target_speed=5.32 ramp_fsm=NEGOTIATING ramp_lane_cmd_state=NONE ramp_edge=34126779 ramp_lane=0 ramp_merge_completed=False ramp_merge_committed=False
obu-main-back-left-1   | [11.6] Main_Back_Left HOST_HOLD_YIELD: for merge=109 spd=5.32
obu-merge-car-1        | [11.6] Merge_Car CAR_FOLLOW: sid=103 edge=34126779 lane=0 leader_edge= leader_lane=None leader_role_hint=main self_merge_completed=False self_merge_completed_age=-1.0 self_merge_committed=False lane_cmd_state=None lane_cmd_edge=None lane_cmd_target=None lane_cmd_executable=None same_lane=False reason=merge_conflict_eta gap=0.4 follow_spd=4.83 emergency=False target_before=6.372866228016042 target_after=6.122866228016042
obu-merge-car-1        | [11.6] Merge_Car role=merge state=NEGOTIATING->NEGOTIATING speed=6.37 target=6.12 neighbors=11
obu-lead-car-1         | [11.6] Lead_Car MCM_TX_ACCEPT: manoeuvre=5 target=107
obu-lead-car-1         | [11.6] Lead_Car role=host state=YIELDING->YIELDING speed=6.27 target=5.06 neighbors=11
obu-merge-car-1        | [11.6] Merge_Car MCM_RX_ACCEPT: from=101 manoeuvre=5 target=107
obu-ramp-merge-3-1     | [11.7] Ramp_Merge_3 MERGE_ACCEPTED_WAIT_SLOT_VALID: reason=hgok=False(gap=62.10)
obu-ramp-merge-3-1     | [11.7] Ramp_Merge_3 MERGE_DECISION: auth=False phys=False fgok=True lgok=True hgok=False cok=True esok=True cready=False dtm=80.7 past=False committed=False hid=105 ra=2 lclear=True hyok=True
obu-merge-car-1        | [11.6] Merge_Car MCM_RX_ACCEPT: from=104 manoeuvre=4 target=107
obu-lead-car-1         | [11.6] Lead_Car MCM_RX_REQUEST: from=107 manoeuvre=5 target=101
obu-merge-car-1        | [11.7] Merge_Car MCM_RX_ACCEPT: from=104 manoeuvre=4 target=107
obu-main-mid-right-1   | [11.7] Main_Mid_Right role=lead state=CRUISE->CRUISE speed=7.45 target=7.50 neighbors=11
obu-ramp-merge-4-1     | MERGE_ATTEMPT_TIMELINE: vehicle=Ramp_Merge_4 manoeuvre=96 host=106 lead=105 event=REQUEST_SENT t=11.7 edge=34126779 lane=0 lane_cmd_state=NONE speed=6.85 target=6.75 dtm=94.4 lead_gap=87.42 host_gap=103.80 lead_gap_t1=86.71 lead_gap_t2=86.00 lead_gap_t3=85.29 host_gap_t1=103.80 host_gap_t2=103.80 host_gap_t3=103.80
obu-ramp-merge-4-1     | [11.7] Ramp_Merge_4 MCM_TX_REQUEST: manoeuvre=96 target=106
obu-ramp-merge-4-1     | [11.7] Ramp_Merge_4 MERGE_DECISION: auth=False phys=False fgok=True lgok=False hgok=False cok=True esok=True cready=False dtm=94.4 past=False committed=False hid=106 ra=None lclear=False hyok=False
obu-ramp-merge-2-1     | [11.7] Ramp_Merge_2 MERGE_SLOT_ABANDON_BLOCKED: lgok=True hgok=False
obu-main-back-left-1   | HOST_RESERVATION_HOLD: host=Main_Back_Left ramp=109 manoeuvre=65 remaining=0.9 own_speed=5.84 target_speed=5.32 ramp_fsm=NEGOTIATING ramp_lane_cmd_state=NONE ramp_edge=34126779 ramp_lane=0 ramp_merge_completed=False ramp_merge_committed=False
obu-main-back-left-1   | [11.9] Main_Back_Left HOST_HOLD_YIELD: for merge=109 spd=5.32
obu-merge-car-1        | [11.8] Merge_Car FINAL_GUARD: REJECTED slot-boundary sid=103 gap=6.9
obu-merge-car-1        | [11.8] Merge_Car CAR_FOLLOW: sid=103 edge=34126779 lane=0 leader_edge= leader_lane=None leader_role_hint=main self_merge_completed=False self_merge_completed_age=-1.0 self_merge_committed=False lane_cmd_state=None lane_cmd_edge=None lane_cmd_target=None lane_cmd_executable=None same_lane=False reason=merge_conflict_eta gap=1.1 follow_spd=5.57 emergency=False target_before=6.3529191109065675 target_after=6.1029191109065675
obu-main-back-left-1   | [11.9] Main_Back_Left MCM_TX_ACCEPT: manoeuvre=65 target=109
obu-lead-car-1         | HOST_RESERVATION_HOLD: host=Lead_Car ramp=107 manoeuvre=5 remaining=2.1 own_speed=6.10 target_speed=5.06 ramp_fsm=NEGOTIATING ramp_lane_cmd_state=NONE ramp_edge=34126779 ramp_lane=0 ramp_merge_completed=False ramp_merge_committed=False
obu-lead-car-1         | [11.9] Lead_Car HOST_HOLD_YIELD: for merge=107 spd=5.06
obu-ramp-merge-3-1     | [11.8] Ramp_Merge_3 MERGE_DECISION: auth=False phys=False fgok=True lgok=True hgok=False cok=True esok=True cready=False dtm=80.3 past=False committed=False hid=105 ra=2 lclear=True hyok=True
obu-ramp-merge-3-1     | [11.8] Ramp_Merge_3 role=merge state=NEGOTIATING->NEGOTIATING speed=6.48 target=6.38 neighbors=11
obu-lead-car-1         | [11.9] Lead_Car MCM_TX_ACCEPT: manoeuvre=5 target=107
obu-ramp-merge-4-1     | [11.8] Ramp_Merge_4 MERGE_DECISION: auth=False phys=False fgok=True lgok=False hgok=False cok=True esok=True cready=False dtm=94.0 past=False committed=False hid=106 ra=None lclear=False hyok=False
obu-ramp-merge-2-1     | MERGE_ATTEMPT_TIMELINE: vehicle=Ramp_Merge_2 manoeuvre=35 host=104 lead=103 event=REQUEST_SENT t=11.9 edge=34126779 lane=0 lane_cmd_state=NONE speed=6.40 target=6.75 dtm=57.6 lead_gap=39.07 host_gap=20.00 lead_gap_t1=39.07 lead_gap_t2=39.07 lead_gap_t3=39.07 host_gap_t1=19.52 host_gap_t2=19.04 host_gap_t3=18.56
obu-ramp-merge-2-1     | [11.9] Ramp_Merge_2 MCM_TX_REQUEST: manoeuvre=35 target=104
obu-ramp-merge-2-1     | [11.9] Ramp_Merge_2 MERGE_DECISION: auth=False phys=True fgok=True lgok=True hgok=False cok=True esok=True cready=True dtm=57.6 past=False committed=False hid=104 ra=None lclear=True hyok=False
obu-ramp-merge-2-1     | [11.9] Ramp_Merge_2 role=merge state=NEGOTIATING->NEGOTIATING speed=6.40 target=6.58 neighbors=11
obu-main-back-right-1  | [12.0] Main_Back_Right role=host state=CRUISE->CRUISE speed=7.50 target=7.50 neighbors=11
obu-merge-car-1        | [12.0] Merge_Car FINAL_GUARD: REJECTED slot-boundary sid=103 gap=6.0
obu-merge-car-1        | [12.0] Merge_Car CAR_FOLLOW: sid=103 edge=34126779 lane=0 leader_edge= leader_lane=None leader_role_hint=main self_merge_completed=False self_merge_completed_age=-1.0 self_merge_committed=False lane_cmd_state=None lane_cmd_edge=None lane_cmd_target=None lane_cmd_executable=None same_lane=False reason=merge_conflict_eta gap=0.9 follow_spd=5.22 emergency=False target_before=6.332646128540638 target_after=6.082646128540638
obu-ramp-merge-3-1     | [12.0] Ramp_Merge_3 MERGE_DECISION: auth=False phys=False fgok=True lgok=True hgok=False cok=True esok=True cready=False dtm=79.4 past=False committed=False hid=105 ra=2 lclear=True hyok=True
obu-ramp-merge-4-1     | [12.0] Ramp_Merge_4 MCM_TX_REQUEST: manoeuvre=96 target=106
obu-ramp-merge-4-1     | [12.0] Ramp_Merge_4 MERGE_DECISION: auth=False phys=False fgok=True lgok=False hgok=False cok=True esok=True cready=False dtm=93.3 past=False committed=False hid=106 ra=None lclear=False hyok=False
obu-ramp-back-1        | [12.0] Ramp_Back role=merge state=YIELDING->YIELDING speed=6.26 target=6.01 neighbors=11
obu-ramp-merge-2-1     | [12.1] Ramp_Merge_2 MERGE_DECISION: auth=False phys=True fgok=True lgok=True hgok=False cok=True esok=True cready=True dtm=56.4 past=False committed=False hid=104 ra=None lclear=True hyok=False
obu-host-car-1         | [12.4] Host_Car MCM_RX_REQUEST: from=108 manoeuvre=35 target=104
obu-ramp-merge-3-1     | [12.4] Ramp_Merge_3 MCM_RX_ACCEPT: from=105 manoeuvre=65 target=109
obu-main-back-right-1  | [12.4] Main_Back_Right MCM_RX_REQUEST: from=110 manoeuvre=96 target=106
obu-main-back-left-1   | HOST_RESERVATION_HOLD: host=Main_Back_Left ramp=109 manoeuvre=65 remaining=0.4 own_speed=5.73 target_speed=5.32 ramp_fsm=NEGOTIATING ramp_lane_cmd_state=NONE ramp_edge=34126779 ramp_lane=0 ramp_merge_completed=False ramp_merge_committed=False
obu-main-back-left-1   | [12.4] Main_Back_Left HOST_HOLD_YIELD: for merge=109 spd=5.32
obu-merge-car-1        | [12.4] Merge_Car MCM_RX_ACCEPT: from=101 manoeuvre=5 target=107
obu-main-back-left-1   | [12.4] Main_Back_Left MCM_TX_ACCEPT: manoeuvre=65 target=109
obu-main-back-left-1   | [12.4] Main_Back_Left role=host state=YIELDING->YIELDING speed=5.73 target=5.32 neighbors=11
obu-lead-car-1         | HOST_RESERVATION_HOLD: host=Lead_Car ramp=107 manoeuvre=5 remaining=1.6 own_speed=5.86 target_speed=5.06 ramp_fsm=NEGOTIATING ramp_lane_cmd_state=NONE ramp_edge=34126779 ramp_lane=0 ramp_merge_completed=False ramp_merge_committed=False
obu-lead-car-1         | [12.4] Lead_Car HOST_HOLD_YIELD: for merge=107 spd=5.06
obu-main-back-right-1  | [12.4] Main_Back_Right MCM_RX_REQUEST: from=110 manoeuvre=96 target=106
obu-merge-car-1        | [12.4] Merge_Car FINAL_GUARD: REJECTED slot-boundary sid=103 gap=7.8
obu-merge-car-1        | [12.4] Merge_Car CAR_FOLLOW: sid=103 edge=34126779 lane=0 leader_edge= leader_lane=None leader_role_hint=main self_merge_completed=False self_merge_completed_age=-1.0 self_merge_committed=False lane_cmd_state=None lane_cmd_edge=None lane_cmd_target=None lane_cmd_executable=None same_lane=False reason=merge_conflict_eta gap=1.4 follow_spd=6.03 emergency=False target_before=6.2880565867827 target_after=6.0380565867827
obu-lead-car-1         | [12.4] Lead_Car MCM_TX_ACCEPT: manoeuvre=5 target=107
obu-ramp-merge-3-1     | [12.4] Ramp_Merge_3 MERGE_DECISION: auth=False phys=False fgok=True lgok=True hgok=False cok=True esok=True cready=False dtm=77.7 past=False committed=False hid=105 ra=2 lclear=True hyok=True
obu-merge-car-1        | [12.4] Merge_Car MCM_RX_ACCEPT: from=101 manoeuvre=5 target=107
obu-ramp-merge-5-1     | [12.4] Ramp_Merge_5 role=merge state=YIELDING->YIELDING speed=7.16 target=6.91 neighbors=11
obu-ramp-merge-4-1     | [12.4] Ramp_Merge_4 MCM_TX_REQUEST: manoeuvre=96 target=106
obu-ramp-merge-4-1     | [12.4] Ramp_Merge_4 MERGE_DECISION: auth=False phys=False fgok=True lgok=False hgok=False cok=True esok=True cready=False dtm=92.0 past=False committed=False hid=106 ra=None lclear=False hyok=False
obu-ramp-merge-4-1     | [12.4] Ramp_Merge_4 role=merge state=NEGOTIATING->NEGOTIATING speed=6.78 target=6.53 neighbors=11
obu-ramp-merge-2-1     | [12.4] Ramp_Merge_2 MCM_TX_REQUEST: manoeuvre=35 target=104
obu-ramp-merge-2-1     | [12.4] Ramp_Merge_2 MERGE_DECISION: auth=False phys=True fgok=True lgok=True hgok=False cok=True esok=True cready=True dtm=54.7 past=False committed=False hid=104 ra=None lclear=False hyok=False
obu-ramp-merge-2-1     | [12.4] Ramp_Merge_2 CAR_FOLLOW: sid=104 edge=34126779 lane=0 leader_edge= leader_lane=None leader_role_hint=main self_merge_completed=False self_merge_completed_age=-1.0 self_merge_committed=False lane_cmd_state=None lane_cmd_edge=None lane_cmd_target=None lane_cmd_executable=None same_lane=False reason=merge_conflict_eta gap=0.8 follow_spd=5.06 emergency=False target_before=6.603394129854767 target_after=6.173394129854767
obu-host-car-1         | HOST_RESERVATION_HOLD: host=Host_Car ramp=107 manoeuvre=4 remaining=0.6 own_speed=5.86 target_speed=5.74 ramp_fsm=NEGOTIATING ramp_lane_cmd_state=NONE ramp_edge=34126779 ramp_lane=0 ramp_merge_completed=False ramp_merge_committed=False
obu-host-car-1         | [12.5] Host_Car HOST_HOLD_YIELD: for merge=107 spd=5.74
obu-host-car-1         | [12.5] Host_Car MCM_TX_REJECT: manoeuvre=35 target=108
obu-host-car-1         | [12.5] Host_Car MCM_TX_ACCEPT: manoeuvre=4 target=107
obu-host-car-1         | [12.5] Host_Car role=host state=YIELDING->YIELDING speed=5.86 target=5.74 neighbors=11
obu-main-front-left-1  | [12.6] Main_Front_Left role=cruise state=CRUISE->CRUISE speed=7.51 target=7.50 neighbors=11
obu-host-car-1         | [12.5] Host_Car MCM_RX_REQUEST: from=108 manoeuvre=35 target=104
obu-merge-car-1        | [12.5] Merge_Car MCM_RX_ACCEPT: from=101 manoeuvre=5 target=107
obu-ramp-merge-3-1     | [12.5] Ramp_Merge_3 MCM_RX_ACCEPT: from=105 manoeuvre=65 target=109
obu-main-back-right-1  | [12.5] Main_Back_Right MCM_RX_REQUEST: from=110 manoeuvre=96 target=106
obu-merge-car-1        | [12.5] Merge_Car MCM_RX_ACCEPT: from=104 manoeuvre=4 target=107
obu-main-back-right-1  | HOST_RESERVATION_START: host=Main_Back_Right ramp=110 manoeuvre=96 until=16.5 own_speed=7.50 target_speed=5.56 required_speed=5.56 gap_eta=0.09
obu-main-back-right-1  | [12.5] Main_Back_Right HOST_RESERVED: merge=110 manoeuvre=96 until=16.5 target_spd=5.56
obu-main-back-right-1  | [12.5] Main_Back_Right HOST_YIELD: for merge=110 req_spd=5.56
obu-main-back-right-1  | [12.5] Main_Back_Right MCM_TX_ACCEPT: manoeuvre=96 target=110
obu-lead-car-1         | HOST_RESERVATION_HOLD: host=Lead_Car ramp=107 manoeuvre=5 remaining=1.4 own_speed=5.78 target_speed=5.06 ramp_fsm=NEGOTIATING ramp_lane_cmd_state=NONE ramp_edge=34126779 ramp_lane=0 ramp_merge_completed=False ramp_merge_committed=False
obu-lead-car-1         | [12.6] Lead_Car HOST_HOLD_YIELD: for merge=107 spd=5.06
obu-lead-car-1         | [12.6] Lead_Car role=host state=YIELDING->YIELDING speed=5.78 target=5.06 neighbors=11
obu-main-mid-right-1   | [12.8] Main_Mid_Right role=lead state=CRUISE->CRUISE speed=7.47 target=7.50 neighbors=11
obu-main-back-left-1   | HOST_RELEASE_BEFORE_CLEAR: host=Main_Back_Left ramp=109 manoeuvre=65 reason=timeout ramp_fsm=NEGOTIATING ramp_lane_cmd_state=NONE ramp_edge=34126779 ramp_lane=0 ramp_merge_completed=False ramp_merge_committed=False
obu-ramp-merge-2-1     | [12.5] Ramp_Merge_2 MCM_RX_REJECT: from=104 manoeuvre=35 target=108
obu-ramp-merge-4-1     | [13.3] Ramp_Merge_4 MCM_RX_ACCEPT: from=106 manoeuvre=96 target=110
obu-merge-car-1        | [13.3] Merge_Car FINAL_GUARD: REJECTED slot-boundary sid=103 gap=9.7
obu-merge-car-1        | [13.3] Merge_Car role=merge state=NEGOTIATING->NEGOTIATING speed=6.20 target=6.20 neighbors=11
obu-ramp-merge-3-1     | [13.3] Ramp_Merge_3 MERGE_ACCEPTED_WAIT_SLOT_VALID: reason=hgok=False(gap=47.41)
obu-ramp-merge-3-1     | MERGE_ATTEMPT_TIMELINE: vehicle=Ramp_Merge_3 manoeuvre=65 host=105 lead=104 event=SLOT_EXPIRED t=13.3 edge=34126779 lane=0 lane_cmd_state=NONE speed=6.42 target=6.38 dtm=73.4 lead_gap=47.09 host_gap=47.41 lead_gap_t1=46.53 lead_gap_t2=45.96 lead_gap_t3=45.40 host_gap_t1=46.59 host_gap_t2=45.77 host_gap_t3=44.94
obu-ramp-merge-3-1     | [13.3] Ramp_Merge_3 MERGE_ACCEPTED_SLOT_EXPIRED: age=1.6 dtm=73.4
obu-ramp-merge-3-1     | [13.3] Ramp_Merge_3 role=merge state=NEGOTIATING->NEGOTIATING speed=6.42 target=6.38 neighbors=11
obu-ramp-merge-5-1     | [13.4] Ramp_Merge_5 role=merge state=YIELDING->YIELDING speed=7.07 target=6.82 neighbors=11
obu-ramp-merge-4-1     | [13.4] Ramp_Merge_4 MCM_TX_REQUEST: manoeuvre=96 target=106
obu-ramp-merge-4-1     | MERGE_ATTEMPT_TIMELINE: vehicle=Ramp_Merge_4 manoeuvre=96 host=106 lead=105 event=ACCEPT_MATCHED t=13.4 edge=34126779 lane=0 lane_cmd_state=NONE speed=6.68 target=6.75 dtm=88.7 lead_gap=72.28 host_gap=86.00 lead_gap_t1=71.20 lead_gap_t2=70.12 lead_gap_t3=69.04 host_gap_t1=86.00 host_gap_t2=86.00 host_gap_t3=86.00
obu-ramp-merge-4-1     | [13.4] Ramp_Merge_4 MCM_ACCEPT_MATCHED: host=106 manoeuvre=96
obu-ramp-merge-4-1     | [13.4] Ramp_Merge_4 role=merge state=NEGOTIATING->NEGOTIATING speed=6.68 target=6.38 neighbors=11
obu-ramp-merge-2-1     | [13.4] Ramp_Merge_2 MCM_TX_REQUEST: manoeuvre=35 target=104
obu-ramp-merge-2-1     | [13.4] Ramp_Merge_2 MCM_REJECT: host=104 manoeuvre=35
obu-ramp-merge-2-1     | [13.4] Ramp_Merge_2 CAR_FOLLOW: sid=104 edge=34126779 lane=0 leader_edge= leader_lane=None leader_role_hint=main self_merge_completed=False self_merge_completed_age=-1.0 self_merge_committed=False lane_cmd_state=None lane_cmd_edge=None lane_cmd_target=None lane_cmd_executable=None same_lane=False reason=merge_conflict_eta gap=0.6 follow_spd=4.98 emergency=False target_before=6.529285556813187 target_after=6.099285556813188
obu-ramp-merge-2-1     | [13.4] Ramp_Merge_2 role=merge state=NEGOTIATING->NEGOTIATING speed=6.35 target=6.10 neighbors=11
obu-host-car-1         | HOST_RELEASE_BEFORE_CLEAR: host=Host_Car ramp=107 manoeuvre=4 reason=timeout ramp_fsm=NEGOTIATING ramp_lane_cmd_state=NONE ramp_edge=34126779 ramp_lane=0 ramp_merge_completed=False ramp_merge_committed=False
obu-host-car-1         | HOST_RESERVATION_START: host=Host_Car ramp=108 manoeuvre=35 until=17.4 own_speed=5.82 target_speed=4.88 required_speed=4.88 gap_eta=-1.46
obu-host-car-1         | [13.4] Host_Car HOST_RESERVED: merge=108 manoeuvre=35 until=17.4 target_spd=4.88
obu-host-car-1         | [13.4] Host_Car HOST_YIELD: for merge=108 req_spd=4.88
obu-host-car-1         | [13.4] Host_Car MCM_TX_ACCEPT: manoeuvre=35 target=108
obu-main-back-right-1  | HOST_RESERVATION_HOLD: host=Main_Back_Right ramp=110 manoeuvre=96 remaining=2.9 own_speed=6.79 target_speed=5.56 ramp_fsm=NEGOTIATING ramp_lane_cmd_state=NONE ramp_edge=34126779 ramp_lane=0 ramp_merge_completed=False ramp_merge_committed=False
obu-main-back-right-1  | [13.6] Main_Back_Right HOST_HOLD_YIELD: for merge=110 spd=5.56
obu-main-back-right-1  | [13.6] Main_Back_Right MCM_TX_ACCEPT: manoeuvre=96 target=110
obu-main-back-right-1  | [13.6] Main_Back_Right role=host state=YIELDING->YIELDING speed=6.79 target=5.56 neighbors=4
obu-ramp-back-1        | [13.5] Ramp_Back role=merge state=YIELDING->YIELDING speed=6.11 target=5.86 neighbors=11
obu-merge-car-1        | [13.5] Merge_Car FINAL_GUARD: REJECTED slot-boundary sid=103 gap=7.2
obu-merge-car-1        | [13.5] Merge_Car CAR_FOLLOW: sid=103 edge=34126779 lane=0 leader_edge= leader_lane=None leader_role_hint=main self_merge_completed=False self_merge_completed_age=-1.0 self_merge_committed=False lane_cmd_state=None lane_cmd_edge=None lane_cmd_target=None lane_cmd_executable=None same_lane=False reason=merge_conflict_eta gap=1.2 follow_spd=5.29 emergency=False target_before=6.1844756874093685 target_after=5.9344756874093685
obu-ramp-merge-3-1     | MERGE_ATTEMPT_TIMELINE: vehicle=Ramp_Merge_3 manoeuvre=66 host=105 lead=104 event=REQUEST_SENT t=13.5 edge=34126779 lane=0 lane_cmd_state=NONE speed=6.42 target=6.75 dtm=72.5 lead_gap=45.81 host_gap=46.13 lead_gap_t1=45.25 lead_gap_t2=44.69 lead_gap_t3=44.13 host_gap_t1=45.31 host_gap_t2=44.49 host_gap_t3=43.67
obu-ramp-merge-3-1     | [13.5] Ramp_Merge_3 MCM_TX_REQUEST: manoeuvre=66 target=105
obu-ramp-merge-3-1     | [13.5] Ramp_Merge_3 MERGE_DECISION: auth=False phys=False fgok=True lgok=True hgok=False cok=True esok=True cready=False dtm=72.5 past=False committed=False hid=105 ra=None lclear=True hyok=False
obu-main-mid-right-1   | HOST_RESERVATION_RELEASE_MAX_TIMEOUT: host=Main_Mid_Right ramp=107 manoeuvre=3 duration=12.4 ramp_fsm=NEGOTIATING ramp_lcs=NONE ramp_edge=34126779 ramp_merge_completed=False
obu-host-car-1         | HOST_RESERVATION_HOLD: host=Host_Car ramp=108 manoeuvre=35 remaining=3.8 own_speed=5.81 target_speed=4.88 ramp_fsm=NEGOTIATING ramp_lane_cmd_state=NONE ramp_edge=34126779 ramp_lane=0 ramp_merge_completed=False ramp_merge_committed=False
obu-host-car-1         | [13.6] Host_Car HOST_HOLD_YIELD: for merge=108 spd=4.88
obu-host-car-1         | [13.6] Host_Car role=host state=YIELDING->YIELDING speed=5.81 target=4.88 neighbors=5
obu-lead-car-1         | HOST_RESERVATION_HOLD: host=Lead_Car ramp=107 manoeuvre=5 remaining=0.2 own_speed=5.45 target_speed=5.06 ramp_fsm=NEGOTIATING ramp_lane_cmd_state=NONE ramp_edge=34126779 ramp_lane=0 ramp_merge_completed=False ramp_merge_committed=False
obu-lead-car-1         | [13.8] Lead_Car HOST_HOLD_YIELD: for merge=107 spd=5.06
obu-lead-car-1         | [13.8] Lead_Car MCM_TX_ACCEPT: manoeuvre=5 target=107
obu-lead-car-1         | [13.8] Lead_Car role=host state=YIELDING->YIELDING speed=5.45 target=5.06 neighbors=4
obu-merge-car-1        | [13.7] Merge_Car MCM_ACCEPT_STALE: host=101 manoeuvre=5
obu-merge-car-1        | [13.7] Merge_Car FINAL_GUARD: REJECTED slot-boundary sid=103 gap=6.2
obu-merge-car-1        | [13.7] Merge_Car CAR_FOLLOW: sid=103 edge=34126779 lane=0 leader_edge= leader_lane=None leader_role_hint=main self_merge_completed=False self_merge_completed_age=-1.0 self_merge_committed=False lane_cmd_state=None lane_cmd_edge=None lane_cmd_target=None lane_cmd_executable=None same_lane=False reason=merge_conflict_eta gap=1.1 follow_spd=4.72 emergency=False target_before=6.186017955082867 target_after=5.936017955082867
obu-main-front-left-1  | [13.9] Main_Front_Left role=cruise state=CRUISE->CRUISE speed=6.71 target=7.50 neighbors=4
obu-merge-car-1        | [13.8] Merge_Car FINAL_GUARD: REJECTED slot-boundary sid=103 gap=5.7
obu-merge-car-1        | [13.8] Merge_Car CAR_FOLLOW: sid=103 edge=34126779 lane=0 leader_edge= leader_lane=None leader_role_hint=main self_merge_completed=False self_merge_completed_age=-1.0 self_merge_committed=False lane_cmd_state=None lane_cmd_edge=None lane_cmd_target=None lane_cmd_executable=None same_lane=False reason=merge_conflict_eta gap=1.0 follow_spd=4.44 emergency=False target_before=6.1734408416991915 target_after=5.9234408416991915
obu-ramp-merge-3-1     | [13.7] Ramp_Merge_3 MERGE_DECISION: auth=False phys=False fgok=True lgok=True hgok=False cok=True esok=True cready=False dtm=71.6 past=False committed=False hid=105 ra=None lclear=False hyok=False
obu-host-car-1         | HOST_RESERVATION_HOLD: host=Host_Car ramp=108 manoeuvre=35 remaining=3.6 own_speed=5.76 target_speed=4.88 ramp_fsm=NEGOTIATING ramp_lane_cmd_state=NONE ramp_edge=34126779 ramp_lane=0 ramp_merge_completed=False ramp_merge_committed=False
obu-host-car-1         | [13.8] Host_Car HOST_HOLD_YIELD: for merge=108 spd=4.88
obu-host-car-1         | [13.8] Host_Car MCM_TX_ACCEPT: manoeuvre=35 target=108
obu-ramp-merge-2-1     | [14.1] Ramp_Merge_2 MCM_RX_ACCEPT: from=104 manoeuvre=35 target=108
obu-main-back-left-1   | [14.2] Main_Back_Left MCM_RX_REQUEST: from=109 manoeuvre=66 target=105
obu-merge-car-1        | [14.1] Merge_Car MCM_RX_ACCEPT: from=101 manoeuvre=5 target=107
obu-main-back-left-1   | HOST_RESERVATION_START: host=Main_Back_Left ramp=109 manoeuvre=66 until=18.2 own_speed=6.29 target_speed=4.88 required_speed=4.88 gap_eta=-2.05
obu-main-back-left-1   | [14.2] Main_Back_Left HOST_RESERVED: merge=109 manoeuvre=66 until=18.2 target_spd=4.88
obu-main-back-left-1   | [14.2] Main_Back_Left HOST_YIELD: for merge=109 req_spd=4.88
obu-host-car-1         | [14.2] Host_Car MCM_RX_REQUEST: from=108 manoeuvre=35 target=104
obu-ramp-merge-2-1     | [14.1] Ramp_Merge_2 MCM_RX_ACCEPT: from=104 manoeuvre=35 target=108
obu-main-back-left-1   | [14.2] Main_Back_Left MCM_TX_ACCEPT: manoeuvre=66 target=109
obu-main-back-left-1   | [14.2] Main_Back_Left role=host state=CRUISE->YIELDING speed=6.29 target=4.88 neighbors=10
obu-main-back-right-1  | [14.2] Main_Back_Right MCM_RX_REQUEST: from=110 manoeuvre=96 target=106
obu-ramp-merge-4-1     | [14.1] Ramp_Merge_4 MCM_RX_ACCEPT: from=106 manoeuvre=96 target=110
obu-merge-car-1        | [14.1] Merge_Car FINAL_GUARD: REJECTED sid=103 gap=10.6
obu-ramp-merge-3-1     | [14.1] Ramp_Merge_3 MCM_TX_REQUEST: manoeuvre=66 target=105
obu-ramp-merge-3-1     | [14.1] Ramp_Merge_3 MERGE_DECISION: auth=False phys=True fgok=True lgok=True hgok=True cok=True esok=True cready=True dtm=69.7 past=False committed=False hid=105 ra=None lclear=True hyok=False
obu-main-mid-right-1   | [14.2] Main_Mid_Right role=cruise state=CRUISE->CRUISE speed=7.49 target=7.50 neighbors=11
obu-ramp-merge-3-1     | [14.1] Ramp_Merge_3 MCM_RX_ACCEPT: from=105 manoeuvre=66 target=109
obu-ramp-merge-2-1     | MERGE_ATTEMPT_TIMELINE: vehicle=Ramp_Merge_2 manoeuvre=36 host=105 lead=104 event=REQUEST_SENT t=14.1 edge=34126779 lane=0 lane_cmd_state=NONE speed=6.28 target=6.75 dtm=44.6 lead_gap=9.66 host_gap=0.00 lead_gap_t1=9.38 lead_gap_t2=9.10 lead_gap_t3=8.83 host_gap_t1=0.00 host_gap_t2=0.00 host_gap_t3=0.00
obu-ramp-merge-2-1     | [14.1] Ramp_Merge_2 MCM_TX_REQUEST: manoeuvre=36 target=105
obu-ramp-merge-2-1     | [14.1] Ramp_Merge_2 FINAL_GUARD: REJECTED slot-boundary ETA sid=104
obu-ramp-merge-2-1     | [14.1] Ramp_Merge_2 MERGE_DECISION: auth=False phys=True fgok=False lgok=False hgok=True cok=True esok=True cready=True dtm=44.6 past=False committed=False hid=105 ra=None lclear=True hyok=True
obu-ramp-merge-2-1     | [14.1] Ramp_Merge_2 CAR_FOLLOW: sid=104 edge=34126779 lane=0 leader_edge= leader_lane=None leader_role_hint=main self_merge_completed=False self_merge_completed_age=-1.0 self_merge_committed=False lane_cmd_state=None lane_cmd_edge=None lane_cmd_target=None lane_cmd_executable=None same_lane=False reason=merge_conflict_eta gap=0.1 follow_spd=5.23 emergency=False target_before=6.029460901446303 target_after=6.029460901446303
obu-host-car-1         | HOST_RESERVATION_HOLD: host=Host_Car ramp=108 manoeuvre=35 remaining=3.2 own_speed=5.60 target_speed=4.88 ramp_fsm=NEGOTIATING ramp_lane_cmd_state=NONE ramp_edge=34126779 ramp_lane=0 ramp_merge_completed=False ramp_merge_committed=False
obu-host-car-1         | [14.2] Host_Car HOST_HOLD_YIELD: for merge=108 spd=4.88
obu-host-car-1         | [14.2] Host_Car MCM_TX_ACCEPT: manoeuvre=35 target=108
obu-main-back-right-1  | HOST_RESERVATION_HOLD: host=Main_Back_Right ramp=110 manoeuvre=96 remaining=2.3 own_speed=6.46 target_speed=5.56 ramp_fsm=NEGOTIATING ramp_lane_cmd_state=NONE ramp_edge=34126779 ramp_lane=0 ramp_merge_completed=False ramp_merge_committed=False
obu-main-back-right-1  | [14.2] Main_Back_Right HOST_HOLD_YIELD: for merge=110 spd=5.56
obu-main-back-right-1  | [14.2] Main_Back_Right MCM_TX_ACCEPT: manoeuvre=96 target=110
obu-host-car-1         | HOST_RESERVATION_HOLD: host=Host_Car ramp=108 manoeuvre=35 remaining=3.1 own_speed=5.56 target_speed=4.88 ramp_fsm=NEGOTIATING ramp_lane_cmd_state=NONE ramp_edge=34126779 ramp_lane=0 ramp_merge_completed=False ramp_merge_committed=False
obu-host-car-1         | [14.3] Host_Car HOST_HOLD_YIELD: for merge=108 spd=4.88
obu-main-back-right-1  | HOST_RESERVATION_HOLD: host=Main_Back_Right ramp=110 manoeuvre=96 remaining=2.2 own_speed=6.42 target_speed=5.56 ramp_fsm=NEGOTIATING ramp_lane_cmd_state=NONE ramp_edge=34126779 ramp_lane=0 ramp_merge_completed=False ramp_merge_committed=False
obu-main-back-right-1  | [14.3] Main_Back_Right HOST_HOLD_YIELD: for merge=110 spd=5.56
obu-host-car-1         | HOST_RESERVATION_HOLD: host=Host_Car ramp=108 manoeuvre=35 remaining=2.9 own_speed=5.49 target_speed=4.88 ramp_fsm=NEGOTIATING ramp_lane_cmd_state=NONE ramp_edge=34126779 ramp_lane=0 ramp_merge_completed=False ramp_merge_committed=False
obu-host-car-1         | [14.5] Host_Car HOST_HOLD_YIELD: for merge=108 spd=4.88
obu-host-car-1         | [14.5] Host_Car MCM_TX_ACCEPT: manoeuvre=35 target=108
obu-main-back-right-1  | HOST_RESERVATION_HOLD: host=Main_Back_Right ramp=110 manoeuvre=96 remaining=1.9 own_speed=6.30 target_speed=5.56 ramp_fsm=NEGOTIATING ramp_lane_cmd_state=NONE ramp_edge=34126779 ramp_lane=0 ramp_merge_completed=False ramp_merge_committed=False
obu-main-back-right-1  | [14.6] Main_Back_Right HOST_HOLD_YIELD: for merge=110 spd=5.56
obu-main-back-right-1  | [14.6] Main_Back_Right MCM_TX_ACCEPT: manoeuvre=96 target=110
obu-main-back-right-1  | [14.6] Main_Back_Right role=host state=YIELDING->YIELDING speed=6.30 target=5.56 neighbors=10
obu-ramp-back-1        | [14.6] Ramp_Back role=merge state=YIELDING->YIELDING speed=6.01 target=5.76 neighbors=11
obu-host-car-1         | HOST_RESERVATION_HOLD: host=Host_Car ramp=108 manoeuvre=35 remaining=2.6 own_speed=5.40 target_speed=4.88 ramp_fsm=NEGOTIATING ramp_lane_cmd_state=NONE ramp_edge=34126779 ramp_lane=0 ramp_merge_completed=False ramp_merge_committed=False
obu-host-car-1         | [14.8] Host_Car HOST_HOLD_YIELD: for merge=108 spd=4.88
obu-host-car-1         | [14.8] Host_Car MCM_TX_ACCEPT: manoeuvre=35 target=108
obu-host-car-1         | [14.8] Host_Car role=host state=YIELDING->YIELDING speed=5.40 target=4.88 neighbors=11
obu-ramp-merge-4-1     | [14.9] Ramp_Merge_4 MCM_RX_ACCEPT: from=106 manoeuvre=96 target=110
obu-ramp-merge-2-1     | [14.6] Ramp_Merge_2 MCM_TX_REQUEST: manoeuvre=36 target=105
obu-ramp-merge-2-1     | [14.6] Ramp_Merge_2 FINAL_GUARD: REJECTED slot-boundary ETA sid=104
obu-ramp-merge-2-1     | [14.6] Ramp_Merge_2 MERGE_DECISION: auth=False phys=True fgok=False lgok=False hgok=True cok=True esok=True cready=True dtm=41.7 past=False committed=False hid=105 ra=None lclear=True hyok=True
obu-ramp-merge-4-1     | [15.0] Ramp_Merge_4 MCM_RX_ACCEPT: from=106 manoeuvre=96 target=110
obu-ramp-merge-2-1     | [14.6] Ramp_Merge_2 CAR_FOLLOW: sid=104 edge=34126779 lane=0 leader_edge= leader_lane=None leader_role_hint=main self_merge_completed=False self_merge_completed_age=-1.0 self_merge_committed=False lane_cmd_state=None lane_cmd_edge=None lane_cmd_target=None lane_cmd_executable=None same_lane=False reason=merge_conflict_eta gap=0.3 follow_spd=4.89 emergency=False target_before=5.981893899999514 target_after=5.981893899999514
obu-ramp-merge-2-1     | [14.6] Ramp_Merge_2 role=merge state=NEGOTIATING->NEGOTIATING speed=6.23 target=5.98 neighbors=11
obu-main-front-left-1  | [15.0] Main_Front_Left role=cruise state=CRUISE->CRUISE speed=5.89 target=7.50 neighbors=11
obu-main-back-left-1   | [15.0] Main_Back_Left MCM_RX_REQUEST: from=108 manoeuvre=36 target=105
obu-ramp-merge-2-1     | [15.0] Ramp_Merge_2 MCM_RX_ACCEPT: from=104 manoeuvre=35 target=108
obu-main-back-left-1   | [15.0] Main_Back_Left MCM_RX_REQUEST: from=109 manoeuvre=66 target=105
obu-ramp-merge-2-1     | [15.0] Ramp_Merge_2 MCM_RX_ACCEPT: from=104 manoeuvre=35 target=108
obu-ramp-merge-2-1     | [15.0] Ramp_Merge_2 MCM_RX_ACCEPT: from=104 manoeuvre=35 target=108
obu-main-back-left-1   | [15.1] Main_Back_Left MCM_RX_REQUEST: from=108 manoeuvre=36 target=105
obu-host-car-1         | HOST_RESERVATION_HOLD: host=Host_Car ramp=108 manoeuvre=35 remaining=2.4 own_speed=5.35 target_speed=4.88 ramp_fsm=NEGOTIATING ramp_lane_cmd_state=NONE ramp_edge=34126779 ramp_lane=0 ramp_merge_completed=False ramp_merge_committed=False
obu-host-car-1         | [15.0] Host_Car HOST_HOLD_YIELD: for merge=108 spd=4.88
obu-main-back-right-1  | HOST_RESERVATION_HOLD: host=Main_Back_Right ramp=110 manoeuvre=96 remaining=1.5 own_speed=6.16 target_speed=5.56 ramp_fsm=NEGOTIATING ramp_lane_cmd_state=NONE ramp_edge=34126779 ramp_lane=0 ramp_merge_completed=False ramp_merge_committed=False
obu-main-back-right-1  | [15.0] Main_Back_Right HOST_HOLD_YIELD: for merge=110 spd=5.56
obu-main-back-right-1  | [15.0] Main_Back_Right MCM_TX_ACCEPT: manoeuvre=96 target=110
obu-main-back-left-1   | HOST_RESERVATION_HOLD: host=Main_Back_Left ramp=109 manoeuvre=66 remaining=3.1 own_speed=5.94 target_speed=4.88 ramp_fsm=NEGOTIATING ramp_lane_cmd_state=NONE ramp_edge=34126779 ramp_lane=0 ramp_merge_completed=False ramp_merge_committed=False
obu-main-back-left-1   | [15.1] Main_Back_Left HOST_HOLD_YIELD: for merge=109 spd=4.88
obu-main-back-left-1   | [15.1] Main_Back_Left MCM_TX_REJECT: manoeuvre=36 target=108
obu-main-back-left-1   | [15.1] Main_Back_Left MCM_TX_ACCEPT: manoeuvre=66 target=109
obu-lead-car-1         | [15.0] Lead_Car role=cruise state=CRUISE->CRUISE speed=5.92 target=7.50 neighbors=11
obu-merge-car-1        | [15.1] Merge_Car FINAL_GUARD: REJECTED sid=103 gap=11.1
obu-merge-car-1        | [15.1] Merge_Car role=merge state=NEGOTIATING->NEGOTIATING speed=6.12 target=6.12 neighbors=11
obu-ramp-merge-5-1     | [15.1] Ramp_Merge_5 CAR_FOLLOW: sid=110 edge=34126779 lane=0 leader_edge= leader_lane=None leader_role_hint=ramp self_merge_completed=False self_merge_completed_age=-1.0 self_merge_committed=False lane_cmd_state=None lane_cmd_edge=None lane_cmd_target=None lane_cmd_executable=None same_lane=True reason=same_lane_cam gap=11.4 follow_spd=5.52 emergency=False target_before=6.653740257951637 target_after=6.653740257951637
obu-ramp-merge-5-1     | [15.1] Ramp_Merge_5 role=merge state=YIELDING->YIELDING speed=6.90 target=6.65 neighbors=11
obu-ramp-merge-3-1     | [15.0] Ramp_Merge_3 MCM_TX_REQUEST: manoeuvre=66 target=105
obu-ramp-merge-3-1     | MERGE_ATTEMPT_TIMELINE: vehicle=Ramp_Merge_3 manoeuvre=66 host=105 lead=104 event=ACCEPT_MATCHED t=15.0 edge=34126779 lane=0 lane_cmd_state=NONE speed=6.51 target=6.75 dtm=65.0 lead_gap=37.69 host_gap=32.39 lead_gap_t1=36.67 lead_gap_t2=35.66 lead_gap_t3=34.64 host_gap_t1=31.88 host_gap_t2=31.37 host_gap_t3=30.86
obu-ramp-merge-3-1     | [15.0] Ramp_Merge_3 MCM_ACCEPT_MATCHED: host=105 manoeuvre=66
obu-ramp-merge-3-1     | [15.0] Ramp_Merge_3 role=merge state=NEGOTIATING->NEGOTIATING speed=6.51 target=6.38 neighbors=11
obu-ramp-merge-4-1     | MERGE_ATTEMPT_TIMELINE: vehicle=Ramp_Merge_4 manoeuvre=96 host=106 lead=105 event=AUTHORIZED t=15.0 edge=34126779 lane=0 lane_cmd_state=NONE speed=6.52 target=6.38 dtm=82.3 lead_gap=61.28 host_gap=65.73 lead_gap_t1=61.04 lead_gap_t2=60.80 lead_gap_t3=60.57 host_gap_t1=65.21 host_gap_t2=64.70 host_gap_t3=64.18
obu-ramp-merge-4-1     | [15.0] Ramp_Merge_4 MERGE_AUTHORIZED_BY_MCM: host=106 manoeuvre=96
obu-ramp-merge-4-1     | [15.0] Ramp_Merge_4 MERGE_DECISION: auth=True phys=False fgok=True lgok=True hgok=True cok=True esok=True cready=False dtm=82.3 past=False committed=False hid=106 ra=2 lclear=True hyok=True
obu-ramp-merge-4-1     | [15.0] Ramp_Merge_4 MERGE_PREPARE_WAIT_PHYSICAL: dtm=82.3
obu-ramp-merge-4-1     | [15.0] Ramp_Merge_4 role=merge state=NEGOTIATING->NEGOTIATING speed=6.52 target=6.38 neighbors=11
obu-ramp-merge-2-1     | [15.0] Ramp_Merge_2 MCM_TX_REQUEST: manoeuvre=36 target=105
obu-ramp-merge-2-1     | [15.0] Ramp_Merge_2 FINAL_GUARD: REJECTED slot-boundary ETA sid=104
obu-ramp-merge-2-1     | [15.0] Ramp_Merge_2 MERGE_DECISION: auth=False phys=True fgok=False lgok=False hgok=True cok=True esok=True cready=True dtm=39.3 past=False committed=False hid=105 ra=None lclear=True hyok=True
obu-ramp-merge-2-1     | [15.0] Ramp_Merge_2 CAR_FOLLOW: sid=104 edge=34126779 lane=0 leader_edge= leader_lane=None leader_role_hint=main self_merge_completed=False self_merge_completed_age=-1.0 self_merge_committed=False lane_cmd_state=None lane_cmd_edge=None lane_cmd_target=None lane_cmd_executable=None same_lane=False reason=merge_conflict_eta gap=1.0 follow_spd=4.45 emergency=False target_before=5.944343843974134 target_after=5.944343843974134
obu-host-car-1         | HOST_RESERVATION_HOLD: host=Host_Car ramp=108 manoeuvre=35 remaining=2.2 own_speed=5.31 target_speed=4.88 ramp_fsm=NEGOTIATING ramp_lane_cmd_state=NONE ramp_edge=34126779 ramp_lane=0 ramp_merge_completed=False ramp_merge_committed=False
obu-host-car-1         | [15.2] Host_Car HOST_HOLD_YIELD: for merge=108 spd=4.88
obu-host-car-1         | [15.2] Host_Car MCM_TX_ACCEPT: manoeuvre=35 target=108
obu-main-back-right-1  | HOST_RESERVATION_HOLD: host=Main_Back_Right ramp=110 manoeuvre=96 remaining=1.3 own_speed=6.10 target_speed=5.56 ramp_fsm=NEGOTIATING ramp_lane_cmd_state=NONE ramp_edge=34126779 ramp_lane=0 ramp_merge_completed=False ramp_merge_committed=False
obu-main-back-right-1  | [15.2] Main_Back_Right HOST_HOLD_YIELD: for merge=110 spd=5.56
obu-ramp-merge-3-1     | [15.2] Ramp_Merge_3 MCM_ACCEPT_STALE: host=105 manoeuvre=66
obu-main-mid-right-1   | [15.2] Main_Mid_Right role=cruise state=CRUISE->CRUISE speed=7.49 target=7.50 neighbors=11
obu-ramp-merge-4-1     | [15.2] Ramp_Merge_4 MERGE_DECISION: auth=True phys=False fgok=True lgok=True hgok=True cok=True esok=True cready=False dtm=81.5 past=False committed=False hid=106 ra=2 lclear=True hyok=True
obu-ramp-merge-4-1     | [15.2] Ramp_Merge_4 MERGE_PREPARE_WAIT_PHYSICAL: dtm=81.5
obu-ramp-merge-2-1     | [15.2] Ramp_Merge_2 MCM_PENDING_HOLD_LATE_HOST: host=105 age=0.0 dtm=38.1 lead_gap=4.17 host_gap=6.51 pending_age=1.1 accepted_at=None reason=lost
obu-ramp-merge-2-1     | [15.2] Ramp_Merge_2 CAR_FOLLOW: sid=104 edge=34126779 lane=0 leader_edge= leader_lane=None leader_role_hint=main self_merge_completed=False self_merge_completed_age=-1.0 self_merge_committed=False lane_cmd_state=None lane_cmd_edge=None lane_cmd_target=None lane_cmd_executable=None same_lane=False reason=merge_conflict_eta gap=1.2 follow_spd=4.31 emergency=False target_before=6.178267757077671 target_after=5.928267757077671
obu-host-car-1         | HOST_RESERVATION_HOLD: host=Host_Car ramp=108 manoeuvre=35 remaining=2.1 own_speed=5.28 target_speed=4.88 ramp_fsm=NEGOTIATING ramp_lane_cmd_state=NONE ramp_edge=34126779 ramp_lane=0 ramp_merge_completed=False ramp_merge_committed=False
obu-host-car-1         | [15.3] Host_Car HOST_HOLD_YIELD: for merge=108 spd=4.88
obu-main-back-right-1  | HOST_RESERVATION_HOLD: host=Main_Back_Right ramp=110 manoeuvre=96 remaining=1.1 own_speed=6.05 target_speed=5.56 ramp_fsm=NEGOTIATING ramp_lane_cmd_state=NONE ramp_edge=34126779 ramp_lane=0 ramp_merge_completed=False ramp_merge_committed=False
obu-main-back-right-1  | [15.4] Main_Back_Right HOST_HOLD_YIELD: for merge=110 spd=5.56
obu-main-back-right-1  | [15.4] Main_Back_Right MCM_TX_ACCEPT: manoeuvre=96 target=110
obu-ramp-merge-4-1     | [15.5] Ramp_Merge_4 MERGE_DECISION: auth=True phys=False fgok=True lgok=True hgok=True cok=True esok=True cready=False dtm=80.2 past=False committed=False hid=106 ra=2 lclear=True hyok=True
obu-ramp-merge-4-1     | [15.5] Ramp_Merge_4 MERGE_PREPARE_WAIT_PHYSICAL: dtm=80.2
obu-ramp-merge-2-1     | [15.4] Ramp_Merge_2 MCM_TX_REQUEST: manoeuvre=36 target=105
obu-ramp-merge-2-1     | [15.4] Ramp_Merge_2 MCM_PENDING_HOLD_LATE_HOST: host=105 age=0.2 dtm=36.9 lead_gap=2.59 host_gap=8.51 pending_age=1.3 accepted_at=None reason=lost
obu-ramp-merge-2-1     | [15.4] Ramp_Merge_2 CAR_FOLLOW: sid=104 edge=34126779 lane=0 leader_edge= leader_lane=None leader_role_hint=main self_merge_completed=False self_merge_completed_age=-1.0 self_merge_committed=False lane_cmd_state=None lane_cmd_edge=None lane_cmd_target=None lane_cmd_executable=None same_lane=False reason=merge_conflict_eta gap=1.3 follow_spd=4.17 emergency=False target_before=6.157243803211282 target_after=5.907243803211282
obu-host-car-1         | HOST_RESERVATION_HOLD: host=Host_Car ramp=108 manoeuvre=35 remaining=1.9 own_speed=5.24 target_speed=4.88 ramp_fsm=NEGOTIATING ramp_lane_cmd_state=NONE ramp_edge=34126779 ramp_lane=0 ramp_merge_completed=False ramp_merge_committed=False
obu-host-car-1         | [15.5] Host_Car HOST_HOLD_YIELD: for merge=108 spd=4.88
obu-host-car-1         | [15.5] Host_Car MCM_TX_ACCEPT: manoeuvre=35 target=108
obu-ramp-merge-2-1     | [15.7] Ramp_Merge_2 MCM_TX_REQUEST: manoeuvre=36 target=105
obu-ramp-merge-2-1     | [15.7] Ramp_Merge_2 MCM_PENDING_HOLD_LATE_HOST: host=105 age=0.5 dtm=35.1 lead_gap=0.75 host_gap=10.35 pending_age=1.6 accepted_at=None reason=lost
obu-ramp-merge-2-1     | [15.7] Ramp_Merge_2 CAR_FOLLOW: sid=104 edge=34126779 lane=0 leader_edge= leader_lane=None leader_role_hint=main self_merge_completed=False self_merge_completed_age=-1.0 self_merge_committed=False lane_cmd_state=None lane_cmd_edge=None lane_cmd_target=None lane_cmd_executable=None same_lane=False reason=merge_conflict_eta gap=1.6 follow_spd=4.12 emergency=False target_before=6.125311528052679 target_after=5.875311528052679
obu-ramp-merge-2-1     | [15.7] Ramp_Merge_2 role=merge state=NEGOTIATING->NEGOTIATING speed=6.13 target=5.88 neighbors=8
obu-host-car-1         | HOST_RESERVATION_HOLD: host=Host_Car ramp=108 manoeuvre=35 remaining=1.7 own_speed=5.21 target_speed=4.88 ramp_fsm=NEGOTIATING ramp_lane_cmd_state=NONE ramp_edge=34126779 ramp_lane=0 ramp_merge_completed=False ramp_merge_committed=False
obu-host-car-1         | [15.7] Host_Car HOST_HOLD_YIELD: for merge=108 spd=4.88
obu-ramp-merge-4-1     | [15.8] Ramp_Merge_4 MCM_RX_ACCEPT: from=106 manoeuvre=96 target=110
obu-ramp-merge-4-1     | [15.8] Ramp_Merge_4 MCM_RX_ACCEPT: from=106 manoeuvre=96 target=110
obu-main-back-right-1  | HOST_RESERVATION_HOLD: host=Main_Back_Right ramp=110 manoeuvre=96 remaining=0.6 own_speed=5.94 target_speed=5.56 ramp_fsm=NEGOTIATING ramp_lane_cmd_state=NONE ramp_edge=34126779 ramp_lane=0 ramp_merge_completed=False ramp_merge_committed=False
obu-main-back-right-1  | [15.9] Main_Back_Right HOST_HOLD_YIELD: for merge=110 spd=5.56
obu-ramp-merge-2-1     | [15.9] Ramp_Merge_2 MCM_RX_REJECT: from=105 manoeuvre=36 target=108
obu-main-back-right-1  | [15.9] Main_Back_Right MCM_TX_ACCEPT: manoeuvre=96 target=110
obu-main-back-right-1  | [15.9] Main_Back_Right role=host state=YIELDING->YIELDING speed=5.94 target=5.56 neighbors=11
obu-main-back-left-1   | HOST_RESERVATION_HOLD: host=Main_Back_Left ramp=109 manoeuvre=66 remaining=2.3 own_speed=5.58 target_speed=4.88 ramp_fsm=NEGOTIATING ramp_lane_cmd_state=NONE ramp_edge=34126779 ramp_lane=0 ramp_merge_completed=False ramp_merge_committed=False
obu-main-back-left-1   | [15.9] Main_Back_Left HOST_HOLD_YIELD: for merge=109 spd=4.88
obu-ramp-back-1        | [15.8] Ramp_Back role=merge state=YIELDING->CRUISE speed=5.88 target=6.75 neighbors=10
obu-ramp-merge-2-1     | [15.9] Ramp_Merge_2 MCM_RX_ACCEPT: from=104 manoeuvre=35 target=108
obu-main-back-left-1   | [15.9] Main_Back_Left MCM_TX_REJECT: manoeuvre=36 target=108
obu-ramp-merge-2-1     | [15.9] Ramp_Merge_2 MCM_RX_ACCEPT: from=104 manoeuvre=35 target=108
obu-main-back-left-1   | [15.9] Main_Back_Left MCM_TX_ACCEPT: manoeuvre=66 target=109
obu-main-back-left-1   | [15.9] Main_Back_Left role=host state=YIELDING->YIELDING speed=5.58 target=4.88 neighbors=10
obu-merge-car-1        | [15.9] Merge_Car MCM_ACCEPT_STALE: host=101 manoeuvre=5
obu-merge-car-1        | [15.9] Merge_Car FINAL_GUARD: REJECTED sid=103 gap=14.4
obu-ramp-merge-5-1     | [15.8] Ramp_Merge_5 MERGE_DECISION: auth=False phys=False fgok=True lgok=False hgok=True cok=True esok=True cready=False dtm=91.4 past=False committed=False hid=None ra=None lclear=False hyok=True
obu-main-back-left-1   | [15.9] Main_Back_Left MCM_RX_REQUEST: from=108 manoeuvre=36 target=105
obu-main-back-left-1   | [15.9] Main_Back_Left MCM_RX_REQUEST: from=108 manoeuvre=36 target=105
obu-main-back-left-1   | [15.9] Main_Back_Left MCM_RX_REQUEST: from=109 manoeuvre=66 target=105
obu-ramp-merge-3-1     | [15.8] Ramp_Merge_3 MCM_RX_ACCEPT: from=105 manoeuvre=66 target=109
obu-ramp-merge-4-1     | [15.9] Ramp_Merge_4 MERGE_DECISION: auth=True phys=False fgok=True lgok=True hgok=False cok=True esok=True cready=False dtm=78.6 past=False committed=False hid=106 ra=2 lclear=True hyok=True
obu-ramp-merge-4-1     | [15.9] Ramp_Merge_4 MERGE_PREPARE_WAIT_PHYSICAL: dtm=78.6
obu-ramp-merge-2-1     | [15.9] Ramp_Merge_2 MCM_REJECT: host=105 manoeuvre=36
obu-ramp-merge-2-1     | [15.9] Ramp_Merge_2 FINAL_GUARD: REJECTED slot-boundary ETA sid=104
obu-ramp-merge-2-1     | [15.9] Ramp_Merge_2 CAR_FOLLOW: sid=104 edge=34126779 lane=0 leader_edge= leader_lane=None leader_role_hint=main self_merge_completed=False self_merge_completed_age=-1.0 self_merge_committed=False lane_cmd_state=None lane_cmd_edge=None lane_cmd_target=None lane_cmd_executable=None same_lane=False reason=merge_conflict_eta gap=1.0 follow_spd=4.19 emergency=False target_before=5.855048562689296 target_after=5.855048562689296
obu-host-car-1         | HOST_RESERVATION_HOLD: host=Host_Car ramp=108 manoeuvre=35 remaining=1.4 own_speed=5.16 target_speed=4.88 ramp_fsm=NEGOTIATING ramp_lane_cmd_state=NONE ramp_edge=34126779 ramp_lane=0 ramp_merge_completed=False ramp_merge_committed=False
obu-host-car-1         | [16.0] Host_Car HOST_HOLD_YIELD: for merge=108 spd=4.88
obu-host-car-1         | [16.0] Host_Car MCM_TX_ACCEPT: manoeuvre=35 target=108
obu-host-car-1         | [16.0] Host_Car role=host state=YIELDING->YIELDING speed=5.16 target=4.88 neighbors=11
obu-ramp-merge-3-1     | [16.0] Ramp_Merge_3 role=merge state=NEGOTIATING->NEGOTIATING speed=6.48 target=6.38 neighbors=11
obu-main-front-left-1  | [16.1] Main_Front_Left role=cruise state=CRUISE->CRUISE speed=6.36 target=7.50 neighbors=11
obu-host-car-1         | HOST_RESERVATION_HOLD: host=Host_Car ramp=108 manoeuvre=35 remaining=1.0 own_speed=5.11 target_speed=4.88 ramp_fsm=NEGOTIATING ramp_lane_cmd_state=NONE ramp_edge=34126779 ramp_lane=0 ramp_merge_completed=False ramp_merge_committed=False
obu-host-car-1         | [16.4] Host_Car HOST_HOLD_YIELD: for merge=108 spd=4.88
obu-ramp-merge-3-1     | [16.4] Ramp_Merge_3 MCM_RX_ACCEPT: from=105 manoeuvre=66 target=109
obu-host-car-1         | [16.4] Host_Car MCM_TX_ACCEPT: manoeuvre=35 target=108
obu-main-back-left-1   | [16.4] Main_Back_Left MCM_RX_REQUEST: from=108 manoeuvre=36 target=105
obu-ramp-merge-2-1     | [16.4] Ramp_Merge_2 MCM_RX_ACCEPT: from=104 manoeuvre=35 target=108
obu-ramp-merge-4-1     | [16.4] Ramp_Merge_4 MCM_RX_ACCEPT: from=106 manoeuvre=96 target=110
obu-ramp-merge-2-1     | [16.4] Ramp_Merge_2 MCM_RX_REJECT: from=105 manoeuvre=36 target=108
obu-main-back-right-1  | HOST_RESERVATION_HOLD: host=Main_Back_Right ramp=110 manoeuvre=96 remaining=0.1 own_speed=5.85 target_speed=5.56 ramp_fsm=NEGOTIATING ramp_lane_cmd_state=NONE ramp_edge=34126779 ramp_lane=0 ramp_merge_completed=False ramp_merge_committed=False
obu-main-back-right-1  | [16.4] Main_Back_Right HOST_HOLD_YIELD: for merge=110 spd=5.56
obu-main-back-right-1  | [16.4] Main_Back_Right MCM_TX_ACCEPT: manoeuvre=96 target=110
obu-lead-car-1         | [16.5] Lead_Car role=cruise state=CRUISE->CRUISE speed=6.77 target=7.50 neighbors=11
obu-main-back-left-1   | HOST_RESERVATION_HOLD: host=Main_Back_Left ramp=109 manoeuvre=66 remaining=1.8 own_speed=5.42 target_speed=4.88 ramp_fsm=NEGOTIATING ramp_lane_cmd_state=NONE ramp_edge=34126779 ramp_lane=0 ramp_merge_completed=False ramp_merge_committed=False
obu-main-back-left-1   | [16.4] Main_Back_Left HOST_HOLD_YIELD: for merge=109 spd=4.88
obu-main-back-left-1   | [16.4] Main_Back_Left MCM_TX_REJECT: manoeuvre=36 target=108
obu-main-back-left-1   | [16.4] Main_Back_Left MCM_TX_ACCEPT: manoeuvre=66 target=109
obu-merge-car-1        | [16.4] Merge_Car FINAL_GUARD: REJECTED sid=103 gap=13.6
obu-merge-car-1        | [16.4] Merge_Car role=merge state=NEGOTIATING->NEGOTIATING speed=6.12 target=6.12 neighbors=11
obu-ramp-merge-5-1     | [16.4] Ramp_Merge_5 MERGE_DECISION: auth=False phys=False fgok=True lgok=False hgok=True cok=True esok=True cready=False dtm=89.4 past=False committed=False hid=None ra=None lclear=False hyok=True
obu-ramp-merge-5-1     | [16.4] Ramp_Merge_5 role=merge state=CRUISE->CRUISE speed=6.77 target=6.52 neighbors=11
obu-main-mid-right-1   | [16.4] Main_Mid_Right role=cruise state=CRUISE->CRUISE speed=7.50 target=7.50 neighbors=11
obu-ramp-merge-4-1     | [16.4] Ramp_Merge_4 MERGE_DECISION: auth=True phys=False fgok=True lgok=True hgok=False cok=True esok=True cready=False dtm=76.2 past=False committed=False hid=106 ra=2 lclear=True hyok=True
obu-ramp-merge-4-1     | [16.4] Ramp_Merge_4 MERGE_PREPARE_WAIT_PHYSICAL: dtm=76.2
obu-ramp-merge-4-1     | [16.4] Ramp_Merge_4 role=merge state=NEGOTIATING->NEGOTIATING speed=6.44 target=6.38 neighbors=11
obu-ramp-merge-2-1     | MERGE_ATTEMPT_TIMELINE: vehicle=Ramp_Merge_2 manoeuvre=37 host=104 lead=None event=REQUEST_SENT t=16.4 edge=34126779 lane=0 lane_cmd_state=NONE speed=6.05 target=6.75 dtm=30.9 lead_gap= host_gap=1.06 lead_gap_t1= lead_gap_t2= lead_gap_t3= host_gap_t1=0.00 host_gap_t2=0.00 host_gap_t3=0.00
obu-ramp-merge-2-1     | [16.4] Ramp_Merge_2 MCM_TX_REQUEST: manoeuvre=37 target=104
obu-ramp-merge-2-1     | [16.4] Ramp_Merge_2 FINAL_GUARD: REJECTED slot-boundary ETA sid=104
obu-ramp-merge-2-1     | [16.4] Ramp_Merge_2 MERGE_DECISION: auth=False phys=True fgok=False lgok=True hgok=False cok=True esok=True cready=True dtm=30.9 past=False committed=False hid=104 ra=None lclear=True hyok=False
obu-ramp-merge-2-1     | [16.4] Ramp_Merge_2 CAR_FOLLOW: sid=104 edge=34126779 lane=0 leader_edge= leader_lane=None leader_role_hint=main self_merge_completed=False self_merge_completed_age=-1.0 self_merge_committed=False lane_cmd_state=None lane_cmd_edge=None lane_cmd_target=None lane_cmd_executable=None same_lane=False reason=merge_conflict_eta gap=1.0 follow_spd=4.12 emergency=False target_before=6.232857009262693 target_after=5.802857009262693
obu-host-car-1         | HOST_RESERVATION_HOLD: host=Host_Car ramp=108 manoeuvre=35 remaining=0.9 own_speed=5.10 target_speed=4.88 ramp_fsm=NEGOTIATING ramp_lane_cmd_state=NONE ramp_edge=34126779 ramp_lane=0 ramp_merge_completed=False ramp_merge_committed=False
obu-host-car-1         | [16.5] Host_Car HOST_HOLD_YIELD: for merge=108 spd=4.88
obu-host-car-1         | [16.5] Host_Car MCM_RX_REQUEST: from=108 manoeuvre=37 target=104
obu-main-back-right-1  | HOST_RELEASE_BEFORE_CLEAR: host=Main_Back_Right ramp=110 manoeuvre=96 reason=timeout ramp_fsm=NEGOTIATING ramp_lane_cmd_state=NONE ramp_edge=34126779 ramp_lane=0 ramp_merge_completed=False ramp_merge_committed=False
obu-ramp-merge-3-1     | [16.6] Ramp_Merge_3 MCM_RX_ACCEPT: from=105 manoeuvre=66 target=109
obu-main-back-left-1   | HOST_RESERVATION_HOLD: host=Main_Back_Left ramp=109 manoeuvre=66 remaining=1.7 own_speed=5.40 target_speed=4.88 ramp_fsm=NEGOTIATING ramp_lane_cmd_state=NONE ramp_edge=34126779 ramp_lane=0 ramp_merge_completed=False ramp_merge_committed=False
obu-main-back-left-1   | [16.5] Main_Back_Left HOST_HOLD_YIELD: for merge=109 spd=4.88
obu-ramp-merge-5-1     | [16.6] Ramp_Merge_5 MERGE_DECISION: auth=False phys=False fgok=True lgok=False hgok=True cok=True esok=True cready=False dtm=88.6 past=False committed=False hid=None ra=None lclear=False hyok=True
obu-merge-car-1        | MERGE_ATTEMPT_TIMELINE: vehicle=Merge_Car manoeuvre=5 host=101 lead=None event=AUTHORIZED t=16.6 edge=1331698336 lane=0 lane_cmd_state=NONE speed=6.12 target=6.30 dtm=11.9 lead_gap= host_gap=76.21 lead_gap_t1= lead_gap_t2= lead_gap_t3= host_gap_t1=76.21 host_gap_t2=76.21 host_gap_t3=76.21
obu-merge-car-1        | [16.6] Merge_Car MERGE_AUTHORIZED_BY_MCM: host=101 manoeuvre=5
obu-merge-car-1        | [16.6] Merge_Car MERGE_DECISION: auth=True phys=True fgok=True lgok=True hgok=True cok=True esok=True cready=True dtm=11.9 past=True committed=False hid=101 ra=2 lclear=True hyok=True
obu-merge-car-1        | [16.6] Merge_Car MERGE_START_GAP_DIAG: event=start lead=None host=101 lead_eta=None own_eta=1.9391945829396624 host_eta=13.551998979244663 lead_gap=None host_gap=76.21124079921626 lead_gap_p1=None lead_gap_p2=None lead_gap_p3=None host_gap_p1=76.21124079921626 host_gap_p2=76.21124079921626 host_gap_p3=76.21124079921626 rel_to_lead=None rel_to_host=-0.6405856014501499 lead_lat=None host_lat=1.872047120806883 edge=1331698336 lane=0 lane_cmd_state=None lane_cmd_edge=None lane_cmd_target=None lane_cmd_executable=None dtm=11.9 speed=6.12
obu-merge-car-1        | MERGE_ATTEMPT_TIMELINE: vehicle=Merge_Car manoeuvre=5 host=101 lead=None event=PHYSICAL_START t=16.6 edge=1331698336 lane=0 lane_cmd_state=NONE speed=6.12 target=6.30 dtm=11.9 lead_gap= host_gap=76.21 lead_gap_t1= lead_gap_t2= lead_gap_t3= host_gap_t1=76.21 host_gap_t2=76.21 host_gap_t3=76.21
obu-merge-car-1        | [16.6] Merge_Car MERGE_PHYSICAL_START: host=101 manoeuvre=5
obu-merge-car-1        | [16.6] Merge_Car MERGING!
obu-ramp-merge-4-1     | [16.5] Ramp_Merge_4 MERGE_DECISION: auth=True phys=False fgok=True lgok=True hgok=False cok=True esok=True cready=False dtm=75.7 past=False committed=False hid=106 ra=2 lclear=True hyok=True
obu-ramp-merge-4-1     | [16.5] Ramp_Merge_4 MERGE_PREPARE_WAIT_PHYSICAL: dtm=75.7
obu-ramp-merge-4-1     | [16.6] Ramp_Merge_4 MCM_RX_ACCEPT: from=106 manoeuvre=96 target=110
obu-ramp-merge-2-1     | [16.5] Ramp_Merge_2 FINAL_GUARD: REJECTED slot-boundary ETA sid=104
obu-ramp-merge-2-1     | [16.5] Ramp_Merge_2 MERGE_DECISION: auth=False phys=True fgok=False lgok=True hgok=False cok=True esok=True cready=True dtm=30.3 past=False committed=False hid=104 ra=None lclear=True hyok=False
obu-ramp-merge-2-1     | [16.5] Ramp_Merge_2 CAR_FOLLOW: sid=104 edge=34126779 lane=0 leader_edge= leader_lane=None leader_role_hint=main self_merge_completed=False self_merge_completed_age=-1.0 self_merge_committed=False lane_cmd_state=None lane_cmd_edge=None lane_cmd_target=None lane_cmd_executable=None same_lane=False reason=merge_conflict_eta gap=1.1 follow_spd=4.12 emergency=False target_before=6.222966586934023 target_after=5.792966586934023
obu-ramp-merge-2-1     | [16.6] Ramp_Merge_2 MCM_RX_ACCEPT: from=104 manoeuvre=35 target=108
obu-ramp-merge-2-1     | [16.6] Ramp_Merge_2 MCM_RX_REJECT: from=105 manoeuvre=36 target=108
obu-host-car-1         | HOST_RESERVATION_HOLD: host=Host_Car ramp=108 manoeuvre=35 remaining=0.8 own_speed=5.09 target_speed=4.88 ramp_fsm=NEGOTIATING ramp_lane_cmd_state=NONE ramp_edge=34126779 ramp_lane=0 ramp_merge_completed=False ramp_merge_committed=False
obu-host-car-1         | [16.6] Host_Car HOST_HOLD_YIELD: for merge=108 spd=4.88
obu-ramp-back-1        | [16.8] Ramp_Back role=merge state=CRUISE->CRUISE speed=6.12 target=6.75 neighbors=11
obu-main-back-left-1   | HOST_RESERVATION_HOLD: host=Main_Back_Left ramp=109 manoeuvre=66 remaining=1.4 own_speed=5.32 target_speed=4.88 ramp_fsm=NEGOTIATING ramp_lane_cmd_state=NONE ramp_edge=34126779 ramp_lane=0 ramp_merge_completed=False ramp_merge_committed=False
obu-main-back-left-1   | [16.8] Main_Back_Left HOST_HOLD_YIELD: for merge=109 spd=4.88
obu-ramp-merge-5-1     | [16.8] Ramp_Merge_5 MERGE_DECISION: auth=False phys=False fgok=True lgok=False hgok=True cok=True esok=True cready=False dtm=87.9 past=False committed=False hid=None ra=None lclear=False hyok=True
obu-main-back-left-1   | [16.8] Main_Back_Left MCM_TX_REJECT: manoeuvre=36 target=108
obu-main-back-left-1   | [16.8] Main_Back_Left MCM_TX_ACCEPT: manoeuvre=66 target=109
obu-ramp-merge-3-1     | [16.8] Ramp_Merge_3 CAR_FOLLOW: sid=105 edge=34126779 lane=0 leader_edge= leader_lane=None leader_role_hint=main self_merge_completed=False self_merge_completed_age=-1.0 self_merge_committed=False lane_cmd_state=None lane_cmd_edge=None lane_cmd_target=None lane_cmd_executable=None same_lane=False reason=merge_conflict_eta gap=1.5 follow_spd=4.75 emergency=False target_before=6.375 target_after=6.1945449310982035
obu-ramp-merge-4-1     | [16.8] Ramp_Merge_4 MERGE_DECISION: auth=True phys=False fgok=True lgok=True hgok=False cok=True esok=True cready=False dtm=74.3 past=False committed=False hid=106 ra=2 lclear=True hyok=True
obu-ramp-merge-4-1     | [16.8] Ramp_Merge_4 MERGE_PREPARE_WAIT_PHYSICAL: dtm=74.3
obu-ramp-merge-2-1     | [16.8] Ramp_Merge_2 MCM_TX_REQUEST: manoeuvre=37 target=104
obu-ramp-merge-2-1     | [16.8] Ramp_Merge_2 MCM_ACCEPT_WRONG_MANOEUVRE: host=104 got=35 expected=37
obu-ramp-merge-2-1     | [16.8] Ramp_Merge_2 FINAL_GUARD: REJECTED slot-boundary ETA sid=104
obu-ramp-merge-2-1     | [16.8] Ramp_Merge_2 MERGE_DECISION: auth=False phys=True fgok=False lgok=True hgok=False cok=True esok=True cready=True dtm=28.6 past=False committed=False hid=104 ra=None lclear=True hyok=False
obu-ramp-merge-2-1     | [16.8] Ramp_Merge_2 CAR_FOLLOW: sid=104 edge=34126779 lane=0 leader_edge= leader_lane=None leader_role_hint=main self_merge_completed=False self_merge_completed_age=-1.0 self_merge_committed=False lane_cmd_state=None lane_cmd_edge=None lane_cmd_target=None lane_cmd_executable=None same_lane=False reason=merge_conflict_eta gap=0.8 follow_spd=4.12 emergency=False target_before=6.193555201054789 target_after=5.763555201054789
obu-ramp-merge-2-1     | [16.8] Ramp_Merge_2 role=merge state=NEGOTIATING->NEGOTIATING speed=6.01 target=5.76 neighbors=11
obu-host-car-1         | HOST_RESERVATION_HOLD: host=Host_Car ramp=108 manoeuvre=35 remaining=0.6 own_speed=5.06 target_speed=4.88 ramp_fsm=NEGOTIATING ramp_lane_cmd_state=NONE ramp_edge=34126779 ramp_lane=0 ramp_merge_completed=False ramp_merge_committed=False
obu-host-car-1         | [16.8] Host_Car HOST_HOLD_YIELD: for merge=108 spd=4.88
obu-host-car-1         | [16.8] Host_Car MCM_TX_ACCEPT: manoeuvre=35 target=108
obu-ramp-merge-2-1     | [17.0] Ramp_Merge_2 MCM_ACCEPT_WRONG_MANOEUVRE: host=104 got=35 expected=37
obu-ramp-merge-2-1     | [17.0] Ramp_Merge_2 FINAL_GUARD: REJECTED slot-boundary ETA sid=104
obu-ramp-merge-2-1     | [17.0] Ramp_Merge_2 MERGE_DECISION: auth=False phys=True fgok=False lgok=True hgok=False cok=True esok=True cready=True dtm=27.4 past=False committed=False hid=104 ra=None lclear=True hyok=False
obu-ramp-merge-2-1     | [17.0] Ramp_Merge_2 CAR_FOLLOW: sid=104 edge=34126779 lane=0 leader_edge= leader_lane=None leader_role_hint=main self_merge_completed=False self_merge_completed_age=-1.0 self_merge_committed=False lane_cmd_state=None lane_cmd_edge=None lane_cmd_target=None lane_cmd_executable=None same_lane=False reason=merge_conflict_eta gap=1.0 follow_spd=4.12 emergency=False target_before=6.1725176062386256 target_after=5.742517606238626
obu-host-car-1         | HOST_RESERVATION_HOLD: host=Host_Car ramp=108 manoeuvre=35 remaining=0.4 own_speed=5.05 target_speed=4.88 ramp_fsm=NEGOTIATING ramp_lane_cmd_state=NONE ramp_edge=34126779 ramp_lane=0 ramp_merge_completed=False ramp_merge_committed=False
obu-host-car-1         | [17.0] Host_Car HOST_HOLD_YIELD: for merge=108 spd=4.88
obu-host-car-1         | [17.0] Host_Car role=host state=YIELDING->YIELDING speed=5.05 target=4.88 neighbors=11
obu-ramp-merge-3-1     | [17.0] Ramp_Merge_3 CAR_FOLLOW: sid=105 edge=34126779 lane=0 leader_edge= leader_lane=None leader_role_hint=main self_merge_completed=False self_merge_completed_age=-1.0 self_merge_committed=False lane_cmd_state=None lane_cmd_edge=None lane_cmd_target=None lane_cmd_executable=None same_lane=False reason=merge_conflict_eta gap=1.7 follow_spd=4.65 emergency=False target_before=6.375 target_after=6.187764300316129
obu-ramp-merge-3-1     | [17.0] Ramp_Merge_3 role=merge state=NEGOTIATING->NEGOTIATING speed=6.44 target=6.19 neighbors=11
obu-main-front-left-1  | [17.3] Main_Front_Left role=cruise state=CRUISE->CRUISE speed=6.63 target=7.50 neighbors=11
obu-ramp-merge-2-1     | [17.1] Ramp_Merge_2 MCM_TX_REQUEST: manoeuvre=37 target=104
obu-ramp-merge-2-1     | [17.1] Ramp_Merge_2 MCM_ACCEPT_WRONG_MANOEUVRE: host=104 got=35 expected=37
obu-ramp-merge-2-1     | [17.1] Ramp_Merge_2 FINAL_GUARD: REJECTED slot-boundary sid=104 gap=9.9
obu-ramp-merge-2-1     | [17.1] Ramp_Merge_2 MERGE_DECISION: auth=False phys=True fgok=False lgok=True hgok=False cok=True esok=True cready=True dtm=26.8 past=False committed=False hid=104 ra=None lclear=True hyok=False
obu-ramp-merge-2-1     | [17.1] Ramp_Merge_2 CAR_FOLLOW: sid=104 edge=34126779 lane=0 leader_edge= leader_lane=None leader_role_hint=main self_merge_completed=False self_merge_completed_age=-1.0 self_merge_committed=False lane_cmd_state=None lane_cmd_edge=None lane_cmd_target=None lane_cmd_executable=None same_lane=False reason=merge_conflict_eta gap=1.1 follow_spd=4.12 emergency=False target_before=6.1625400552733955 target_after=5.732540055273396
obu-host-car-1         | HOST_RESERVATION_HOLD: host=Host_Car ramp=108 manoeuvre=35 remaining=0.1 own_speed=5.02 target_speed=4.88 ramp_fsm=NEGOTIATING ramp_lane_cmd_state=NONE ramp_edge=34126779 ramp_lane=0 ramp_merge_completed=False ramp_merge_committed=False
obu-host-car-1         | [17.3] Host_Car HOST_HOLD_YIELD: for merge=108 spd=4.88
obu-host-car-1         | [17.3] Host_Car MCM_TX_ACCEPT: manoeuvre=35 target=108
obu-merge-car-1        | [16.9] Merge_Car MERGE_LANE_APPLY_CONFIRMED: edge=1331698336 lane=0 target_lane=1 lane_count=3 executable=True
obu-ramp-merge-2-1     | [17.3] Ramp_Merge_2 MCM_RX_ACCEPT: from=104 manoeuvre=35 target=108
obu-merge-car-1        | MERGE_ATTEMPT_TIMELINE: vehicle=Merge_Car manoeuvre=5 host=101 lead=None event=CLEAR t=17.0 edge=1331698336 lane=1 lane_cmd_state=CLEAR speed=6.14 target=6.75 dtm=13.4 lead_gap= host_gap=73.75 lead_gap_t1= lead_gap_t2= lead_gap_t3= host_gap_t1=73.75 host_gap_t2=73.75 host_gap_t3=73.75
obu-merge-car-1        | [17.0] Merge_Car MERGE_LANE_CLEAR_CONFIRMED: edge=1331698336 lane=1 target_lane=1 lane_count=3 executable=False
obu-host-car-1         | [17.4] Host_Car MCM_RX_REQUEST: from=108 manoeuvre=37 target=104
obu-main-back-right-1  | [17.4] Main_Back_Right role=host state=CRUISE->CRUISE speed=6.25 target=7.50 neighbors=11
obu-host-car-1         | [17.4] Host_Car MCM_RX_REQUEST: from=108 manoeuvre=37 target=104
obu-ramp-merge-2-1     | [17.4] Ramp_Merge_2 MCM_RX_REJECT: from=105 manoeuvre=36 target=108
obu-main-mid-right-1   | [17.4] Main_Mid_Right role=cruise state=CRUISE->CRUISE speed=7.50 target=7.50 neighbors=11
obu-ramp-merge-2-1     | [17.4] Ramp_Merge_2 MCM_RX_ACCEPT: from=104 manoeuvre=35 target=108
obu-ramp-merge-4-1     | [17.4] Ramp_Merge_4 MERGE_DECISION: auth=True phys=False fgok=True lgok=True hgok=False cok=True esok=True cready=False dtm=71.5 past=False committed=False hid=106 ra=2 lclear=True hyok=True
obu-ramp-merge-4-1     | [17.4] Ramp_Merge_4 MERGE_PREPARE_WAIT_PHYSICAL: dtm=71.5
obu-ramp-merge-4-1     | [17.4] Ramp_Merge_4 role=merge state=NEGOTIATING->NEGOTIATING speed=6.42 target=6.38 neighbors=11
obu-ramp-merge-3-1     | [17.4] Ramp_Merge_3 MCM_RX_ACCEPT: from=105 manoeuvre=66 target=109
obu-ramp-merge-2-1     | [17.4] Ramp_Merge_2 MCM_TX_REQUEST: manoeuvre=37 target=104
obu-ramp-merge-2-1     | [17.4] Ramp_Merge_2 MCM_ACCEPT_WRONG_MANOEUVRE: host=104 got=35 expected=37
obu-ramp-merge-2-1     | [17.4] Ramp_Merge_2 FINAL_GUARD: REJECTED slot-boundary sid=104 gap=8.3
obu-ramp-merge-2-1     | [17.4] Ramp_Merge_2 MERGE_DECISION: auth=False phys=True fgok=False lgok=True hgok=False cok=True esok=True cready=True dtm=25.1 past=False committed=False hid=104 ra=None lclear=True hyok=False
obu-ramp-merge-2-1     | [17.4] Ramp_Merge_2 CAR_FOLLOW: sid=104 edge=34126779 lane=0 leader_edge= leader_lane=None leader_role_hint=main self_merge_completed=False self_merge_completed_age=-1.0 self_merge_committed=False lane_cmd_state=None lane_cmd_edge=None lane_cmd_target=None lane_cmd_executable=None same_lane=False reason=merge_conflict_eta gap=0.5 follow_spd=4.12 emergency=False target_before=6.130255460699658 target_after=5.700255460699658
obu-ramp-merge-5-1     | [17.4] Ramp_Merge_5 MERGE_DECISION: auth=False phys=False fgok=True lgok=False hgok=True cok=True esok=True cready=False dtm=85.7 past=False committed=False hid=None ra=None lclear=True hyok=True
obu-ramp-merge-5-1     | [17.4] Ramp_Merge_5 role=merge state=CRUISE->CRUISE speed=6.67 target=6.42 neighbors=11
obu-main-back-left-1   | HOST_RESERVATION_HOLD: host=Main_Back_Left ramp=109 manoeuvre=66 remaining=0.8 own_speed=5.20 target_speed=4.88 ramp_fsm=NEGOTIATING ramp_lane_cmd_state=NONE ramp_edge=34126779 ramp_lane=0 ramp_merge_completed=False ramp_merge_committed=False
obu-main-back-left-1   | [17.4] Main_Back_Left HOST_HOLD_YIELD: for merge=109 spd=4.88
obu-merge-car-1        | MERGE_ATTEMPT_TIMELINE: vehicle=Merge_Car manoeuvre=5 host=101 lead=None event=COMPLETED t=17.4 edge=1331698336 lane=1 lane_cmd_state=CLEAR speed=6.25 target=6.75 dtm=15.9 lead_gap= host_gap=73.32 lead_gap_t1= lead_gap_t2= lead_gap_t3= host_gap_t1=73.32 host_gap_t2=73.32 host_gap_t3=73.32
obu-merge-car-1        | [17.4] Merge_Car MERGE_COMPLETED: eid=1331698336 lane=1 clean=True
obu-lead-car-1         | [17.5] Lead_Car role=cruise state=CRUISE->CRUISE speed=7.06 target=7.50 neighbors=11
obu-merge-car-1        | [17.4] Merge_Car role=cruise state=CRUISE->CRUISE speed=6.25 target=7.50 neighbors=11
obu-main-back-left-1   | [17.4] Main_Back_Left MCM_TX_REJECT: manoeuvre=36 target=108
obu-main-back-left-1   | [17.4] Main_Back_Left MCM_TX_ACCEPT: manoeuvre=66 target=109
obu-main-back-left-1   | [17.4] Main_Back_Left role=host state=YIELDING->YIELDING speed=5.20 target=4.88 neighbors=11
obu-ramp-merge-2-1     | [17.5] Ramp_Merge_2 MCM_ACCEPT_WRONG_MANOEUVRE: host=104 got=35 expected=37
obu-ramp-merge-2-1     | [17.5] Ramp_Merge_2 FINAL_GUARD: REJECTED slot-boundary sid=104 gap=8.1
obu-ramp-merge-2-1     | [17.5] Ramp_Merge_2 MERGE_DECISION: auth=False phys=True fgok=False lgok=True hgok=False cok=True esok=True cready=True dtm=24.5 past=False committed=False hid=104 ra=None lclear=True hyok=False
obu-ramp-merge-2-1     | [17.5] Ramp_Merge_2 CAR_FOLLOW: sid=104 edge=34126779 lane=0 leader_edge= leader_lane=None leader_role_hint=main self_merge_completed=False self_merge_completed_age=-1.0 self_merge_committed=False lane_cmd_state=None lane_cmd_edge=None lane_cmd_target=None lane_cmd_executable=None same_lane=False reason=merge_conflict_eta gap=0.6 follow_spd=4.12 emergency=False target_before=6.1198685679766065 target_after=5.689868567976607
obu-ramp-merge-5-1     | [17.6] Ramp_Merge_5 MERGE_DECISION: auth=False phys=False fgok=True lgok=False hgok=True cok=True esok=True cready=False dtm=84.8 past=False committed=False hid=None ra=None lclear=True hyok=True
obu-main-back-left-1   | HOST_RESERVATION_HOLD: host=Main_Back_Left ramp=109 manoeuvre=66 remaining=0.5 own_speed=5.16 target_speed=4.88 ramp_fsm=NEGOTIATING ramp_lane_cmd_state=NONE ramp_edge=34126779 ramp_lane=0 ramp_merge_completed=False ramp_merge_committed=False
obu-main-back-left-1   | [17.7] Main_Back_Left HOST_HOLD_YIELD: for merge=109 spd=4.88
obu-main-back-left-1   | [17.7] Main_Back_Left MCM_TX_ACCEPT: manoeuvre=66 target=109
obu-ramp-merge-2-1     | [17.8] Ramp_Merge_2 MCM_TX_REQUEST: manoeuvre=37 target=104
obu-ramp-merge-2-1     | [17.8] Ramp_Merge_2 MCM_ACCEPT_WRONG_MANOEUVRE: host=104 got=35 expected=37
obu-ramp-merge-2-1     | [17.8] Ramp_Merge_2 FINAL_GUARD: REJECTED slot-boundary sid=104 gap=7.9
obu-ramp-merge-2-1     | [17.8] Ramp_Merge_2 MERGE_DECISION: auth=False phys=True fgok=False lgok=True hgok=False cok=True esok=True cready=True dtm=22.7 past=False committed=False hid=104 ra=None lclear=True hyok=False
obu-ramp-merge-2-1     | [17.8] Ramp_Merge_2 CAR_FOLLOW: sid=104 edge=34126779 lane=0 leader_edge= leader_lane=None leader_role_hint=main self_merge_completed=False self_merge_completed_age=-1.0 self_merge_committed=False lane_cmd_state=None lane_cmd_edge=None lane_cmd_target=None lane_cmd_executable=None same_lane=False reason=merge_conflict_eta gap=0.9 follow_spd=4.12 emergency=False target_before=6.088684109123625 target_after=5.658684109123625
obu-ramp-merge-2-1     | [17.8] Ramp_Merge_2 role=merge state=NEGOTIATING->NEGOTIATING speed=5.91 target=5.66 neighbors=11
obu-ramp-merge-5-1     | [17.8] Ramp_Merge_5 MERGE_DECISION: auth=False phys=False fgok=True lgok=False hgok=True cok=True esok=True cready=False dtm=83.9 past=False committed=False hid=None ra=None lclear=True hyok=True
obu-ramp-merge-5-1     | [17.8] Ramp_Merge_5 CAR_FOLLOW: sid=110 edge=34126779 lane=0 leader_edge= leader_lane=None leader_role_hint=ramp self_merge_completed=False self_merge_completed_age=-1.0 self_merge_committed=False lane_cmd_state=None lane_cmd_edge=None lane_cmd_target=None lane_cmd_executable=None same_lane=True reason=same_lane_cam gap=7.4 follow_spd=2.62 emergency=False target_before=6.380143082724733 target_after=6.380143082724733
obu-main-back-left-1   | HOST_RESERVATION_HOLD: host=Main_Back_Left ramp=109 manoeuvre=66 remaining=0.4 own_speed=5.14 target_speed=4.88 ramp_fsm=NEGOTIATING ramp_lane_cmd_state=NONE ramp_edge=34126779 ramp_lane=0 ramp_merge_completed=False ramp_merge_committed=False
obu-main-back-left-1   | [17.8] Main_Back_Left HOST_HOLD_YIELD: for merge=109 spd=4.88
obu-ramp-merge-2-1     | [18.0] Ramp_Merge_2 MCM_RX_REJECT: from=105 manoeuvre=36 target=108
obu-ramp-merge-3-1     | [18.0] Ramp_Merge_3 MCM_RX_ACCEPT: from=105 manoeuvre=66 target=109
obu-ramp-merge-3-1     | [18.0] Ramp_Merge_3 MCM_RX_ACCEPT: from=105 manoeuvre=66 target=109
obu-host-car-1         | [18.1] Host_Car MCM_RX_REQUEST: from=108 manoeuvre=37 target=104
obu-host-car-1         | [18.1] Host_Car MCM_RX_REQUEST: from=108 manoeuvre=37 target=104
obu-ramp-merge-2-1     | [18.0] Ramp_Merge_2 MCM_ACCEPT_WRONG_MANOEUVRE: host=104 got=35 expected=37
obu-ramp-merge-2-1     | [18.0] Ramp_Merge_2 FINAL_GUARD: REJECTED slot-boundary sid=104 gap=7.9
obu-host-car-1         | HOST_RELEASE_BEFORE_CLEAR: host=Host_Car ramp=108 manoeuvre=35 reason=timeout ramp_fsm=NEGOTIATING ramp_lane_cmd_state=NONE ramp_edge=34126779 ramp_lane=0 ramp_merge_completed=False ramp_merge_committed=False
obu-ramp-merge-2-1     | [18.0] Ramp_Merge_2 MERGE_DECISION: auth=False phys=True fgok=False lgok=True hgok=False cok=True esok=True cready=True dtm=21.5 past=False committed=False hid=104 ra=None lclear=True hyok=False
obu-ramp-merge-2-1     | [18.0] Ramp_Merge_2 CAR_FOLLOW: sid=103 edge=34126779 lane=0 leader_edge= leader_lane=None leader_role_hint=main self_merge_completed=False self_merge_completed_age=-1.0 self_merge_committed=False lane_cmd_state=None lane_cmd_edge=None lane_cmd_target=None lane_cmd_executable=None same_lane=False reason=merge_conflict_eta gap=1.0 follow_spd=4.12 emergency=False target_before=6.067842971266135 target_after=5.637842971266135
obu-host-car-1         | [18.1] Host_Car MCM_TX_REJECT: manoeuvre=37 target=108
obu-host-car-1         | [18.1] Host_Car role=host state=YIELDING->CRUISE speed=4.97 target=7.50 neighbors=11
obu-ramp-back-1        | [18.0] Ramp_Back role=merge state=CRUISE->CRUISE speed=6.41 target=6.75 neighbors=11
obu-ramp-merge-5-1     | MERGE_ATTEMPT_TIMELINE: vehicle=Ramp_Merge_5 manoeuvre=127 host=101 lead=106 event=REQUEST_SENT t=18.0 edge=34126779 lane=0 lane_cmd_state=NONE speed=6.61 target=6.75 dtm=83.1 lead_gap=63.53 host_gap=22.76 lead_gap_t1=63.17 lead_gap_t2=62.82 lead_gap_t3=62.46 host_gap_t1=22.76 host_gap_t2=22.76 host_gap_t3=22.76
obu-ramp-merge-5-1     | [18.0] Ramp_Merge_5 MCM_TX_REQUEST: manoeuvre=127 target=101
obu-ramp-merge-5-1     | [18.0] Ramp_Merge_5 MERGE_DECISION: auth=False phys=False fgok=True lgok=True hgok=False cok=True esok=True cready=False dtm=83.1 past=False committed=False hid=101 ra=None lclear=True hyok=False
obu-main-back-left-1   | HOST_RESERVATION_HOLD: host=Main_Back_Left ramp=109 manoeuvre=66 remaining=0.1 own_speed=5.10 target_speed=4.88 ramp_fsm=NEGOTIATING ramp_lane_cmd_state=NONE ramp_edge=34126779 ramp_lane=0 ramp_merge_completed=False ramp_merge_committed=False
obu-main-back-left-1   | [18.1] Main_Back_Left HOST_HOLD_YIELD: for merge=109 spd=4.88
obu-main-back-left-1   | [18.1] Main_Back_Left MCM_TX_ACCEPT: manoeuvre=66 target=109
obu-ramp-merge-3-1     | [18.0] Ramp_Merge_3 CAR_FOLLOW: sid=105 edge=34126779 lane=0 leader_edge= leader_lane=None leader_role_hint=main self_merge_completed=False self_merge_completed_age=-1.0 self_merge_committed=False lane_cmd_state=None lane_cmd_edge=None lane_cmd_target=None lane_cmd_executable=None same_lane=False reason=merge_conflict_eta gap=0.8 follow_spd=4.85 emergency=False target_before=6.365077599373797 target_after=6.115077599373797
obu-ramp-merge-3-1     | [18.0] Ramp_Merge_3 role=merge state=NEGOTIATING->NEGOTIATING speed=6.37 target=6.12 neighbors=11
obu-ramp-merge-4-1     | [18.0] Ramp_Merge_4 MCM_ACCEPT_STALE: host=106 manoeuvre=96
obu-ramp-merge-4-1     | [18.0] Ramp_Merge_4 MERGE_SLOT_ABANDON_BLOCKED: lgok=True hgok=False
obu-ramp-merge-2-1     | [18.2] Ramp_Merge_2 MCM_TX_REQUEST: manoeuvre=37 target=104
obu-ramp-merge-2-1     | [18.2] Ramp_Merge_2 MCM_ACCEPT_WRONG_MANOEUVRE: host=104 got=35 expected=37
obu-ramp-merge-2-1     | [18.2] Ramp_Merge_2 FINAL_GUARD: REJECTED slot-boundary sid=104 gap=8.2
obu-ramp-merge-2-1     | [18.2] Ramp_Merge_2 MERGE_DECISION: auth=False phys=True fgok=False lgok=True hgok=False cok=True esok=True cready=True dtm=20.3 past=False committed=False hid=104 ra=None lclear=True hyok=False
obu-ramp-merge-2-1     | [18.2] Ramp_Merge_2 CAR_FOLLOW: sid=103 edge=34126779 lane=0 leader_edge= leader_lane=None leader_role_hint=main self_merge_completed=False self_merge_completed_age=-1.0 self_merge_committed=False lane_cmd_state=None lane_cmd_edge=None lane_cmd_target=None lane_cmd_executable=None same_lane=False reason=merge_conflict_eta gap=1.2 follow_spd=4.12 emergency=False target_before=6.046981244002757 target_after=5.616981244002758
obu-ramp-merge-5-1     | [18.2] Ramp_Merge_5 MERGE_DECISION: auth=False phys=False fgok=True lgok=True hgok=False cok=True esok=True cready=False dtm=82.2 past=False committed=False hid=101 ra=None lclear=True hyok=False
obu-ramp-merge-5-1     | [18.2] Ramp_Merge_5 CAR_FOLLOW: sid=110 edge=34126779 lane=0 leader_edge= leader_lane=None leader_role_hint=ramp self_merge_completed=False self_merge_completed_age=-1.0 self_merge_committed=False lane_cmd_state=None lane_cmd_edge=None lane_cmd_target=None lane_cmd_executable=None same_lane=True reason=same_lane_cam gap=10.6 follow_spd=4.49 emergency=False target_before=6.75 target_after=6.337185617057747
obu-ramp-merge-3-1     | [18.2] Ramp_Merge_3 CAR_FOLLOW: sid=105 edge=34126779 lane=0 leader_edge= leader_lane=None leader_role_hint=main self_merge_completed=False self_merge_completed_age=-1.0 self_merge_committed=False lane_cmd_state=None lane_cmd_edge=None lane_cmd_target=None lane_cmd_executable=None same_lane=False reason=merge_conflict_eta gap=1.0 follow_spd=4.73 emergency=False target_before=6.366045033434852 target_after=6.116045033434852
obu-ramp-merge-4-1     | MERGE_ATTEMPT_TIMELINE: vehicle=Ramp_Merge_4 manoeuvre=97 host=106 lead=105 event=REQUEST_SENT t=18.2 edge=34126779 lane=0 lane_cmd_state=NONE speed=6.40 target=6.75 dtm=67.6 lead_gap=39.96 host_gap=35.76 lead_gap_t1=38.70 lead_gap_t2=37.44 lead_gap_t3=36.17 host_gap_t1=35.60 host_gap_t2=35.45 host_gap_t3=35.30
obu-ramp-merge-4-1     | [18.2] Ramp_Merge_4 MCM_TX_REQUEST: manoeuvre=97 target=106
obu-ramp-merge-4-1     | [18.2] Ramp_Merge_4 MERGE_DECISION: auth=False phys=True fgok=True lgok=True hgok=False cok=True esok=True cready=True dtm=67.6 past=False committed=False hid=106 ra=None lclear=True hyok=False
obu-main-front-left-1  | [18.3] Main_Front_Left role=cruise state=CRUISE->CRUISE speed=6.80 target=7.50 neighbors=11
obu-ramp-merge-2-1     | [18.3] Ramp_Merge_2 MCM_ACCEPT_WRONG_MANOEUVRE: host=104 got=35 expected=37
obu-ramp-merge-2-1     | [18.3] Ramp_Merge_2 FINAL_GUARD: REJECTED slot-boundary sid=104 gap=8.3
obu-ramp-merge-2-1     | [18.3] Ramp_Merge_2 MERGE_DECISION: auth=False phys=True fgok=False lgok=True hgok=False cok=True esok=True cready=True dtm=19.7 past=False committed=False hid=104 ra=None lclear=True hyok=False
obu-ramp-merge-2-1     | [18.3] Ramp_Merge_2 CAR_FOLLOW: sid=103 edge=34126779 lane=0 leader_edge= leader_lane=None leader_role_hint=main self_merge_completed=False self_merge_completed_age=-1.0 self_merge_committed=False lane_cmd_state=None lane_cmd_edge=None lane_cmd_target=None lane_cmd_executable=None same_lane=False reason=merge_conflict_eta gap=1.3 follow_spd=4.12 emergency=False target_before=6.035524330365926 target_after=5.605524330365927
obu-main-back-right-1  | [18.4] Main_Back_Right role=host state=CRUISE->CRUISE speed=6.75 target=7.50 neighbors=11
obu-ramp-merge-5-1     | [18.3] Ramp_Merge_5 MCM_TX_REQUEST: manoeuvre=127 target=101
obu-main-mid-right-1   | [18.5] Main_Mid_Right role=cruise state=CRUISE->CRUISE speed=7.50 target=7.50 neighbors=10
obu-ramp-merge-5-1     | [18.3] Ramp_Merge_5 MERGE_DECISION: auth=False phys=False fgok=True lgok=True hgok=True cok=True esok=True cready=False dtm=81.7 past=False committed=False hid=101 ra=None lclear=True hyok=False
obu-ramp-merge-5-1     | [18.3] Ramp_Merge_5 CAR_FOLLOW: sid=110 edge=34126779 lane=0 leader_edge= leader_lane=None leader_role_hint=ramp self_merge_completed=False self_merge_completed_age=-1.0 self_merge_committed=False lane_cmd_state=None lane_cmd_edge=None lane_cmd_target=None lane_cmd_executable=None same_lane=True reason=same_lane_cam gap=9.9 follow_spd=3.67 emergency=False target_before=6.75 target_after=6.326833490341096
obu-ramp-merge-3-1     | [18.4] Ramp_Merge_3 CAR_FOLLOW: sid=105 edge=34126779 lane=0 leader_edge= leader_lane=None leader_role_hint=main self_merge_completed=False self_merge_completed_age=-1.0 self_merge_committed=False lane_cmd_state=None lane_cmd_edge=None lane_cmd_target=None lane_cmd_executable=None same_lane=False reason=merge_conflict_eta gap=1.2 follow_spd=4.61 emergency=False target_before=6.353922022643644 target_after=6.103922022643644
obu-ramp-merge-4-1     | [18.4] Ramp_Merge_4 MERGE_DECISION: auth=False phys=True fgok=True lgok=True hgok=False cok=True esok=True cready=True dtm=66.5 past=False committed=False hid=106 ra=None lclear=True hyok=False
obu-ramp-merge-4-1     | [18.4] Ramp_Merge_4 role=merge state=NEGOTIATING->NEGOTIATING speed=6.40 target=6.58 neighbors=10
obu-ramp-merge-2-1     | [18.5] Ramp_Merge_2 MCM_TX_REQUEST: manoeuvre=37 target=104
obu-ramp-merge-2-1     | [18.5] Ramp_Merge_2 MCM_ACCEPT_STALE: host=104 manoeuvre=35
obu-ramp-merge-2-1     | [18.5] Ramp_Merge_2 MCM_PENDING_HOLD_LATE_HOST: host=104 age=0.0 dtm=18.6 lead_gap=None host_gap=0.00 pending_age=2.1 accepted_at=None reason=lost
obu-ramp-merge-2-1     | [18.5] Ramp_Merge_2 CAR_FOLLOW: sid=103 edge=34126779 lane=0 leader_edge= leader_lane=None leader_role_hint=main self_merge_completed=False self_merge_completed_age=-1.0 self_merge_committed=False lane_cmd_state=None lane_cmd_edge=None lane_cmd_target=None lane_cmd_executable=None same_lane=False reason=merge_conflict_eta gap=1.5 follow_spd=4.12 emergency=False target_before=5.833257311490527 target_after=5.583257311490527
obu-merge-car-1        | [18.6] Merge_Car role=cruise state=CRUISE->CRUISE speed=6.76 target=7.50 neighbors=10
obu-ramp-merge-5-1     | [18.7] Ramp_Merge_5 MCM_TX_REQUEST: manoeuvre=127 target=101
obu-ramp-merge-5-1     | [18.7] Ramp_Merge_5 MERGE_DECISION: auth=False phys=False fgok=True lgok=False hgok=True cok=True esok=True cready=False dtm=80.0 past=False committed=False hid=101 ra=None lclear=True hyok=False
obu-ramp-merge-5-1     | [18.7] Ramp_Merge_5 CAR_FOLLOW: sid=110 edge=34126779 lane=0 leader_edge= leader_lane=None leader_role_hint=ramp self_merge_completed=False self_merge_completed_age=-1.0 self_merge_committed=False lane_cmd_state=None lane_cmd_edge=None lane_cmd_target=None lane_cmd_executable=None same_lane=True reason=same_lane_cam gap=7.3 follow_spd=2.62 emergency=False target_before=6.453568626034769 target_after=6.296476723283361
obu-ramp-merge-5-1     | [18.7] Ramp_Merge_5 role=merge state=NEGOTIATING->NEGOTIATING speed=6.55 target=6.30 neighbors=10
obu-ramp-merge-3-1     | [18.6] Ramp_Merge_3 CAR_FOLLOW: sid=105 edge=34126779 lane=0 leader_edge= leader_lane=None leader_role_hint=main self_merge_completed=False self_merge_completed_age=-1.0 self_merge_committed=False lane_cmd_state=None lane_cmd_edge=None lane_cmd_target=None lane_cmd_executable=None same_lane=False reason=merge_conflict_eta gap=1.4 follow_spd=4.49 emergency=False target_before=6.3306830630778865 target_after=6.0806830630778865
obu-ramp-merge-4-1     | [18.6] Ramp_Merge_4 MCM_TX_REQUEST: manoeuvre=97 target=106
obu-ramp-merge-4-1     | [18.6] Ramp_Merge_4 MERGE_DECISION: auth=False phys=True fgok=True lgok=True hgok=False cok=True esok=True cready=True dtm=65.5 past=False committed=False hid=106 ra=None lclear=True hyok=False
obu-ramp-merge-3-1     | [18.8] Ramp_Merge_3 MCM_RX_ACCEPT: from=105 manoeuvre=66 target=109
obu-main-back-right-1  | [18.8] Main_Back_Right MCM_RX_REQUEST: from=110 manoeuvre=97 target=106
obu-lead-car-1         | [18.8] Lead_Car MCM_RX_REQUEST: from=111 manoeuvre=127 target=101
obu-lead-car-1         | [18.8] Lead_Car MCM_RX_REQUEST: from=111 manoeuvre=127 target=101
obu-lead-car-1         | [18.8] Lead_Car MCM_RX_REQUEST: from=111 manoeuvre=127 target=101
obu-main-back-right-1  | [18.8] Main_Back_Right MCM_RX_REQUEST: from=110 manoeuvre=97 target=106
obu-ramp-merge-2-1     | [18.8] Ramp_Merge_2 MCM_RX_REJECT: from=104 manoeuvre=37 target=108
obu-host-car-1         | [18.8] Host_Car MCM_TX_REJECT: manoeuvre=37 target=108
obu-host-car-1         | [18.8] Host_Car MCM_RX_REQUEST: from=108 manoeuvre=37 target=104
obu-ramp-merge-2-1     | [18.8] Ramp_Merge_2 MCM_TX_REQUEST: manoeuvre=37 target=104
obu-ramp-merge-2-1     | [18.8] Ramp_Merge_2 MCM_REJECT: host=104 manoeuvre=37
obu-ramp-merge-2-1     | [18.8] Ramp_Merge_2 FINAL_GUARD: REJECTED slot-boundary sid=104 gap=6.6
obu-ramp-merge-2-1     | [18.8] Ramp_Merge_2 CAR_FOLLOW: sid=104 edge=34126779 lane=0 leader_edge= leader_lane=None leader_role_hint=main self_merge_completed=False self_merge_completed_age=-1.0 self_merge_committed=False lane_cmd_state=None lane_cmd_edge=None lane_cmd_target=None lane_cmd_executable=None same_lane=False reason=merge_conflict_eta gap=1.1 follow_spd=4.12 emergency=False target_before=5.981293888285493 target_after=5.551293888285493
obu-ramp-merge-2-1     | [18.8] Ramp_Merge_2 role=merge state=NEGOTIATING->NEGOTIATING speed=5.80 target=5.55 neighbors=11
obu-host-car-1         | [18.8] Host_Car MCM_RX_REQUEST: from=108 manoeuvre=37 target=104
obu-lead-car-1         | HOST_RESERVATION_RELEASE_AFTER_CLEAR: host=Lead_Car ramp=107 manoeuvre=5 reason=completed ramp_fsm=CRUISE ramp_lcs=CLEAR ramp_edge=1331698336 ramp_merge_completed=True
obu-lead-car-1         | HOST_RESERVATION_START: host=Lead_Car ramp=111 manoeuvre=127 until=22.8 own_speed=7.27 target_speed=6.27 required_speed=6.37 gap_eta=2.59
obu-lead-car-1         | [18.8] Lead_Car HOST_RESERVED: merge=111 manoeuvre=127 until=22.8 target_spd=6.27
obu-lead-car-1         | [18.8] Lead_Car HOST_YIELD: for merge=111 req_spd=6.27
obu-lead-car-1         | [18.8] Lead_Car MCM_TX_ACCEPT: manoeuvre=127 target=111
obu-lead-car-1         | [18.8] Lead_Car role=host state=CRUISE->YIELDING speed=7.27 target=6.27 neighbors=11
obu-main-back-right-1  | HOST_RESERVATION_START: host=Main_Back_Right ramp=110 manoeuvre=97 until=22.8 own_speed=6.89 target_speed=4.88 required_speed=4.88 gap_eta=-1.87
obu-main-back-right-1  | [18.8] Main_Back_Right HOST_RESERVED: merge=110 manoeuvre=97 until=22.8 target_spd=4.88
obu-main-back-right-1  | [18.8] Main_Back_Right HOST_YIELD: for merge=110 req_spd=4.88
obu-main-back-left-1   | HOST_RELEASE_BEFORE_CLEAR: host=Main_Back_Left ramp=109 manoeuvre=66 reason=timeout ramp_fsm=NEGOTIATING ramp_lane_cmd_state=NONE ramp_edge=34126779 ramp_lane=0 ramp_merge_completed=False ramp_merge_committed=False
obu-main-back-left-1   | [18.8] Main_Back_Left role=host state=YIELDING->CRUISE speed=5.04 target=7.50 neighbors=11
obu-main-back-right-1  | [18.8] Main_Back_Right MCM_TX_ACCEPT: manoeuvre=97 target=110
obu-ramp-merge-5-1     | [18.8] Ramp_Merge_5 MERGE_DECISION: auth=False phys=False fgok=True lgok=True hgok=True cok=True esok=True cready=False dtm=79.6 past=False committed=False hid=101 ra=None lclear=True hyok=False
obu-ramp-merge-3-1     | [18.8] Ramp_Merge_3 CAR_FOLLOW: sid=105 edge=34126779 lane=0 leader_edge= leader_lane=None leader_role_hint=main self_merge_completed=False self_merge_completed_age=-1.0 self_merge_committed=False lane_cmd_state=None lane_cmd_edge=None lane_cmd_target=None lane_cmd_executable=None same_lane=False reason=merge_conflict_eta gap=1.5 follow_spd=4.40 emergency=False target_before=6.30914970464813 target_after=6.05914970464813
obu-ramp-merge-4-1     | [18.8] Ramp_Merge_4 MCM_PENDING_HOLD_LATE_HOST: host=106 age=0.0 dtm=64.5 lead_gap=36.38 host_gap=32.20 pending_age=0.6 accepted_at=None reason=ahead(eta=8.98<=own=10.03)
obu-lead-car-1         | HOST_RESERVATION_HOLD: host=Lead_Car ramp=111 manoeuvre=127 remaining=3.8 own_speed=7.30 target_speed=6.27 ramp_fsm=NEGOTIATING ramp_lane_cmd_state=NONE ramp_edge=34126779 ramp_lane=0 ramp_merge_completed=False ramp_merge_committed=False
obu-lead-car-1         | [19.0] Lead_Car HOST_HOLD_YIELD: for merge=111 spd=6.27
obu-lead-car-1         | HOST_RESERVATION_HOLD: host=Lead_Car ramp=111 manoeuvre=127 remaining=3.6 own_speed=7.26 target_speed=6.27 ramp_fsm=NEGOTIATING ramp_lane_cmd_state=NONE ramp_edge=34126779 ramp_lane=0 ramp_merge_completed=False ramp_merge_committed=False
obu-lead-car-1         | [19.2] Lead_Car HOST_HOLD_YIELD: for merge=111 spd=6.27
obu-lead-car-1         | [19.2] Lead_Car MCM_TX_ACCEPT: manoeuvre=127 target=111
obu-lead-car-1         | HOST_RESERVATION_HOLD: host=Lead_Car ramp=111 manoeuvre=127 remaining=3.4 own_speed=7.16 target_speed=6.27 ramp_fsm=NEGOTIATING ramp_lane_cmd_state=NONE ramp_edge=34126779 ramp_lane=0 ramp_merge_completed=False ramp_merge_committed=False
obu-lead-car-1         | [19.4] Lead_Car HOST_HOLD_YIELD: for merge=111 spd=6.27
obu-main-front-left-1  | [19.5] Main_Front_Left CAR_FOLLOW: sid=101 edge=135424828 lane=0 leader_edge= leader_lane=None leader_role_hint=main self_merge_completed=False self_merge_completed_age=-1.0 self_merge_committed=False lane_cmd_state=None lane_cmd_edge=None lane_cmd_target=None lane_cmd_executable=None same_lane=True reason=same_lane_cam gap=4.5 follow_spd=2.62 emergency=False target_before=7.5 target_after=6.7223568926515345
obu-main-front-left-1  | [19.5] Main_Front_Left role=cruise state=CRUISE->YIELDING speed=6.97 target=6.72 neighbors=11
obu-ramp-merge-5-1     | [19.6] Ramp_Merge_5 MCM_RX_ACCEPT: from=101 manoeuvre=127 target=111
obu-ramp-back-1        | [19.6] Ramp_Back role=merge state=CRUISE->CRUISE speed=6.60 target=6.75 neighbors=11
obu-ramp-merge-2-1     | [19.6] Ramp_Merge_2 MCM_RX_REJECT: from=104 manoeuvre=37 target=108
obu-host-car-1         | [19.6] Host_Car MCM_RX_REQUEST: from=108 manoeuvre=37 target=104
obu-ramp-merge-2-1     | [19.6] Ramp_Merge_2 FINAL_GUARD: REJECTED slot-boundary sid=104 gap=6.3
obu-ramp-merge-2-1     | [19.6] Ramp_Merge_2 MERGE_DECISION: auth=False phys=True fgok=False lgok=True hgok=False cok=True esok=True cready=True dtm=12.4 past=False committed=False hid=104 ra=None lclear=True hyok=True
obu-ramp-merge-2-1     | [19.6] Ramp_Merge_2 CAR_FOLLOW: sid=104 edge=34126779 lane=0 leader_edge= leader_lane=None leader_role_hint=main self_merge_completed=False self_merge_completed_age=-1.0 self_merge_committed=False lane_cmd_state=None lane_cmd_edge=None lane_cmd_target=None lane_cmd_executable=None same_lane=False reason=merge_conflict_eta gap=0.5 follow_spd=4.12 emergency=False target_before=5.901453990160576 target_after=5.471453990160576
obu-main-back-right-1  | HOST_RESERVATION_HOLD: host=Main_Back_Right ramp=110 manoeuvre=97 remaining=3.2 own_speed=6.50 target_speed=4.88 ramp_fsm=NEGOTIATING ramp_lane_cmd_state=NONE ramp_edge=34126779 ramp_lane=0 ramp_merge_completed=False ramp_merge_committed=False
obu-main-back-right-1  | [19.6] Main_Back_Right HOST_HOLD_YIELD: for merge=110 spd=4.88
obu-main-back-right-1  | [19.6] Main_Back_Right MCM_TX_ACCEPT: manoeuvre=97 target=110
obu-main-back-right-1  | [19.6] Main_Back_Right role=host state=YIELDING->YIELDING speed=6.50 target=4.88 neighbors=11
obu-main-mid-right-1   | [19.6] Main_Mid_Right role=cruise state=CRUISE->CRUISE speed=7.50 target=7.50 neighbors=11
obu-merge-car-1        | [19.6] Merge_Car role=cruise state=CRUISE->CRUISE speed=7.06 target=7.50 neighbors=11
obu-lead-car-1         | HOST_RESERVATION_HOLD: host=Lead_Car ramp=111 manoeuvre=127 remaining=3.1 own_speed=7.03 target_speed=6.27 ramp_fsm=NEGOTIATING ramp_lane_cmd_state=NONE ramp_edge=34126779 ramp_lane=0 ramp_merge_completed=False ramp_merge_committed=False
obu-lead-car-1         | [19.7] Lead_Car HOST_HOLD_YIELD: for merge=111 spd=6.27
obu-lead-car-1         | [19.7] Lead_Car MCM_TX_ACCEPT: manoeuvre=127 target=111
obu-ramp-merge-5-1     | [19.6] Ramp_Merge_5 MCM_TX_REQUEST: manoeuvre=127 target=101
obu-ramp-merge-5-1     | MERGE_ATTEMPT_TIMELINE: vehicle=Ramp_Merge_5 manoeuvre=127 host=101 lead=106 event=ACCEPT_MATCHED t=19.6 edge=34126779 lane=0 lane_cmd_state=NONE speed=6.57 target=6.75 dtm=75.9 lead_gap=50.95 host_gap=40.92 lead_gap_t1=50.95 lead_gap_t2=50.95 lead_gap_t3=50.95 host_gap_t1=40.92 host_gap_t2=40.92 host_gap_t3=40.92
obu-ramp-merge-5-1     | [19.6] Ramp_Merge_5 MCM_ACCEPT_MATCHED: host=101 manoeuvre=127
obu-ramp-merge-3-1     | [19.6] Ramp_Merge_3 CAR_FOLLOW: sid=105 edge=34126779 lane=0 leader_edge= leader_lane=None leader_role_hint=main self_merge_completed=False self_merge_completed_age=-1.0 self_merge_committed=False lane_cmd_state=None lane_cmd_edge=None lane_cmd_target=None lane_cmd_executable=None same_lane=False reason=merge_conflict_eta gap=1.4 follow_spd=4.23 emergency=False target_before=6.227359571302818 target_after=5.977359571302818
obu-ramp-merge-3-1     | [19.6] Ramp_Merge_3 role=merge state=NEGOTIATING->NEGOTIATING speed=6.23 target=5.98 neighbors=11
obu-ramp-merge-5-1     | [19.6] Ramp_Merge_5 MCM_RX_ACCEPT: from=101 manoeuvre=127 target=111
obu-ramp-merge-4-1     | [19.6] Ramp_Merge_4 MCM_TX_REQUEST: manoeuvre=97 target=106
obu-ramp-merge-4-1     | [19.6] Ramp_Merge_4 MCM_PENDING_HOLD_LATE_HOST: host=106 age=0.8 dtm=60.2 lead_gap=32.06 host_gap=24.78 pending_age=1.4 accepted_at=None reason=ahead(eta=8.98<=own=9.37)
obu-ramp-merge-4-1     | [19.6] Ramp_Merge_4 role=merge state=NEGOTIATING->NEGOTIATING speed=6.42 target=6.38 neighbors=11
obu-ramp-merge-4-1     | [19.6] Ramp_Merge_4 MCM_RX_ACCEPT: from=106 manoeuvre=97 target=110
obu-host-car-1         | [19.7] Host_Car MCM_TX_REJECT: manoeuvre=37 target=108
obu-host-car-1         | [19.7] Host_Car role=host state=CRUISE->CRUISE speed=6.26 target=7.50 neighbors=11
obu-lead-car-1         | HOST_RESERVATION_HOLD: host=Lead_Car ramp=111 manoeuvre=127 remaining=3.0 own_speed=7.00 target_speed=6.27 ramp_fsm=NEGOTIATING ramp_lane_cmd_state=NONE ramp_edge=34126779 ramp_lane=0 ramp_merge_completed=False ramp_merge_committed=False
obu-lead-car-1         | [19.8] Lead_Car HOST_HOLD_YIELD: for merge=111 spd=6.27
obu-lead-car-1         | [19.8] Lead_Car role=host state=YIELDING->YIELDING speed=7.00 target=6.27 neighbors=11
obu-host-car-1         | [20.2] Host_Car MCM_TX_REJECT: manoeuvre=37 target=108
obu-main-back-left-1   | [20.4] Main_Back_Left role=host state=CRUISE->CRUISE speed=6.22 target=7.50 neighbors=11
obu-main-back-right-1  | HOST_RESERVATION_HOLD: host=Main_Back_Right ramp=110 manoeuvre=97 remaining=2.4 own_speed=5.95 target_speed=4.88 ramp_fsm=NEGOTIATING ramp_lane_cmd_state=NONE ramp_edge=34126779 ramp_lane=0 ramp_merge_completed=False ramp_merge_committed=False
obu-main-back-right-1  | [20.4] Main_Back_Right HOST_HOLD_YIELD: for merge=110 spd=4.88
obu-ramp-merge-2-1     | [20.4] Ramp_Merge_2 MCM_RX_REJECT: from=104 manoeuvre=37 target=108
obu-main-back-right-1  | [20.4] Main_Back_Right MCM_TX_ACCEPT: manoeuvre=97 target=110
obu-ramp-merge-4-1     | [20.4] Ramp_Merge_4 MCM_RX_ACCEPT: from=106 manoeuvre=97 target=110
obu-lead-car-1         | [20.4] Lead_Car MCM_RX_REQUEST: from=111 manoeuvre=127 target=101
obu-lead-car-1         | HOST_RESERVATION_HOLD: host=Lead_Car ramp=111 manoeuvre=127 remaining=2.4 own_speed=6.80 target_speed=6.27 ramp_fsm=NEGOTIATING ramp_lane_cmd_state=NONE ramp_edge=34126779 ramp_lane=0 ramp_merge_completed=False ramp_merge_committed=False
obu-lead-car-1         | [20.4] Lead_Car HOST_HOLD_YIELD: for merge=111 spd=6.27
obu-main-back-right-1  | [20.4] Main_Back_Right MCM_RX_REQUEST: from=110 manoeuvre=97 target=106
obu-lead-car-1         | [20.4] Lead_Car MCM_TX_ACCEPT: manoeuvre=127 target=111
obu-ramp-merge-5-1     | [20.3] Ramp_Merge_5 role=merge state=NEGOTIATING->NEGOTIATING speed=6.53 target=6.38 neighbors=11
obu-ramp-merge-3-1     | [20.4] Ramp_Merge_3 MCM_ACCEPT_STALE: host=105 manoeuvre=66
obu-ramp-merge-3-1     | [20.4] Ramp_Merge_3 FINAL_GUARD: REJECTED slot-boundary ETA sid=105
obu-ramp-merge-5-1     | [20.3] Ramp_Merge_5 MCM_RX_ACCEPT: from=101 manoeuvre=127 target=111
obu-ramp-merge-3-1     | [20.4] Ramp_Merge_3 CAR_FOLLOW: sid=105 edge=34126779 lane=0 leader_edge= leader_lane=None leader_role_hint=main self_merge_completed=False self_merge_completed_age=-1.0 self_merge_committed=False lane_cmd_state=None lane_cmd_edge=None lane_cmd_target=None lane_cmd_executable=None same_lane=False reason=merge_conflict_eta gap=0.6 follow_spd=4.43 emergency=False target_before=6.149076697341223 target_after=5.899076697341223
obu-ramp-merge-4-1     | [20.4] Ramp_Merge_4 MCM_TX_REQUEST: manoeuvre=97 target=106
obu-ramp-merge-4-1     | MERGE_ATTEMPT_TIMELINE: vehicle=Ramp_Merge_4 manoeuvre=97 host=106 lead=105 event=ACCEPT_MATCHED t=20.4 edge=34126779 lane=0 lane_cmd_state=NONE speed=6.41 target=6.75 dtm=55.5 lead_gap=28.03 host_gap=18.52 lead_gap_t1=27.20 lead_gap_t2=26.36 lead_gap_t3=25.52 host_gap_t1=18.52 host_gap_t2=18.52 host_gap_t3=18.52
obu-ramp-merge-4-1     | [20.4] Ramp_Merge_4 MCM_ACCEPT_MATCHED: host=106 manoeuvre=97
obu-ramp-merge-4-1     | [20.4] Ramp_Merge_4 CAR_FOLLOW: sid=109 edge=34126779 lane=0 leader_edge= leader_lane=None leader_role_hint=ramp self_merge_completed=False self_merge_completed_age=-1.0 self_merge_committed=False lane_cmd_state=None lane_cmd_edge=None lane_cmd_target=None lane_cmd_executable=None same_lane=True reason=same_lane_cam gap=8.8 follow_spd=2.62 emergency=False target_before=6.375 target_after=6.156740102498115
obu-ramp-back-1        | MERGE_ATTEMPT_TIMELINE: vehicle=Ramp_Back manoeuvre=158 host=101 lead=102 event=REQUEST_SENT t=20.3 edge=34126779 lane=0 lane_cmd_state=NONE speed=6.65 target=6.75 dtm=93.1 lead_gap=7.62 host_gap=16.34 lead_gap_t1=7.29 lead_gap_t2=6.97 lead_gap_t3=6.64 host_gap_t1=15.70 host_gap_t2=15.05 host_gap_t3=14.41
obu-ramp-back-1        | [20.3] Ramp_Back MCM_TX_REQUEST: manoeuvre=158 target=101
obu-ramp-back-1        | [20.3] Ramp_Back MERGE_DECISION: auth=False phys=False fgok=True lgok=False hgok=False cok=True esok=True cready=False dtm=93.1 past=False committed=False hid=101 ra=None lclear=True hyok=False
obu-ramp-merge-2-1     | MERGE_ATTEMPT_TIMELINE: vehicle=Ramp_Merge_2 manoeuvre=38 host=105 lead=104 event=REQUEST_SENT t=20.4 edge=34126779 lane=0 lane_cmd_state=NONE speed=5.64 target=6.75 dtm=8.4 lead_gap=0.00 host_gap=22.28 lead_gap_t1=0.00 lead_gap_t2=0.00 lead_gap_t3=0.00 host_gap_t1=22.28 host_gap_t2=22.28 host_gap_t3=22.28
obu-ramp-merge-2-1     | [20.4] Ramp_Merge_2 MCM_TX_REQUEST: manoeuvre=38 target=105
obu-ramp-merge-2-1     | [20.4] Ramp_Merge_2 FINAL_GUARD: REJECTED slot-boundary sid=104 gap=3.7
obu-ramp-merge-2-1     | [20.4] Ramp_Merge_2 MERGE_DECISION: auth=False phys=True fgok=False lgok=False hgok=True cok=True esok=True cready=True dtm=8.4 past=False committed=False hid=105 ra=None lclear=False hyok=True
obu-ramp-merge-2-1     | [20.4] Ramp_Merge_2 CAR_FOLLOW: sid=104 edge=34126779 lane=0 leader_edge= leader_lane=None leader_role_hint=main self_merge_completed=False self_merge_completed_age=-1.0 self_merge_committed=False lane_cmd_state=None lane_cmd_edge=None lane_cmd_target=None lane_cmd_executable=None same_lane=False reason=merge_conflict_eta gap=0.3 follow_spd=4.12 emergency=False target_before=5.193031339994687 target_after=5.393031339994687
obu-ramp-merge-2-1     | [20.4] Ramp_Merge_2 role=merge state=NEGOTIATING->YIELDING speed=5.64 target=5.39 neighbors=11
obu-ramp-merge-2-1     | [20.4] Ramp_Merge_2 MCM_RX_REJECT: from=104 manoeuvre=37 target=108
obu-main-back-right-1  | HOST_RESERVATION_HOLD: host=Main_Back_Right ramp=110 manoeuvre=97 remaining=2.3 own_speed=5.90 target_speed=4.88 ramp_fsm=NEGOTIATING ramp_lane_cmd_state=NONE ramp_edge=34126779 ramp_lane=0 ramp_merge_completed=False ramp_merge_committed=False
obu-main-back-right-1  | [20.5] Main_Back_Right HOST_HOLD_YIELD: for merge=110 spd=4.88
obu-lead-car-1         | HOST_RESERVATION_HOLD: host=Lead_Car ramp=111 manoeuvre=127 remaining=2.2 own_speed=6.75 target_speed=6.27 ramp_fsm=NEGOTIATING ramp_lane_cmd_state=NONE ramp_edge=34126779 ramp_lane=0 ramp_merge_completed=False ramp_merge_committed=False
obu-lead-car-1         | [20.6] Lead_Car HOST_HOLD_YIELD: for merge=111 spd=6.27
obu-ramp-merge-3-1     | [20.5] Ramp_Merge_3 FINAL_GUARD: REJECTED slot-boundary ETA sid=105
obu-ramp-merge-3-1     | [20.5] Ramp_Merge_3 CAR_FOLLOW: sid=105 edge=34126779 lane=0 leader_edge= leader_lane=None leader_role_hint=main self_merge_completed=False self_merge_completed_age=-1.0 self_merge_committed=False lane_cmd_state=None lane_cmd_edge=None lane_cmd_target=None lane_cmd_executable=None same_lane=False reason=merge_conflict_eta gap=0.7 follow_spd=4.35 emergency=False target_before=6.140490841039303 target_after=5.890490841039303
obu-ramp-merge-4-1     | [20.5] Ramp_Merge_4 CAR_FOLLOW: sid=106 edge=34126779 lane=0 leader_edge= leader_lane=None leader_role_hint=main self_merge_completed=False self_merge_completed_age=-1.0 self_merge_committed=False lane_cmd_state=None lane_cmd_edge=None lane_cmd_target=None lane_cmd_executable=None same_lane=False reason=merge_conflict_eta gap=0.9 follow_spd=6.02 emergency=False target_before=6.375 target_after=6.155153097373209
obu-ramp-back-1        | [20.5] Ramp_Back MERGE_DECISION: auth=False phys=False fgok=True lgok=True hgok=True cok=True esok=True cready=False dtm=92.4 past=False committed=False hid=101 ra=None lclear=True hyok=False
obu-ramp-merge-2-1     | [20.6] Ramp_Merge_2 FINAL_GUARD: REJECTED slot-boundary sid=104 gap=3.8
obu-ramp-merge-2-1     | [20.6] Ramp_Merge_2 MERGE_DECISION: auth=False phys=True fgok=False lgok=False hgok=True cok=True esok=True cready=True dtm=7.5 past=False committed=False hid=105 ra=None lclear=False hyok=True
obu-ramp-merge-2-1     | [20.6] Ramp_Merge_2 CAR_FOLLOW: sid=104 edge=34126779 lane=0 leader_edge= leader_lane=None leader_role_hint=main self_merge_completed=False self_merge_completed_age=-1.0 self_merge_committed=False lane_cmd_state=None lane_cmd_edge=None lane_cmd_target=None lane_cmd_executable=None same_lane=False reason=merge_conflict_eta gap=0.3 follow_spd=4.12 emergency=False target_before=5.176302548385862 target_after=5.376302548385862
obu-main-mid-right-1   | [20.8] Main_Mid_Right role=cruise state=CRUISE->CRUISE speed=7.50 target=7.50 neighbors=11
obu-merge-car-1        | [20.8] Merge_Car role=cruise state=CRUISE->CRUISE speed=7.26 target=7.50 neighbors=11
obu-main-back-right-1  | HOST_RESERVATION_HOLD: host=Main_Back_Right ramp=110 manoeuvre=97 remaining=2.0 own_speed=5.75 target_speed=4.88 ramp_fsm=NEGOTIATING ramp_lane_cmd_state=NONE ramp_edge=34126779 ramp_lane=0 ramp_merge_completed=False ramp_merge_committed=False
obu-main-back-right-1  | [20.8] Main_Back_Right HOST_HOLD_YIELD: for merge=110 spd=4.88
obu-main-back-right-1  | [20.8] Main_Back_Right MCM_TX_ACCEPT: manoeuvre=97 target=110
obu-main-back-right-1  | [20.8] Main_Back_Right role=host state=YIELDING->YIELDING speed=5.75 target=4.88 neighbors=11
obu-ramp-merge-3-1     | [20.8] Ramp_Merge_3 FINAL_GUARD: REJECTED slot-boundary ETA sid=105
obu-ramp-merge-3-1     | [20.8] Ramp_Merge_3 CAR_FOLLOW: sid=105 edge=34126779 lane=0 leader_edge= leader_lane=None leader_role_hint=main self_merge_completed=False self_merge_completed_age=-1.0 self_merge_committed=False lane_cmd_state=None lane_cmd_edge=None lane_cmd_target=None lane_cmd_executable=None same_lane=False reason=merge_conflict_eta gap=1.0 follow_spd=4.12 emergency=False target_before=6.109162370666786 target_after=5.859162370666786
obu-ramp-merge-3-1     | [20.8] Ramp_Merge_3 role=merge state=NEGOTIATING->NEGOTIATING speed=6.11 target=5.86 neighbors=11
obu-ramp-merge-4-1     | [20.7] Ramp_Merge_4 CAR_FOLLOW: sid=106 edge=34126779 lane=0 leader_edge= leader_lane=None leader_role_hint=main self_merge_completed=False self_merge_completed_age=-1.0 self_merge_committed=False lane_cmd_state=None lane_cmd_edge=None lane_cmd_target=None lane_cmd_executable=None same_lane=False reason=merge_conflict_eta gap=0.8 follow_spd=5.89 emergency=False target_before=6.375 target_after=6.141300175504227
obu-ramp-merge-4-1     | [20.7] Ramp_Merge_4 role=merge state=NEGOTIATING->NEGOTIATING speed=6.39 target=6.14 neighbors=11
obu-ramp-back-1        | [20.7] Ramp_Back MCM_TX_REQUEST: manoeuvre=158 target=101
obu-ramp-back-1        | [20.7] Ramp_Back MERGE_DECISION: auth=False phys=False fgok=True lgok=True hgok=True cok=True esok=True cready=False dtm=91.8 past=False committed=False hid=101 ra=None lclear=True hyok=False
obu-ramp-back-1        | [20.7] Ramp_Back role=merge state=NEGOTIATING->NEGOTIATING speed=6.65 target=6.75 neighbors=11
obu-ramp-merge-2-1     | [20.8] Ramp_Merge_2 MCM_TX_REQUEST: manoeuvre=38 target=105
obu-ramp-merge-2-1     | [20.8] Ramp_Merge_2 FINAL_GUARD: REJECTED slot-boundary sid=104 gap=4.3
obu-ramp-merge-2-1     | [20.8] Ramp_Merge_2 MERGE_DECISION: auth=False phys=True fgok=False lgok=False hgok=True cok=True esok=True cready=True dtm=6.6 past=False committed=False hid=105 ra=None lclear=False hyok=True
obu-ramp-merge-2-1     | [20.8] Ramp_Merge_2 CAR_FOLLOW: sid=104 edge=34126779 lane=0 leader_edge= leader_lane=None leader_role_hint=main self_merge_completed=False self_merge_completed_age=-1.0 self_merge_committed=False lane_cmd_state=None lane_cmd_edge=None lane_cmd_target=None lane_cmd_executable=None same_lane=False reason=merge_conflict_eta gap=0.1 follow_spd=4.12 emergency=False target_before=5.157283681450602 target_after=5.357283681450602
obu-lead-car-1         | HOST_RESERVATION_HOLD: host=Lead_Car ramp=111 manoeuvre=127 remaining=2.0 own_speed=6.71 target_speed=6.27 ramp_fsm=NEGOTIATING ramp_lane_cmd_state=NONE ramp_edge=34126779 ramp_lane=0 ramp_merge_completed=False ramp_merge_committed=False
obu-lead-car-1         | [20.8] Lead_Car HOST_HOLD_YIELD: for merge=111 spd=6.27
obu-lead-car-1         | [20.8] Lead_Car MCM_TX_ACCEPT: manoeuvre=127 target=111
obu-lead-car-1         | [20.8] Lead_Car role=host state=YIELDING->YIELDING speed=6.71 target=6.27 neighbors=11
obu-ramp-merge-4-1     | [20.8] Ramp_Merge_4 CAR_FOLLOW: sid=106 edge=34126779 lane=0 leader_edge= leader_lane=None leader_role_hint=main self_merge_completed=False self_merge_completed_age=-1.0 self_merge_committed=False lane_cmd_state=None lane_cmd_edge=None lane_cmd_target=None lane_cmd_executable=None same_lane=False reason=merge_conflict_eta gap=0.7 follow_spd=5.83 emergency=False target_before=6.375 target_after=6.129492821597676
obu-ramp-back-1        | [20.9] Ramp_Back MERGE_DECISION: auth=False phys=False fgok=True lgok=True hgok=True cok=True esok=True cready=False dtm=91.2 past=False committed=False hid=101 ra=None lclear=True hyok=False
obu-ramp-merge-2-1     | [21.0] Ramp_Merge_2 FINAL_GUARD: REJECTED slot-boundary sid=104 gap=5.0
obu-ramp-merge-2-1     | [21.0] Ramp_Merge_2 MERGE_DECISION: auth=False phys=True fgok=False lgok=False hgok=True cok=True esok=True cready=True dtm=5.9 past=False committed=False hid=105 ra=None lclear=False hyok=True
obu-ramp-merge-2-1     | [21.1] Ramp_Merge_2 CAR_FOLLOW: sid=104 edge=34126779 lane=0 leader_edge= leader_lane=None leader_role_hint=main self_merge_completed=False self_merge_completed_age=-1.0 self_merge_committed=False lane_cmd_state=None lane_cmd_edge=None lane_cmd_target=None lane_cmd_executable=None same_lane=False reason=merge_conflict_eta gap=0.1 follow_spd=4.12 emergency=False target_before=5.125094884068592 target_after=5.3250948840685925
obu-ramp-merge-5-1     | [21.1] Ramp_Merge_5 CAR_FOLLOW: sid=110 edge=34126779 lane=0 leader_edge= leader_lane=None leader_role_hint=ramp self_merge_completed=False self_merge_completed_age=-1.0 self_merge_committed=False lane_cmd_state=None lane_cmd_edge=None lane_cmd_target=None lane_cmd_executable=None same_lane=True reason=same_lane_cam gap=5.7 follow_spd=2.62 emergency=False target_before=6.375 target_after=6.23104363689206
obu-lead-car-1         | HOST_RESERVATION_HOLD: host=Lead_Car ramp=111 manoeuvre=127 remaining=1.6 own_speed=6.63 target_speed=6.27 ramp_fsm=NEGOTIATING ramp_lane_cmd_state=NONE ramp_edge=34126779 ramp_lane=0 ramp_merge_completed=False ramp_merge_committed=False
obu-lead-car-1         | [21.2] Lead_Car HOST_HOLD_YIELD: for merge=111 spd=6.27
obu-lead-car-1         | [21.2] Lead_Car MCM_TX_ACCEPT: manoeuvre=127 target=111
obu-ramp-merge-4-1     | [21.1] Ramp_Merge_4 CAR_FOLLOW: sid=106 edge=34126779 lane=0 leader_edge= leader_lane=None leader_role_hint=main self_merge_completed=False self_merge_completed_age=-1.0 self_merge_committed=False lane_cmd_state=None lane_cmd_edge=None lane_cmd_target=None lane_cmd_executable=None same_lane=False reason=merge_conflict_eta gap=0.5 follow_spd=5.64 emergency=False target_before=6.346145708547936 target_after=6.096145708547936
obu-main-back-left-1   | [21.2] Main_Back_Left MCM_RX_REQUEST: from=108 manoeuvre=38 target=105
obu-main-front-left-1  | [21.2] Main_Front_Left role=cruise state=CRUISE->CRUISE speed=6.88 target=7.50 neighbors=11
obu-lead-car-1         | [21.2] Lead_Car MCM_RX_REQUEST: from=112 manoeuvre=158 target=101
obu-main-back-left-1   | [21.2] Main_Back_Left MCM_RX_REQUEST: from=108 manoeuvre=38 target=105
obu-ramp-merge-5-1     | [21.2] Ramp_Merge_5 MCM_RX_ACCEPT: from=101 manoeuvre=127 target=111
obu-lead-car-1         | [21.2] Lead_Car MCM_RX_REQUEST: from=112 manoeuvre=158 target=101
obu-ramp-merge-5-1     | [21.2] Ramp_Merge_5 MCM_RX_ACCEPT: from=101 manoeuvre=127 target=111
obu-ramp-merge-4-1     | [21.2] Ramp_Merge_4 MCM_RX_ACCEPT: from=106 manoeuvre=97 target=110
obu-ramp-merge-4-1     | [21.2] Ramp_Merge_4 MCM_RX_ACCEPT: from=106 manoeuvre=97 target=110
obu-ramp-merge-5-1     | [21.2] Ramp_Merge_5 MCM_RX_ACCEPT: from=101 manoeuvre=127 target=111
obu-main-back-right-1  | [21.2] Main_Back_Right MCM_RX_REQUEST: from=110 manoeuvre=97 target=106
obu-host-car-1         | [21.2] Host_Car role=lead state=CRUISE->CRUISE speed=6.93 target=7.50 neighbors=11
obu-ramp-back-1        | [21.1] Ramp_Back MCM_TX_REQUEST: manoeuvre=158 target=101
obu-ramp-back-1        | [21.1] Ramp_Back MERGE_DECISION: auth=False phys=False fgok=True lgok=True hgok=True cok=True esok=True cready=False dtm=90.6 past=False committed=False hid=101 ra=None lclear=True hyok=False
obu-main-back-left-1   | HOST_RESERVATION_START: host=Main_Back_Left ramp=108 manoeuvre=38 until=25.2 own_speed=6.65 target_speed=4.88 required_speed=4.88 gap_eta=2.50
obu-main-back-left-1   | [21.2] Main_Back_Left HOST_RESERVED: merge=108 manoeuvre=38 until=25.2 target_spd=4.88
obu-main-back-left-1   | [21.2] Main_Back_Left HOST_YIELD: for merge=108 req_spd=4.88
obu-main-back-left-1   | [21.2] Main_Back_Left MCM_TX_ACCEPT: manoeuvre=38 target=108
obu-main-back-right-1  | HOST_RESERVATION_HOLD: host=Main_Back_Right ramp=110 manoeuvre=97 remaining=1.6 own_speed=5.59 target_speed=4.88 ramp_fsm=NEGOTIATING ramp_lane_cmd_state=NONE ramp_edge=34126779 ramp_lane=0 ramp_merge_completed=False ramp_merge_committed=False
obu-main-back-right-1  | [21.2] Main_Back_Right HOST_HOLD_YIELD: for merge=110 spd=4.88
obu-main-back-right-1  | [21.2] Main_Back_Right MCM_TX_ACCEPT: manoeuvre=97 target=110
obu-ramp-merge-2-1     | [21.2] Ramp_Merge_2 MCM_TX_REQUEST: manoeuvre=38 target=105
obu-ramp-merge-2-1     | [21.2] Ramp_Merge_2 FINAL_GUARD: REJECTED slot-boundary sid=104 gap=5.8
obu-ramp-merge-2-1     | [21.2] Ramp_Merge_2 MERGE_DECISION: auth=False phys=True fgok=False lgok=False hgok=True cok=True esok=True cready=True dtm=5.3 past=False committed=False hid=105 ra=None lclear=False hyok=False
obu-ramp-merge-2-1     | [21.2] Ramp_Merge_2 CAR_FOLLOW: sid=104 edge=34126779 lane=0 leader_edge= leader_lane=None leader_role_hint=main self_merge_completed=False self_merge_completed_age=-1.0 self_merge_committed=False lane_cmd_state=None lane_cmd_edge=None lane_cmd_target=None lane_cmd_executable=None same_lane=False reason=merge_conflict_eta gap=0.1 follow_spd=4.12 emergency=False target_before=5.114204323937693 target_after=5.314204323937693
obu-ramp-merge-3-1     | [21.2] Ramp_Merge_3 FINAL_GUARD: REJECTED slot-boundary ETA sid=105
obu-ramp-merge-3-1     | [21.2] Ramp_Merge_3 CAR_FOLLOW: sid=105 edge=34126779 lane=0 leader_edge= leader_lane=None leader_role_hint=main self_merge_completed=False self_merge_completed_age=-1.0 self_merge_committed=False lane_cmd_state=None lane_cmd_edge=None lane_cmd_target=None lane_cmd_executable=None same_lane=False reason=merge_conflict_eta gap=0.6 follow_spd=5.12 emergency=False target_before=6.064131945531067 target_after=5.814131945531067
obu-main-back-left-1   | HOST_RESERVATION_HOLD: host=Main_Back_Left ramp=108 manoeuvre=38 remaining=3.9 own_speed=6.70 target_speed=4.88 ramp_fsm=YIELDING ramp_lane_cmd_state=NONE ramp_edge=34126779 ramp_lane=0 ramp_merge_completed=False ramp_merge_committed=False
obu-main-back-left-1   | [21.3] Main_Back_Left HOST_HOLD_YIELD: for merge=108 spd=4.88
obu-main-back-right-1  | HOST_RESERVATION_HOLD: host=Main_Back_Right ramp=110 manoeuvre=97 remaining=1.5 own_speed=5.56 target_speed=4.88 ramp_fsm=NEGOTIATING ramp_lane_cmd_state=NONE ramp_edge=34126779 ramp_lane=0 ramp_merge_completed=False ramp_merge_committed=False
obu-main-back-right-1  | [21.3] Main_Back_Right HOST_HOLD_YIELD: for merge=110 spd=4.88
obu-ramp-merge-2-1     | [21.3] Ramp_Merge_2 FINAL_GUARD: REJECTED slot-boundary sid=104 gap=6.3
obu-ramp-merge-2-1     | [21.3] Ramp_Merge_2 MERGE_DECISION: auth=False phys=True fgok=False lgok=False hgok=True cok=True esok=True cready=True dtm=5.1 past=False committed=False hid=105 ra=None lclear=False hyok=False
obu-ramp-merge-2-1     | [21.3] Ramp_Merge_2 CAR_FOLLOW: sid=104 edge=:390064918_0 lane=0 leader_edge= leader_lane=None leader_role_hint=main self_merge_completed=False self_merge_completed_age=-1.0 self_merge_committed=False lane_cmd_state=None lane_cmd_edge=None lane_cmd_target=None lane_cmd_executable=None same_lane=False reason=merge_conflict_eta gap=0.1 follow_spd=4.12 emergency=False target_before=5.103858291813338 target_after=5.303858291813338
obu-ramp-merge-3-1     | [21.3] Ramp_Merge_3 FINAL_GUARD: REJECTED slot-boundary sid=105 gap=9.9
obu-ramp-merge-3-1     | [21.3] Ramp_Merge_3 CAR_FOLLOW: sid=105 edge=34126779 lane=0 leader_edge= leader_lane=None leader_role_hint=main self_merge_completed=False self_merge_completed_age=-1.0 self_merge_committed=False lane_cmd_state=None lane_cmd_edge=None lane_cmd_target=None lane_cmd_executable=None same_lane=False reason=merge_conflict_eta gap=0.8 follow_spd=5.27 emergency=False target_before=6.053883466787854 target_after=5.803883466787854
obu-main-back-left-1   | HOST_RESERVATION_HOLD: host=Main_Back_Left ramp=108 manoeuvre=38 remaining=3.7 own_speed=6.77 target_speed=4.88 ramp_fsm=YIELDING ramp_lane_cmd_state=NONE ramp_edge=34126779 ramp_lane=0 ramp_merge_completed=False ramp_merge_committed=False
obu-main-back-left-1   | [21.5] Main_Back_Left HOST_HOLD_YIELD: for merge=108 spd=4.88
obu-main-back-right-1  | HOST_RESERVATION_HOLD: host=Main_Back_Right ramp=110 manoeuvre=97 remaining=1.3 own_speed=5.49 target_speed=4.88 ramp_fsm=NEGOTIATING ramp_lane_cmd_state=NONE ramp_edge=34126779 ramp_lane=0 ramp_merge_completed=False ramp_merge_committed=False
obu-main-back-right-1  | [21.5] Main_Back_Right HOST_HOLD_YIELD: for merge=110 spd=4.88
obu-main-back-left-1   | [21.5] Main_Back_Left MCM_TX_ACCEPT: manoeuvre=38 target=108
obu-main-back-left-1   | [21.5] Main_Back_Left role=host state=YIELDING->YIELDING speed=6.77 target=4.88 neighbors=9
obu-main-back-right-1  | [21.5] Main_Back_Right MCM_TX_ACCEPT: manoeuvre=97 target=110
obu-main-back-left-1   | [21.7] Main_Back_Left MCM_RX_REQUEST: from=108 manoeuvre=38 target=105
obu-ramp-merge-4-1     | [21.7] Ramp_Merge_4 MCM_RX_ACCEPT: from=106 manoeuvre=97 target=110
obu-ramp-merge-4-1     | [21.7] Ramp_Merge_4 MCM_RX_ACCEPT: from=106 manoeuvre=97 target=110
obu-lead-car-1         | [21.8] Lead_Car MCM_RX_REQUEST: from=112 manoeuvre=158 target=101
obu-ramp-merge-2-1     | [21.7] Ramp_Merge_2 MCM_RX_ACCEPT: from=105 manoeuvre=38 target=108
obu-ramp-merge-2-1     | [21.7] Ramp_Merge_2 MCM_RX_ACCEPT: from=105 manoeuvre=38 target=108
obu-ramp-back-1        | [21.7] Ramp_Back MCM_TX_REQUEST: manoeuvre=158 target=101
obu-ramp-back-1        | [21.7] Ramp_Back MERGE_DECISION: auth=False phys=False fgok=True lgok=True hgok=True cok=True esok=True cready=False dtm=88.4 past=False committed=False hid=101 ra=None lclear=True hyok=False
obu-ramp-back-1        | [21.7] Ramp_Back role=merge state=NEGOTIATING->NEGOTIATING speed=6.68 target=6.75 neighbors=11
obu-main-back-left-1   | HOST_RESERVATION_HOLD: host=Main_Back_Left ramp=108 manoeuvre=38 remaining=3.5 own_speed=6.59 target_speed=4.88 ramp_fsm=YIELDING ramp_lane_cmd_state=NONE ramp_edge=34126779 ramp_lane=0 ramp_merge_completed=False ramp_merge_committed=False
obu-main-back-left-1   | [21.7] Main_Back_Left HOST_HOLD_YIELD: for merge=108 spd=4.88
obu-ramp-merge-5-1     | [21.7] Ramp_Merge_5 role=merge state=NEGOTIATING->NEGOTIATING speed=6.43 target=6.38 neighbors=11
obu-main-back-right-1  | HOST_RESERVATION_HOLD: host=Main_Back_Right ramp=110 manoeuvre=97 remaining=1.1 own_speed=5.43 target_speed=4.88 ramp_fsm=NEGOTIATING ramp_lane_cmd_state=NONE ramp_edge=34126779 ramp_lane=0 ramp_merge_completed=False ramp_merge_committed=False
obu-main-back-right-1  | [21.7] Main_Back_Right HOST_HOLD_YIELD: for merge=110 spd=4.88
obu-lead-car-1         | HOST_RESERVATION_HOLD: host=Lead_Car ramp=111 manoeuvre=127 remaining=1.0 own_speed=6.53 target_speed=6.27 ramp_fsm=NEGOTIATING ramp_lane_cmd_state=NONE ramp_edge=34126779 ramp_lane=0 ramp_merge_completed=False ramp_merge_committed=False
obu-lead-car-1         | [21.8] Lead_Car HOST_HOLD_YIELD: for merge=111 spd=6.27
obu-lead-car-1         | [21.8] Lead_Car MCM_TX_REJECT: manoeuvre=158 target=112
obu-lead-car-1         | [21.8] Lead_Car MCM_TX_ACCEPT: manoeuvre=127 target=111
obu-lead-car-1         | [21.8] Lead_Car role=host state=YIELDING->YIELDING speed=6.53 target=6.27 neighbors=11
obu-ramp-merge-3-1     | [21.7] Ramp_Merge_3 FINAL_GUARD: REJECTED slot-boundary sid=105 gap=8.5
obu-ramp-merge-2-1     | [21.7] Ramp_Merge_2 MCM_TX_REQUEST: manoeuvre=38 target=105
obu-ramp-merge-2-1     | MERGE_ATTEMPT_TIMELINE: vehicle=Ramp_Merge_2 manoeuvre=38 host=105 lead=104 event=ACCEPT_MATCHED t=21.7 edge=:390064918_0 lane=0 lane_cmd_state=NONE speed=5.51 target=6.75 dtm=4.9 lead_gap=0.00 host_gap=17.65 lead_gap_t1=0.00 lead_gap_t2=0.00 lead_gap_t3=0.00 host_gap_t1=16.16 host_gap_t2=14.67 host_gap_t3=13.18
obu-ramp-merge-2-1     | [21.7] Ramp_Merge_2 MCM_ACCEPT_MATCHED: host=105 manoeuvre=38
obu-ramp-merge-4-1     | [21.7] Ramp_Merge_4 CAR_FOLLOW: sid=106 edge=34126779 lane=0 leader_edge= leader_lane=None leader_role_hint=main self_merge_completed=False self_merge_completed_age=-1.0 self_merge_committed=False lane_cmd_state=None lane_cmd_edge=None lane_cmd_target=None lane_cmd_executable=None same_lane=False reason=merge_conflict_eta gap=0.1 follow_spd=5.20 emergency=False target_before=6.282566920824036 target_after=6.032566920824036
obu-ramp-merge-2-1     | [21.7] Ramp_Merge_2 FINAL_GUARD: REJECTED slot-boundary sid=104 gap=3.3
obu-ramp-merge-4-1     | [21.7] Ramp_Merge_4 role=merge state=NEGOTIATING->NEGOTIATING speed=6.28 target=6.03 neighbors=11
obu-ramp-merge-2-1     | [21.7] Ramp_Merge_2 role=merge state=YIELDING->NEGOTIATING speed=5.51 target=5.51 neighbors=11
obu-lead-car-1         | [21.9] Lead_Car MCM_RX_REQUEST: from=112 manoeuvre=158 target=101
obu-ramp-back-1        | [21.8] Ramp_Back MERGE_DECISION: auth=False phys=False fgok=True lgok=True hgok=True cok=True esok=True cready=False dtm=88.0 past=False committed=False hid=101 ra=None lclear=True hyok=False
obu-ramp-back-1        | [21.8] Ramp_Back MCM_RX_REJECT: from=101 manoeuvre=158 target=112
obu-main-mid-right-1   | [21.9] Main_Mid_Right role=cruise state=CRUISE->CRUISE speed=7.50 target=7.50 neighbors=11
obu-main-back-left-1   | HOST_RESERVATION_HOLD: host=Main_Back_Left ramp=108 manoeuvre=38 remaining=3.3 own_speed=6.42 target_speed=4.88 ramp_fsm=YIELDING ramp_lane_cmd_state=NONE ramp_edge=34126779 ramp_lane=0 ramp_merge_completed=False ramp_merge_committed=False
obu-main-back-left-1   | [21.9] Main_Back_Left HOST_HOLD_YIELD: for merge=108 spd=4.88
obu-main-back-right-1  | HOST_RESERVATION_HOLD: host=Main_Back_Right ramp=110 manoeuvre=97 remaining=0.9 own_speed=5.38 target_speed=4.88 ramp_fsm=NEGOTIATING ramp_lane_cmd_state=NONE ramp_edge=34126779 ramp_lane=0 ramp_merge_completed=False ramp_merge_committed=False
obu-main-back-right-1  | [21.9] Main_Back_Right HOST_HOLD_YIELD: for merge=110 spd=4.88
obu-main-back-left-1   | [21.9] Main_Back_Left MCM_TX_ACCEPT: manoeuvre=38 target=108
obu-main-back-right-1  | [21.9] Main_Back_Right MCM_TX_ACCEPT: manoeuvre=97 target=110
obu-main-back-right-1  | [21.9] Main_Back_Right role=host state=YIELDING->YIELDING speed=5.38 target=4.88 neighbors=11
obu-ramp-merge-2-1     | [21.8] Ramp_Merge_2 FINAL_GUARD: REJECTED slot-boundary sid=104 gap=3.2
obu-main-back-left-1   | [21.9] Main_Back_Left MCM_RX_REQUEST: from=108 manoeuvre=38 target=105
obu-ramp-merge-3-1     | [21.8] Ramp_Merge_3 FINAL_GUARD: REJECTED slot-boundary sid=105 gap=8.7
obu-ramp-merge-5-1     | [21.8] Ramp_Merge_5 MCM_RX_ACCEPT: from=101 manoeuvre=127 target=111
obu-ramp-merge-3-1     | [21.8] Ramp_Merge_3 CAR_FOLLOW: sid=105 edge=34126779 lane=0 leader_edge= leader_lane=None leader_role_hint=main self_merge_completed=False self_merge_completed_age=-1.0 self_merge_committed=False lane_cmd_state=None lane_cmd_edge=None lane_cmd_target=None lane_cmd_executable=None same_lane=False reason=merge_conflict_eta gap=1.1 follow_spd=5.45 emergency=False target_before=6.000481753874392 target_after=5.750481753874392
obu-ramp-merge-3-1     | [21.8] Ramp_Merge_3 role=merge state=NEGOTIATING->NEGOTIATING speed=6.00 target=5.75 neighbors=11
obu-ramp-merge-4-1     | [21.8] Ramp_Merge_4 CAR_FOLLOW: sid=106 edge=34126779 lane=0 leader_edge= leader_lane=None leader_role_hint=main self_merge_completed=False self_merge_completed_age=-1.0 self_merge_committed=False lane_cmd_state=None lane_cmd_edge=None lane_cmd_target=None lane_cmd_executable=None same_lane=False reason=merge_conflict_eta gap=0.1 follow_spd=5.20 emergency=False target_before=6.273245860210231 target_after=6.023245860210231
obu-ramp-back-1        | [22.0] Ramp_Back MCM_TX_REQUEST: manoeuvre=158 target=101
obu-ramp-back-1        | [22.0] Ramp_Back MCM_REJECT: host=101 manoeuvre=158
obu-main-back-left-1   | HOST_RESERVATION_HOLD: host=Main_Back_Left ramp=108 manoeuvre=38 remaining=3.2 own_speed=6.34 target_speed=4.88 ramp_fsm=NEGOTIATING ramp_lane_cmd_state=NONE ramp_edge=:390064918_0 ramp_lane=0 ramp_merge_completed=False ramp_merge_committed=False
obu-main-back-left-1   | [22.0] Main_Back_Left HOST_HOLD_YIELD: for merge=108 spd=4.88
obu-main-back-right-1  | HOST_RESERVATION_HOLD: host=Main_Back_Right ramp=110 manoeuvre=97 remaining=0.8 own_speed=5.35 target_speed=4.88 ramp_fsm=NEGOTIATING ramp_lane_cmd_state=NONE ramp_edge=34126779 ramp_lane=0 ramp_merge_completed=False ramp_merge_committed=False
obu-main-back-right-1  | [22.0] Main_Back_Right HOST_HOLD_YIELD: for merge=110 spd=4.88
obu-ramp-merge-2-1     | [22.0] Ramp_Merge_2 FINAL_GUARD: REJECTED slot-boundary sid=104 gap=3.2
obu-ramp-merge-3-1     | [22.0] Ramp_Merge_3 FINAL_GUARD: REJECTED slot-boundary sid=105 gap=7.9
obu-ramp-merge-3-1     | [22.0] Ramp_Merge_3 CAR_FOLLOW: sid=105 edge=34126779 lane=0 leader_edge= leader_lane=None leader_role_hint=main self_merge_completed=False self_merge_completed_age=-1.0 self_merge_committed=False lane_cmd_state=None lane_cmd_edge=None lane_cmd_target=None lane_cmd_executable=None same_lane=False reason=merge_conflict_eta gap=0.9 follow_spd=5.19 emergency=False target_before=5.991660699151167 target_after=5.741660699151167
obu-ramp-merge-4-1     | [22.2] Ramp_Merge_4 FINAL_GUARD: REJECTED slot-boundary ETA sid=106
obu-ramp-merge-4-1     | [22.2] Ramp_Merge_4 CAR_FOLLOW: sid=106 edge=34126779 lane=0 leader_edge= leader_lane=None leader_role_hint=main self_merge_completed=False self_merge_completed_age=-1.0 self_merge_committed=False lane_cmd_state=None lane_cmd_edge=None lane_cmd_target=None lane_cmd_executable=None same_lane=False reason=merge_conflict_eta gap=0.4 follow_spd=4.94 emergency=False target_before=6.233729904119053 target_after=5.983729904119053
obu-host-car-1         | [22.2] Host_Car role=host state=CRUISE->CRUISE speed=7.16 target=7.50 neighbors=11
obu-ramp-back-1        | [22.1] Ramp_Back MERGE_DECISION: auth=False phys=False fgok=True lgok=True hgok=True cok=True esok=True cready=False dtm=87.0 past=False committed=False hid=101 ra=None lclear=True hyok=False
obu-main-back-left-1   | HOST_RESERVATION_HOLD: host=Main_Back_Left ramp=108 manoeuvre=38 remaining=3.1 own_speed=6.27 target_speed=4.88 ramp_fsm=NEGOTIATING ramp_lane_cmd_state=NONE ramp_edge=:390064918_0 ramp_lane=0 ramp_merge_completed=False ramp_merge_committed=False
obu-main-back-left-1   | [22.1] Main_Back_Left HOST_HOLD_YIELD: for merge=108 spd=4.88
obu-main-back-right-1  | HOST_RESERVATION_HOLD: host=Main_Back_Right ramp=110 manoeuvre=97 remaining=0.6 own_speed=5.30 target_speed=4.88 ramp_fsm=NEGOTIATING ramp_lane_cmd_state=NONE ramp_edge=34126779 ramp_lane=0 ramp_merge_completed=False ramp_merge_committed=False
obu-main-back-right-1  | [22.2] Main_Back_Right HOST_HOLD_YIELD: for merge=110 spd=4.88
obu-main-back-right-1  | [22.2] Main_Back_Right MCM_TX_ACCEPT: manoeuvre=97 target=110
obu-ramp-merge-2-1     | [22.3] Ramp_Merge_2 FINAL_GUARD: REJECTED slot-boundary sid=104 gap=3.4
obu-ramp-merge-3-1     | [22.3] Ramp_Merge_3 FINAL_GUARD: REJECTED slot-boundary sid=105 gap=7.1
obu-ramp-merge-3-1     | [22.3] Ramp_Merge_3 CAR_FOLLOW: sid=105 edge=34126779 lane=0 leader_edge= leader_lane=None leader_role_hint=main self_merge_completed=False self_merge_completed_age=-1.0 self_merge_committed=False lane_cmd_state=None lane_cmd_edge=None lane_cmd_target=None lane_cmd_executable=None same_lane=False reason=merge_conflict_eta gap=0.6 follow_spd=4.80 emergency=False target_before=5.9690107230128975 target_after=5.7190107230128975
obu-merge-car-1        | [22.4] Merge_Car role=cruise state=CRUISE->CRUISE speed=7.39 target=7.50 neighbors=11
obu-ramp-back-1        | [22.4] Ramp_Back MERGE_DECISION: auth=False phys=False fgok=True lgok=True hgok=True cok=True esok=True cready=False dtm=85.9 past=False committed=False hid=101 ra=None lclear=True hyok=False
obu-main-back-left-1   | HOST_RESERVATION_HOLD: host=Main_Back_Left ramp=108 manoeuvre=38 remaining=2.8 own_speed=6.07 target_speed=4.88 ramp_fsm=NEGOTIATING ramp_lane_cmd_state=NONE ramp_edge=1331698336 ramp_lane=0 ramp_merge_completed=False ramp_merge_committed=False
obu-main-back-left-1   | [22.4] Main_Back_Left HOST_HOLD_YIELD: for merge=108 spd=4.88
obu-main-back-left-1   | [22.4] Main_Back_Left MCM_TX_ACCEPT: manoeuvre=38 target=108
obu-main-back-right-1  | HOST_RESERVATION_HOLD: host=Main_Back_Right ramp=110 manoeuvre=97 remaining=0.4 own_speed=5.26 target_speed=4.88 ramp_fsm=NEGOTIATING ramp_lane_cmd_state=NONE ramp_edge=34126779 ramp_lane=0 ramp_merge_completed=False ramp_merge_committed=False
obu-main-back-right-1  | [22.4] Main_Back_Right HOST_HOLD_YIELD: for merge=110 spd=4.88
obu-lead-car-1         | [22.7] Lead_Car MCM_RX_REQUEST: from=112 manoeuvre=158 target=101
obu-ramp-merge-4-1     | [22.6] Ramp_Merge_4 MCM_RX_ACCEPT: from=106 manoeuvre=97 target=110
obu-ramp-merge-4-1     | [22.6] Ramp_Merge_4 MCM_RX_ACCEPT: from=106 manoeuvre=97 target=110
obu-ramp-merge-2-1     | [22.6] Ramp_Merge_2 MCM_RX_ACCEPT: from=105 manoeuvre=38 target=108
obu-ramp-merge-2-1     | [22.6] Ramp_Merge_2 MCM_RX_ACCEPT: from=105 manoeuvre=38 target=108
obu-ramp-back-1        | [22.6] Ramp_Back MERGE_DECISION: auth=False phys=False fgok=True lgok=True hgok=True cok=True esok=True cready=False dtm=85.1 past=False committed=False hid=101 ra=None lclear=True hyok=False
obu-lead-car-1         | HOST_RESERVATION_HOLD: host=Lead_Car ramp=111 manoeuvre=127 remaining=0.1 own_speed=6.44 target_speed=6.27 ramp_fsm=NEGOTIATING ramp_lane_cmd_state=NONE ramp_edge=34126779 ramp_lane=0 ramp_merge_completed=False ramp_merge_committed=False
obu-lead-car-1         | [22.7] Lead_Car HOST_HOLD_YIELD: for merge=111 spd=6.27
obu-lead-car-1         | [22.7] Lead_Car MCM_TX_REJECT: manoeuvre=158 target=112
obu-lead-car-1         | [22.7] Lead_Car MCM_TX_ACCEPT: manoeuvre=127 target=111
obu-main-back-left-1   | HOST_RESERVATION_HOLD: host=Main_Back_Left ramp=108 manoeuvre=38 remaining=2.6 own_speed=5.95 target_speed=4.88 ramp_fsm=NEGOTIATING ramp_lane_cmd_state=NONE ramp_edge=1331698336 ramp_lane=0 ramp_merge_completed=False ramp_merge_committed=False
obu-main-back-left-1   | [22.6] Main_Back_Left HOST_HOLD_YIELD: for merge=108 spd=4.88
obu-main-back-left-1   | [22.6] Main_Back_Left role=host state=YIELDING->YIELDING speed=5.95 target=4.88 neighbors=11
obu-main-back-right-1  | HOST_RESERVATION_HOLD: host=Main_Back_Right ramp=110 manoeuvre=97 remaining=0.2 own_speed=5.22 target_speed=4.88 ramp_fsm=NEGOTIATING ramp_lane_cmd_state=NONE ramp_edge=34126779 ramp_lane=0 ramp_merge_completed=False ramp_merge_committed=False
obu-main-back-right-1  | [22.6] Main_Back_Right HOST_HOLD_YIELD: for merge=110 spd=4.88
obu-ramp-merge-2-1     | [22.6] Ramp_Merge_2 FINAL_GUARD: REJECTED slot-boundary sid=104 gap=3.3
obu-ramp-merge-2-1     | [22.6] Ramp_Merge_2 CAR_FOLLOW: sid=105 edge=1331698336 lane=0 leader_edge= leader_lane=None leader_role_hint=main self_merge_completed=False self_merge_completed_age=-1.0 self_merge_committed=False lane_cmd_state=None lane_cmd_edge=None lane_cmd_target=None lane_cmd_executable=None same_lane=False reason=merge_conflict_eta gap=1.3 follow_spd=4.12 emergency=False target_before=5.483356999827992 target_after=5.233356999827992
obu-main-back-right-1  | [22.6] Main_Back_Right MCM_TX_ACCEPT: manoeuvre=97 target=110
obu-ramp-merge-3-1     | [22.6] Ramp_Merge_3 FINAL_GUARD: REJECTED slot-boundary sid=105 gap=6.9
obu-ramp-merge-3-1     | [22.6] Ramp_Merge_3 CAR_FOLLOW: sid=105 edge=34126779 lane=0 leader_edge= leader_lane=None leader_role_hint=main self_merge_completed=False self_merge_completed_age=-1.0 self_merge_committed=False lane_cmd_state=None lane_cmd_edge=None lane_cmd_target=None lane_cmd_executable=None same_lane=False reason=merge_conflict_eta gap=0.8 follow_spd=4.91 emergency=False target_before=5.935452427052704 target_after=5.685452427052704
obu-ramp-merge-4-1     | [22.6] Ramp_Merge_4 FINAL_GUARD: REJECTED slot-boundary ETA sid=106
obu-main-front-left-1  | [22.7] Main_Front_Left role=cruise state=CRUISE->CRUISE speed=6.71 target=7.50 neighbors=11
obu-lead-car-1         | HOST_RELEASE_BEFORE_CLEAR: host=Lead_Car ramp=111 manoeuvre=127 reason=timeout ramp_fsm=NEGOTIATING ramp_lane_cmd_state=NONE ramp_edge=34126779 ramp_lane=0 ramp_merge_completed=False ramp_merge_committed=False
obu-lead-car-1         | HOST_RESERVATION_START: host=Lead_Car ramp=112 manoeuvre=158 until=26.8 own_speed=6.43 target_speed=6.43 required_speed=6.43 gap_eta=7.92
obu-lead-car-1         | [22.8] Lead_Car HOST_RESERVED: merge=112 manoeuvre=158 until=26.8 target_spd=6.43
obu-lead-car-1         | [22.8] Lead_Car role=host state=YIELDING->CRUISE speed=6.43 target=7.50 neighbors=11
obu-lead-car-1         | HOST_RESERVATION_HOLD: host=Lead_Car ramp=112 manoeuvre=158 remaining=3.8 own_speed=6.41 target_speed=6.43 ramp_fsm=NEGOTIATING ramp_lane_cmd_state=NONE ramp_edge=34126779 ramp_lane=0 ramp_merge_completed=False ramp_merge_committed=False
obu-lead-car-1         | [23.0] Lead_Car HOST_HOLD_YIELD: for merge=112 spd=6.43
obu-main-back-left-1   | HOST_RESERVATION_HOLD: host=Main_Back_Left ramp=108 manoeuvre=38 remaining=2.3 own_speed=5.80 target_speed=4.88 ramp_fsm=NEGOTIATING ramp_lane_cmd_state=NONE ramp_edge=1331698336 ramp_lane=0 ramp_merge_completed=False ramp_merge_committed=False
obu-main-back-left-1   | [22.9] Main_Back_Left HOST_HOLD_YIELD: for merge=108 spd=4.88
obu-main-back-left-1   | [22.9] Main_Back_Left MCM_TX_ACCEPT: manoeuvre=38 target=108
obu-lead-car-1         | [23.0] Lead_Car MCM_TX_ACCEPT: manoeuvre=158 target=112
obu-ramp-merge-5-1     | [22.8] Ramp_Merge_5 role=merge state=NEGOTIATING->NEGOTIATING speed=6.40 target=6.38 neighbors=11
obu-ramp-merge-5-1     | [23.1] Ramp_Merge_5 MCM_RX_ACCEPT: from=101 manoeuvre=127 target=111
obu-ramp-back-1        | [23.1] Ramp_Back MCM_RX_REJECT: from=101 manoeuvre=158 target=112
obu-ramp-merge-2-1     | [23.1] Ramp_Merge_2 MCM_RX_ACCEPT: from=105 manoeuvre=38 target=108
obu-ramp-merge-4-1     | [23.1] Ramp_Merge_4 MCM_RX_ACCEPT: from=106 manoeuvre=97 target=110
obu-ramp-back-1        | [23.1] Ramp_Back MCM_RX_ACCEPT: from=101 manoeuvre=158 target=112
obu-host-car-1         | [23.2] Host_Car role=cruise state=CRUISE->CRUISE speed=7.29 target=7.50 neighbors=11
obu-ramp-back-1        | [23.1] Ramp_Back MERGE_DECISION: auth=False phys=False fgok=True lgok=True hgok=True cok=True esok=True cready=False dtm=82.8 past=False committed=False hid=101 ra=None lclear=True hyok=True
obu-ramp-back-1        | [23.1] Ramp_Back role=merge state=NEGOTIATING->NEGOTIATING speed=6.71 target=6.75 neighbors=11
obu-main-mid-right-1   | [23.1] Main_Mid_Right role=cruise state=CRUISE->CRUISE speed=7.50 target=7.50 neighbors=11
obu-lead-car-1         | HOST_RESERVATION_HOLD: host=Lead_Car ramp=112 manoeuvre=158 remaining=3.6 own_speed=6.46 target_speed=6.43 ramp_fsm=NEGOTIATING ramp_lane_cmd_state=NONE ramp_edge=34126779 ramp_lane=0 ramp_merge_completed=False ramp_merge_committed=False
obu-lead-car-1         | [23.2] Lead_Car HOST_HOLD_YIELD: for merge=112 spd=6.43
obu-ramp-merge-2-1     | [23.1] Ramp_Merge_2 FINAL_GUARD: REJECTED slot-boundary sid=104 gap=3.3
obu-main-back-right-1  | HOST_RELEASE_BEFORE_CLEAR: host=Main_Back_Right ramp=110 manoeuvre=97 reason=timeout ramp_fsm=NEGOTIATING ramp_lane_cmd_state=NONE ramp_edge=34126779 ramp_lane=0 ramp_merge_completed=False ramp_merge_committed=False
obu-main-back-right-1  | [23.1] Main_Back_Right role=host state=YIELDING->CRUISE speed=5.15 target=7.50 neighbors=11
obu-main-back-left-1   | HOST_RESERVATION_HOLD: host=Main_Back_Left ramp=108 manoeuvre=38 remaining=2.1 own_speed=5.71 target_speed=4.88 ramp_fsm=NEGOTIATING ramp_lane_cmd_state=NONE ramp_edge=1331698336 ramp_lane=0 ramp_merge_completed=False ramp_merge_committed=False
obu-main-back-left-1   | [23.1] Main_Back_Left HOST_HOLD_YIELD: for merge=108 spd=4.88
obu-ramp-merge-2-1     | [23.1] Ramp_Merge_2 CAR_FOLLOW: sid=105 edge=1331698336 lane=0 leader_edge= leader_lane=None leader_role_hint=main self_merge_completed=False self_merge_completed_age=-1.0 self_merge_committed=False lane_cmd_state=None lane_cmd_edge=None lane_cmd_target=None lane_cmd_executable=None same_lane=False reason=merge_conflict_eta gap=0.4 follow_spd=4.12 emergency=False target_before=5.447725418502709 target_after=5.197725418502709
obu-ramp-merge-2-1     | [23.1] Ramp_Merge_2 role=merge state=NEGOTIATING->NEGOTIATING speed=5.45 target=5.20 neighbors=11
obu-ramp-merge-3-1     | [23.1] Ramp_Merge_3 FINAL_GUARD: REJECTED slot-boundary sid=105 gap=5.4
obu-ramp-merge-3-1     | [23.1] Ramp_Merge_3 role=merge state=NEGOTIATING->NEGOTIATING speed=5.88 target=5.88 neighbors=11
obu-ramp-merge-4-1     | [23.1] Ramp_Merge_4 FINAL_GUARD: REJECTED slot-boundary ETA sid=106
obu-ramp-merge-4-1     | [23.1] Ramp_Merge_4 CAR_FOLLOW: sid=106 edge=34126779 lane=0 leader_edge= leader_lane=None leader_role_hint=main self_merge_completed=False self_merge_completed_age=-1.0 self_merge_committed=False lane_cmd_state=None lane_cmd_edge=None lane_cmd_target=None lane_cmd_executable=None same_lane=False reason=merge_conflict_eta gap=0.8 follow_spd=4.52 emergency=False target_before=6.171886886357445 target_after=5.921886886357445
obu-ramp-merge-4-1     | [23.1] Ramp_Merge_4 role=merge state=NEGOTIATING->NEGOTIATING speed=6.17 target=5.92 neighbors=11
obu-ramp-merge-5-1     | [23.2] Ramp_Merge_5 CAR_FOLLOW: sid=110 edge=34126779 lane=0 leader_edge= leader_lane=None leader_role_hint=ramp self_merge_completed=False self_merge_completed_age=-1.0 self_merge_committed=False lane_cmd_state=None lane_cmd_edge=None lane_cmd_target=None lane_cmd_executable=None same_lane=True reason=same_lane_cam gap=11.3 follow_spd=5.35 emergency=False target_before=6.375 target_after=6.141537986324956
obu-lead-car-1         | HOST_RESERVATION_HOLD: host=Lead_Car ramp=112 manoeuvre=158 remaining=3.5 own_speed=6.51 target_speed=6.43 ramp_fsm=NEGOTIATING ramp_lane_cmd_state=NONE ramp_edge=34126779 ramp_lane=0 ramp_merge_completed=False ramp_merge_committed=False
obu-lead-car-1         | [23.3] Lead_Car HOST_HOLD_YIELD: for merge=112 spd=6.43
obu-main-back-left-1   | HOST_RESERVATION_HOLD: host=Main_Back_Left ramp=108 manoeuvre=38 remaining=1.9 own_speed=5.63 target_speed=4.88 ramp_fsm=NEGOTIATING ramp_lane_cmd_state=NONE ramp_edge=1331698336 ramp_lane=0 ramp_merge_completed=False ramp_merge_committed=False
obu-main-back-left-1   | [23.3] Main_Back_Left HOST_HOLD_YIELD: for merge=108 spd=4.88
obu-ramp-merge-2-1     | [23.3] Ramp_Merge_2 FINAL_GUARD: REJECTED slot-boundary sid=104 gap=3.2
obu-main-back-left-1   | [23.3] Main_Back_Left MCM_TX_ACCEPT: manoeuvre=38 target=108
obu-lead-car-1         | [23.3] Lead_Car MCM_TX_ACCEPT: manoeuvre=158 target=112
obu-ramp-merge-2-1     | [23.3] Ramp_Merge_2 CAR_FOLLOW: sid=105 edge=1331698336 lane=0 leader_edge= leader_lane=None leader_role_hint=main self_merge_completed=False self_merge_completed_age=-1.0 self_merge_committed=False lane_cmd_state=None lane_cmd_edge=None lane_cmd_target=None lane_cmd_executable=None same_lane=False reason=merge_conflict_eta gap=0.2 follow_spd=4.12 emergency=False target_before=5.426824497681924 target_after=5.176824497681924
obu-main-back-left-1   | HOST_RESERVATION_HOLD: host=Main_Back_Left ramp=108 manoeuvre=38 remaining=1.7 own_speed=5.56 target_speed=4.88 ramp_fsm=NEGOTIATING ramp_lane_cmd_state=NONE ramp_edge=1331698336 ramp_lane=0 ramp_merge_completed=False ramp_merge_committed=False
obu-main-back-left-1   | [23.5] Main_Back_Left HOST_HOLD_YIELD: for merge=108 spd=4.88
obu-ramp-merge-2-1     | [23.5] Ramp_Merge_2 FINAL_GUARD: REJECTED slot-boundary sid=104 gap=3.5
obu-ramp-merge-2-1     | [23.5] Ramp_Merge_2 CAR_FOLLOW: sid=105 edge=1331698336 lane=0 leader_edge= leader_lane=None leader_role_hint=main self_merge_completed=False self_merge_completed_age=-1.0 self_merge_committed=False lane_cmd_state=None lane_cmd_edge=None lane_cmd_target=None lane_cmd_executable=None same_lane=False reason=merge_conflict_eta gap=0.0 follow_spd=4.12 emergency=False target_before=5.406179837574902 target_after=5.156179837574902
obu-main-back-left-1   | HOST_RESERVATION_HOLD: host=Main_Back_Left ramp=108 manoeuvre=38 remaining=1.5 own_speed=5.49 target_speed=4.88 ramp_fsm=NEGOTIATING ramp_lane_cmd_state=NONE ramp_edge=1331698336 ramp_lane=0 ramp_merge_completed=False ramp_merge_committed=False
obu-main-back-left-1   | [23.7] Main_Back_Left HOST_HOLD_YIELD: for merge=108 spd=4.88
obu-main-back-left-1   | [23.7] Main_Back_Left MCM_TX_ACCEPT: manoeuvre=38 target=108
obu-main-back-left-1   | [23.7] Main_Back_Left role=host state=YIELDING->YIELDING speed=5.49 target=4.88 neighbors=11
obu-ramp-merge-2-1     | [23.6] Ramp_Merge_2 FINAL_GUARD: REJECTED slot-boundary sid=104 gap=3.7
obu-ramp-merge-2-1     | [23.6] Ramp_Merge_2 CAR_FOLLOW: sid=105 edge=1331698336 lane=0 leader_edge= leader_lane=None leader_role_hint=main self_merge_completed=False self_merge_completed_age=-1.0 self_merge_committed=False lane_cmd_state=None lane_cmd_edge=None lane_cmd_target=None lane_cmd_executable=None same_lane=False reason=merge_conflict_eta gap=0.1 follow_spd=4.12 emergency=False target_before=5.395757116621292 target_after=5.145757116621292
obu-main-front-left-1  | [23.8] Main_Front_Left role=cruise state=CRUISE->CRUISE speed=6.62 target=7.50 neighbors=11
obu-ramp-merge-2-1     | [23.9] Ramp_Merge_2 MCM_RX_ACCEPT: from=105 manoeuvre=38 target=108
obu-ramp-merge-2-1     | [23.9] Ramp_Merge_2 MCM_RX_ACCEPT: from=105 manoeuvre=38 target=108
obu-merge-car-1        | [23.9] Merge_Car role=cruise state=CRUISE->CRUISE speed=7.45 target=7.50 neighbors=11
obu-ramp-back-1        | MERGE_ATTEMPT_TIMELINE: vehicle=Ramp_Back manoeuvre=159 host=102 lead=106 event=REQUEST_SENT t=23.9 edge=34126779 lane=0 lane_cmd_state=NONE speed=6.73 target=6.75 dtm=79.3 lead_gap=51.19 host_gap=16.44 lead_gap_t1=49.69 lead_gap_t2=48.18 lead_gap_t3=46.68 host_gap_t1=16.35 host_gap_t2=16.26 host_gap_t3=16.18
obu-ramp-back-1        | [23.9] Ramp_Back MCM_TX_REQUEST: manoeuvre=159 target=102
obu-ramp-back-1        | [23.9] Ramp_Back MERGE_DECISION: auth=False phys=False fgok=True lgok=True hgok=True cok=True esok=True cready=False dtm=79.3 past=False committed=False hid=102 ra=None lclear=True hyok=True
obu-ramp-back-1        | [23.9] Ramp_Back MCM_RX_ACCEPT: from=101 manoeuvre=158 target=112
obu-lead-car-1         | HOST_RESERVATION_HOLD: host=Lead_Car ramp=112 manoeuvre=158 remaining=2.8 own_speed=6.49 target_speed=6.43 ramp_fsm=NEGOTIATING ramp_lane_cmd_state=NONE ramp_edge=34126779 ramp_lane=0 ramp_merge_completed=False ramp_merge_committed=False
obu-lead-car-1         | [24.0] Lead_Car HOST_HOLD_YIELD: for merge=112 spd=6.43
obu-ramp-merge-3-1     | [23.9] Ramp_Merge_3 FINAL_GUARD: REJECTED slot-boundary ETA sid=104
obu-ramp-merge-3-1     | [23.9] Ramp_Merge_3 CAR_FOLLOW: sid=105 edge=34126779 lane=0 leader_edge= leader_lane=None leader_role_hint=main self_merge_completed=False self_merge_completed_age=-1.0 self_merge_committed=False lane_cmd_state=None lane_cmd_edge=None lane_cmd_target=None lane_cmd_executable=None same_lane=False reason=merge_conflict_eta gap=0.6 follow_spd=4.14 emergency=False target_before=5.860044630237182 target_after=5.610044630237182
obu-lead-car-1         | [24.0] Lead_Car MCM_TX_ACCEPT: manoeuvre=158 target=112
obu-lead-car-1         | [24.0] Lead_Car role=host state=YIELDING->YIELDING speed=6.49 target=6.43 neighbors=11
obu-ramp-merge-4-1     | [23.9] Ramp_Merge_4 CAR_FOLLOW: sid=106 edge=34126779 lane=0 leader_edge= leader_lane=None leader_role_hint=main self_merge_completed=False self_merge_completed_age=-1.0 self_merge_committed=False lane_cmd_state=None lane_cmd_edge=None lane_cmd_target=None lane_cmd_executable=None same_lane=False reason=merge_conflict_eta gap=1.6 follow_spd=4.12 emergency=False target_before=6.117226302099075 target_after=5.867226302099075
obu-ramp-merge-5-1     | [23.9] Ramp_Merge_5 CAR_FOLLOW: sid=110 edge=34126779 lane=0 leader_edge= leader_lane=None leader_role_hint=ramp self_merge_completed=False self_merge_completed_age=-1.0 self_merge_committed=False lane_cmd_state=None lane_cmd_edge=None lane_cmd_target=None lane_cmd_executable=None same_lane=True reason=same_lane_cam gap=6.8 follow_spd=2.62 emergency=False target_before=6.324703111999469 target_after=6.074703111999469
obu-ramp-merge-5-1     | [23.9] Ramp_Merge_5 role=merge state=NEGOTIATING->NEGOTIATING speed=6.32 target=6.07 neighbors=11
obu-main-back-left-1   | HOST_RESERVATION_HOLD: host=Main_Back_Left ramp=108 manoeuvre=38 remaining=1.3 own_speed=5.43 target_speed=4.88 ramp_fsm=NEGOTIATING ramp_lane_cmd_state=NONE ramp_edge=1331698336 ramp_lane=0 ramp_merge_completed=False ramp_merge_committed=False
obu-main-back-left-1   | [23.9] Main_Back_Left HOST_HOLD_YIELD: for merge=108 spd=4.88
obu-ramp-merge-2-1     | [23.9] Ramp_Merge_2 FINAL_GUARD: REJECTED slot-boundary sid=104 gap=3.6
obu-ramp-merge-2-1     | [23.9] Ramp_Merge_2 MERGE_ACCEPTED_WAIT_SLOT_VALID: reason=lgok=False(gap=0.00),hgok=False(gap=16.63),fgok=False,lclear=False,lgok_proj=False(t1=0.00, t2=0.00)
obu-ramp-merge-2-1     | [23.9] Ramp_Merge_2 MERGE_DECISION: auth=False phys=True fgok=False lgok=False hgok=False cok=True esok=True cready=True dtm=13.6 past=True committed=False hid=105 ra=2 lclear=False hyok=True
obu-ramp-merge-2-1     | [23.9] Ramp_Merge_2 MERGE_FAILED_LOST_AUTH_AFTER_POINT: dtm=13.6 past=True hid=105 auth=False
obu-ramp-merge-2-1     | [23.9] Ramp_Merge_2 CAR_FOLLOW: sid=104 edge=1331698336 lane=0 leader_edge= leader_lane=None leader_role_hint=main self_merge_completed=False self_merge_completed_age=-1.0 self_merge_committed=False lane_cmd_state=None lane_cmd_edge=None lane_cmd_target=None lane_cmd_executable=None same_lane=False reason=merge_conflict_eta gap=0.6 follow_spd=4.12 emergency=False target_before=0.5 target_after=5.113499618839714
obu-ramp-back-1        | [24.0] Ramp_Back MERGE_DECISION: auth=False phys=False fgok=True lgok=True hgok=True cok=True esok=True cready=False dtm=78.9 past=False committed=False hid=102 ra=None lclear=True hyok=True
obu-main-mid-right-1   | [24.1] Main_Mid_Right role=cruise state=CRUISE->CRUISE speed=7.50 target=7.50 neighbors=11
obu-lead-car-1         | HOST_RESERVATION_HOLD: host=Lead_Car ramp=112 manoeuvre=158 remaining=2.7 own_speed=6.49 target_speed=6.43 ramp_fsm=NEGOTIATING ramp_lane_cmd_state=NONE ramp_edge=34126779 ramp_lane=0 ramp_merge_completed=False ramp_merge_committed=False
obu-ramp-merge-3-1     | [24.0] Ramp_Merge_3 FINAL_GUARD: REJECTED slot-boundary ETA sid=104
obu-lead-car-1         | [24.1] Lead_Car HOST_HOLD_YIELD: for merge=112 spd=6.43
obu-ramp-merge-3-1     | [24.0] Ramp_Merge_3 CAR_FOLLOW: sid=105 edge=34126779 lane=0 leader_edge= leader_lane=None leader_role_hint=main self_merge_completed=False self_merge_completed_age=-1.0 self_merge_committed=False lane_cmd_state=None lane_cmd_edge=None lane_cmd_target=None lane_cmd_executable=None same_lane=False reason=merge_conflict_eta gap=0.5 follow_spd=4.12 emergency=False target_before=5.861127545511202 target_after=5.611127545511202
obu-ramp-merge-4-1     | [24.0] Ramp_Merge_4 FINAL_GUARD: REJECTED slot-boundary ETA sid=106
obu-ramp-merge-4-1     | [24.0] Ramp_Merge_4 CAR_FOLLOW: sid=106 edge=34126779 lane=0 leader_edge= leader_lane=None leader_role_hint=main self_merge_completed=False self_merge_completed_age=-1.0 self_merge_committed=False lane_cmd_state=None lane_cmd_edge=None lane_cmd_target=None lane_cmd_executable=None same_lane=False reason=merge_conflict_eta gap=0.0 follow_spd=4.80 emergency=False target_before=6.107459331311993 target_after=5.857459331311993
obu-main-back-left-1   | HOST_RESERVATION_HOLD: host=Main_Back_Left ramp=108 manoeuvre=38 remaining=1.2 own_speed=5.40 target_speed=4.88 ramp_fsm=NEGOTIATING ramp_lane_cmd_state=NONE ramp_edge=1331698336 ramp_lane=0 ramp_merge_completed=False ramp_merge_committed=False
obu-main-back-left-1   | [24.0] Main_Back_Left HOST_HOLD_YIELD: for merge=108 spd=4.88
obu-main-back-left-1   | [24.0] Main_Back_Left MCM_TX_ACCEPT: manoeuvre=38 target=108
obu-ramp-merge-2-1     | [24.0] Ramp_Merge_2 FINAL_GUARD: REJECTED slot-boundary sid=104 gap=4.6
obu-ramp-merge-2-1     | [24.0] Ramp_Merge_2 CAR_FOLLOW: sid=105 edge=1331698336 lane=0 leader_edge= leader_lane=None leader_role_hint=main self_merge_completed=False self_merge_completed_age=-1.0 self_merge_committed=False lane_cmd_state=None lane_cmd_edge=None lane_cmd_target=None lane_cmd_executable=None same_lane=False reason=merge_conflict_eta gap=0.9 follow_spd=4.37 emergency=False target_before=5.103133629776473 target_after=5.103133629776473
obu-host-car-1         | [24.2] Host_Car role=cruise state=CRUISE->CRUISE speed=7.38 target=7.50 neighbors=11
obu-ramp-back-1        | [24.2] Ramp_Back MCM_TX_REQUEST: manoeuvre=159 target=102
obu-ramp-back-1        | [24.2] Ramp_Back MERGE_DECISION: auth=False phys=False fgok=True lgok=True hgok=True cok=True esok=True cready=False dtm=77.9 past=False committed=False hid=102 ra=None lclear=True hyok=True
obu-ramp-back-1        | [24.2] Ramp_Back role=merge state=NEGOTIATING->NEGOTIATING speed=6.73 target=6.75 neighbors=11
obu-main-back-right-1  | [24.1] Main_Back_Right role=host state=CRUISE->CRUISE speed=5.83 target=7.50 neighbors=11
obu-ramp-merge-3-1     | [24.1] Ramp_Merge_3 FINAL_GUARD: REJECTED slot-boundary ETA sid=104
obu-ramp-merge-3-1     | [24.1] Ramp_Merge_3 CAR_FOLLOW: sid=105 edge=34126779 lane=0 leader_edge= leader_lane=None leader_role_hint=main self_merge_completed=False self_merge_completed_age=-1.0 self_merge_committed=False lane_cmd_state=None lane_cmd_edge=None lane_cmd_target=None lane_cmd_executable=None same_lane=False reason=merge_conflict_eta gap=0.4 follow_spd=4.12 emergency=False target_before=5.8621563150215215 target_after=5.6121563150215215
obu-ramp-merge-3-1     | [24.1] Ramp_Merge_3 role=merge state=NEGOTIATING->NEGOTIATING speed=5.86 target=5.61 neighbors=11
obu-ramp-merge-4-1     | [24.1] Ramp_Merge_4 FINAL_GUARD: REJECTED slot-boundary ETA sid=106
obu-ramp-merge-4-1     | [24.1] Ramp_Merge_4 CAR_FOLLOW: sid=106 edge=34126779 lane=0 leader_edge= leader_lane=None leader_role_hint=main self_merge_completed=False self_merge_completed_age=-1.0 self_merge_committed=False lane_cmd_state=None lane_cmd_edge=None lane_cmd_target=None lane_cmd_executable=None same_lane=False reason=merge_conflict_eta gap=0.1 follow_spd=4.72 emergency=False target_before=6.098180709064266 target_after=5.848180709064266
obu-ramp-merge-4-1     | [24.1] Ramp_Merge_4 role=merge state=NEGOTIATING->NEGOTIATING speed=6.10 target=5.85 neighbors=11
obu-main-back-left-1   | HOST_RESERVATION_HOLD: host=Main_Back_Left ramp=108 manoeuvre=38 remaining=1.0 own_speed=5.35 target_speed=4.88 ramp_fsm=ABORT ramp_lane_cmd_state=NONE ramp_edge=1331698336 ramp_lane=0 ramp_merge_completed=False ramp_merge_committed=False
obu-main-back-left-1   | [24.2] Main_Back_Left HOST_HOLD_YIELD: for merge=108 spd=4.88
obu-ramp-merge-2-1     | [24.1] Ramp_Merge_2 FINAL_GUARD: REJECTED slot-boundary sid=104 gap=4.2
obu-ramp-merge-2-1     | [24.1] Ramp_Merge_2 CAR_FOLLOW: sid=105 edge=1331698336 lane=0 leader_edge= leader_lane=None leader_role_hint=main self_merge_completed=False self_merge_completed_age=-1.0 self_merge_committed=False lane_cmd_state=None lane_cmd_edge=None lane_cmd_target=None lane_cmd_executable=None same_lane=False reason=merge_conflict_eta gap=1.0 follow_spd=4.52 emergency=False target_before=5.092764804118715 target_after=5.092764804118715
obu-ramp-merge-2-1     | [24.1] Ramp_Merge_2 role=merge state=ABORT->ABORT speed=5.34 target=5.09 neighbors=11
obu-ramp-back-1        | [24.4] Ramp_Back MERGE_DECISION: auth=False phys=False fgok=True lgok=True hgok=True cok=True esok=True cready=False dtm=76.9 past=False committed=False hid=102 ra=None lclear=True hyok=True
obu-ramp-merge-3-1     | [24.4] Ramp_Merge_3 FINAL_GUARD: REJECTED slot-boundary ETA sid=104
obu-ramp-merge-3-1     | [24.4] Ramp_Merge_3 CAR_FOLLOW: sid=105 edge=34126779 lane=0 leader_edge= leader_lane=None leader_role_hint=main self_merge_completed=False self_merge_completed_age=-1.0 self_merge_committed=False lane_cmd_state=None lane_cmd_edge=None lane_cmd_target=None lane_cmd_executable=None same_lane=False reason=merge_conflict_eta gap=0.2 follow_spd=4.12 emergency=False target_before=5.826253031742856 target_after=5.576253031742856
obu-ramp-merge-4-1     | [24.4] Ramp_Merge_4 MCM_ACCEPT_STALE: host=106 manoeuvre=97
obu-ramp-merge-4-1     | [24.4] Ramp_Merge_4 FINAL_GUARD: REJECTED slot-boundary ETA sid=106
obu-ramp-merge-5-1     | [24.4] Ramp_Merge_5 MCM_ACCEPT_STALE: host=101 manoeuvre=127
obu-ramp-merge-4-1     | [24.4] Ramp_Merge_4 CAR_FOLLOW: sid=106 edge=34126779 lane=0 leader_edge= leader_lane=None leader_role_hint=main self_merge_completed=False self_merge_completed_age=-1.0 self_merge_committed=False lane_cmd_state=None lane_cmd_edge=None lane_cmd_target=None lane_cmd_executable=None same_lane=False reason=merge_conflict_eta gap=0.4 follow_spd=4.47 emergency=False target_before=6.064752488231502 target_after=5.814752488231502
obu-main-back-left-1   | HOST_RESERVATION_HOLD: host=Main_Back_Left ramp=108 manoeuvre=38 remaining=0.8 own_speed=5.30 target_speed=4.88 ramp_fsm=ABORT ramp_lane_cmd_state=NONE ramp_edge=1331698336 ramp_lane=0 ramp_merge_completed=False ramp_merge_committed=False
obu-main-back-left-1   | [24.4] Main_Back_Left HOST_HOLD_YIELD: for merge=108 spd=4.88
obu-ramp-merge-5-1     | [24.4] Ramp_Merge_5 CAR_FOLLOW: sid=110 edge=34126779 lane=0 leader_edge= leader_lane=None leader_role_hint=ramp self_merge_completed=False self_merge_completed_age=-1.0 self_merge_committed=False lane_cmd_state=None lane_cmd_edge=None lane_cmd_target=None lane_cmd_executable=None same_lane=True reason=same_lane_cam gap=6.8 follow_spd=2.62 emergency=False target_before=6.285777432221827 target_after=6.035777432221827
obu-main-back-left-1   | [24.4] Main_Back_Left MCM_TX_ACCEPT: manoeuvre=38 target=108
obu-ramp-merge-2-1     | [24.4] Ramp_Merge_2 FINAL_GUARD: REJECTED slot-boundary sid=104 gap=3.4
obu-ramp-merge-2-1     | [24.4] Ramp_Merge_2 CAR_FOLLOW: sid=105 edge=1331698336 lane=0 leader_edge= leader_lane=None leader_role_hint=main self_merge_completed=False self_merge_completed_age=-1.0 self_merge_committed=False lane_cmd_state=None lane_cmd_edge=None lane_cmd_target=None lane_cmd_executable=None same_lane=False reason=merge_conflict_eta gap=1.3 follow_spd=4.99 emergency=False target_before=5.059547557615135 target_after=5.059547557615135
obu-ramp-back-1        | [24.6] Ramp_Back MCM_RX_ACCEPT: from=101 manoeuvre=158 target=112
obu-main-front-left-1  | [24.7] Main_Front_Left MCM_RX_REQUEST: from=112 manoeuvre=159 target=102
obu-main-front-left-1  | [24.7] Main_Front_Left MCM_RX_REQUEST: from=112 manoeuvre=159 target=102
obu-ramp-back-1        | [24.6] Ramp_Back MCM_TX_REQUEST: manoeuvre=159 target=102
obu-ramp-back-1        | [24.6] Ramp_Back MERGE_DECISION: auth=False phys=False fgok=True lgok=False hgok=True cok=True esok=True cready=False dtm=75.9 past=False committed=False hid=102 ra=None lclear=True hyok=True
obu-lead-car-1         | HOST_RESERVATION_HOLD: host=Lead_Car ramp=112 manoeuvre=158 remaining=2.1 own_speed=6.47 target_speed=6.43 ramp_fsm=NEGOTIATING ramp_lane_cmd_state=NONE ramp_edge=34126779 ramp_lane=0 ramp_merge_completed=False ramp_merge_committed=False
obu-lead-car-1         | [24.7] Lead_Car HOST_HOLD_YIELD: for merge=112 spd=6.43
obu-main-front-left-1  | HOST_RESERVATION_START: host=Main_Front_Left ramp=112 manoeuvre=159 until=28.7 own_speed=6.58 target_speed=6.58 required_speed=6.58 gap_eta=7.88
obu-main-front-left-1  | [24.7] Main_Front_Left HOST_RESERVED: merge=112 manoeuvre=159 until=28.7 target_spd=6.58
obu-lead-car-1         | [24.7] Lead_Car MCM_TX_ACCEPT: manoeuvre=158 target=112
obu-main-front-left-1  | [24.7] Main_Front_Left MCM_TX_ACCEPT: manoeuvre=159 target=112
obu-ramp-merge-3-1     | [24.7] Ramp_Merge_3 CAR_FOLLOW: sid=105 edge=34126779 lane=0 leader_edge= leader_lane=None leader_role_hint=main self_merge_completed=False self_merge_completed_age=-1.0 self_merge_committed=False lane_cmd_state=None lane_cmd_edge=None lane_cmd_target=None lane_cmd_executable=None same_lane=False reason=merge_conflict_eta gap=0.5 follow_spd=4.12 emergency=False target_before=6.75 target_after=5.545671064296322
obu-ramp-merge-4-1     | [24.6] Ramp_Merge_4 FINAL_GUARD: REJECTED slot-boundary ETA sid=106
obu-ramp-merge-4-1     | [24.6] Ramp_Merge_4 CAR_FOLLOW: sid=106 edge=34126779 lane=0 leader_edge= leader_lane=None leader_role_hint=main self_merge_completed=False self_merge_completed_age=-1.0 self_merge_committed=False lane_cmd_state=None lane_cmd_edge=None lane_cmd_target=None lane_cmd_executable=None same_lane=False reason=merge_conflict_eta gap=0.7 follow_spd=5.22 emergency=False target_before=6.044077474319463 target_after=5.794077474319463
obu-main-back-left-1   | HOST_RESERVATION_HOLD: host=Main_Back_Left ramp=108 manoeuvre=38 remaining=0.5 own_speed=5.24 target_speed=4.88 ramp_fsm=ABORT ramp_lane_cmd_state=NONE ramp_edge=1331698336 ramp_lane=0 ramp_merge_completed=False ramp_merge_committed=False
obu-main-back-left-1   | [24.7] Main_Back_Left HOST_HOLD_YIELD: for merge=108 spd=4.88
obu-main-back-left-1   | [24.7] Main_Back_Left MCM_TX_ACCEPT: manoeuvre=38 target=108
obu-main-back-left-1   | [24.7] Main_Back_Left role=host state=YIELDING->YIELDING speed=5.24 target=4.88 neighbors=11
obu-ramp-merge-2-1     | [24.7] Ramp_Merge_2 CAR_FOLLOW: sid=106 edge=1331698336 lane=0 leader_edge= leader_lane=None leader_role_hint=main self_merge_completed=False self_merge_completed_age=-1.0 self_merge_committed=False lane_cmd_state=None lane_cmd_edge=None lane_cmd_target=None lane_cmd_executable=None same_lane=False reason=merge_conflict_eta gap=1.1 follow_spd=4.12 emergency=False target_before=6.75 target_after=5.029096810655514
obu-ramp-merge-2-1     | [24.7] Ramp_Merge_2 MCM_RX_ACCEPT: from=105 manoeuvre=38 target=108
obu-ramp-merge-2-1     | [24.7] Ramp_Merge_2 MCM_RX_ACCEPT: from=105 manoeuvre=38 target=108
obu-lead-car-1         | HOST_RESERVATION_HOLD: host=Lead_Car ramp=112 manoeuvre=158 remaining=2.0 own_speed=6.47 target_speed=6.43 ramp_fsm=NEGOTIATING ramp_lane_cmd_state=NONE ramp_edge=34126779 ramp_lane=0 ramp_merge_completed=False ramp_merge_committed=False
obu-lead-car-1         | [24.8] Lead_Car HOST_HOLD_YIELD: for merge=112 spd=6.43
obu-main-front-left-1  | HOST_RESERVATION_HOLD: host=Main_Front_Left ramp=112 manoeuvre=159 remaining=3.9 own_speed=6.57 target_speed=6.58 ramp_fsm=NEGOTIATING ramp_lane_cmd_state=NONE ramp_edge=34126779 ramp_lane=0 ramp_merge_completed=False ramp_merge_committed=False
obu-main-front-left-1  | [24.8] Main_Front_Left HOST_HOLD_YIELD: for merge=112 spd=6.58
obu-main-front-left-1  | [24.8] Main_Front_Left role=host state=CRUISE->YIELDING speed=6.57 target=6.58 neighbors=11
obu-main-back-left-1   | HOST_RESERVATION_HOLD: host=Main_Back_Left ramp=108 manoeuvre=38 remaining=0.4 own_speed=5.22 target_speed=4.88 ramp_fsm=ABORT ramp_lane_cmd_state=NONE ramp_edge=1331698336 ramp_lane=0 ramp_merge_completed=False ramp_merge_committed=False
obu-main-back-left-1   | [24.8] Main_Back_Left HOST_HOLD_YIELD: for merge=108 spd=4.88
obu-lead-car-1         | HOST_RESERVATION_HOLD: host=Lead_Car ramp=112 manoeuvre=158 remaining=1.8 own_speed=6.46 target_speed=6.43 ramp_fsm=NEGOTIATING ramp_lane_cmd_state=NONE ramp_edge=34126779 ramp_lane=0 ramp_merge_completed=False ramp_merge_committed=False
obu-lead-car-1         | [25.0] Lead_Car HOST_HOLD_YIELD: for merge=112 spd=6.43
obu-lead-car-1         | [25.0] Lead_Car MCM_TX_ACCEPT: manoeuvre=158 target=112
obu-lead-car-1         | [25.0] Lead_Car role=host state=YIELDING->YIELDING speed=6.46 target=6.43 neighbors=10
obu-main-front-left-1  | HOST_RESERVATION_HOLD: host=Main_Front_Left ramp=112 manoeuvre=159 remaining=3.7 own_speed=6.56 target_speed=6.58 ramp_fsm=NEGOTIATING ramp_lane_cmd_state=NONE ramp_edge=34126779 ramp_lane=0 ramp_merge_completed=False ramp_merge_committed=False
obu-main-front-left-1  | [25.0] Main_Front_Left HOST_HOLD_YIELD: for merge=112 spd=6.58
obu-main-front-left-1  | [25.0] Main_Front_Left MCM_TX_ACCEPT: manoeuvre=159 target=112
obu-ramp-merge-4-1     | [24.8] Ramp_Merge_4 FINAL_GUARD: REJECTED slot-boundary ETA sid=106
obu-ramp-merge-4-1     | [24.8] Ramp_Merge_4 CAR_FOLLOW: sid=106 edge=34126779 lane=0 leader_edge= leader_lane=None leader_role_hint=main self_merge_completed=False self_merge_completed_age=-1.0 self_merge_committed=False lane_cmd_state=None lane_cmd_edge=None lane_cmd_target=None lane_cmd_executable=None same_lane=False reason=merge_conflict_eta gap=0.5 follow_spd=5.02 emergency=False target_before=6.0233061286654435 target_after=5.7733061286654435
obu-main-back-left-1   | HOST_RESERVATION_HOLD: host=Main_Back_Left ramp=108 manoeuvre=38 remaining=0.2 own_speed=5.19 target_speed=4.88 ramp_fsm=NEGOTIATING ramp_lane_cmd_state=NONE ramp_edge=1331698336 ramp_lane=0 ramp_merge_completed=False ramp_merge_committed=False
obu-main-back-left-1   | [25.0] Main_Back_Left HOST_HOLD_YIELD: for merge=108 spd=4.88
obu-main-back-left-1   | [25.0] Main_Back_Left MCM_TX_ACCEPT: manoeuvre=38 target=108
obu-main-mid-right-1   | [25.1] Main_Mid_Right role=cruise state=CRUISE->CRUISE speed=7.50 target=7.50 neighbors=10
obu-lead-car-1         | HOST_RESERVATION_HOLD: host=Lead_Car ramp=112 manoeuvre=158 remaining=1.7 own_speed=6.46 target_speed=6.43 ramp_fsm=NEGOTIATING ramp_lane_cmd_state=NONE ramp_edge=34126779 ramp_lane=0 ramp_merge_completed=False ramp_merge_committed=False
obu-lead-car-1         | [25.1] Lead_Car HOST_HOLD_YIELD: for merge=112 spd=6.43
obu-main-front-left-1  | HOST_RESERVATION_HOLD: host=Main_Front_Left ramp=112 manoeuvre=159 remaining=3.5 own_speed=6.55 target_speed=6.58 ramp_fsm=NEGOTIATING ramp_lane_cmd_state=NONE ramp_edge=34126779 ramp_lane=0 ramp_merge_completed=False ramp_merge_committed=False
obu-main-front-left-1  | [25.2] Main_Front_Left HOST_HOLD_YIELD: for merge=112 spd=6.58
obu-ramp-merge-5-1     | [25.0] Ramp_Merge_5 CAR_FOLLOW: sid=110 edge=34126779 lane=0 leader_edge= leader_lane=None leader_role_hint=ramp self_merge_completed=False self_merge_completed_age=-1.0 self_merge_committed=False lane_cmd_state=None lane_cmd_edge=None lane_cmd_target=None lane_cmd_executable=None same_lane=True reason=same_lane_cam gap=10.9 follow_spd=4.93 emergency=False target_before=6.2656573035998395 target_after=6.0156573035998395
obu-ramp-merge-5-1     | [25.0] Ramp_Merge_5 role=merge state=NEGOTIATING->NEGOTIATING speed=6.27 target=6.02 neighbors=10
obu-ramp-merge-4-1     | [25.1] Ramp_Merge_4 FINAL_GUARD: REJECTED slot-boundary sid=106 gap=9.8
obu-ramp-merge-4-1     | [25.1] Ramp_Merge_4 CAR_FOLLOW: sid=106 edge=34126779 lane=0 leader_edge= leader_lane=None leader_role_hint=main self_merge_completed=False self_merge_completed_age=-1.0 self_merge_committed=False lane_cmd_state=None lane_cmd_edge=None lane_cmd_target=None lane_cmd_executable=None same_lane=False reason=merge_conflict_eta gap=0.2 follow_spd=4.72 emergency=False target_before=5.991545351842129 target_after=5.741545351842129
obu-ramp-merge-4-1     | [25.1] Ramp_Merge_4 role=merge state=NEGOTIATING->NEGOTIATING speed=5.99 target=5.74 neighbors=10
obu-main-back-left-1   | HOST_RESERVATION_HOLD: host=Main_Back_Left ramp=108 manoeuvre=38 remaining=0.1 own_speed=5.17 target_speed=4.88 ramp_fsm=NEGOTIATING ramp_lane_cmd_state=NONE ramp_edge=1331698336 ramp_lane=0 ramp_merge_completed=False ramp_merge_committed=False
obu-main-back-left-1   | [25.1] Main_Back_Left HOST_HOLD_YIELD: for merge=108 spd=4.88
obu-main-front-left-1  | [25.5] Main_Front_Left MCM_RX_REQUEST: from=112 manoeuvre=159 target=102
obu-ramp-merge-3-1     | MERGE_ATTEMPT_TIMELINE: vehicle=Ramp_Merge_3 manoeuvre=67 host=106 lead=105 event=REQUEST_SENT t=24.8 edge=34126779 lane=0 lane_cmd_state=NONE speed=5.78 target=6.75 dtm=8.1 lead_gap=0.00 host_gap=15.57 lead_gap_t1=0.00 lead_gap_t2=0.00 lead_gap_t3=0.00 host_gap_t1=15.30 host_gap_t2=15.02 host_gap_t3=14.74
obu-ramp-merge-3-1     | [24.8] Ramp_Merge_3 MCM_TX_REQUEST: manoeuvre=67 target=106
obu-ramp-merge-3-1     | [24.8] Ramp_Merge_3 FINAL_GUARD: REJECTED slot-boundary sid=105 gap=3.9
obu-ramp-merge-3-1     | [24.8] Ramp_Merge_3 MERGE_DECISION: auth=False phys=True fgok=False lgok=False hgok=True cok=True esok=True cready=True dtm=8.1 past=False committed=False hid=106 ra=None lclear=False hyok=False
obu-main-back-right-1  | [25.4] Main_Back_Right role=host state=CRUISE->CRUISE speed=6.64 target=7.50 neighbors=10
obu-ramp-merge-3-1     | [24.8] Ramp_Merge_3 CAR_FOLLOW: sid=105 edge=34126779 lane=0 leader_edge= leader_lane=None leader_role_hint=main self_merge_completed=False self_merge_completed_age=-1.0 self_merge_committed=False lane_cmd_state=None lane_cmd_edge=None lane_cmd_target=None lane_cmd_executable=None same_lane=False reason=merge_conflict_eta gap=0.5 follow_spd=4.12 emergency=False target_before=5.334700162668648 target_after=5.534700162668648
obu-lead-car-1         | HOST_RESERVATION_HOLD: host=Lead_Car ramp=112 manoeuvre=158 remaining=1.3 own_speed=6.46 target_speed=6.43 ramp_fsm=NEGOTIATING ramp_lane_cmd_state=NONE ramp_edge=34126779 ramp_lane=0 ramp_merge_completed=False ramp_merge_committed=False
obu-lead-car-1         | [25.5] Lead_Car HOST_HOLD_YIELD: for merge=112 spd=6.43
obu-main-front-left-1  | HOST_RESERVATION_HOLD: host=Main_Front_Left ramp=112 manoeuvre=159 remaining=3.2 own_speed=6.54 target_speed=6.58 ramp_fsm=NEGOTIATING ramp_lane_cmd_state=NONE ramp_edge=34126779 ramp_lane=0 ramp_merge_completed=False ramp_merge_committed=False
obu-main-front-left-1  | [25.5] Main_Front_Left HOST_HOLD_YIELD: for merge=112 spd=6.58
obu-ramp-merge-2-1     | MERGE_ATTEMPT_TIMELINE: vehicle=Ramp_Merge_2 manoeuvre=39 host=106 lead=None event=REQUEST_SENT t=24.8 edge=1331698336 lane=0 lane_cmd_state=NONE speed=5.27 target=6.75 dtm=18.1 lead_gap= host_gap=39.52 lead_gap_t1= lead_gap_t2= lead_gap_t3= host_gap_t1=38.73 host_gap_t2=37.94 host_gap_t3=37.15
obu-lead-car-1         | [25.5] Lead_Car MCM_TX_ACCEPT: manoeuvre=158 target=112
obu-main-front-left-1  | [25.5] Main_Front_Left MCM_TX_ACCEPT: manoeuvre=159 target=112
obu-ramp-merge-2-1     | [24.8] Ramp_Merge_2 MCM_TX_REQUEST: manoeuvre=39 target=106
obu-ramp-merge-2-1     | [24.8] Ramp_Merge_2 FINAL_GUARD: REJECTED slot-boundary ETA sid=106
obu-ramp-merge-2-1     | [24.8] Ramp_Merge_2 MERGE_DECISION: auth=False phys=True fgok=False lgok=True hgok=False cok=True esok=True cready=True dtm=18.1 past=True committed=False hid=106 ra=None lclear=True hyok=False
obu-ramp-merge-2-1     | [24.8] Ramp_Merge_2 MERGE_FAILED_LOST_AUTH_AFTER_POINT: dtm=18.1 past=True hid=106 auth=False
obu-ramp-merge-4-1     | [25.4] Ramp_Merge_4 FINAL_GUARD: REJECTED slot-boundary sid=106 gap=8.7
obu-ramp-merge-2-1     | [24.8] Ramp_Merge_2 CAR_FOLLOW: sid=106 edge=1331698336 lane=0 leader_edge= leader_lane=None leader_role_hint=main self_merge_completed=False self_merge_completed_age=-1.0 self_merge_committed=False lane_cmd_state=None lane_cmd_edge=None lane_cmd_target=None lane_cmd_executable=None same_lane=False reason=merge_conflict_eta gap=1.0 follow_spd=4.12 emergency=False target_before=0.5 target_after=5.018119348003495
obu-ramp-merge-4-1     | [25.4] Ramp_Merge_4 CAR_FOLLOW: sid=106 edge=34126779 lane=0 leader_edge= leader_lane=None leader_role_hint=main self_merge_completed=False self_merge_completed_age=-1.0 self_merge_committed=False lane_cmd_state=None lane_cmd_edge=None lane_cmd_target=None lane_cmd_executable=None same_lane=False reason=merge_conflict_eta gap=0.4 follow_spd=4.78 emergency=False target_before=5.961356289609192 target_after=5.711356289609192
obu-ramp-merge-5-1     | MERGE_ATTEMPT_TIMELINE: vehicle=Ramp_Merge_5 manoeuvre=127 host=101 lead=106 event=AUTHORIZED t=25.4 edge=34126779 lane=0 lane_cmd_state=NONE speed=6.27 target=6.45 dtm=44.6 lead_gap=20.96 host_gap=125.79 lead_gap_t1=20.96 lead_gap_t2=20.96 lead_gap_t3=20.96 host_gap_t1=125.79 host_gap_t2=125.79 host_gap_t3=125.79
obu-ramp-merge-5-1     | [25.4] Ramp_Merge_5 MERGE_AUTHORIZED_BY_MCM: host=101 manoeuvre=127
obu-ramp-merge-5-1     | [25.4] Ramp_Merge_5 MERGE_DECISION: auth=True phys=True fgok=True lgok=True hgok=True cok=True esok=True cready=True dtm=44.6 past=False committed=False hid=101 ra=2 lclear=True hyok=True
obu-ramp-merge-5-1     | [25.4] Ramp_Merge_5 MERGE_START_GAP_DIAG: event=start lead=106 host=101 lead_eta=3.8097992600559087 own_eta=7.113484857129507 host_eta=23.193626555531214 lead_gap=20.958145319585835 host_gap=125.78789872670245 lead_gap_p1=20.958145319585835 lead_gap_p2=20.958145319585835 lead_gap_p3=20.958145319585835 host_gap_p1=125.78789872670245 host_gap_p2=125.78789872670245 host_gap_p3=125.78789872670245 rel_to_lead=-0.06129750625393093 rel_to_host=-0.19129750625393083 lead_lat=2.1099179139680175 host_lat=136.54462394574213 edge=34126779 lane=0 lane_cmd_state=None lane_cmd_edge=None lane_cmd_target=None lane_cmd_executable=None dtm=44.6 speed=6.27
obu-ramp-merge-5-1     | MERGE_ATTEMPT_TIMELINE: vehicle=Ramp_Merge_5 manoeuvre=127 host=101 lead=106 event=PHYSICAL_START t=25.4 edge=34126779 lane=0 lane_cmd_state=NONE speed=6.27 target=6.45 dtm=44.6 lead_gap=20.96 host_gap=125.79 lead_gap_t1=20.96 lead_gap_t2=20.96 lead_gap_t3=20.96 host_gap_t1=125.79 host_gap_t2=125.79 host_gap_t3=125.79
obu-ramp-merge-5-1     | [25.4] Ramp_Merge_5 MERGE_PHYSICAL_START: host=101 manoeuvre=127
obu-ramp-back-1        | [25.4] Ramp_Back MCM_RX_ACCEPT: from=102 manoeuvre=159 target=112
obu-ramp-merge-5-1     | [25.4] Ramp_Merge_5 MERGING!
obu-ramp-back-1        | [25.4] Ramp_Back MCM_RX_ACCEPT: from=102 manoeuvre=159 target=112
obu-ramp-back-1        | [25.4] Ramp_Back MCM_RX_ACCEPT: from=101 manoeuvre=158 target=112
obu-ramp-back-1        | [25.4] Ramp_Back MCM_RX_ACCEPT: from=101 manoeuvre=158 target=112
obu-ramp-merge-2-1     | [25.4] Ramp_Merge_2 MCM_RX_ACCEPT: from=105 manoeuvre=38 target=108
obu-ramp-merge-2-1     | [25.4] Ramp_Merge_2 MCM_RX_ACCEPT: from=105 manoeuvre=38 target=108
obu-host-car-1         | [25.5] Host_Car role=cruise state=CRUISE->CRUISE speed=7.44 target=7.50 neighbors=11
obu-merge-car-1        | [25.5] Merge_Car role=cruise state=CRUISE->CRUISE speed=7.48 target=7.50 neighbors=11
obu-ramp-back-1        | [25.4] Ramp_Back MCM_TX_REQUEST: manoeuvre=159 target=102
obu-ramp-back-1        | MERGE_ATTEMPT_TIMELINE: vehicle=Ramp_Back manoeuvre=159 host=102 lead=106 event=ACCEPT_MATCHED t=25.4 edge=34126779 lane=0 lane_cmd_state=NONE speed=6.68 target=6.75 dtm=72.1 lead_gap=44.78 host_gap=38.54 lead_gap_t1=44.43 lead_gap_t2=44.08 lead_gap_t3=43.73 host_gap_t1=38.42 host_gap_t2=38.30 host_gap_t3=38.18
obu-ramp-back-1        | [25.4] Ramp_Back MCM_ACCEPT_MATCHED: host=102 manoeuvre=159
obu-ramp-back-1        | MERGE_ATTEMPT_TIMELINE: vehicle=Ramp_Back manoeuvre=159 host=102 lead=106 event=AUTHORIZED t=25.4 edge=34126779 lane=0 lane_cmd_state=NONE speed=6.68 target=6.38 dtm=72.1 lead_gap=44.78 host_gap=38.54 lead_gap_t1=44.43 lead_gap_t2=44.08 lead_gap_t3=43.73 host_gap_t1=38.42 host_gap_t2=38.30 host_gap_t3=38.18
obu-ramp-back-1        | [25.4] Ramp_Back MERGE_AUTHORIZED_BY_MCM: host=102 manoeuvre=159
obu-ramp-back-1        | [25.4] Ramp_Back MERGE_DECISION: auth=True phys=False fgok=True lgok=True hgok=True cok=True esok=True cready=False dtm=72.1 past=False committed=False hid=102 ra=2 lclear=True hyok=True
obu-ramp-back-1        | [25.4] Ramp_Back MERGE_PREPARE_WAIT_PHYSICAL: dtm=72.1
obu-ramp-back-1        | [25.4] Ramp_Back role=merge state=NEGOTIATING->NEGOTIATING speed=6.68 target=6.38 neighbors=11
obu-ramp-merge-3-1     | [25.5] Ramp_Merge_3 MCM_TX_REQUEST: manoeuvre=67 target=106
obu-ramp-merge-3-1     | [25.5] Ramp_Merge_3 FINAL_GUARD: REJECTED slot-boundary sid=105 gap=3.5
obu-ramp-merge-3-1     | [25.5] Ramp_Merge_3 MERGE_DECISION: auth=False phys=True fgok=False lgok=False hgok=True cok=True esok=True cready=True dtm=5.4 past=False committed=False hid=106 ra=None lclear=False hyok=False
obu-ramp-merge-3-1     | [25.5] Ramp_Merge_3 CAR_FOLLOW: sid=105 edge=34126779 lane=0 leader_edge= leader_lane=None leader_role_hint=main self_merge_completed=False self_merge_completed_age=-1.0 self_merge_committed=False lane_cmd_state=None lane_cmd_edge=None lane_cmd_target=None lane_cmd_executable=None same_lane=False reason=merge_conflict_eta gap=0.6 follow_spd=4.12 emergency=False target_before=5.2637180263548435 target_after=5.463718026354844
obu-ramp-merge-3-1     | [25.5] Ramp_Merge_3 role=merge state=YIELDING->YIELDING speed=5.71 target=5.46 neighbors=11
obu-ramp-merge-2-1     | [25.5] Ramp_Merge_2 MCM_TX_REQUEST: manoeuvre=39 target=106
obu-ramp-merge-2-1     | [25.5] Ramp_Merge_2 MCM_PENDING_HOLD_LATE_HOST: host=106 age=0.0 dtm=21.7 lead_gap=None host_gap=40.68 pending_age=0.7 accepted_at=None reason=ahead(eta=3.81<=own=4.17)
obu-ramp-merge-4-1     | [25.5] Ramp_Merge_4 FINAL_GUARD: REJECTED slot-boundary sid=106 gap=8.4
obu-ramp-merge-2-1     | [25.5] Ramp_Merge_2 CAR_FOLLOW: sid=106 edge=1331698336 lane=0 leader_edge= leader_lane=None leader_role_hint=main self_merge_completed=False self_merge_completed_age=-1.0 self_merge_committed=False lane_cmd_state=None lane_cmd_edge=None lane_cmd_target=None lane_cmd_executable=None same_lane=False reason=merge_conflict_eta gap=0.4 follow_spd=4.12 emergency=False target_before=5.1971343679502455 target_after=4.9471343679502455
obu-ramp-merge-2-1     | [25.5] Ramp_Merge_2 role=merge state=ABORT->NEGOTIATING speed=5.20 target=4.95 neighbors=11
obu-ramp-merge-4-1     | [25.5] Ramp_Merge_4 CAR_FOLLOW: sid=106 edge=34126779 lane=0 leader_edge= leader_lane=None leader_role_hint=main self_merge_completed=False self_merge_completed_age=-1.0 self_merge_committed=False lane_cmd_state=None lane_cmd_edge=None lane_cmd_target=None lane_cmd_executable=None same_lane=False reason=merge_conflict_eta gap=0.5 follow_spd=4.80 emergency=False target_before=5.950365742720839 target_after=5.700365742720839
obu-ramp-merge-5-1     | [25.6] Ramp_Merge_5 MERGE_LANE_WAIT_EDGE_CONFIRMED: edge=34126779 lane=0 target_lane=1 lane_count=1 executable=False
obu-ramp-back-1        | [25.5] Ramp_Back MERGE_DECISION: auth=True phys=False fgok=True lgok=True hgok=True cok=True esok=True cready=False dtm=71.6 past=False committed=False hid=102 ra=2 lclear=True hyok=True
obu-ramp-back-1        | [25.5] Ramp_Back MERGE_PREPARE_WAIT_PHYSICAL: dtm=71.6
obu-ramp-merge-3-1     | [25.6] Ramp_Merge_3 FINAL_GUARD: REJECTED slot-boundary sid=105 gap=3.4
obu-ramp-merge-3-1     | [25.6] Ramp_Merge_3 MERGE_DECISION: auth=False phys=True fgok=False lgok=False hgok=True cok=True esok=True cready=True dtm=5.2 past=False committed=False hid=106 ra=None lclear=False hyok=False
obu-ramp-merge-3-1     | [25.6] Ramp_Merge_3 CAR_FOLLOW: sid=105 edge=34126779 lane=0 leader_edge= leader_lane=None leader_role_hint=main self_merge_completed=False self_merge_completed_age=-1.0 self_merge_committed=False lane_cmd_state=None lane_cmd_edge=None lane_cmd_target=None lane_cmd_executable=None same_lane=False reason=merge_conflict_eta gap=0.5 follow_spd=4.12 emergency=False target_before=5.255315678251917 target_after=5.455315678251917
obu-ramp-merge-2-1     | [25.6] Ramp_Merge_2 MCM_PENDING_HOLD_LATE_HOST: host=106 age=0.1 dtm=22.2 lead_gap=None host_gap=41.20 pending_age=0.8 accepted_at=None reason=ahead(eta=3.81<=own=4.27)
obu-ramp-merge-4-1     | [25.6] Ramp_Merge_4 FINAL_GUARD: REJECTED slot-boundary sid=106 gap=8.3
obu-ramp-merge-4-1     | [25.6] Ramp_Merge_4 CAR_FOLLOW: sid=106 edge=34126779 lane=0 leader_edge= leader_lane=None leader_role_hint=main self_merge_completed=False self_merge_completed_age=-1.0 self_merge_committed=False lane_cmd_state=None lane_cmd_edge=None lane_cmd_target=None lane_cmd_executable=None same_lane=False reason=merge_conflict_eta gap=0.4 follow_spd=4.68 emergency=False target_before=5.939924723176904 target_after=5.689924723176904
obu-ramp-merge-2-1     | [25.6] Ramp_Merge_2 CAR_FOLLOW: sid=106 edge=1331698336 lane=0 leader_edge= leader_lane=None leader_role_hint=main self_merge_completed=False self_merge_completed_age=-1.0 self_merge_committed=False lane_cmd_state=None lane_cmd_edge=None lane_cmd_target=None lane_cmd_executable=None same_lane=False reason=merge_conflict_eta gap=0.5 follow_spd=4.17 emergency=False target_before=5.188732490085509 target_after=4.938732490085509
obu-ramp-merge-5-1     | MERGE_ATTEMPT_TIMELINE: vehicle=Ramp_Merge_5 manoeuvre=127 host=101 lead=106 event=WAIT_EDGE t=25.6 edge=34126779 lane=0 lane_cmd_state=WAIT_EDGE speed=6.24 target=6.75 dtm=43.4 lead_gap=19.71 host_gap=124.54 lead_gap_t1=19.71 lead_gap_t2=19.71 lead_gap_t3=19.71 host_gap_t1=124.54 host_gap_t2=124.54 host_gap_t3=124.54
obu-ramp-merge-5-1     | [25.6] Ramp_Merge_5 MERGE_COMMIT_WAIT_LANE_AVAILABLE: edge=34126779 lane=0 target_lane=1 lane_count=1 executable=False speed=6.24 dtm=43.4
obu-ramp-back-1        | [25.8] Ramp_Back MERGE_DECISION: auth=True phys=False fgok=True lgok=True hgok=True cok=True esok=True cready=False dtm=70.2 past=False committed=False hid=102 ra=2 lclear=True hyok=True
obu-ramp-back-1        | [25.8] Ramp_Back MERGE_PREPARE_WAIT_PHYSICAL: dtm=70.2
obu-ramp-merge-3-1     | [25.8] Ramp_Merge_3 MCM_TX_REQUEST: manoeuvre=67 target=106
obu-ramp-merge-3-1     | [25.8] Ramp_Merge_3 FINAL_GUARD: REJECTED slot-boundary sid=105 gap=3.3
obu-ramp-merge-3-1     | [25.8] Ramp_Merge_3 MERGE_DECISION: auth=False phys=True fgok=False lgok=False hgok=True cok=True esok=True cready=True dtm=4.9 past=False committed=False hid=106 ra=None lclear=False hyok=False
obu-ramp-merge-3-1     | [25.8] Ramp_Merge_3 CAR_FOLLOW: sid=105 edge=:390064918_0 lane=0 leader_edge= leader_lane=None leader_role_hint=main self_merge_completed=False self_merge_completed_age=-1.0 self_merge_committed=False lane_cmd_state=None lane_cmd_edge=None lane_cmd_target=None lane_cmd_executable=None same_lane=False reason=merge_conflict_eta gap=0.5 follow_spd=4.12 emergency=False target_before=5.239201783309863 target_after=5.439201783309863
obu-ramp-merge-4-1     | [26.0] Ramp_Merge_4 FINAL_GUARD: REJECTED slot-boundary sid=106 gap=8.0
obu-ramp-merge-4-1     | [26.0] Ramp_Merge_4 CAR_FOLLOW: sid=106 edge=34126779 lane=0 leader_edge= leader_lane=None leader_role_hint=main self_merge_completed=False self_merge_completed_age=-1.0 self_merge_committed=False lane_cmd_state=None lane_cmd_edge=None lane_cmd_target=None lane_cmd_executable=None same_lane=False reason=merge_conflict_eta gap=0.0 follow_spd=4.24 emergency=False target_before=5.8954371295756545 target_after=5.6454371295756545
obu-ramp-merge-5-1     | [25.9] Ramp_Merge_5 MERGE_COMMIT_WAIT_LANE_AVAILABLE: edge=34126779 lane=0 target_lane=1 lane_count=1 executable=False speed=6.27 dtm=41.7
obu-ramp-merge-2-1     | [26.0] Ramp_Merge_2 MCM_TX_REQUEST: manoeuvre=39 target=106
obu-ramp-merge-2-1     | [26.0] Ramp_Merge_2 MCM_PENDING_HOLD_LATE_HOST: host=106 age=0.5 dtm=24.2 lead_gap=None host_gap=43.27 pending_age=1.2 accepted_at=None reason=ahead(eta=3.81<=own=4.70)
obu-ramp-merge-2-1     | [26.0] Ramp_Merge_2 CAR_FOLLOW: sid=106 edge=1331698336 lane=0 leader_edge= leader_lane=None leader_role_hint=main self_merge_completed=False self_merge_completed_age=-1.0 self_merge_committed=False lane_cmd_state=None lane_cmd_edge=None lane_cmd_target=None lane_cmd_executable=None same_lane=False reason=merge_conflict_eta gap=0.9 follow_spd=4.56 emergency=False target_before=5.150634373108305 target_after=4.900634373108305
obu-ramp-back-1        | [26.0] Ramp_Back MCM_RX_ACCEPT: from=102 manoeuvre=159 target=112
obu-ramp-merge-2-1     | [26.1] Ramp_Merge_2 MCM_PENDING_HOLD_LATE_HOST: host=106 age=0.6 dtm=24.7 lead_gap=None host_gap=43.78 pending_age=1.3 accepted_at=None reason=ahead(eta=3.81<=own=4.80)
obu-ramp-merge-3-1     | [26.0] Ramp_Merge_3 FINAL_GUARD: REJECTED slot-boundary sid=105 gap=3.6
obu-ramp-merge-3-1     | [26.0] Ramp_Merge_3 MERGE_DECISION: auth=False phys=True fgok=False lgok=False hgok=True cok=True esok=True cready=True dtm=4.9 past=False committed=False hid=106 ra=None lclear=False hyok=False
obu-ramp-merge-4-1     | [26.2] Ramp_Merge_4 FINAL_GUARD: REJECTED slot-boundary sid=106 gap=6.8
obu-ramp-merge-3-1     | [26.0] Ramp_Merge_3 CAR_FOLLOW: sid=105 edge=:390064918_0 lane=0 leader_edge= leader_lane=None leader_role_hint=main self_merge_completed=False self_merge_completed_age=-1.0 self_merge_committed=False lane_cmd_state=None lane_cmd_edge=None lane_cmd_target=None lane_cmd_executable=None same_lane=False reason=merge_conflict_eta gap=0.5 follow_spd=4.12 emergency=False target_before=5.216796999601602 target_after=5.416796999601602
obu-ramp-merge-4-1     | [26.2] Ramp_Merge_4 CAR_FOLLOW: sid=104 edge=34126779 lane=0 leader_edge= leader_lane=None leader_role_hint=main self_merge_completed=False self_merge_completed_age=-1.0 self_merge_committed=False lane_cmd_state=None lane_cmd_edge=None lane_cmd_target=None lane_cmd_executable=None same_lane=False reason=merge_conflict_eta gap=0.5 follow_spd=4.12 emergency=False target_before=5.873175290271714 target_after=5.623175290271714
obu-ramp-merge-4-1     | [26.2] Ramp_Merge_4 role=merge state=NEGOTIATING->NEGOTIATING speed=5.87 target=5.62 neighbors=11
obu-ramp-merge-2-1     | [26.1] Ramp_Merge_2 CAR_FOLLOW: sid=106 edge=1331698336 lane=0 leader_edge= leader_lane=None leader_role_hint=main self_merge_completed=False self_merge_completed_age=-1.0 self_merge_committed=False lane_cmd_state=None lane_cmd_edge=None lane_cmd_target=None lane_cmd_executable=None same_lane=False reason=merge_conflict_eta gap=1.0 follow_spd=4.65 emergency=False target_before=5.140039278957166 target_after=4.890039278957166
obu-ramp-merge-5-1     | [26.2] Ramp_Merge_5 MERGE_COMMIT_WAIT_LANE_AVAILABLE: edge=34126779 lane=0 target_lane=1 lane_count=1 executable=False speed=6.30 dtm=39.8
obu-ramp-merge-5-1     | [26.2] Ramp_Merge_5 role=merge state=MERGING->MERGING speed=6.30 target=6.48 neighbors=11
obu-main-back-left-1   | [26.2] Main_Back_Left role=lead state=CRUISE->CRUISE speed=5.64 target=7.50 neighbors=11
obu-ramp-back-1        | [26.2] Ramp_Back MCM_RX_ACCEPT: from=101 manoeuvre=158 target=112
obu-main-back-right-1  | [26.2] Main_Back_Right MCM_RX_REQUEST: from=108 manoeuvre=39 target=106
obu-main-back-right-1  | [26.2] Main_Back_Right MCM_RX_REQUEST: from=108 manoeuvre=39 target=106
obu-main-back-right-1  | [26.2] Main_Back_Right MCM_RX_REQUEST: from=108 manoeuvre=39 target=106
obu-main-back-right-1  | [26.2] Main_Back_Right MCM_RX_REQUEST: from=109 manoeuvre=67 target=106
obu-main-back-right-1  | [26.2] Main_Back_Right MCM_RX_REQUEST: from=109 manoeuvre=67 target=106
obu-main-back-right-1  | [26.2] Main_Back_Right MCM_RX_REQUEST: from=109 manoeuvre=67 target=106
obu-main-front-left-1  | [26.2] Main_Front_Left MCM_RX_REQUEST: from=112 manoeuvre=159 target=102
obu-ramp-back-1        | [26.2] Ramp_Back MERGE_DECISION: auth=True phys=True fgok=True lgok=True hgok=True cok=True esok=True cready=True dtm=68.0 past=False committed=False hid=102 ra=2 lclear=True hyok=True
obu-ramp-back-1        | [26.2] Ramp_Back MERGE_START_GAP_DIAG: event=start lead=104 host=102 lead_eta=4.117860591229833 own_eta=10.327449517440138 host_eta=20.535237281027314 lead_gap=48.83659734623779 host_gap=56.781065687015825 lead_gap_p1=48.83659734623779 lead_gap_p2=48.83659734623779 lead_gap_p3=48.83659734623779 host_gap_p1=56.73253875991328 host_gap_p2=56.68401183281074 host_gap_p3=56.6354849057082 rel_to_lead=-0.8414730728974584 rel_to_host=0.04852692710254125 lead_lat=75.03434296803124 host_lat=178.43733729285958 edge=34126779 lane=0 lane_cmd_state=None lane_cmd_edge=None lane_cmd_target=None lane_cmd_executable=None dtm=68.0 speed=6.59
obu-ramp-back-1        | MERGE_ATTEMPT_TIMELINE: vehicle=Ramp_Back manoeuvre=159 host=102 lead=104 event=PHYSICAL_START t=26.2 edge=34126779 lane=0 lane_cmd_state=NONE speed=6.59 target=6.75 dtm=68.0 lead_gap=48.84 host_gap=56.78 lead_gap_t1=48.84 lead_gap_t2=48.84 lead_gap_t3=48.84 host_gap_t1=56.73 host_gap_t2=56.68 host_gap_t3=56.64
obu-ramp-back-1        | [26.2] Ramp_Back MERGE_PHYSICAL_START: host=102 manoeuvre=159
obu-ramp-back-1        | [26.2] Ramp_Back MERGING!
obu-main-mid-right-1   | [26.2] Main_Mid_Right role=cruise state=CRUISE->CRUISE speed=7.50 target=7.50 neighbors=11
obu-lead-car-1         | HOST_RESERVATION_HOLD: host=Lead_Car ramp=112 manoeuvre=158 remaining=0.5 own_speed=6.45 target_speed=6.43 ramp_fsm=NEGOTIATING ramp_lane_cmd_state=NONE ramp_edge=34126779 ramp_lane=0 ramp_merge_completed=False ramp_merge_committed=False
obu-lead-car-1         | [26.3] Lead_Car HOST_HOLD_YIELD: for merge=112 spd=6.43
obu-main-front-left-1  | HOST_RESERVATION_HOLD: host=Main_Front_Left ramp=112 manoeuvre=159 remaining=2.5 own_speed=6.52 target_speed=6.58 ramp_fsm=NEGOTIATING ramp_lane_cmd_state=NONE ramp_edge=34126779 ramp_lane=0 ramp_merge_completed=False ramp_merge_committed=False
obu-main-front-left-1  | [26.2] Main_Front_Left HOST_HOLD_YIELD: for merge=112 spd=6.58
obu-lead-car-1         | [26.3] Lead_Car MCM_TX_ACCEPT: manoeuvre=158 target=112
obu-lead-car-1         | [26.3] Lead_Car role=host state=YIELDING->YIELDING speed=6.45 target=6.43 neighbors=11
obu-main-front-left-1  | [26.2] Main_Front_Left MCM_TX_ACCEPT: manoeuvre=159 target=112
obu-main-front-left-1  | [26.2] Main_Front_Left role=host state=YIELDING->YIELDING speed=6.52 target=6.58 neighbors=11
obu-main-back-right-1  | [26.2] Main_Back_Right MCM_TX_REJECT: manoeuvre=67 target=109
obu-ramp-merge-3-1     | [26.2] Ramp_Merge_3 MCM_TX_REQUEST: manoeuvre=67 target=106
obu-ramp-merge-3-1     | [26.2] Ramp_Merge_3 FINAL_GUARD: REJECTED slot-boundary sid=105 gap=3.3
obu-ramp-merge-3-1     | [26.2] Ramp_Merge_3 MERGE_DECISION: auth=False phys=True fgok=False lgok=False hgok=True cok=True esok=True cready=True dtm=5.1 past=False committed=False hid=106 ra=None lclear=False hyok=False
obu-ramp-merge-3-1     | [26.2] Ramp_Merge_3 CAR_FOLLOW: sid=106 edge=1331698336 lane=0 leader_edge= leader_lane=None leader_role_hint=main self_merge_completed=False self_merge_completed_age=-1.0 self_merge_committed=False lane_cmd_state=None lane_cmd_edge=None lane_cmd_target=None lane_cmd_executable=None same_lane=False reason=merge_conflict_eta gap=1.7 follow_spd=4.12 emergency=False target_before=5.1953718760229055 target_after=5.395371876022906
obu-ramp-merge-4-1     | [26.3] Ramp_Merge_4 FINAL_GUARD: REJECTED slot-boundary sid=106 gap=7.2
obu-ramp-merge-4-1     | [26.3] Ramp_Merge_4 CAR_FOLLOW: sid=104 edge=34126779 lane=0 leader_edge= leader_lane=None leader_role_hint=main self_merge_completed=False self_merge_completed_age=-1.0 self_merge_committed=False lane_cmd_state=None lane_cmd_edge=None lane_cmd_target=None lane_cmd_executable=None same_lane=False reason=merge_conflict_eta gap=0.6 follow_spd=4.12 emergency=False target_before=5.861788382236911 target_after=5.611788382236911
obu-main-front-left-1  | HOST_RESERVATION_HOLD: host=Main_Front_Left ramp=112 manoeuvre=159 remaining=2.3 own_speed=6.51 target_speed=6.58 ramp_fsm=NEGOTIATING ramp_lane_cmd_state=NONE ramp_edge=34126779 ramp_lane=0 ramp_merge_completed=False ramp_merge_committed=False
obu-main-front-left-1  | [26.4] Main_Front_Left HOST_HOLD_YIELD: for merge=112 spd=6.58
obu-ramp-merge-3-1     | [26.3] Ramp_Merge_3 FINAL_GUARD: REJECTED slot-boundary sid=105 gap=3.4
obu-ramp-merge-3-1     | [26.3] Ramp_Merge_3 MERGE_DECISION: auth=False phys=True fgok=False lgok=False hgok=False cok=True esok=True cready=True dtm=5.3 past=False committed=False hid=106 ra=None lclear=False hyok=False
obu-ramp-merge-3-1     | [26.3] Ramp_Merge_3 CAR_FOLLOW: sid=106 edge=1331698336 lane=0 leader_edge= leader_lane=None leader_role_hint=main self_merge_completed=False self_merge_completed_age=-1.0 self_merge_committed=False lane_cmd_state=None lane_cmd_edge=None lane_cmd_target=None lane_cmd_executable=None same_lane=False reason=merge_conflict_eta gap=1.4 follow_spd=4.12 emergency=False target_before=5.185063371387254 target_after=5.385063371387254
obu-main-front-left-1  | HOST_RESERVATION_EXTEND_UNTIL_CLEAR: host=Main_Front_Left ramp=112 manoeuvre=159 new_remaining=4.0 ramp_lcs=NONE ramp_edge=34126779
obu-main-front-left-1  | HOST_RESERVATION_HOLD: host=Main_Front_Left ramp=112 manoeuvre=159 remaining=4.0 own_speed=6.51 target_speed=6.58 ramp_fsm=MERGING ramp_lane_cmd_state=NONE ramp_edge=34126779 ramp_lane=0 ramp_merge_completed=False ramp_merge_committed=True
obu-main-front-left-1  | [26.5] Main_Front_Left HOST_HOLD_YIELD: for merge=112 spd=6.58
obu-main-front-left-1  | [26.5] Main_Front_Left MCM_TX_ACCEPT: manoeuvre=159 target=112
obu-main-back-right-1  | [26.5] Main_Back_Right MCM_TX_REJECT: manoeuvre=67 target=109
obu-main-back-right-1  | [26.5] Main_Back_Right role=host state=CRUISE->CRUISE speed=7.01 target=7.50 neighbors=11
obu-ramp-merge-3-1     | [26.6] Ramp_Merge_3 MCM_TX_REQUEST: manoeuvre=67 target=106
obu-ramp-merge-3-1     | [26.6] Ramp_Merge_3 FINAL_GUARD: REJECTED slot-boundary sid=105 gap=4.4
obu-ramp-merge-3-1     | [26.6] Ramp_Merge_3 MERGE_DECISION: auth=False phys=True fgok=False lgok=False hgok=False cok=True esok=True cready=True dtm=6.2 past=False committed=False hid=106 ra=None lclear=False hyok=False
obu-ramp-merge-3-1     | [26.6] Ramp_Merge_3 CAR_FOLLOW: sid=106 edge=1331698336 lane=0 leader_edge= leader_lane=None leader_role_hint=main self_merge_completed=False self_merge_completed_age=-1.0 self_merge_committed=False lane_cmd_state=None lane_cmd_edge=None lane_cmd_target=None lane_cmd_executable=None same_lane=False reason=merge_conflict_eta gap=1.2 follow_spd=4.12 emergency=False target_before=5.152855196427237 target_after=5.352855196427237
obu-ramp-merge-3-1     | [26.6] Ramp_Merge_3 role=merge state=YIELDING->YIELDING speed=5.60 target=5.35 neighbors=11
obu-ramp-merge-3-1     | [26.7] Ramp_Merge_3 MCM_RX_REJECT: from=106 manoeuvre=67 target=109
obu-ramp-back-1        | [26.4] Ramp_Back MERGE_LANE_WAIT_EDGE_CONFIRMED: edge=34126779 lane=0 target_lane=1 lane_count=1 executable=False
obu-host-car-1         | [26.5] Host_Car role=cruise state=CRUISE->CRUISE speed=7.46 target=7.50 neighbors=11
obu-ramp-merge-3-1     | [26.7] Ramp_Merge_3 MCM_RX_REJECT: from=106 manoeuvre=67 target=109
obu-main-back-right-1  | [26.7] Main_Back_Right MCM_RX_REQUEST: from=109 manoeuvre=67 target=106
obu-main-back-right-1  | [26.7] Main_Back_Right MCM_RX_REQUEST: from=109 manoeuvre=67 target=106
obu-merge-car-1        | [26.7] Merge_Car role=cruise state=CRUISE->CRUISE speed=7.49 target=7.50 neighbors=11
obu-ramp-back-1        | [26.7] Ramp_Back MCM_RX_ACCEPT: from=102 manoeuvre=159 target=112
obu-ramp-back-1        | [26.7] Ramp_Back MCM_RX_ACCEPT: from=102 manoeuvre=159 target=112
obu-ramp-back-1        | [26.7] Ramp_Back MCM_RX_ACCEPT: from=101 manoeuvre=158 target=112
obu-ramp-back-1        | MERGE_ATTEMPT_TIMELINE: vehicle=Ramp_Back manoeuvre=159 host=102 lead=104 event=WAIT_EDGE t=26.7 edge=34126779 lane=0 lane_cmd_state=WAIT_EDGE speed=6.59 target=6.75 dtm=65.4 lead_gap=54.13 host_gap=72.14 lead_gap_t1=54.13 lead_gap_t2=54.13 lead_gap_t3=54.13 host_gap_t1=72.06 host_gap_t2=71.97 host_gap_t3=71.89
obu-ramp-back-1        | [26.7] Ramp_Back MERGE_COMMIT_WAIT_LANE_AVAILABLE: edge=34126779 lane=0 target_lane=1 lane_count=1 executable=False speed=6.59 dtm=65.4
obu-ramp-back-1        | [26.7] Ramp_Back role=merge state=MERGING->MERGING speed=6.59 target=6.75 neighbors=11
obu-main-front-left-1  | HOST_RESERVATION_EXTEND_UNTIL_CLEAR: host=Main_Front_Left ramp=112 manoeuvre=159 new_remaining=4.0 ramp_lcs=NONE ramp_edge=34126779
obu-main-front-left-1  | HOST_RESERVATION_HOLD: host=Main_Front_Left ramp=112 manoeuvre=159 remaining=4.0 own_speed=6.51 target_speed=6.58 ramp_fsm=MERGING ramp_lane_cmd_state=NONE ramp_edge=34126779 ramp_lane=0 ramp_merge_completed=False ramp_merge_committed=True
obu-main-front-left-1  | [26.7] Main_Front_Left HOST_HOLD_YIELD: for merge=112 spd=6.58
obu-ramp-merge-2-1     | [26.7] Ramp_Merge_2 MCM_TX_REQUEST: manoeuvre=39 target=106
obu-ramp-merge-2-1     | [26.7] Ramp_Merge_2 MCM_PENDING_HOLD_LATE_HOST: host=106 age=1.2 dtm=27.7 lead_gap=None host_gap=35.39 pending_age=1.9 accepted_at=None reason=ahead(eta=1.81<=own=5.46)
obu-ramp-merge-2-1     | [26.7] Ramp_Merge_2 role=merge state=NEGOTIATING->NEGOTIATING speed=5.08 target=5.08 neighbors=11
obu-ramp-merge-4-1     | [26.7] Ramp_Merge_4 FINAL_GUARD: REJECTED slot-boundary sid=106 gap=7.1
obu-ramp-merge-4-1     | [26.7] Ramp_Merge_4 CAR_FOLLOW: sid=106 edge=34126779 lane=0 leader_edge= leader_lane=None leader_role_hint=main self_merge_completed=False self_merge_completed_age=-1.0 self_merge_committed=False lane_cmd_state=None lane_cmd_edge=None lane_cmd_target=None lane_cmd_executable=None same_lane=False reason=merge_conflict_eta gap=1.4 follow_spd=5.56 emergency=False target_before=5.816857424474389 target_after=5.566857424474389
obu-ramp-merge-5-1     | [26.7] Ramp_Merge_5 MERGE_COMMIT_WAIT_LANE_AVAILABLE: edge=34126779 lane=0 target_lane=1 lane_count=1 executable=False speed=6.33 dtm=36.7
obu-main-back-left-1   | HOST_RELEASE_BEFORE_CLEAR: host=Main_Back_Left ramp=108 manoeuvre=38 reason=timeout ramp_fsm=NEGOTIATING ramp_lane_cmd_state=NONE ramp_edge=1331698336 ramp_lane=0 ramp_merge_completed=False ramp_merge_committed=False
obu-ramp-back-1        | [26.8] Ramp_Back MERGE_COMMIT_WAIT_LANE_AVAILABLE: edge=34126779 lane=0 target_lane=1 lane_count=1 executable=False speed=6.60 dtm=64.8
obu-main-front-left-1  | HOST_RESERVATION_EXTEND_UNTIL_CLEAR: host=Main_Front_Left ramp=112 manoeuvre=159 new_remaining=4.0 ramp_lcs=WAIT_EDGE ramp_edge=34126779
obu-main-front-left-1  | HOST_RESERVATION_HOLD: host=Main_Front_Left ramp=112 manoeuvre=159 remaining=4.0 own_speed=6.50 target_speed=6.58 ramp_fsm=MERGING ramp_lane_cmd_state=WAIT_EDGE ramp_edge=34126779 ramp_lane=0 ramp_merge_completed=False ramp_merge_committed=True
obu-main-front-left-1  | [26.9] Main_Front_Left HOST_HOLD_YIELD: for merge=112 spd=6.58
obu-main-front-left-1  | [26.9] Main_Front_Left MCM_TX_ACCEPT: manoeuvre=159 target=112
obu-main-back-right-1  | [26.8] Main_Back_Right MCM_TX_REJECT: manoeuvre=67 target=109
obu-ramp-merge-2-1     | [26.8] Ramp_Merge_2 MCM_PENDING_HOLD_LATE_HOST: host=106 age=1.3 dtm=28.2 lead_gap=None host_gap=35.89 pending_age=2.0 accepted_at=None reason=ahead(eta=1.81<=own=5.57)
obu-ramp-merge-4-1     | [26.8] Ramp_Merge_4 FINAL_GUARD: REJECTED slot-boundary sid=106 gap=6.6
obu-ramp-merge-4-1     | [26.8] Ramp_Merge_4 CAR_FOLLOW: sid=106 edge=34126779 lane=0 leader_edge= leader_lane=None leader_role_hint=main self_merge_completed=False self_merge_completed_age=-1.0 self_merge_committed=False lane_cmd_state=None lane_cmd_edge=None lane_cmd_target=None lane_cmd_executable=None same_lane=False reason=merge_conflict_eta gap=1.3 follow_spd=5.38 emergency=False target_before=5.806603972362515 target_after=5.556603972362515
obu-ramp-merge-5-1     | [26.8] Ramp_Merge_5 MERGE_COMMIT_WAIT_LANE_AVAILABLE: edge=34126779 lane=0 target_lane=1 lane_count=1 executable=False speed=6.34 dtm=36.1
obu-main-front-left-1  | HOST_RESERVATION_EXTEND_UNTIL_CLEAR: host=Main_Front_Left ramp=112 manoeuvre=159 new_remaining=4.0 ramp_lcs=WAIT_EDGE ramp_edge=34126779
obu-main-front-left-1  | HOST_RESERVATION_HOLD: host=Main_Front_Left ramp=112 manoeuvre=159 remaining=4.0 own_speed=6.39 target_speed=6.58 ramp_fsm=MERGING ramp_lane_cmd_state=WAIT_EDGE ramp_edge=34126779 ramp_lane=0 ramp_merge_completed=False ramp_merge_committed=True
obu-main-front-left-1  | [27.1] Main_Front_Left HOST_HOLD_YIELD: for merge=112 spd=6.58
obu-ramp-merge-2-1     | [27.0] Ramp_Merge_2 MCM_TX_REQUEST: manoeuvre=39 target=106
obu-ramp-merge-2-1     | [27.0] Ramp_Merge_2 MCM_PENDING_HOLD_LATE_HOST: host=106 age=1.5 dtm=29.2 lead_gap=None host_gap=36.91 pending_age=2.2 accepted_at=None reason=ahead(eta=1.81<=own=5.77)
obu-ramp-merge-4-1     | [27.0] Ramp_Merge_4 FINAL_GUARD: REJECTED slot-boundary sid=106 gap=5.7
obu-ramp-merge-4-1     | [27.0] Ramp_Merge_4 CAR_FOLLOW: sid=106 edge=34126779 lane=0 leader_edge= leader_lane=None leader_role_hint=main self_merge_completed=False self_merge_completed_age=-1.0 self_merge_committed=False lane_cmd_state=None lane_cmd_edge=None lane_cmd_target=None lane_cmd_executable=None same_lane=False reason=merge_conflict_eta gap=1.1 follow_spd=5.03 emergency=False target_before=5.785362904437143 target_after=5.535362904437143
obu-ramp-merge-5-1     | [27.0] Ramp_Merge_5 MERGE_COMMIT_WAIT_LANE_AVAILABLE: edge=34126779 lane=0 target_lane=1 lane_count=1 executable=False speed=6.36 dtm=34.9
obu-main-mid-right-1   | [27.2] Main_Mid_Right role=cruise state=CRUISE->CRUISE speed=7.50 target=7.50 neighbors=11
obu-main-front-left-1  | HOST_RESERVATION_EXTEND_UNTIL_CLEAR: host=Main_Front_Left ramp=112 manoeuvre=159 new_remaining=4.0 ramp_lcs=WAIT_EDGE ramp_edge=34126779
obu-main-front-left-1  | HOST_RESERVATION_HOLD: host=Main_Front_Left ramp=112 manoeuvre=159 remaining=4.0 own_speed=6.41 target_speed=6.58 ramp_fsm=MERGING ramp_lane_cmd_state=WAIT_EDGE ramp_edge=34126779 ramp_lane=0 ramp_merge_completed=False ramp_merge_committed=True
obu-main-front-left-1  | [27.3] Main_Front_Left HOST_HOLD_YIELD: for merge=112 spd=6.58
obu-main-front-left-1  | [27.3] Main_Front_Left MCM_TX_ACCEPT: manoeuvre=159 target=112
obu-main-front-left-1  | [27.3] Main_Front_Left role=host state=YIELDING->YIELDING speed=6.41 target=6.58 neighbors=11
obu-main-back-right-1  | [27.2] Main_Back_Right MCM_TX_REJECT: manoeuvre=67 target=109
obu-ramp-merge-2-1     | MERGE_ATTEMPT_TIMELINE: vehicle=Ramp_Merge_2 manoeuvre=39 host=106 lead=None event=TIMEOUT t=27.2 edge=1331698336 lane=0 lane_cmd_state=NONE speed=5.06 target=6.75 dtm=30.2 lead_gap= host_gap=37.92 lead_gap_t1= lead_gap_t2= lead_gap_t3= host_gap_t1=35.97 host_gap_t2=34.02 host_gap_t3=32.07
obu-ramp-merge-2-1     | [27.2] Ramp_Merge_2 MCM_PENDING_ABANDON: host=106 ahead(eta=1.81<=own=5.97)
obu-ramp-merge-2-1     | [27.2] Ramp_Merge_2 FINAL_GUARD: REJECTED sid=104 gap=7.4
obu-ramp-merge-2-1     | [27.2] Ramp_Merge_2 MERGE_DECISION: auth=False phys=True fgok=False lgok=True hgok=True cok=True esok=True cready=True dtm=30.2 past=True committed=False hid=None ra=None lclear=True hyok=True
obu-ramp-merge-2-1     | [27.2] Ramp_Merge_2 MERGE_FAILED_LOST_AUTH_AFTER_POINT: dtm=30.2 past=True hid=None auth=False
obu-ramp-merge-4-1     | [27.2] Ramp_Merge_4 FINAL_GUARD: REJECTED slot-boundary sid=106 gap=4.8
obu-ramp-merge-4-1     | [27.2] Ramp_Merge_4 CAR_FOLLOW: sid=106 edge=34126779 lane=0 leader_edge= leader_lane=None leader_role_hint=main self_merge_completed=False self_merge_completed_age=-1.0 self_merge_committed=False lane_cmd_state=None lane_cmd_edge=None lane_cmd_target=None lane_cmd_executable=None same_lane=False reason=merge_conflict_eta gap=0.9 follow_spd=4.69 emergency=False target_before=5.763545947535182 target_after=5.513545947535182
obu-ramp-merge-4-1     | [27.2] Ramp_Merge_4 role=merge state=NEGOTIATING->NEGOTIATING speed=5.76 target=5.51 neighbors=11
obu-ramp-merge-5-1     | [27.2] Ramp_Merge_5 MERGE_COMMIT_WAIT_LANE_AVAILABLE: edge=34126779 lane=0 target_lane=1 lane_count=1 executable=False speed=6.37 dtm=33.7
obu-ramp-merge-5-1     | [27.2] Ramp_Merge_5 role=merge state=MERGING->MERGING speed=6.37 target=6.55 neighbors=11
obu-main-back-left-1   | [27.3] Main_Back_Left role=cruise state=CRUISE->CRUISE speed=6.44 target=7.50 neighbors=11
obu-main-back-right-1  | [27.4] Main_Back_Right MCM_RX_REQUEST: from=108 manoeuvre=39 target=106
obu-ramp-merge-3-1     | [27.4] Ramp_Merge_3 MCM_RX_REJECT: from=106 manoeuvre=67 target=109
obu-ramp-merge-3-1     | [27.4] Ramp_Merge_3 MCM_RX_REJECT: from=106 manoeuvre=67 target=109
obu-ramp-back-1        | [27.4] Ramp_Back MCM_RX_ACCEPT: from=102 manoeuvre=159 target=112
obu-ramp-back-1        | [27.4] Ramp_Back MCM_RX_ACCEPT: from=102 manoeuvre=159 target=112
obu-lead-car-1         | [27.5] Lead_Car role=cruise state=CRUISE->CRUISE speed=6.68 target=7.50 neighbors=11
obu-main-front-left-1  | HOST_RESERVATION_EXTEND_UNTIL_CLEAR: host=Main_Front_Left ramp=112 manoeuvre=159 new_remaining=4.0 ramp_lcs=WAIT_EDGE ramp_edge=34126779
obu-main-front-left-1  | HOST_RESERVATION_HOLD: host=Main_Front_Left ramp=112 manoeuvre=159 remaining=4.0 own_speed=6.42 target_speed=6.58 ramp_fsm=MERGING ramp_lane_cmd_state=WAIT_EDGE ramp_edge=34126779 ramp_lane=0 ramp_merge_completed=False ramp_merge_committed=True
obu-main-front-left-1  | [27.5] Main_Front_Left HOST_HOLD_YIELD: for merge=112 spd=6.58
obu-ramp-merge-3-1     | [27.4] Ramp_Merge_3 MCM_TX_REQUEST: manoeuvre=67 target=106
obu-ramp-merge-3-1     | [27.4] Ramp_Merge_3 MCM_REJECT: host=106 manoeuvre=67
obu-ramp-merge-3-1     | [27.4] Ramp_Merge_3 CAR_FOLLOW: sid=106 edge=1331698336 lane=0 leader_edge= leader_lane=None leader_role_hint=main self_merge_completed=False self_merge_completed_age=-1.0 self_merge_committed=False lane_cmd_state=None lane_cmd_edge=None lane_cmd_target=None lane_cmd_executable=None same_lane=False reason=merge_conflict_eta gap=0.6 follow_spd=4.12 emergency=False target_before=5.2710187111514335 target_after=5.2710187111514335
obu-main-back-right-1  | [27.4] Main_Back_Right MCM_RX_REQUEST: from=108 manoeuvre=39 target=106
obu-ramp-merge-2-1     | [27.4] Ramp_Merge_2 FINAL_GUARD: REJECTED slot-boundary sid=104 gap=9.2
obu-ramp-merge-2-1     | [27.4] Ramp_Merge_2 CAR_FOLLOW: sid=104 edge=1331698336 lane=0 leader_edge= leader_lane=None leader_role_hint=main self_merge_completed=False self_merge_completed_age=-1.0 self_merge_committed=False lane_cmd_state=None lane_cmd_edge=None lane_cmd_target=None lane_cmd_executable=None same_lane=False reason=merge_conflict_eta gap=0.9 follow_spd=4.59 emergency=False target_before=4.810780532584904 target_after=4.810780532584904
obu-ramp-merge-4-1     | [27.4] Ramp_Merge_4 CAR_FOLLOW: sid=106 edge=34126779 lane=0 leader_edge= leader_lane=None leader_role_hint=main self_merge_completed=False self_merge_completed_age=-1.0 self_merge_committed=False lane_cmd_state=None lane_cmd_edge=None lane_cmd_target=None lane_cmd_executable=None same_lane=True reason=same_lane_cam gap=2.1 follow_spd=2.62 emergency=False target_before=6.75 target_after=5.492307051559577
obu-ramp-merge-5-1     | [27.4] Ramp_Merge_5 MERGE_COMMIT_WAIT_LANE_AVAILABLE: edge=34126779 lane=0 target_lane=1 lane_count=1 executable=False speed=6.39 dtm=32.4
obu-ramp-back-1        | [27.4] Ramp_Back MERGE_COMMIT_WAIT_LANE_AVAILABLE: edge=34126779 lane=0 target_lane=1 lane_count=1 executable=False speed=6.64 dtm=61.7
obu-ramp-merge-3-1     | MERGE_ATTEMPT_TIMELINE: vehicle=Ramp_Merge_3 manoeuvre=68 host=103 lead=106 event=REQUEST_SENT t=27.5 edge=1331698336 lane=0 lane_cmd_state=NONE speed=5.51 target=6.75 dtm=10.2 lead_gap=12.21 host_gap=92.40 lead_gap_t1=10.72 lead_gap_t2=9.23 lead_gap_t3=7.74 host_gap_t1=92.40 host_gap_t2=92.40 host_gap_t3=92.40
obu-main-back-right-1  | [27.5] Main_Back_Right MCM_TX_REJECT: manoeuvre=67 target=109
obu-main-back-right-1  | [27.5] Main_Back_Right role=host state=CRUISE->CRUISE speed=6.85 target=7.50 neighbors=11
obu-ramp-merge-3-1     | [27.5] Ramp_Merge_3 MCM_TX_REQUEST: manoeuvre=68 target=103
obu-ramp-merge-3-1     | [27.5] Ramp_Merge_3 FINAL_GUARD: REJECTED slot-boundary ETA sid=106
obu-main-front-left-1  | HOST_RESERVATION_EXTEND_UNTIL_CLEAR: host=Main_Front_Left ramp=112 manoeuvre=159 new_remaining=4.0 ramp_lcs=WAIT_EDGE ramp_edge=34126779
obu-main-front-left-1  | HOST_RESERVATION_HOLD: host=Main_Front_Left ramp=112 manoeuvre=159 remaining=4.0 own_speed=6.43 target_speed=6.58 ramp_fsm=MERGING ramp_lane_cmd_state=WAIT_EDGE ramp_edge=34126779 ramp_lane=0 ramp_merge_completed=False ramp_merge_committed=True
obu-ramp-merge-3-1     | [27.5] Ramp_Merge_3 MERGE_DECISION: auth=False phys=True fgok=False lgok=False hgok=True cok=True esok=True cready=True dtm=10.2 past=False committed=False hid=103 ra=None lclear=False hyok=True
obu-main-front-left-1  | [27.6] Main_Front_Left HOST_HOLD_YIELD: for merge=112 spd=6.58
obu-ramp-merge-3-1     | [27.5] Ramp_Merge_3 CAR_FOLLOW: sid=106 edge=1331698336 lane=0 leader_edge= leader_lane=None leader_role_hint=main self_merge_completed=False self_merge_completed_age=-1.0 self_merge_committed=False lane_cmd_state=None lane_cmd_edge=None lane_cmd_target=None lane_cmd_executable=None same_lane=False reason=merge_conflict_eta gap=0.7 follow_spd=4.12 emergency=False target_before=5.0626105354152235 target_after=5.262610535415224
obu-main-front-left-1  | [27.6] Main_Front_Left MCM_TX_ACCEPT: manoeuvre=159 target=112
obu-ramp-merge-2-1     | MERGE_ATTEMPT_TIMELINE: vehicle=Ramp_Merge_2 manoeuvre=40 host=103 lead=106 event=REQUEST_SENT t=27.5 edge=1331698336 lane=0 lane_cmd_state=NONE speed=5.06 target=6.75 dtm=31.7 lead_gap=34.55 host_gap=70.06 lead_gap_t1=32.72 lead_gap_t2=30.89 lead_gap_t3=29.06 host_gap_t1=70.06 host_gap_t2=70.06 host_gap_t3=70.06
obu-main-back-right-1  | [27.6] Main_Back_Right MCM_RX_REQUEST: from=109 manoeuvre=67 target=106
obu-ramp-merge-4-1     | MERGE_ATTEMPT_TIMELINE: vehicle=Ramp_Merge_4 manoeuvre=98 host=103 lead=105 event=REQUEST_SENT t=27.5 edge=34126779 lane=0 lane_cmd_state=NONE speed=5.73 target=6.75 dtm=13.8 lead_gap=17.00 host_gap=106.09 lead_gap_t1=17.00 lead_gap_t2=17.00 lead_gap_t3=17.00 host_gap_t1=106.09 host_gap_t2=106.09 host_gap_t3=106.09
obu-ramp-merge-2-1     | [27.5] Ramp_Merge_2 MCM_TX_REQUEST: manoeuvre=40 target=103
obu-ramp-merge-2-1     | [27.5] Ramp_Merge_2 FINAL_GUARD: REJECTED sid=104 gap=13.0
obu-ramp-merge-5-1     | [27.5] Ramp_Merge_5 MERGE_COMMIT_WAIT_LANE_AVAILABLE: edge=34126779 lane=0 target_lane=1 lane_count=1 executable=False speed=6.39 dtm=31.8
obu-ramp-merge-4-1     | [27.5] Ramp_Merge_4 MCM_TX_REQUEST: manoeuvre=98 target=103
obu-ramp-merge-2-1     | [27.5] Ramp_Merge_2 MERGE_DECISION: auth=False phys=True fgok=False lgok=True hgok=True cok=True esok=True cready=True dtm=31.7 past=True committed=False hid=103 ra=None lclear=False hyok=True
obu-ramp-merge-2-1     | [27.5] Ramp_Merge_2 MERGE_FAILED_LOST_AUTH_AFTER_POINT: dtm=31.7 past=True hid=103 auth=False
obu-ramp-merge-4-1     | [27.5] Ramp_Merge_4 FINAL_GUARD: REJECTED slot-boundary ETA sid=105
obu-ramp-merge-4-1     | [27.5] Ramp_Merge_4 MERGE_DECISION: auth=False phys=True fgok=False lgok=False hgok=True cok=False esok=True cready=True dtm=13.8 past=False committed=False hid=103 ra=None lclear=False hyok=True
obu-ramp-merge-4-1     | [27.5] Ramp_Merge_4 CAR_FOLLOW: sid=106 edge=34126779 lane=0 leader_edge= leader_lane=None leader_role_hint=main self_merge_completed=False self_merge_completed_age=-1.0 self_merge_committed=False lane_cmd_state=None lane_cmd_edge=None lane_cmd_target=None lane_cmd_executable=None same_lane=True reason=same_lane_cam gap=1.5 follow_spd=2.62 emergency=False target_before=5.481959844203455 target_after=5.481959844203455
obu-ramp-back-1        | [27.5] Ramp_Back MERGE_COMMIT_WAIT_LANE_AVAILABLE: edge=34126779 lane=0 target_lane=1 lane_count=1 executable=False speed=6.65 dtm=61.1
obu-ramp-merge-3-1     | [27.7] Ramp_Merge_3 FINAL_GUARD: REJECTED slot-boundary ETA sid=106
obu-ramp-merge-3-1     | [27.7] Ramp_Merge_3 MERGE_DECISION: auth=False phys=True fgok=False lgok=False hgok=True cok=True esok=True cready=True dtm=11.2 past=True committed=False hid=103 ra=None lclear=False hyok=True
obu-ramp-merge-3-1     | [27.7] Ramp_Merge_3 CAR_FOLLOW: sid=106 edge=1331698336 lane=0 leader_edge= leader_lane=None leader_role_hint=main self_merge_completed=False self_merge_completed_age=-1.0 self_merge_committed=False lane_cmd_state=None lane_cmd_edge=None lane_cmd_target=None lane_cmd_executable=None same_lane=False reason=merge_conflict_eta gap=1.1 follow_spd=4.55 emergency=False target_before=5.042942565600105 target_after=5.242942565600105
obu-ramp-merge-3-1     | [27.7] Ramp_Merge_3 role=merge state=YIELDING->YIELDING speed=5.49 target=5.24 neighbors=11
obu-ramp-merge-5-1     | [27.7] Ramp_Merge_5 MERGE_COMMIT_WAIT_LANE_AVAILABLE: edge=34126779 lane=0 target_lane=1 lane_count=1 executable=False speed=6.41 dtm=30.5
obu-ramp-merge-2-1     | [27.7] Ramp_Merge_2 FINAL_GUARD: REJECTED sid=104 gap=12.1
obu-ramp-merge-2-1     | [27.7] Ramp_Merge_2 role=merge state=ABORT->ABORT speed=4.83 target=4.58 neighbors=11
obu-ramp-merge-4-1     | [27.7] Ramp_Merge_4 FINAL_GUARD: REJECTED slot-boundary ETA sid=105
obu-ramp-merge-4-1     | [27.7] Ramp_Merge_4 MERGE_DECISION: auth=False phys=True fgok=False lgok=False hgok=True cok=True esok=True cready=True dtm=12.7 past=False committed=False hid=103 ra=None lclear=False hyok=True
obu-ramp-merge-4-1     | [27.7] Ramp_Merge_4 CAR_FOLLOW: sid=105 edge=34126779 lane=0 leader_edge= leader_lane=None leader_role_hint=main self_merge_completed=False self_merge_completed_age=-1.0 self_merge_committed=False lane_cmd_state=None lane_cmd_edge=None lane_cmd_target=None lane_cmd_executable=None same_lane=False reason=merge_conflict_eta gap=0.8 follow_spd=4.30 emergency=False target_before=5.459602544479519 target_after=5.459602544479519
obu-merge-car-1        | [27.7] Merge_Car role=cruise state=CRUISE->CRUISE speed=7.49 target=7.50 neighbors=11
obu-ramp-back-1        | [27.7] Ramp_Back MERGE_COMMIT_WAIT_LANE_AVAILABLE: edge=34126779 lane=0 target_lane=1 lane_count=1 executable=False speed=6.66 dtm=59.9
obu-ramp-back-1        | [27.7] Ramp_Back role=merge state=MERGING->MERGING speed=6.66 target=6.75 neighbors=11
obu-main-back-right-1  | [27.8] Main_Back_Right MCM_TX_REJECT: manoeuvre=67 target=109
obu-ramp-merge-3-1     | [27.8] Ramp_Merge_3 MCM_TX_REQUEST: manoeuvre=68 target=103
obu-ramp-merge-3-1     | [27.8] Ramp_Merge_3 FINAL_GUARD: REJECTED sid=105 gap=3.2
obu-ramp-merge-3-1     | [27.8] Ramp_Merge_3 MERGE_DECISION: auth=False phys=True fgok=False lgok=False hgok=True cok=True esok=True cready=True dtm=11.7 past=True committed=False hid=103 ra=None lclear=False hyok=True
obu-ramp-merge-3-1     | [27.8] Ramp_Merge_3 MERGE_FAILED_LOST_AUTH_AFTER_POINT: dtm=11.7 past=True hid=103 auth=False
obu-ramp-merge-3-1     | [27.8] Ramp_Merge_3 CAR_FOLLOW: sid=106 edge=1331698336 lane=0 leader_edge= leader_lane=None leader_role_hint=main self_merge_completed=False self_merge_completed_age=-1.0 self_merge_committed=False lane_cmd_state=None lane_cmd_edge=None lane_cmd_target=None lane_cmd_executable=None same_lane=False reason=merge_conflict_eta gap=1.2 follow_spd=4.76 emergency=False target_before=0.5 target_after=5.231846372877671
obu-ramp-merge-5-1     | [27.8] Ramp_Merge_5 MERGE_COMMIT_WAIT_LANE_AVAILABLE: edge=34126779 lane=0 target_lane=1 lane_count=1 executable=False speed=6.42 dtm=29.9
obu-ramp-merge-2-1     | [27.8] Ramp_Merge_2 MCM_TX_REQUEST: manoeuvre=40 target=103
obu-ramp-merge-2-1     | [27.8] Ramp_Merge_2 FINAL_GUARD: REJECTED sid=104 gap=11.6
obu-ramp-merge-4-1     | [27.8] Ramp_Merge_4 MCM_TX_REQUEST: manoeuvre=98 target=103
obu-ramp-merge-4-1     | [27.8] Ramp_Merge_4 FINAL_GUARD: REJECTED slot-boundary ETA sid=105
obu-ramp-merge-4-1     | [27.8] Ramp_Merge_4 MERGE_DECISION: auth=False phys=True fgok=False lgok=False hgok=True cok=True esok=True cready=True dtm=12.2 past=False committed=False hid=103 ra=None lclear=False hyok=True
obu-ramp-merge-4-1     | [27.8] Ramp_Merge_4 CAR_FOLLOW: sid=106 edge=34126779 lane=0 leader_edge= leader_lane=None leader_role_hint=main self_merge_completed=False self_merge_completed_age=-1.0 self_merge_committed=False lane_cmd_state=None lane_cmd_edge=None lane_cmd_target=None lane_cmd_executable=None same_lane=False reason=merge_conflict_eta gap=1.2 follow_spd=4.98 emergency=False target_before=5.448737769833522 target_after=5.448737769833522
obu-ramp-back-1        | [27.9] Ramp_Back MERGE_COMMIT_WAIT_LANE_AVAILABLE: edge=34126779 lane=0 target_lane=1 lane_count=1 executable=False speed=6.67 dtm=58.7
obu-main-back-right-1  | [28.1] Main_Back_Right MCM_TX_REJECT: manoeuvre=67 target=109
obu-ramp-merge-3-1     | [28.1] Ramp_Merge_3 MCM_TX_REQUEST: manoeuvre=68 target=103
obu-ramp-merge-3-1     | [28.1] Ramp_Merge_3 FINAL_GUARD: REJECTED sid=105 gap=3.8
obu-ramp-merge-3-1     | [28.1] Ramp_Merge_3 CAR_FOLLOW: sid=106 edge=1331698336 lane=0 leader_edge= leader_lane=None leader_role_hint=main self_merge_completed=False self_merge_completed_age=-1.0 self_merge_committed=False lane_cmd_state=None lane_cmd_edge=None lane_cmd_target=None lane_cmd_executable=None same_lane=False reason=merge_conflict_eta gap=1.5 follow_spd=5.37 emergency=False target_before=5.198660234502615 target_after=5.371000433784304
obu-ramp-merge-5-1     | [28.0] Ramp_Merge_5 MERGE_COMMIT_WAIT_LANE_AVAILABLE: edge=34126779 lane=0 target_lane=1 lane_count=1 executable=False speed=6.43 dtm=28.6
obu-host-car-1         | [27.9] Host_Car role=cruise state=CRUISE->CRUISE speed=7.48 target=7.50 neighbors=11
obu-ramp-merge-2-1     | [28.0] Ramp_Merge_2 FINAL_GUARD: REJECTED sid=104 gap=10.8
obu-ramp-merge-4-1     | [28.0] Ramp_Merge_4 FINAL_GUARD: REJECTED slot-boundary ETA sid=105
obu-ramp-merge-4-1     | [28.0] Ramp_Merge_4 MERGE_DECISION: auth=False phys=True fgok=False lgok=False hgok=True cok=True esok=True cready=True dtm=11.2 past=False committed=False hid=103 ra=None lclear=False hyok=True
obu-ramp-merge-4-1     | [28.0] Ramp_Merge_4 CAR_FOLLOW: sid=106 edge=34126779 lane=0 leader_edge= leader_lane=None leader_role_hint=main self_merge_completed=False self_merge_completed_age=-1.0 self_merge_committed=False lane_cmd_state=None lane_cmd_edge=None lane_cmd_target=None lane_cmd_executable=None same_lane=False reason=merge_conflict_eta gap=1.0 follow_spd=4.56 emergency=False target_before=5.226484057098394 target_after=5.426484057098394
traci-bridge-1         |  Retrying in 1 seconds
traci-bridge-1         | LANE_CMD_STATE veh=Merge_Car edge=1331698336 lane=0 target=1 lane_count=3 recently=False speed=6.13
traci-bridge-1         | LANE_CMD_APPLY veh=Merge_Car edge=1331698336 from_lane=0 target=1 duration=2.00 mode=256 speed=6.13
traci-bridge-1         | LANE_CMD_STATE veh=Merge_Car edge=1331698336 lane=1 target=1 lane_count=3 recently=True speed=6.14
traci-bridge-1         | LANE_CMD_CLEAR veh=Merge_Car edge=1331698336 target=1
traci-bridge-1         | LANE_CMD_STATE veh=Ramp_Merge_5 edge=34126779 lane=0 target=1 lane_count=1 recently=False speed=6.24
traci-bridge-1         | LANE_CMD_WAIT_EDGE veh=Ramp_Merge_5 edge=34126779 lane=0 target=1 lane_count=1
traci-bridge-1         | LANE_CMD_STATE veh=Ramp_Merge_5 edge=34126779 lane=0 target=1 lane_count=1 recently=False speed=6.25
traci-bridge-1         | LANE_CMD_WAIT_EDGE veh=Ramp_Merge_5 edge=34126779 lane=0 target=1 lane_count=1
traci-bridge-1         | LANE_CMD_STATE veh=Ramp_Merge_5 edge=34126779 lane=0 target=1 lane_count=1 recently=False speed=6.26
traci-bridge-1         | LANE_CMD_WAIT_EDGE veh=Ramp_Merge_5 edge=34126779 lane=0 target=1 lane_count=1
traci-bridge-1         | LANE_CMD_STATE veh=Ramp_Merge_5 edge=34126779 lane=0 target=1 lane_count=1 recently=False speed=6.27
traci-bridge-1         | LANE_CMD_WAIT_EDGE veh=Ramp_Merge_5 edge=34126779 lane=0 target=1 lane_count=1
traci-bridge-1         | LANE_CMD_STATE veh=Ramp_Merge_5 edge=34126779 lane=0 target=1 lane_count=1 recently=False speed=6.28
traci-bridge-1         | LANE_CMD_WAIT_EDGE veh=Ramp_Merge_5 edge=34126779 lane=0 target=1 lane_count=1
traci-bridge-1         | LANE_CMD_STATE veh=Ramp_Merge_5 edge=34126779 lane=0 target=1 lane_count=1 recently=False speed=6.29
traci-bridge-1         | LANE_CMD_WAIT_EDGE veh=Ramp_Merge_5 edge=34126779 lane=0 target=1 lane_count=1
traci-bridge-1         | LANE_CMD_STATE veh=Ramp_Merge_5 edge=34126779 lane=0 target=1 lane_count=1 recently=False speed=6.30
traci-bridge-1         | LANE_CMD_WAIT_EDGE veh=Ramp_Merge_5 edge=34126779 lane=0 target=1 lane_count=1
traci-bridge-1         | LANE_CMD_STATE veh=Ramp_Merge_5 edge=34126779 lane=0 target=1 lane_count=1 recently=False speed=6.30
traci-bridge-1         | LANE_CMD_WAIT_EDGE veh=Ramp_Merge_5 edge=34126779 lane=0 target=1 lane_count=1
traci-bridge-1         | LANE_CMD_STATE veh=Ramp_Merge_5 edge=34126779 lane=0 target=1 lane_count=1 recently=False speed=6.31
traci-bridge-1         | LANE_CMD_WAIT_EDGE veh=Ramp_Merge_5 edge=34126779 lane=0 target=1 lane_count=1
traci-bridge-1         | LANE_CMD_STATE veh=Ramp_Back edge=34126779 lane=0 target=1 lane_count=1 recently=False speed=6.57
traci-bridge-1         | LANE_CMD_WAIT_EDGE veh=Ramp_Back edge=34126779 lane=0 target=1 lane_count=1
traci-bridge-1         | LANE_CMD_STATE veh=Ramp_Merge_5 edge=34126779 lane=0 target=1 lane_count=1 recently=False speed=6.32
traci-bridge-1         | LANE_CMD_WAIT_EDGE veh=Ramp_Merge_5 edge=34126779 lane=0 target=1 lane_count=1
traci-bridge-1         | LANE_CMD_STATE veh=Ramp_Back edge=34126779 lane=0 target=1 lane_count=1 recently=False speed=6.58
traci-bridge-1         | LANE_CMD_WAIT_EDGE veh=Ramp_Back edge=34126779 lane=0 target=1 lane_count=1
traci-bridge-1         | LANE_CMD_STATE veh=Ramp_Merge_5 edge=34126779 lane=0 target=1 lane_count=1 recently=False speed=6.33
traci-bridge-1         | LANE_CMD_WAIT_EDGE veh=Ramp_Merge_5 edge=34126779 lane=0 target=1 lane_count=1
traci-bridge-1         | LANE_CMD_STATE veh=Ramp_Back edge=34126779 lane=0 target=1 lane_count=1 recently=False speed=6.59
traci-bridge-1         | LANE_CMD_WAIT_EDGE veh=Ramp_Back edge=34126779 lane=0 target=1 lane_count=1
traci-bridge-1         | LANE_CMD_STATE veh=Ramp_Merge_5 edge=34126779 lane=0 target=1 lane_count=1 recently=False speed=6.33
traci-bridge-1         | LANE_CMD_WAIT_EDGE veh=Ramp_Merge_5 edge=34126779 lane=0 target=1 lane_count=1
traci-bridge-1         | LANE_CMD_STATE veh=Ramp_Back edge=34126779 lane=0 target=1 lane_count=1 recently=False speed=6.59
traci-bridge-1         | LANE_CMD_WAIT_EDGE veh=Ramp_Back edge=34126779 lane=0 target=1 lane_count=1
traci-bridge-1         | LANE_CMD_STATE veh=Ramp_Merge_5 edge=34126779 lane=0 target=1 lane_count=1 recently=False speed=6.34
traci-bridge-1         | LANE_CMD_WAIT_EDGE veh=Ramp_Merge_5 edge=34126779 lane=0 target=1 lane_count=1
traci-bridge-1         | LANE_CMD_STATE veh=Ramp_Back edge=34126779 lane=0 target=1 lane_count=1 recently=False speed=6.60
traci-bridge-1         | LANE_CMD_WAIT_EDGE veh=Ramp_Back edge=34126779 lane=0 target=1 lane_count=1
traci-bridge-1         | LANE_CMD_STATE veh=Ramp_Merge_5 edge=34126779 lane=0 target=1 lane_count=1 recently=False speed=6.35
traci-bridge-1         | LANE_CMD_WAIT_EDGE veh=Ramp_Merge_5 edge=34126779 lane=0 target=1 lane_count=1
traci-bridge-1         | LANE_CMD_STATE veh=Ramp_Back edge=34126779 lane=0 target=1 lane_count=1 recently=False speed=6.61
traci-bridge-1         | LANE_CMD_WAIT_EDGE veh=Ramp_Back edge=34126779 lane=0 target=1 lane_count=1
traci-bridge-1         | LANE_CMD_STATE veh=Ramp_Merge_5 edge=34126779 lane=0 target=1 lane_count=1 recently=False speed=6.36
traci-bridge-1         | LANE_CMD_WAIT_EDGE veh=Ramp_Merge_5 edge=34126779 lane=0 target=1 lane_count=1
traci-bridge-1         | LANE_CMD_STATE veh=Ramp_Back edge=34126779 lane=0 target=1 lane_count=1 recently=False speed=6.62
traci-bridge-1         | LANE_CMD_WAIT_EDGE veh=Ramp_Back edge=34126779 lane=0 target=1 lane_count=1
traci-bridge-1         | LANE_CMD_STATE veh=Ramp_Merge_5 edge=34126779 lane=0 target=1 lane_count=1 recently=False speed=6.36
traci-bridge-1         | LANE_CMD_WAIT_EDGE veh=Ramp_Merge_5 edge=34126779 lane=0 target=1 lane_count=1
traci-bridge-1         | LANE_CMD_STATE veh=Ramp_Back edge=34126779 lane=0 target=1 lane_count=1 recently=False speed=6.62
traci-bridge-1         | LANE_CMD_WAIT_EDGE veh=Ramp_Back edge=34126779 lane=0 target=1 lane_count=1
traci-bridge-1         | LANE_CMD_STATE veh=Ramp_Merge_5 edge=34126779 lane=0 target=1 lane_count=1 recently=False speed=6.37
traci-bridge-1         | LANE_CMD_WAIT_EDGE veh=Ramp_Merge_5 edge=34126779 lane=0 target=1 lane_count=1
traci-bridge-1         | LANE_CMD_STATE veh=Ramp_Back edge=34126779 lane=0 target=1 lane_count=1 recently=False speed=6.63
traci-bridge-1         | LANE_CMD_WAIT_EDGE veh=Ramp_Back edge=34126779 lane=0 target=1 lane_count=1
traci-bridge-1         | LANE_CMD_STATE veh=Ramp_Merge_5 edge=34126779 lane=0 target=1 lane_count=1 recently=False speed=6.38
traci-bridge-1         | LANE_CMD_WAIT_EDGE veh=Ramp_Merge_5 edge=34126779 lane=0 target=1 lane_count=1
traci-bridge-1         | LANE_CMD_STATE veh=Ramp_Back edge=34126779 lane=0 target=1 lane_count=1 recently=False speed=6.64
traci-bridge-1         | LANE_CMD_WAIT_EDGE veh=Ramp_Back edge=34126779 lane=0 target=1 lane_count=1
traci-bridge-1         | LANE_CMD_STATE veh=Ramp_Merge_5 edge=34126779 lane=0 target=1 lane_count=1 recently=False speed=6.39
traci-bridge-1         | LANE_CMD_WAIT_EDGE veh=Ramp_Merge_5 edge=34126779 lane=0 target=1 lane_count=1
traci-bridge-1         | LANE_CMD_STATE veh=Ramp_Back edge=34126779 lane=0 target=1 lane_count=1 recently=False speed=6.64
traci-bridge-1         | LANE_CMD_WAIT_EDGE veh=Ramp_Back edge=34126779 lane=0 target=1 lane_count=1
traci-bridge-1         | LANE_CMD_STATE veh=Ramp_Merge_5 edge=34126779 lane=0 target=1 lane_count=1 recently=False speed=6.39
traci-bridge-1         | LANE_CMD_WAIT_EDGE veh=Ramp_Merge_5 edge=34126779 lane=0 target=1 lane_count=1
traci-bridge-1         | LANE_CMD_STATE veh=Ramp_Back edge=34126779 lane=0 target=1 lane_count=1 recently=False speed=6.65
traci-bridge-1         | LANE_CMD_WAIT_EDGE veh=Ramp_Back edge=34126779 lane=0 target=1 lane_count=1
traci-bridge-1         | LANE_CMD_STATE veh=Ramp_Merge_5 edge=34126779 lane=0 target=1 lane_count=1 recently=False speed=6.40
traci-bridge-1         | LANE_CMD_WAIT_EDGE veh=Ramp_Merge_5 edge=34126779 lane=0 target=1 lane_count=1
traci-bridge-1         | LANE_CMD_STATE veh=Ramp_Back edge=34126779 lane=0 target=1 lane_count=1 recently=False speed=6.65
traci-bridge-1         | LANE_CMD_WAIT_EDGE veh=Ramp_Back edge=34126779 lane=0 target=1 lane_count=1
traci-bridge-1         | LANE_CMD_STATE veh=Ramp_Merge_5 edge=34126779 lane=0 target=1 lane_count=1 recently=False speed=6.41
traci-bridge-1         | LANE_CMD_WAIT_EDGE veh=Ramp_Merge_5 edge=34126779 lane=0 target=1 lane_count=1
traci-bridge-1         | LANE_CMD_STATE veh=Ramp_Back edge=34126779 lane=0 target=1 lane_count=1 recently=False speed=6.66
traci-bridge-1         | LANE_CMD_WAIT_EDGE veh=Ramp_Back edge=34126779 lane=0 target=1 lane_count=1
traci-bridge-1         | LANE_CMD_STATE veh=Ramp_Merge_5 edge=34126779 lane=0 target=1 lane_count=1 recently=False speed=6.42
traci-bridge-1         | LANE_CMD_WAIT_EDGE veh=Ramp_Merge_5 edge=34126779 lane=0 target=1 lane_count=1
traci-bridge-1         | LANE_CMD_STATE veh=Ramp_Back edge=34126779 lane=0 target=1 lane_count=1 recently=False speed=6.66
traci-bridge-1         | LANE_CMD_WAIT_EDGE veh=Ramp_Back edge=34126779 lane=0 target=1 lane_count=1
traci-bridge-1         | LANE_CMD_STATE veh=Ramp_Merge_5 edge=34126779 lane=0 target=1 lane_count=1 recently=False speed=6.43
traci-bridge-1         | LANE_CMD_WAIT_EDGE veh=Ramp_Merge_5 edge=34126779 lane=0 target=1 lane_count=1
traci-bridge-1         | LANE_CMD_STATE veh=Ramp_Back edge=34126779 lane=0 target=1 lane_count=1 recently=False speed=6.67
traci-bridge-1         | LANE_CMD_WAIT_EDGE veh=Ramp_Back edge=34126779 lane=0 target=1 lane_count=1
traci-bridge-1         | LANE_CMD_STATE veh=Ramp_Merge_5 edge=34126779 lane=0 target=1 lane_count=1 recently=False speed=6.43
traci-bridge-1         | LANE_CMD_WAIT_EDGE veh=Ramp_Merge_5 edge=34126779 lane=0 target=1 lane_count=1
traci-bridge-1         | LANE_CMD_STATE veh=Ramp_Back edge=34126779 lane=0 target=1 lane_count=1 recently=False speed=6.67
traci-bridge-1         | LANE_CMD_WAIT_EDGE veh=Ramp_Back edge=34126779 lane=0 target=1 lane_count=1
traci-bridge-1         | LANE_CMD_STATE veh=Ramp_Merge_5 edge=34126779 lane=0 target=1 lane_count=1 recently=False speed=6.44
traci-bridge-1         | LANE_CMD_WAIT_EDGE veh=Ramp_Merge_5 edge=34126779 lane=0 target=1 lane_count=1
traci-bridge-1         | LANE_CMD_STATE veh=Ramp_Back edge=34126779 lane=0 target=1 lane_count=1 recently=False speed=6.67
traci-bridge-1         | LANE_CMD_WAIT_EDGE veh=Ramp_Back edge=34126779 lane=0 target=1 lane_count=1
obu-ramp-back-1        | [28.0] Ramp_Back MERGE_COMMIT_WAIT_LANE_AVAILABLE: edge=34126779 lane=0 target_lane=1 lane_count=1 executable=False speed=6.67 dtm=58.1
obu-main-mid-right-1   | [28.2] Main_Mid_Right MCM_RX_REQUEST: from=108 manoeuvre=40 target=103
obu-main-front-left-1  | HOST_RESERVATION_EXTEND_UNTIL_CLEAR: host=Main_Front_Left ramp=112 manoeuvre=159 new_remaining=4.0 ramp_lcs=WAIT_EDGE ramp_edge=34126779
obu-main-front-left-1  | HOST_RESERVATION_HOLD: host=Main_Front_Left ramp=112 manoeuvre=159 remaining=4.0 own_speed=6.45 target_speed=6.58 ramp_fsm=MERGING ramp_lane_cmd_state=WAIT_EDGE ramp_edge=34126779 ramp_lane=0 ramp_merge_completed=False ramp_merge_committed=True
obu-main-front-left-1  | [27.9] Main_Front_Left HOST_HOLD_YIELD: for merge=112 spd=6.58
obu-ramp-back-1        | [28.2] Ramp_Back MCM_RX_ACCEPT: from=102 manoeuvre=159 target=112
obu-main-mid-right-1   | [28.2] Main_Mid_Right MCM_RX_REQUEST: from=108 manoeuvre=40 target=103
obu-main-front-left-1  | [28.2] Main_Front_Left MCM_TX_ACCEPT: manoeuvre=159 target=112
obu-ramp-merge-3-1     | [28.2] Ramp_Merge_3 MCM_RX_REJECT: from=106 manoeuvre=67 target=109
obu-main-mid-right-1   | [28.2] Main_Mid_Right MCM_RX_REQUEST: from=109 manoeuvre=68 target=103
obu-main-mid-right-1   | [28.2] Main_Mid_Right MCM_RX_REQUEST: from=110 manoeuvre=98 target=103
obu-ramp-merge-5-1     | [28.2] Ramp_Merge_5 MERGE_COMMIT_WAIT_LANE_AVAILABLE: edge=34126779 lane=0 target_lane=1 lane_count=1 executable=False speed=6.45 dtm=27.4
obu-ramp-merge-5-1     | [28.2] Ramp_Merge_5 role=merge state=MERGING->MERGING speed=6.45 target=6.63 neighbors=11
obu-ramp-merge-3-1     | [28.2] Ramp_Merge_3 MCM_RX_REJECT: from=106 manoeuvre=67 target=109
obu-ramp-merge-2-1     | [28.2] Ramp_Merge_2 MCM_TX_REQUEST: manoeuvre=40 target=103
obu-ramp-merge-3-1     | [28.2] Ramp_Merge_3 MCM_RX_REJECT: from=106 manoeuvre=67 target=109
obu-ramp-merge-2-1     | [28.2] Ramp_Merge_2 FINAL_GUARD: REJECTED sid=104 gap=14.2
obu-ramp-merge-4-1     | [28.2] Ramp_Merge_4 MCM_TX_REQUEST: manoeuvre=98 target=103
obu-ramp-merge-4-1     | [28.2] Ramp_Merge_4 FINAL_GUARD: REJECTED slot-boundary ETA sid=105
obu-ramp-merge-4-1     | [28.2] Ramp_Merge_4 MERGE_DECISION: auth=False phys=True fgok=False lgok=False hgok=True cok=True esok=True cready=True dtm=10.2 past=False committed=False hid=103 ra=None lclear=True hyok=True
obu-ramp-merge-4-1     | [28.2] Ramp_Merge_4 role=merge state=YIELDING->YIELDING speed=5.65 target=5.20 neighbors=11
obu-ramp-back-1        | [28.2] Ramp_Back MERGE_COMMIT_WAIT_LANE_AVAILABLE: edge=34126779 lane=0 target_lane=1 lane_count=1 executable=False speed=6.68 dtm=56.9
obu-main-mid-right-1   | HOST_RESERVATION_START: host=Main_Mid_Right ramp=109 manoeuvre=68 until=32.2 own_speed=7.50 target_speed=7.50 required_speed=7.50 gap_eta=13.20
obu-main-mid-right-1   | [28.2] Main_Mid_Right HOST_RESERVED: merge=109 manoeuvre=68 until=32.2 target_spd=7.50
obu-main-mid-right-1   | [28.2] Main_Mid_Right MCM_TX_ACCEPT: manoeuvre=68 target=109
obu-main-mid-right-1   | [28.2] Main_Mid_Right role=host state=CRUISE->CRUISE speed=7.50 target=7.50 neighbors=11
obu-main-mid-right-1   | [28.2] Main_Mid_Right MCM_RX_REQUEST: from=110 manoeuvre=98 target=103
obu-main-mid-right-1   | [28.2] Main_Mid_Right MCM_RX_REQUEST: from=109 manoeuvre=68 target=103
obu-main-mid-right-1   | [28.2] Main_Mid_Right MCM_RX_REQUEST: from=109 manoeuvre=68 target=103
obu-main-front-left-1  | HOST_RESERVATION_EXTEND_UNTIL_CLEAR: host=Main_Front_Left ramp=112 manoeuvre=159 new_remaining=4.0 ramp_lcs=WAIT_EDGE ramp_edge=34126779
obu-main-front-left-1  | HOST_RESERVATION_HOLD: host=Main_Front_Left ramp=112 manoeuvre=159 remaining=4.0 own_speed=6.48 target_speed=6.58 ramp_fsm=MERGING ramp_lane_cmd_state=WAIT_EDGE ramp_edge=34126779 ramp_lane=0 ramp_merge_completed=False ramp_merge_committed=True
obu-main-front-left-1  | [28.3] Main_Front_Left HOST_HOLD_YIELD: for merge=112 spd=6.58
obu-main-front-left-1  | [28.3] Main_Front_Left MCM_TX_ACCEPT: manoeuvre=159 target=112
obu-main-front-left-1  | [28.3] Main_Front_Left role=host state=YIELDING->YIELDING speed=6.48 target=6.58 neighbors=11
obu-ramp-merge-5-1     | [28.3] Ramp_Merge_5 MERGE_COMMIT_WAIT_LANE_AVAILABLE: edge=34126779 lane=0 target_lane=1 lane_count=1 executable=False speed=6.46 dtm=26.8
obu-ramp-merge-2-1     | [28.3] Ramp_Merge_2 FINAL_GUARD: REJECTED sid=104 gap=13.8
obu-ramp-merge-4-1     | [28.3] Ramp_Merge_4 FINAL_GUARD: REJECTED slot-boundary ETA sid=105
obu-ramp-merge-4-1     | [28.3] Ramp_Merge_4 MERGE_DECISION: auth=False phys=True fgok=False lgok=False hgok=True cok=True esok=True cready=True dtm=9.7 past=False committed=False hid=103 ra=None lclear=True hyok=True
obu-ramp-back-1        | [28.3] Ramp_Back MERGE_COMMIT_WAIT_LANE_AVAILABLE: edge=34126779 lane=0 target_lane=1 lane_count=1 executable=False speed=6.68 dtm=56.3
obu-main-mid-right-1   | HOST_RESERVATION_HOLD: host=Main_Mid_Right ramp=109 manoeuvre=68 remaining=3.9 own_speed=7.50 target_speed=7.50 ramp_fsm=ABORT ramp_lane_cmd_state=NONE ramp_edge=1331698336 ramp_lane=0 ramp_merge_completed=False ramp_merge_committed=False
obu-main-mid-right-1   | [28.3] Main_Mid_Right HOST_HOLD_YIELD: for merge=109 spd=7.50
obu-main-mid-right-1   | [28.3] Main_Mid_Right MCM_TX_REJECT: manoeuvre=98 target=110
obu-ramp-back-1        | [28.5] Ramp_Back MERGE_COMMIT_WAIT_LANE_AVAILABLE: edge=34126779 lane=0 target_lane=1 lane_count=1 executable=False speed=6.69 dtm=55.0
obu-main-mid-right-1   | HOST_RESERVATION_HOLD: host=Main_Mid_Right ramp=109 manoeuvre=68 remaining=3.6 own_speed=7.50 target_speed=7.50 ramp_fsm=ABORT ramp_lane_cmd_state=NONE ramp_edge=1331698336 ramp_lane=0 ramp_merge_completed=False ramp_merge_committed=False
obu-main-mid-right-1   | [28.6] Main_Mid_Right HOST_HOLD_YIELD: for merge=109 spd=7.50
obu-main-mid-right-1   | [28.6] Main_Mid_Right MCM_TX_REJECT: manoeuvre=98 target=110
obu-main-mid-right-1   | [28.6] Main_Mid_Right MCM_TX_ACCEPT: manoeuvre=68 target=109
obu-ramp-back-1        | [28.7] Ramp_Back MERGE_COMMIT_WAIT_LANE_AVAILABLE: edge=34126779 lane=0 target_lane=1 lane_count=1 executable=False speed=6.69 dtm=53.8
obu-ramp-back-1        | [28.7] Ramp_Back role=merge state=MERGING->MERGING speed=6.69 target=6.75 neighbors=11
obu-main-back-right-1  | [28.5] Main_Back_Right MCM_TX_REJECT: manoeuvre=67 target=109
obu-main-back-right-1  | [28.5] Main_Back_Right role=host state=CRUISE->CRUISE speed=6.83 target=7.50 neighbors=11
obu-merge-car-1        | [28.9] Merge_Car role=cruise state=CRUISE->CRUISE speed=7.50 target=7.50 neighbors=11
obu-main-mid-right-1   | [28.9] Main_Mid_Right MCM_RX_REQUEST: from=108 manoeuvre=40 target=103
obu-ramp-merge-3-1     | [28.9] Ramp_Merge_3 MCM_RX_ACCEPT: from=103 manoeuvre=68 target=109
obu-ramp-merge-3-1     | [28.9] Ramp_Merge_3 MCM_RX_REJECT: from=106 manoeuvre=67 target=109
obu-main-mid-right-1   | [29.0] Main_Mid_Right MCM_RX_REQUEST: from=110 manoeuvre=98 target=103
obu-ramp-merge-3-1     | [28.9] Ramp_Merge_3 MCM_RX_ACCEPT: from=103 manoeuvre=68 target=109
obu-ramp-back-1        | [28.9] Ramp_Back MCM_RX_ACCEPT: from=102 manoeuvre=159 target=112
obu-ramp-back-1        | [28.9] Ramp_Back MCM_RX_ACCEPT: from=102 manoeuvre=159 target=112
obu-ramp-back-1        | [28.9] Ramp_Back MERGE_COMMIT_WAIT_LANE_AVAILABLE: edge=34126779 lane=0 target_lane=1 lane_count=1 executable=False speed=6.70 dtm=52.7
obu-ramp-back-1        | [28.9] Ramp_Back MERGE_COMMIT_SAFETY_HOLD: lgok=False hgok=True fgok=True edge=34126779 lane=0 target_lane=1 speed=6.70 lane_cmd_state=WAIT_EDGE lane_cmd_executable=False lane_cmd_edge=34126779 lane_cmd_lane_count=1
obu-lead-car-1         | [29.0] Lead_Car role=cruise state=CRUISE->CRUISE speed=7.12 target=7.50 neighbors=11
obu-main-mid-right-1   | HOST_RESERVATION_HOLD: host=Main_Mid_Right ramp=109 manoeuvre=68 remaining=3.2 own_speed=7.50 target_speed=7.50 ramp_fsm=ABORT ramp_lane_cmd_state=NONE ramp_edge=1331698336 ramp_lane=0 ramp_merge_completed=False ramp_merge_committed=False
obu-main-mid-right-1   | [29.0] Main_Mid_Right HOST_HOLD_YIELD: for merge=109 spd=7.50
obu-main-mid-right-1   | [29.0] Main_Mid_Right MCM_TX_REJECT: manoeuvre=98 target=110
obu-main-mid-right-1   | [29.0] Main_Mid_Right MCM_TX_ACCEPT: manoeuvre=68 target=109
obu-main-back-left-1   | [29.0] Main_Back_Left role=cruise state=CRUISE->CRUISE speed=7.06 target=7.50 neighbors=11
obu-ramp-merge-3-1     | [29.0] Ramp_Merge_3 MCM_TX_REQUEST: manoeuvre=68 target=103
obu-ramp-merge-3-1     | MERGE_ATTEMPT_TIMELINE: vehicle=Ramp_Merge_3 manoeuvre=68 host=103 lead=106 event=ACCEPT_MATCHED t=29.0 edge=1331698336 lane=0 lane_cmd_state=NONE speed=5.41 target=6.75 dtm=17.8 lead_gap=11.48 host_gap=96.22 lead_gap_t1=9.89 lead_gap_t2=8.30 lead_gap_t3=6.71 host_gap_t1=96.22 host_gap_t2=96.22 host_gap_t3=96.22
obu-ramp-merge-3-1     | [29.0] Ramp_Merge_3 MCM_ACCEPT_MATCHED: host=103 manoeuvre=68
obu-ramp-merge-3-1     | [29.0] Ramp_Merge_3 FINAL_GUARD: REJECTED sid=105 gap=3.2
obu-ramp-merge-3-1     | [29.0] Ramp_Merge_3 role=merge state=ABORT->ABORT speed=5.41 target=5.16 neighbors=11
obu-main-front-left-1  | HOST_RESERVATION_EXTEND_UNTIL_CLEAR: host=Main_Front_Left ramp=112 manoeuvre=159 new_remaining=4.0 ramp_lcs=WAIT_EDGE ramp_edge=34126779
obu-main-front-left-1  | HOST_RESERVATION_HOLD: host=Main_Front_Left ramp=112 manoeuvre=159 remaining=4.0 own_speed=6.51 target_speed=6.58 ramp_fsm=MERGING ramp_lane_cmd_state=WAIT_EDGE ramp_edge=34126779 ramp_lane=0 ramp_merge_completed=False ramp_merge_committed=True
obu-main-front-left-1  | [29.0] Main_Front_Left HOST_HOLD_YIELD: for merge=112 spd=6.58
obu-main-front-left-1  | [29.0] Main_Front_Left MCM_TX_ACCEPT: manoeuvre=159 target=112
obu-host-car-1         | [29.0] Host_Car role=cruise state=CRUISE->CRUISE speed=7.49 target=7.50 neighbors=11
obu-ramp-merge-5-1     | [28.9] Ramp_Merge_5 MERGE_COMMIT_WAIT_LANE_AVAILABLE: edge=34126779 lane=0 target_lane=1 lane_count=1 executable=False speed=5.97 dtm=23.1
obu-ramp-merge-2-1     | [28.9] Ramp_Merge_2 MCM_TX_REQUEST: manoeuvre=40 target=103
obu-ramp-merge-2-1     | [28.9] Ramp_Merge_2 role=merge state=ABORT->ABORT speed=4.54 target=4.29 neighbors=11
obu-ramp-merge-4-1     | [28.9] Ramp_Merge_4 MCM_TX_REQUEST: manoeuvre=98 target=103
obu-ramp-merge-4-1     | [28.9] Ramp_Merge_4 FINAL_GUARD: REJECTED slot-boundary sid=106 gap=6.9
obu-ramp-merge-4-1     | [28.9] Ramp_Merge_4 MERGE_DECISION: auth=False phys=True fgok=False lgok=False hgok=True cok=True esok=True cready=True dtm=7.0 past=False committed=False hid=103 ra=None lclear=False hyok=True
obu-ramp-merge-4-1     | [28.9] Ramp_Merge_4 CAR_FOLLOW: sid=106 edge=34126779 lane=0 leader_edge= leader_lane=None leader_role_hint=main self_merge_completed=False self_merge_completed_age=-1.0 self_merge_committed=False lane_cmd_state=None lane_cmd_edge=None lane_cmd_target=None lane_cmd_executable=None same_lane=False reason=merge_conflict_eta gap=1.0 follow_spd=4.12 emergency=False target_before=5.09370686595157 target_after=5.29370686595157
obu-ramp-merge-4-1     | [28.9] Ramp_Merge_4 MCM_RX_REJECT: from=103 manoeuvre=98 target=110
obu-ramp-merge-4-1     | [28.9] Ramp_Merge_4 MCM_RX_REJECT: from=103 manoeuvre=98 target=110
obu-ramp-back-1        | [29.0] Ramp_Back MERGE_COMMIT_WAIT_LANE_AVAILABLE: edge=34126779 lane=0 target_lane=1 lane_count=1 executable=False speed=6.70 dtm=52.1
obu-ramp-back-1        | [29.0] Ramp_Back MERGE_COMMIT_SAFETY_HOLD: lgok=False hgok=True fgok=True edge=34126779 lane=0 target_lane=1 speed=6.70 lane_cmd_state=WAIT_EDGE lane_cmd_executable=False lane_cmd_edge=34126779 lane_cmd_lane_count=1
obu-main-mid-right-1   | HOST_RESERVATION_HOLD: host=Main_Mid_Right ramp=109 manoeuvre=68 remaining=3.1 own_speed=7.50 target_speed=7.50 ramp_fsm=ABORT ramp_lane_cmd_state=NONE ramp_edge=1331698336 ramp_lane=0 ramp_merge_completed=False ramp_merge_committed=False
obu-main-mid-right-1   | [29.1] Main_Mid_Right HOST_HOLD_YIELD: for merge=109 spd=7.50
obu-ramp-merge-3-1     | [29.1] Ramp_Merge_3 FINAL_GUARD: REJECTED sid=105 gap=3.2
obu-main-front-left-1  | HOST_RESERVATION_EXTEND_UNTIL_CLEAR: host=Main_Front_Left ramp=112 manoeuvre=159 new_remaining=4.0 ramp_lcs=WAIT_EDGE ramp_edge=34126779
obu-main-front-left-1  | HOST_RESERVATION_HOLD: host=Main_Front_Left ramp=112 manoeuvre=159 remaining=4.0 own_speed=6.51 target_speed=6.58 ramp_fsm=MERGING ramp_lane_cmd_state=WAIT_EDGE ramp_edge=34126779 ramp_lane=0 ramp_merge_completed=False ramp_merge_committed=True
obu-main-front-left-1  | [29.1] Main_Front_Left HOST_HOLD_YIELD: for merge=112 spd=6.58
obu-ramp-merge-5-1     | [29.1] Ramp_Merge_5 MERGE_COMMIT_WAIT_LANE_AVAILABLE: edge=34126779 lane=0 target_lane=1 lane_count=1 executable=False speed=5.84 dtm=21.9
obu-ramp-merge-4-1     | [29.1] Ramp_Merge_4 MCM_REJECT: host=103 manoeuvre=98
obu-ramp-merge-4-1     | [29.1] Ramp_Merge_4 FINAL_GUARD: REJECTED slot-boundary sid=106 gap=5.9
obu-ramp-merge-4-1     | [29.1] Ramp_Merge_4 CAR_FOLLOW: sid=106 edge=34126779 lane=0 leader_edge= leader_lane=None leader_role_hint=main self_merge_completed=False self_merge_completed_age=-1.0 self_merge_committed=False lane_cmd_state=None lane_cmd_edge=None lane_cmd_target=None lane_cmd_executable=None same_lane=False reason=merge_conflict_eta gap=0.8 follow_spd=4.12 emergency=False target_before=5.259658418065023 target_after=5.259658418065023
obu-ramp-back-1        | [29.2] Ramp_Back MERGE_COMMIT_WAIT_LANE_AVAILABLE: edge=34126779 lane=0 target_lane=1 lane_count=1 executable=False speed=6.48 dtm=50.8
obu-ramp-back-1        | [29.2] Ramp_Back MERGE_COMMIT_SAFETY_HOLD: lgok=False hgok=True fgok=True edge=34126779 lane=0 target_lane=1 speed=6.48 lane_cmd_state=WAIT_EDGE lane_cmd_executable=False lane_cmd_edge=34126779 lane_cmd_lane_count=1
obu-main-mid-right-1   | HOST_RESERVATION_HOLD: host=Main_Mid_Right ramp=109 manoeuvre=68 remaining=2.9 own_speed=7.50 target_speed=7.50 ramp_fsm=ABORT ramp_lane_cmd_state=NONE ramp_edge=1331698336 ramp_lane=0 ramp_merge_completed=False ramp_merge_committed=False
obu-main-mid-right-1   | [29.3] Main_Mid_Right HOST_HOLD_YIELD: for merge=109 spd=7.50
obu-main-mid-right-1   | [29.3] Main_Mid_Right MCM_TX_REJECT: manoeuvre=98 target=110
obu-main-mid-right-1   | [29.3] Main_Mid_Right MCM_TX_ACCEPT: manoeuvre=68 target=109
obu-main-mid-right-1   | [29.3] Main_Mid_Right role=host state=YIELDING->YIELDING speed=7.50 target=7.50 neighbors=9
obu-ramp-merge-3-1     | [29.4] Ramp_Merge_3 FINAL_GUARD: REJECTED sid=105 gap=7.1
obu-ramp-merge-3-1     | [29.4] Ramp_Merge_3 CAR_FOLLOW: sid=108 edge=1331698336 lane=0 leader_edge= leader_lane=None leader_role_hint=ramp self_merge_completed=False self_merge_completed_age=-1.0 self_merge_committed=False lane_cmd_state=None lane_cmd_edge=None lane_cmd_target=None lane_cmd_executable=None same_lane=True reason=same_lane_cam gap=10.8 follow_spd=3.80 emergency=False target_before=5.132523952589537 target_after=5.132523952589537
obu-main-front-left-1  | HOST_RESERVATION_EXTEND_UNTIL_CLEAR: host=Main_Front_Left ramp=112 manoeuvre=159 new_remaining=4.0 ramp_lcs=WAIT_EDGE ramp_edge=34126779
obu-main-front-left-1  | HOST_RESERVATION_HOLD: host=Main_Front_Left ramp=112 manoeuvre=159 remaining=4.0 own_speed=6.52 target_speed=6.58 ramp_fsm=MERGING ramp_lane_cmd_state=WAIT_EDGE ramp_edge=34126779 ramp_lane=0 ramp_merge_completed=False ramp_merge_committed=True
obu-main-front-left-1  | [29.3] Main_Front_Left HOST_HOLD_YIELD: for merge=112 spd=6.58
obu-main-front-left-1  | [29.3] Main_Front_Left MCM_TX_ACCEPT: manoeuvre=159 target=112
obu-main-front-left-1  | [29.3] Main_Front_Left role=host state=YIELDING->YIELDING speed=6.52 target=6.58 neighbors=9
obu-ramp-merge-5-1     | [29.3] Ramp_Merge_5 MERGE_COMMIT_WAIT_LANE_AVAILABLE: edge=34126779 lane=0 target_lane=1 lane_count=1 executable=False speed=5.73 dtm=20.7
obu-ramp-merge-5-1     | [29.3] Ramp_Merge_5 role=merge state=MERGING->MERGING speed=5.73 target=5.91 neighbors=9
obu-ramp-merge-2-1     | [29.4] Ramp_Merge_2 MCM_TX_REQUEST: manoeuvre=40 target=103
obu-ramp-merge-4-1     | [29.3] Ramp_Merge_4 FINAL_GUARD: REJECTED slot-boundary sid=106 gap=5.0
obu-ramp-merge-4-1     | [29.3] Ramp_Merge_4 MERGE_DECISION: auth=False phys=True fgok=False lgok=False hgok=True cok=True esok=True cready=True dtm=5.6 past=False committed=False hid=103 ra=None lclear=False hyok=False
obu-ramp-merge-4-1     | [29.3] Ramp_Merge_4 CAR_FOLLOW: sid=106 edge=34126779 lane=0 leader_edge= leader_lane=None leader_role_hint=main self_merge_completed=False self_merge_completed_age=-1.0 self_merge_committed=False lane_cmd_state=None lane_cmd_edge=None lane_cmd_target=None lane_cmd_executable=None same_lane=False reason=merge_conflict_eta gap=0.7 follow_spd=4.12 emergency=False target_before=5.033890436353336 target_after=5.233890436353336
obu-ramp-merge-4-1     | [29.3] Ramp_Merge_4 role=merge state=NEGOTIATING->YIELDING speed=5.48 target=5.23 neighbors=9
obu-ramp-back-1        | [29.4] Ramp_Back MERGE_COMMIT_WAIT_LANE_AVAILABLE: edge=34126779 lane=0 target_lane=1 lane_count=1 executable=False speed=6.07 dtm=49.6
obu-ramp-back-1        | [29.4] Ramp_Back MERGE_COMMIT_SAFETY_HOLD: lgok=False hgok=True fgok=True edge=34126779 lane=0 target_lane=1 speed=6.07 lane_cmd_state=WAIT_EDGE lane_cmd_executable=False lane_cmd_edge=34126779 lane_cmd_lane_count=1
obu-main-back-right-1  | [29.5] Main_Back_Right role=cruise state=CRUISE->CRUISE speed=6.91 target=7.50 neighbors=9
obu-ramp-merge-3-1     | [29.5] Ramp_Merge_3 FINAL_GUARD: REJECTED sid=105 gap=7.3
obu-ramp-merge-3-1     | [29.5] Ramp_Merge_3 CAR_FOLLOW: sid=108 edge=1331698336 lane=0 leader_edge= leader_lane=None leader_role_hint=ramp self_merge_completed=False self_merge_completed_age=-1.0 self_merge_committed=False lane_cmd_state=None lane_cmd_edge=None lane_cmd_target=None lane_cmd_executable=None same_lane=True reason=same_lane_cam gap=10.3 follow_spd=3.80 emergency=False target_before=5.121322617688849 target_after=5.121322617688849
obu-main-front-left-1  | HOST_RESERVATION_EXTEND_UNTIL_CLEAR: host=Main_Front_Left ramp=112 manoeuvre=159 new_remaining=4.0 ramp_lcs=WAIT_EDGE ramp_edge=34126779
obu-main-front-left-1  | HOST_RESERVATION_HOLD: host=Main_Front_Left ramp=112 manoeuvre=159 remaining=4.0 own_speed=6.52 target_speed=6.58 ramp_fsm=MERGING ramp_lane_cmd_state=WAIT_EDGE ramp_edge=34126779 ramp_lane=0 ramp_merge_completed=False ramp_merge_committed=True
obu-main-front-left-1  | [29.5] Main_Front_Left HOST_HOLD_YIELD: for merge=112 spd=6.58
obu-ramp-merge-5-1     | [29.5] Ramp_Merge_5 MERGE_COMMIT_WAIT_LANE_AVAILABLE: edge=34126779 lane=0 target_lane=1 lane_count=1 executable=False speed=5.62 dtm=19.6
obu-ramp-merge-4-1     | [29.5] Ramp_Merge_4 FINAL_GUARD: REJECTED slot-boundary sid=106 gap=4.2
obu-ramp-merge-4-1     | [29.5] Ramp_Merge_4 MERGE_DECISION: auth=False phys=True fgok=False lgok=False hgok=True cok=True esok=True cready=True dtm=5.1 past=False committed=False hid=103 ra=None lclear=False hyok=False
obu-ramp-merge-4-1     | [29.5] Ramp_Merge_4 CAR_FOLLOW: sid=106 edge=:390064918_0 lane=0 leader_edge= leader_lane=None leader_role_hint=main self_merge_completed=False self_merge_completed_age=-1.0 self_merge_committed=False lane_cmd_state=None lane_cmd_edge=None lane_cmd_target=None lane_cmd_executable=None same_lane=False reason=merge_conflict_eta gap=0.6 follow_spd=4.12 emergency=False target_before=5.013645115844837 target_after=5.213645115844837
obu-ramp-merge-4-1     | [29.6] Ramp_Merge_4 MCM_RX_REJECT: from=103 manoeuvre=98 target=110
obu-ramp-back-1        | [29.6] Ramp_Back MERGE_COMMIT_WAIT_LANE_AVAILABLE: edge=34126779 lane=0 target_lane=1 lane_count=1 executable=False speed=5.70 dtm=48.5
obu-ramp-back-1        | [29.6] Ramp_Back MERGE_COMMIT_SAFETY_HOLD: lgok=False hgok=True fgok=True edge=34126779 lane=0 target_lane=1 speed=5.70 lane_cmd_state=WAIT_EDGE lane_cmd_executable=False lane_cmd_edge=34126779 lane_cmd_lane_count=1
obu-main-mid-right-1   | [29.7] Main_Mid_Right MCM_RX_REQUEST: from=109 manoeuvre=68 target=103
obu-main-mid-right-1   | [29.7] Main_Mid_Right MCM_RX_REQUEST: from=110 manoeuvre=98 target=103
obu-ramp-merge-4-1     | [29.6] Ramp_Merge_4 MCM_RX_REJECT: from=103 manoeuvre=98 target=110
obu-main-mid-right-1   | [29.7] Main_Mid_Right MCM_RX_REQUEST: from=108 manoeuvre=40 target=103
obu-ramp-back-1        | [29.6] Ramp_Back MCM_RX_ACCEPT: from=102 manoeuvre=159 target=112
obu-ramp-back-1        | [29.6] Ramp_Back MCM_RX_ACCEPT: from=102 manoeuvre=159 target=112
obu-ramp-merge-3-1     | [29.6] Ramp_Merge_3 MCM_RX_ACCEPT: from=103 manoeuvre=68 target=109
obu-main-mid-right-1   | HOST_RESERVATION_HOLD: host=Main_Mid_Right ramp=109 manoeuvre=68 remaining=2.5 own_speed=7.50 target_speed=7.50 ramp_fsm=ABORT ramp_lane_cmd_state=NONE ramp_edge=1331698336 ramp_lane=0 ramp_merge_completed=False ramp_merge_committed=False
obu-main-mid-right-1   | [29.7] Main_Mid_Right HOST_HOLD_YIELD: for merge=109 spd=7.50
obu-main-mid-right-1   | [29.7] Main_Mid_Right MCM_TX_REJECT: manoeuvre=98 target=110
obu-main-mid-right-1   | [29.7] Main_Mid_Right MCM_TX_ACCEPT: manoeuvre=68 target=109
obu-main-mid-right-1   | [29.7] Main_Mid_Right MCM_RX_REQUEST: from=108 manoeuvre=40 target=103
obu-ramp-merge-3-1     | [29.6] Ramp_Merge_3 MCM_RX_ACCEPT: from=103 manoeuvre=68 target=109
obu-ramp-merge-3-1     | [29.6] Ramp_Merge_3 FINAL_GUARD: REJECTED slot-boundary sid=105 gap=4.7
obu-ramp-merge-3-1     | [29.6] Ramp_Merge_3 CAR_FOLLOW: sid=105 edge=1331698336 lane=0 leader_edge= leader_lane=None leader_role_hint=main self_merge_completed=False self_merge_completed_age=-1.0 self_merge_committed=False lane_cmd_state=None lane_cmd_edge=None lane_cmd_target=None lane_cmd_executable=None same_lane=False reason=merge_conflict_eta gap=0.5 follow_spd=4.30 emergency=False target_before=5.109382684433883 target_after=5.109382684433883
obu-main-front-left-1  | HOST_RESERVATION_EXTEND_UNTIL_CLEAR: host=Main_Front_Left ramp=112 manoeuvre=159 new_remaining=4.0 ramp_lcs=WAIT_EDGE ramp_edge=34126779
obu-main-front-left-1  | HOST_RESERVATION_HOLD: host=Main_Front_Left ramp=112 manoeuvre=159 remaining=4.0 own_speed=6.53 target_speed=6.58 ramp_fsm=MERGING ramp_lane_cmd_state=WAIT_EDGE ramp_edge=34126779 ramp_lane=0 ramp_merge_completed=False ramp_merge_committed=True
obu-main-front-left-1  | [29.7] Main_Front_Left HOST_HOLD_YIELD: for merge=112 spd=6.58
obu-main-front-left-1  | [29.7] Main_Front_Left MCM_TX_ACCEPT: manoeuvre=159 target=112
obu-ramp-merge-5-1     | [29.6] Ramp_Merge_5 MERGE_COMMIT_WAIT_LANE_AVAILABLE: edge=34126779 lane=0 target_lane=1 lane_count=1 executable=False speed=5.63 dtm=19.0
obu-ramp-merge-4-1     | MERGE_ATTEMPT_TIMELINE: vehicle=Ramp_Merge_4 manoeuvre=99 host=105 lead=None event=REQUEST_SENT t=29.6 edge=:390064918_0 lane=0 lane_cmd_state=NONE speed=5.45 target=6.75 dtm=5.0 lead_gap= host_gap=20.34 lead_gap_t1= lead_gap_t2= lead_gap_t3= host_gap_t1=20.34 host_gap_t2=20.34 host_gap_t3=20.34
obu-ramp-merge-4-1     | [29.6] Ramp_Merge_4 MCM_TX_REQUEST: manoeuvre=99 target=105
obu-ramp-merge-4-1     | [29.6] Ramp_Merge_4 FINAL_GUARD: REJECTED sid=106 gap=9.5
obu-ramp-merge-4-1     | [29.6] Ramp_Merge_4 MERGE_DECISION: auth=False phys=True fgok=False lgok=True hgok=True cok=True esok=True cready=True dtm=5.0 past=False committed=False hid=105 ra=None lclear=True hyok=False
obu-main-mid-right-1   | HOST_RESERVATION_HOLD: host=Main_Mid_Right ramp=109 manoeuvre=68 remaining=2.4 own_speed=7.50 target_speed=7.50 ramp_fsm=ABORT ramp_lane_cmd_state=NONE ramp_edge=1331698336 ramp_lane=0 ramp_merge_completed=False ramp_merge_committed=False
obu-main-mid-right-1   | [29.8] Main_Mid_Right HOST_HOLD_YIELD: for merge=109 spd=7.50
obu-ramp-merge-3-1     | [29.8] Ramp_Merge_3 FINAL_GUARD: REJECTED slot-boundary sid=105 gap=4.0
obu-ramp-merge-3-1     | [29.8] Ramp_Merge_3 CAR_FOLLOW: sid=105 edge=1331698336 lane=0 leader_edge= leader_lane=None leader_role_hint=main self_merge_completed=False self_merge_completed_age=-1.0 self_merge_committed=False lane_cmd_state=None lane_cmd_edge=None lane_cmd_target=None lane_cmd_executable=None same_lane=False reason=merge_conflict_eta gap=0.7 follow_spd=4.51 emergency=False target_before=5.086703891334025 target_after=5.086703891334025
obu-main-front-left-1  | HOST_RESERVATION_EXTEND_UNTIL_CLEAR: host=Main_Front_Left ramp=112 manoeuvre=159 new_remaining=4.0 ramp_lcs=WAIT_EDGE ramp_edge=34126779
obu-main-front-left-1  | HOST_RESERVATION_HOLD: host=Main_Front_Left ramp=112 manoeuvre=159 remaining=4.0 own_speed=6.53 target_speed=6.58 ramp_fsm=MERGING ramp_lane_cmd_state=WAIT_EDGE ramp_edge=34126779 ramp_lane=0 ramp_merge_completed=False ramp_merge_committed=True
obu-main-front-left-1  | [29.8] Main_Front_Left HOST_HOLD_YIELD: for merge=112 spd=6.58
obu-ramp-merge-2-1     | [29.8] Ramp_Merge_2 MCM_TX_REQUEST: manoeuvre=40 target=103
obu-main-front-left-1  | HOST_RESERVATION_EXTEND_UNTIL_CLEAR: host=Main_Front_Left ramp=112 manoeuvre=159 new_remaining=4.0 ramp_lcs=WAIT_EDGE ramp_edge=34126779
obu-main-front-left-1  | HOST_RESERVATION_HOLD: host=Main_Front_Left ramp=112 manoeuvre=159 remaining=4.0 own_speed=6.53 target_speed=6.58 ramp_fsm=MERGING ramp_lane_cmd_state=WAIT_EDGE ramp_edge=34126779 ramp_lane=0 ramp_merge_completed=False ramp_merge_committed=True
obu-main-front-left-1  | [30.0] Main_Front_Left HOST_HOLD_YIELD: for merge=112 spd=6.58
obu-main-front-left-1  | [30.0] Main_Front_Left MCM_TX_ACCEPT: manoeuvre=159 target=112
obu-main-front-left-1  | HOST_RESERVATION_EXTEND_UNTIL_CLEAR: host=Main_Front_Left ramp=112 manoeuvre=159 new_remaining=4.0 ramp_lcs=WAIT_EDGE ramp_edge=34126779
obu-main-front-left-1  | HOST_RESERVATION_HOLD: host=Main_Front_Left ramp=112 manoeuvre=159 remaining=4.0 own_speed=6.54 target_speed=6.58 ramp_fsm=MERGING ramp_lane_cmd_state=WAIT_EDGE ramp_edge=34126779 ramp_lane=0 ramp_merge_completed=False ramp_merge_committed=True
obu-main-front-left-1  | [30.1] Main_Front_Left HOST_HOLD_YIELD: for merge=112 spd=6.58
obu-main-back-left-1   | [30.3] Main_Back_Left MCM_RX_REQUEST: from=110 manoeuvre=99 target=105
obu-ramp-merge-3-1     | [30.3] Ramp_Merge_3 MCM_RX_ACCEPT: from=103 manoeuvre=68 target=109
obu-host-car-1         | [30.3] Host_Car role=cruise state=CRUISE->CRUISE speed=7.49 target=7.50 neighbors=10
obu-main-mid-right-1   | [30.4] Main_Mid_Right MCM_RX_REQUEST: from=108 manoeuvre=40 target=103
obu-ramp-merge-4-1     | [30.3] Ramp_Merge_4 MCM_RX_REJECT: from=103 manoeuvre=98 target=110
obu-merge-car-1        | [30.3] Merge_Car role=cruise state=CRUISE->CRUISE speed=7.50 target=7.50 neighbors=11
obu-ramp-merge-3-1     | [30.3] Ramp_Merge_3 FINAL_GUARD: REJECTED sid=105 gap=5.7
obu-ramp-merge-3-1     | [30.3] Ramp_Merge_3 role=merge state=ABORT->ABORT speed=5.28 target=5.03 neighbors=11
obu-ramp-back-1        | [30.3] Ramp_Back MCM_RX_ACCEPT: from=102 manoeuvre=159 target=112
obu-ramp-merge-5-1     | [30.3] Ramp_Merge_5 MERGE_COMMIT_WAIT_LANE_AVAILABLE: edge=34126779 lane=0 target_lane=1 lane_count=1 executable=False speed=5.46 dtm=15.2
obu-ramp-merge-5-1     | [30.3] Ramp_Merge_5 MERGE_COMMIT_SAFETY_HOLD: lgok=False hgok=True fgok=True edge=34126779 lane=0 target_lane=1 speed=5.46 lane_cmd_state=WAIT_EDGE lane_cmd_executable=False lane_cmd_edge=34126779 lane_cmd_lane_count=1
obu-main-front-left-1  | HOST_RESERVATION_EXTEND_UNTIL_CLEAR: host=Main_Front_Left ramp=112 manoeuvre=159 new_remaining=4.0 ramp_lcs=WAIT_EDGE ramp_edge=34126779
obu-main-front-left-1  | HOST_RESERVATION_HOLD: host=Main_Front_Left ramp=112 manoeuvre=159 remaining=4.0 own_speed=6.54 target_speed=6.58 ramp_fsm=MERGING ramp_lane_cmd_state=WAIT_EDGE ramp_edge=34126779 ramp_lane=0 ramp_merge_completed=False ramp_merge_committed=True
obu-main-front-left-1  | [30.4] Main_Front_Left HOST_HOLD_YIELD: for merge=112 spd=6.58
obu-ramp-merge-5-1     | [30.3] Ramp_Merge_5 role=merge state=MERGING->MERGING speed=5.46 target=2.25 neighbors=11
obu-main-front-left-1  | [30.4] Main_Front_Left MCM_TX_ACCEPT: manoeuvre=159 target=112
obu-main-front-left-1  | [30.4] Main_Front_Left role=host state=YIELDING->YIELDING speed=6.54 target=6.58 neighbors=11
obu-ramp-merge-2-1     | [30.3] Ramp_Merge_2 MCM_TX_REQUEST: manoeuvre=40 target=103
obu-ramp-merge-2-1     | [30.3] Ramp_Merge_2 role=merge state=ABORT->ABORT speed=4.40 target=4.15 neighbors=11
obu-ramp-merge-4-1     | [30.3] Ramp_Merge_4 MCM_TX_REQUEST: manoeuvre=99 target=105
obu-ramp-merge-4-1     | [30.3] Ramp_Merge_4 FINAL_GUARD: REJECTED sid=106 gap=7.9
obu-ramp-merge-4-1     | [30.3] Ramp_Merge_4 MERGE_DECISION: auth=False phys=True fgok=False lgok=True hgok=True cok=True esok=True cready=True dtm=5.6 past=False committed=False hid=105 ra=None lclear=True hyok=False
obu-ramp-merge-4-1     | [30.3] Ramp_Merge_4 role=merge state=YIELDING->YIELDING speed=5.34 target=4.89 neighbors=11
obu-lead-car-1         | [30.5] Lead_Car role=cruise state=CRUISE->CRUISE speed=7.32 target=7.50 neighbors=11
obu-ramp-back-1        | [30.3] Ramp_Back MERGE_COMMIT_WAIT_LANE_AVAILABLE: edge=34126779 lane=0 target_lane=1 lane_count=1 executable=False speed=4.66 dtm=45.2
obu-ramp-back-1        | [30.3] Ramp_Back MERGE_COMMIT_SAFETY_HOLD: lgok=False hgok=True fgok=True edge=34126779 lane=0 target_lane=1 speed=4.66 lane_cmd_state=WAIT_EDGE lane_cmd_executable=False lane_cmd_edge=34126779 lane_cmd_lane_count=1
obu-ramp-back-1        | [30.3] Ramp_Back role=merge state=MERGING->MERGING speed=4.66 target=2.25 neighbors=11
obu-ramp-back-1        | [30.3] Ramp_Back MCM_RX_ACCEPT: from=102 manoeuvre=159 target=112
traci-bridge-1         | LANE_CMD_STATE veh=Ramp_Merge_5 edge=34126779 lane=0 target=1 lane_count=1 recently=False speed=6.45
traci-bridge-1         | LANE_CMD_WAIT_EDGE veh=Ramp_Merge_5 edge=34126779 lane=0 target=1 lane_count=1
traci-bridge-1         | LANE_CMD_STATE veh=Ramp_Back edge=34126779 lane=0 target=1 lane_count=1 recently=False speed=6.68
traci-bridge-1         | LANE_CMD_WAIT_EDGE veh=Ramp_Back edge=34126779 lane=0 target=1 lane_count=1
traci-bridge-1         | LANE_CMD_STATE veh=Ramp_Merge_5 edge=34126779 lane=0 target=1 lane_count=1 recently=False speed=6.46
traci-bridge-1         | LANE_CMD_WAIT_EDGE veh=Ramp_Merge_5 edge=34126779 lane=0 target=1 lane_count=1
traci-bridge-1         | LANE_CMD_STATE veh=Ramp_Back edge=34126779 lane=0 target=1 lane_count=1 recently=False speed=6.68
traci-bridge-1         | LANE_CMD_WAIT_EDGE veh=Ramp_Back edge=34126779 lane=0 target=1 lane_count=1
traci-bridge-1         | LANE_CMD_STATE veh=Ramp_Merge_5 edge=34126779 lane=0 target=1 lane_count=1 recently=False speed=6.46
traci-bridge-1         | LANE_CMD_WAIT_EDGE veh=Ramp_Merge_5 edge=34126779 lane=0 target=1 lane_count=1
traci-bridge-1         | LANE_CMD_STATE veh=Ramp_Back edge=34126779 lane=0 target=1 lane_count=1 recently=False speed=6.68
traci-bridge-1         | LANE_CMD_WAIT_EDGE veh=Ramp_Back edge=34126779 lane=0 target=1 lane_count=1
traci-bridge-1         | LANE_CMD_STATE veh=Ramp_Merge_5 edge=34126779 lane=0 target=1 lane_count=1 recently=False speed=6.26
traci-bridge-1         | LANE_CMD_WAIT_EDGE veh=Ramp_Merge_5 edge=34126779 lane=0 target=1 lane_count=1
traci-bridge-1         | LANE_CMD_STATE veh=Ramp_Back edge=34126779 lane=0 target=1 lane_count=1 recently=False speed=6.69
traci-bridge-1         | LANE_CMD_WAIT_EDGE veh=Ramp_Back edge=34126779 lane=0 target=1 lane_count=1
traci-bridge-1         | LANE_CMD_STATE veh=Ramp_Merge_5 edge=34126779 lane=0 target=1 lane_count=1 recently=False speed=6.28
traci-bridge-1         | LANE_CMD_WAIT_EDGE veh=Ramp_Merge_5 edge=34126779 lane=0 target=1 lane_count=1
traci-bridge-1         | LANE_CMD_STATE veh=Ramp_Back edge=34126779 lane=0 target=1 lane_count=1 recently=False speed=6.69
traci-bridge-1         | LANE_CMD_WAIT_EDGE veh=Ramp_Back edge=34126779 lane=0 target=1 lane_count=1
traci-bridge-1         | LANE_CMD_STATE veh=Ramp_Merge_5 edge=34126779 lane=0 target=1 lane_count=1 recently=False speed=6.09
traci-bridge-1         | LANE_CMD_WAIT_EDGE veh=Ramp_Merge_5 edge=34126779 lane=0 target=1 lane_count=1
traci-bridge-1         | LANE_CMD_STATE veh=Ramp_Back edge=34126779 lane=0 target=1 lane_count=1 recently=False speed=6.69
traci-bridge-1         | LANE_CMD_WAIT_EDGE veh=Ramp_Back edge=34126779 lane=0 target=1 lane_count=1
traci-bridge-1         | LANE_CMD_STATE veh=Ramp_Merge_5 edge=34126779 lane=0 target=1 lane_count=1 recently=False speed=5.93
traci-bridge-1         | LANE_CMD_WAIT_EDGE veh=Ramp_Merge_5 edge=34126779 lane=0 target=1 lane_count=1
traci-bridge-1         | LANE_CMD_STATE veh=Ramp_Back edge=34126779 lane=0 target=1 lane_count=1 recently=False speed=6.70
traci-bridge-1         | LANE_CMD_WAIT_EDGE veh=Ramp_Back edge=34126779 lane=0 target=1 lane_count=1
traci-bridge-1         | LANE_CMD_STATE veh=Ramp_Merge_5 edge=34126779 lane=0 target=1 lane_count=1 recently=False speed=5.97
traci-bridge-1         | LANE_CMD_WAIT_EDGE veh=Ramp_Merge_5 edge=34126779 lane=0 target=1 lane_count=1
traci-bridge-1         | LANE_CMD_STATE veh=Ramp_Back edge=34126779 lane=0 target=1 lane_count=1 recently=False speed=6.70
traci-bridge-1         | LANE_CMD_WAIT_EDGE veh=Ramp_Back edge=34126779 lane=0 target=1 lane_count=1
traci-bridge-1         | LANE_CMD_STATE veh=Ramp_Merge_5 edge=34126779 lane=0 target=1 lane_count=1 recently=False speed=6.00
traci-bridge-1         | LANE_CMD_WAIT_EDGE veh=Ramp_Merge_5 edge=34126779 lane=0 target=1 lane_count=1
traci-bridge-1         | LANE_CMD_STATE veh=Ramp_Back edge=34126779 lane=0 target=1 lane_count=1 recently=False speed=6.70
traci-bridge-1         | LANE_CMD_WAIT_EDGE veh=Ramp_Back edge=34126779 lane=0 target=1 lane_count=1
traci-bridge-1         | LANE_CMD_STATE veh=Ramp_Merge_5 edge=34126779 lane=0 target=1 lane_count=1 recently=False speed=5.84
traci-bridge-1         | LANE_CMD_WAIT_EDGE veh=Ramp_Merge_5 edge=34126779 lane=0 target=1 lane_count=1
traci-bridge-1         | LANE_CMD_STATE veh=Ramp_Back edge=34126779 lane=0 target=1 lane_count=1 recently=False speed=6.70
traci-bridge-1         | LANE_CMD_WAIT_EDGE veh=Ramp_Back edge=34126779 lane=0 target=1 lane_count=1
traci-bridge-1         | LANE_CMD_STATE veh=Ramp_Merge_5 edge=34126779 lane=0 target=1 lane_count=1 recently=False speed=5.88
traci-bridge-1         | LANE_CMD_WAIT_EDGE veh=Ramp_Merge_5 edge=34126779 lane=0 target=1 lane_count=1
traci-bridge-1         | LANE_CMD_STATE veh=Ramp_Back edge=34126779 lane=0 target=1 lane_count=1 recently=False speed=6.48
traci-bridge-1         | LANE_CMD_WAIT_EDGE veh=Ramp_Back edge=34126779 lane=0 target=1 lane_count=1
traci-bridge-1         | LANE_CMD_STATE veh=Ramp_Merge_5 edge=34126779 lane=0 target=1 lane_count=1 recently=False speed=5.73
traci-bridge-1         | LANE_CMD_WAIT_EDGE veh=Ramp_Merge_5 edge=34126779 lane=0 target=1 lane_count=1
traci-bridge-1         | LANE_CMD_STATE veh=Ramp_Back edge=34126779 lane=0 target=1 lane_count=1 recently=False speed=6.27
traci-bridge-1         | LANE_CMD_WAIT_EDGE veh=Ramp_Back edge=34126779 lane=0 target=1 lane_count=1
traci-bridge-1         | LANE_CMD_STATE veh=Ramp_Merge_5 edge=34126779 lane=0 target=1 lane_count=1 recently=False speed=5.75
traci-bridge-1         | LANE_CMD_WAIT_EDGE veh=Ramp_Merge_5 edge=34126779 lane=0 target=1 lane_count=1
traci-bridge-1         | LANE_CMD_STATE veh=Ramp_Back edge=34126779 lane=0 target=1 lane_count=1 recently=False speed=6.07
traci-bridge-1         | LANE_CMD_WAIT_EDGE veh=Ramp_Back edge=34126779 lane=0 target=1 lane_count=1
traci-bridge-1         | LANE_CMD_STATE veh=Ramp_Merge_5 edge=34126779 lane=0 target=1 lane_count=1 recently=False speed=5.62
traci-bridge-1         | LANE_CMD_WAIT_EDGE veh=Ramp_Merge_5 edge=34126779 lane=0 target=1 lane_count=1
traci-bridge-1         | LANE_CMD_STATE veh=Ramp_Back edge=34126779 lane=0 target=1 lane_count=1 recently=False speed=5.88
traci-bridge-1         | LANE_CMD_WAIT_EDGE veh=Ramp_Back edge=34126779 lane=0 target=1 lane_count=1
traci-bridge-1         | LANE_CMD_STATE veh=Ramp_Merge_5 edge=34126779 lane=0 target=1 lane_count=1 recently=False speed=5.63
traci-bridge-1         | LANE_CMD_WAIT_EDGE veh=Ramp_Merge_5 edge=34126779 lane=0 target=1 lane_count=1
traci-bridge-1         | LANE_CMD_STATE veh=Ramp_Back edge=34126779 lane=0 target=1 lane_count=1 recently=False speed=5.70
traci-bridge-1         | LANE_CMD_WAIT_EDGE veh=Ramp_Back edge=34126779 lane=0 target=1 lane_count=1
traci-bridge-1         | LANE_CMD_STATE veh=Ramp_Merge_5 edge=34126779 lane=0 target=1 lane_count=1 recently=False speed=5.65
traci-bridge-1         | LANE_CMD_WAIT_EDGE veh=Ramp_Merge_5 edge=34126779 lane=0 target=1 lane_count=1
traci-bridge-1         | LANE_CMD_STATE veh=Ramp_Back edge=34126779 lane=0 target=1 lane_count=1 recently=False speed=5.52
traci-bridge-1         | LANE_CMD_WAIT_EDGE veh=Ramp_Back edge=34126779 lane=0 target=1 lane_count=1
traci-bridge-1         | LANE_CMD_STATE veh=Ramp_Merge_5 edge=34126779 lane=0 target=1 lane_count=1 recently=False speed=5.52
traci-bridge-1         | LANE_CMD_WAIT_EDGE veh=Ramp_Merge_5 edge=34126779 lane=0 target=1 lane_count=1
traci-bridge-1         | LANE_CMD_STATE veh=Ramp_Back edge=34126779 lane=0 target=1 lane_count=1 recently=False speed=5.36
traci-bridge-1         | LANE_CMD_WAIT_EDGE veh=Ramp_Back edge=34126779 lane=0 target=1 lane_count=1
traci-bridge-1         | LANE_CMD_STATE veh=Ramp_Merge_5 edge=34126779 lane=0 target=1 lane_count=1 recently=False speed=5.54
traci-bridge-1         | LANE_CMD_WAIT_EDGE veh=Ramp_Merge_5 edge=34126779 lane=0 target=1 lane_count=1
traci-bridge-1         | LANE_CMD_STATE veh=Ramp_Back edge=34126779 lane=0 target=1 lane_count=1 recently=False speed=5.21
traci-bridge-1         | LANE_CMD_WAIT_EDGE veh=Ramp_Back edge=34126779 lane=0 target=1 lane_count=1
traci-bridge-1         | LANE_CMD_STATE veh=Ramp_Merge_5 edge=34126779 lane=0 target=1 lane_count=1 recently=False speed=5.55
traci-bridge-1         | LANE_CMD_WAIT_EDGE veh=Ramp_Merge_5 edge=34126779 lane=0 target=1 lane_count=1
traci-bridge-1         | LANE_CMD_STATE veh=Ramp_Back edge=34126779 lane=0 target=1 lane_count=1 recently=False speed=5.06
traci-bridge-1         | LANE_CMD_WAIT_EDGE veh=Ramp_Back edge=34126779 lane=0 target=1 lane_count=1
traci-bridge-1         | LANE_CMD_STATE veh=Ramp_Merge_5 edge=34126779 lane=0 target=1 lane_count=1 recently=False speed=5.56
traci-bridge-1         | LANE_CMD_WAIT_EDGE veh=Ramp_Merge_5 edge=34126779 lane=0 target=1 lane_count=1
traci-bridge-1         | LANE_CMD_STATE veh=Ramp_Back edge=34126779 lane=0 target=1 lane_count=1 recently=False speed=4.92
traci-bridge-1         | LANE_CMD_WAIT_EDGE veh=Ramp_Back edge=34126779 lane=0 target=1 lane_count=1
traci-bridge-1         | LANE_CMD_STATE veh=Ramp_Merge_5 edge=34126779 lane=0 target=1 lane_count=1 recently=False speed=5.44
traci-bridge-1         | LANE_CMD_WAIT_EDGE veh=Ramp_Merge_5 edge=34126779 lane=0 target=1 lane_count=1
traci-bridge-1         | LANE_CMD_STATE veh=Ramp_Back edge=34126779 lane=0 target=1 lane_count=1 recently=False speed=4.78
traci-bridge-1         | LANE_CMD_WAIT_EDGE veh=Ramp_Back edge=34126779 lane=0 target=1 lane_count=1
traci-bridge-1         | LANE_CMD_STATE veh=Ramp_Merge_5 edge=34126779 lane=0 target=1 lane_count=1 recently=False speed=5.46
traci-bridge-1         | LANE_CMD_WAIT_EDGE veh=Ramp_Merge_5 edge=34126779 lane=0 target=1 lane_count=1
traci-bridge-1         | LANE_CMD_STATE veh=Ramp_Back edge=34126779 lane=0 target=1 lane_count=1 recently=False speed=4.66
traci-bridge-1         | LANE_CMD_WAIT_EDGE veh=Ramp_Back edge=34126779 lane=0 target=1 lane_count=1
traci-bridge-1         | LANE_CMD_STATE veh=Ramp_Merge_5 edge=34126779 lane=0 target=1 lane_count=1 recently=False speed=5.48
traci-bridge-1         | LANE_CMD_WAIT_EDGE veh=Ramp_Merge_5 edge=34126779 lane=0 target=1 lane_count=1
traci-bridge-1         | LANE_CMD_STATE veh=Ramp_Back edge=34126779 lane=0 target=1 lane_count=1 recently=False speed=4.54
traci-bridge-1         | LANE_CMD_WAIT_EDGE veh=Ramp_Back edge=34126779 lane=0 target=1 lane_count=1
obu-main-mid-right-1   | HOST_RESERVATION_HOLD: host=Main_Mid_Right ramp=109 manoeuvre=68 remaining=1.8 own_speed=7.50 target_speed=7.50 ramp_fsm=ABORT ramp_lane_cmd_state=NONE ramp_edge=1331698336 ramp_lane=0 ramp_merge_completed=False ramp_merge_committed=False
obu-main-mid-right-1   | [30.4] Main_Mid_Right HOST_HOLD_YIELD: for merge=109 spd=7.50
obu-main-mid-right-1   | [30.4] Main_Mid_Right MCM_TX_REJECT: manoeuvre=98 target=110
obu-main-mid-right-1   | [30.4] Main_Mid_Right MCM_TX_ACCEPT: manoeuvre=68 target=109
obu-main-mid-right-1   | [30.4] Main_Mid_Right role=host state=YIELDING->YIELDING speed=7.50 target=7.50 neighbors=11
obu-main-back-left-1   | HOST_RESERVATION_START: host=Main_Back_Left ramp=110 manoeuvre=99 until=34.3 own_speed=7.27 target_speed=5.70 required_speed=5.70 gap_eta=3.47
obu-main-back-left-1   | [30.3] Main_Back_Left HOST_RESERVED: merge=110 manoeuvre=99 until=34.3 target_spd=5.70
obu-main-back-left-1   | [30.3] Main_Back_Left HOST_YIELD: for merge=110 req_spd=5.70
obu-main-back-left-1   | [30.3] Main_Back_Left MCM_TX_ACCEPT: manoeuvre=99 target=110
obu-main-back-left-1   | [30.3] Main_Back_Left role=host state=CRUISE->YIELDING speed=7.27 target=5.70 neighbors=11
obu-ramp-merge-4-1     | [30.4] Ramp_Merge_4 MCM_RX_ACCEPT: from=105 manoeuvre=99 target=110
obu-ramp-back-1        | [30.5] Ramp_Back MCM_RX_ACCEPT: from=102 manoeuvre=159 target=112
obu-main-front-left-1  | HOST_RESERVATION_EXTEND_UNTIL_CLEAR: host=Main_Front_Left ramp=112 manoeuvre=159 new_remaining=4.0 ramp_lcs=WAIT_EDGE ramp_edge=34126779
obu-main-front-left-1  | HOST_RESERVATION_HOLD: host=Main_Front_Left ramp=112 manoeuvre=159 remaining=4.0 own_speed=6.54 target_speed=6.58 ramp_fsm=MERGING ramp_lane_cmd_state=WAIT_EDGE ramp_edge=34126779 ramp_lane=0 ramp_merge_completed=False ramp_merge_committed=True
obu-main-front-left-1  | [30.5] Main_Front_Left HOST_HOLD_YIELD: for merge=112 spd=6.58
obu-ramp-merge-4-1     | [30.5] Ramp_Merge_4 MCM_RX_REJECT: from=103 manoeuvre=98 target=110
obu-ramp-merge-3-1     | [30.5] Ramp_Merge_3 MCM_RX_ACCEPT: from=103 manoeuvre=68 target=109
obu-ramp-merge-2-1     | [30.5] Ramp_Merge_2 MERGE_DECISION: auth=False phys=True fgok=True lgok=True hgok=True cok=True esok=True cready=True dtm=45.2 past=True committed=False hid=103 ra=None lclear=True hyok=True
obu-ramp-merge-2-1     | [30.5] Ramp_Merge_2 MERGE_FAILED_LOST_AUTH_AFTER_POINT: dtm=45.2 past=True hid=103 auth=False
obu-ramp-merge-4-1     | MERGE_ATTEMPT_TIMELINE: vehicle=Ramp_Merge_4 manoeuvre=99 host=105 lead=None event=ACCEPT_MATCHED t=30.5 edge=1331698336 lane=0 lane_cmd_state=NONE speed=5.31 target=6.75 dtm=6.2 lead_gap= host_gap=24.03 lead_gap_t1= lead_gap_t2= lead_gap_t3= host_gap_t1=24.03 host_gap_t2=24.03 host_gap_t3=24.03
obu-ramp-merge-4-1     | [30.5] Ramp_Merge_4 MCM_ACCEPT_MATCHED: host=105 manoeuvre=99
obu-ramp-merge-4-1     | [30.5] Ramp_Merge_4 FINAL_GUARD: REJECTED sid=106 gap=10.2
obu-ramp-back-1        | [30.5] Ramp_Back MERGE_COMMIT_WAIT_LANE_AVAILABLE: edge=34126779 lane=0 target_lane=1 lane_count=1 executable=False speed=4.42 dtm=44.3
obu-ramp-back-1        | [30.5] Ramp_Back MERGE_COMMIT_SAFETY_HOLD: lgok=False hgok=True fgok=True edge=34126779 lane=0 target_lane=1 speed=4.42 lane_cmd_state=WAIT_EDGE lane_cmd_executable=False lane_cmd_edge=34126779 lane_cmd_lane_count=1
obu-main-mid-right-1   | HOST_RESERVATION_HOLD: host=Main_Mid_Right ramp=109 manoeuvre=68 remaining=1.6 own_speed=7.50 target_speed=7.50 ramp_fsm=ABORT ramp_lane_cmd_state=NONE ramp_edge=1331698336 ramp_lane=0 ramp_merge_completed=False ramp_merge_committed=False
obu-main-mid-right-1   | [30.6] Main_Mid_Right HOST_HOLD_YIELD: for merge=109 spd=7.50
obu-main-back-left-1   | HOST_RESERVATION_HOLD: host=Main_Back_Left ramp=110 manoeuvre=99 remaining=3.7 own_speed=7.31 target_speed=5.70 ramp_fsm=YIELDING ramp_lane_cmd_state=NONE ramp_edge=1331698336 ramp_lane=0 ramp_merge_completed=False ramp_merge_committed=False
obu-main-back-left-1   | [30.6] Main_Back_Left HOST_HOLD_YIELD: for merge=110 spd=5.70
obu-main-back-left-1   | [30.6] Main_Back_Left MCM_TX_ACCEPT: manoeuvre=99 target=110
obu-main-mid-right-1   | [30.6] Main_Mid_Right MCM_RX_REQUEST: from=108 manoeuvre=40 target=103
obu-main-back-right-1  | [30.5] Main_Back_Right role=cruise state=CRUISE->CRUISE speed=7.02 target=7.50 neighbors=11
obu-main-back-left-1   | [30.6] Main_Back_Left MCM_RX_REQUEST: from=110 manoeuvre=99 target=105
obu-ramp-merge-3-1     | [30.5] Ramp_Merge_3 FINAL_GUARD: REJECTED sid=105 gap=7.9
obu-ramp-merge-5-1     | [30.5] Ramp_Merge_5 MERGE_COMMIT_WAIT_LANE_AVAILABLE: edge=34126779 lane=0 target_lane=1 lane_count=1 executable=False speed=5.49 dtm=14.1
obu-ramp-merge-5-1     | [30.5] Ramp_Merge_5 FINAL_GUARD: REJECTED slot-boundary ETA sid=106
obu-ramp-merge-5-1     | [30.5] Ramp_Merge_5 MERGE_COMMIT_SAFETY_HOLD: lgok=False hgok=True fgok=False edge=34126779 lane=0 target_lane=1 speed=5.49 lane_cmd_state=WAIT_EDGE lane_cmd_executable=False lane_cmd_edge=34126779 lane_cmd_lane_count=1
obu-main-front-left-1  | HOST_RESERVATION_EXTEND_UNTIL_CLEAR: host=Main_Front_Left ramp=112 manoeuvre=159 new_remaining=3.9 ramp_lcs=WAIT_EDGE ramp_edge=34126779
obu-main-front-left-1  | HOST_RESERVATION_HOLD: host=Main_Front_Left ramp=112 manoeuvre=159 remaining=3.9 own_speed=6.55 target_speed=6.58 ramp_fsm=MERGING ramp_lane_cmd_state=WAIT_EDGE ramp_edge=34126779 ramp_lane=0 ramp_merge_completed=False ramp_merge_committed=True
obu-main-front-left-1  | [30.8] Main_Front_Left HOST_HOLD_YIELD: for merge=112 spd=6.58
obu-main-front-left-1  | [30.8] Main_Front_Left MCM_TX_ACCEPT: manoeuvre=159 target=112
obu-ramp-merge-2-1     | [30.7] Ramp_Merge_2 MCM_TX_REQUEST: manoeuvre=40 target=103
obu-ramp-merge-4-1     | [30.7] Ramp_Merge_4 FINAL_GUARD: REJECTED sid=106 gap=9.2
obu-ramp-back-1        | [30.6] Ramp_Back MERGE_COMMIT_WAIT_LANE_AVAILABLE: edge=34126779 lane=0 target_lane=1 lane_count=1 executable=False speed=4.31 dtm=43.9
obu-ramp-back-1        | [30.6] Ramp_Back MERGE_COMMIT_SAFETY_HOLD: lgok=False hgok=True fgok=True edge=34126779 lane=0 target_lane=1 speed=4.31 lane_cmd_state=WAIT_EDGE lane_cmd_executable=False lane_cmd_edge=34126779 lane_cmd_lane_count=1
obu-main-mid-right-1   | HOST_RESERVATION_HOLD: host=Main_Mid_Right ramp=109 manoeuvre=68 remaining=1.4 own_speed=7.50 target_speed=7.50 ramp_fsm=ABORT ramp_lane_cmd_state=NONE ramp_edge=1331698336 ramp_lane=0 ramp_merge_completed=False ramp_merge_committed=False
obu-main-mid-right-1   | [30.8] Main_Mid_Right HOST_HOLD_YIELD: for merge=109 spd=7.50
obu-main-mid-right-1   | [30.8] Main_Mid_Right MCM_TX_REJECT: manoeuvre=40 target=108
obu-main-mid-right-1   | [30.8] Main_Mid_Right MCM_TX_ACCEPT: manoeuvre=68 target=109
obu-ramp-merge-3-1     | [30.7] Ramp_Merge_3 FINAL_GUARD: REJECTED sid=105 gap=7.0
obu-ramp-merge-5-1     | [30.6] Ramp_Merge_5 MERGE_COMMIT_WAIT_LANE_AVAILABLE: edge=34126779 lane=0 target_lane=1 lane_count=1 executable=False speed=5.37 dtm=13.6
obu-ramp-merge-5-1     | [30.6] Ramp_Merge_5 FINAL_GUARD: REJECTED slot-boundary ETA sid=106
obu-ramp-merge-5-1     | [30.6] Ramp_Merge_5 MERGE_COMMIT_SAFETY_HOLD: lgok=False hgok=True fgok=False edge=34126779 lane=0 target_lane=1 speed=5.37 lane_cmd_state=WAIT_EDGE lane_cmd_executable=False lane_cmd_edge=34126779 lane_cmd_lane_count=1
obu-ramp-merge-4-1     | [30.8] Ramp_Merge_4 FINAL_GUARD: REJECTED sid=106 gap=8.7
obu-ramp-merge-3-1     | [30.8] Ramp_Merge_3 FINAL_GUARD: REJECTED sid=105 gap=6.5
obu-ramp-merge-3-1     | [30.8] Ramp_Merge_3 MERGE_ACCEPTED_WAIT_SLOT_VALID: reason=fgok=False
obu-ramp-merge-3-1     | [30.8] Ramp_Merge_3 MERGE_DECISION: auth=False phys=True fgok=False lgok=True hgok=True cok=True esok=True cready=True dtm=27.2 past=True committed=False hid=103 ra=2 lclear=True hyok=True
obu-ramp-merge-3-1     | [30.8] Ramp_Merge_3 MERGE_FAILED_LOST_AUTH_AFTER_POINT: dtm=27.2 past=True hid=103 auth=False
obu-ramp-merge-5-1     | [30.8] Ramp_Merge_5 MERGE_COMMIT_WAIT_LANE_AVAILABLE: edge=34126779 lane=0 target_lane=1 lane_count=1 executable=False speed=5.07 dtm=12.6
obu-ramp-merge-5-1     | [30.8] Ramp_Merge_5 FINAL_GUARD: REJECTED slot-boundary ETA sid=106
obu-ramp-merge-5-1     | [30.8] Ramp_Merge_5 MERGE_COMMIT_SAFETY_HOLD: lgok=False hgok=True fgok=False edge=34126779 lane=0 target_lane=1 speed=5.07 lane_cmd_state=WAIT_EDGE lane_cmd_executable=False lane_cmd_edge=34126779 lane_cmd_lane_count=1
obu-ramp-merge-3-1     | [31.1] Ramp_Merge_3 FINAL_GUARD: REJECTED sid=105 gap=5.2
obu-ramp-merge-5-1     | [31.0] Ramp_Merge_5 MERGE_COMMIT_WAIT_LANE_AVAILABLE: edge=34126779 lane=0 target_lane=1 lane_count=1 executable=False speed=4.79 dtm=11.7
obu-ramp-merge-5-1     | [31.0] Ramp_Merge_5 FINAL_GUARD: REJECTED slot-boundary ETA sid=106
obu-ramp-merge-5-1     | [31.0] Ramp_Merge_5 MERGE_COMMIT_SAFETY_HOLD: lgok=False hgok=True fgok=False edge=34126779 lane=0 target_lane=1 speed=4.79 lane_cmd_state=WAIT_EDGE lane_cmd_executable=False lane_cmd_edge=34126779 lane_cmd_lane_count=1
obu-ramp-merge-5-1     | [31.1] Ramp_Merge_5 CAR_FOLLOW: sid=110 edge=34126779 lane=0 leader_edge= leader_lane=None leader_role_hint=ramp self_merge_completed=False self_merge_completed_age=-1.0 self_merge_committed=True lane_cmd_state=WAIT_EDGE lane_cmd_edge=34126779 lane_cmd_target=1 lane_cmd_executable=False same_lane=True reason=same_lane_cam gap=8.2 follow_spd=2.62 emergency=False target_before=2.25 target_after=4.414093112744208
obu-ramp-merge-4-1     | [31.2] Ramp_Merge_4 FINAL_GUARD: REJECTED sid=106 gap=8.1
obu-main-mid-right-1   | [31.3] Main_Mid_Right MCM_RX_REQUEST: from=108 manoeuvre=40 target=103
obu-ramp-back-1        | [31.2] Ramp_Back MCM_RX_ACCEPT: from=102 manoeuvre=159 target=112
obu-ramp-merge-3-1     | [31.2] Ramp_Merge_3 MCM_RX_ACCEPT: from=103 manoeuvre=68 target=109
obu-ramp-merge-4-1     | [31.2] Ramp_Merge_4 MCM_RX_ACCEPT: from=105 manoeuvre=99 target=110
obu-ramp-back-1        | [31.2] Ramp_Back MERGE_COMMIT_WAIT_LANE_AVAILABLE: edge=34126779 lane=0 target_lane=1 lane_count=1 executable=False speed=3.77 dtm=41.7
obu-ramp-merge-2-1     | [31.2] Ramp_Merge_2 MCM_RX_REJECT: from=103 manoeuvre=40 target=108
obu-main-back-left-1   | HOST_RESERVATION_HOLD: host=Main_Back_Left ramp=110 manoeuvre=99 remaining=3.0 own_speed=6.89 target_speed=5.70 ramp_fsm=NEGOTIATING ramp_lane_cmd_state=NONE ramp_edge=1331698336 ramp_lane=0 ramp_merge_completed=False ramp_merge_committed=False
obu-main-back-left-1   | [31.3] Main_Back_Left HOST_HOLD_YIELD: for merge=110 spd=5.70
obu-main-back-left-1   | [31.3] Main_Back_Left MCM_TX_ACCEPT: manoeuvre=99 target=110
obu-main-back-left-1   | [31.3] Main_Back_Left role=host state=YIELDING->YIELDING speed=6.89 target=5.70 neighbors=11
obu-main-mid-right-1   | HOST_RESERVATION_HOLD: host=Main_Mid_Right ramp=109 manoeuvre=68 remaining=0.9 own_speed=7.50 target_speed=7.50 ramp_fsm=ABORT ramp_lane_cmd_state=NONE ramp_edge=1331698336 ramp_lane=0 ramp_merge_completed=False ramp_merge_committed=False
obu-main-mid-right-1   | [31.3] Main_Mid_Right HOST_HOLD_YIELD: for merge=109 spd=7.50
obu-main-mid-right-1   | [31.3] Main_Mid_Right MCM_TX_REJECT: manoeuvre=40 target=108
obu-main-mid-right-1   | [31.3] Main_Mid_Right MCM_TX_ACCEPT: manoeuvre=68 target=109
obu-host-car-1         | [31.3] Host_Car role=cruise state=CRUISE->CRUISE speed=7.50 target=7.50 neighbors=11
obu-main-front-left-1  | HOST_RESERVATION_HOLD: host=Main_Front_Left ramp=112 manoeuvre=159 remaining=3.4 own_speed=6.55 target_speed=6.58 ramp_fsm=MERGING ramp_lane_cmd_state=WAIT_EDGE ramp_edge=34126779 ramp_lane=0 ramp_merge_completed=False ramp_merge_committed=True
obu-main-front-left-1  | [31.3] Main_Front_Left HOST_HOLD_YIELD: for merge=112 spd=6.58
obu-main-front-left-1  | [31.3] Main_Front_Left MCM_TX_ACCEPT: manoeuvre=159 target=112
obu-ramp-merge-5-1     | [31.2] Ramp_Merge_5 MERGE_COMMIT_WAIT_LANE_AVAILABLE: edge=34126779 lane=0 target_lane=1 lane_count=1 executable=False speed=4.54 dtm=10.9
obu-ramp-merge-5-1     | [31.2] Ramp_Merge_5 FINAL_GUARD: REJECTED slot-boundary ETA sid=106
obu-ramp-merge-5-1     | [31.2] Ramp_Merge_5 MERGE_COMMIT_SAFETY_HOLD: lgok=False hgok=True fgok=False edge=34126779 lane=0 target_lane=1 speed=4.54 lane_cmd_state=WAIT_EDGE lane_cmd_executable=False lane_cmd_edge=34126779 lane_cmd_lane_count=1
obu-ramp-merge-5-1     | [31.2] Ramp_Merge_5 CAR_FOLLOW: sid=110 edge=34126779 lane=0 leader_edge= leader_lane=None leader_role_hint=ramp self_merge_completed=False self_merge_completed_age=-1.0 self_merge_committed=True lane_cmd_state=WAIT_EDGE lane_cmd_edge=34126779 lane_cmd_target=1 lane_cmd_executable=False same_lane=True reason=same_lane_cam gap=9.9 follow_spd=3.60 emergency=False target_before=2.25 target_after=4.293388457106998
obu-ramp-merge-2-1     | [31.2] Ramp_Merge_2 MCM_TX_REQUEST: manoeuvre=40 target=103
obu-ramp-merge-2-1     | [31.2] Ramp_Merge_2 MCM_REJECT: host=103 manoeuvre=40
obu-ramp-merge-5-1     | [31.4] Ramp_Merge_5 MERGE_COMMIT_WAIT_LANE_AVAILABLE: edge=34126779 lane=0 target_lane=1 lane_count=1 executable=False speed=4.32 dtm=10.1
obu-ramp-merge-5-1     | [31.4] Ramp_Merge_5 FINAL_GUARD: REJECTED slot-boundary ETA sid=106
obu-ramp-merge-5-1     | [31.4] Ramp_Merge_5 MERGE_COMMIT_SAFETY_HOLD: lgok=False hgok=True fgok=False edge=34126779 lane=0 target_lane=1 speed=4.32 lane_cmd_state=WAIT_EDGE lane_cmd_executable=False lane_cmd_edge=34126779 lane_cmd_lane_count=1
obu-ramp-merge-5-1     | [31.4] Ramp_Merge_5 role=merge state=MERGING->MERGING speed=4.32 target=2.25 neighbors=11
obu-ramp-merge-2-1     | [31.4] Ramp_Merge_2 MERGE_DECISION: auth=False phys=True fgok=True lgok=True hgok=True cok=True esok=True cready=True dtm=48.9 past=True committed=False hid=103 ra=None lclear=True hyok=False
obu-ramp-merge-2-1     | [31.4] Ramp_Merge_2 MERGE_FAILED_LOST_AUTH_AFTER_POINT: dtm=48.9 past=True hid=103 auth=False
obu-ramp-merge-2-1     | [31.4] Ramp_Merge_2 role=merge state=NEGOTIATING->ABORT speed=4.01 target=0.50 neighbors=11
obu-main-back-right-1  | [31.6] Main_Back_Right role=cruise state=CRUISE->CRUISE speed=7.02 target=7.50 neighbors=11
obu-ramp-merge-5-1     | [31.5] Ramp_Merge_5 MERGE_COMMIT_WAIT_LANE_AVAILABLE: edge=34126779 lane=0 target_lane=1 lane_count=1 executable=False speed=4.32 dtm=9.7
obu-ramp-merge-5-1     | [31.5] Ramp_Merge_5 FINAL_GUARD: REJECTED slot-boundary ETA sid=106
obu-ramp-merge-5-1     | [31.5] Ramp_Merge_5 MERGE_COMMIT_SAFETY_HOLD: lgok=False hgok=True fgok=False edge=34126779 lane=0 target_lane=1 speed=4.32 lane_cmd_state=WAIT_EDGE lane_cmd_executable=False lane_cmd_edge=34126779 lane_cmd_lane_count=1
obu-ramp-merge-5-1     | [31.8] Ramp_Merge_5 MERGE_COMMIT_WAIT_LANE_AVAILABLE: edge=34126779 lane=0 target_lane=1 lane_count=1 executable=False speed=4.22 dtm=8.6
obu-ramp-merge-5-1     | [31.8] Ramp_Merge_5 FINAL_GUARD: REJECTED slot-boundary ETA sid=106
obu-ramp-merge-5-1     | [31.8] Ramp_Merge_5 MERGE_COMMIT_SAFETY_HOLD: lgok=False hgok=True fgok=False edge=34126779 lane=0 target_lane=1 speed=4.22 lane_cmd_state=WAIT_EDGE lane_cmd_executable=False lane_cmd_edge=34126779 lane_cmd_lane_count=1
obu-ramp-merge-5-1     | [31.8] Ramp_Merge_5 CAR_FOLLOW: sid=110 edge=34126779 lane=0 leader_edge= leader_lane=None leader_role_hint=ramp self_merge_completed=False self_merge_completed_age=-1.0 self_merge_committed=True lane_cmd_state=WAIT_EDGE lane_cmd_edge=34126779 lane_cmd_target=1 lane_cmd_executable=False same_lane=True reason=same_lane_cam gap=10.0 follow_spd=3.73 emergency=False target_before=2.25 target_after=3.9678920793388235
obu-merge-car-1        | [32.0] Merge_Car role=cruise state=CRUISE->CRUISE speed=7.50 target=7.50 neighbors=11
obu-ramp-merge-4-1     | [32.0] Ramp_Merge_4 MCM_RX_ACCEPT: from=105 manoeuvre=99 target=110
obu-main-mid-right-1   | [32.1] Main_Mid_Right MCM_RX_REQUEST: from=108 manoeuvre=40 target=103
obu-main-back-right-1  | [32.0] Main_Back_Right CAR_FOLLOW: sid=105 edge=1331698336 lane=1 leader_edge= leader_lane=None leader_role_hint=main self_merge_completed=False self_merge_completed_age=-1.0 self_merge_committed=False lane_cmd_state=None lane_cmd_edge=None lane_cmd_target=None lane_cmd_executable=None same_lane=True reason=same_lane_cam gap=4.5 follow_spd=2.62 emergency=False target_before=7.5 target_after=6.701896503326418
obu-ramp-merge-3-1     | [32.0] Ramp_Merge_3 FINAL_GUARD: REJECTED sid=105 gap=3.8
obu-ramp-merge-3-1     | [32.0] Ramp_Merge_3 CAR_FOLLOW: sid=108 edge=1331698336 lane=0 leader_edge= leader_lane=None leader_role_hint=ramp self_merge_completed=False self_merge_completed_age=-1.0 self_merge_committed=False lane_cmd_state=None lane_cmd_edge=None lane_cmd_target=None lane_cmd_executable=None same_lane=True reason=same_lane_cam gap=10.7 follow_spd=3.19 emergency=False target_before=4.55127304030862 target_after=4.55127304030862
obu-ramp-merge-3-1     | [32.0] Ramp_Merge_3 role=merge state=ABORT->ABORT speed=4.80 target=4.55 neighbors=11
obu-ramp-merge-3-1     | [32.0] Ramp_Merge_3 MCM_RX_ACCEPT: from=103 manoeuvre=68 target=109
obu-main-front-left-1  | HOST_RESERVATION_HOLD: host=Main_Front_Left ramp=112 manoeuvre=159 remaining=2.6 own_speed=6.56 target_speed=6.58 ramp_fsm=MERGING ramp_lane_cmd_state=WAIT_EDGE ramp_edge=34126779 ramp_lane=0 ramp_merge_completed=False ramp_merge_committed=True
obu-main-front-left-1  | [32.1] Main_Front_Left HOST_HOLD_YIELD: for merge=112 spd=6.58
obu-main-front-left-1  | [32.1] Main_Front_Left MCM_TX_ACCEPT: manoeuvre=159 target=112
obu-main-front-left-1  | [32.1] Main_Front_Left role=host state=YIELDING->YIELDING speed=6.56 target=6.58 neighbors=11
obu-ramp-back-1        | [32.0] Ramp_Back MCM_RX_ACCEPT: from=102 manoeuvre=159 target=112
obu-ramp-merge-5-1     | [32.0] Ramp_Merge_5 MERGE_COMMIT_WAIT_LANE_AVAILABLE: edge=34126779 lane=0 target_lane=1 lane_count=1 executable=False speed=4.03 dtm=8.0
obu-ramp-merge-5-1     | [32.0] Ramp_Merge_5 FINAL_GUARD: REJECTED slot-boundary ETA sid=106
obu-ramp-merge-5-1     | [32.0] Ramp_Merge_5 MERGE_COMMIT_SAFETY_HOLD: lgok=False hgok=True fgok=False edge=34126779 lane=0 target_lane=1 speed=4.03 lane_cmd_state=WAIT_EDGE lane_cmd_executable=False lane_cmd_edge=34126779 lane_cmd_lane_count=1
obu-ramp-merge-5-1     | [32.0] Ramp_Merge_5 CAR_FOLLOW: sid=110 edge=34126779 lane=0 leader_edge= leader_lane=None leader_role_hint=ramp self_merge_completed=False self_merge_completed_age=-1.0 self_merge_committed=True lane_cmd_state=WAIT_EDGE lane_cmd_edge=34126779 lane_cmd_target=1 lane_cmd_executable=False same_lane=True reason=same_lane_cam gap=9.2 follow_spd=2.71 emergency=False target_before=2.25 target_after=3.7760226016032883
obu-ramp-merge-4-1     | [32.1] Ramp_Merge_4 FINAL_GUARD: REJECTED sid=106 gap=8.9
obu-ramp-merge-4-1     | [32.1] Ramp_Merge_4 CAR_FOLLOW: sid=106 edge=1331698336 lane=0 leader_edge= leader_lane=None leader_role_hint=main self_merge_completed=False self_merge_completed_age=-1.0 self_merge_committed=False lane_cmd_state=None lane_cmd_edge=None lane_cmd_target=None lane_cmd_executable=None same_lane=False reason=merge_conflict_eta gap=0.4 follow_spd=4.12 emergency=False target_before=5.273322322178729 target_after=5.023322322178729
obu-ramp-merge-4-1     | [32.1] Ramp_Merge_4 role=merge state=NEGOTIATING->NEGOTIATING speed=5.27 target=5.02 neighbors=11
obu-ramp-merge-2-1     | [32.0] Ramp_Merge_2 MERGE_DECISION: auth=False phys=True fgok=True lgok=True hgok=True cok=True esok=True cready=True dtm=51.2 past=True committed=False hid=103 ra=None lclear=True hyok=False
obu-ramp-merge-2-1     | [32.0] Ramp_Merge_2 MERGE_FAILED_LOST_AUTH_AFTER_POINT: dtm=51.2 past=True hid=103 auth=False
obu-ramp-back-1        | [32.1] Ramp_Back MERGE_COMMIT_WAIT_LANE_AVAILABLE: edge=34126779 lane=0 target_lane=1 lane_count=1 executable=False speed=3.72 dtm=38.5
obu-ramp-back-1        | [32.1] Ramp_Back FINAL_GUARD: REJECTED slot-boundary ETA sid=104
obu-ramp-back-1        | [32.1] Ramp_Back MERGE_COMMIT_SAFETY_HOLD: lgok=False hgok=True fgok=False edge=34126779 lane=0 target_lane=1 speed=3.72 lane_cmd_state=WAIT_EDGE lane_cmd_executable=False lane_cmd_edge=34126779 lane_cmd_lane_count=1
obu-ramp-back-1        | [32.1] Ramp_Back role=merge state=MERGING->MERGING speed=3.72 target=2.25 neighbors=11
obu-lead-car-1         | [32.2] Lead_Car role=cruise state=CRUISE->CRUISE speed=7.43 target=7.50 neighbors=11
obu-ramp-merge-2-1     | [32.0] Ramp_Merge_2 MCM_RX_REJECT: from=103 manoeuvre=40 target=108
obu-main-back-left-1   | HOST_RESERVATION_HOLD: host=Main_Back_Left ramp=110 manoeuvre=99 remaining=2.3 own_speed=6.53 target_speed=5.70 ramp_fsm=NEGOTIATING ramp_lane_cmd_state=NONE ramp_edge=1331698336 ramp_lane=0 ramp_merge_completed=False ramp_merge_committed=False
obu-main-back-left-1   | [32.0] Main_Back_Left HOST_HOLD_YIELD: for merge=110 spd=5.70
obu-main-back-left-1   | [32.0] Main_Back_Left MCM_TX_ACCEPT: manoeuvre=99 target=110
obu-main-mid-right-1   | HOST_RESERVATION_HOLD: host=Main_Mid_Right ramp=109 manoeuvre=68 remaining=0.1 own_speed=7.50 target_speed=7.50 ramp_fsm=ABORT ramp_lane_cmd_state=NONE ramp_edge=1331698336 ramp_lane=0 ramp_merge_completed=False ramp_merge_committed=False
obu-main-mid-right-1   | [32.1] Main_Mid_Right HOST_HOLD_YIELD: for merge=109 spd=7.50
obu-main-mid-right-1   | [32.1] Main_Mid_Right MCM_TX_REJECT: manoeuvre=40 target=108
obu-main-mid-right-1   | [32.1] Main_Mid_Right MCM_TX_ACCEPT: manoeuvre=68 target=109
obu-main-mid-right-1   | [32.1] Main_Mid_Right role=host state=YIELDING->YIELDING speed=7.50 target=7.50 neighbors=11
obu-ramp-merge-3-1     | [32.1] Ramp_Merge_3 FINAL_GUARD: REJECTED sid=105 gap=7.2
obu-main-front-left-1  | HOST_RESERVATION_HOLD: host=Main_Front_Left ramp=112 manoeuvre=159 remaining=2.5 own_speed=6.56 target_speed=6.58 ramp_fsm=MERGING ramp_lane_cmd_state=WAIT_EDGE ramp_edge=34126779 ramp_lane=0 ramp_merge_completed=False ramp_merge_committed=True
obu-main-front-left-1  | [32.2] Main_Front_Left HOST_HOLD_YIELD: for merge=112 spd=6.58
obu-ramp-merge-5-1     | [32.1] Ramp_Merge_5 MERGE_COMMIT_WAIT_LANE_AVAILABLE: edge=34126779 lane=0 target_lane=1 lane_count=1 executable=False speed=3.94 dtm=7.6
obu-ramp-merge-5-1     | [32.1] Ramp_Merge_5 FINAL_GUARD: REJECTED slot-boundary ETA sid=106
obu-ramp-merge-5-1     | [32.1] Ramp_Merge_5 MERGE_COMMIT_SAFETY_HOLD: lgok=False hgok=True fgok=False edge=34126779 lane=0 target_lane=1 speed=3.94 lane_cmd_state=WAIT_EDGE lane_cmd_executable=False lane_cmd_edge=34126779 lane_cmd_lane_count=1
obu-ramp-merge-5-1     | [32.1] Ramp_Merge_5 CAR_FOLLOW: sid=110 edge=34126779 lane=0 leader_edge= leader_lane=None leader_role_hint=ramp self_merge_completed=False self_merge_completed_age=-1.0 self_merge_committed=True lane_cmd_state=WAIT_EDGE lane_cmd_edge=34126779 lane_cmd_target=1 lane_cmd_executable=False same_lane=True reason=same_lane_cam gap=8.8 follow_spd=2.62 emergency=False target_before=2.25 target_after=3.6872214715231237
obu-main-back-left-1   | HOST_RESERVATION_HOLD: host=Main_Back_Left ramp=110 manoeuvre=99 remaining=2.0 own_speed=6.41 target_speed=5.70 ramp_fsm=NEGOTIATING ramp_lane_cmd_state=NONE ramp_edge=1331698336 ramp_lane=0 ramp_merge_completed=False ramp_merge_committed=False
obu-main-back-left-1   | [32.3] Main_Back_Left HOST_HOLD_YIELD: for merge=110 spd=5.70
obu-main-back-left-1   | [32.3] Main_Back_Left MCM_TX_ACCEPT: manoeuvre=99 target=110
obu-main-mid-right-1   | HOST_RELEASE_BEFORE_CLEAR: host=Main_Mid_Right ramp=109 manoeuvre=68 reason=timeout ramp_fsm=ABORT ramp_lane_cmd_state=NONE ramp_edge=1331698336 ramp_lane=0 ramp_merge_completed=False ramp_merge_committed=False
obu-main-mid-right-1   | HOST_RESERVATION_START: host=Main_Mid_Right ramp=108 manoeuvre=40 until=36.3 own_speed=7.50 target_speed=7.50 required_speed=7.50 gap_eta=5.55
obu-main-mid-right-1   | [32.3] Main_Mid_Right HOST_RESERVED: merge=108 manoeuvre=40 until=36.3 target_spd=7.50
obu-ramp-merge-3-1     | [32.3] Ramp_Merge_3 FINAL_GUARD: REJECTED slot-boundary sid=106 gap=9.1
obu-main-front-left-1  | HOST_RESERVATION_HOLD: host=Main_Front_Left ramp=112 manoeuvre=159 remaining=2.3 own_speed=6.56 target_speed=6.58 ramp_fsm=MERGING ramp_lane_cmd_state=WAIT_EDGE ramp_edge=34126779 ramp_lane=0 ramp_merge_completed=False ramp_merge_committed=True
obu-main-front-left-1  | [32.4] Main_Front_Left HOST_HOLD_YIELD: for merge=112 spd=6.58
obu-main-front-left-1  | [32.4] Main_Front_Left MCM_TX_ACCEPT: manoeuvre=159 target=112
obu-ramp-merge-5-1     | [32.2] Ramp_Merge_5 MERGE_COMMIT_WAIT_LANE_AVAILABLE: edge=34126779 lane=0 target_lane=1 lane_count=1 executable=False speed=3.94 dtm=7.3
obu-ramp-merge-5-1     | [32.2] Ramp_Merge_5 MERGE_COMMIT_SAFETY_HOLD: lgok=False hgok=True fgok=True edge=34126779 lane=0 target_lane=1 speed=3.94 lane_cmd_state=WAIT_EDGE lane_cmd_executable=False lane_cmd_edge=34126779 lane_cmd_lane_count=1
obu-main-back-left-1   | HOST_RESERVATION_HOLD: host=Main_Back_Left ramp=110 manoeuvre=99 remaining=1.9 own_speed=6.37 target_speed=5.70 ramp_fsm=NEGOTIATING ramp_lane_cmd_state=NONE ramp_edge=1331698336 ramp_lane=0 ramp_merge_completed=False ramp_merge_committed=False
obu-main-back-left-1   | [32.4] Main_Back_Left HOST_HOLD_YIELD: for merge=110 spd=5.70
obu-main-back-left-1   | [32.4] Main_Back_Left role=host state=YIELDING->YIELDING speed=6.37 target=5.70 neighbors=11
obu-main-mid-right-1   | HOST_RESERVATION_HOLD: host=Main_Mid_Right ramp=108 manoeuvre=40 remaining=3.9 own_speed=7.50 target_speed=7.50 ramp_fsm=ABORT ramp_lane_cmd_state=NONE ramp_edge=1331698336 ramp_lane=0 ramp_merge_completed=False ramp_merge_committed=False
obu-main-mid-right-1   | [32.4] Main_Mid_Right HOST_HOLD_YIELD: for merge=108 spd=7.50
obu-main-mid-right-1   | [32.4] Main_Mid_Right MCM_TX_ACCEPT: manoeuvre=40 target=108
obu-ramp-merge-3-1     | [32.4] Ramp_Merge_3 FINAL_GUARD: REJECTED slot-boundary sid=106 gap=9.5
obu-main-front-left-1  | HOST_RESERVATION_HOLD: host=Main_Front_Left ramp=112 manoeuvre=159 remaining=2.2 own_speed=6.56 target_speed=6.58 ramp_fsm=MERGING ramp_lane_cmd_state=WAIT_EDGE ramp_edge=34126779 ramp_lane=0 ramp_merge_completed=False ramp_merge_committed=True
obu-main-front-left-1  | [32.5] Main_Front_Left HOST_HOLD_YIELD: for merge=112 spd=6.58
obu-ramp-merge-5-1     | [32.4] Ramp_Merge_5 MERGE_COMMIT_WAIT_LANE_AVAILABLE: edge=34126779 lane=0 target_lane=1 lane_count=1 executable=False speed=3.92 dtm=6.8
obu-ramp-merge-5-1     | [32.4] Ramp_Merge_5 MERGE_COMMIT_SAFETY_HOLD: lgok=False hgok=True fgok=True edge=34126779 lane=0 target_lane=1 speed=3.92 lane_cmd_state=WAIT_EDGE lane_cmd_executable=False lane_cmd_edge=34126779 lane_cmd_lane_count=1
obu-ramp-merge-5-1     | [32.4] Ramp_Merge_5 role=merge state=MERGING->MERGING speed=3.92 target=2.25 neighbors=11
obu-ramp-merge-2-1     | [32.4] Ramp_Merge_2 role=merge state=ABORT->ABORT speed=3.53 target=3.28 neighbors=11
obu-main-back-left-1   | HOST_RESERVATION_HOLD: host=Main_Back_Left ramp=110 manoeuvre=99 remaining=1.7 own_speed=6.31 target_speed=5.70 ramp_fsm=NEGOTIATING ramp_lane_cmd_state=NONE ramp_edge=1331698336 ramp_lane=0 ramp_merge_completed=False ramp_merge_committed=False
obu-main-back-left-1   | [32.6] Main_Back_Left HOST_HOLD_YIELD: for merge=110 spd=5.70
obu-main-back-left-1   | [32.6] Main_Back_Left MCM_TX_ACCEPT: manoeuvre=99 target=110
obu-main-mid-right-1   | HOST_RESERVATION_HOLD: host=Main_Mid_Right ramp=108 manoeuvre=40 remaining=3.7 own_speed=7.50 target_speed=7.50 ramp_fsm=ABORT ramp_lane_cmd_state=NONE ramp_edge=1331698336 ramp_lane=0 ramp_merge_completed=False ramp_merge_committed=False
obu-main-mid-right-1   | [32.6] Main_Mid_Right HOST_HOLD_YIELD: for merge=108 spd=7.50
obu-main-back-right-1  | [32.6] Main_Back_Right role=cruise state=CRUISE->CRUISE speed=6.83 target=7.50 neighbors=11
obu-ramp-merge-3-1     | [32.6] Ramp_Merge_3 FINAL_GUARD: REJECTED sid=105 gap=5.2
traci-bridge-1         | LANE_CMD_STATE veh=Ramp_Merge_5 edge=34126779 lane=0 target=1 lane_count=1 recently=False speed=5.49
traci-bridge-1         | LANE_CMD_WAIT_EDGE veh=Ramp_Merge_5 edge=34126779 lane=0 target=1 lane_count=1
traci-bridge-1         | LANE_CMD_STATE veh=Ramp_Back edge=34126779 lane=0 target=1 lane_count=1 recently=False speed=4.42
traci-bridge-1         | LANE_CMD_WAIT_EDGE veh=Ramp_Back edge=34126779 lane=0 target=1 lane_count=1
traci-bridge-1         | LANE_CMD_STATE veh=Ramp_Merge_5 edge=34126779 lane=0 target=1 lane_count=1 recently=False speed=5.37
traci-bridge-1         | LANE_CMD_WAIT_EDGE veh=Ramp_Merge_5 edge=34126779 lane=0 target=1 lane_count=1
traci-bridge-1         | LANE_CMD_STATE veh=Ramp_Back edge=34126779 lane=0 target=1 lane_count=1 recently=False speed=4.31
traci-bridge-1         | LANE_CMD_WAIT_EDGE veh=Ramp_Back edge=34126779 lane=0 target=1 lane_count=1
traci-bridge-1         | LANE_CMD_STATE veh=Ramp_Merge_5 edge=34126779 lane=0 target=1 lane_count=1 recently=False speed=5.21
traci-bridge-1         | LANE_CMD_WAIT_EDGE veh=Ramp_Merge_5 edge=34126779 lane=0 target=1 lane_count=1
traci-bridge-1         | LANE_CMD_STATE veh=Ramp_Back edge=34126779 lane=0 target=1 lane_count=1 recently=False speed=4.21
traci-bridge-1         | LANE_CMD_WAIT_EDGE veh=Ramp_Back edge=34126779 lane=0 target=1 lane_count=1
traci-bridge-1         | LANE_CMD_STATE veh=Ramp_Merge_5 edge=34126779 lane=0 target=1 lane_count=1 recently=False speed=5.07
traci-bridge-1         | LANE_CMD_WAIT_EDGE veh=Ramp_Merge_5 edge=34126779 lane=0 target=1 lane_count=1
traci-bridge-1         | LANE_CMD_STATE veh=Ramp_Back edge=34126779 lane=0 target=1 lane_count=1 recently=False speed=4.11
traci-bridge-1         | LANE_CMD_WAIT_EDGE veh=Ramp_Back edge=34126779 lane=0 target=1 lane_count=1
traci-bridge-1         | LANE_CMD_STATE veh=Ramp_Merge_5 edge=34126779 lane=0 target=1 lane_count=1 recently=False speed=4.92
traci-bridge-1         | LANE_CMD_WAIT_EDGE veh=Ramp_Merge_5 edge=34126779 lane=0 target=1 lane_count=1
traci-bridge-1         | LANE_CMD_STATE veh=Ramp_Back edge=34126779 lane=0 target=1 lane_count=1 recently=False speed=4.02
traci-bridge-1         | LANE_CMD_WAIT_EDGE veh=Ramp_Back edge=34126779 lane=0 target=1 lane_count=1
traci-bridge-1         | LANE_CMD_STATE veh=Ramp_Merge_5 edge=34126779 lane=0 target=1 lane_count=1 recently=False speed=4.79
traci-bridge-1         | LANE_CMD_WAIT_EDGE veh=Ramp_Merge_5 edge=34126779 lane=0 target=1 lane_count=1
traci-bridge-1         | LANE_CMD_STATE veh=Ramp_Back edge=34126779 lane=0 target=1 lane_count=1 recently=False speed=3.93
traci-bridge-1         | LANE_CMD_WAIT_EDGE veh=Ramp_Back edge=34126779 lane=0 target=1 lane_count=1
traci-bridge-1         | LANE_CMD_STATE veh=Ramp_Merge_5 edge=34126779 lane=0 target=1 lane_count=1 recently=False speed=4.66
traci-bridge-1         | LANE_CMD_WAIT_EDGE veh=Ramp_Merge_5 edge=34126779 lane=0 target=1 lane_count=1
traci-bridge-1         | LANE_CMD_STATE veh=Ramp_Back edge=34126779 lane=0 target=1 lane_count=1 recently=False speed=3.85
traci-bridge-1         | LANE_CMD_WAIT_EDGE veh=Ramp_Back edge=34126779 lane=0 target=1 lane_count=1
traci-bridge-1         | LANE_CMD_STATE veh=Ramp_Merge_5 edge=34126779 lane=0 target=1 lane_count=1 recently=False speed=4.54
traci-bridge-1         | LANE_CMD_WAIT_EDGE veh=Ramp_Merge_5 edge=34126779 lane=0 target=1 lane_count=1
traci-bridge-1         | LANE_CMD_STATE veh=Ramp_Back edge=34126779 lane=0 target=1 lane_count=1 recently=False speed=3.77
traci-bridge-1         | LANE_CMD_WAIT_EDGE veh=Ramp_Back edge=34126779 lane=0 target=1 lane_count=1
traci-bridge-1         | LANE_CMD_STATE veh=Ramp_Merge_5 edge=34126779 lane=0 target=1 lane_count=1 recently=False speed=4.43
traci-bridge-1         | LANE_CMD_WAIT_EDGE veh=Ramp_Merge_5 edge=34126779 lane=0 target=1 lane_count=1
traci-bridge-1         | LANE_CMD_STATE veh=Ramp_Back edge=34126779 lane=0 target=1 lane_count=1 recently=False speed=3.69
traci-bridge-1         | LANE_CMD_WAIT_EDGE veh=Ramp_Back edge=34126779 lane=0 target=1 lane_count=1
traci-bridge-1         | LANE_CMD_STATE veh=Ramp_Merge_5 edge=34126779 lane=0 target=1 lane_count=1 recently=False speed=4.32
traci-bridge-1         | LANE_CMD_WAIT_EDGE veh=Ramp_Merge_5 edge=34126779 lane=0 target=1 lane_count=1
traci-bridge-1         | LANE_CMD_STATE veh=Ramp_Back edge=34126779 lane=0 target=1 lane_count=1 recently=False speed=3.62
traci-bridge-1         | LANE_CMD_WAIT_EDGE veh=Ramp_Back edge=34126779 lane=0 target=1 lane_count=1
traci-bridge-1         | LANE_CMD_STATE veh=Ramp_Merge_5 edge=34126779 lane=0 target=1 lane_count=1 recently=False speed=4.32
traci-bridge-1         | LANE_CMD_WAIT_EDGE veh=Ramp_Merge_5 edge=34126779 lane=0 target=1 lane_count=1
traci-bridge-1         | LANE_CMD_STATE veh=Ramp_Back edge=34126779 lane=0 target=1 lane_count=1 recently=False speed=3.64
traci-bridge-1         | LANE_CMD_WAIT_EDGE veh=Ramp_Back edge=34126779 lane=0 target=1 lane_count=1
traci-bridge-1         | LANE_CMD_STATE veh=Ramp_Merge_5 edge=34126779 lane=0 target=1 lane_count=1 recently=False speed=4.32
traci-bridge-1         | LANE_CMD_WAIT_EDGE veh=Ramp_Merge_5 edge=34126779 lane=0 target=1 lane_count=1
traci-bridge-1         | LANE_CMD_STATE veh=Ramp_Back edge=34126779 lane=0 target=1 lane_count=1 recently=False speed=3.65
traci-bridge-1         | LANE_CMD_WAIT_EDGE veh=Ramp_Back edge=34126779 lane=0 target=1 lane_count=1
traci-bridge-1         | LANE_CMD_STATE veh=Ramp_Merge_5 edge=34126779 lane=0 target=1 lane_count=1 recently=False speed=4.32
traci-bridge-1         | LANE_CMD_WAIT_EDGE veh=Ramp_Merge_5 edge=34126779 lane=0 target=1 lane_count=1
traci-bridge-1         | LANE_CMD_STATE veh=Ramp_Back edge=34126779 lane=0 target=1 lane_count=1 recently=False speed=3.67
traci-bridge-1         | LANE_CMD_WAIT_EDGE veh=Ramp_Back edge=34126779 lane=0 target=1 lane_count=1
traci-bridge-1         | LANE_CMD_STATE veh=Ramp_Merge_5 edge=34126779 lane=0 target=1 lane_count=1 recently=False speed=4.22
traci-bridge-1         | LANE_CMD_WAIT_EDGE veh=Ramp_Merge_5 edge=34126779 lane=0 target=1 lane_count=1
traci-bridge-1         | LANE_CMD_STATE veh=Ramp_Back edge=34126779 lane=0 target=1 lane_count=1 recently=False speed=3.68
traci-bridge-1         | LANE_CMD_WAIT_EDGE veh=Ramp_Back edge=34126779 lane=0 target=1 lane_count=1
traci-bridge-1         | LANE_CMD_STATE veh=Ramp_Merge_5 edge=34126779 lane=0 target=1 lane_count=1 recently=False speed=4.12
traci-bridge-1         | LANE_CMD_WAIT_EDGE veh=Ramp_Merge_5 edge=34126779 lane=0 target=1 lane_count=1
traci-bridge-1         | LANE_CMD_STATE veh=Ramp_Back edge=34126779 lane=0 target=1 lane_count=1 recently=False speed=3.69
traci-bridge-1         | LANE_CMD_WAIT_EDGE veh=Ramp_Back edge=34126779 lane=0 target=1 lane_count=1
traci-bridge-1         | LANE_CMD_STATE veh=Ramp_Merge_5 edge=34126779 lane=0 target=1 lane_count=1 recently=False speed=4.03
traci-bridge-1         | LANE_CMD_WAIT_EDGE veh=Ramp_Merge_5 edge=34126779 lane=0 target=1 lane_count=1
traci-bridge-1         | LANE_CMD_STATE veh=Ramp_Back edge=34126779 lane=0 target=1 lane_count=1 recently=False speed=3.71
traci-bridge-1         | LANE_CMD_WAIT_EDGE veh=Ramp_Back edge=34126779 lane=0 target=1 lane_count=1
traci-bridge-1         | LANE_CMD_STATE veh=Ramp_Merge_5 edge=34126779 lane=0 target=1 lane_count=1 recently=False speed=3.94
traci-bridge-1         | LANE_CMD_WAIT_EDGE veh=Ramp_Merge_5 edge=34126779 lane=0 target=1 lane_count=1
traci-bridge-1         | LANE_CMD_STATE veh=Ramp_Back edge=34126779 lane=0 target=1 lane_count=1 recently=False speed=3.72
traci-bridge-1         | LANE_CMD_WAIT_EDGE veh=Ramp_Back edge=34126779 lane=0 target=1 lane_count=1
traci-bridge-1         | LANE_CMD_STATE veh=Ramp_Merge_5 edge=34126779 lane=0 target=1 lane_count=1 recently=False speed=3.94
traci-bridge-1         | LANE_CMD_WAIT_EDGE veh=Ramp_Merge_5 edge=34126779 lane=0 target=1 lane_count=1
traci-bridge-1         | LANE_CMD_STATE veh=Ramp_Back edge=34126779 lane=0 target=1 lane_count=1 recently=False speed=3.73
traci-bridge-1         | LANE_CMD_WAIT_EDGE veh=Ramp_Back edge=34126779 lane=0 target=1 lane_count=1
traci-bridge-1         | LANE_CMD_STATE veh=Ramp_Merge_5 edge=34126779 lane=0 target=1 lane_count=1 recently=False speed=3.93
traci-bridge-1         | LANE_CMD_WAIT_EDGE veh=Ramp_Merge_5 edge=34126779 lane=0 target=1 lane_count=1
traci-bridge-1         | LANE_CMD_STATE veh=Ramp_Back edge=34126779 lane=0 target=1 lane_count=1 recently=False speed=3.66
traci-bridge-1         | LANE_CMD_WAIT_EDGE veh=Ramp_Back edge=34126779 lane=0 target=1 lane_count=1
traci-bridge-1         | LANE_CMD_STATE veh=Ramp_Merge_5 edge=34126779 lane=0 target=1 lane_count=1 recently=False speed=3.92
traci-bridge-1         | LANE_CMD_WAIT_EDGE veh=Ramp_Merge_5 edge=34126779 lane=0 target=1 lane_count=1
traci-bridge-1         | LANE_CMD_STATE veh=Ramp_Back edge=34126779 lane=0 target=1 lane_count=1 recently=False speed=3.59
traci-bridge-1         | LANE_CMD_WAIT_EDGE veh=Ramp_Back edge=34126779 lane=0 target=1 lane_count=1
traci-bridge-1         | LANE_CMD_STATE veh=Ramp_Merge_5 edge=34126779 lane=0 target=1 lane_count=1 recently=False speed=3.91
traci-bridge-1         | LANE_CMD_WAIT_EDGE veh=Ramp_Merge_5 edge=34126779 lane=0 target=1 lane_count=1
traci-bridge-1         | LANE_CMD_STATE veh=Ramp_Back edge=34126779 lane=0 target=1 lane_count=1 recently=False speed=3.52
traci-bridge-1         | LANE_CMD_WAIT_EDGE veh=Ramp_Back edge=34126779 lane=0 target=1 lane_count=1
traci-bridge-1         | LANE_CMD_STATE veh=Ramp_Merge_5 edge=34126779 lane=0 target=1 lane_count=1 recently=False speed=3.83
traci-bridge-1         | LANE_CMD_WAIT_EDGE veh=Ramp_Merge_5 edge=34126779 lane=0 target=1 lane_count=1
traci-bridge-1         | LANE_CMD_STATE veh=Ramp_Back edge=34126779 lane=0 target=1 lane_count=1 recently=False speed=3.46
traci-bridge-1         | LANE_CMD_WAIT_EDGE veh=Ramp_Back edge=34126779 lane=0 target=1 lane_count=1
traci-bridge-1         | LANE_CMD_STATE veh=Ramp_Merge_5 edge=34126779 lane=0 target=1 lane_count=1 recently=False speed=3.75
traci-bridge-1         | LANE_CMD_WAIT_EDGE veh=Ramp_Merge_5 edge=34126779 lane=0 target=1 lane_count=1
traci-bridge-1         | LANE_CMD_STATE veh=Ramp_Back edge=34126779 lane=0 target=1 lane_count=1 recently=False speed=3.39
traci-bridge-1         | LANE_CMD_WAIT_EDGE veh=Ramp_Back edge=34126779 lane=0 target=1 lane_count=1
obu-main-front-left-1  | HOST_RESERVATION_HOLD: host=Main_Front_Left ramp=112 manoeuvre=159 remaining=2.0 own_speed=6.57 target_speed=6.58 ramp_fsm=MERGING ramp_lane_cmd_state=WAIT_EDGE ramp_edge=34126779 ramp_lane=0 ramp_merge_completed=False ramp_merge_committed=True
obu-main-front-left-1  | [32.7] Main_Front_Left HOST_HOLD_YIELD: for merge=112 spd=6.58
obu-main-front-left-1  | [32.7] Main_Front_Left MCM_TX_ACCEPT: manoeuvre=159 target=112
obu-ramp-merge-5-1     | [32.6] Ramp_Merge_5 MERGE_COMMIT_WAIT_LANE_AVAILABLE: edge=34126779 lane=0 target_lane=1 lane_count=1 executable=False speed=3.83 dtm=6.2
obu-ramp-merge-5-1     | [32.6] Ramp_Merge_5 MERGE_COMMIT_SAFETY_HOLD: lgok=False hgok=True fgok=True edge=34126779 lane=0 target_lane=1 speed=3.83 lane_cmd_state=WAIT_EDGE lane_cmd_executable=False lane_cmd_edge=34126779 lane_cmd_lane_count=1
obu-ramp-back-1        | [32.1] Ramp_Back MCM_RX_ACCEPT: from=102 manoeuvre=159 target=112
obu-ramp-merge-2-1     | [32.8] Ramp_Merge_2 MCM_RX_REJECT: from=103 manoeuvre=40 target=108
obu-ramp-merge-3-1     | [32.8] Ramp_Merge_3 MCM_RX_ACCEPT: from=103 manoeuvre=68 target=109
obu-host-car-1         | [32.5] Host_Car role=cruise state=CRUISE->CRUISE speed=7.50 target=7.50 neighbors=11
obu-main-back-left-1   | HOST_RESERVATION_HOLD: host=Main_Back_Left ramp=110 manoeuvre=99 remaining=1.6 own_speed=6.28 target_speed=5.70 ramp_fsm=NEGOTIATING ramp_lane_cmd_state=NONE ramp_edge=1331698336 ramp_lane=0 ramp_merge_completed=False ramp_merge_committed=False
obu-main-back-left-1   | [32.7] Main_Back_Left HOST_HOLD_YIELD: for merge=110 spd=5.70
obu-ramp-merge-2-1     | [32.8] Ramp_Merge_2 MCM_RX_ACCEPT: from=103 manoeuvre=40 target=108
obu-ramp-merge-4-1     | [32.9] Ramp_Merge_4 MCM_RX_ACCEPT: from=105 manoeuvre=99 target=110
obu-ramp-merge-4-1     | [32.9] Ramp_Merge_4 MCM_RX_ACCEPT: from=105 manoeuvre=99 target=110
obu-main-mid-right-1   | HOST_RESERVATION_HOLD: host=Main_Mid_Right ramp=108 manoeuvre=40 remaining=3.4 own_speed=7.50 target_speed=7.50 ramp_fsm=ABORT ramp_lane_cmd_state=NONE ramp_edge=1331698336 ramp_lane=0 ramp_merge_completed=False ramp_merge_committed=False
obu-main-mid-right-1   | [32.9] Main_Mid_Right HOST_HOLD_YIELD: for merge=108 spd=7.50
obu-main-mid-right-1   | [32.9] Main_Mid_Right MCM_TX_ACCEPT: manoeuvre=40 target=108
obu-ramp-merge-4-1     | [32.9] Ramp_Merge_4 MCM_RX_ACCEPT: from=105 manoeuvre=99 target=110
obu-ramp-back-1        | [32.8] Ramp_Back MCM_RX_ACCEPT: from=102 manoeuvre=159 target=112
obu-ramp-back-1        | [32.8] Ramp_Back MCM_RX_ACCEPT: from=102 manoeuvre=159 target=112
obu-ramp-merge-3-1     | [32.8] Ramp_Merge_3 FINAL_GUARD: REJECTED slot-boundary ETA sid=105
obu-ramp-merge-3-1     | [32.8] Ramp_Merge_3 CAR_FOLLOW: sid=105 edge=1331698336 lane=0 leader_edge= leader_lane=None leader_role_hint=main self_merge_completed=False self_merge_completed_age=-1.0 self_merge_committed=False lane_cmd_state=None lane_cmd_edge=None lane_cmd_target=None lane_cmd_executable=None same_lane=False reason=merge_conflict_eta gap=0.4 follow_spd=4.15 emergency=False target_before=4.495584663090289 target_after=4.495584663090289
obu-main-front-left-1  | HOST_RESERVATION_HOLD: host=Main_Front_Left ramp=112 manoeuvre=159 remaining=1.8 own_speed=6.57 target_speed=6.58 ramp_fsm=MERGING ramp_lane_cmd_state=WAIT_EDGE ramp_edge=34126779 ramp_lane=0 ramp_merge_completed=False ramp_merge_committed=True
obu-main-front-left-1  | [32.9] Main_Front_Left HOST_HOLD_YIELD: for merge=112 spd=6.58
obu-ramp-merge-4-1     | [32.9] Ramp_Merge_4 FINAL_GUARD: REJECTED sid=106 gap=15.5
obu-ramp-merge-5-1     | [32.9] Ramp_Merge_5 MERGE_COMMIT_WAIT_LANE_AVAILABLE: edge=34126779 lane=0 target_lane=1 lane_count=1 executable=False speed=3.60 dtm=5.6
obu-ramp-merge-5-1     | MERGE_ATTEMPT_TIMELINE: vehicle=Ramp_Merge_5 manoeuvre=127 host=101 lead=106 event=ABORT_SAFETY_HOLD t=32.9 edge=34126779 lane=0 lane_cmd_state=WAIT_EDGE speed=3.60 target=6.75 dtm=5.6 lead_gap=27.93 host_gap=196.50 lead_gap_t1=27.93 lead_gap_t2=27.93 lead_gap_t3=27.93 host_gap_t1=196.50 host_gap_t2=196.50 host_gap_t3=196.50
obu-ramp-merge-5-1     | [32.9] Ramp_Merge_5 MERGE_COMMIT_ABORT_SAFETY_HOLD: lgok=False hgok=True fgok=True edge=34126779 lane=0 target_lane=1 speed=3.60 lane_cmd_state=WAIT_EDGE lane_cmd_executable=False lane_cmd_edge=34126779 lane_cmd_lane_count=1
obu-ramp-back-1        | [32.9] Ramp_Back MERGE_COMMIT_WAIT_LANE_AVAILABLE: edge=34126779 lane=0 target_lane=1 lane_count=1 executable=False speed=3.28 dtm=35.8
obu-ramp-back-1        | [32.9] Ramp_Back FINAL_GUARD: REJECTED slot-boundary ETA sid=104
obu-ramp-back-1        | [32.9] Ramp_Back MERGE_COMMIT_SAFETY_HOLD: lgok=False hgok=True fgok=False edge=34126779 lane=0 target_lane=1 speed=3.28 lane_cmd_state=WAIT_EDGE lane_cmd_executable=False lane_cmd_edge=34126779 lane_cmd_lane_count=1
obu-ramp-merge-2-1     | MERGE_ATTEMPT_TIMELINE: vehicle=Ramp_Merge_2 manoeuvre=41 host=103 lead=105 event=REQUEST_SENT t=32.9 edge=1331698336 lane=0 lane_cmd_state=NONE speed=3.50 target=6.75 dtm=54.4 lead_gap=2.88 host_gap=87.63 lead_gap_t1=0.01 lead_gap_t2=0.00 lead_gap_t3=0.00 host_gap_t1=87.63 host_gap_t2=87.63 host_gap_t3=87.63
obu-ramp-merge-2-1     | [32.9] Ramp_Merge_2 MCM_TX_REQUEST: manoeuvre=41 target=103
obu-ramp-merge-2-1     | [32.9] Ramp_Merge_2 MERGE_DECISION: auth=False phys=True fgok=True lgok=True hgok=True cok=True esok=True cready=True dtm=54.4 past=True committed=False hid=103 ra=None lclear=True hyok=True
obu-ramp-merge-2-1     | [32.9] Ramp_Merge_2 MERGE_FAILED_LOST_AUTH_AFTER_POINT: dtm=54.4 past=True hid=103 auth=False
obu-main-back-left-1   | HOST_RESERVATION_HOLD: host=Main_Back_Left ramp=110 manoeuvre=99 remaining=1.4 own_speed=6.22 target_speed=5.70 ramp_fsm=NEGOTIATING ramp_lane_cmd_state=NONE ramp_edge=1331698336 ramp_lane=0 ramp_merge_completed=False ramp_merge_committed=False
obu-main-back-left-1   | [32.9] Main_Back_Left HOST_HOLD_YIELD: for merge=110 spd=5.70
obu-main-back-left-1   | [32.9] Main_Back_Left MCM_TX_ACCEPT: manoeuvre=99 target=110
obu-main-mid-right-1   | HOST_RESERVATION_HOLD: host=Main_Mid_Right ramp=108 manoeuvre=40 remaining=3.3 own_speed=7.50 target_speed=7.50 ramp_fsm=ABORT ramp_lane_cmd_state=NONE ramp_edge=1331698336 ramp_lane=0 ramp_merge_completed=False ramp_merge_committed=False
obu-main-mid-right-1   | [33.0] Main_Mid_Right HOST_HOLD_YIELD: for merge=108 spd=7.50
obu-ramp-merge-3-1     | [33.0] Ramp_Merge_3 FINAL_GUARD: REJECTED slot-boundary sid=106 gap=6.5
obu-ramp-merge-3-1     | [33.0] Ramp_Merge_3 role=merge state=ABORT->ABORT speed=4.72 target=4.47 neighbors=11
obu-main-front-left-1  | HOST_RESERVATION_HOLD: host=Main_Front_Left ramp=112 manoeuvre=159 remaining=1.7 own_speed=6.57 target_speed=6.58 ramp_fsm=MERGING ramp_lane_cmd_state=WAIT_EDGE ramp_edge=34126779 ramp_lane=0 ramp_merge_completed=False ramp_merge_committed=True
obu-main-front-left-1  | [33.0] Main_Front_Left HOST_HOLD_YIELD: for merge=112 spd=6.58
obu-main-front-left-1  | [33.0] Main_Front_Left MCM_TX_ACCEPT: manoeuvre=159 target=112
obu-merge-car-1        | [33.0] Merge_Car role=cruise state=CRUISE->CRUISE speed=7.50 target=7.50 neighbors=11
obu-main-back-left-1   | HOST_RESERVATION_HOLD: host=Main_Back_Left ramp=110 manoeuvre=99 remaining=1.3 own_speed=6.20 target_speed=5.70 ramp_fsm=NEGOTIATING ramp_lane_cmd_state=NONE ramp_edge=1331698336 ramp_lane=0 ramp_merge_completed=False ramp_merge_committed=False
obu-main-back-left-1   | [33.0] Main_Back_Left HOST_HOLD_YIELD: for merge=110 spd=5.70
obu-main-mid-right-1   | HOST_RESERVATION_HOLD: host=Main_Mid_Right ramp=108 manoeuvre=40 remaining=3.2 own_speed=7.50 target_speed=7.50 ramp_fsm=ABORT ramp_lane_cmd_state=NONE ramp_edge=1331698336 ramp_lane=0 ramp_merge_completed=False ramp_merge_committed=False
obu-main-mid-right-1   | [33.1] Main_Mid_Right HOST_HOLD_YIELD: for merge=108 spd=7.50
obu-main-mid-right-1   | [33.1] Main_Mid_Right role=host state=YIELDING->YIELDING speed=7.50 target=7.50 neighbors=11
obu-ramp-merge-3-1     | [33.1] Ramp_Merge_3 FINAL_GUARD: REJECTED slot-boundary sid=106 gap=6.9
obu-ramp-merge-3-1     | [33.1] Ramp_Merge_3 CAR_FOLLOW: sid=108 edge=1331698336 lane=0 leader_edge= leader_lane=None leader_role_hint=ramp self_merge_completed=False self_merge_completed_age=-1.0 self_merge_committed=False lane_cmd_state=None lane_cmd_edge=None lane_cmd_target=None lane_cmd_executable=None same_lane=True reason=same_lane_cam gap=10.8 follow_spd=2.71 emergency=False target_before=4.464036869544853 target_after=4.464036869544853
obu-main-front-left-1  | HOST_RESERVATION_HOLD: host=Main_Front_Left ramp=112 manoeuvre=159 remaining=1.5 own_speed=6.57 target_speed=6.58 ramp_fsm=MERGING ramp_lane_cmd_state=WAIT_EDGE ramp_edge=34126779 ramp_lane=0 ramp_merge_completed=False ramp_merge_committed=True
obu-main-front-left-1  | [33.2] Main_Front_Left HOST_HOLD_YIELD: for merge=112 spd=6.58
obu-main-front-left-1  | [33.2] Main_Front_Left role=host state=YIELDING->YIELDING speed=6.57 target=6.58 neighbors=11
obu-main-back-left-1   | HOST_RESERVATION_HOLD: host=Main_Back_Left ramp=110 manoeuvre=99 remaining=1.0 own_speed=6.12 target_speed=5.70 ramp_fsm=NEGOTIATING ramp_lane_cmd_state=NONE ramp_edge=1331698336 ramp_lane=0 ramp_merge_completed=False ramp_merge_committed=False
obu-main-back-left-1   | [33.3] Main_Back_Left HOST_HOLD_YIELD: for merge=110 spd=5.70
obu-main-back-left-1   | [33.3] Main_Back_Left MCM_TX_ACCEPT: manoeuvre=99 target=110
obu-main-mid-right-1   | HOST_RESERVATION_HOLD: host=Main_Mid_Right ramp=108 manoeuvre=40 remaining=3.0 own_speed=7.50 target_speed=7.50 ramp_fsm=ABORT ramp_lane_cmd_state=NONE ramp_edge=1331698336 ramp_lane=0 ramp_merge_completed=False ramp_merge_committed=False
obu-main-mid-right-1   | [33.3] Main_Mid_Right HOST_HOLD_YIELD: for merge=108 spd=7.50
obu-main-mid-right-1   | [33.3] Main_Mid_Right MCM_TX_ACCEPT: manoeuvre=40 target=108
obu-ramp-merge-3-1     | [33.3] Ramp_Merge_3 FINAL_GUARD: REJECTED slot-boundary sid=106 gap=7.8
obu-ramp-merge-3-1     | [33.3] Ramp_Merge_3 CAR_FOLLOW: sid=108 edge=1331698336 lane=0 leader_edge= leader_lane=None leader_role_hint=ramp self_merge_completed=False self_merge_completed_age=-1.0 self_merge_committed=False lane_cmd_state=None lane_cmd_edge=None lane_cmd_target=None lane_cmd_executable=None same_lane=True reason=same_lane_cam gap=9.9 follow_spd=2.71 emergency=False target_before=4.440672213149408 target_after=4.440672213149408
obu-main-front-left-1  | HOST_RESERVATION_HOLD: host=Main_Front_Left ramp=112 manoeuvre=159 remaining=1.3 own_speed=6.57 target_speed=6.58 ramp_fsm=MERGING ramp_lane_cmd_state=WAIT_EDGE ramp_edge=34126779 ramp_lane=0 ramp_merge_completed=False ramp_merge_committed=True
obu-main-front-left-1  | [33.4] Main_Front_Left HOST_HOLD_YIELD: for merge=112 spd=6.58
obu-main-front-left-1  | [33.4] Main_Front_Left MCM_TX_ACCEPT: manoeuvre=159 target=112
obu-main-back-left-1   | HOST_RESERVATION_HOLD: host=Main_Back_Left ramp=110 manoeuvre=99 remaining=0.8 own_speed=6.08 target_speed=5.70 ramp_fsm=NEGOTIATING ramp_lane_cmd_state=NONE ramp_edge=1331698336 ramp_lane=0 ramp_merge_completed=False ramp_merge_committed=False
obu-main-back-left-1   | [33.5] Main_Back_Left HOST_HOLD_YIELD: for merge=110 spd=5.70
obu-main-back-left-1   | [33.5] Main_Back_Left role=host state=YIELDING->YIELDING speed=6.08 target=5.70 neighbors=8
obu-main-mid-right-1   | HOST_RESERVATION_HOLD: host=Main_Mid_Right ramp=108 manoeuvre=40 remaining=2.8 own_speed=7.50 target_speed=7.50 ramp_fsm=ABORT ramp_lane_cmd_state=NONE ramp_edge=1331698336 ramp_lane=0 ramp_merge_completed=False ramp_merge_committed=False
obu-host-car-1         | [33.5] Host_Car role=cruise state=CRUISE->CRUISE speed=7.50 target=7.50 neighbors=8
obu-main-mid-right-1   | [33.5] Main_Mid_Right HOST_HOLD_YIELD: for merge=108 spd=7.50
obu-ramp-merge-3-1     | [33.5] Ramp_Merge_3 FINAL_GUARD: REJECTED slot-boundary sid=106 gap=8.6
obu-ramp-merge-3-1     | [33.5] Ramp_Merge_3 CAR_FOLLOW: sid=108 edge=1331698336 lane=0 leader_edge= leader_lane=None leader_role_hint=ramp self_merge_completed=False self_merge_completed_age=-1.0 self_merge_committed=False lane_cmd_state=None lane_cmd_edge=None lane_cmd_target=None lane_cmd_executable=None same_lane=True reason=same_lane_cam gap=8.9 follow_spd=2.62 emergency=False target_before=4.418575267147963 target_after=4.418575267147963
obu-main-front-left-1  | HOST_RESERVATION_HOLD: host=Main_Front_Left ramp=112 manoeuvre=159 remaining=1.2 own_speed=6.57 target_speed=6.58 ramp_fsm=MERGING ramp_lane_cmd_state=WAIT_EDGE ramp_edge=34126779 ramp_lane=0 ramp_merge_completed=False ramp_merge_committed=True
obu-main-front-left-1  | [33.5] Main_Front_Left HOST_HOLD_YIELD: for merge=112 spd=6.58
obu-ramp-merge-4-1     | [33.5] Ramp_Merge_4 FINAL_GUARD: REJECTED sid=106 gap=12.5
obu-ramp-merge-4-1     | [33.5] Ramp_Merge_4 role=merge state=NEGOTIATING->NEGOTIATING speed=5.19 target=5.19 neighbors=9
obu-ramp-merge-5-1     | [33.3] Ramp_Merge_5 MERGE_LANE_WAIT_EDGE_CONFIRMED: edge=:390064918_0 lane=0 target_lane=1 lane_count=1 executable=False
obu-ramp-merge-4-1     | [33.6] Ramp_Merge_4 MCM_RX_ACCEPT: from=105 manoeuvre=99 target=110
obu-lead-car-1         | [33.2] Lead_Car role=cruise state=CRUISE->CRUISE speed=7.46 target=7.50 neighbors=11
obu-ramp-back-1        | [33.4] Ramp_Back MERGE_COMMIT_WAIT_LANE_AVAILABLE: edge=34126779 lane=0 target_lane=1 lane_count=1 executable=False speed=3.05 dtm=34.2
obu-ramp-merge-5-1     | MERGE_ATTEMPT_TIMELINE: vehicle=Ramp_Merge_5 manoeuvre=128 host=103 lead=106 event=REQUEST_SENT t=33.5 edge=:390064918_0 lane=0 lane_cmd_state=WAIT_EDGE speed=4.08 target=6.75 dtm=4.9 lead_gap=27.72 host_gap=141.92 lead_gap_t1=27.72 lead_gap_t2=27.72 lead_gap_t3=27.72 host_gap_t1=141.92 host_gap_t2=141.92 host_gap_t3=141.92
obu-ramp-back-1        | [33.4] Ramp_Back FINAL_GUARD: REJECTED slot-boundary ETA sid=104
obu-ramp-back-1        | [33.4] Ramp_Back MERGE_COMMIT_SAFETY_HOLD: lgok=False hgok=True fgok=False edge=34126779 lane=0 target_lane=1 speed=3.05 lane_cmd_state=WAIT_EDGE lane_cmd_executable=False lane_cmd_edge=34126779 lane_cmd_lane_count=1
obu-ramp-back-1        | [33.4] Ramp_Back role=merge state=MERGING->MERGING speed=3.05 target=2.25 neighbors=9
obu-ramp-merge-4-1     | [33.6] Ramp_Merge_4 MCM_RX_ACCEPT: from=105 manoeuvre=99 target=110
obu-ramp-merge-5-1     | [33.5] Ramp_Merge_5 MCM_TX_REQUEST: manoeuvre=128 target=103
obu-ramp-merge-5-1     | [33.5] Ramp_Merge_5 MERGE_DECISION: auth=False phys=True fgok=True lgok=True hgok=True cok=True esok=False cready=True dtm=4.9 past=False committed=False hid=103 ra=None lclear=True hyok=True
obu-ramp-merge-5-1     | [33.5] Ramp_Merge_5 role=merge state=NEGOTIATING->YIELDING speed=4.08 target=3.63 neighbors=8
obu-ramp-merge-2-1     | [33.6] Ramp_Merge_2 MCM_TX_REQUEST: manoeuvre=41 target=103
obu-ramp-merge-2-1     | [33.6] Ramp_Merge_2 MCM_PENDING_HOLD_LATE_HOST: host=103 age=0.0 dtm=56.6 lead_gap=1.98 host_gap=85.40 pending_age=0.7 accepted_at=None reason=ahead(eta=19.55<=own=20.20)
obu-ramp-merge-2-1     | [33.6] Ramp_Merge_2 role=merge state=ABORT->NEGOTIATING speed=2.80 target=2.80 neighbors=9
obu-ramp-back-1        | [33.5] Ramp_Back MCM_RX_ACCEPT: from=102 manoeuvre=159 target=112
obu-ramp-merge-2-1     | [33.6] Ramp_Merge_2 MCM_RX_ACCEPT: from=103 manoeuvre=40 target=108
obu-ramp-merge-2-1     | [33.6] Ramp_Merge_2 MCM_RX_ACCEPT: from=103 manoeuvre=40 target=108
obu-ramp-back-1        | [33.5] Ramp_Back MCM_RX_ACCEPT: from=102 manoeuvre=159 target=112
obu-main-back-right-1  | [33.6] Main_Back_Right role=cruise state=CRUISE->CRUISE speed=6.60 target=7.50 neighbors=11
obu-main-back-left-1   | HOST_RESERVATION_HOLD: host=Main_Back_Left ramp=110 manoeuvre=99 remaining=0.7 own_speed=6.06 target_speed=5.70 ramp_fsm=NEGOTIATING ramp_lane_cmd_state=NONE ramp_edge=1331698336 ramp_lane=0 ramp_merge_completed=False ramp_merge_committed=False
obu-main-back-left-1   | [33.6] Main_Back_Left HOST_HOLD_YIELD: for merge=110 spd=5.70
obu-main-back-left-1   | [33.6] Main_Back_Left MCM_TX_ACCEPT: manoeuvre=99 target=110
obu-main-mid-right-1   | HOST_RESERVATION_HOLD: host=Main_Mid_Right ramp=108 manoeuvre=40 remaining=2.7 own_speed=7.50 target_speed=7.50 ramp_fsm=ABORT ramp_lane_cmd_state=NONE ramp_edge=1331698336 ramp_lane=0 ramp_merge_completed=False ramp_merge_committed=False
obu-main-mid-right-1   | [33.6] Main_Mid_Right HOST_HOLD_YIELD: for merge=108 spd=7.50
obu-main-mid-right-1   | [33.6] Main_Mid_Right MCM_TX_ACCEPT: manoeuvre=40 target=108
obu-main-mid-right-1   | [33.6] Main_Mid_Right MCM_RX_REQUEST: from=108 manoeuvre=41 target=103
obu-ramp-merge-3-1     | [33.6] Ramp_Merge_3 FINAL_GUARD: REJECTED slot-boundary sid=106 gap=9.1
obu-ramp-merge-3-1     | [33.6] Ramp_Merge_3 CAR_FOLLOW: sid=108 edge=1331698336 lane=0 leader_edge= leader_lane=None leader_role_hint=ramp self_merge_completed=False self_merge_completed_age=-1.0 self_merge_committed=False lane_cmd_state=None lane_cmd_edge=None lane_cmd_target=None lane_cmd_executable=None same_lane=True reason=same_lane_cam gap=9.5 follow_spd=2.69 emergency=False target_before=4.407180114448035 target_after=4.407180114448035
obu-main-front-left-1  | HOST_RESERVATION_HOLD: host=Main_Front_Left ramp=112 manoeuvre=159 remaining=1.1 own_speed=6.57 target_speed=6.58 ramp_fsm=MERGING ramp_lane_cmd_state=WAIT_EDGE ramp_edge=34126779 ramp_lane=0 ramp_merge_completed=False ramp_merge_committed=True
obu-main-front-left-1  | [33.6] Main_Front_Left HOST_HOLD_YIELD: for merge=112 spd=6.58
obu-ramp-merge-4-1     | [33.7] Ramp_Merge_4 FINAL_GUARD: REJECTED sid=106 gap=11.5
obu-ramp-back-1        | [33.6] Ramp_Back MERGE_COMMIT_WAIT_LANE_AVAILABLE: edge=34126779 lane=0 target_lane=1 lane_count=1 executable=False speed=2.97 dtm=33.7
obu-ramp-back-1        | [33.6] Ramp_Back FINAL_GUARD: REJECTED slot-boundary ETA sid=104
obu-ramp-back-1        | [33.6] Ramp_Back MERGE_COMMIT_SAFETY_HOLD: lgok=False hgok=True fgok=False edge=34126779 lane=0 target_lane=1 speed=2.97 lane_cmd_state=WAIT_EDGE lane_cmd_executable=False lane_cmd_edge=34126779 lane_cmd_lane_count=1
obu-ramp-merge-5-1     | [33.7] Ramp_Merge_5 MERGE_DECISION: auth=False phys=True fgok=True lgok=True hgok=True cok=True esok=False cready=True dtm=4.9 past=False committed=False hid=103 ra=None lclear=True hyok=True
obu-ramp-merge-2-1     | [33.7] Ramp_Merge_2 MCM_ACCEPT_WRONG_MANOEUVRE: host=103 got=40 expected=41
obu-ramp-merge-2-1     | [33.7] Ramp_Merge_2 MCM_PENDING_HOLD_LATE_HOST: host=103 age=0.1 dtm=56.9 lead_gap=0.00 host_gap=93.37 pending_age=0.8 accepted_at=None reason=ahead(eta=20.65<=own=21.16)
obu-main-back-left-1   | HOST_RESERVATION_HOLD: host=Main_Back_Left ramp=110 manoeuvre=99 remaining=0.6 own_speed=6.05 target_speed=5.70 ramp_fsm=NEGOTIATING ramp_lane_cmd_state=NONE ramp_edge=1331698336 ramp_lane=0 ramp_merge_completed=False ramp_merge_committed=False
obu-main-back-left-1   | [33.7] Main_Back_Left HOST_HOLD_YIELD: for merge=110 spd=5.70
obu-main-mid-right-1   | HOST_RESERVATION_HOLD: host=Main_Mid_Right ramp=108 manoeuvre=40 remaining=2.6 own_speed=7.50 target_speed=7.50 ramp_fsm=NEGOTIATING ramp_lane_cmd_state=NONE ramp_edge=1331698336 ramp_lane=0 ramp_merge_completed=False ramp_merge_committed=False
obu-main-mid-right-1   | [33.7] Main_Mid_Right HOST_HOLD_YIELD: for merge=108 spd=7.50
obu-ramp-merge-3-1     | [33.8] Ramp_Merge_3 FINAL_GUARD: REJECTED slot-boundary sid=106 gap=9.8
obu-ramp-merge-3-1     | [33.8] Ramp_Merge_3 CAR_FOLLOW: sid=108 edge=1331698336 lane=0 leader_edge= leader_lane=None leader_role_hint=ramp self_merge_completed=False self_merge_completed_age=-1.0 self_merge_committed=False lane_cmd_state=None lane_cmd_edge=None lane_cmd_target=None lane_cmd_executable=None same_lane=True reason=same_lane_cam gap=8.7 follow_spd=2.62 emergency=False target_before=3.7708119334614985 target_after=3.7708119334614985
obu-main-front-left-1  | HOST_RESERVATION_HOLD: host=Main_Front_Left ramp=112 manoeuvre=159 remaining=0.8 own_speed=6.57 target_speed=6.58 ramp_fsm=MERGING ramp_lane_cmd_state=WAIT_EDGE ramp_edge=34126779 ramp_lane=0 ramp_merge_completed=False ramp_merge_committed=True
obu-main-front-left-1  | [33.9] Main_Front_Left HOST_HOLD_YIELD: for merge=112 spd=6.58
obu-main-front-left-1  | [33.9] Main_Front_Left MCM_TX_ACCEPT: manoeuvre=159 target=112
obu-ramp-back-1        | [33.8] Ramp_Back MERGE_COMMIT_WAIT_LANE_AVAILABLE: edge=34126779 lane=0 target_lane=1 lane_count=1 executable=False speed=2.90 dtm=33.1
obu-ramp-back-1        | [33.8] Ramp_Back FINAL_GUARD: REJECTED slot-boundary ETA sid=104
obu-ramp-back-1        | [33.8] Ramp_Back MERGE_COMMIT_SAFETY_HOLD: lgok=False hgok=True fgok=False edge=34126779 lane=0 target_lane=1 speed=2.90 lane_cmd_state=WAIT_EDGE lane_cmd_executable=False lane_cmd_edge=34126779 lane_cmd_lane_count=1
obu-main-back-left-1   | HOST_RESERVATION_HOLD: host=Main_Back_Left ramp=110 manoeuvre=99 remaining=0.4 own_speed=6.01 target_speed=5.70 ramp_fsm=NEGOTIATING ramp_lane_cmd_state=NONE ramp_edge=1331698336 ramp_lane=0 ramp_merge_completed=False ramp_merge_committed=False
obu-main-back-left-1   | [33.9] Main_Back_Left HOST_HOLD_YIELD: for merge=110 spd=5.70
obu-main-back-left-1   | [33.9] Main_Back_Left MCM_TX_ACCEPT: manoeuvre=99 target=110
obu-main-mid-right-1   | HOST_RESERVATION_HOLD: host=Main_Mid_Right ramp=108 manoeuvre=40 remaining=2.4 own_speed=7.50 target_speed=7.50 ramp_fsm=NEGOTIATING ramp_lane_cmd_state=NONE ramp_edge=1331698336 ramp_lane=0 ramp_merge_completed=False ramp_merge_committed=False
obu-main-mid-right-1   | [33.9] Main_Mid_Right HOST_HOLD_YIELD: for merge=108 spd=7.50
obu-main-mid-right-1   | [33.9] Main_Mid_Right MCM_TX_ACCEPT: manoeuvre=40 target=108
obu-ramp-merge-3-1     | [33.9] Ramp_Merge_3 MCM_ACCEPT_STALE: host=103 manoeuvre=68
obu-ramp-merge-3-1     | [33.9] Ramp_Merge_3 FINAL_GUARD: REJECTED sid=105 gap=12.6
obu-ramp-merge-3-1     | [33.9] Ramp_Merge_3 MERGE_ACCEPTED_WAIT_SLOT_VALID: reason=fgok=False,lgok_proj=False(t1=2.49, t2=0.00)
obu-ramp-merge-3-1     | MERGE_ATTEMPT_TIMELINE: vehicle=Ramp_Merge_3 manoeuvre=68 host=103 lead=106 event=SLOT_EXPIRED t=33.9 edge=1331698336 lane=0 lane_cmd_state=NONE speed=4.04 target=4.04 dtm=41.7 lead_gap=5.21 host_gap=108.62 lead_gap_t1=2.49 lead_gap_t2=0.00 lead_gap_t3=0.00 host_gap_t1=108.62 host_gap_t2=108.62 host_gap_t3=108.62
obu-ramp-merge-3-1     | [33.9] Ramp_Merge_3 MERGE_ACCEPTED_SLOT_EXPIRED: age=3.1 dtm=41.7
obu-ramp-merge-3-1     | [33.9] Ramp_Merge_3 CAR_FOLLOW: sid=108 edge=1331698336 lane=0 leader_edge= leader_lane=None leader_role_hint=ramp self_merge_completed=False self_merge_completed_age=-1.0 self_merge_committed=False lane_cmd_state=None lane_cmd_edge=None lane_cmd_target=None lane_cmd_executable=None same_lane=True reason=same_lane_cam gap=8.3 follow_spd=2.62 emergency=False target_before=4.0401303425108255 target_after=3.7901303425108255
obu-main-front-left-1  | HOST_RESERVATION_HOLD: host=Main_Front_Left ramp=112 manoeuvre=159 remaining=0.7 own_speed=6.57 target_speed=6.58 ramp_fsm=MERGING ramp_lane_cmd_state=WAIT_EDGE ramp_edge=34126779 ramp_lane=0 ramp_merge_completed=False ramp_merge_committed=True
obu-main-front-left-1  | [34.0] Main_Front_Left HOST_HOLD_YIELD: for merge=112 spd=6.58
obu-ramp-back-1        | [33.9] Ramp_Back MERGE_COMMIT_WAIT_LANE_AVAILABLE: edge=34126779 lane=0 target_lane=1 lane_count=1 executable=False speed=2.87 dtm=32.8
obu-ramp-back-1        | [33.9] Ramp_Back FINAL_GUARD: REJECTED slot-boundary ETA sid=104
obu-ramp-back-1        | [33.9] Ramp_Back MERGE_COMMIT_SAFETY_HOLD: lgok=False hgok=True fgok=False edge=34126779 lane=0 target_lane=1 speed=2.87 lane_cmd_state=WAIT_EDGE lane_cmd_executable=False lane_cmd_edge=34126779 lane_cmd_lane_count=1
obu-ramp-merge-5-1     | [33.9] Ramp_Merge_5 MCM_TX_REQUEST: manoeuvre=128 target=103
obu-ramp-merge-5-1     | [33.9] Ramp_Merge_5 MERGE_DECISION: auth=False phys=True fgok=True lgok=True hgok=True cok=True esok=False cready=True dtm=5.0 past=False committed=False hid=103 ra=None lclear=True hyok=True
obu-ramp-merge-5-1     | [34.0] Ramp_Merge_5 MERGE_LANE_APPLY_CONFIRMED: edge=1331698336 lane=0 target_lane=1 lane_count=3 executable=True
obu-ramp-merge-5-1     | MERGE_ATTEMPT_TIMELINE: vehicle=Ramp_Merge_5 manoeuvre=128 host=101 lead=106 event=CLEAR t=34.1 edge=1331698336 lane=1 lane_cmd_state=CLEAR speed=4.38 target=3.98 dtm=2.8 lead_gap=18.82 host_gap=151.12 lead_gap_t1=18.82 lead_gap_t2=18.82 lead_gap_t3=18.82 host_gap_t1=151.12 host_gap_t2=151.12 host_gap_t3=151.12
obu-ramp-merge-5-1     | [34.1] Ramp_Merge_5 MERGE_LANE_CLEAR_CONFIRMED: edge=1331698336 lane=1 target_lane=1 lane_count=3 executable=False
obu-merge-car-1        | [34.0] Merge_Car role=cruise state=CRUISE->CRUISE speed=7.50 target=7.50 neighbors=10
obu-main-back-left-1   | HOST_RESERVATION_HOLD: host=Main_Back_Left ramp=110 manoeuvre=99 remaining=0.3 own_speed=6.00 target_speed=5.70 ramp_fsm=NEGOTIATING ramp_lane_cmd_state=NONE ramp_edge=1331698336 ramp_lane=0 ramp_merge_completed=False ramp_merge_committed=False
obu-main-back-left-1   | [34.0] Main_Back_Left HOST_HOLD_YIELD: for merge=110 spd=5.70
obu-main-mid-right-1   | HOST_RESERVATION_HOLD: host=Main_Mid_Right ramp=108 manoeuvre=40 remaining=2.2 own_speed=7.50 target_speed=7.50 ramp_fsm=NEGOTIATING ramp_lane_cmd_state=NONE ramp_edge=1331698336 ramp_lane=0 ramp_merge_completed=False ramp_merge_committed=False
obu-main-mid-right-1   | [34.1] Main_Mid_Right HOST_HOLD_YIELD: for merge=108 spd=7.50
obu-main-mid-right-1   | [34.1] Main_Mid_Right role=host state=YIELDING->YIELDING speed=7.50 target=7.50 neighbors=10
obu-ramp-merge-3-1     | MERGE_ATTEMPT_TIMELINE: vehicle=Ramp_Merge_3 manoeuvre=69 host=101 lead=None event=REQUEST_SENT t=34.1 edge=1331698336 lane=0 lane_cmd_state=NONE speed=3.51 target=6.75 dtm=42.4 lead_gap= host_gap=158.28 lead_gap_t1= lead_gap_t2= lead_gap_t3= host_gap_t1=158.28 host_gap_t2=158.28 host_gap_t3=158.28
obu-main-front-left-1  | HOST_RESERVATION_HOLD: host=Main_Front_Left ramp=112 manoeuvre=159 remaining=0.6 own_speed=6.57 target_speed=6.58 ramp_fsm=MERGING ramp_lane_cmd_state=WAIT_EDGE ramp_edge=34126779 ramp_lane=0 ramp_merge_completed=False ramp_merge_committed=True
obu-main-front-left-1  | [34.1] Main_Front_Left HOST_HOLD_YIELD: for merge=112 spd=6.58
obu-ramp-merge-3-1     | [34.1] Ramp_Merge_3 MCM_TX_REQUEST: manoeuvre=69 target=101
obu-ramp-merge-3-1     | [34.1] Ramp_Merge_3 FINAL_GUARD: REJECTED sid=106 gap=4.0
obu-ramp-merge-3-1     | [34.1] Ramp_Merge_3 MERGE_DECISION: auth=False phys=True fgok=False lgok=True hgok=True cok=True esok=True cready=True dtm=42.4 past=True committed=False hid=101 ra=None lclear=True hyok=True
obu-ramp-merge-3-1     | [34.1] Ramp_Merge_3 MERGE_FAILED_LOST_AUTH_AFTER_POINT: dtm=42.4 past=True hid=101 auth=False
obu-ramp-merge-3-1     | [34.1] Ramp_Merge_3 CAR_FOLLOW: sid=108 edge=1331698336 lane=0 leader_edge= leader_lane=None leader_role_hint=ramp self_merge_completed=False self_merge_completed_age=-1.0 self_merge_committed=False lane_cmd_state=None lane_cmd_edge=None lane_cmd_target=None lane_cmd_executable=None same_lane=True reason=same_lane_cam gap=7.5 follow_spd=2.62 emergency=False target_before=0.5 target_after=3.2633880990173467
obu-ramp-merge-3-1     | [34.1] Ramp_Merge_3 role=merge state=NEGOTIATING->ABORT speed=3.51 target=3.26 neighbors=10
obu-ramp-back-1        | [34.2] Ramp_Back MERGE_COMMIT_WAIT_LANE_AVAILABLE: edge=34126779 lane=0 target_lane=1 lane_count=1 executable=False speed=2.78 dtm=32.0
obu-ramp-back-1        | [34.2] Ramp_Back FINAL_GUARD: REJECTED slot-boundary ETA sid=104
obu-ramp-back-1        | [34.2] Ramp_Back MERGE_COMMIT_SAFETY_HOLD: lgok=False hgok=True fgok=False edge=34126779 lane=0 target_lane=1 speed=2.78 lane_cmd_state=WAIT_EDGE lane_cmd_executable=False lane_cmd_edge=34126779 lane_cmd_lane_count=1
obu-ramp-merge-5-1     | MERGE_ATTEMPT_TIMELINE: vehicle=Ramp_Merge_5 manoeuvre=128 host=101 lead=106 event=COMPLETED t=34.2 edge=1331698336 lane=1 lane_cmd_state=CLEAR speed=4.35 target=6.75 dtm=3.1 lead_gap=18.55 host_gap=151.27 lead_gap_t1=18.55 lead_gap_t2=18.55 lead_gap_t3=18.55 host_gap_t1=151.27 host_gap_t2=151.27 host_gap_t3=151.27
obu-ramp-merge-5-1     | [34.2] Ramp_Merge_5 MERGE_COMPLETED: eid=1331698336 lane=1 clean=True
obu-main-mid-right-1   | [34.3] Main_Mid_Right MCM_RX_REQUEST: from=108 manoeuvre=41 target=103
obu-ramp-merge-2-1     | [34.3] Ramp_Merge_2 MCM_RX_ACCEPT: from=103 manoeuvre=40 target=108
obu-ramp-back-1        | [34.2] Ramp_Back MCM_RX_ACCEPT: from=102 manoeuvre=159 target=112
obu-ramp-merge-2-1     | [34.3] Ramp_Merge_2 MCM_RX_ACCEPT: from=103 manoeuvre=40 target=108
obu-main-mid-right-1   | [34.3] Main_Mid_Right MCM_RX_REQUEST: from=111 manoeuvre=128 target=103
obu-ramp-merge-4-1     | [34.3] Ramp_Merge_4 MCM_RX_ACCEPT: from=105 manoeuvre=99 target=110
obu-lead-car-1         | [34.3] Lead_Car MCM_RX_REQUEST: from=109 manoeuvre=69 target=101
obu-ramp-merge-4-1     | [34.3] Ramp_Merge_4 MCM_RX_ACCEPT: from=105 manoeuvre=99 target=110
obu-main-mid-right-1   | HOST_RESERVATION_HOLD: host=Main_Mid_Right ramp=108 manoeuvre=40 remaining=2.0 own_speed=7.50 target_speed=7.50 ramp_fsm=NEGOTIATING ramp_lane_cmd_state=NONE ramp_edge=1331698336 ramp_lane=0 ramp_merge_completed=False ramp_merge_committed=False
obu-main-mid-right-1   | [34.3] Main_Mid_Right HOST_HOLD_YIELD: for merge=108 spd=7.50
obu-main-mid-right-1   | [34.3] Main_Mid_Right MCM_TX_REJECT: manoeuvre=128 target=111
obu-main-mid-right-1   | [34.3] Main_Mid_Right MCM_TX_ACCEPT: manoeuvre=40 target=108
obu-ramp-merge-4-1     | [34.3] Ramp_Merge_4 FINAL_GUARD: REJECTED sid=106 gap=15.5
obu-main-mid-right-1   | [34.3] Main_Mid_Right MCM_RX_REQUEST: from=111 manoeuvre=128 target=103
obu-main-front-left-1  | HOST_RESERVATION_HOLD: host=Main_Front_Left ramp=112 manoeuvre=159 remaining=0.4 own_speed=6.57 target_speed=6.58 ramp_fsm=MERGING ramp_lane_cmd_state=WAIT_EDGE ramp_edge=34126779 ramp_lane=0 ramp_merge_completed=False ramp_merge_committed=True
obu-main-front-left-1  | [34.3] Main_Front_Left HOST_HOLD_YIELD: for merge=112 spd=6.58
obu-main-front-left-1  | [34.3] Main_Front_Left MCM_TX_ACCEPT: manoeuvre=159 target=112
obu-main-front-left-1  | [34.3] Main_Front_Left role=host state=YIELDING->YIELDING speed=6.57 target=6.58 neighbors=11
obu-ramp-merge-3-1     | [34.3] Ramp_Merge_3 FINAL_GUARD: REJECTED sid=106 gap=5.0
obu-ramp-merge-3-1     | [34.3] Ramp_Merge_3 CAR_FOLLOW: sid=108 edge=1331698336 lane=0 leader_edge= leader_lane=None leader_role_hint=ramp self_merge_completed=False self_merge_completed_age=-1.0 self_merge_committed=False lane_cmd_state=None lane_cmd_edge=None lane_cmd_target=None lane_cmd_executable=None same_lane=True reason=same_lane_cam gap=9.4 follow_spd=2.62 emergency=False target_before=3.07371898551334 target_after=3.07371898551334
obu-lead-car-1         | HOST_RESERVATION_RELEASE_MAX_TIMEOUT: host=Lead_Car ramp=112 manoeuvre=158 duration=11.6 ramp_fsm=MERGING ramp_lcs=WAIT_EDGE ramp_edge=34126779 ramp_merge_completed=False
obu-lead-car-1         | HOST_RESERVATION_START: host=Lead_Car ramp=109 manoeuvre=69 until=38.4 own_speed=7.48 target_speed=7.48 required_speed=7.48 gap_eta=18.23
obu-lead-car-1         | [34.4] Lead_Car HOST_RESERVED: merge=109 manoeuvre=69 until=38.4 target_spd=7.48
obu-lead-car-1         | [34.4] Lead_Car MCM_TX_ACCEPT: manoeuvre=69 target=109
obu-lead-car-1         | [34.4] Lead_Car role=host state=CRUISE->CRUISE speed=7.48 target=7.50 neighbors=11
obu-ramp-merge-2-1     | [34.3] Ramp_Merge_2 MCM_TX_REQUEST: manoeuvre=41 target=103
obu-ramp-merge-2-1     | [34.3] Ramp_Merge_2 MCM_ACCEPT_WRONG_MANOEUVRE: host=103 got=40 expected=41
obu-ramp-merge-2-1     | [34.3] Ramp_Merge_2 MERGE_DECISION: auth=False phys=True fgok=True lgok=True hgok=False cok=True esok=True cready=True dtm=58.4 past=True committed=False hid=103 ra=None lclear=True hyok=True
obu-ramp-merge-2-1     | [34.3] Ramp_Merge_2 MERGE_FAILED_LOST_AUTH_AFTER_POINT: dtm=58.4 past=True hid=103 auth=False
obu-main-mid-right-1   | HOST_RESERVATION_HOLD: host=Main_Mid_Right ramp=108 manoeuvre=40 remaining=1.9 own_speed=7.50 target_speed=7.50 ramp_fsm=NEGOTIATING ramp_lane_cmd_state=NONE ramp_edge=1331698336 ramp_lane=0 ramp_merge_completed=False ramp_merge_committed=False
obu-main-mid-right-1   | [34.4] Main_Mid_Right HOST_HOLD_YIELD: for merge=108 spd=7.50
obu-main-front-left-1  | HOST_RESERVATION_HOLD: host=Main_Front_Left ramp=112 manoeuvre=159 remaining=0.3 own_speed=6.57 target_speed=6.58 ramp_fsm=MERGING ramp_lane_cmd_state=WAIT_EDGE ramp_edge=34126779 ramp_lane=0 ramp_merge_completed=False ramp_merge_committed=True
obu-main-front-left-1  | [34.4] Main_Front_Left HOST_HOLD_YIELD: for merge=112 spd=6.58
obu-host-car-1         | [34.7] Host_Car role=cruise state=CRUISE->CRUISE speed=7.50 target=7.50 neighbors=11
obu-main-mid-right-1   | HOST_RESERVATION_HOLD: host=Main_Mid_Right ramp=108 manoeuvre=40 remaining=1.7 own_speed=7.50 target_speed=7.50 ramp_fsm=ABORT ramp_lane_cmd_state=NONE ramp_edge=1331698336 ramp_lane=0 ramp_merge_completed=False ramp_merge_committed=False
obu-main-mid-right-1   | [34.6] Main_Mid_Right HOST_HOLD_YIELD: for merge=108 spd=7.50
obu-main-mid-right-1   | [34.6] Main_Mid_Right MCM_TX_REJECT: manoeuvre=128 target=111
obu-main-mid-right-1   | [34.6] Main_Mid_Right MCM_TX_ACCEPT: manoeuvre=40 target=108
obu-main-front-left-1  | HOST_RESERVATION_HOLD: host=Main_Front_Left ramp=112 manoeuvre=159 remaining=0.1 own_speed=6.57 target_speed=6.58 ramp_fsm=MERGING ramp_lane_cmd_state=WAIT_EDGE ramp_edge=34126779 ramp_lane=0 ramp_merge_completed=False ramp_merge_committed=True
obu-main-front-left-1  | [34.6] Main_Front_Left HOST_HOLD_YIELD: for merge=112 spd=6.58
obu-main-front-left-1  | [34.6] Main_Front_Left MCM_TX_ACCEPT: manoeuvre=159 target=112
obu-main-mid-right-1   | HOST_RESERVATION_HOLD: host=Main_Mid_Right ramp=108 manoeuvre=40 remaining=1.5 own_speed=7.50 target_speed=7.50 ramp_fsm=ABORT ramp_lane_cmd_state=NONE ramp_edge=1331698336 ramp_lane=0 ramp_merge_completed=False ramp_merge_committed=False
obu-main-mid-right-1   | [34.8] Main_Mid_Right HOST_HOLD_YIELD: for merge=108 spd=7.50
obu-main-mid-right-1   | [35.1] Main_Mid_Right MCM_RX_REQUEST: from=108 manoeuvre=41 target=103
obu-main-back-left-1   | [34.5] Main_Back_Left role=cruise state=CRUISE->CRUISE speed=5.93 target=7.50 neighbors=11
obu-ramp-merge-5-1     | [35.0] Ramp_Merge_5 MCM_RX_REJECT: from=103 manoeuvre=128 target=111
obu-ramp-back-1        | [35.0] Ramp_Back MCM_RX_ACCEPT: from=102 manoeuvre=159 target=112
obu-ramp-back-1        | [35.0] Ramp_Back MCM_RX_ACCEPT: from=102 manoeuvre=159 target=112
obu-ramp-merge-5-1     | [35.0] Ramp_Merge_5 MCM_RX_REJECT: from=103 manoeuvre=128 target=111
obu-ramp-merge-3-1     | [35.0] Ramp_Merge_3 MCM_RX_ACCEPT: from=101 manoeuvre=69 target=109
obu-ramp-merge-4-1     | [35.0] Ramp_Merge_4 FINAL_GUARD: REJECTED sid=106 gap=13.8
obu-ramp-merge-4-1     | [35.0] Ramp_Merge_4 CAR_FOLLOW: sid=109 edge=1331698336 lane=0 leader_edge= leader_lane=None leader_role_hint=ramp self_merge_completed=False self_merge_completed_age=-1.0 self_merge_committed=False lane_cmd_state=None lane_cmd_edge=None lane_cmd_target=None lane_cmd_executable=None same_lane=True reason=same_lane_cam gap=10.9 follow_spd=2.62 emergency=False target_before=5.194381505312757 target_after=4.944381505312757
obu-ramp-merge-4-1     | [35.0] Ramp_Merge_4 role=merge state=NEGOTIATING->NEGOTIATING speed=5.19 target=4.94 neighbors=11
obu-main-mid-right-1   | HOST_RESERVATION_HOLD: host=Main_Mid_Right ramp=108 manoeuvre=40 remaining=1.2 own_speed=7.50 target_speed=7.50 ramp_fsm=ABORT ramp_lane_cmd_state=NONE ramp_edge=1331698336 ramp_lane=0 ramp_merge_completed=False ramp_merge_committed=False
obu-main-mid-right-1   | [35.1] Main_Mid_Right HOST_HOLD_YIELD: for merge=108 spd=7.50
obu-ramp-merge-3-1     | [35.0] Ramp_Merge_3 MCM_TX_REQUEST: manoeuvre=69 target=101
obu-ramp-merge-3-1     | MERGE_ATTEMPT_TIMELINE: vehicle=Ramp_Merge_3 manoeuvre=69 host=101 lead=None event=ACCEPT_MATCHED t=35.0 edge=1331698336 lane=0 lane_cmd_state=NONE speed=2.67 target=6.75 dtm=45.1 lead_gap= host_gap=165.99 lead_gap_t1= lead_gap_t2= lead_gap_t3= host_gap_t1=165.99 host_gap_t2=165.99 host_gap_t3=165.99
obu-ramp-merge-3-1     | [35.0] Ramp_Merge_3 MCM_ACCEPT_MATCHED: host=101 manoeuvre=69
obu-main-mid-right-1   | [35.1] Main_Mid_Right MCM_TX_REJECT: manoeuvre=128 target=111
obu-ramp-merge-3-1     | [35.0] Ramp_Merge_3 CAR_FOLLOW: sid=108 edge=1331698336 lane=0 leader_edge= leader_lane=None leader_role_hint=ramp self_merge_completed=False self_merge_completed_age=-1.0 self_merge_committed=False lane_cmd_state=None lane_cmd_edge=None lane_cmd_target=None lane_cmd_executable=None same_lane=True reason=same_lane_cam gap=8.9 follow_spd=2.62 emergency=False target_before=2.8497630760577985 target_after=2.625
obu-main-mid-right-1   | [35.1] Main_Mid_Right MCM_TX_ACCEPT: manoeuvre=40 target=108
obu-main-mid-right-1   | [35.1] Main_Mid_Right role=host state=YIELDING->YIELDING speed=7.50 target=7.50 neighbors=11
obu-lead-car-1         | HOST_RESERVATION_HOLD: host=Lead_Car ramp=109 manoeuvre=69 remaining=3.3 own_speed=7.48 target_speed=7.48 ramp_fsm=ABORT ramp_lane_cmd_state=NONE ramp_edge=1331698336 ramp_lane=0 ramp_merge_completed=False ramp_merge_committed=False
obu-lead-car-1         | [35.1] Lead_Car HOST_HOLD_YIELD: for merge=109 spd=7.48
obu-lead-car-1         | [35.1] Lead_Car MCM_TX_ACCEPT: manoeuvre=69 target=109
obu-ramp-merge-5-1     | [35.1] Ramp_Merge_5 role=host state=CRUISE->CRUISE speed=5.27 target=7.50 neighbors=11
obu-ramp-back-1        | [35.1] Ramp_Back MERGE_COMMIT_WAIT_LANE_AVAILABLE: edge=34126779 lane=0 target_lane=1 lane_count=1 executable=False speed=2.58 dtm=29.6
obu-ramp-back-1        | MERGE_ATTEMPT_TIMELINE: vehicle=Ramp_Back manoeuvre=159 host=102 lead=104 event=ABORT_SAFETY_HOLD t=35.1 edge=34126779 lane=0 lane_cmd_state=WAIT_EDGE speed=2.58 target=6.75 dtm=29.6 lead_gap=99.99 host_gap=171.81 lead_gap_t1=99.99 lead_gap_t2=99.99 lead_gap_t3=99.99 host_gap_t1=171.81 host_gap_t2=171.81 host_gap_t3=171.81
obu-ramp-back-1        | [35.1] Ramp_Back MERGE_COMMIT_ABORT_SAFETY_HOLD: lgok=False hgok=True fgok=True edge=34126779 lane=0 target_lane=1 speed=2.58 lane_cmd_state=WAIT_EDGE lane_cmd_executable=False lane_cmd_edge=34126779 lane_cmd_lane_count=1
obu-ramp-back-1        | [35.1] Ramp_Back role=merge state=MERGING->NEGOTIATING speed=2.58 target=6.75 neighbors=11
obu-ramp-merge-2-1     | [35.0] Ramp_Merge_2 MCM_RX_ACCEPT: from=103 manoeuvre=40 target=108
obu-merge-car-1        | [35.0] Merge_Car role=cruise state=CRUISE->CRUISE speed=7.50 target=7.50 neighbors=11
obu-main-back-right-1  | [35.1] Main_Back_Right role=cruise state=CRUISE->CRUISE speed=6.13 target=7.50 neighbors=11
obu-ramp-merge-4-1     | [35.1] Ramp_Merge_4 FINAL_GUARD: REJECTED sid=106 gap=13.3
obu-ramp-merge-4-1     | [35.1] Ramp_Merge_4 CAR_FOLLOW: sid=109 edge=1331698336 lane=0 leader_edge= leader_lane=None leader_role_hint=ramp self_merge_completed=False self_merge_completed_age=-1.0 self_merge_committed=False lane_cmd_state=None lane_cmd_edge=None lane_cmd_target=None lane_cmd_executable=None same_lane=True reason=same_lane_cam gap=10.3 follow_spd=2.62 emergency=False target_before=5.19438446532857 target_after=4.94438446532857
obu-ramp-merge-3-1     | [35.1] Ramp_Merge_3 CAR_FOLLOW: sid=108 edge=1331698336 lane=0 leader_edge= leader_lane=None leader_role_hint=ramp self_merge_completed=False self_merge_completed_age=-1.0 self_merge_committed=False lane_cmd_state=None lane_cmd_edge=None lane_cmd_target=None lane_cmd_executable=None same_lane=True reason=same_lane_cam gap=8.6 follow_spd=2.62 emergency=False target_before=2.8699608715305756 target_after=2.625
obu-ramp-merge-3-1     | [35.1] Ramp_Merge_3 role=merge state=ABORT->ABORT speed=2.69 target=2.62 neighbors=11
obu-main-mid-right-1   | HOST_RESERVATION_HOLD: host=Main_Mid_Right ramp=108 manoeuvre=40 remaining=1.1 own_speed=7.50 target_speed=7.50 ramp_fsm=ABORT ramp_lane_cmd_state=NONE ramp_edge=1331698336 ramp_lane=0 ramp_merge_completed=False ramp_merge_committed=False
obu-main-mid-right-1   | [35.2] Main_Mid_Right HOST_HOLD_YIELD: for merge=108 spd=7.50
obu-ramp-merge-2-1     | [35.2] Ramp_Merge_2 MCM_TX_REQUEST: manoeuvre=41 target=103
obu-ramp-merge-2-1     | [35.2] Ramp_Merge_2 MCM_ACCEPT_WRONG_MANOEUVRE: host=103 got=40 expected=41
obu-ramp-merge-2-1     | [35.2] Ramp_Merge_2 MCM_PENDING_HOLD_LATE_HOST: host=103 age=0.0 dtm=60.6 lead_gap=0.00 host_gap=95.65 pending_age=2.3 accepted_at=None reason=ahead(eta=22.96<=own=29.44)
obu-ramp-merge-2-1     | [35.2] Ramp_Merge_2 role=merge state=ABORT->NEGOTIATING speed=2.06 target=2.06 neighbors=11
obu-lead-car-1         | HOST_RESERVATION_HOLD: host=Lead_Car ramp=109 manoeuvre=69 remaining=3.2 own_speed=7.48 target_speed=7.48 ramp_fsm=ABORT ramp_lane_cmd_state=NONE ramp_edge=1331698336 ramp_lane=0 ramp_merge_completed=False ramp_merge_committed=False
obu-lead-car-1         | [35.2] Lead_Car HOST_HOLD_YIELD: for merge=109 spd=7.48
obu-ramp-merge-4-1     | [35.2] Ramp_Merge_4 FINAL_GUARD: REJECTED sid=106 gap=12.8
obu-ramp-merge-4-1     | [35.2] Ramp_Merge_4 CAR_FOLLOW: sid=109 edge=1331698336 lane=0 leader_edge= leader_lane=None leader_role_hint=ramp self_merge_completed=False self_merge_completed_age=-1.0 self_merge_committed=False lane_cmd_state=None lane_cmd_edge=None lane_cmd_target=None lane_cmd_executable=None same_lane=True reason=same_lane_cam gap=9.8 follow_spd=2.62 emergency=False target_before=5.1943872773435915 target_after=4.9443872773435915
obu-ramp-merge-3-1     | [35.3] Ramp_Merge_3 CAR_FOLLOW: sid=108 edge=1331698336 lane=0 leader_edge= leader_lane=None leader_role_hint=ramp self_merge_completed=False self_merge_completed_age=-1.0 self_merge_committed=False lane_cmd_state=None lane_cmd_edge=None lane_cmd_target=None lane_cmd_executable=None same_lane=True reason=same_lane_cam gap=8.1 follow_spd=2.62 emergency=False target_before=2.725404974459791 target_after=2.625
obu-main-mid-right-1   | HOST_RESERVATION_HOLD: host=Main_Mid_Right ramp=108 manoeuvre=40 remaining=0.9 own_speed=7.50 target_speed=7.50 ramp_fsm=ABORT ramp_lane_cmd_state=NONE ramp_edge=1331698336 ramp_lane=0 ramp_merge_completed=False ramp_merge_committed=False
obu-main-mid-right-1   | [35.4] Main_Mid_Right HOST_HOLD_YIELD: for merge=108 spd=7.50
obu-main-mid-right-1   | [35.4] Main_Mid_Right MCM_TX_ACCEPT: manoeuvre=40 target=108
obu-lead-car-1         | HOST_RESERVATION_HOLD: host=Lead_Car ramp=109 manoeuvre=69 remaining=3.0 own_speed=7.48 target_speed=7.48 ramp_fsm=ABORT ramp_lane_cmd_state=NONE ramp_edge=1331698336 ramp_lane=0 ramp_merge_completed=False ramp_merge_committed=False
obu-lead-car-1         | [35.4] Lead_Car HOST_HOLD_YIELD: for merge=109 spd=7.48
obu-lead-car-1         | [35.4] Lead_Car MCM_TX_ACCEPT: manoeuvre=69 target=109
obu-lead-car-1         | [35.4] Lead_Car role=host state=YIELDING->YIELDING speed=7.48 target=7.48 neighbors=9
obu-main-back-left-1   | [35.5] Main_Back_Left role=cruise state=CRUISE->CRUISE speed=6.50 target=7.50 neighbors=9
obu-ramp-merge-4-1     | [35.4] Ramp_Merge_4 MCM_ACCEPT_STALE: host=105 manoeuvre=99
obu-ramp-merge-4-1     | [35.4] Ramp_Merge_4 FINAL_GUARD: REJECTED sid=106 gap=11.9
obu-ramp-merge-4-1     | [35.4] Ramp_Merge_4 CAR_FOLLOW: sid=109 edge=1331698336 lane=0 leader_edge= leader_lane=None leader_role_hint=ramp self_merge_completed=False self_merge_completed_age=-1.0 self_merge_committed=False lane_cmd_state=None lane_cmd_edge=None lane_cmd_target=None lane_cmd_executable=None same_lane=True reason=same_lane_cam gap=8.8 follow_spd=2.62 emergency=False target_before=4.83188698874205 target_after=4.58188698874205
obu-ramp-merge-3-1     | [35.4] Ramp_Merge_3 CAR_FOLLOW: sid=108 edge=1331698336 lane=0 leader_edge= leader_lane=None leader_role_hint=ramp self_merge_completed=False self_merge_completed_age=-1.0 self_merge_committed=False lane_cmd_state=None lane_cmd_edge=None lane_cmd_target=None lane_cmd_executable=None same_lane=True reason=same_lane_cam gap=7.8 follow_spd=2.62 emergency=False target_before=2.5947293526523167 target_after=2.5947293526523167
obu-main-mid-right-1   | HOST_RESERVATION_HOLD: host=Main_Mid_Right ramp=108 manoeuvre=40 remaining=0.8 own_speed=7.50 target_speed=7.50 ramp_fsm=NEGOTIATING ramp_lane_cmd_state=NONE ramp_edge=1331698336 ramp_lane=0 ramp_merge_completed=False ramp_merge_committed=False
obu-main-mid-right-1   | [35.5] Main_Mid_Right HOST_HOLD_YIELD: for merge=108 spd=7.50
obu-lead-car-1         | HOST_RESERVATION_HOLD: host=Lead_Car ramp=109 manoeuvre=69 remaining=2.9 own_speed=7.48 target_speed=7.48 ramp_fsm=ABORT ramp_lane_cmd_state=NONE ramp_edge=1331698336 ramp_lane=0 ramp_merge_completed=False ramp_merge_committed=False
obu-lead-car-1         | [35.5] Lead_Car HOST_HOLD_YIELD: for merge=109 spd=7.48
obu-ramp-merge-2-1     | [35.6] Ramp_Merge_2 MCM_RX_ACCEPT: from=103 manoeuvre=40 target=108
obu-main-back-right-1  | [35.6] Main_Back_Right CAR_FOLLOW: sid=105 edge=1331698336 lane=1 leader_edge= leader_lane=None leader_role_hint=main self_merge_completed=False self_merge_completed_age=-1.0 self_merge_committed=False lane_cmd_state=None lane_cmd_edge=None lane_cmd_target=None lane_cmd_executable=None same_lane=True reason=same_lane_cam gap=5.0 follow_spd=2.62 emergency=False target_before=7.5 target_after=6.057098771010495
obu-main-mid-right-1   | [35.7] Main_Mid_Right MCM_RX_REQUEST: from=108 manoeuvre=41 target=103
obu-ramp-merge-2-1     | [35.7] Ramp_Merge_2 MCM_RX_ACCEPT: from=103 manoeuvre=40 target=108
obu-ramp-merge-2-1     | [35.7] Ramp_Merge_2 MCM_RX_ACCEPT: from=103 manoeuvre=40 target=108
obu-ramp-merge-3-1     | [35.7] Ramp_Merge_3 MCM_RX_ACCEPT: from=101 manoeuvre=69 target=109
obu-ramp-merge-5-1     | [35.7] Ramp_Merge_5 MCM_RX_REJECT: from=103 manoeuvre=128 target=111
obu-lead-car-1         | [35.7] Lead_Car MCM_RX_REQUEST: from=109 manoeuvre=69 target=101
obu-ramp-merge-4-1     | [35.7] Ramp_Merge_4 CAR_FOLLOW: sid=109 edge=1331698336 lane=0 leader_edge= leader_lane=None leader_role_hint=ramp self_merge_completed=False self_merge_completed_age=-1.0 self_merge_committed=False lane_cmd_state=None lane_cmd_edge=None lane_cmd_target=None lane_cmd_executable=None same_lane=True reason=same_lane_cam gap=10.6 follow_spd=2.62 emergency=False target_before=4.172512003172128 target_after=3.9225120031721277
obu-ramp-merge-3-1     | [35.7] Ramp_Merge_3 MCM_RX_ACCEPT: from=101 manoeuvre=69 target=109
obu-main-front-left-1  | [35.8] Main_Front_Left role=cruise state=CRUISE->CRUISE speed=6.85 target=7.50 neighbors=11
obu-ramp-merge-2-1     | [35.7] Ramp_Merge_2 MCM_TX_REQUEST: manoeuvre=41 target=103
obu-ramp-merge-2-1     | [35.7] Ramp_Merge_2 MCM_ACCEPT_WRONG_MANOEUVRE: host=103 got=40 expected=41
obu-ramp-merge-2-1     | [35.7] Ramp_Merge_2 MCM_PENDING_HOLD_LATE_HOST: host=103 age=0.5 dtm=61.5 lead_gap=0.00 host_gap=103.66 pending_age=2.8 accepted_at=None reason=ahead(eta=22.65<=own=31.92)
obu-main-mid-right-1   | HOST_RESERVATION_HOLD: host=Main_Mid_Right ramp=108 manoeuvre=40 remaining=0.6 own_speed=7.50 target_speed=7.50 ramp_fsm=NEGOTIATING ramp_lane_cmd_state=NONE ramp_edge=1331698336 ramp_lane=0 ramp_merge_completed=False ramp_merge_committed=False
obu-main-mid-right-1   | [35.7] Main_Mid_Right HOST_HOLD_YIELD: for merge=108 spd=7.50
obu-ramp-back-1        | MERGE_ATTEMPT_TIMELINE: vehicle=Ramp_Back manoeuvre=160 host=103 lead=104 event=REQUEST_SENT t=35.7 edge=34126779 lane=0 lane_cmd_state=WAIT_EDGE speed=3.46 target=6.75 dtm=27.9 lead_gap=102.91 host_gap=152.04 lead_gap_t1=102.91 lead_gap_t2=102.91 lead_gap_t3=102.91 host_gap_t1=152.04 host_gap_t2=152.04 host_gap_t3=152.04
obu-main-mid-right-1   | [35.7] Main_Mid_Right MCM_TX_ACCEPT: manoeuvre=40 target=108
obu-ramp-back-1        | [35.7] Ramp_Back MCM_TX_REQUEST: manoeuvre=160 target=103
obu-ramp-back-1        | [35.7] Ramp_Back MERGE_DECISION: auth=False phys=True fgok=True lgok=True hgok=True cok=True esok=False cready=True dtm=27.9 past=False committed=False hid=103 ra=None lclear=True hyok=True
obu-lead-car-1         | HOST_RESERVATION_HOLD: host=Lead_Car ramp=109 manoeuvre=69 remaining=2.6 own_speed=7.48 target_speed=7.48 ramp_fsm=ABORT ramp_lane_cmd_state=NONE ramp_edge=1331698336 ramp_lane=0 ramp_merge_completed=False ramp_merge_committed=False
obu-lead-car-1         | [35.8] Lead_Car HOST_HOLD_YIELD: for merge=109 spd=7.48
obu-lead-car-1         | [35.8] Lead_Car MCM_TX_ACCEPT: manoeuvre=69 target=109
obu-host-car-1         | [35.7] Host_Car role=cruise state=CRUISE->CRUISE speed=7.50 target=7.50 neighbors=11
obu-lead-car-1         | HOST_RESERVATION_HOLD: host=Lead_Car ramp=109 manoeuvre=69 remaining=2.5 own_speed=7.48 target_speed=7.48 ramp_fsm=ABORT ramp_lane_cmd_state=NONE ramp_edge=1331698336 ramp_lane=0 ramp_merge_completed=False ramp_merge_committed=False
obu-lead-car-1         | [35.9] Lead_Car HOST_HOLD_YIELD: for merge=109 spd=7.48
traci-bridge-1         | LANE_CMD_STATE veh=Ramp_Merge_5 edge=34126779 lane=0 target=1 lane_count=1 recently=False speed=3.67
traci-bridge-1         | LANE_CMD_WAIT_EDGE veh=Ramp_Merge_5 edge=34126779 lane=0 target=1 lane_count=1
traci-bridge-1         | LANE_CMD_STATE veh=Ramp_Back edge=34126779 lane=0 target=1 lane_count=1 recently=False speed=3.34
traci-bridge-1         | LANE_CMD_WAIT_EDGE veh=Ramp_Back edge=34126779 lane=0 target=1 lane_count=1
traci-bridge-1         | LANE_CMD_STATE veh=Ramp_Merge_5 edge=34126779 lane=0 target=1 lane_count=1 recently=False speed=3.60
traci-bridge-1         | LANE_CMD_WAIT_EDGE veh=Ramp_Merge_5 edge=34126779 lane=0 target=1 lane_count=1
traci-bridge-1         | LANE_CMD_STATE veh=Ramp_Back edge=34126779 lane=0 target=1 lane_count=1 recently=False speed=3.28
traci-bridge-1         | LANE_CMD_WAIT_EDGE veh=Ramp_Back edge=34126779 lane=0 target=1 lane_count=1
traci-bridge-1         | LANE_CMD_STATE veh=Ramp_Merge_5 edge=34126779 lane=0 target=1 lane_count=1 recently=False speed=3.54
traci-bridge-1         | LANE_CMD_WAIT_EDGE veh=Ramp_Merge_5 edge=34126779 lane=0 target=1 lane_count=1
traci-bridge-1         | LANE_CMD_STATE veh=Ramp_Back edge=34126779 lane=0 target=1 lane_count=1 recently=False speed=3.23
traci-bridge-1         | LANE_CMD_WAIT_EDGE veh=Ramp_Back edge=34126779 lane=0 target=1 lane_count=1
traci-bridge-1         | LANE_CMD_STATE veh=Ramp_Merge_5 edge=34126779 lane=0 target=1 lane_count=1 recently=False speed=3.47
traci-bridge-1         | LANE_CMD_WAIT_EDGE veh=Ramp_Merge_5 edge=34126779 lane=0 target=1 lane_count=1
traci-bridge-1         | LANE_CMD_STATE veh=Ramp_Back edge=34126779 lane=0 target=1 lane_count=1 recently=False speed=3.18
traci-bridge-1         | LANE_CMD_WAIT_EDGE veh=Ramp_Back edge=34126779 lane=0 target=1 lane_count=1
traci-bridge-1         | LANE_CMD_STATE veh=Ramp_Merge_5 edge=34126779 lane=0 target=1 lane_count=1 recently=False speed=3.64
traci-bridge-1         | LANE_CMD_WAIT_EDGE veh=Ramp_Merge_5 edge=34126779 lane=0 target=1 lane_count=1
traci-bridge-1         | LANE_CMD_STATE veh=Ramp_Back edge=34126779 lane=0 target=1 lane_count=1 recently=False speed=3.14
traci-bridge-1         | LANE_CMD_WAIT_EDGE veh=Ramp_Back edge=34126779 lane=0 target=1 lane_count=1
traci-bridge-1         | LANE_CMD_STATE veh=Ramp_Merge_5 edge=:390064918_0 lane=0 target=1 lane_count=1 recently=False speed=3.79
traci-bridge-1         | LANE_CMD_WAIT_EDGE veh=Ramp_Merge_5 edge=:390064918_0 lane=0 target=1 lane_count=1
traci-bridge-1         | LANE_CMD_STATE veh=Ramp_Back edge=34126779 lane=0 target=1 lane_count=1 recently=False speed=3.09
traci-bridge-1         | LANE_CMD_WAIT_EDGE veh=Ramp_Back edge=34126779 lane=0 target=1 lane_count=1
traci-bridge-1         | LANE_CMD_STATE veh=Ramp_Merge_5 edge=:390064918_0 lane=0 target=1 lane_count=1 recently=False speed=3.94
traci-bridge-1         | LANE_CMD_WAIT_EDGE veh=Ramp_Merge_5 edge=:390064918_0 lane=0 target=1 lane_count=1
traci-bridge-1         | LANE_CMD_STATE veh=Ramp_Back edge=34126779 lane=0 target=1 lane_count=1 recently=False speed=3.05
traci-bridge-1         | LANE_CMD_WAIT_EDGE veh=Ramp_Back edge=34126779 lane=0 target=1 lane_count=1
traci-bridge-1         | LANE_CMD_STATE veh=Ramp_Merge_5 edge=:390064918_0 lane=0 target=1 lane_count=1 recently=False speed=4.08
traci-bridge-1         | LANE_CMD_WAIT_EDGE veh=Ramp_Merge_5 edge=:390064918_0 lane=0 target=1 lane_count=1
traci-bridge-1         | LANE_CMD_STATE veh=Ramp_Back edge=34126779 lane=0 target=1 lane_count=1 recently=False speed=3.01
traci-bridge-1         | LANE_CMD_WAIT_EDGE veh=Ramp_Back edge=34126779 lane=0 target=1 lane_count=1
traci-bridge-1         | LANE_CMD_STATE veh=Ramp_Merge_5 edge=:390064918_0 lane=0 target=1 lane_count=1 recently=False speed=4.21
traci-bridge-1         | LANE_CMD_WAIT_EDGE veh=Ramp_Merge_5 edge=:390064918_0 lane=0 target=1 lane_count=1
traci-bridge-1         | LANE_CMD_STATE veh=Ramp_Back edge=34126779 lane=0 target=1 lane_count=1 recently=False speed=2.97
traci-bridge-1         | LANE_CMD_WAIT_EDGE veh=Ramp_Back edge=34126779 lane=0 target=1 lane_count=1
traci-bridge-1         | LANE_CMD_STATE veh=Ramp_Merge_5 edge=:390064918_0 lane=0 target=1 lane_count=1 recently=False speed=4.34
traci-bridge-1         | LANE_CMD_WAIT_EDGE veh=Ramp_Merge_5 edge=:390064918_0 lane=0 target=1 lane_count=1
traci-bridge-1         | LANE_CMD_STATE veh=Ramp_Back edge=34126779 lane=0 target=1 lane_count=1 recently=False speed=2.94
traci-bridge-1         | LANE_CMD_WAIT_EDGE veh=Ramp_Back edge=34126779 lane=0 target=1 lane_count=1
traci-bridge-1         | LANE_CMD_STATE veh=Ramp_Merge_5 edge=:390064918_0 lane=0 target=1 lane_count=1 recently=False speed=4.46
traci-bridge-1         | LANE_CMD_WAIT_EDGE veh=Ramp_Merge_5 edge=:390064918_0 lane=0 target=1 lane_count=1
traci-bridge-1         | LANE_CMD_STATE veh=Ramp_Back edge=34126779 lane=0 target=1 lane_count=1 recently=False speed=2.90
traci-bridge-1         | LANE_CMD_WAIT_EDGE veh=Ramp_Back edge=34126779 lane=0 target=1 lane_count=1
traci-bridge-1         | LANE_CMD_STATE veh=Ramp_Merge_5 edge=:390064918_0 lane=0 target=1 lane_count=1 recently=False speed=4.43
traci-bridge-1         | LANE_CMD_WAIT_EDGE veh=Ramp_Merge_5 edge=:390064918_0 lane=0 target=1 lane_count=1
traci-bridge-1         | LANE_CMD_STATE veh=Ramp_Back edge=34126779 lane=0 target=1 lane_count=1 recently=False speed=2.87
traci-bridge-1         | LANE_CMD_WAIT_EDGE veh=Ramp_Back edge=34126779 lane=0 target=1 lane_count=1
traci-bridge-1         | LANE_CMD_STATE veh=Ramp_Merge_5 edge=1331698336 lane=0 target=1 lane_count=3 recently=False speed=4.40
traci-bridge-1         | LANE_CMD_APPLY veh=Ramp_Merge_5 edge=1331698336 from_lane=0 target=1 duration=2.00 mode=256 speed=4.40
traci-bridge-1         | LANE_CMD_STATE veh=Ramp_Back edge=34126779 lane=0 target=1 lane_count=1 recently=False speed=2.84
traci-bridge-1         | LANE_CMD_WAIT_EDGE veh=Ramp_Back edge=34126779 lane=0 target=1 lane_count=1
traci-bridge-1         | LANE_CMD_STATE veh=Ramp_Merge_5 edge=1331698336 lane=1 target=1 lane_count=3 recently=True speed=4.38
traci-bridge-1         | LANE_CMD_CLEAR veh=Ramp_Merge_5 edge=1331698336 target=1
traci-bridge-1         | LANE_CMD_STATE veh=Ramp_Back edge=34126779 lane=0 target=1 lane_count=1 recently=False speed=2.81
traci-bridge-1         | LANE_CMD_WAIT_EDGE veh=Ramp_Back edge=34126779 lane=0 target=1 lane_count=1
traci-bridge-1         | LANE_CMD_STATE veh=Ramp_Back edge=34126779 lane=0 target=1 lane_count=1 recently=False speed=2.78
traci-bridge-1         | LANE_CMD_WAIT_EDGE veh=Ramp_Back edge=34126779 lane=0 target=1 lane_count=1
traci-bridge-1         | LANE_CMD_STATE veh=Ramp_Back edge=34126779 lane=0 target=1 lane_count=1 recently=False speed=2.75
traci-bridge-1         | LANE_CMD_WAIT_EDGE veh=Ramp_Back edge=34126779 lane=0 target=1 lane_count=1
traci-bridge-1         | LANE_CMD_STATE veh=Ramp_Back edge=34126779 lane=0 target=1 lane_count=1 recently=False speed=2.73
traci-bridge-1         | LANE_CMD_WAIT_EDGE veh=Ramp_Back edge=34126779 lane=0 target=1 lane_count=1
traci-bridge-1         | LANE_CMD_STATE veh=Ramp_Back edge=34126779 lane=0 target=1 lane_count=1 recently=False speed=2.70
traci-bridge-1         | LANE_CMD_WAIT_EDGE veh=Ramp_Back edge=34126779 lane=0 target=1 lane_count=1
traci-bridge-1         | LANE_CMD_STATE veh=Ramp_Back edge=34126779 lane=0 target=1 lane_count=1 recently=False speed=2.68
traci-bridge-1         | LANE_CMD_WAIT_EDGE veh=Ramp_Back edge=34126779 lane=0 target=1 lane_count=1
traci-bridge-1         | LANE_CMD_STATE veh=Ramp_Back edge=34126779 lane=0 target=1 lane_count=1 recently=False speed=2.66
traci-bridge-1         | LANE_CMD_WAIT_EDGE veh=Ramp_Back edge=34126779 lane=0 target=1 lane_count=1
traci-bridge-1         | LANE_CMD_STATE veh=Ramp_Back edge=34126779 lane=0 target=1 lane_count=1 recently=False speed=2.64
traci-bridge-1         | LANE_CMD_WAIT_EDGE veh=Ramp_Back edge=34126779 lane=0 target=1 lane_count=1
traci-bridge-1         | LANE_CMD_STATE veh=Ramp_Back edge=34126779 lane=0 target=1 lane_count=1 recently=False speed=2.62
traci-bridge-1         | LANE_CMD_WAIT_EDGE veh=Ramp_Back edge=34126779 lane=0 target=1 lane_count=1
traci-bridge-1         | LANE_CMD_STATE veh=Ramp_Back edge=34126779 lane=0 target=1 lane_count=1 recently=False speed=2.60
traci-bridge-1         | LANE_CMD_WAIT_EDGE veh=Ramp_Back edge=34126779 lane=0 target=1 lane_count=1
traci-bridge-1         | LANE_CMD_STATE veh=Ramp_Back edge=34126779 lane=0 target=1 lane_count=1 recently=False speed=2.58
traci-bridge-1         | LANE_CMD_WAIT_EDGE veh=Ramp_Back edge=34126779 lane=0 target=1 lane_count=1
traci-bridge-1         | LANE_CMD_STATE veh=Ramp_Back edge=34126779 lane=0 target=1 lane_count=1 recently=False speed=2.57
traci-bridge-1         | LANE_CMD_WAIT_EDGE veh=Ramp_Back edge=34126779 lane=0 target=1 lane_count=1
traci-bridge-1         | LANE_CMD_STATE veh=Ramp_Back edge=34126779 lane=0 target=1 lane_count=1 recently=False speed=2.75
traci-bridge-1         | LANE_CMD_WAIT_EDGE veh=Ramp_Back edge=34126779 lane=0 target=1 lane_count=1
traci-bridge-1         | LANE_CMD_STATE veh=Ramp_Back edge=34126779 lane=0 target=1 lane_count=1 recently=False speed=2.93
traci-bridge-1         | LANE_CMD_WAIT_EDGE veh=Ramp_Back edge=34126779 lane=0 target=1 lane_count=1
traci-bridge-1         | LANE_CMD_STATE veh=Ramp_Back edge=34126779 lane=0 target=1 lane_count=1 recently=False speed=3.11
traci-bridge-1         | LANE_CMD_WAIT_EDGE veh=Ramp_Back edge=34126779 lane=0 target=1 lane_count=1
traci-bridge-1         | LANE_CMD_STATE veh=Ramp_Back edge=34126779 lane=0 target=1 lane_count=1 recently=False speed=3.29
traci-bridge-1         | LANE_CMD_WAIT_EDGE veh=Ramp_Back edge=34126779 lane=0 target=1 lane_count=1
traci-bridge-1         | LANE_CMD_STATE veh=Ramp_Back edge=34126779 lane=0 target=1 lane_count=1 recently=False speed=3.46
traci-bridge-1         | LANE_CMD_WAIT_EDGE veh=Ramp_Back edge=34126779 lane=0 target=1 lane_count=1
traci-bridge-1         | LANE_CMD_STATE veh=Ramp_Back edge=34126779 lane=0 target=1 lane_count=1 recently=False speed=3.63
traci-bridge-1         | LANE_CMD_WAIT_EDGE veh=Ramp_Back edge=34126779 lane=0 target=1 lane_count=1
traci-bridge-1         | LANE_CMD_STATE veh=Ramp_Back edge=34126779 lane=0 target=1 lane_count=1 recently=False speed=3.78
traci-bridge-1         | LANE_CMD_WAIT_EDGE veh=Ramp_Back edge=34126779 lane=0 target=1 lane_count=1
obu-lead-car-1         | HOST_RESERVATION_HOLD: host=Lead_Car ramp=109 manoeuvre=69 remaining=2.4 own_speed=7.48 target_speed=7.48 ramp_fsm=ABORT ramp_lane_cmd_state=NONE ramp_edge=1331698336 ramp_lane=0 ramp_merge_completed=False ramp_merge_committed=False
obu-lead-car-1         | [36.0] Lead_Car HOST_HOLD_YIELD: for merge=109 spd=7.48
obu-lead-car-1         | HOST_RESERVATION_HOLD: host=Lead_Car ramp=109 manoeuvre=69 remaining=2.0 own_speed=7.48 target_speed=7.48 ramp_fsm=ABORT ramp_lane_cmd_state=NONE ramp_edge=1331698336 ramp_lane=0 ramp_merge_completed=False ramp_merge_committed=False
obu-lead-car-1         | [36.4] Lead_Car HOST_HOLD_YIELD: for merge=109 spd=7.48
obu-lead-car-1         | [36.4] Lead_Car MCM_TX_ACCEPT: manoeuvre=69 target=109
obu-lead-car-1         | [36.4] Lead_Car role=host state=YIELDING->YIELDING speed=7.48 target=7.48 neighbors=11
obu-main-back-right-1  | [36.4] Main_Back_Right role=cruise state=CRUISE->CRUISE speed=6.56 target=7.50 neighbors=11
obu-main-mid-right-1   | HOST_RESERVATION_HOLD: host=Main_Mid_Right ramp=108 manoeuvre=40 remaining=0.4 own_speed=7.50 target_speed=7.50 ramp_fsm=NEGOTIATING ramp_lane_cmd_state=NONE ramp_edge=1331698336 ramp_lane=0 ramp_merge_completed=False ramp_merge_committed=False
obu-main-mid-right-1   | [35.9] Main_Mid_Right HOST_HOLD_YIELD: for merge=108 spd=7.50
obu-ramp-merge-3-1     | [36.1] Ramp_Merge_3 CAR_FOLLOW: sid=108 edge=1331698336 lane=0 leader_edge= leader_lane=None leader_role_hint=ramp self_merge_completed=False self_merge_completed_age=-1.0 self_merge_committed=False lane_cmd_state=None lane_cmd_edge=None lane_cmd_target=None lane_cmd_executable=None same_lane=True reason=same_lane_cam gap=8.4 follow_spd=2.62 emergency=False target_before=2.257186890874704 target_after=2.257186890874704
obu-ramp-merge-3-1     | [36.1] Ramp_Merge_3 role=merge state=ABORT->ABORT speed=2.08 target=2.26 neighbors=11
obu-ramp-back-1        | [36.4] Ramp_Back MCM_TX_REQUEST: manoeuvre=160 target=103
obu-ramp-back-1        | [36.4] Ramp_Back MERGE_DECISION: auth=False phys=True fgok=True lgok=True hgok=True cok=True esok=False cready=True dtm=25.3 past=False committed=False hid=103 ra=None lclear=True hyok=True
obu-ramp-merge-2-1     | [36.5] Ramp_Merge_2 MCM_RX_ACCEPT: from=103 manoeuvre=40 target=108
obu-ramp-back-1        | [36.4] Ramp_Back role=merge state=NEGOTIATING->NEGOTIATING speed=3.75 target=3.93 neighbors=11
obu-lead-car-1         | HOST_RESERVATION_HOLD: host=Lead_Car ramp=109 manoeuvre=69 remaining=1.9 own_speed=7.48 target_speed=7.48 ramp_fsm=ABORT ramp_lane_cmd_state=NONE ramp_edge=1331698336 ramp_lane=0 ramp_merge_completed=False ramp_merge_committed=False
obu-main-mid-right-1   | [36.5] Main_Mid_Right MCM_RX_REQUEST: from=112 manoeuvre=160 target=103
obu-lead-car-1         | [36.5] Lead_Car HOST_HOLD_YIELD: for merge=109 spd=7.48
obu-ramp-merge-3-1     | [36.5] Ramp_Merge_3 MCM_RX_ACCEPT: from=101 manoeuvre=69 target=109
obu-main-mid-right-1   | [36.5] Main_Mid_Right MCM_RX_REQUEST: from=108 manoeuvre=41 target=103
obu-ramp-merge-3-1     | [36.5] Ramp_Merge_3 MCM_RX_ACCEPT: from=101 manoeuvre=69 target=109
obu-merge-car-1        | [36.5] Merge_Car role=cruise state=CRUISE->CRUISE speed=7.50 target=7.50 neighbors=11
obu-main-back-left-1   | [36.5] Main_Back_Left role=cruise state=CRUISE->CRUISE speed=6.90 target=7.50 neighbors=11
obu-ramp-merge-4-1     | [36.5] Ramp_Merge_4 CAR_FOLLOW: sid=109 edge=1331698336 lane=0 leader_edge= leader_lane=None leader_role_hint=ramp self_merge_completed=False self_merge_completed_age=-1.0 self_merge_committed=False lane_cmd_state=None lane_cmd_edge=None lane_cmd_target=None lane_cmd_executable=None same_lane=True reason=same_lane_cam gap=8.8 follow_spd=2.62 emergency=False target_before=2.5781549797900176 target_after=2.625
obu-ramp-merge-4-1     | [36.5] Ramp_Merge_4 role=merge state=NEGOTIATING->NEGOTIATING speed=2.58 target=2.62 neighbors=11
obu-ramp-merge-5-1     | [36.5] Ramp_Merge_5 role=cruise state=CRUISE->CRUISE speed=6.41 target=7.50 neighbors=11
obu-ramp-merge-2-1     | [36.5] Ramp_Merge_2 MCM_TX_REQUEST: manoeuvre=41 target=103
obu-ramp-merge-2-1     | [36.5] Ramp_Merge_2 MCM_ACCEPT_WRONG_MANOEUVRE: host=103 got=40 expected=41
obu-ramp-merge-2-1     | [36.5] Ramp_Merge_2 MCM_TIMEOUT: host=103 giving up
obu-ramp-merge-2-1     | [36.5] Ramp_Merge_2 role=merge state=NEGOTIATING->NEGOTIATING speed=1.94 target=2.12 neighbors=11
obu-main-mid-right-1   | HOST_RELEASE_BEFORE_CLEAR: host=Main_Mid_Right ramp=108 manoeuvre=40 reason=timeout ramp_fsm=NEGOTIATING ramp_lane_cmd_state=NONE ramp_edge=1331698336 ramp_lane=0 ramp_merge_completed=False ramp_merge_committed=False
obu-main-mid-right-1   | HOST_RESERVATION_START: host=Main_Mid_Right ramp=112 manoeuvre=160 until=40.6 own_speed=7.50 target_speed=7.50 required_speed=7.50 gap_eta=14.43
obu-main-mid-right-1   | [36.6] Main_Mid_Right HOST_RESERVED: merge=112 manoeuvre=160 until=40.6 target_spd=7.50
obu-main-mid-right-1   | [36.6] Main_Mid_Right MCM_TX_ACCEPT: manoeuvre=160 target=112
obu-main-mid-right-1   | [36.6] Main_Mid_Right role=host state=YIELDING->CRUISE speed=7.50 target=7.50 neighbors=11
obu-ramp-merge-3-1     | [36.6] Ramp_Merge_3 CAR_FOLLOW: sid=108 edge=1331698336 lane=0 leader_edge= leader_lane=None leader_role_hint=ramp self_merge_completed=False self_merge_completed_age=-1.0 self_merge_committed=False lane_cmd_state=None lane_cmd_edge=None lane_cmd_target=None lane_cmd_executable=None same_lane=True reason=same_lane_cam gap=8.4 follow_spd=2.62 emergency=False target_before=2.2463760755339126 target_after=2.2463760755339126
obu-ramp-back-1        | [36.6] Ramp_Back MERGE_DECISION: auth=False phys=True fgok=True lgok=True hgok=True cok=True esok=False cready=True dtm=24.6 past=False committed=False hid=103 ra=None lclear=True hyok=True
obu-lead-car-1         | HOST_RESERVATION_HOLD: host=Lead_Car ramp=109 manoeuvre=69 remaining=1.8 own_speed=7.48 target_speed=7.48 ramp_fsm=ABORT ramp_lane_cmd_state=NONE ramp_edge=1331698336 ramp_lane=0 ramp_merge_completed=False ramp_merge_committed=False
obu-lead-car-1         | [36.6] Lead_Car HOST_HOLD_YIELD: for merge=109 spd=7.48
obu-ramp-merge-4-1     | [36.7] Ramp_Merge_4 CAR_FOLLOW: sid=109 edge=1331698336 lane=0 leader_edge= leader_lane=None leader_role_hint=ramp self_merge_completed=False self_merge_completed_age=-1.0 self_merge_committed=False lane_cmd_state=None lane_cmd_edge=None lane_cmd_target=None lane_cmd_executable=None same_lane=True reason=same_lane_cam gap=8.3 follow_spd=2.62 emergency=False target_before=2.5022012270892326 target_after=2.625
obu-main-mid-right-1   | HOST_RESERVATION_EXTEND_UNTIL_CLEAR: host=Main_Mid_Right ramp=112 manoeuvre=160 new_remaining=4.0 ramp_lcs=WAIT_EDGE ramp_edge=34126779
obu-main-mid-right-1   | HOST_RESERVATION_HOLD: host=Main_Mid_Right ramp=112 manoeuvre=160 remaining=4.0 own_speed=7.50 target_speed=7.50 ramp_fsm=NEGOTIATING ramp_lane_cmd_state=WAIT_EDGE ramp_edge=34126779 ramp_lane=0 ramp_merge_completed=False ramp_merge_committed=False
obu-main-mid-right-1   | [36.7] Main_Mid_Right HOST_HOLD_YIELD: for merge=112 spd=7.50
obu-ramp-merge-3-1     | [36.7] Ramp_Merge_3 CAR_FOLLOW: sid=108 edge=1331698336 lane=0 leader_edge= leader_lane=None leader_role_hint=ramp self_merge_completed=False self_merge_completed_age=-1.0 self_merge_committed=False lane_cmd_state=None lane_cmd_edge=None lane_cmd_target=None lane_cmd_executable=None same_lane=True reason=same_lane_cam gap=8.2 follow_spd=2.62 emergency=False target_before=2.1755790660921734 target_after=2.1755790660921734
obu-ramp-back-1        | [36.7] Ramp_Back MCM_TX_REQUEST: manoeuvre=160 target=103
obu-ramp-back-1        | [36.7] Ramp_Back MERGE_DECISION: auth=False phys=True fgok=True lgok=True hgok=True cok=True esok=False cready=True dtm=24.2 past=False committed=False hid=103 ra=None lclear=True hyok=True
obu-lead-car-1         | HOST_RESERVATION_HOLD: host=Lead_Car ramp=109 manoeuvre=69 remaining=1.6 own_speed=7.48 target_speed=7.48 ramp_fsm=ABORT ramp_lane_cmd_state=NONE ramp_edge=1331698336 ramp_lane=0 ramp_merge_completed=False ramp_merge_committed=False
obu-lead-car-1         | [36.8] Lead_Car HOST_HOLD_YIELD: for merge=109 spd=7.48
obu-lead-car-1         | [36.8] Lead_Car MCM_TX_ACCEPT: manoeuvre=69 target=109
obu-host-car-1         | [36.8] Host_Car role=cruise state=CRUISE->CRUISE speed=7.50 target=7.50 neighbors=11
obu-main-front-left-1  | [36.9] Main_Front_Left role=cruise state=CRUISE->CRUISE speed=7.13 target=7.50 neighbors=11
obu-main-mid-right-1   | HOST_RESERVATION_EXTEND_UNTIL_CLEAR: host=Main_Mid_Right ramp=112 manoeuvre=160 new_remaining=4.0 ramp_lcs=WAIT_EDGE ramp_edge=34126779
obu-main-mid-right-1   | HOST_RESERVATION_HOLD: host=Main_Mid_Right ramp=112 manoeuvre=160 remaining=4.0 own_speed=7.50 target_speed=7.50 ramp_fsm=NEGOTIATING ramp_lane_cmd_state=WAIT_EDGE ramp_edge=34126779 ramp_lane=0 ramp_merge_completed=False ramp_merge_committed=False
obu-main-mid-right-1   | [36.9] Main_Mid_Right HOST_HOLD_YIELD: for merge=112 spd=7.50
obu-main-mid-right-1   | [36.9] Main_Mid_Right MCM_TX_ACCEPT: manoeuvre=160 target=112
obu-ramp-back-1        | [36.9] Ramp_Back MERGE_DECISION: auth=False phys=True fgok=True lgok=True hgok=True cok=True esok=False cready=True dtm=23.4 past=False committed=False hid=103 ra=None lclear=True hyok=True
obu-lead-car-1         | HOST_RESERVATION_HOLD: host=Lead_Car ramp=109 manoeuvre=69 remaining=1.5 own_speed=7.48 target_speed=7.48 ramp_fsm=ABORT ramp_lane_cmd_state=NONE ramp_edge=1331698336 ramp_lane=0 ramp_merge_completed=False ramp_merge_committed=False
obu-lead-car-1         | [36.9] Lead_Car HOST_HOLD_YIELD: for merge=109 spd=7.48
obu-ramp-merge-4-1     | [36.9] Ramp_Merge_4 FINAL_GUARD: REJECTED slot-boundary ETA sid=104
obu-ramp-merge-4-1     | [36.9] Ramp_Merge_4 CAR_FOLLOW: sid=109 edge=1331698336 lane=0 leader_edge= leader_lane=None leader_role_hint=ramp self_merge_completed=False self_merge_completed_age=-1.0 self_merge_committed=False lane_cmd_state=None lane_cmd_edge=None lane_cmd_target=None lane_cmd_executable=None same_lane=True reason=same_lane_cam gap=7.8 follow_spd=2.62 emergency=False target_before=2.2673103144901936 target_after=2.4473103144901938
obu-main-mid-right-1   | HOST_RESERVATION_EXTEND_UNTIL_CLEAR: host=Main_Mid_Right ramp=112 manoeuvre=160 new_remaining=4.0 ramp_lcs=WAIT_EDGE ramp_edge=34126779
obu-main-mid-right-1   | HOST_RESERVATION_HOLD: host=Main_Mid_Right ramp=112 manoeuvre=160 remaining=4.0 own_speed=7.50 target_speed=7.50 ramp_fsm=NEGOTIATING ramp_lane_cmd_state=WAIT_EDGE ramp_edge=34126779 ramp_lane=0 ramp_merge_completed=False ramp_merge_committed=False
obu-main-mid-right-1   | [37.1] Main_Mid_Right HOST_HOLD_YIELD: for merge=112 spd=7.50
obu-lead-car-1         | HOST_RESERVATION_HOLD: host=Lead_Car ramp=109 manoeuvre=69 remaining=1.2 own_speed=7.48 target_speed=7.48 ramp_fsm=ABORT ramp_lane_cmd_state=NONE ramp_edge=1331698336 ramp_lane=0 ramp_merge_completed=False ramp_merge_committed=False
obu-main-mid-right-1   | [37.2] Main_Mid_Right MCM_RX_REQUEST: from=108 manoeuvre=41 target=103
obu-ramp-back-1        | [37.2] Ramp_Back MCM_RX_ACCEPT: from=103 manoeuvre=160 target=112
obu-lead-car-1         | [37.2] Lead_Car HOST_HOLD_YIELD: for merge=109 spd=7.48
obu-main-mid-right-1   | [37.2] Main_Mid_Right MCM_RX_REQUEST: from=112 manoeuvre=160 target=103
obu-ramp-back-1        | [37.2] Ramp_Back MCM_TX_REQUEST: manoeuvre=160 target=103
obu-ramp-back-1        | MERGE_ATTEMPT_TIMELINE: vehicle=Ramp_Back manoeuvre=160 host=103 lead=104 event=ACCEPT_MATCHED t=37.2 edge=34126779 lane=0 lane_cmd_state=WAIT_EDGE speed=3.78 target=6.75 dtm=22.3 lead_gap=118.03 host_gap=174.09 lead_gap_t1=118.03 lead_gap_t2=118.03 lead_gap_t3=118.03 host_gap_t1=174.09 host_gap_t2=174.09 host_gap_t3=174.09
obu-ramp-back-1        | [37.2] Ramp_Back MCM_ACCEPT_MATCHED: host=103 manoeuvre=160
obu-lead-car-1         | [37.3] Lead_Car MCM_TX_ACCEPT: manoeuvre=69 target=109
obu-ramp-back-1        | MERGE_ATTEMPT_TIMELINE: vehicle=Ramp_Back manoeuvre=160 host=102 lead=104 event=AUTHORIZED t=37.2 edge=34126779 lane=0 lane_cmd_state=WAIT_EDGE speed=3.78 target=3.96 dtm=22.3 lead_gap=118.03 host_gap=199.24 lead_gap_t1=118.03 lead_gap_t2=118.03 lead_gap_t3=118.03 host_gap_t1=199.24 host_gap_t2=199.24 host_gap_t3=199.24
obu-ramp-back-1        | [37.2] Ramp_Back MERGE_AUTHORIZED_BY_MCM: host=103 manoeuvre=160
obu-ramp-back-1        | [37.2] Ramp_Back MERGE_DECISION: auth=True phys=True fgok=True lgok=True hgok=True cok=True esok=False cready=True dtm=22.3 past=False committed=False hid=103 ra=2 lclear=True hyok=True
obu-ramp-back-1        | [37.2] Ramp_Back MERGE_START_GAP_DIAG: event=resume lead=None host=103 lead_eta=None own_eta=5.904589486502105 host_eta=24.05601423587715 lead_gap=None host_gap=174.089871804958 lead_gap_p1=None lead_gap_p2=None lead_gap_p3=None host_gap_p1=174.089871804958 host_gap_p2=174.089871804958 host_gap_p3=174.089871804958 rel_to_lead=None rel_to_host=-3.713727845471208 lead_lat=None host_lat=91.11985258996444 edge=34126779 lane=0 lane_cmd_state=WAIT_EDGE lane_cmd_edge=34126779 lane_cmd_target=1 lane_cmd_executable=False dtm=22.3 speed=3.78
obu-ramp-back-1        | [37.2] Ramp_Back MERGE_PHYSICAL_RESUME: host=103 manoeuvre=160
obu-ramp-back-1        | [37.2] Ramp_Back MCM_RX_ACCEPT: from=103 manoeuvre=160 target=112
obu-main-mid-right-1   | [37.2] Main_Mid_Right MCM_RX_REQUEST: from=112 manoeuvre=160 target=103
obu-ramp-merge-3-1     | [37.2] Ramp_Merge_3 MCM_RX_ACCEPT: from=101 manoeuvre=69 target=109
obu-ramp-merge-3-1     | [37.2] Ramp_Merge_3 MCM_RX_ACCEPT: from=101 manoeuvre=69 target=109
obu-ramp-merge-4-1     | [37.2] Ramp_Merge_4 FINAL_GUARD: REJECTED slot-boundary ETA sid=104
obu-ramp-merge-4-1     | [37.2] Ramp_Merge_4 CAR_FOLLOW: sid=104 edge=1331698336 lane=0 leader_edge= leader_lane=None leader_role_hint=main self_merge_completed=False self_merge_completed_age=-1.0 self_merge_committed=False lane_cmd_state=None lane_cmd_edge=None lane_cmd_target=None lane_cmd_executable=None same_lane=False reason=merge_conflict_eta gap=0.7 follow_spd=4.12 emergency=False target_before=2.201911926473975 target_after=2.381911926473975
obu-ramp-merge-3-1     | MERGE_ATTEMPT_TIMELINE: vehicle=Ramp_Merge_3 manoeuvre=69 host=101 lead=None event=AUTHORIZED t=37.2 edge=1331698336 lane=0 lane_cmd_state=NONE speed=1.98 target=2.16 dtm=49.9 lead_gap= host_gap=182.85 lead_gap_t1= lead_gap_t2= lead_gap_t3= host_gap_t1=182.85 host_gap_t2=182.85 host_gap_t3=182.85
obu-ramp-merge-3-1     | [37.2] Ramp_Merge_3 MERGE_AUTHORIZED_BY_MCM: host=101 manoeuvre=69
obu-ramp-merge-3-1     | [37.2] Ramp_Merge_3 MERGE_DECISION: auth=True phys=True fgok=True lgok=True hgok=True cok=True esok=True cready=True dtm=49.9 past=True committed=False hid=101 ra=2 lclear=True hyok=True
obu-ramp-merge-3-1     | [37.2] Ramp_Merge_3 MERGE_START_GAP_DIAG: event=start lead=104 host=101 lead_eta=15.364956901916383 own_eta=25.24488676384264 host_eta=33.90013499285195 lead_gap=60.827107421046804 host_gap=182.85195192617556 lead_gap_p1=60.827107421046804 lead_gap_p2=60.827107421046804 lead_gap_p3=60.827107421046804 host_gap_p1=182.85195192617556 host_gap_p2=182.85195192617556 host_gap_p3=182.85195192617556 rel_to_lead=-5.513062933747859 rel_to_host=-5.023062933747859 lead_lat=0.5067776334867062 host_lat=6.573259765578385 edge=1331698336 lane=0 lane_cmd_state=None lane_cmd_edge=None lane_cmd_target=None lane_cmd_executable=None dtm=49.9 speed=1.98
obu-ramp-merge-3-1     | MERGE_ATTEMPT_TIMELINE: vehicle=Ramp_Merge_3 manoeuvre=69 host=101 lead=104 event=PHYSICAL_START t=37.2 edge=1331698336 lane=0 lane_cmd_state=NONE speed=1.98 target=2.16 dtm=49.9 lead_gap=60.83 host_gap=182.85 lead_gap_t1=60.83 lead_gap_t2=60.83 lead_gap_t3=60.83 host_gap_t1=182.85 host_gap_t2=182.85 host_gap_t3=182.85
obu-ramp-merge-3-1     | [37.2] Ramp_Merge_3 MERGE_PHYSICAL_START: host=101 manoeuvre=69
obu-ramp-merge-3-1     | [37.2] Ramp_Merge_3 MERGING!
obu-ramp-merge-3-1     | [37.2] Ramp_Merge_3 role=merge state=ABORT->MERGING speed=1.98 target=2.16 neighbors=11
obu-main-mid-right-1   | HOST_RESERVATION_EXTEND_UNTIL_CLEAR: host=Main_Mid_Right ramp=112 manoeuvre=160 new_remaining=4.0 ramp_lcs=WAIT_EDGE ramp_edge=34126779
obu-main-mid-right-1   | HOST_RESERVATION_HOLD: host=Main_Mid_Right ramp=112 manoeuvre=160 remaining=4.0 own_speed=7.50 target_speed=7.50 ramp_fsm=NEGOTIATING ramp_lane_cmd_state=WAIT_EDGE ramp_edge=34126779 ramp_lane=0 ramp_merge_completed=False ramp_merge_committed=False
obu-main-mid-right-1   | [37.2] Main_Mid_Right HOST_HOLD_YIELD: for merge=112 spd=7.50
obu-main-mid-right-1   | [37.2] Main_Mid_Right MCM_TX_ACCEPT: manoeuvre=160 target=112
obu-main-mid-right-1   | [37.3] Main_Mid_Right MCM_RX_REQUEST: from=112 manoeuvre=160 target=103
obu-main-mid-right-1   | HOST_RESERVATION_EXTEND_UNTIL_CLEAR: host=Main_Mid_Right ramp=112 manoeuvre=160 new_remaining=4.0 ramp_lcs=WAIT_EDGE ramp_edge=34126779
obu-main-mid-right-1   | HOST_RESERVATION_HOLD: host=Main_Mid_Right ramp=112 manoeuvre=160 remaining=4.0 own_speed=7.50 target_speed=7.50 ramp_fsm=MERGING ramp_lane_cmd_state=WAIT_EDGE ramp_edge=34126779 ramp_lane=0 ramp_merge_completed=False ramp_merge_committed=True
obu-main-mid-right-1   | [37.4] Main_Mid_Right HOST_HOLD_YIELD: for merge=112 spd=7.50
obu-main-back-left-1   | [37.5] Main_Back_Left role=cruise state=CRUISE->CRUISE speed=7.14 target=7.50 neighbors=11
obu-main-mid-right-1   | HOST_RESERVATION_EXTEND_UNTIL_CLEAR: host=Main_Mid_Right ramp=112 manoeuvre=160 new_remaining=4.0 ramp_lcs=WAIT_EDGE ramp_edge=34126779
obu-main-mid-right-1   | HOST_RESERVATION_HOLD: host=Main_Mid_Right ramp=112 manoeuvre=160 remaining=4.0 own_speed=7.50 target_speed=7.50 ramp_fsm=MERGING ramp_lane_cmd_state=WAIT_EDGE ramp_edge=34126779 ramp_lane=0 ramp_merge_completed=False ramp_merge_committed=True
obu-main-mid-right-1   | [37.6] Main_Mid_Right HOST_HOLD_YIELD: for merge=112 spd=7.50
obu-main-mid-right-1   | [37.6] Main_Mid_Right MCM_TX_ACCEPT: manoeuvre=160 target=112
obu-main-mid-right-1   | [37.6] Main_Mid_Right role=host state=YIELDING->YIELDING speed=7.50 target=7.50 neighbors=11
obu-main-mid-right-1   | HOST_RESERVATION_EXTEND_UNTIL_CLEAR: host=Main_Mid_Right ramp=112 manoeuvre=160 new_remaining=4.0 ramp_lcs=WAIT_EDGE ramp_edge=34126779
obu-main-mid-right-1   | HOST_RESERVATION_HOLD: host=Main_Mid_Right ramp=112 manoeuvre=160 remaining=4.0 own_speed=7.50 target_speed=7.50 ramp_fsm=MERGING ramp_lane_cmd_state=WAIT_EDGE ramp_edge=34126779 ramp_lane=0 ramp_merge_completed=False ramp_merge_committed=True
obu-main-mid-right-1   | [37.8] Main_Mid_Right HOST_HOLD_YIELD: for merge=112 spd=7.50
obu-host-car-1         | [37.9] Host_Car role=cruise state=CRUISE->CRUISE speed=7.50 target=7.50 neighbors=11
obu-ramp-merge-3-1     | [37.5] Ramp_Merge_3 MERGE_LANE_APPLY_CONFIRMED: edge=1331698336 lane=0 target_lane=1 lane_count=3 executable=True
obu-ramp-merge-3-1     | MERGE_ATTEMPT_TIMELINE: vehicle=Ramp_Merge_3 manoeuvre=69 host=101 lead=104 event=CLEAR t=37.6 edge=1331698336 lane=1 lane_cmd_state=CLEAR speed=1.88 target=2.16 dtm=50.5 lead_gap=60.04 host_gap=182.07 lead_gap_t1=60.04 lead_gap_t2=60.04 lead_gap_t3=60.04 host_gap_t1=182.07 host_gap_t2=182.07 host_gap_t3=182.07
obu-ramp-merge-3-1     | [37.6] Ramp_Merge_3 MERGE_LANE_CLEAR_CONFIRMED: edge=1331698336 lane=1 target_lane=1 lane_count=3 executable=False
obu-ramp-back-1        | [37.9] Ramp_Back MCM_RX_ACCEPT: from=103 manoeuvre=160 target=112
obu-ramp-back-1        | [37.9] Ramp_Back MCM_RX_ACCEPT: from=103 manoeuvre=160 target=112
obu-ramp-merge-5-1     | [37.9] Ramp_Merge_5 role=cruise state=CRUISE->CRUISE speed=6.97 target=7.50 neighbors=11
obu-ramp-merge-4-1     | [37.7] Ramp_Merge_4 CAR_FOLLOW: sid=109 edge=1331698336 lane=0 leader_edge= leader_lane=None leader_role_hint=ramp self_merge_completed=False self_merge_completed_age=-1.0 self_merge_committed=False lane_cmd_state=None lane_cmd_edge=None lane_cmd_target=None lane_cmd_executable=None same_lane=True reason=same_lane_cam gap=8.2 follow_spd=2.62 emergency=False target_before=2.0816265925944992 target_after=2.2616265925944994
obu-ramp-merge-4-1     | [37.7] Ramp_Merge_4 role=merge state=NEGOTIATING->NEGOTIATING speed=2.08 target=2.26 neighbors=11
obu-ramp-merge-2-1     | [38.0] Ramp_Merge_2 MERGE_DECISION: auth=False phys=True fgok=True lgok=True hgok=True cok=True esok=True cready=True dtm=65.0 past=True committed=False hid=None ra=None lclear=True hyok=True
obu-ramp-merge-2-1     | [38.0] Ramp_Merge_2 MERGE_FAILED_LOST_AUTH_AFTER_POINT: dtm=65.0 past=True hid=None auth=False
obu-ramp-merge-2-1     | [38.0] Ramp_Merge_2 role=merge state=YIELDING->ABORT speed=0.00 target=0.50 neighbors=11
obu-ramp-merge-3-1     | MERGE_ATTEMPT_TIMELINE: vehicle=Ramp_Merge_3 manoeuvre=69 host=101 lead=104 event=COMPLETED t=38.0 edge=1331698336 lane=1 lane_cmd_state=CLEAR speed=1.72 target=2.16 dtm=51.2 lead_gap=64.58 host_gap=181.36 lead_gap_t1=64.58 lead_gap_t2=64.58 lead_gap_t3=64.58 host_gap_t1=181.36 host_gap_t2=181.36 host_gap_t3=181.36
obu-ramp-merge-3-1     | [38.0] Ramp_Merge_3 MERGE_COMPLETED: eid=1331698336 lane=1 clean=True
obu-main-front-left-1  | [38.0] Main_Front_Left role=cruise state=CRUISE->CRUISE speed=7.29 target=7.50 neighbors=11
obu-ramp-merge-3-1     | [38.0] Ramp_Merge_3 CAR_FOLLOW: sid=106 edge=1331698336 lane=1 leader_edge= leader_lane=None leader_role_hint=main self_merge_completed=True self_merge_completed_age=0.0 self_merge_committed=False lane_cmd_state=CLEAR lane_cmd_edge=1331698336 lane_cmd_target=1 lane_cmd_executable=False same_lane=True reason=same_lane_cam gap=3.8 follow_spd=2.25 emergency=False target_before=7.5 target_after=1.902739208564065
obu-ramp-merge-3-1     | MERGE_ATTEMPT_TIMELINE: vehicle=Ramp_Merge_3 manoeuvre=69 host=None lead=None event=POST_MERGE_CAR_FOLLOW t=38.0 edge=1331698336 lane=1 lane_cmd_state=CLEAR speed=1.72 target=1.90 dtm=51.2 lead_gap= host_gap= lead_gap_t1= lead_gap_t2= lead_gap_t3= host_gap_t1= host_gap_t2= host_gap_t3=
obu-ramp-merge-3-1     | [38.0] Ramp_Merge_3 POST_MERGE_CAR_FOLLOW: age=0.0 sid=106 gap=3.8 reason=same_lane_cam follow_spd=2.25 self_edge=1331698336 self_lane=1 leader_edge= leader_lane=None lane_cmd_state=CLEAR
obu-ramp-merge-3-1     | MERGE_ATTEMPT_TIMELINE: vehicle=Ramp_Merge_3 manoeuvre=69 host=None lead=None event=POST_CLEAR_CAR_FOLLOW t=38.0 edge=1331698336 lane=1 lane_cmd_state=CLEAR speed=1.72 target=1.90 dtm=51.2 lead_gap= host_gap= lead_gap_t1= lead_gap_t2= lead_gap_t3= host_gap_t1= host_gap_t2= host_gap_t3=
obu-ramp-merge-3-1     | [38.0] Ramp_Merge_3 POST_CLEAR_CAR_FOLLOW: age=0.4 sid=106 gap=3.8 reason=same_lane_cam follow_spd=2.25 self_edge=1331698336 self_lane=1 leader_edge= leader_lane=None lane_cmd_state=CLEAR
obu-main-mid-right-1   | HOST_RESERVATION_EXTEND_UNTIL_CLEAR: host=Main_Mid_Right ramp=112 manoeuvre=160 new_remaining=4.0 ramp_lcs=WAIT_EDGE ramp_edge=34126779
obu-main-mid-right-1   | HOST_RESERVATION_HOLD: host=Main_Mid_Right ramp=112 manoeuvre=160 remaining=4.0 own_speed=7.50 target_speed=7.50 ramp_fsm=MERGING ramp_lane_cmd_state=WAIT_EDGE ramp_edge=34126779 ramp_lane=0 ramp_merge_completed=False ramp_merge_committed=True
obu-main-mid-right-1   | [38.0] Main_Mid_Right HOST_HOLD_YIELD: for merge=112 spd=7.50
obu-main-mid-right-1   | [38.0] Main_Mid_Right MCM_TX_ACCEPT: manoeuvre=160 target=112
obu-lead-car-1         | HOST_RESERVATION_EXTEND_UNTIL_CLEAR: host=Lead_Car ramp=109 manoeuvre=69 new_remaining=4.0 ramp_lcs=NONE ramp_edge=1331698336
obu-lead-car-1         | HOST_RESERVATION_HOLD: host=Lead_Car ramp=109 manoeuvre=69 remaining=4.0 own_speed=7.48 target_speed=7.48 ramp_fsm=MERGING ramp_lane_cmd_state=NONE ramp_edge=1331698336 ramp_lane=0 ramp_merge_completed=False ramp_merge_committed=True
obu-lead-car-1         | [38.0] Lead_Car HOST_HOLD_YIELD: for merge=109 spd=7.48
obu-lead-car-1         | [38.0] Lead_Car MCM_TX_ACCEPT: manoeuvre=69 target=109
obu-lead-car-1         | [38.0] Lead_Car role=host state=YIELDING->YIELDING speed=7.48 target=7.48 neighbors=11
obu-merge-car-1        | [38.1] Merge_Car role=cruise state=CRUISE->CRUISE speed=7.50 target=7.50 neighbors=11
obu-ramp-back-1        | MERGE_ATTEMPT_TIMELINE: vehicle=Ramp_Back manoeuvre=160 host=103 lead=None event=WAIT_EDGE t=38.0 edge=34126779 lane=0 lane_cmd_state=WAIT_EDGE speed=3.84 target=6.75 dtm=19.2 lead_gap= host_gap=182.29 lead_gap_t1= lead_gap_t2= lead_gap_t3= host_gap_t1=182.29 host_gap_t2=182.29 host_gap_t3=182.29
obu-ramp-back-1        | [38.0] Ramp_Back MERGE_COMMIT_WAIT_LANE_AVAILABLE: edge=34126779 lane=0 target_lane=1 lane_count=1 executable=False speed=3.84 dtm=19.2
obu-ramp-back-1        | [38.0] Ramp_Back role=merge state=MERGING->MERGING speed=3.84 target=4.02 neighbors=11
obu-main-back-right-1  | [38.1] Main_Back_Right role=cruise state=CRUISE->CRUISE speed=6.84 target=7.50 neighbors=11
obu-ramp-merge-4-1     | [38.0] Ramp_Merge_4 CAR_FOLLOW: sid=109 edge=1331698336 lane=0 leader_edge= leader_lane=None leader_role_hint=ramp self_merge_completed=False self_merge_completed_age=-1.0 self_merge_committed=False lane_cmd_state=None lane_cmd_edge=None lane_cmd_target=None lane_cmd_executable=None same_lane=True reason=same_lane_cam gap=8.5 follow_spd=2.62 emergency=False target_before=2.1244547883390594 target_after=2.3044547883390596
obu-main-mid-right-1   | HOST_RESERVATION_EXTEND_UNTIL_CLEAR: host=Main_Mid_Right ramp=112 manoeuvre=160 new_remaining=4.0 ramp_lcs=WAIT_EDGE ramp_edge=34126779
obu-main-mid-right-1   | HOST_RESERVATION_HOLD: host=Main_Mid_Right ramp=112 manoeuvre=160 remaining=4.0 own_speed=7.50 target_speed=7.50 ramp_fsm=MERGING ramp_lane_cmd_state=WAIT_EDGE ramp_edge=34126779 ramp_lane=0 ramp_merge_completed=False ramp_merge_committed=True
obu-main-mid-right-1   | [38.2] Main_Mid_Right HOST_HOLD_YIELD: for merge=112 spd=7.50
obu-lead-car-1         | HOST_RESERVATION_RELEASE_AFTER_CLEAR: host=Lead_Car ramp=109 manoeuvre=69 reason=completed ramp_fsm=YIELDING ramp_lcs=CLEAR ramp_edge=1331698336 ramp_merge_completed=True
obu-ramp-back-1        | [38.1] Ramp_Back MERGE_COMMIT_WAIT_LANE_AVAILABLE: edge=34126779 lane=0 target_lane=1 lane_count=1 executable=False speed=3.84 dtm=18.9
obu-ramp-merge-4-1     | [38.2] Ramp_Merge_4 CAR_FOLLOW: sid=109 edge=1331698336 lane=0 leader_edge= leader_lane=None leader_role_hint=ramp self_merge_completed=False self_merge_completed_age=-1.0 self_merge_committed=False lane_cmd_state=None lane_cmd_edge=None lane_cmd_target=None lane_cmd_executable=None same_lane=True reason=same_lane_cam gap=8.1 follow_spd=2.62 emergency=False target_before=2.149556859307214 target_after=2.329556859307214
obu-main-mid-right-1   | HOST_RESERVATION_EXTEND_UNTIL_CLEAR: host=Main_Mid_Right ramp=112 manoeuvre=160 new_remaining=4.0 ramp_lcs=WAIT_EDGE ramp_edge=34126779
obu-main-mid-right-1   | HOST_RESERVATION_HOLD: host=Main_Mid_Right ramp=112 manoeuvre=160 remaining=4.0 own_speed=7.50 target_speed=7.50 ramp_fsm=MERGING ramp_lane_cmd_state=WAIT_EDGE ramp_edge=34126779 ramp_lane=0 ramp_merge_completed=False ramp_merge_committed=True
obu-main-mid-right-1   | [38.4] Main_Mid_Right HOST_HOLD_YIELD: for merge=112 spd=7.50
obu-main-mid-right-1   | [38.4] Main_Mid_Right MCM_TX_ACCEPT: manoeuvre=160 target=112
obu-ramp-back-1        | [38.3] Ramp_Back MERGE_COMMIT_WAIT_LANE_AVAILABLE: edge=34126779 lane=0 target_lane=1 lane_count=1 executable=False speed=3.86 dtm=18.1
obu-ramp-merge-4-1     | [38.4] Ramp_Merge_4 CAR_FOLLOW: sid=109 edge=1331698336 lane=0 leader_edge= leader_lane=None leader_role_hint=ramp self_merge_completed=False self_merge_completed_age=-1.0 self_merge_committed=False lane_cmd_state=None lane_cmd_edge=None lane_cmd_target=None lane_cmd_executable=None same_lane=True reason=same_lane_cam gap=7.7 follow_spd=2.62 emergency=False target_before=2.162625068089952 target_after=2.3426250680899523
obu-main-mid-right-1   | HOST_RESERVATION_EXTEND_UNTIL_CLEAR: host=Main_Mid_Right ramp=112 manoeuvre=160 new_remaining=4.0 ramp_lcs=WAIT_EDGE ramp_edge=34126779
obu-main-mid-right-1   | HOST_RESERVATION_HOLD: host=Main_Mid_Right ramp=112 manoeuvre=160 remaining=4.0 own_speed=7.50 target_speed=7.50 ramp_fsm=MERGING ramp_lane_cmd_state=WAIT_EDGE ramp_edge=34126779 ramp_lane=0 ramp_merge_completed=False ramp_merge_committed=True
obu-main-mid-right-1   | [38.5] Main_Mid_Right HOST_HOLD_YIELD: for merge=112 spd=7.50
obu-ramp-back-1        | [38.5] Ramp_Back MERGE_COMMIT_WAIT_LANE_AVAILABLE: edge=34126779 lane=0 target_lane=1 lane_count=1 executable=False speed=3.87 dtm=17.3
obu-ramp-merge-4-1     | [38.6] Ramp_Merge_4 CAR_FOLLOW: sid=109 edge=1331698336 lane=0 leader_edge= leader_lane=None leader_role_hint=ramp self_merge_completed=False self_merge_completed_age=-1.0 self_merge_committed=False lane_cmd_state=None lane_cmd_edge=None lane_cmd_target=None lane_cmd_executable=None same_lane=True reason=same_lane_cam gap=7.2 follow_spd=2.62 emergency=False target_before=2.177708569362648 target_after=2.3577085693626483
obu-ramp-back-1        | [38.7] Ramp_Back MCM_RX_ACCEPT: from=103 manoeuvre=160 target=112
obu-main-mid-right-1   | HOST_RESERVATION_EXTEND_UNTIL_CLEAR: host=Main_Mid_Right ramp=112 manoeuvre=160 new_remaining=4.0 ramp_lcs=WAIT_EDGE ramp_edge=34126779
obu-main-mid-right-1   | HOST_RESERVATION_HOLD: host=Main_Mid_Right ramp=112 manoeuvre=160 remaining=4.0 own_speed=7.50 target_speed=7.50 ramp_fsm=MERGING ramp_lane_cmd_state=WAIT_EDGE ramp_edge=34126779 ramp_lane=0 ramp_merge_completed=False ramp_merge_committed=True
obu-main-mid-right-1   | [38.8] Main_Mid_Right HOST_HOLD_YIELD: for merge=112 spd=7.50
obu-main-mid-right-1   | [38.8] Main_Mid_Right MCM_TX_ACCEPT: manoeuvre=160 target=112
obu-main-mid-right-1   | [38.8] Main_Mid_Right role=host state=YIELDING->YIELDING speed=7.50 target=7.50 neighbors=10
obu-ramp-merge-3-1     | [38.8] Ramp_Merge_3 MCM_RX_ACCEPT: from=101 manoeuvre=69 target=109
obu-ramp-back-1        | [38.7] Ramp_Back MERGE_COMMIT_WAIT_LANE_AVAILABLE: edge=34126779 lane=0 target_lane=1 lane_count=1 executable=False speed=3.89 dtm=16.5
obu-ramp-back-1        | [38.7] Ramp_Back MCM_RX_ACCEPT: from=103 manoeuvre=160 target=112
obu-main-back-left-1   | [38.8] Main_Back_Left role=cruise state=CRUISE->CRUISE speed=7.32 target=7.50 neighbors=11
obu-ramp-merge-4-1     | [38.7] Ramp_Merge_4 FINAL_GUARD: REJECTED sid=111 gap=9.0
obu-ramp-merge-4-1     | [38.7] Ramp_Merge_4 role=merge state=NEGOTIATING->NEGOTIATING speed=2.19 target=2.19 neighbors=11
obu-ramp-merge-3-1     | [38.8] Ramp_Merge_3 role=cruise state=YIELDING->CRUISE speed=1.72 target=7.50 neighbors=11
obu-main-mid-right-1   | HOST_RESERVATION_EXTEND_UNTIL_CLEAR: host=Main_Mid_Right ramp=112 manoeuvre=160 new_remaining=4.0 ramp_lcs=WAIT_EDGE ramp_edge=34126779
obu-main-mid-right-1   | HOST_RESERVATION_HOLD: host=Main_Mid_Right ramp=112 manoeuvre=160 remaining=4.0 own_speed=7.50 target_speed=7.50 ramp_fsm=MERGING ramp_lane_cmd_state=WAIT_EDGE ramp_edge=34126779 ramp_lane=0 ramp_merge_completed=False ramp_merge_committed=True
obu-main-mid-right-1   | [38.9] Main_Mid_Right HOST_HOLD_YIELD: for merge=112 spd=7.50
obu-host-car-1         | [38.9] Host_Car role=cruise state=CRUISE->CRUISE speed=7.50 target=7.50 neighbors=8
obu-ramp-merge-5-1     | [38.9] Ramp_Merge_5 role=cruise state=CRUISE->CRUISE speed=7.18 target=7.50 neighbors=11
obu-ramp-merge-4-1     | [38.9] Ramp_Merge_4 FINAL_GUARD: REJECTED sid=111 gap=9.4
obu-lead-car-1         | [39.0] Lead_Car role=cruise state=CRUISE->CRUISE speed=7.48 target=7.50 neighbors=11
obu-main-mid-right-1   | HOST_RESERVATION_EXTEND_UNTIL_CLEAR: host=Main_Mid_Right ramp=112 manoeuvre=160 new_remaining=4.0 ramp_lcs=WAIT_EDGE ramp_edge=34126779
obu-main-mid-right-1   | HOST_RESERVATION_HOLD: host=Main_Mid_Right ramp=112 manoeuvre=160 remaining=4.0 own_speed=7.50 target_speed=7.50 ramp_fsm=MERGING ramp_lane_cmd_state=WAIT_EDGE ramp_edge=34126779 ramp_lane=0 ramp_merge_completed=False ramp_merge_committed=True
obu-main-mid-right-1   | [39.0] Main_Mid_Right HOST_HOLD_YIELD: for merge=112 spd=7.50
obu-main-back-right-1  | [39.1] Main_Back_Right role=cruise state=CRUISE->CRUISE speed=6.99 target=7.50 neighbors=10
obu-ramp-merge-2-1     | [39.1] Ramp_Merge_2 role=merge state=ABORT->ABORT speed=0.00 target=0.18 neighbors=10
obu-ramp-merge-4-1     | [39.1] Ramp_Merge_4 FINAL_GUARD: REJECTED sid=111 gap=9.9
obu-main-mid-right-1   | HOST_RESERVATION_EXTEND_UNTIL_CLEAR: host=Main_Mid_Right ramp=112 manoeuvre=160 new_remaining=4.0 ramp_lcs=WAIT_EDGE ramp_edge=34126779
obu-main-mid-right-1   | HOST_RESERVATION_HOLD: host=Main_Mid_Right ramp=112 manoeuvre=160 remaining=4.0 own_speed=7.50 target_speed=7.50 ramp_fsm=MERGING ramp_lane_cmd_state=WAIT_EDGE ramp_edge=34126779 ramp_lane=0 ramp_merge_completed=False ramp_merge_committed=True
obu-main-mid-right-1   | [39.1] Main_Mid_Right HOST_HOLD_YIELD: for merge=112 spd=7.50
obu-main-mid-right-1   | [39.1] Main_Mid_Right MCM_TX_ACCEPT: manoeuvre=160 target=112
obu-main-front-left-1  | [39.0] Main_Front_Left role=cruise state=CRUISE->CRUISE speed=7.37 target=7.50 neighbors=11
obu-merge-car-1        | [39.4] Merge_Car role=cruise state=CRUISE->CRUISE speed=7.50 target=7.50 neighbors=11
obu-ramp-back-1        | [39.4] Ramp_Back MCM_RX_ACCEPT: from=103 manoeuvre=160 target=112
obu-ramp-back-1        | [39.4] Ramp_Back MERGE_COMMIT_WAIT_LANE_AVAILABLE: edge=34126779 lane=0 target_lane=1 lane_count=1 executable=False speed=3.94 dtm=13.8
obu-ramp-back-1        | [39.4] Ramp_Back role=merge state=MERGING->MERGING speed=3.94 target=4.12 neighbors=11
obu-main-mid-right-1   | HOST_RESERVATION_EXTEND_UNTIL_CLEAR: host=Main_Mid_Right ramp=112 manoeuvre=160 new_remaining=4.0 ramp_lcs=WAIT_EDGE ramp_edge=34126779
obu-main-mid-right-1   | HOST_RESERVATION_HOLD: host=Main_Mid_Right ramp=112 manoeuvre=160 remaining=4.0 own_speed=7.50 target_speed=7.50 ramp_fsm=MERGING ramp_lane_cmd_state=WAIT_EDGE ramp_edge=34126779 ramp_lane=0 ramp_merge_completed=False ramp_merge_committed=True
obu-main-mid-right-1   | [39.5] Main_Mid_Right HOST_HOLD_YIELD: for merge=112 spd=7.50
obu-ramp-back-1        | [39.4] Ramp_Back MCM_RX_ACCEPT: from=103 manoeuvre=160 target=112
obu-main-mid-right-1   | [39.5] Main_Mid_Right MCM_TX_ACCEPT: manoeuvre=160 target=112
obu-ramp-merge-4-1     | [39.5] Ramp_Merge_4 FINAL_GUARD: REJECTED sid=111 gap=6.1
obu-ramp-back-1        | [39.5] Ramp_Back MERGE_COMMIT_WAIT_LANE_AVAILABLE: edge=34126779 lane=0 target_lane=1 lane_count=1 executable=False speed=3.95 dtm=13.4
obu-main-mid-right-1   | HOST_RESERVATION_EXTEND_UNTIL_CLEAR: host=Main_Mid_Right ramp=112 manoeuvre=160 new_remaining=4.0 ramp_lcs=WAIT_EDGE ramp_edge=34126779
obu-main-mid-right-1   | HOST_RESERVATION_HOLD: host=Main_Mid_Right ramp=112 manoeuvre=160 remaining=4.0 own_speed=7.50 target_speed=7.50 ramp_fsm=MERGING ramp_lane_cmd_state=WAIT_EDGE ramp_edge=34126779 ramp_lane=0 ramp_merge_completed=False ramp_merge_committed=True
obu-main-mid-right-1   | [39.6] Main_Mid_Right HOST_HOLD_YIELD: for merge=112 spd=7.50
obu-ramp-merge-4-1     | [39.6] Ramp_Merge_4 FINAL_GUARD: REJECTED sid=111 gap=6.3
obu-ramp-back-1        | [39.7] Ramp_Back MERGE_COMMIT_WAIT_LANE_AVAILABLE: edge=34126779 lane=0 target_lane=1 lane_count=1 executable=False speed=3.96 dtm=12.7
obu-main-mid-right-1   | HOST_RESERVATION_EXTEND_UNTIL_CLEAR: host=Main_Mid_Right ramp=112 manoeuvre=160 new_remaining=4.0 ramp_lcs=WAIT_EDGE ramp_edge=34126779
obu-main-mid-right-1   | HOST_RESERVATION_HOLD: host=Main_Mid_Right ramp=112 manoeuvre=160 remaining=4.0 own_speed=7.50 target_speed=7.50 ramp_fsm=MERGING ramp_lane_cmd_state=WAIT_EDGE ramp_edge=34126779 ramp_lane=0 ramp_merge_completed=False ramp_merge_committed=True
obu-main-mid-right-1   | [39.7] Main_Mid_Right HOST_HOLD_YIELD: for merge=112 spd=7.50
obu-main-back-left-1   | [39.8] Main_Back_Left role=cruise state=CRUISE->CRUISE speed=7.39 target=7.50 neighbors=11
obu-ramp-merge-4-1     | [39.9] Ramp_Merge_4 FINAL_GUARD: REJECTED sid=111 gap=6.9
obu-ramp-merge-4-1     | [39.9] Ramp_Merge_4 role=merge state=NEGOTIATING->NEGOTIATING speed=2.21 target=2.21 neighbors=10
obu-main-mid-right-1   | HOST_RESERVATION_EXTEND_UNTIL_CLEAR: host=Main_Mid_Right ramp=112 manoeuvre=160 new_remaining=4.0 ramp_lcs=WAIT_EDGE ramp_edge=34126779
obu-main-mid-right-1   | HOST_RESERVATION_HOLD: host=Main_Mid_Right ramp=112 manoeuvre=160 remaining=4.0 own_speed=7.50 target_speed=7.50 ramp_fsm=MERGING ramp_lane_cmd_state=WAIT_EDGE ramp_edge=34126779 ramp_lane=0 ramp_merge_completed=False ramp_merge_committed=True
obu-main-mid-right-1   | [39.9] Main_Mid_Right HOST_HOLD_YIELD: for merge=112 spd=7.50
obu-main-mid-right-1   | [39.9] Main_Mid_Right MCM_TX_ACCEPT: manoeuvre=160 target=112
obu-main-mid-right-1   | [39.9] Main_Mid_Right role=host state=YIELDING->YIELDING speed=7.50 target=7.50 neighbors=10
obu-host-car-1         | [40.0] Host_Car role=cruise state=CRUISE->CRUISE speed=7.50 target=7.50 neighbors=11
obu-ramp-back-1        | [40.0] Ramp_Back MCM_RX_ACCEPT: from=103 manoeuvre=160 target=112
obu-ramp-merge-5-1     | [40.0] Ramp_Merge_5 role=cruise state=CRUISE->CRUISE speed=5.20 target=7.50 neighbors=11
obu-ramp-merge-3-1     | [40.0] Ramp_Merge_3 role=cruise state=CRUISE->CRUISE speed=3.73 target=7.50 neighbors=11
obu-main-front-left-1  | [40.1] Main_Front_Left role=cruise state=CRUISE->CRUISE speed=7.43 target=7.50 neighbors=11
obu-ramp-merge-4-1     | [40.0] Ramp_Merge_4 FINAL_GUARD: REJECTED slot-boundary ETA sid=104
obu-ramp-merge-4-1     | [40.0] Ramp_Merge_4 CAR_FOLLOW: sid=104 edge=1331698336 lane=0 leader_edge= leader_lane=None leader_role_hint=main self_merge_completed=False self_merge_completed_age=-1.0 self_merge_committed=False lane_cmd_state=None lane_cmd_edge=None lane_cmd_target=None lane_cmd_executable=None same_lane=False reason=merge_conflict_eta gap=0.6 follow_spd=4.12 emergency=False target_before=2.205844829191168 target_after=2.3858448291911682
obu-lead-car-1         | [40.1] Lead_Car role=cruise state=CRUISE->CRUISE speed=7.49 target=7.50 neighbors=11
obu-ramp-back-1        | [40.0] Ramp_Back MERGE_COMMIT_WAIT_LANE_AVAILABLE: edge=34126779 lane=0 target_lane=1 lane_count=1 executable=False speed=3.98 dtm=11.6
obu-ramp-back-1        | [40.0] Ramp_Back MCM_RX_ACCEPT: from=103 manoeuvre=160 target=112
obu-main-mid-right-1   | HOST_RESERVATION_EXTEND_UNTIL_CLEAR: host=Main_Mid_Right ramp=112 manoeuvre=160 new_remaining=4.0 ramp_lcs=WAIT_EDGE ramp_edge=34126779
obu-main-mid-right-1   | HOST_RESERVATION_HOLD: host=Main_Mid_Right ramp=112 manoeuvre=160 remaining=4.0 own_speed=7.50 target_speed=7.50 ramp_fsm=MERGING ramp_lane_cmd_state=WAIT_EDGE ramp_edge=34126779 ramp_lane=0 ramp_merge_completed=False ramp_merge_committed=True
obu-main-mid-right-1   | [40.0] Main_Mid_Right HOST_HOLD_YIELD: for merge=112 spd=7.50
obu-ramp-merge-2-1     | [40.1] Ramp_Merge_2 role=merge state=ABORT->ABORT speed=0.00 target=0.18 neighbors=11
obu-ramp-merge-4-1     | [40.1] Ramp_Merge_4 FINAL_GUARD: REJECTED slot-boundary ETA sid=104
obu-ramp-merge-4-1     | [40.1] Ramp_Merge_4 CAR_FOLLOW: sid=104 edge=1331698336 lane=0 leader_edge= leader_lane=None leader_role_hint=main self_merge_completed=False self_merge_completed_age=-1.0 self_merge_committed=False lane_cmd_state=None lane_cmd_edge=None lane_cmd_target=None lane_cmd_executable=None same_lane=False reason=merge_conflict_eta gap=0.7 follow_spd=4.12 emergency=False target_before=2.2058449662969273 target_after=2.3858449662969274
obu-ramp-back-1        | [40.1] Ramp_Back MERGE_COMMIT_WAIT_LANE_AVAILABLE: edge=34126779 lane=0 target_lane=1 lane_count=1 executable=False speed=3.99 dtm=11.3
obu-main-back-right-1  | [40.2] Main_Back_Right role=cruise state=CRUISE->CRUISE speed=7.14 target=7.50 neighbors=11
obu-main-mid-right-1   | HOST_RESERVATION_EXTEND_UNTIL_CLEAR: host=Main_Mid_Right ramp=112 manoeuvre=160 new_remaining=4.0 ramp_lcs=WAIT_EDGE ramp_edge=34126779
obu-main-mid-right-1   | HOST_RESERVATION_HOLD: host=Main_Mid_Right ramp=112 manoeuvre=160 remaining=4.0 own_speed=7.50 target_speed=7.50 ramp_fsm=MERGING ramp_lane_cmd_state=WAIT_EDGE ramp_edge=34126779 ramp_lane=0 ramp_merge_completed=False ramp_merge_committed=True
obu-main-mid-right-1   | [40.3] Main_Mid_Right HOST_HOLD_YIELD: for merge=112 spd=7.50
obu-main-mid-right-1   | [40.3] Main_Mid_Right MCM_TX_ACCEPT: manoeuvre=160 target=112
traci-bridge-1         | LANE_CMD_STATE veh=Ramp_Back edge=34126779 lane=0 target=1 lane_count=1 recently=False speed=3.77
traci-bridge-1         | LANE_CMD_WAIT_EDGE veh=Ramp_Back edge=34126779 lane=0 target=1 lane_count=1
traci-bridge-1         | LANE_CMD_STATE veh=Ramp_Back edge=34126779 lane=0 target=1 lane_count=1 recently=False speed=3.77
traci-bridge-1         | LANE_CMD_WAIT_EDGE veh=Ramp_Back edge=34126779 lane=0 target=1 lane_count=1
traci-bridge-1         | LANE_CMD_STATE veh=Ramp_Back edge=34126779 lane=0 target=1 lane_count=1 recently=False speed=3.76
traci-bridge-1         | LANE_CMD_WAIT_EDGE veh=Ramp_Back edge=34126779 lane=0 target=1 lane_count=1
traci-bridge-1         | LANE_CMD_STATE veh=Ramp_Back edge=34126779 lane=0 target=1 lane_count=1 recently=False speed=3.76
traci-bridge-1         | LANE_CMD_WAIT_EDGE veh=Ramp_Back edge=34126779 lane=0 target=1 lane_count=1
traci-bridge-1         | LANE_CMD_STATE veh=Ramp_Back edge=34126779 lane=0 target=1 lane_count=1 recently=False speed=3.75
traci-bridge-1         | LANE_CMD_WAIT_EDGE veh=Ramp_Back edge=34126779 lane=0 target=1 lane_count=1
traci-bridge-1         | LANE_CMD_STATE veh=Ramp_Back edge=34126779 lane=0 target=1 lane_count=1 recently=False speed=3.74
traci-bridge-1         | LANE_CMD_WAIT_EDGE veh=Ramp_Back edge=34126779 lane=0 target=1 lane_count=1
traci-bridge-1         | LANE_CMD_STATE veh=Ramp_Back edge=34126779 lane=0 target=1 lane_count=1 recently=False speed=3.74
traci-bridge-1         | LANE_CMD_WAIT_EDGE veh=Ramp_Back edge=34126779 lane=0 target=1 lane_count=1
traci-bridge-1         | LANE_CMD_STATE veh=Ramp_Back edge=34126779 lane=0 target=1 lane_count=1 recently=False speed=3.73
traci-bridge-1         | LANE_CMD_WAIT_EDGE veh=Ramp_Back edge=34126779 lane=0 target=1 lane_count=1
traci-bridge-1         | LANE_CMD_STATE veh=Ramp_Back edge=34126779 lane=0 target=1 lane_count=1 recently=False speed=3.74
traci-bridge-1         | LANE_CMD_WAIT_EDGE veh=Ramp_Back edge=34126779 lane=0 target=1 lane_count=1
traci-bridge-1         | LANE_CMD_STATE veh=Ramp_Back edge=34126779 lane=0 target=1 lane_count=1 recently=False speed=3.75
traci-bridge-1         | LANE_CMD_WAIT_EDGE veh=Ramp_Back edge=34126779 lane=0 target=1 lane_count=1
traci-bridge-1         | LANE_CMD_STATE veh=Ramp_Back edge=34126779 lane=0 target=1 lane_count=1 recently=False speed=3.76
traci-bridge-1         | LANE_CMD_WAIT_EDGE veh=Ramp_Back edge=34126779 lane=0 target=1 lane_count=1
traci-bridge-1         | LANE_CMD_STATE veh=Ramp_Back edge=34126779 lane=0 target=1 lane_count=1 recently=False speed=3.77
traci-bridge-1         | LANE_CMD_WAIT_EDGE veh=Ramp_Back edge=34126779 lane=0 target=1 lane_count=1
traci-bridge-1         | LANE_CMD_STATE veh=Ramp_Back edge=34126779 lane=0 target=1 lane_count=1 recently=False speed=3.78
traci-bridge-1         | LANE_CMD_WAIT_EDGE veh=Ramp_Back edge=34126779 lane=0 target=1 lane_count=1
traci-bridge-1         | LANE_CMD_STATE veh=Ramp_Back edge=34126779 lane=0 target=1 lane_count=1 recently=False speed=3.78
traci-bridge-1         | LANE_CMD_WAIT_EDGE veh=Ramp_Back edge=34126779 lane=0 target=1 lane_count=1
traci-bridge-1         | LANE_CMD_STATE veh=Ramp_Back edge=34126779 lane=0 target=1 lane_count=1 recently=False speed=3.79
traci-bridge-1         | LANE_CMD_WAIT_EDGE veh=Ramp_Back edge=34126779 lane=0 target=1 lane_count=1
traci-bridge-1         | LANE_CMD_STATE veh=Ramp_Merge_3 edge=1331698336 lane=0 target=1 lane_count=3 recently=False speed=1.93
traci-bridge-1         | LANE_CMD_APPLY veh=Ramp_Merge_3 edge=1331698336 from_lane=0 target=1 duration=2.00 mode=256 speed=1.93
traci-bridge-1         | LANE_CMD_STATE veh=Ramp_Back edge=34126779 lane=0 target=1 lane_count=1 recently=False speed=3.80
traci-bridge-1         | LANE_CMD_WAIT_EDGE veh=Ramp_Back edge=34126779 lane=0 target=1 lane_count=1
traci-bridge-1         | LANE_CMD_STATE veh=Ramp_Merge_3 edge=1331698336 lane=1 target=1 lane_count=3 recently=True speed=1.88
traci-bridge-1         | LANE_CMD_CLEAR veh=Ramp_Merge_3 edge=1331698336 target=1
traci-bridge-1         | LANE_CMD_STATE veh=Ramp_Back edge=34126779 lane=0 target=1 lane_count=1 recently=False speed=3.81
traci-bridge-1         | LANE_CMD_WAIT_EDGE veh=Ramp_Back edge=34126779 lane=0 target=1 lane_count=1
traci-bridge-1         | LANE_CMD_STATE veh=Ramp_Back edge=34126779 lane=0 target=1 lane_count=1 recently=False speed=3.81
traci-bridge-1         | LANE_CMD_WAIT_EDGE veh=Ramp_Back edge=34126779 lane=0 target=1 lane_count=1
traci-bridge-1         | LANE_CMD_STATE veh=Ramp_Back edge=34126779 lane=0 target=1 lane_count=1 recently=False speed=3.82
traci-bridge-1         | LANE_CMD_WAIT_EDGE veh=Ramp_Back edge=34126779 lane=0 target=1 lane_count=1
traci-bridge-1         | LANE_CMD_STATE veh=Ramp_Back edge=34126779 lane=0 target=1 lane_count=1 recently=False speed=3.83
traci-bridge-1         | LANE_CMD_WAIT_EDGE veh=Ramp_Back edge=34126779 lane=0 target=1 lane_count=1
traci-bridge-1         | LANE_CMD_STATE veh=Ramp_Back edge=34126779 lane=0 target=1 lane_count=1 recently=False speed=3.84
traci-bridge-1         | LANE_CMD_WAIT_EDGE veh=Ramp_Back edge=34126779 lane=0 target=1 lane_count=1
traci-bridge-1         | LANE_CMD_STATE veh=Ramp_Back edge=34126779 lane=0 target=1 lane_count=1 recently=False speed=3.84
traci-bridge-1         | LANE_CMD_WAIT_EDGE veh=Ramp_Back edge=34126779 lane=0 target=1 lane_count=1
traci-bridge-1         | LANE_CMD_STATE veh=Ramp_Back edge=34126779 lane=0 target=1 lane_count=1 recently=False speed=3.85
traci-bridge-1         | LANE_CMD_WAIT_EDGE veh=Ramp_Back edge=34126779 lane=0 target=1 lane_count=1
traci-bridge-1         | LANE_CMD_STATE veh=Ramp_Back edge=34126779 lane=0 target=1 lane_count=1 recently=False speed=3.86
traci-bridge-1         | LANE_CMD_WAIT_EDGE veh=Ramp_Back edge=34126779 lane=0 target=1 lane_count=1
traci-bridge-1         | LANE_CMD_STATE veh=Ramp_Back edge=34126779 lane=0 target=1 lane_count=1 recently=False speed=3.86
traci-bridge-1         | LANE_CMD_WAIT_EDGE veh=Ramp_Back edge=34126779 lane=0 target=1 lane_count=1
traci-bridge-1         | LANE_CMD_STATE veh=Ramp_Back edge=34126779 lane=0 target=1 lane_count=1 recently=False speed=3.87
traci-bridge-1         | LANE_CMD_WAIT_EDGE veh=Ramp_Back edge=34126779 lane=0 target=1 lane_count=1
traci-bridge-1         | LANE_CMD_STATE veh=Ramp_Back edge=34126779 lane=0 target=1 lane_count=1 recently=False speed=3.88
traci-bridge-1         | LANE_CMD_WAIT_EDGE veh=Ramp_Back edge=34126779 lane=0 target=1 lane_count=1
traci-bridge-1         | LANE_CMD_STATE veh=Ramp_Back edge=34126779 lane=0 target=1 lane_count=1 recently=False speed=3.89
traci-bridge-1         | LANE_CMD_WAIT_EDGE veh=Ramp_Back edge=34126779 lane=0 target=1 lane_count=1
traci-bridge-1         | LANE_CMD_STATE veh=Ramp_Back edge=34126779 lane=0 target=1 lane_count=1 recently=False speed=3.89
traci-bridge-1         | LANE_CMD_WAIT_EDGE veh=Ramp_Back edge=34126779 lane=0 target=1 lane_count=1
traci-bridge-1         | LANE_CMD_STATE veh=Ramp_Back edge=34126779 lane=0 target=1 lane_count=1 recently=False speed=3.90
traci-bridge-1         | LANE_CMD_WAIT_EDGE veh=Ramp_Back edge=34126779 lane=0 target=1 lane_count=1
traci-bridge-1         | LANE_CMD_STATE veh=Ramp_Back edge=34126779 lane=0 target=1 lane_count=1 recently=False speed=3.91
traci-bridge-1         | LANE_CMD_WAIT_EDGE veh=Ramp_Back edge=34126779 lane=0 target=1 lane_count=1
traci-bridge-1         | LANE_CMD_STATE veh=Ramp_Back edge=34126779 lane=0 target=1 lane_count=1 recently=False speed=3.92
traci-bridge-1         | LANE_CMD_WAIT_EDGE veh=Ramp_Back edge=34126779 lane=0 target=1 lane_count=1
traci-bridge-1         | LANE_CMD_STATE veh=Ramp_Back edge=34126779 lane=0 target=1 lane_count=1 recently=False speed=3.93
traci-bridge-1         | LANE_CMD_WAIT_EDGE veh=Ramp_Back edge=34126779 lane=0 target=1 lane_count=1
traci-bridge-1         | LANE_CMD_STATE veh=Ramp_Back edge=34126779 lane=0 target=1 lane_count=1 recently=False speed=3.93
traci-bridge-1         | LANE_CMD_WAIT_EDGE veh=Ramp_Back edge=34126779 lane=0 target=1 lane_count=1
traci-bridge-1         | LANE_CMD_STATE veh=Ramp_Back edge=34126779 lane=0 target=1 lane_count=1 recently=False speed=3.94
traci-bridge-1         | LANE_CMD_WAIT_EDGE veh=Ramp_Back edge=34126779 lane=0 target=1 lane_count=1
traci-bridge-1         | LANE_CMD_STATE veh=Ramp_Back edge=34126779 lane=0 target=1 lane_count=1 recently=False speed=3.95
traci-bridge-1         | LANE_CMD_WAIT_EDGE veh=Ramp_Back edge=34126779 lane=0 target=1 lane_count=1
traci-bridge-1         | LANE_CMD_STATE veh=Ramp_Back edge=34126779 lane=0 target=1 lane_count=1 recently=False speed=3.95
traci-bridge-1         | LANE_CMD_WAIT_EDGE veh=Ramp_Back edge=34126779 lane=0 target=1 lane_count=1
traci-bridge-1         | LANE_CMD_STATE veh=Ramp_Back edge=34126779 lane=0 target=1 lane_count=1 recently=False speed=3.96
traci-bridge-1         | LANE_CMD_WAIT_EDGE veh=Ramp_Back edge=34126779 lane=0 target=1 lane_count=1
traci-bridge-1         | LANE_CMD_STATE veh=Ramp_Back edge=34126779 lane=0 target=1 lane_count=1 recently=False speed=3.97
traci-bridge-1         | LANE_CMD_WAIT_EDGE veh=Ramp_Back edge=34126779 lane=0 target=1 lane_count=1
traci-bridge-1         | LANE_CMD_STATE veh=Ramp_Back edge=34126779 lane=0 target=1 lane_count=1 recently=False speed=3.98
traci-bridge-1         | LANE_CMD_WAIT_EDGE veh=Ramp_Back edge=34126779 lane=0 target=1 lane_count=1
traci-bridge-1         | LANE_CMD_STATE veh=Ramp_Back edge=34126779 lane=0 target=1 lane_count=1 recently=False speed=3.98
traci-bridge-1         | LANE_CMD_WAIT_EDGE veh=Ramp_Back edge=34126779 lane=0 target=1 lane_count=1
traci-bridge-1         | LANE_CMD_STATE veh=Ramp_Back edge=34126779 lane=0 target=1 lane_count=1 recently=False speed=3.99
traci-bridge-1         | LANE_CMD_WAIT_EDGE veh=Ramp_Back edge=34126779 lane=0 target=1 lane_count=1
traci-bridge-1         | LANE_CMD_STATE veh=Ramp_Back edge=34126779 lane=0 target=1 lane_count=1 recently=False speed=4.00
traci-bridge-1         | LANE_CMD_WAIT_EDGE veh=Ramp_Back edge=34126779 lane=0 target=1 lane_count=1
traci-bridge-1         | LANE_CMD_STATE veh=Ramp_Back edge=34126779 lane=0 target=1 lane_count=1 recently=False speed=4.01
traci-bridge-1         | LANE_CMD_WAIT_EDGE veh=Ramp_Back edge=34126779 lane=0 target=1 lane_count=1
traci-bridge-1         | LANE_CMD_STATE veh=Ramp_Back edge=34126779 lane=0 target=1 lane_count=1 recently=False speed=4.02
obu-ramp-merge-4-1     | [40.2] Ramp_Merge_4 FINAL_GUARD: REJECTED slot-boundary ETA sid=104
obu-ramp-merge-4-1     | [40.2] Ramp_Merge_4 CAR_FOLLOW: sid=104 edge=1331698336 lane=0 leader_edge= leader_lane=None leader_role_hint=main self_merge_completed=False self_merge_completed_age=-1.0 self_merge_committed=False lane_cmd_state=None lane_cmd_edge=None lane_cmd_target=None lane_cmd_executable=None same_lane=False reason=merge_conflict_eta gap=0.8 follow_spd=4.12 emergency=False target_before=2.2058449522255468 target_after=2.385844952225547
obu-ramp-back-1        | [40.4] Ramp_Back MERGE_COMMIT_WAIT_LANE_AVAILABLE: edge=34126779 lane=0 target_lane=1 lane_count=1 executable=False speed=4.02 dtm=10.2
obu-ramp-back-1        | [40.4] Ramp_Back role=merge state=MERGING->MERGING speed=4.02 target=4.20 neighbors=11
obu-main-mid-right-1   | HOST_RESERVATION_EXTEND_UNTIL_CLEAR: host=Main_Mid_Right ramp=112 manoeuvre=160 new_remaining=4.0 ramp_lcs=WAIT_EDGE ramp_edge=34126779
obu-main-mid-right-1   | HOST_RESERVATION_HOLD: host=Main_Mid_Right ramp=112 manoeuvre=160 remaining=4.0 own_speed=7.50 target_speed=7.50 ramp_fsm=MERGING ramp_lane_cmd_state=WAIT_EDGE ramp_edge=34126779 ramp_lane=0 ramp_merge_completed=False ramp_merge_committed=True
obu-main-mid-right-1   | [40.4] Main_Mid_Right HOST_HOLD_YIELD: for merge=112 spd=7.50
obu-ramp-merge-4-1     | [40.5] Ramp_Merge_4 FINAL_GUARD: REJECTED slot-boundary ETA sid=104
obu-ramp-merge-4-1     | [40.5] Ramp_Merge_4 CAR_FOLLOW: sid=104 edge=1331698336 lane=0 leader_edge= leader_lane=None leader_role_hint=main self_merge_completed=False self_merge_completed_age=-1.0 self_merge_committed=False lane_cmd_state=None lane_cmd_edge=None lane_cmd_target=None lane_cmd_executable=None same_lane=False reason=merge_conflict_eta gap=0.8 follow_spd=4.12 emergency=False target_before=2.2315174415330565 target_after=2.4115174415330567
obu-ramp-back-1        | [40.5] Ramp_Back MERGE_COMMIT_WAIT_LANE_AVAILABLE: edge=34126779 lane=0 target_lane=1 lane_count=1 executable=False speed=4.02 dtm=9.8
obu-main-mid-right-1   | HOST_RESERVATION_EXTEND_UNTIL_CLEAR: host=Main_Mid_Right ramp=112 manoeuvre=160 new_remaining=4.0 ramp_lcs=WAIT_EDGE ramp_edge=34126779
obu-main-mid-right-1   | HOST_RESERVATION_HOLD: host=Main_Mid_Right ramp=112 manoeuvre=160 remaining=4.0 own_speed=7.50 target_speed=7.50 ramp_fsm=MERGING ramp_lane_cmd_state=WAIT_EDGE ramp_edge=34126779 ramp_lane=0 ramp_merge_completed=False ramp_merge_committed=True
obu-main-mid-right-1   | [40.6] Main_Mid_Right HOST_HOLD_YIELD: for merge=112 spd=7.50
obu-main-mid-right-1   | [40.6] Main_Mid_Right MCM_TX_ACCEPT: manoeuvre=160 target=112
obu-ramp-back-1        | [40.7] Ramp_Back MCM_RX_ACCEPT: from=103 manoeuvre=160 target=112
obu-ramp-back-1        | [40.7] Ramp_Back MCM_RX_ACCEPT: from=103 manoeuvre=160 target=112
obu-ramp-merge-4-1     | [40.7] Ramp_Merge_4 FINAL_GUARD: REJECTED sid=111 gap=3.6
obu-merge-car-1        | [40.7] Merge_Car role=cruise state=CRUISE->CRUISE speed=7.50 target=7.50 neighbors=11
obu-ramp-back-1        | [40.7] Ramp_Back MERGE_COMMIT_WAIT_LANE_AVAILABLE: edge=34126779 lane=0 target_lane=1 lane_count=1 executable=False speed=4.04 dtm=9.1
obu-main-back-left-1   | [40.8] Main_Back_Left role=cruise state=CRUISE->CRUISE speed=7.43 target=7.50 neighbors=11
obu-main-mid-right-1   | HOST_RESERVATION_EXTEND_UNTIL_CLEAR: host=Main_Mid_Right ramp=112 manoeuvre=160 new_remaining=4.0 ramp_lcs=WAIT_EDGE ramp_edge=34126779
obu-main-mid-right-1   | HOST_RESERVATION_HOLD: host=Main_Mid_Right ramp=112 manoeuvre=160 remaining=4.0 own_speed=7.50 target_speed=7.50 ramp_fsm=MERGING ramp_lane_cmd_state=WAIT_EDGE ramp_edge=34126779 ramp_lane=0 ramp_merge_completed=False ramp_merge_committed=True
obu-main-mid-right-1   | [40.8] Main_Mid_Right HOST_HOLD_YIELD: for merge=112 spd=7.50
obu-main-mid-right-1   | HOST_RESERVATION_EXTEND_UNTIL_CLEAR: host=Main_Mid_Right ramp=112 manoeuvre=160 new_remaining=4.0 ramp_lcs=WAIT_EDGE ramp_edge=34126779
obu-main-mid-right-1   | HOST_RESERVATION_HOLD: host=Main_Mid_Right ramp=112 manoeuvre=160 remaining=4.0 own_speed=7.50 target_speed=7.50 ramp_fsm=MERGING ramp_lane_cmd_state=WAIT_EDGE ramp_edge=34126779 ramp_lane=0 ramp_merge_completed=False ramp_merge_committed=True
obu-main-mid-right-1   | [40.9] Main_Mid_Right HOST_HOLD_YIELD: for merge=112 spd=7.50
obu-main-mid-right-1   | [40.9] Main_Mid_Right MCM_TX_ACCEPT: manoeuvre=160 target=112
obu-main-mid-right-1   | [40.9] Main_Mid_Right role=host state=YIELDING->YIELDING speed=7.50 target=7.50 neighbors=11
obu-lead-car-1         | [41.1] Lead_Car role=cruise state=CRUISE->CRUISE speed=7.49 target=7.50 neighbors=11
obu-main-mid-right-1   | HOST_RESERVATION_EXTEND_UNTIL_CLEAR: host=Main_Mid_Right ramp=112 manoeuvre=160 new_remaining=4.0 ramp_lcs=WAIT_EDGE ramp_edge=34126779
obu-main-mid-right-1   | HOST_RESERVATION_HOLD: host=Main_Mid_Right ramp=112 manoeuvre=160 remaining=4.0 own_speed=7.50 target_speed=7.50 ramp_fsm=MERGING ramp_lane_cmd_state=WAIT_EDGE ramp_edge=34126779 ramp_lane=0 ramp_merge_completed=False ramp_merge_committed=True
obu-main-mid-right-1   | [41.1] Main_Mid_Right HOST_HOLD_YIELD: for merge=112 spd=7.50
obu-ramp-merge-5-1     | [41.1] Ramp_Merge_5 role=cruise state=CRUISE->CRUISE speed=4.93 target=7.50 neighbors=10
obu-main-front-left-1  | [41.1] Main_Front_Left role=cruise state=CRUISE->CRUISE speed=7.46 target=7.50 neighbors=11
obu-main-back-right-1  | [41.2] Main_Back_Right role=cruise state=CRUISE->CRUISE speed=7.23 target=7.50 neighbors=10
obu-main-mid-right-1   | HOST_RESERVATION_EXTEND_UNTIL_CLEAR: host=Main_Mid_Right ramp=112 manoeuvre=160 new_remaining=4.0 ramp_lcs=WAIT_EDGE ramp_edge=34126779
obu-main-mid-right-1   | HOST_RESERVATION_HOLD: host=Main_Mid_Right ramp=112 manoeuvre=160 remaining=4.0 own_speed=7.50 target_speed=7.50 ramp_fsm=MERGING ramp_lane_cmd_state=WAIT_EDGE ramp_edge=34126779 ramp_lane=0 ramp_merge_completed=False ramp_merge_committed=True
obu-main-mid-right-1   | [41.3] Main_Mid_Right HOST_HOLD_YIELD: for merge=112 spd=7.50
obu-main-mid-right-1   | [41.3] Main_Mid_Right MCM_TX_ACCEPT: manoeuvre=160 target=112
obu-ramp-back-1        | [41.5] Ramp_Back MERGE_COMMIT_WAIT_LANE_AVAILABLE: edge=34126779 lane=0 target_lane=1 lane_count=1 executable=False speed=4.10 dtm=6.6
obu-ramp-back-1        | [41.5] Ramp_Back role=merge state=MERGING->MERGING speed=4.10 target=4.28 neighbors=10
obu-ramp-back-1        | [41.5] Ramp_Back MCM_RX_ACCEPT: from=103 manoeuvre=160 target=112
obu-ramp-back-1        | [41.5] Ramp_Back MCM_RX_ACCEPT: from=103 manoeuvre=160 target=112
obu-main-mid-right-1   | HOST_RESERVATION_EXTEND_UNTIL_CLEAR: host=Main_Mid_Right ramp=112 manoeuvre=160 new_remaining=4.0 ramp_lcs=WAIT_EDGE ramp_edge=34126779
obu-main-mid-right-1   | HOST_RESERVATION_HOLD: host=Main_Mid_Right ramp=112 manoeuvre=160 remaining=4.0 own_speed=7.50 target_speed=7.50 ramp_fsm=MERGING ramp_lane_cmd_state=WAIT_EDGE ramp_edge=34126779 ramp_lane=0 ramp_merge_completed=False ramp_merge_committed=True
obu-main-mid-right-1   | [41.5] Main_Mid_Right HOST_HOLD_YIELD: for merge=112 spd=7.50
obu-host-car-1         | [41.5] Host_Car role=cruise state=CRUISE->CRUISE speed=7.50 target=7.50 neighbors=11
obu-ramp-merge-2-1     | [41.6] Ramp_Merge_2 MERGE_DECISION: auth=False phys=True fgok=True lgok=True hgok=True cok=True esok=True cready=True dtm=65.0 past=True committed=False hid=None ra=None lclear=True hyok=True
obu-ramp-merge-2-1     | [41.6] Ramp_Merge_2 MERGE_FAILED_LOST_AUTH_AFTER_POINT: dtm=65.0 past=True hid=None auth=False
obu-ramp-merge-2-1     | [41.6] Ramp_Merge_2 role=merge state=ABORT->ABORT speed=0.00 target=0.50 neighbors=11
obu-ramp-merge-3-1     | [41.6] Ramp_Merge_3 role=cruise state=CRUISE->CRUISE speed=5.84 target=7.50 neighbors=11
obu-ramp-merge-4-1     | [41.5] Ramp_Merge_4 FINAL_GUARD: REJECTED sid=111 gap=3.7
obu-ramp-merge-4-1     | [41.5] Ramp_Merge_4 role=merge state=NEGOTIATING->NEGOTIATING speed=2.26 target=2.26 neighbors=11
obu-main-mid-right-1   | HOST_RESERVATION_EXTEND_UNTIL_CLEAR: host=Main_Mid_Right ramp=112 manoeuvre=160 new_remaining=4.0 ramp_lcs=WAIT_EDGE ramp_edge=34126779
obu-main-mid-right-1   | HOST_RESERVATION_HOLD: host=Main_Mid_Right ramp=112 manoeuvre=160 remaining=4.0 own_speed=7.50 target_speed=7.50 ramp_fsm=MERGING ramp_lane_cmd_state=WAIT_EDGE ramp_edge=34126779 ramp_lane=0 ramp_merge_completed=False ramp_merge_committed=True
obu-main-mid-right-1   | [41.6] Main_Mid_Right HOST_HOLD_YIELD: for merge=112 spd=7.50
obu-main-mid-right-1   | [41.6] Main_Mid_Right MCM_TX_ACCEPT: manoeuvre=160 target=112
obu-ramp-merge-4-1     | [41.6] Ramp_Merge_4 FINAL_GUARD: REJECTED sid=111 gap=3.2
obu-merge-car-1        | [41.7] Merge_Car role=cruise state=CRUISE->CRUISE speed=7.50 target=7.50 neighbors=11
obu-main-back-left-1   | [41.8] Main_Back_Left role=cruise state=CRUISE->CRUISE speed=7.46 target=7.50 neighbors=11
obu-main-mid-right-1   | HOST_RESERVATION_EXTEND_UNTIL_CLEAR: host=Main_Mid_Right ramp=112 manoeuvre=160 new_remaining=4.0 ramp_lcs=WAIT_EDGE ramp_edge=34126779
obu-main-mid-right-1   | HOST_RESERVATION_HOLD: host=Main_Mid_Right ramp=112 manoeuvre=160 remaining=4.0 own_speed=7.50 target_speed=7.50 ramp_fsm=MERGING ramp_lane_cmd_state=WAIT_EDGE ramp_edge=34126779 ramp_lane=0 ramp_merge_completed=False ramp_merge_committed=True
obu-main-mid-right-1   | [41.8] Main_Mid_Right HOST_HOLD_YIELD: for merge=112 spd=7.50
obu-ramp-back-1        | [41.9] Ramp_Back MCM_RX_ACCEPT: from=103 manoeuvre=160 target=112
obu-ramp-back-1        | [41.9] Ramp_Back MERGE_COMMIT_WAIT_LANE_AVAILABLE: edge=34126779 lane=0 target_lane=1 lane_count=1 executable=False speed=4.13 dtm=5.6
obu-main-mid-right-1   | HOST_RESERVATION_EXTEND_UNTIL_CLEAR: host=Main_Mid_Right ramp=112 manoeuvre=160 new_remaining=4.0 ramp_lcs=WAIT_EDGE ramp_edge=34126779
obu-main-mid-right-1   | HOST_RESERVATION_HOLD: host=Main_Mid_Right ramp=112 manoeuvre=160 remaining=4.0 own_speed=7.50 target_speed=7.50 ramp_fsm=MERGING ramp_lane_cmd_state=WAIT_EDGE ramp_edge=34126779 ramp_lane=0 ramp_merge_completed=False ramp_merge_committed=True
obu-main-mid-right-1   | [42.0] Main_Mid_Right HOST_HOLD_YIELD: for merge=112 spd=7.50
obu-main-mid-right-1   | [42.0] Main_Mid_Right MCM_TX_ACCEPT: manoeuvre=160 target=112
obu-main-mid-right-1   | [42.0] Main_Mid_Right role=host state=YIELDING->YIELDING speed=7.50 target=7.50 neighbors=11
obu-lead-car-1         | [42.1] Lead_Car role=cruise state=CRUISE->CRUISE speed=7.50 target=7.50 neighbors=11
obu-ramp-back-1        | [42.1] Ramp_Back MERGE_COMMIT_WAIT_LANE_AVAILABLE: edge=34126779 lane=0 target_lane=1 lane_count=1 executable=False speed=4.14 dtm=5.2
obu-ramp-back-1        | [42.2] Ramp_Back MERGE_LANE_WAIT_EDGE_CONFIRMED: edge=:390064918_0 lane=0 target_lane=1 lane_count=1 executable=False
obu-main-mid-right-1   | HOST_RESERVATION_EXTEND_UNTIL_CLEAR: host=Main_Mid_Right ramp=112 manoeuvre=160 new_remaining=4.0 ramp_lcs=WAIT_EDGE ramp_edge=34126779
obu-main-mid-right-1   | HOST_RESERVATION_HOLD: host=Main_Mid_Right ramp=112 manoeuvre=160 remaining=4.0 own_speed=7.50 target_speed=7.50 ramp_fsm=MERGING ramp_lane_cmd_state=WAIT_EDGE ramp_edge=34126779 ramp_lane=0 ramp_merge_completed=False ramp_merge_committed=True
obu-main-mid-right-1   | [42.1] Main_Mid_Right HOST_HOLD_YIELD: for merge=112 spd=7.50
obu-ramp-merge-5-1     | [42.2] Ramp_Merge_5 role=cruise state=CRUISE->CRUISE speed=5.82 target=7.50 neighbors=11
obu-ramp-back-1        | [42.3] Ramp_Back MERGE_COMMIT_WAIT_LANE_AVAILABLE: edge=:390064918_0 lane=0 target_lane=1 lane_count=1 executable=False speed=4.16 dtm=5.0
obu-main-back-right-1  | [42.3] Main_Back_Right role=cruise state=CRUISE->CRUISE speed=7.31 target=7.50 neighbors=11
obu-main-mid-right-1   | HOST_RESERVATION_EXTEND_UNTIL_CLEAR: host=Main_Mid_Right ramp=112 manoeuvre=160 new_remaining=4.0 ramp_lcs=WAIT_EDGE ramp_edge=34126779
obu-main-mid-right-1   | HOST_RESERVATION_HOLD: host=Main_Mid_Right ramp=112 manoeuvre=160 remaining=4.0 own_speed=7.50 target_speed=7.50 ramp_fsm=MERGING ramp_lane_cmd_state=WAIT_EDGE ramp_edge=34126779 ramp_lane=0 ramp_merge_completed=False ramp_merge_committed=True
obu-main-mid-right-1   | [42.4] Main_Mid_Right HOST_HOLD_YIELD: for merge=112 spd=7.50
obu-main-mid-right-1   | [42.4] Main_Mid_Right MCM_TX_ACCEPT: manoeuvre=160 target=112
obu-ramp-back-1        | [42.5] Ramp_Back MERGE_COMMIT_WAIT_LANE_AVAILABLE: edge=:390064918_0 lane=0 target_lane=1 lane_count=1 executable=False speed=4.18 dtm=4.9
obu-ramp-back-1        | [42.5] Ramp_Back role=merge state=MERGING->MERGING speed=4.18 target=4.36 neighbors=11
obu-host-car-1         | [42.5] Host_Car role=cruise state=CRUISE->CRUISE speed=7.50 target=7.50 neighbors=11
obu-main-mid-right-1   | HOST_RESERVATION_EXTEND_UNTIL_CLEAR: host=Main_Mid_Right ramp=112 manoeuvre=160 new_remaining=4.0 ramp_lcs=WAIT_EDGE ramp_edge=34126779
obu-main-mid-right-1   | HOST_RESERVATION_HOLD: host=Main_Mid_Right ramp=112 manoeuvre=160 remaining=4.0 own_speed=7.50 target_speed=7.50 ramp_fsm=MERGING ramp_lane_cmd_state=WAIT_EDGE ramp_edge=34126779 ramp_lane=0 ramp_merge_completed=False ramp_merge_committed=True
obu-main-mid-right-1   | [42.5] Main_Mid_Right HOST_HOLD_YIELD: for merge=112 spd=7.50
obu-ramp-back-1        | [42.7] Ramp_Back MCM_RX_ACCEPT: from=103 manoeuvre=160 target=112
obu-ramp-merge-4-1     | [42.7] Ramp_Merge_4 role=merge state=NEGOTIATING->NEGOTIATING speed=2.26 target=2.26 neighbors=11
obu-ramp-back-1        | [42.7] Ramp_Back MCM_RX_ACCEPT: from=103 manoeuvre=160 target=112
obu-ramp-back-1        | [42.7] Ramp_Back MERGE_COMMIT_WAIT_LANE_AVAILABLE: edge=:390064918_0 lane=0 target_lane=1 lane_count=1 executable=False speed=4.19 dtm=4.9
obu-main-mid-right-1   | HOST_RESERVATION_EXTEND_UNTIL_CLEAR: host=Main_Mid_Right ramp=112 manoeuvre=160 new_remaining=3.9 ramp_lcs=WAIT_EDGE ramp_edge=:390064918_0
obu-main-mid-right-1   | HOST_RESERVATION_HOLD: host=Main_Mid_Right ramp=112 manoeuvre=160 remaining=3.9 own_speed=7.50 target_speed=7.50 ramp_fsm=MERGING ramp_lane_cmd_state=WAIT_EDGE ramp_edge=:390064918_0 ramp_lane=0 ramp_merge_completed=False ramp_merge_committed=True
obu-main-mid-right-1   | [42.7] Main_Mid_Right HOST_HOLD_YIELD: for merge=112 spd=7.50
obu-main-mid-right-1   | [42.7] Main_Mid_Right MCM_TX_ACCEPT: manoeuvre=160 target=112
obu-ramp-merge-2-1     | [42.7] Ramp_Merge_2 role=merge state=ABORT->ABORT speed=0.00 target=0.18 neighbors=11
obu-ramp-merge-3-1     | [42.7] Ramp_Merge_3 role=cruise state=CRUISE->CRUISE speed=6.56 target=7.50 neighbors=11
obu-main-front-left-1  | [42.8] Main_Front_Left role=cruise state=CRUISE->CRUISE speed=7.48 target=7.50 neighbors=11
obu-merge-car-1        | [42.7] Merge_Car role=cruise state=CRUISE->CRUISE speed=7.50 target=7.50 neighbors=11
obu-main-back-left-1   | [42.9] Main_Back_Left role=cruise state=CRUISE->CRUISE speed=7.48 target=7.50 neighbors=11
obu-ramp-back-1        | [42.8] Ramp_Back MCM_RX_ACCEPT: from=103 manoeuvre=160 target=112
obu-ramp-back-1        | [42.9] Ramp_Back MERGE_LANE_APPLY_CONFIRMED: edge=1331698336 lane=0 target_lane=1 lane_count=3 executable=True
obu-ramp-back-1        | MERGE_ATTEMPT_TIMELINE: vehicle=Ramp_Back manoeuvre=160 host=103 lead=None event=CLEAR t=43.0 edge=1331698336 lane=1 lane_cmd_state=CLEAR speed=4.22 target=4.37 dtm=2.6 lead_gap= host_gap=173.95 lead_gap_t1= lead_gap_t2= lead_gap_t3= host_gap_t1=173.95 host_gap_t2=173.95 host_gap_t3=173.95
obu-ramp-back-1        | [43.0] Ramp_Back MERGE_LANE_CLEAR_CONFIRMED: edge=1331698336 lane=1 target_lane=1 lane_count=3 executable=False
obu-ramp-merge-4-1     | [43.6] Ramp_Merge_4 MCM_TIMEOUT: host=105 giving up
obu-ramp-back-1        | MERGE_ATTEMPT_TIMELINE: vehicle=Ramp_Back manoeuvre=160 host=103 lead=None event=COMPLETED t=43.3 edge=1331698336 lane=1 lane_cmd_state=CLEAR speed=4.24 target=6.75 dtm=3.7 lead_gap= host_gap=174.28 lead_gap_t1= lead_gap_t2= lead_gap_t3= host_gap_t1=174.28 host_gap_t2=174.28 host_gap_t3=174.28
obu-ramp-back-1        | [43.3] Ramp_Back MERGE_COMPLETED: eid=1331698336 lane=1 clean=True
obu-host-car-1         | [43.7] Host_Car role=cruise state=CRUISE->CRUISE speed=7.50 target=7.50 neighbors=11
obu-main-mid-right-1   | HOST_RESERVATION_RELEASE_AFTER_CLEAR: host=Main_Mid_Right ramp=112 manoeuvre=160 reason=completed ramp_fsm=CRUISE ramp_lcs=CLEAR ramp_edge=1331698336 ramp_merge_completed=True
obu-main-mid-right-1   | [43.7] Main_Mid_Right role=host state=YIELDING->CRUISE speed=7.50 target=7.50 neighbors=11
obu-ramp-merge-3-1     | [43.7] Ramp_Merge_3 role=cruise state=CRUISE->CRUISE speed=6.94 target=7.50 neighbors=11
obu-ramp-merge-5-1     | [43.7] Ramp_Merge_5 role=cruise state=CRUISE->CRUISE speed=6.57 target=7.50 neighbors=11
obu-merge-car-1        | [43.7] Merge_Car role=cruise state=CRUISE->CRUISE speed=7.50 target=7.50 neighbors=11
obu-lead-car-1         | [43.9] Lead_Car role=cruise state=CRUISE->CRUISE speed=7.50 target=7.50 neighbors=11
obu-ramp-back-1        | [43.6] Ramp_Back role=host state=CRUISE->CRUISE speed=4.26 target=7.50 neighbors=11
obu-main-back-right-1  | [43.8] Main_Back_Right role=cruise state=CRUISE->CRUISE speed=7.39 target=7.50 neighbors=11
obu-ramp-merge-2-1     | [43.8] Ramp_Merge_2 role=merge state=ABORT->ABORT speed=0.00 target=0.18 neighbors=11
obu-main-back-left-1   | [43.9] Main_Back_Left role=cruise state=CRUISE->CRUISE speed=7.49 target=7.50 neighbors=3
obu-main-front-left-1  | [44.5] Main_Front_Left role=cruise state=CRUISE->CRUISE speed=7.49 target=7.50 neighbors=11
obu-ramp-merge-4-1     | [44.4] Ramp_Merge_4 role=merge state=NEGOTIATING->YIELDING speed=1.96 target=2.14 neighbors=11
obu-ramp-merge-4-1     | [44.7] Ramp_Merge_4 MERGE_DECISION: auth=False phys=True fgok=True lgok=True hgok=True cok=True esok=True cready=True dtm=51.6 past=True committed=False hid=None ra=None lclear=True hyok=True
obu-ramp-merge-4-1     | [44.7] Ramp_Merge_4 MERGE_FAILED_LOST_AUTH_AFTER_POINT: dtm=51.6 past=True hid=None auth=False
obu-ramp-back-1        | [44.7] Ramp_Back role=cruise state=CRUISE->CRUISE speed=5.56 target=7.50 neighbors=11
obu-ramp-merge-5-1     | [44.7] Ramp_Merge_5 role=cruise state=CRUISE->CRUISE speed=6.75 target=7.50 neighbors=11
obu-ramp-merge-3-1     | [44.7] Ramp_Merge_3 role=cruise state=CRUISE->CRUISE speed=7.16 target=7.50 neighbors=11
obu-ramp-merge-4-1     | [44.9] Ramp_Merge_4 CAR_FOLLOW: sid=108 edge=1331698336 lane=0 leader_edge= leader_lane=None leader_role_hint=ramp self_merge_completed=False self_merge_completed_age=-1.0 self_merge_committed=False lane_cmd_state=None lane_cmd_edge=None lane_cmd_target=None lane_cmd_executable=None same_lane=True reason=same_lane_cam gap=8.5 follow_spd=2.62 emergency=False target_before=1.9154323306515757 target_after=1.9154323306515757
obu-lead-car-1         | [44.9] Lead_Car role=cruise state=CRUISE->CRUISE speed=7.50 target=7.50 neighbors=11
obu-ramp-merge-4-1     | [45.1] Ramp_Merge_4 CAR_FOLLOW: sid=108 edge=1331698336 lane=0 leader_edge= leader_lane=None leader_role_hint=ramp self_merge_completed=False self_merge_completed_age=-1.0 self_merge_committed=False lane_cmd_state=None lane_cmd_edge=None lane_cmd_target=None lane_cmd_executable=None same_lane=True reason=same_lane_cam gap=8.2 follow_spd=2.62 emergency=False target_before=1.8602528781551124 target_after=1.8602528781551124
obu-main-mid-right-1   | [45.3] Main_Mid_Right role=cruise state=CRUISE->CRUISE speed=7.50 target=7.50 neighbors=11
obu-ramp-merge-2-1     | [45.2] Ramp_Merge_2 MERGE_DECISION: auth=False phys=True fgok=True lgok=True hgok=True cok=True esok=True cready=True dtm=65.0 past=True committed=False hid=None ra=None lclear=True hyok=True
obu-ramp-merge-2-1     | [45.2] Ramp_Merge_2 MERGE_FAILED_LOST_AUTH_AFTER_POINT: dtm=65.0 past=True hid=None auth=False
obu-ramp-merge-2-1     | [45.2] Ramp_Merge_2 role=merge state=YIELDING->ABORT speed=0.00 target=0.50 neighbors=11
obu-merge-car-1        | [45.2] Merge_Car role=cruise state=CRUISE->CRUISE speed=7.50 target=7.50 neighbors=11
obu-ramp-merge-4-1     | [45.2] Ramp_Merge_4 CAR_FOLLOW: sid=108 edge=1331698336 lane=0 leader_edge= leader_lane=None leader_role_hint=ramp self_merge_completed=False self_merge_completed_age=-1.0 self_merge_committed=False lane_cmd_state=None lane_cmd_edge=None lane_cmd_target=None lane_cmd_executable=None same_lane=True reason=same_lane_cam gap=8.0 follow_spd=2.62 emergency=False target_before=1.8377212683857234 target_after=1.8377212683857234
obu-main-back-right-1  | [45.2] Main_Back_Right role=cruise state=CRUISE->CRUISE speed=7.43 target=7.50 neighbors=11
obu-main-back-left-1   | [45.4] Main_Back_Left role=cruise state=CRUISE->CRUISE speed=7.49 target=7.50 neighbors=11
obu-host-car-1         | [45.4] Host_Car role=cruise state=CRUISE->CRUISE speed=7.50 target=7.50 neighbors=11
obu-ramp-merge-4-1     | [45.4] Ramp_Merge_4 CAR_FOLLOW: sid=108 edge=1331698336 lane=0 leader_edge= leader_lane=None leader_role_hint=ramp self_merge_completed=False self_merge_completed_age=-1.0 self_merge_committed=False lane_cmd_state=None lane_cmd_edge=None lane_cmd_target=None lane_cmd_executable=None same_lane=True reason=same_lane_cam gap=7.7 follow_spd=2.62 emergency=False target_before=1.8007553461078194 target_after=1.8007553461078194
obu-ramp-merge-4-1     | [45.4] Ramp_Merge_4 role=merge state=ABORT->ABORT speed=1.62 target=1.80 neighbors=11
obu-main-front-left-1  | [45.6] Main_Front_Left role=cruise state=CRUISE->CRUISE speed=7.50 target=7.50 neighbors=11
obu-ramp-merge-4-1     | [45.6] Ramp_Merge_4 CAR_FOLLOW: sid=108 edge=1331698336 lane=0 leader_edge= leader_lane=None leader_role_hint=ramp self_merge_completed=False self_merge_completed_age=-1.0 self_merge_committed=False lane_cmd_state=None lane_cmd_edge=None lane_cmd_target=None lane_cmd_executable=None same_lane=True reason=same_lane_cam gap=7.4 follow_spd=2.62 emergency=False target_before=1.7724533118637993 target_after=1.7724533118637993
obu-ramp-merge-4-1     | [45.8] Ramp_Merge_4 CAR_FOLLOW: sid=108 edge=1331698336 lane=0 leader_edge= leader_lane=None leader_role_hint=ramp self_merge_completed=False self_merge_completed_age=-1.0 self_merge_committed=False lane_cmd_state=None lane_cmd_edge=None lane_cmd_target=None lane_cmd_executable=None same_lane=True reason=same_lane_cam gap=7.0 follow_spd=2.62 emergency=False target_before=1.7507845668957214 target_after=1.7507845668957214
obu-ramp-back-1        | [45.8] Ramp_Back role=cruise state=CRUISE->CRUISE speed=6.40 target=7.50 neighbors=11
obu-main-back-right-1  | [45.9] Main_Back_Right CAR_FOLLOW: sid=105 edge=135424828 lane=0 leader_edge= leader_lane=None leader_role_hint=main self_merge_completed=False self_merge_completed_age=-1.0 self_merge_committed=False lane_cmd_state=None lane_cmd_edge=None lane_cmd_target=None lane_cmd_executable=None same_lane=True reason=same_lane_cam gap=4.9 follow_spd=2.62 emergency=False target_before=7.5 target_after=7.196352527715962
obu-lead-car-1         | [46.2] Lead_Car role=cruise state=CRUISE->CRUISE speed=7.50 target=7.50 neighbors=11
obu-ramp-merge-4-1     | [46.1] Ramp_Merge_4 CAR_FOLLOW: sid=108 edge=1331698336 lane=0 leader_edge= leader_lane=None leader_role_hint=ramp self_merge_completed=False self_merge_completed_age=-1.0 self_merge_committed=False lane_cmd_state=None lane_cmd_edge=None lane_cmd_target=None lane_cmd_executable=None same_lane=True reason=same_lane_cam gap=6.6 follow_spd=2.62 emergency=False target_before=1.7274201297758447 target_after=1.7274201297758447
obu-main-back-right-1  | [46.2] Main_Back_Right role=cruise state=YIELDING->CRUISE speed=7.45 target=7.50 neighbors=11
obu-ramp-merge-5-1     | [46.2] Ramp_Merge_5 role=cruise state=CRUISE->CRUISE speed=6.99 target=7.50 neighbors=11
obu-ramp-merge-3-1     | [46.2] Ramp_Merge_3 role=cruise state=CRUISE->CRUISE speed=7.34 target=7.50 neighbors=11
obu-ramp-merge-2-1     | [46.2] Ramp_Merge_2 role=merge state=ABORT->ABORT speed=0.00 target=0.18 neighbors=11
obu-merge-car-1        | [46.2] Merge_Car role=cruise state=CRUISE->CRUISE speed=7.50 target=7.50 neighbors=11
obu-ramp-merge-4-1     | [46.2] Ramp_Merge_4 CAR_FOLLOW: sid=108 edge=1331698336 lane=0 leader_edge= leader_lane=None leader_role_hint=ramp self_merge_completed=False self_merge_completed_age=-1.0 self_merge_committed=False lane_cmd_state=None lane_cmd_edge=None lane_cmd_target=None lane_cmd_executable=None same_lane=True reason=same_lane_cam gap=6.4 follow_spd=2.62 emergency=False target_before=1.7214926135538642 target_after=1.7214926135538642
obu-ramp-merge-4-1     | [46.4] Ramp_Merge_4 CAR_FOLLOW: sid=108 edge=1331698336 lane=0 leader_edge= leader_lane=None leader_role_hint=ramp self_merge_completed=False self_merge_completed_age=-1.0 self_merge_committed=False lane_cmd_state=None lane_cmd_edge=None lane_cmd_target=None lane_cmd_executable=None same_lane=True reason=same_lane_cam gap=6.1 follow_spd=2.62 emergency=False target_before=1.7117677822521773 target_after=1.7117677822521773
obu-ramp-merge-4-1     | [46.4] Ramp_Merge_4 role=merge state=ABORT->ABORT speed=1.53 target=1.71 neighbors=9
obu-main-front-left-1  | [46.7] Main_Front_Left role=cruise state=CRUISE->CRUISE speed=7.50 target=7.50 neighbors=9
obu-ramp-merge-4-1     | [46.6] Ramp_Merge_4 CAR_FOLLOW: sid=108 edge=1331698336 lane=0 leader_edge= leader_lane=None leader_role_hint=ramp self_merge_completed=False self_merge_completed_age=-1.0 self_merge_committed=False lane_cmd_state=None lane_cmd_edge=None lane_cmd_target=None lane_cmd_executable=None same_lane=True reason=same_lane_cam gap=5.8 follow_spd=2.62 emergency=False target_before=1.7043222082868232 target_after=1.7043222082868232
obu-ramp-merge-4-1     | [46.9] Ramp_Merge_4 CAR_FOLLOW: sid=108 edge=1331698336 lane=0 leader_edge= leader_lane=None leader_role_hint=ramp self_merge_completed=False self_merge_completed_age=-1.0 self_merge_committed=False lane_cmd_state=None lane_cmd_edge=None lane_cmd_target=None lane_cmd_executable=None same_lane=True reason=same_lane_cam gap=5.4 follow_spd=2.62 emergency=False target_before=1.6962939793796492 target_after=1.6962939793796492
obu-ramp-back-1        | [46.8] Ramp_Back role=cruise state=CRUISE->CRUISE speed=6.84 target=7.50 neighbors=9
obu-lead-car-1         | [47.2] Lead_Car role=cruise state=CRUISE->CRUISE speed=7.50 target=7.50 neighbors=11
obu-ramp-merge-4-1     | [47.0] Ramp_Merge_4 CAR_FOLLOW: sid=108 edge=1331698336 lane=0 leader_edge= leader_lane=None leader_role_hint=ramp self_merge_completed=False self_merge_completed_age=-1.0 self_merge_committed=False lane_cmd_state=None lane_cmd_edge=None lane_cmd_target=None lane_cmd_executable=None same_lane=True reason=same_lane_cam gap=5.2 follow_spd=2.62 emergency=False target_before=1.6942572319571931 target_after=1.6942572319571931
obu-main-back-right-1  | [47.2] Main_Back_Right role=cruise state=CRUISE->CRUISE speed=7.45 target=7.50 neighbors=11
obu-main-back-left-1   | [47.1] Main_Back_Left role=cruise state=CRUISE->CRUISE speed=7.50 target=7.50 neighbors=11
obu-host-car-1         | [47.1] Host_Car role=cruise state=CRUISE->CRUISE speed=7.50 target=7.50 neighbors=11
obu-main-mid-right-1   | [47.1] Main_Mid_Right role=cruise state=CRUISE->CRUISE speed=7.50 target=7.50 neighbors=11
obu-ramp-merge-3-1     | [47.2] Ramp_Merge_3 role=cruise state=CRUISE->CRUISE speed=7.41 target=7.50 neighbors=11
obu-ramp-merge-2-1     | [47.2] Ramp_Merge_2 role=merge state=ABORT->ABORT speed=0.00 target=0.18 neighbors=11
obu-merge-car-1        | [47.2] Merge_Car role=cruise state=CRUISE->CRUISE speed=7.50 target=7.50 neighbors=11
obu-ramp-merge-4-1     | [47.2] Ramp_Merge_4 CAR_FOLLOW: sid=108 edge=1331698336 lane=0 leader_edge= leader_lane=None leader_role_hint=ramp self_merge_completed=False self_merge_completed_age=-1.0 self_merge_committed=False lane_cmd_state=None lane_cmd_edge=None lane_cmd_target=None lane_cmd_executable=None same_lane=True reason=same_lane_cam gap=4.9 follow_spd=2.25 emergency=False target_before=1.690915693217226 target_after=1.690915693217226
obu-ramp-merge-5-1     | [47.3] Ramp_Merge_5 role=cruise state=CRUISE->CRUISE speed=7.13 target=7.50 neighbors=8
obu-ramp-merge-4-1     | [47.4] Ramp_Merge_4 CAR_FOLLOW: sid=108 edge=1331698336 lane=0 leader_edge= leader_lane=None leader_role_hint=ramp self_merge_completed=False self_merge_completed_age=-1.0 self_merge_committed=False lane_cmd_state=None lane_cmd_edge=None lane_cmd_target=None lane_cmd_executable=None same_lane=True reason=same_lane_cam gap=4.6 follow_spd=2.25 emergency=False target_before=1.6883573276194386 target_after=1.6883573276194386
obu-ramp-merge-4-1     | [47.4] Ramp_Merge_4 role=merge state=ABORT->ABORT speed=1.51 target=1.69 neighbors=8
obu-ramp-merge-4-1     | [47.7] Ramp_Merge_4 MERGE_DECISION: auth=False phys=True fgok=True lgok=True hgok=True cok=True esok=True cready=True dtm=56.3 past=True committed=False hid=None ra=None lclear=True hyok=True
obu-ramp-merge-4-1     | [47.7] Ramp_Merge_4 MERGE_FAILED_LOST_AUTH_AFTER_POINT: dtm=56.3 past=True hid=None auth=False
obu-ramp-merge-4-1     | [47.7] Ramp_Merge_4 CAR_FOLLOW: sid=108 edge=1331698336 lane=0 leader_edge= leader_lane=None leader_role_hint=ramp self_merge_completed=False self_merge_completed_age=-1.0 self_merge_committed=False lane_cmd_state=None lane_cmd_edge=None lane_cmd_target=None lane_cmd_executable=None same_lane=True reason=same_lane_cam gap=4.2 follow_spd=2.25 emergency=False target_before=0.5 target_after=1.6855987565888035
obu-main-front-left-1  | [47.7] Main_Front_Left role=cruise state=CRUISE->CRUISE speed=7.50 target=7.50 neighbors=11
obu-lead-car-1         | [48.2] Lead_Car role=cruise state=CRUISE->CRUISE speed=7.50 target=7.50 neighbors=11
obu-host-car-1         | [48.2] Host_Car role=cruise state=CRUISE->CRUISE speed=7.50 target=7.50 neighbors=11
obu-ramp-merge-2-1     | [48.2] Ramp_Merge_2 MERGE_DECISION: auth=False phys=True fgok=True lgok=True hgok=True cok=True esok=True cready=True dtm=65.0 past=True committed=False hid=None ra=None lclear=True hyok=True
obu-ramp-merge-2-1     | [48.2] Ramp_Merge_2 MERGE_FAILED_LOST_AUTH_AFTER_POINT: dtm=65.0 past=True hid=None auth=False
obu-ramp-merge-2-1     | [48.2] Ramp_Merge_2 role=merge state=ABORT->ABORT speed=0.00 target=0.50 neighbors=11
obu-merge-car-1        | [48.2] Merge_Car role=cruise state=CRUISE->CRUISE speed=7.50 target=7.50 neighbors=11
obu-ramp-merge-4-1     | [47.9] Ramp_Merge_4 CAR_FOLLOW: sid=108 edge=1331698336 lane=0 leader_edge= leader_lane=None leader_role_hint=ramp self_merge_completed=False self_merge_completed_age=-1.0 self_merge_committed=False lane_cmd_state=None lane_cmd_edge=None lane_cmd_target=None lane_cmd_executable=None same_lane=True reason=same_lane_cam gap=3.9 follow_spd=2.25 emergency=False target_before=1.6842865480133027 target_after=1.6842865480133027
obu-main-mid-right-1   | [48.5] Main_Mid_Right role=cruise state=CRUISE->CRUISE speed=7.50 target=7.50 neighbors=11
obu-ramp-merge-5-1     | [48.5] Ramp_Merge_5 role=cruise state=CRUISE->CRUISE speed=7.25 target=7.50 neighbors=11
obu-ramp-merge-3-1     | [48.5] Ramp_Merge_3 role=cruise state=CRUISE->CRUISE speed=7.45 target=7.50 neighbors=11
obu-main-back-right-1  | [48.5] Main_Back_Right role=cruise state=CRUISE->CRUISE speed=7.48 target=7.50 neighbors=11
obu-ramp-back-1        | [48.5] Ramp_Back role=cruise state=CRUISE->CRUISE speed=7.22 target=7.50 neighbors=11
obu-ramp-merge-4-1     | [48.5] Ramp_Merge_4 CAR_FOLLOW: sid=108 edge=1331698336 lane=0 leader_edge= leader_lane=None leader_role_hint=ramp self_merge_completed=False self_merge_completed_age=-1.0 self_merge_committed=False lane_cmd_state=None lane_cmd_edge=None lane_cmd_target=None lane_cmd_executable=None same_lane=True reason=same_lane_cam gap=3.2 follow_spd=2.25 emergency=False target_before=1.0894495043527037 target_after=1.0894495043527037
obu-ramp-merge-4-1     | [48.5] Ramp_Merge_4 role=merge state=ABORT->ABORT speed=0.91 target=1.09 neighbors=11
obu-main-back-left-1   | [48.5] Main_Back_Left role=cruise state=CRUISE->CRUISE speed=7.50 target=7.50 neighbors=11
obu-ramp-merge-4-1     | [48.7] Ramp_Merge_4 CAR_FOLLOW: sid=108 edge=1331698336 lane=0 leader_edge= leader_lane=None leader_role_hint=ramp self_merge_completed=False self_merge_completed_age=-1.0 self_merge_committed=False lane_cmd_state=None lane_cmd_edge=None lane_cmd_target=None lane_cmd_executable=None same_lane=True reason=same_lane_cam gap=3.0 follow_spd=2.25 emergency=False target_before=0.9323921113950162 target_after=0.9323921113950162
obu-ramp-merge-4-1     | [49.0] Ramp_Merge_4 CAR_FOLLOW: sid=108 edge=1331698336 lane=0 leader_edge= leader_lane=None leader_role_hint=ramp self_merge_completed=False self_merge_completed_age=-1.0 self_merge_committed=False lane_cmd_state=None lane_cmd_edge=None lane_cmd_target=None lane_cmd_executable=None same_lane=True reason=same_lane_cam gap=2.8 follow_spd=2.25 emergency=False target_before=0.7452833293726604 target_after=0.7452833293726604
obu-host-car-1         | [49.2] Host_Car role=cruise state=CRUISE->CRUISE speed=7.50 target=7.50 neighbors=11
obu-ramp-merge-2-1     | [49.3] Ramp_Merge_2 role=merge state=ABORT->ABORT speed=0.00 target=0.18 neighbors=11
obu-merge-car-1        | [49.3] Merge_Car role=cruise state=CRUISE->CRUISE speed=7.50 target=7.50 neighbors=11
obu-main-front-left-1  | [49.3] Main_Front_Left role=cruise state=CRUISE->CRUISE speed=7.50 target=7.50 neighbors=11
obu-lead-car-1         | [49.3] Lead_Car role=cruise state=CRUISE->CRUISE speed=7.50 target=7.50 neighbors=11
obu-ramp-merge-4-1     | [49.2] Ramp_Merge_4 CAR_FOLLOW: sid=108 edge=1331698336 lane=0 leader_edge= leader_lane=None leader_role_hint=ramp self_merge_completed=False self_merge_completed_age=-1.0 self_merge_committed=False lane_cmd_state=None lane_cmd_edge=None lane_cmd_target=None lane_cmd_executable=None same_lane=True reason=same_lane_cam gap=2.7 follow_spd=2.25 emergency=False target_before=0.647176305266657 target_after=0.647176305266657
obu-ramp-merge-4-1     | [49.4] Ramp_Merge_4 CAR_FOLLOW: sid=108 edge=1331698336 lane=0 leader_edge= leader_lane=None leader_role_hint=ramp self_merge_completed=False self_merge_completed_age=-1.0 self_merge_committed=False lane_cmd_state=None lane_cmd_edge=None lane_cmd_target=None lane_cmd_executable=None same_lane=True reason=same_lane_cam gap=2.6 follow_spd=2.25 emergency=False target_before=0.5599586747399934 target_after=0.5599586747399934
obu-main-back-right-1  | [49.6] Main_Back_Right role=cruise state=CRUISE->CRUISE speed=7.49 target=7.50 neighbors=10
obu-main-back-left-1   | [49.5] Main_Back_Left role=cruise state=CRUISE->CRUISE speed=7.50 target=7.50 neighbors=11
obu-ramp-merge-4-1     | [49.5] Ramp_Merge_4 CAR_FOLLOW: sid=108 edge=1331698336 lane=0 leader_edge= leader_lane=None leader_role_hint=ramp self_merge_completed=False self_merge_completed_age=-1.0 self_merge_committed=False lane_cmd_state=None lane_cmd_edge=None lane_cmd_target=None lane_cmd_executable=None same_lane=True reason=same_lane_cam gap=2.6 follow_spd=2.25 emergency=False target_before=0.521962807265991 target_after=0.521962807265991
obu-ramp-merge-4-1     | [49.5] Ramp_Merge_4 role=merge state=ABORT->ABORT speed=0.34 target=0.52 neighbors=11
obu-ramp-merge-4-1     | [49.8] Ramp_Merge_4 CAR_FOLLOW: sid=108 edge=1331698336 lane=0 leader_edge= leader_lane=None leader_role_hint=ramp self_merge_completed=False self_merge_completed_age=-1.0 self_merge_committed=False lane_cmd_state=None lane_cmd_edge=None lane_cmd_target=None lane_cmd_executable=None same_lane=True reason=same_lane_cam gap=2.5 follow_spd=2.25 emergency=False target_before=0.4292908864969058 target_after=0.4292908864969058
obu-ramp-back-1        | [50.0] Ramp_Back role=cruise state=CRUISE->CRUISE speed=7.37 target=7.50 neighbors=11
obu-ramp-merge-4-1     | [50.0] Ramp_Merge_4 CAR_FOLLOW: sid=108 edge=1331698336 lane=0 leader_edge= leader_lane=None leader_role_hint=ramp self_merge_completed=False self_merge_completed_age=-1.0 self_merge_committed=False lane_cmd_state=None lane_cmd_edge=None lane_cmd_target=None lane_cmd_executable=None same_lane=True reason=same_lane_cam gap=2.5 follow_spd=2.25 emergency=False target_before=0.3819256180624941 target_after=0.3819256180624941
obu-main-mid-right-1   | [50.2] Main_Mid_Right role=cruise state=CRUISE->CRUISE speed=7.50 target=7.50 neighbors=11
obu-host-car-1         | [50.2] Host_Car role=cruise state=CRUISE->CRUISE speed=7.50 target=7.50 neighbors=11
obu-ramp-merge-5-1     | [50.0] Ramp_Merge_5 role=cruise state=CRUISE->CRUISE speed=7.35 target=7.50 neighbors=11
obu-ramp-merge-3-1     | [50.0] Ramp_Merge_3 role=cruise state=CRUISE->CRUISE speed=7.48 target=7.50 neighbors=11
obu-ramp-merge-4-1     | [50.1] Ramp_Merge_4 CAR_FOLLOW: sid=108 edge=1331698336 lane=0 leader_edge= leader_lane=None leader_role_hint=ramp self_merge_completed=False self_merge_completed_age=-1.0 self_merge_committed=False lane_cmd_state=None lane_cmd_edge=None lane_cmd_target=None lane_cmd_executable=None same_lane=True reason=same_lane_cam gap=2.5 follow_spd=2.25 emergency=False target_before=0.3617330562562466 target_after=0.3617330562562466
obu-ramp-merge-4-1     | [50.3] Ramp_Merge_4 CAR_FOLLOW: sid=108 edge=1331698336 lane=0 leader_edge= leader_lane=None leader_role_hint=ramp self_merge_completed=False self_merge_completed_age=-1.0 self_merge_committed=False lane_cmd_state=None lane_cmd_edge=None lane_cmd_target=None lane_cmd_executable=None same_lane=True reason=same_lane_cam gap=2.4 follow_spd=2.25 emergency=False target_before=0.32720377556755914 target_after=0.32720377556755914
obu-ramp-merge-2-1     | [50.4] Ramp_Merge_2 role=merge state=YIELDING->YIELDING speed=0.00 target=0.18 neighbors=9
obu-ramp-merge-4-1     | [50.6] Ramp_Merge_4 CAR_FOLLOW: sid=108 edge=1331698336 lane=0 leader_edge= leader_lane=None leader_role_hint=ramp self_merge_completed=False self_merge_completed_age=-1.0 self_merge_committed=False lane_cmd_state=None lane_cmd_edge=None lane_cmd_target=None lane_cmd_executable=None same_lane=True reason=same_lane_cam gap=2.4 follow_spd=2.25 emergency=False target_before=0.28731155238874856 target_after=0.28731155238874856
obu-ramp-merge-4-1     | [50.6] Ramp_Merge_4 role=merge state=ABORT->ABORT speed=0.11 target=0.29 neighbors=9
obu-ramp-merge-5-1     | [50.6] Ramp_Merge_5 CAR_FOLLOW: sid=109 edge=135424828 lane=0 leader_edge= leader_lane=None leader_role_hint=ramp self_merge_completed=True self_merge_completed_age=16.4 self_merge_committed=False lane_cmd_state=CLEAR lane_cmd_edge=1331698336 lane_cmd_target=1 lane_cmd_executable=False same_lane=True reason=same_lane_cam gap=4.7 follow_spd=2.62 emergency=False target_before=7.5 target_after=7.125270584566793
obu-ramp-merge-5-1     | MERGE_ATTEMPT_TIMELINE: vehicle=Ramp_Merge_5 manoeuvre=128 host=None lead=None event=POST_MERGE_CAR_FOLLOW t=50.6 edge=135424828 lane=0 lane_cmd_state=CLEAR speed=7.38 target=7.13 dtm=108.4 lead_gap= host_gap= lead_gap_t1= lead_gap_t2= lead_gap_t3= host_gap_t1= host_gap_t2= host_gap_t3=
obu-ramp-merge-5-1     | [50.6] Ramp_Merge_5 POST_MERGE_CAR_FOLLOW: age=16.4 sid=109 gap=4.7 reason=same_lane_cam follow_spd=2.62 self_edge=135424828 self_lane=0 leader_edge= leader_lane=None lane_cmd_state=CLEAR
obu-ramp-merge-4-1     | [50.7] Ramp_Merge_4 MERGE_DECISION: auth=False phys=True fgok=True lgok=True hgok=True cok=True esok=True cready=True dtm=58.1 past=True committed=False hid=None ra=None lclear=True hyok=True
obu-ramp-merge-4-1     | [50.7] Ramp_Merge_4 MERGE_FAILED_LOST_AUTH_AFTER_POINT: dtm=58.1 past=True hid=None auth=False
obu-ramp-merge-4-1     | [50.7] Ramp_Merge_4 CAR_FOLLOW: sid=108 edge=1331698336 lane=0 leader_edge= leader_lane=None leader_role_hint=ramp self_merge_completed=False self_merge_completed_age=-1.0 self_merge_committed=False lane_cmd_state=None lane_cmd_edge=None lane_cmd_target=None lane_cmd_executable=None same_lane=True reason=same_lane_cam gap=2.4 follow_spd=2.25 emergency=False target_before=0.5 target_after=0.2765803971498763
obu-merge-car-1        | [50.9] Merge_Car role=cruise state=CRUISE->CRUISE speed=7.50 target=7.50 neighbors=11
obu-main-front-left-1  | [51.0] Main_Front_Left role=cruise state=CRUISE->CRUISE speed=7.50 target=7.50 neighbors=11
obu-lead-car-1         | [51.0] Lead_Car role=cruise state=CRUISE->CRUISE speed=7.50 target=7.50 neighbors=11
obu-main-back-right-1  | [50.9] Main_Back_Right role=cruise state=CRUISE->CRUISE speed=7.49 target=7.50 neighbors=11
obu-main-back-left-1   | [51.0] Main_Back_Left role=cruise state=CRUISE->CRUISE speed=7.50 target=7.50 neighbors=11
obu-ramp-merge-4-1     | [51.0] Ramp_Merge_4 CAR_FOLLOW: sid=108 edge=1331698336 lane=0 leader_edge= leader_lane=None leader_role_hint=ramp self_merge_completed=False self_merge_completed_age=-1.0 self_merge_committed=False lane_cmd_state=None lane_cmd_edge=None lane_cmd_target=None lane_cmd_executable=None same_lane=True reason=same_lane_cam gap=2.4 follow_spd=2.25 emergency=False target_before=0.25040710952226214 target_after=0.25040710952226214
obu-ramp-merge-5-1     | [51.0] Ramp_Merge_5 role=cruise state=CRUISE->CRUISE speed=7.37 target=7.50 neighbors=11
obu-ramp-merge-3-1     | [51.0] Ramp_Merge_3 role=cruise state=CRUISE->CRUISE speed=7.49 target=7.50 neighbors=11
obu-ramp-back-1        | [51.1] Ramp_Back role=cruise state=CRUISE->CRUISE speed=7.43 target=7.50 neighbors=11
obu-main-mid-right-1   | [51.2] Main_Mid_Right role=cruise state=CRUISE->CRUISE speed=7.50 target=7.50 neighbors=11
obu-ramp-merge-4-1     | [51.1] Ramp_Merge_4 CAR_FOLLOW: sid=108 edge=1331698336 lane=0 leader_edge= leader_lane=None leader_role_hint=ramp self_merge_completed=False self_merge_completed_age=-1.0 self_merge_committed=False lane_cmd_state=None lane_cmd_edge=None lane_cmd_target=None lane_cmd_executable=None same_lane=True reason=same_lane_cam gap=2.4 follow_spd=2.25 emergency=False target_before=0.2433663985700371 target_after=0.2433663985700371
obu-host-car-1         | [51.3] Host_Car role=cruise state=CRUISE->CRUISE speed=7.50 target=7.50 neighbors=11
obu-ramp-merge-4-1     | [51.3] Ramp_Merge_4 MERGE_DECISION: auth=False phys=True fgok=True lgok=True hgok=True cok=True esok=True cready=True dtm=58.1 past=True committed=False hid=None ra=None lclear=True hyok=True
obu-ramp-merge-4-1     | [51.3] Ramp_Merge_4 MERGE_FAILED_LOST_AUTH_AFTER_POINT: dtm=58.1 past=True hid=None auth=False
obu-ramp-merge-4-1     | [51.3] Ramp_Merge_4 CAR_FOLLOW: sid=108 edge=1331698336 lane=0 leader_edge= leader_lane=None leader_role_hint=ramp self_merge_completed=False self_merge_completed_age=-1.0 self_merge_committed=False lane_cmd_state=None lane_cmd_edge=None lane_cmd_target=None lane_cmd_executable=None same_lane=True reason=same_lane_cam gap=2.3 follow_spd=2.25 emergency=False target_before=0.5 target_after=0.23132678284173175
obu-ramp-merge-2-1     | [51.4] Ramp_Merge_2 role=merge state=YIELDING->YIELDING speed=0.00 target=0.18 neighbors=11
obu-ramp-merge-4-1     | [51.5] Ramp_Merge_4 CAR_FOLLOW: sid=108 edge=1331698336 lane=0 leader_edge= leader_lane=None leader_role_hint=ramp self_merge_completed=False self_merge_completed_age=-1.0 self_merge_committed=False lane_cmd_state=None lane_cmd_edge=None lane_cmd_target=None lane_cmd_executable=None same_lane=True reason=same_lane_cam gap=2.3 follow_spd=2.25 emergency=False target_before=0.22157469410180902 target_after=0.22157469410180902
obu-ramp-merge-4-1     | [51.6] Ramp_Merge_4 CAR_FOLLOW: sid=108 edge=1331698336 lane=0 leader_edge= leader_lane=None leader_role_hint=ramp self_merge_completed=False self_merge_completed_age=-1.0 self_merge_committed=False lane_cmd_state=None lane_cmd_edge=None lane_cmd_target=None lane_cmd_executable=None same_lane=True reason=same_lane_cam gap=2.3 follow_spd=2.25 emergency=False target_before=0.21741722469162789 target_after=0.21741722469162789
obu-ramp-merge-4-1     | [51.6] Ramp_Merge_4 role=merge state=ABORT->ABORT speed=0.04 target=0.22 neighbors=11
obu-main-front-left-1  | [52.0] Main_Front_Left role=cruise state=CRUISE->CRUISE speed=7.50 target=7.50 neighbors=11
obu-lead-car-1         | [52.0] Lead_Car role=cruise state=CRUISE->CRUISE speed=7.50 target=7.50 neighbors=11
obu-main-back-right-1  | [51.9] Main_Back_Right role=cruise state=CRUISE->CRUISE speed=7.50 target=7.50 neighbors=11
obu-ramp-merge-4-1     | [51.9] Ramp_Merge_4 CAR_FOLLOW: sid=108 edge=1331698336 lane=0 leader_edge= leader_lane=None leader_role_hint=ramp self_merge_completed=False self_merge_completed_age=-1.0 self_merge_committed=False lane_cmd_state=None lane_cmd_edge=None lane_cmd_target=None lane_cmd_executable=None same_lane=True reason=same_lane_cam gap=2.3 follow_spd=2.25 emergency=False target_before=0.20727715680020048 target_after=0.20727715680020048
obu-merge-car-1        | [51.9] Merge_Car role=cruise state=CRUISE->CRUISE speed=7.50 target=7.50 neighbors=11
obu-main-back-left-1   | [52.1] Main_Back_Left role=cruise state=CRUISE->CRUISE speed=7.50 target=7.50 neighbors=11
obu-ramp-merge-4-1     | [52.0] Ramp_Merge_4 CAR_FOLLOW: sid=108 edge=1331698336 lane=0 leader_edge= leader_lane=None leader_role_hint=ramp self_merge_completed=False self_merge_completed_age=-1.0 self_merge_committed=False lane_cmd_state=None lane_cmd_edge=None lane_cmd_target=None lane_cmd_executable=None same_lane=True reason=same_lane_cam gap=2.3 follow_spd=2.25 emergency=False target_before=0.20454944112018375 target_after=0.20454944112018375
obu-ramp-merge-5-1     | [52.0] Ramp_Merge_5 role=cruise state=CRUISE->CRUISE speed=7.41 target=7.50 neighbors=11
obu-ramp-merge-3-1     | [52.0] Ramp_Merge_3 role=cruise state=CRUISE->CRUISE speed=7.49 target=7.50 neighbors=11
obu-ramp-back-1        | [52.1] Ramp_Back role=cruise state=CRUISE->CRUISE speed=7.46 target=7.50 neighbors=11
obu-ramp-merge-4-1     | [52.1] Ramp_Merge_4 CAR_FOLLOW: sid=108 edge=1331698336 lane=0 leader_edge= leader_lane=None leader_role_hint=ramp self_merge_completed=False self_merge_completed_age=-1.0 self_merge_committed=False lane_cmd_state=None lane_cmd_edge=None lane_cmd_target=None lane_cmd_executable=None same_lane=True reason=same_lane_cam gap=2.3 follow_spd=2.25 emergency=False target_before=0.20209449700816656 target_after=0.20209449700816656
obu-ramp-merge-4-1     | [52.3] Ramp_Merge_4 CAR_FOLLOW: sid=108 edge=1331698336 lane=0 leader_edge= leader_lane=None leader_role_hint=ramp self_merge_completed=False self_merge_completed_age=-1.0 self_merge_committed=False lane_cmd_state=None lane_cmd_edge=None lane_cmd_target=None lane_cmd_executable=None same_lane=True reason=same_lane_cam gap=2.3 follow_spd=2.25 emergency=False target_before=0.19789654257661987 target_after=0.19789654257661987
obu-ramp-merge-2-1     | [52.4] Ramp_Merge_2 role=merge state=YIELDING->YIELDING speed=0.00 target=0.18 neighbors=11
obu-main-mid-right-1   | [52.6] Main_Mid_Right role=cruise state=CRUISE->CRUISE speed=7.50 target=7.50 neighbors=11
obu-host-car-1         | [52.6] Host_Car role=cruise state=CRUISE->CRUISE speed=7.50 target=7.50 neighbors=11
obu-ramp-merge-4-1     | [52.6] Ramp_Merge_4 CAR_FOLLOW: sid=108 edge=1331698336 lane=0 leader_edge= leader_lane=None leader_role_hint=ramp self_merge_completed=False self_merge_completed_age=-1.0 self_merge_committed=False lane_cmd_state=None lane_cmd_edge=None lane_cmd_target=None lane_cmd_executable=None same_lane=True reason=same_lane_cam gap=2.3 follow_spd=2.25 emergency=False target_before=0.19304657953835197 target_after=0.19304657953835197
obu-ramp-merge-4-1     | [52.6] Ramp_Merge_4 role=merge state=ABORT->ABORT speed=0.01 target=0.19 neighbors=11
obu-ramp-merge-4-1     | [52.7] Ramp_Merge_4 CAR_FOLLOW: sid=108 edge=1331698336 lane=0 leader_edge= leader_lane=None leader_role_hint=ramp self_merge_completed=False self_merge_completed_age=-1.0 self_merge_committed=False lane_cmd_state=None lane_cmd_edge=None lane_cmd_target=None lane_cmd_executable=None same_lane=True reason=same_lane_cam gap=2.3 follow_spd=2.25 emergency=False target_before=0.1917419215845137 target_after=0.1917419215845137
obu-main-back-right-1  | [53.0] Main_Back_Right role=cruise state=CRUISE->CRUISE speed=7.50 target=7.50 neighbors=10
obu-ramp-merge-4-1     | [53.0] Ramp_Merge_4 CAR_FOLLOW: sid=108 edge=1331698336 lane=0 leader_edge= leader_lane=None leader_role_hint=ramp self_merge_completed=False self_merge_completed_age=-1.0 self_merge_committed=False lane_cmd_state=None lane_cmd_edge=None lane_cmd_target=None lane_cmd_executable=None same_lane=True reason=same_lane_cam gap=2.3 follow_spd=2.25 emergency=False target_before=0.18855986083511106 target_after=0.18855986083511106
obu-ramp-merge-3-1     | [53.0] Ramp_Merge_3 role=cruise state=CRUISE->CRUISE speed=7.50 target=7.50 neighbors=11
obu-merge-car-1        | [53.0] Merge_Car role=cruise state=CRUISE->CRUISE speed=7.50 target=7.50 neighbors=11
obu-main-front-left-1  | [53.1] Main_Front_Left role=cruise state=CRUISE->CRUISE speed=7.50 target=7.50 neighbors=11
obu-lead-car-1         | [53.1] Lead_Car role=cruise state=CRUISE->CRUISE speed=7.50 target=7.50 neighbors=11
obu-ramp-merge-5-1     | [53.0] Ramp_Merge_5 role=cruise state=CRUISE->CRUISE speed=7.45 target=7.50 neighbors=11
obu-ramp-back-1        | [53.1] Ramp_Back role=cruise state=CRUISE->CRUISE speed=7.47 target=7.50 neighbors=11
obu-main-back-left-1   | [53.5] Main_Back_Left role=cruise state=CRUISE->CRUISE speed=7.50 target=7.50 neighbors=11
obu-ramp-merge-4-1     | [53.5] Ramp_Merge_4 CAR_FOLLOW: sid=108 edge=1331698336 lane=0 leader_edge= leader_lane=None leader_role_hint=ramp self_merge_completed=False self_merge_completed_age=-1.0 self_merge_committed=False lane_cmd_state=None lane_cmd_edge=None lane_cmd_target=None lane_cmd_executable=None same_lane=True reason=same_lane_cam gap=2.3 follow_spd=2.25 emergency=False target_before=0.18505451222453012 target_after=0.18505451222453012
obu-main-mid-right-1   | [53.8] Main_Mid_Right role=cruise state=CRUISE->CRUISE speed=7.50 target=7.50 neighbors=11
obu-host-car-1         | [53.8] Host_Car role=cruise state=CRUISE->CRUISE speed=7.50 target=7.50 neighbors=11
obu-ramp-merge-4-1     | [53.7] Ramp_Merge_4 CAR_FOLLOW: sid=108 edge=1331698336 lane=0 leader_edge= leader_lane=None leader_role_hint=ramp self_merge_completed=False self_merge_completed_age=-1.0 self_merge_committed=False lane_cmd_state=None lane_cmd_edge=None lane_cmd_target=None lane_cmd_executable=None same_lane=True reason=same_lane_cam gap=2.3 follow_spd=2.25 emergency=False target_before=0.1840941549018688 target_after=0.1840941549018688
obu-ramp-merge-4-1     | [53.7] Ramp_Merge_4 role=merge state=ABORT->ABORT speed=0.00 target=0.18 neighbors=11
obu-ramp-merge-2-1     | [53.9] Ramp_Merge_2 role=merge state=YIELDING->YIELDING speed=0.00 target=0.18 neighbors=11
obu-ramp-merge-4-1     | [53.9] Ramp_Merge_4 CAR_FOLLOW: sid=108 edge=1331698336 lane=0 leader_edge= leader_lane=None leader_role_hint=ramp self_merge_completed=False self_merge_completed_age=-1.0 self_merge_committed=False lane_cmd_state=None lane_cmd_edge=None lane_cmd_target=None lane_cmd_executable=None same_lane=True reason=same_lane_cam gap=2.3 follow_spd=2.25 emergency=False target_before=0.18331626547051422 target_after=0.18331626547051422
obu-merge-car-1        | [54.0] Merge_Car role=cruise state=CRUISE->CRUISE speed=7.50 target=7.50 neighbors=11
obu-lead-car-1         | [54.1] Lead_Car role=cruise state=CRUISE->CRUISE speed=7.50 target=7.50 neighbors=11
obu-main-back-right-1  | [54.0] Main_Back_Right role=cruise state=CRUISE->CRUISE speed=7.50 target=7.50 neighbors=11
obu-ramp-merge-5-1     | [54.1] Ramp_Merge_5 role=cruise state=CRUISE->CRUISE speed=7.47 target=7.50 neighbors=9
obu-ramp-merge-3-1     | [54.2] Ramp_Merge_3 role=cruise state=CRUISE->CRUISE speed=7.50 target=7.50 neighbors=10
obu-ramp-merge-4-1     | [54.2] Ramp_Merge_4 CAR_FOLLOW: sid=108 edge=1331698336 lane=0 leader_edge= leader_lane=None leader_role_hint=ramp self_merge_completed=False self_merge_completed_age=-1.0 self_merge_committed=False lane_cmd_state=None lane_cmd_edge=None lane_cmd_target=None lane_cmd_executable=None same_lane=True reason=same_lane_cam gap=2.3 follow_spd=2.25 emergency=False target_before=0.1824175575280031 target_after=0.1824175575280031
obu-main-front-left-1  | [54.3] Main_Front_Left role=cruise state=CRUISE->CRUISE speed=7.50 target=7.50 neighbors=11
obu-ramp-back-1        | [54.2] Ramp_Back role=cruise state=CRUISE->CRUISE speed=7.49 target=7.50 neighbors=11
obu-main-back-right-1  | [55.0] Main_Back_Right role=cruise state=CRUISE->CRUISE speed=7.50 target=7.50 neighbors=11
obu-main-back-left-1   | [55.1] Main_Back_Left role=cruise state=CRUISE->CRUISE speed=7.50 target=7.50 neighbors=11
obu-main-mid-right-1   | [55.1] Main_Mid_Right role=cruise state=CRUISE->CRUISE speed=7.50 target=7.50 neighbors=11
obu-host-car-1         | [55.0] Host_Car role=cruise state=CRUISE->CRUISE speed=7.50 target=7.50 neighbors=11
obu-ramp-merge-2-1     | [55.0] Ramp_Merge_2 role=merge state=YIELDING->YIELDING speed=0.00 target=0.18 neighbors=11
obu-ramp-merge-4-1     | [55.0] Ramp_Merge_4 MERGE_DECISION: auth=False phys=True fgok=True lgok=True hgok=True cok=True esok=True cready=True dtm=58.2 past=True committed=False hid=None ra=None lclear=True hyok=True
obu-ramp-merge-4-1     | [55.0] Ramp_Merge_4 MERGE_FAILED_LOST_AUTH_AFTER_POINT: dtm=58.2 past=True hid=None auth=False
obu-ramp-merge-4-1     | [55.0] Ramp_Merge_4 CAR_FOLLOW: sid=108 edge=1331698336 lane=0 leader_edge= leader_lane=None leader_role_hint=ramp self_merge_completed=False self_merge_completed_age=-1.0 self_merge_committed=False lane_cmd_state=None lane_cmd_edge=None lane_cmd_target=None lane_cmd_executable=None same_lane=True reason=same_lane_cam gap=2.3 follow_spd=2.25 emergency=False target_before=0.5 target_after=0.18104067924409656
obu-ramp-merge-4-1     | [55.0] Ramp_Merge_4 role=merge state=ABORT->ABORT speed=0.00 target=0.18 neighbors=11
obu-merge-car-1        | [55.0] Merge_Car role=cruise state=CRUISE->CRUISE speed=7.50 target=7.50 neighbors=11
obu-main-front-left-1  | [55.3] Main_Front_Left role=cruise state=CRUISE->CRUISE speed=7.50 target=7.50 neighbors=11
obu-lead-car-1         | [55.3] Lead_Car role=cruise state=CRUISE->CRUISE speed=7.50 target=7.50 neighbors=11
obu-ramp-merge-3-1     | [55.2] Ramp_Merge_3 role=cruise state=CRUISE->CRUISE speed=7.50 target=7.50 neighbors=11
obu-ramp-merge-5-1     | [55.2] Ramp_Merge_5 role=cruise state=CRUISE->CRUISE speed=7.48 target=7.50 neighbors=11
obu-ramp-merge-4-1     | [55.2] Ramp_Merge_4 CAR_FOLLOW: sid=108 edge=1331698336 lane=0 leader_edge= leader_lane=None leader_role_hint=ramp self_merge_completed=False self_merge_completed_age=-1.0 self_merge_committed=False lane_cmd_state=None lane_cmd_edge=None lane_cmd_target=None lane_cmd_executable=None same_lane=True reason=same_lane_cam gap=2.3 follow_spd=2.25 emergency=False target_before=0.18084295018771507 target_after=0.18084295018771507
obu-ramp-back-1        | [55.3] Ramp_Back role=cruise state=CRUISE->CRUISE speed=7.49 target=7.50 neighbors=9
obu-ramp-merge-4-1     | [55.5] Ramp_Merge_4 CAR_FOLLOW: sid=108 edge=1331698336 lane=0 leader_edge= leader_lane=None leader_role_hint=ramp self_merge_completed=False self_merge_completed_age=-1.0 self_merge_committed=False lane_cmd_state=None lane_cmd_edge=None lane_cmd_target=None lane_cmd_executable=None same_lane=True reason=same_lane_cam gap=2.3 follow_spd=2.25 emergency=False target_before=0.18061451068684925 target_after=0.18061451068684925
obu-ramp-merge-5-1     | [55.6] Ramp_Merge_5 CAR_FOLLOW: sid=109 edge=135424828 lane=0 leader_edge= leader_lane=None leader_role_hint=ramp self_merge_completed=True self_merge_completed_age=21.4 self_merge_committed=False lane_cmd_state=CLEAR lane_cmd_edge=1331698336 lane_cmd_target=1 lane_cmd_executable=False same_lane=True reason=same_lane_cam gap=4.9 follow_spd=2.62 emergency=False target_before=7.5 target_after=7.233622606273451
obu-ramp-merge-5-1     | MERGE_ATTEMPT_TIMELINE: vehicle=Ramp_Merge_5 manoeuvre=128 host=None lead=None event=POST_MERGE_CAR_FOLLOW t=55.6 edge=135424828 lane=0 lane_cmd_state=CLEAR speed=7.48 target=7.23 dtm=145.5 lead_gap= host_gap= lead_gap_t1= lead_gap_t2= lead_gap_t3= host_gap_t1= host_gap_t2= host_gap_t3=
obu-ramp-merge-5-1     | [55.6] Ramp_Merge_5 POST_MERGE_CAR_FOLLOW: age=21.4 sid=109 gap=4.9 reason=same_lane_cam follow_spd=2.62 self_edge=135424828 self_lane=0 leader_edge= leader_lane=None lane_cmd_state=CLEAR
obu-ramp-merge-4-1     | [55.6] Ramp_Merge_4 CAR_FOLLOW: sid=108 edge=1331698336 lane=0 leader_edge= leader_lane=None leader_role_hint=ramp self_merge_completed=False self_merge_completed_age=-1.0 self_merge_committed=False lane_cmd_state=None lane_cmd_edge=None lane_cmd_target=None lane_cmd_executable=None same_lane=True reason=same_lane_cam gap=2.3 follow_spd=2.25 emergency=False target_before=0.18055305961816764 target_after=0.18055305961816764
obu-ramp-merge-4-1     | [55.8] Ramp_Merge_4 CAR_FOLLOW: sid=108 edge=1331698336 lane=0 leader_edge= leader_lane=None leader_role_hint=ramp self_merge_completed=False self_merge_completed_age=-1.0 self_merge_committed=False lane_cmd_state=None lane_cmd_edge=None lane_cmd_target=None lane_cmd_executable=None same_lane=True reason=same_lane_cam gap=2.3 follow_spd=2.25 emergency=False target_before=0.18044797829072018 target_after=0.18044797829072018
obu-ramp-merge-2-1     | [56.0] Ramp_Merge_2 role=merge state=YIELDING->YIELDING speed=0.00 target=0.18 neighbors=11
obu-merge-car-1        | [56.0] Merge_Car role=cruise state=CRUISE->CRUISE speed=7.50 target=7.50 neighbors=11
obu-ramp-merge-4-1     | [55.9] Ramp_Merge_4 CAR_FOLLOW: sid=108 edge=1331698336 lane=0 leader_edge= leader_lane=None leader_role_hint=ramp self_merge_completed=False self_merge_completed_age=-1.0 self_merge_committed=False lane_cmd_state=None lane_cmd_edge=None lane_cmd_target=None lane_cmd_executable=None same_lane=True reason=same_lane_cam gap=2.3 follow_spd=2.25 emergency=False target_before=0.18040318046165077 target_after=0.18040318046165077
obu-main-back-right-1  | [56.0] Main_Back_Right role=cruise state=CRUISE->CRUISE speed=7.50 target=7.50 neighbors=11
obu-main-back-left-1   | [56.1] Main_Back_Left role=cruise state=CRUISE->CRUISE speed=7.50 target=7.50 neighbors=11
obu-main-mid-right-1   | [56.2] Main_Mid_Right role=cruise state=CRUISE->CRUISE speed=7.50 target=7.50 neighbors=11
obu-host-car-1         | [56.2] Host_Car role=cruise state=CRUISE->CRUISE speed=7.50 target=7.50 neighbors=11
obu-ramp-merge-4-1     | [56.1] Ramp_Merge_4 CAR_FOLLOW: sid=108 edge=1331698336 lane=0 leader_edge= leader_lane=None leader_role_hint=ramp self_merge_completed=False self_merge_completed_age=-1.0 self_merge_committed=False lane_cmd_state=None lane_cmd_edge=None lane_cmd_target=None lane_cmd_executable=None same_lane=True reason=same_lane_cam gap=2.3 follow_spd=2.25 emergency=False target_before=0.1803265761739376 target_after=0.1803265761739376
obu-ramp-merge-4-1     | [56.1] Ramp_Merge_4 role=merge state=ABORT->ABORT speed=0.00 target=0.18 neighbors=11
obu-lead-car-1         | [56.3] Lead_Car role=cruise state=CRUISE->CRUISE speed=7.50 target=7.50 neighbors=11
obu-ramp-merge-3-1     | [56.3] Ramp_Merge_3 role=cruise state=CRUISE->CRUISE speed=7.50 target=7.50 neighbors=11
obu-ramp-merge-5-1     | [56.3] Ramp_Merge_5 role=cruise state=CRUISE->CRUISE speed=7.48 target=7.50 neighbors=11
obu-ramp-merge-4-1     | [56.3] Ramp_Merge_4 CAR_FOLLOW: sid=108 edge=1331698336 lane=0 leader_edge= leader_lane=None leader_role_hint=ramp self_merge_completed=False self_merge_completed_age=-1.0 self_merge_committed=False lane_cmd_state=None lane_cmd_edge=None lane_cmd_target=None lane_cmd_executable=None same_lane=True reason=same_lane_cam gap=2.3 follow_spd=2.25 emergency=False target_before=0.18026452670088638 target_after=0.18026452670088638
obu-ramp-back-1        | [56.4] Ramp_Back role=cruise state=CRUISE->CRUISE speed=7.50 target=7.50 neighbors=11
obu-ramp-merge-4-1     | [56.4] Ramp_Merge_4 CAR_FOLLOW: sid=108 edge=1331698336 lane=0 leader_edge= leader_lane=None leader_role_hint=ramp self_merge_completed=False self_merge_completed_age=-1.0 self_merge_committed=False lane_cmd_state=None lane_cmd_edge=None lane_cmd_target=None lane_cmd_executable=None same_lane=True reason=same_lane_cam gap=2.3 follow_spd=2.25 emergency=False target_before=0.18023807403079467 target_after=0.18023807403079467
obu-ramp-merge-4-1     | [56.7] Ramp_Merge_4 CAR_FOLLOW: sid=108 edge=1331698336 lane=0 leader_edge= leader_lane=None leader_role_hint=ramp self_merge_completed=False self_merge_completed_age=-1.0 self_merge_committed=False lane_cmd_state=None lane_cmd_edge=None lane_cmd_target=None lane_cmd_executable=None same_lane=True reason=same_lane_cam gap=2.3 follow_spd=2.25 emergency=False target_before=0.18017355596844958 target_after=0.18017355596844958
obu-main-front-left-1  | [57.0] Main_Front_Left role=cruise state=CRUISE->CRUISE speed=7.50 target=7.50 neighbors=11
obu-ramp-merge-4-1     | [56.9] Ramp_Merge_4 CAR_FOLLOW: sid=108 edge=1331698336 lane=0 leader_edge= leader_lane=None leader_role_hint=ramp self_merge_completed=False self_merge_completed_age=-1.0 self_merge_committed=False lane_cmd_state=None lane_cmd_edge=None lane_cmd_target=None lane_cmd_executable=None same_lane=True reason=same_lane_cam gap=2.3 follow_spd=2.25 emergency=False target_before=0.18014058033444308 target_after=0.18014058033444308
obu-ramp-merge-2-1     | [57.0] Ramp_Merge_2 role=merge state=YIELDING->YIELDING speed=0.00 target=0.18 neighbors=11
obu-merge-car-1        | [57.0] Merge_Car role=cruise state=CRUISE->CRUISE speed=7.50 target=7.50 neighbors=11
obu-ramp-merge-4-1     | [57.0] Ramp_Merge_4 CAR_FOLLOW: sid=108 edge=1331698336 lane=0 leader_edge= leader_lane=None leader_role_hint=ramp self_merge_completed=False self_merge_completed_age=-1.0 self_merge_committed=False lane_cmd_state=None lane_cmd_edge=None lane_cmd_target=None lane_cmd_executable=None same_lane=True reason=same_lane_cam gap=2.3 follow_spd=2.25 emergency=False target_before=0.18012652230099996 target_after=0.18012652230099996
obu-main-back-right-1  | [57.2] Main_Back_Right role=cruise state=CRUISE->CRUISE speed=7.50 target=7.50 neighbors=11
obu-lead-car-1         | [57.3] Lead_Car role=cruise state=CRUISE->CRUISE speed=7.50 target=7.50 neighbors=11
obu-main-mid-right-1   | [57.2] Main_Mid_Right role=cruise state=CRUISE->CRUISE speed=7.50 target=7.50 neighbors=11
obu-main-back-left-1   | [57.2] Main_Back_Left role=cruise state=CRUISE->CRUISE speed=7.50 target=7.50 neighbors=11
obu-host-car-1         | [57.2] Host_Car role=cruise state=CRUISE->CRUISE speed=7.50 target=7.50 neighbors=11
obu-ramp-merge-4-1     | [57.2] Ramp_Merge_4 CAR_FOLLOW: sid=108 edge=1331698336 lane=0 leader_edge= leader_lane=None leader_role_hint=ramp self_merge_completed=False self_merge_completed_age=-1.0 self_merge_committed=False lane_cmd_state=None lane_cmd_edge=None lane_cmd_target=None lane_cmd_executable=None same_lane=True reason=same_lane_cam gap=2.3 follow_spd=2.25 emergency=False target_before=0.18010248306381066 target_after=0.18010248306381066
obu-ramp-merge-4-1     | [57.2] Ramp_Merge_4 role=merge state=ABORT->ABORT speed=0.00 target=0.18 neighbors=11
obu-ramp-merge-4-1     | [57.5] Ramp_Merge_4 CAR_FOLLOW: sid=108 edge=1331698336 lane=0 leader_edge= leader_lane=None leader_role_hint=ramp self_merge_completed=False self_merge_completed_age=-1.0 self_merge_committed=False lane_cmd_state=None lane_cmd_edge=None lane_cmd_target=None lane_cmd_executable=None same_lane=True reason=same_lane_cam gap=2.3 follow_spd=2.25 emergency=False target_before=0.18007471015351734 target_after=0.18007471015351734
obu-ramp-merge-4-1     | [57.6] Ramp_Merge_4 CAR_FOLLOW: sid=108 edge=1331698336 lane=0 leader_edge= leader_lane=None leader_role_hint=ramp self_merge_completed=False self_merge_completed_age=-1.0 self_merge_committed=False lane_cmd_state=None lane_cmd_edge=None lane_cmd_target=None lane_cmd_executable=None same_lane=True reason=same_lane_cam gap=2.3 follow_spd=2.25 emergency=False target_before=0.18006723913816608 target_after=0.18006723913816608
obu-ramp-merge-3-1     | [57.8] Ramp_Merge_3 role=cruise state=CRUISE->CRUISE speed=7.50 target=7.50 neighbors=11
obu-ramp-merge-5-1     | [57.8] Ramp_Merge_5 role=cruise state=CRUISE->CRUISE speed=7.49 target=7.50 neighbors=11
obu-ramp-merge-4-1     | [57.8] Ramp_Merge_4 CAR_FOLLOW: sid=108 edge=1331698336 lane=0 leader_edge= leader_lane=None leader_role_hint=ramp self_merge_completed=False self_merge_completed_age=-1.0 self_merge_committed=False lane_cmd_state=None lane_cmd_edge=None lane_cmd_target=None lane_cmd_executable=None same_lane=True reason=same_lane_cam gap=2.3 follow_spd=2.25 emergency=False target_before=0.1800544637019194 target_after=0.1800544637019194
obu-ramp-back-1        | [57.8] Ramp_Back role=cruise state=CRUISE->CRUISE speed=7.50 target=7.50 neighbors=11
obu-main-front-left-1  | [58.0] Main_Front_Left role=cruise state=CRUISE->CRUISE speed=7.50 target=7.50 neighbors=11
obu-ramp-merge-4-1     | [58.0] Ramp_Merge_4 MERGE_DECISION: auth=False phys=True fgok=True lgok=True hgok=True cok=True esok=True cready=True dtm=58.2 past=True committed=False hid=None ra=None lclear=True hyok=True
obu-ramp-merge-4-1     | [58.0] Ramp_Merge_4 MERGE_FAILED_LOST_AUTH_AFTER_POINT: dtm=58.2 past=True hid=None auth=False
obu-ramp-merge-4-1     | [58.0] Ramp_Merge_4 CAR_FOLLOW: sid=108 edge=1331698336 lane=0 leader_edge= leader_lane=None leader_role_hint=ramp self_merge_completed=False self_merge_completed_age=-1.0 self_merge_committed=False lane_cmd_state=None lane_cmd_edge=None lane_cmd_target=None lane_cmd_executable=None same_lane=True reason=same_lane_cam gap=2.3 follow_spd=2.25 emergency=False target_before=0.5 target_after=0.18004411559856032
obu-ramp-merge-2-1     | [58.2] Ramp_Merge_2 role=merge state=YIELDING->YIELDING speed=0.00 target=0.18 neighbors=11
obu-merge-car-1        | [58.2] Merge_Car role=cruise state=CRUISE->CRUISE speed=7.50 target=7.50 neighbors=11
obu-ramp-merge-4-1     | [58.2] Ramp_Merge_4 CAR_FOLLOW: sid=108 edge=1331698336 lane=0 leader_edge= leader_lane=None leader_role_hint=ramp self_merge_completed=False self_merge_completed_age=-1.0 self_merge_committed=False lane_cmd_state=None lane_cmd_edge=None lane_cmd_target=None lane_cmd_executable=None same_lane=True reason=same_lane_cam gap=2.3 follow_spd=2.25 emergency=False target_before=0.18003573363483633 target_after=0.18003573363483633
obu-ramp-merge-4-1     | [58.2] Ramp_Merge_4 role=merge state=ABORT->ABORT speed=0.00 target=0.18 neighbors=11
obu-main-back-right-1  | [58.2] Main_Back_Right role=cruise state=CRUISE->CRUISE speed=7.50 target=7.50 neighbors=11
obu-lead-car-1         | [58.3] Lead_Car role=cruise state=CRUISE->CRUISE speed=7.50 target=7.50 neighbors=11
obu-main-mid-right-1   | [58.2] Main_Mid_Right role=cruise state=CRUISE->CRUISE speed=7.50 target=7.50 neighbors=11
obu-main-back-left-1   | [58.2] Main_Back_Left role=cruise state=CRUISE->CRUISE speed=7.50 target=7.50 neighbors=11
obu-host-car-1         | [58.2] Host_Car role=cruise state=CRUISE->CRUISE speed=7.50 target=7.50 neighbors=11
obu-ramp-merge-4-1     | [58.5] Ramp_Merge_4 CAR_FOLLOW: sid=108 edge=1331698336 lane=0 leader_edge= leader_lane=None leader_role_hint=ramp self_merge_completed=False self_merge_completed_age=-1.0 self_merge_committed=False lane_cmd_state=None lane_cmd_edge=None lane_cmd_target=None lane_cmd_executable=None same_lane=True reason=same_lane_cam gap=2.3 follow_spd=2.25 emergency=False target_before=0.18002604981979936 target_after=0.18002604981979936
obu-ramp-merge-4-1     | [58.7] Ramp_Merge_4 CAR_FOLLOW: sid=108 edge=1331698336 lane=0 leader_edge= leader_lane=None leader_role_hint=ramp self_merge_completed=False self_merge_completed_age=-1.0 self_merge_committed=False lane_cmd_state=None lane_cmd_edge=None lane_cmd_target=None lane_cmd_executable=None same_lane=True reason=same_lane_cam gap=2.3 follow_spd=2.25 emergency=False target_before=0.18002110035403768 target_after=0.18002110035403768
obu-ramp-merge-3-1     | [58.9] Ramp_Merge_3 role=cruise state=CRUISE->CRUISE speed=7.50 target=7.50 neighbors=11
obu-ramp-merge-5-1     | [58.9] Ramp_Merge_5 role=cruise state=CRUISE->CRUISE speed=7.49 target=7.50 neighbors=11
obu-main-front-left-1  | [59.0] Main_Front_Left role=cruise state=CRUISE->CRUISE speed=7.50 target=7.50 neighbors=11
obu-ramp-merge-4-1     | [59.0] Ramp_Merge_4 CAR_FOLLOW: sid=108 edge=1331698336 lane=0 leader_edge= leader_lane=None leader_role_hint=ramp self_merge_completed=False self_merge_completed_age=-1.0 self_merge_committed=False lane_cmd_state=None lane_cmd_edge=None lane_cmd_target=None lane_cmd_executable=None same_lane=True reason=same_lane_cam gap=2.3 follow_spd=2.25 emergency=False target_before=0.18001538215809426 target_after=0.18001538215809426
obu-ramp-back-1        | [59.0] Ramp_Back role=cruise state=CRUISE->CRUISE speed=7.50 target=7.50 neighbors=11
obu-merge-car-1        | [59.3] Merge_Car role=cruise state=CRUISE->CRUISE speed=7.50 target=7.50 neighbors=11
obu-ramp-merge-2-1     | [59.3] Ramp_Merge_2 role=merge state=YIELDING->YIELDING speed=0.00 target=0.18 neighbors=11
obu-ramp-merge-4-1     | [59.3] Ramp_Merge_4 CAR_FOLLOW: sid=108 edge=1331698336 lane=0 leader_edge= leader_lane=None leader_role_hint=ramp self_merge_completed=False self_merge_completed_age=-1.0 self_merge_committed=False lane_cmd_state=None lane_cmd_edge=None lane_cmd_target=None lane_cmd_executable=None same_lane=True reason=same_lane_cam gap=2.3 follow_spd=2.25 emergency=False target_before=0.1800112135932445 target_after=0.1800112135932445
obu-ramp-merge-4-1     | [59.3] Ramp_Merge_4 role=merge state=ABORT->ABORT speed=0.00 target=0.18 neighbors=11
obu-main-back-right-1  | [59.3] Main_Back_Right role=cruise state=CRUISE->CRUISE speed=7.50 target=7.50 neighbors=11
obu-lead-car-1         | [59.4] Lead_Car role=cruise state=CRUISE->CRUISE speed=7.50 target=7.50 neighbors=11
obu-main-mid-right-1   | [59.3] Main_Mid_Right role=cruise state=CRUISE->CRUISE speed=7.50 target=7.50 neighbors=11
obu-main-back-left-1   | [59.3] Main_Back_Left role=cruise state=CRUISE->CRUISE speed=7.50 target=7.50 neighbors=11
obu-host-car-1         | [59.3] Host_Car role=cruise state=CRUISE->CRUISE speed=7.50 target=7.50 neighbors=11
obu-ramp-merge-4-1     | [59.4] Ramp_Merge_4 CAR_FOLLOW: sid=108 edge=1331698336 lane=0 leader_edge= leader_lane=None leader_role_hint=ramp self_merge_completed=False self_merge_completed_age=-1.0 self_merge_committed=False lane_cmd_state=None lane_cmd_edge=None lane_cmd_target=None lane_cmd_executable=None same_lane=True reason=same_lane_cam gap=2.3 follow_spd=2.25 emergency=False target_before=0.18001009223391912 target_after=0.18001009223391912
obu-ramp-merge-4-1     | [59.6] Ramp_Merge_4 CAR_FOLLOW: sid=108 edge=1331698336 lane=0 leader_edge= leader_lane=None leader_role_hint=ramp self_merge_completed=False self_merge_completed_age=-1.0 self_merge_committed=False lane_cmd_state=None lane_cmd_edge=None lane_cmd_target=None lane_cmd_executable=None same_lane=True reason=same_lane_cam gap=2.3 follow_spd=2.25 emergency=False target_before=0.1800081747094759 target_after=0.1800081747094759
obu-ramp-merge-4-1     | [59.7] Ramp_Merge_4 CAR_FOLLOW: sid=108 edge=1331698336 lane=0 leader_edge= leader_lane=None leader_role_hint=ramp self_merge_completed=False self_merge_completed_age=-1.0 self_merge_committed=False lane_cmd_state=None lane_cmd_edge=None lane_cmd_target=None lane_cmd_executable=None same_lane=True reason=same_lane_cam gap=2.3 follow_spd=2.25 emergency=False target_before=0.18000735723852807 target_after=0.18000735723852807
obu-ramp-merge-3-1     | [59.9] Ramp_Merge_3 role=cruise state=CRUISE->CRUISE speed=7.50 target=7.50 neighbors=11
obu-ramp-merge-5-1     | [59.9] Ramp_Merge_5 role=cruise state=CRUISE->CRUISE speed=7.50 target=7.50 neighbors=11
obu-ramp-merge-4-1     | [60.0] Ramp_Merge_4 CAR_FOLLOW: sid=108 edge=1331698336 lane=0 leader_edge= leader_lane=None leader_role_hint=ramp self_merge_completed=False self_merge_completed_age=-1.0 self_merge_committed=False lane_cmd_state=None lane_cmd_edge=None lane_cmd_target=None lane_cmd_executable=None same_lane=True reason=same_lane_cam gap=2.3 follow_spd=2.25 emergency=False target_before=0.18000536342689138 target_after=0.18000536342689138
obu-ramp-merge-4-1     | [60.1] Ramp_Merge_4 CAR_FOLLOW: sid=108 edge=1331698336 lane=0 leader_edge= leader_lane=None leader_role_hint=ramp self_merge_completed=False self_merge_completed_age=-1.0 self_merge_committed=False lane_cmd_state=None lane_cmd_edge=None lane_cmd_target=None lane_cmd_executable=None same_lane=True reason=same_lane_cam gap=2.3 follow_spd=2.25 emergency=False target_before=0.180004827084202 target_after=0.180004827084202
obu-ramp-back-1        | [60.1] Ramp_Back role=cruise state=CRUISE->CRUISE speed=7.50 target=7.50 neighbors=11
obu-merge-car-1        | [60.4] Merge_Car role=cruise state=CRUISE->CRUISE speed=7.50 target=7.50 neighbors=11
obu-main-front-left-1  | [60.4] Main_Front_Left role=cruise state=CRUISE->CRUISE speed=7.50 target=7.50 neighbors=11
obu-ramp-merge-2-1     | [60.4] Ramp_Merge_2 role=merge state=YIELDING->YIELDING speed=0.00 target=0.18 neighbors=11
obu-ramp-merge-4-1     | [60.4] Ramp_Merge_4 CAR_FOLLOW: sid=108 edge=1331698336 lane=0 leader_edge= leader_lane=None leader_role_hint=ramp self_merge_completed=False self_merge_completed_age=-1.0 self_merge_committed=False lane_cmd_state=None lane_cmd_edge=None lane_cmd_target=None lane_cmd_executable=None same_lane=True reason=same_lane_cam gap=2.3 follow_spd=2.25 emergency=False target_before=0.18000351894437977 target_after=0.18000351894437977
obu-ramp-merge-4-1     | [60.4] Ramp_Merge_4 role=merge state=ABORT->ABORT speed=0.00 target=0.18 neighbors=11
obu-lead-car-1         | [60.4] Lead_Car role=cruise state=CRUISE->CRUISE speed=7.50 target=7.50 neighbors=11
obu-main-back-right-1  | [60.4] Main_Back_Right role=cruise state=CRUISE->CRUISE speed=7.50 target=7.50 neighbors=11
obu-main-mid-right-1   | [60.4] Main_Mid_Right role=cruise state=CRUISE->CRUISE speed=7.50 target=7.50 neighbors=11
obu-main-back-left-1   | [60.4] Main_Back_Left role=cruise state=CRUISE->CRUISE speed=7.50 target=7.50 neighbors=11
obu-host-car-1         | [60.4] Host_Car role=cruise state=CRUISE->CRUISE speed=7.50 target=7.50 neighbors=11
obu-ramp-merge-4-1     | [60.5] Ramp_Merge_4 CAR_FOLLOW: sid=108 edge=1331698336 lane=0 leader_edge= leader_lane=None leader_role_hint=ramp self_merge_completed=False self_merge_completed_age=-1.0 self_merge_committed=False lane_cmd_state=None lane_cmd_edge=None lane_cmd_target=None lane_cmd_executable=None same_lane=True reason=same_lane_cam gap=2.3 follow_spd=2.25 emergency=False target_before=0.1800031670499444 target_after=0.1800031670499444
obu-ramp-merge-4-1     | [60.7] Ramp_Merge_4 CAR_FOLLOW: sid=108 edge=1331698336 lane=0 leader_edge= leader_lane=None leader_role_hint=ramp self_merge_completed=False self_merge_completed_age=-1.0 self_merge_committed=False lane_cmd_state=None lane_cmd_edge=None lane_cmd_target=None lane_cmd_executable=None same_lane=True reason=same_lane_cam gap=2.3 follow_spd=2.25 emergency=False target_before=0.18000256531045772 target_after=0.18000256531045772
obu-ramp-merge-5-1     | [61.1] Ramp_Merge_5 CAR_FOLLOW: sid=109 edge=135424828 lane=0 leader_edge= leader_lane=None leader_role_hint=ramp self_merge_completed=True self_merge_completed_age=26.9 self_merge_committed=False lane_cmd_state=CLEAR lane_cmd_edge=1331698336 lane_cmd_target=1 lane_cmd_executable=False same_lane=True reason=same_lane_cam gap=4.2 follow_spd=2.62 emergency=False target_before=7.5 target_after=7.248006621618311
obu-ramp-merge-5-1     | MERGE_ATTEMPT_TIMELINE: vehicle=Ramp_Merge_5 manoeuvre=128 host=None lead=None event=POST_MERGE_CAR_FOLLOW t=61.1 edge=135424828 lane=0 lane_cmd_state=CLEAR speed=7.50 target=7.25 dtm=186.7 lead_gap= host_gap= lead_gap_t1= lead_gap_t2= lead_gap_t3= host_gap_t1= host_gap_t2= host_gap_t3=
obu-ramp-merge-5-1     | [61.1] Ramp_Merge_5 POST_MERGE_CAR_FOLLOW: age=26.9 sid=109 gap=4.2 reason=same_lane_cam follow_spd=2.62 self_edge=135424828 self_lane=0 leader_edge= leader_lane=None lane_cmd_state=CLEAR
obu-ramp-merge-5-1     | [61.1] Ramp_Merge_5 role=cruise state=CRUISE->YIELDING speed=7.50 target=7.25 neighbors=11
obu-ramp-merge-4-1     | [61.1] Ramp_Merge_4 MERGE_DECISION: auth=False phys=True fgok=True lgok=True hgok=True cok=True esok=True cready=True dtm=58.2 past=True committed=False hid=None ra=None lclear=True hyok=True
obu-ramp-merge-4-1     | [61.1] Ramp_Merge_4 MERGE_FAILED_LOST_AUTH_AFTER_POINT: dtm=58.2 past=True hid=None auth=False
obu-ramp-merge-4-1     | [61.1] Ramp_Merge_4 CAR_FOLLOW: sid=108 edge=1331698336 lane=0 leader_edge= leader_lane=None leader_role_hint=ramp self_merge_completed=False self_merge_completed_age=-1.0 self_merge_committed=False lane_cmd_state=None lane_cmd_edge=None lane_cmd_target=None lane_cmd_executable=None same_lane=True reason=same_lane_cam gap=2.3 follow_spd=2.25 emergency=False target_before=0.5 target_after=0.180001683100192
obu-ramp-back-1        | [61.1] Ramp_Back role=cruise state=CRUISE->CRUISE speed=7.50 target=7.50 neighbors=11
obu-ramp-merge-3-1     | [61.1] Ramp_Merge_3 role=cruise state=CRUISE->CRUISE speed=7.50 target=7.50 neighbors=11
obu-ramp-merge-4-1     | [61.2] Ramp_Merge_4 CAR_FOLLOW: sid=108 edge=1331698336 lane=0 leader_edge= leader_lane=None leader_role_hint=ramp self_merge_completed=False self_merge_completed_age=-1.0 self_merge_committed=False lane_cmd_state=None lane_cmd_edge=None lane_cmd_target=None lane_cmd_executable=None same_lane=True reason=same_lane_cam gap=2.3 follow_spd=2.25 emergency=False target_before=0.1800015147901754 target_after=0.1800015147901754
obu-merge-car-1        | [61.4] Merge_Car role=cruise state=CRUISE->CRUISE speed=7.50 target=7.50 neighbors=11
obu-main-front-left-1  | [61.4] Main_Front_Left role=cruise state=CRUISE->CRUISE speed=7.50 target=7.50 neighbors=11
obu-ramp-merge-4-1     | [61.4] Ramp_Merge_4 CAR_FOLLOW: sid=108 edge=1331698336 lane=0 leader_edge= leader_lane=None leader_role_hint=ramp self_merge_completed=False self_merge_completed_age=-1.0 self_merge_committed=False lane_cmd_state=None lane_cmd_edge=None lane_cmd_target=None lane_cmd_executable=None same_lane=True reason=same_lane_cam gap=2.3 follow_spd=2.25 emergency=False target_before=0.18000122698004412 target_after=0.18000122698004412
obu-ramp-merge-4-1     | [61.4] Ramp_Merge_4 role=merge state=ABORT->ABORT speed=0.00 target=0.18 neighbors=11
obu-main-back-right-1  | [61.4] Main_Back_Right role=cruise state=CRUISE->CRUISE speed=7.50 target=7.50 neighbors=11
obu-ramp-merge-2-1     | [61.5] Ramp_Merge_2 role=merge state=YIELDING->YIELDING speed=0.00 target=0.18 neighbors=11
obu-ramp-merge-4-1     | [61.5] Ramp_Merge_4 CAR_FOLLOW: sid=108 edge=1331698336 lane=0 leader_edge= leader_lane=None leader_role_hint=ramp self_merge_completed=False self_merge_completed_age=-1.0 self_merge_committed=False lane_cmd_state=None lane_cmd_edge=None lane_cmd_target=None lane_cmd_executable=None same_lane=True reason=same_lane_cam gap=2.3 follow_spd=2.25 emergency=False target_before=0.18000110428203947 target_after=0.18000110428203947
obu-ramp-merge-4-1     | [61.9] Ramp_Merge_4 CAR_FOLLOW: sid=108 edge=1331698336 lane=0 leader_edge= leader_lane=None leader_role_hint=ramp self_merge_completed=False self_merge_completed_age=-1.0 self_merge_committed=False lane_cmd_state=None lane_cmd_edge=None lane_cmd_target=None lane_cmd_executable=None same_lane=True reason=same_lane_cam gap=2.3 follow_spd=2.25 emergency=False target_before=0.1800007245194501 target_after=0.1800007245194501
obu-main-mid-right-1   | [62.0] Main_Mid_Right role=cruise state=CRUISE->CRUISE speed=7.50 target=7.50 neighbors=11
obu-main-back-left-1   | [61.7] Main_Back_Left role=cruise state=CRUISE->CRUISE speed=7.50 target=7.50 neighbors=11
obu-host-car-1         | [62.0] Host_Car role=cruise state=CRUISE->CRUISE speed=7.50 target=7.50 neighbors=11
obu-ramp-merge-4-1     | [62.0] Ramp_Merge_4 CAR_FOLLOW: sid=108 edge=1331698336 lane=0 leader_edge= leader_lane=None leader_role_hint=ramp self_merge_completed=False self_merge_completed_age=-1.0 self_merge_committed=False lane_cmd_state=None lane_cmd_edge=None lane_cmd_target=None lane_cmd_executable=None same_lane=True reason=same_lane_cam gap=2.3 follow_spd=2.25 emergency=False target_before=0.18000065206750343 target_after=0.18000065206750343
obu-ramp-merge-4-1     | [62.1] Ramp_Merge_4 CAR_FOLLOW: sid=108 edge=1331698336 lane=0 leader_edge= leader_lane=None leader_role_hint=ramp self_merge_completed=False self_merge_completed_age=-1.0 self_merge_committed=False lane_cmd_state=None lane_cmd_edge=None lane_cmd_target=None lane_cmd_executable=None same_lane=True reason=same_lane_cam gap=2.3 follow_spd=2.25 emergency=False target_before=0.18000058686075499 target_after=0.18000058686075499
obu-ramp-back-1        | [62.1] Ramp_Back role=cruise state=CRUISE->CRUISE speed=7.50 target=7.50 neighbors=11
obu-main-front-left-1  | [62.4] Main_Front_Left role=cruise state=CRUISE->CRUISE speed=7.50 target=7.50 neighbors=10
obu-ramp-merge-4-1     | [62.4] Ramp_Merge_4 CAR_FOLLOW: sid=108 edge=1331698336 lane=0 leader_edge= leader_lane=None leader_role_hint=ramp self_merge_completed=False self_merge_completed_age=-1.0 self_merge_committed=False lane_cmd_state=None lane_cmd_edge=None lane_cmd_target=None lane_cmd_executable=None same_lane=True reason=same_lane_cam gap=2.3 follow_spd=2.25 emergency=False target_before=0.1800004278214879 target_after=0.1800004278214879
obu-ramp-merge-4-1     | [62.4] Ramp_Merge_4 role=merge state=ABORT->ABORT speed=0.00 target=0.18 neighbors=10
obu-merge-car-1        | [62.6] Merge_Car role=cruise state=CRUISE->CRUISE speed=7.50 target=7.50 neighbors=10
obu-ramp-merge-2-1     | [62.5] Ramp_Merge_2 role=merge state=YIELDING->YIELDING speed=0.00 target=0.18 neighbors=10
obu-ramp-merge-4-1     | [62.5] Ramp_Merge_4 CAR_FOLLOW: sid=108 edge=1331698336 lane=0 leader_edge= leader_lane=None leader_role_hint=ramp self_merge_completed=False self_merge_completed_age=-1.0 self_merge_committed=False lane_cmd_state=None lane_cmd_edge=None lane_cmd_target=None lane_cmd_executable=None same_lane=True reason=same_lane_cam gap=2.3 follow_spd=2.25 emergency=False target_before=0.1800003850393403 target_after=0.1800003850393403
obu-main-back-left-1   | [62.7] Main_Back_Left role=cruise state=CRUISE->CRUISE speed=7.50 target=7.50 neighbors=10
obu-ramp-merge-3-1     | [62.9] Ramp_Merge_3 role=cruise state=CRUISE->CRUISE speed=7.50 target=7.50 neighbors=11
obu-ramp-merge-5-1     | [62.8] Ramp_Merge_5 role=cruise state=CRUISE->CRUISE speed=7.43 target=7.50 neighbors=11
obu-main-back-right-1  | [63.0] Main_Back_Right role=cruise state=CRUISE->CRUISE speed=7.50 target=7.50 neighbors=11
obu-main-mid-right-1   | [63.0] Main_Mid_Right role=cruise state=CRUISE->CRUISE speed=7.50 target=7.50 neighbors=11
obu-ramp-merge-4-1     | [62.8] Ramp_Merge_4 CAR_FOLLOW: sid=108 edge=1331698336 lane=0 leader_edge= leader_lane=None leader_role_hint=ramp self_merge_completed=False self_merge_completed_age=-1.0 self_merge_committed=False lane_cmd_state=None lane_cmd_edge=None lane_cmd_target=None lane_cmd_executable=None same_lane=True reason=same_lane_cam gap=2.3 follow_spd=2.25 emergency=False target_before=0.18000028069368107 target_after=0.18000028069368107
obu-ramp-merge-4-1     | [63.0] Ramp_Merge_4 CAR_FOLLOW: sid=108 edge=1331698336 lane=0 leader_edge= leader_lane=None leader_role_hint=ramp self_merge_completed=False self_merge_completed_age=-1.0 self_merge_committed=False lane_cmd_state=None lane_cmd_edge=None lane_cmd_target=None lane_cmd_executable=None same_lane=True reason=same_lane_cam gap=2.3 follow_spd=2.25 emergency=False target_before=0.1800002273618852 target_after=0.1800002273618852
obu-host-car-1         | [63.0] Host_Car role=cruise state=CRUISE->CRUISE speed=7.50 target=7.50 neighbors=11
obu-ramp-back-1        | [63.1] Ramp_Back role=cruise state=CRUISE->CRUISE speed=7.50 target=7.50 neighbors=8
obu-ramp-merge-4-1     | [63.1] Ramp_Merge_4 CAR_FOLLOW: sid=108 edge=1331698336 lane=0 leader_edge= leader_lane=None leader_role_hint=ramp self_merge_completed=False self_merge_completed_age=-1.0 self_merge_committed=False lane_cmd_state=None lane_cmd_edge=None lane_cmd_target=None lane_cmd_executable=None same_lane=True reason=same_lane_cam gap=2.3 follow_spd=2.25 emergency=False target_before=0.18000020462569716 target_after=0.18000020462569716
obu-main-front-left-1  | [63.4] Main_Front_Left role=cruise state=CRUISE->CRUISE speed=7.50 target=7.50 neighbors=8
obu-ramp-merge-4-1     | [63.5] Ramp_Merge_4 CAR_FOLLOW: sid=108 edge=1331698336 lane=0 leader_edge= leader_lane=None leader_role_hint=ramp self_merge_completed=False self_merge_completed_age=-1.0 self_merge_committed=False lane_cmd_state=None lane_cmd_edge=None lane_cmd_target=None lane_cmd_executable=None same_lane=True reason=same_lane_cam gap=2.3 follow_spd=2.25 emergency=False target_before=0.18000013425491596 target_after=0.18000013425491596
obu-ramp-merge-4-1     | [63.5] Ramp_Merge_4 role=merge state=ABORT->ABORT speed=0.00 target=0.18 neighbors=8
obu-merge-car-1        | [63.7] Merge_Car role=cruise state=CRUISE->CRUISE speed=7.50 target=7.50 neighbors=8
obu-ramp-merge-2-1     | [63.7] Ramp_Merge_2 role=merge state=YIELDING->YIELDING speed=0.00 target=0.18 neighbors=10
obu-ramp-merge-4-1     | [63.7] Ramp_Merge_4 CAR_FOLLOW: sid=108 edge=1331698336 lane=0 leader_edge= leader_lane=None leader_role_hint=ramp self_merge_completed=False self_merge_completed_age=-1.0 self_merge_committed=False lane_cmd_state=None lane_cmd_edge=None lane_cmd_target=None lane_cmd_executable=None same_lane=True reason=same_lane_cam gap=2.3 follow_spd=2.25 emergency=False target_before=0.18000010874648148 target_after=0.18000010874648148
obu-main-back-left-1   | [63.7] Main_Back_Left role=cruise state=CRUISE->CRUISE speed=7.50 target=7.50 neighbors=10
obu-main-mid-right-1   | [64.0] Main_Mid_Right role=cruise state=CRUISE->CRUISE speed=7.50 target=7.50 neighbors=10
obu-main-front-left-1  | [64.5] Main_Front_Left role=cruise state=CRUISE->CRUISE speed=7.50 target=7.50 neighbors=10
obu-ramp-merge-3-1     | [64.7] Ramp_Merge_3 role=cruise state=CRUISE->CRUISE speed=7.50 target=7.50 neighbors=10
obu-ramp-merge-5-1     | [64.2] Ramp_Merge_5 role=cruise state=CRUISE->CRUISE speed=7.47 target=7.50 neighbors=10
obu-merge-car-1        | [64.7] Merge_Car role=cruise state=CRUISE->CRUISE speed=7.50 target=7.50 neighbors=10
obu-ramp-merge-2-1     | [64.8] Ramp_Merge_2 role=merge state=YIELDING->YIELDING speed=0.00 target=0.18 neighbors=10
obu-main-back-right-1  | [64.8] Main_Back_Right role=cruise state=CRUISE->CRUISE speed=7.50 target=7.50 neighbors=10
obu-ramp-back-1        | [64.2] Ramp_Back role=cruise state=CRUISE->CRUISE speed=7.50 target=7.50 neighbors=10
obu-host-car-1         | [64.8] Host_Car role=cruise state=CRUISE->CRUISE speed=7.50 target=7.50 neighbors=10
obu-main-back-left-1   | [64.7] Main_Back_Left role=cruise state=CRUISE->CRUISE speed=7.50 target=7.50 neighbors=10
obu-ramp-merge-2-1     | [64.9] Ramp_Merge_2 MERGE_DECISION: auth=False phys=True fgok=True lgok=True hgok=True cok=True esok=True cready=True dtm=65.0 past=True committed=False hid=None ra=None lclear=True hyok=True
obu-ramp-merge-2-1     | [64.9] Ramp_Merge_2 MERGE_FAILED_LOST_AUTH_AFTER_POINT: dtm=65.0 past=True hid=None auth=False
obu-main-mid-right-1   | [65.0] Main_Mid_Right role=cruise state=CRUISE->CRUISE speed=7.50 target=7.50 neighbors=1
obu-ramp-merge-4-1     | [64.9] Ramp_Merge_4 MERGE_DECISION: auth=False phys=True fgok=True lgok=True hgok=True cok=True esok=True cready=True dtm=58.2 past=True committed=False hid=None ra=None lclear=True hyok=True
obu-ramp-merge-4-1     | [64.9] Ramp_Merge_4 MERGE_FAILED_LOST_AUTH_AFTER_POINT: dtm=58.2 past=True hid=None auth=False
obu-ramp-merge-4-1     | [64.9] Ramp_Merge_4 role=merge state=ABORT->ABORT speed=0.00 target=0.50 neighbors=2
obu-ramp-back-1        | [65.3] Ramp_Back role=cruise state=CRUISE->CRUISE speed=7.50 target=7.50 neighbors=2
obu-ramp-merge-3-1     | [65.7] Ramp_Merge_3 role=cruise state=CRUISE->CRUISE speed=7.50 target=7.50 neighbors=5
obu-merge-car-1        | [65.7] Merge_Car role=cruise state=CRUISE->CRUISE speed=7.50 target=7.50 neighbors=9
obu-ramp-merge-4-1     | [65.7] Ramp_Merge_4 CAR_FOLLOW: sid=108 edge=1331698336 lane=0 leader_edge= leader_lane=None leader_role_hint=ramp self_merge_completed=False self_merge_completed_age=-1.0 self_merge_committed=False lane_cmd_state=None lane_cmd_edge=None lane_cmd_target=None lane_cmd_executable=None same_lane=True reason=same_lane_cam gap=2.3 follow_spd=2.25 emergency=False target_before=0.18000001322103792 target_after=0.18000001322103792
obu-host-car-1         | [65.8] Host_Car role=cruise state=CRUISE->CRUISE speed=7.50 target=7.50 neighbors=9
obu-main-back-left-1   | [65.7] Main_Back_Left role=cruise state=CRUISE->CRUISE speed=7.50 target=7.50 neighbors=10
obu-ramp-merge-5-1     | [65.7] Ramp_Merge_5 role=cruise state=CRUISE->CRUISE speed=7.48 target=7.50 neighbors=10
obu-ramp-merge-2-1     | [65.8] Ramp_Merge_2 role=merge state=ABORT->YIELDING speed=0.00 target=0.18 neighbors=9
obu-main-back-right-1  | [65.9] Main_Back_Right role=cruise state=CRUISE->CRUISE speed=7.50 target=7.50 neighbors=9
obu-ramp-merge-3-1     | [66.8] Ramp_Merge_3 role=cruise state=CRUISE->CRUISE speed=7.50 target=7.50 neighbors=9
obu-ramp-merge-5-1     | [66.7] Ramp_Merge_5 role=cruise state=CRUISE->CRUISE speed=7.49 target=7.50 neighbors=9
obu-merge-car-1        | [66.8] Merge_Car role=cruise state=CRUISE->CRUISE speed=7.50 target=7.50 neighbors=9
obu-ramp-back-1        | [66.7] Ramp_Back role=cruise state=CRUISE->CRUISE speed=7.50 target=7.50 neighbors=9
obu-ramp-merge-4-1     | [67.0] Ramp_Merge_4 CAR_FOLLOW: sid=108 edge=1331698336 lane=0 leader_edge= leader_lane=None leader_role_hint=ramp self_merge_completed=False self_merge_completed_age=-1.0 self_merge_committed=False lane_cmd_state=None lane_cmd_edge=None lane_cmd_target=None lane_cmd_executable=None same_lane=True reason=same_lane_cam gap=2.3 follow_spd=2.25 emergency=False target_before=0.180000003360609 target_after=0.180000003360609
obu-ramp-merge-4-1     | [67.0] Ramp_Merge_4 role=merge state=ABORT->ABORT speed=0.00 target=0.18 neighbors=8
obu-host-car-1         | [66.8] Host_Car role=cruise state=CRUISE->CRUISE speed=7.50 target=7.50 neighbors=9
obu-main-back-left-1   | [66.8] Main_Back_Left role=cruise state=CRUISE->CRUISE speed=7.50 target=7.50 neighbors=9
obu-ramp-merge-2-1     | [67.0] Ramp_Merge_2 role=merge state=YIELDING->YIELDING speed=0.00 target=0.18 neighbors=9
obu-main-back-right-1  | [67.2] Main_Back_Right role=cruise state=CRUISE->CRUISE speed=7.50 target=7.50 neighbors=8
obu-main-mid-right-1   | [67.2] Main_Mid_Right role=cruise state=CRUISE->CRUISE speed=7.50 target=7.50 neighbors=9
obu-host-car-1         | [67.8] Host_Car role=cruise state=CRUISE->CRUISE speed=7.50 target=7.50 neighbors=7
obu-main-back-left-1   | [67.8] Main_Back_Left role=cruise state=CRUISE->CRUISE speed=7.50 target=7.50 neighbors=7
obu-ramp-merge-2-1     | [68.1] Ramp_Merge_2 role=merge state=YIELDING->YIELDING speed=0.00 target=0.18 neighbors=9
obu-ramp-back-1        | [68.0] Ramp_Back role=cruise state=CRUISE->CRUISE speed=7.50 target=7.50 neighbors=9
obu-ramp-merge-4-1     | [68.1] Ramp_Merge_4 MERGE_DECISION: auth=False phys=True fgok=True lgok=True hgok=True cok=True esok=True cready=True dtm=58.2 past=True committed=False hid=None ra=None lclear=True hyok=True
obu-ramp-merge-4-1     | [68.1] Ramp_Merge_4 MERGE_FAILED_LOST_AUTH_AFTER_POINT: dtm=58.2 past=True hid=None auth=False
obu-ramp-merge-4-1     | [68.1] Ramp_Merge_4 CAR_FOLLOW: sid=108 edge=1331698336 lane=0 leader_edge= leader_lane=None leader_role_hint=ramp self_merge_completed=False self_merge_completed_age=-1.0 self_merge_committed=False lane_cmd_state=None lane_cmd_edge=None lane_cmd_target=None lane_cmd_executable=None same_lane=True reason=same_lane_cam gap=2.3 follow_spd=2.25 emergency=False target_before=0.5 target_after=0.1800000010545923
obu-ramp-merge-4-1     | [68.1] Ramp_Merge_4 role=merge state=ABORT->ABORT speed=0.00 target=0.18 neighbors=9
obu-ramp-merge-5-1     | [68.2] Ramp_Merge_5 role=cruise state=CRUISE->CRUISE speed=7.50 target=7.50 neighbors=8
obu-ramp-merge-3-1     | [68.1] Ramp_Merge_3 role=cruise state=CRUISE->CRUISE speed=7.50 target=7.50 neighbors=8
obu-merge-car-1        | [68.1] Merge_Car role=cruise state=CRUISE->CRUISE speed=7.50 target=7.50 neighbors=9
obu-ramp-merge-2-1     | [68.2] Ramp_Merge_2 MERGE_DECISION: auth=False phys=True fgok=True lgok=True hgok=True cok=True esok=True cready=True dtm=65.0 past=True committed=False hid=None ra=None lclear=True hyok=True
obu-ramp-merge-2-1     | [68.2] Ramp_Merge_2 MERGE_FAILED_LOST_AUTH_AFTER_POINT: dtm=65.0 past=True hid=None auth=False
obu-main-back-right-1  | [68.2] Main_Back_Right role=cruise state=CRUISE->CRUISE speed=7.50 target=7.50 neighbors=8
obu-main-mid-right-1   | [68.2] Main_Mid_Right role=cruise state=CRUISE->CRUISE speed=7.50 target=7.50 neighbors=8
obu-ramp-merge-4-1     | [68.2] Ramp_Merge_4 CAR_FOLLOW: sid=108 edge=1331698336 lane=0 leader_edge= leader_lane=None leader_role_hint=ramp self_merge_completed=False self_merge_completed_age=-1.0 self_merge_committed=False lane_cmd_state=None lane_cmd_edge=None lane_cmd_target=None lane_cmd_executable=None same_lane=True reason=same_lane_cam gap=2.3 follow_spd=2.25 emergency=False target_before=0.18000000094913354 target_after=0.18000000094913354
obu-ramp-merge-4-1     | [68.4] Ramp_Merge_4 CAR_FOLLOW: sid=108 edge=1331698336 lane=0 leader_edge= leader_lane=None leader_role_hint=ramp self_merge_completed=False self_merge_completed_age=-1.0 self_merge_committed=False lane_cmd_state=None lane_cmd_edge=None lane_cmd_target=None lane_cmd_executable=None same_lane=True reason=same_lane_cam gap=2.3 follow_spd=2.25 emergency=False target_before=0.1800000007687978 target_after=0.1800000007687978
obu-ramp-merge-4-1     | [68.6] Ramp_Merge_4 CAR_FOLLOW: sid=108 edge=1331698336 lane=0 leader_edge= leader_lane=None leader_role_hint=ramp self_merge_completed=False self_merge_completed_age=-1.0 self_merge_committed=False lane_cmd_state=None lane_cmd_edge=None lane_cmd_target=None lane_cmd_executable=None same_lane=True reason=same_lane_cam gap=2.3 follow_spd=2.25 emergency=False target_before=0.18000000062272442 target_after=0.18000000062272442
obu-merge-car-1        | [68.9] Merge_Car CAR_FOLLOW: sid=103 edge=135424828 lane=0 leader_edge= leader_lane=None leader_role_hint=main self_merge_completed=True self_merge_completed_age=51.5 self_merge_committed=False lane_cmd_state=CLEAR lane_cmd_edge=1331698336 lane_cmd_target=1 lane_cmd_executable=False same_lane=True reason=same_lane_cam gap=3.6 follow_spd=2.62 emergency=False target_before=7.5 target_after=7.249999999995369
obu-merge-car-1        | MERGE_ATTEMPT_TIMELINE: vehicle=Merge_Car manoeuvre=5 host=None lead=None event=POST_MERGE_CAR_FOLLOW t=68.9 edge=135424828 lane=0 lane_cmd_state=CLEAR speed=7.50 target=7.25 dtm=399.1 lead_gap= host_gap= lead_gap_t1= lead_gap_t2= lead_gap_t3= host_gap_t1= host_gap_t2= host_gap_t3=
obu-merge-car-1        | [68.9] Merge_Car POST_MERGE_CAR_FOLLOW: age=51.5 sid=103 gap=3.6 reason=same_lane_cam follow_spd=2.62 self_edge=135424828 self_lane=0 leader_edge= leader_lane=None lane_cmd_state=CLEAR
obu-ramp-merge-4-1     | [69.1] Ramp_Merge_4 CAR_FOLLOW: sid=108 edge=1331698336 lane=0 leader_edge= leader_lane=None leader_role_hint=ramp self_merge_completed=False self_merge_completed_age=-1.0 self_merge_committed=False lane_cmd_state=None lane_cmd_edge=None lane_cmd_target=None lane_cmd_executable=None same_lane=True reason=same_lane_cam gap=2.3 follow_spd=2.25 emergency=False target_before=0.18000000036771063 target_after=0.18000000036771063
obu-ramp-merge-4-1     | [69.1] Ramp_Merge_4 role=merge state=ABORT->ABORT speed=0.00 target=0.18 neighbors=9
obu-host-car-1         | [69.2] Host_Car role=cruise state=CRUISE->CRUISE speed=7.50 target=7.50 neighbors=9
obu-main-back-left-1   | [69.2] Main_Back_Left role=cruise state=CRUISE->CRUISE speed=7.50 target=7.50 neighbors=9
obu-ramp-merge-3-1     | [69.1] Ramp_Merge_3 role=cruise state=CRUISE->CRUISE speed=7.50 target=7.50 neighbors=9
obu-merge-car-1        | [69.1] Merge_Car role=cruise state=YIELDING->CRUISE speed=7.50 target=7.50 neighbors=9
obu-ramp-merge-2-1     | [69.1] Ramp_Merge_2 role=merge state=ABORT->YIELDING speed=0.00 target=0.18 neighbors=9
obu-ramp-back-1        | [69.1] Ramp_Back role=cruise state=CRUISE->CRUISE speed=7.50 target=7.50 neighbors=9
obu-ramp-merge-4-1     | [69.2] Ramp_Merge_4 CAR_FOLLOW: sid=108 edge=1331698336 lane=0 leader_edge= leader_lane=None leader_role_hint=ramp self_merge_completed=False self_merge_completed_age=-1.0 self_merge_committed=False lane_cmd_state=None lane_cmd_edge=None lane_cmd_target=None lane_cmd_executable=None same_lane=True reason=same_lane_cam gap=2.3 follow_spd=2.25 emergency=False target_before=0.18000000033094005 target_after=0.18000000033094005
obu-ramp-merge-5-1     | [69.3] Ramp_Merge_5 role=cruise state=CRUISE->CRUISE speed=7.50 target=7.50 neighbors=9
obu-main-back-right-1  | [69.4] Main_Back_Right role=cruise state=CRUISE->CRUISE speed=7.50 target=7.50 neighbors=9
obu-ramp-merge-4-1     | [69.6] Ramp_Merge_4 CAR_FOLLOW: sid=108 edge=1331698336 lane=0 leader_edge= leader_lane=None leader_role_hint=ramp self_merge_completed=False self_merge_completed_age=-1.0 self_merge_committed=False lane_cmd_state=None lane_cmd_edge=None lane_cmd_target=None lane_cmd_executable=None same_lane=True reason=same_lane_cam gap=2.3 follow_spd=2.25 emergency=False target_before=0.1800000002171253 target_after=0.1800000002171253
obu-ramp-merge-4-1     | [69.7] Ramp_Merge_4 CAR_FOLLOW: sid=108 edge=1331698336 lane=0 leader_edge= leader_lane=None leader_role_hint=ramp self_merge_completed=False self_merge_completed_age=-1.0 self_merge_committed=False lane_cmd_state=None lane_cmd_edge=None lane_cmd_target=None lane_cmd_executable=None same_lane=True reason=same_lane_cam gap=2.3 follow_spd=2.25 emergency=False target_before=0.18000000019541113 target_after=0.18000000019541113
obu-ramp-merge-5-1     | [69.8] Ramp_Merge_5 CAR_FOLLOW: sid=109 edge=135424828 lane=0 leader_edge= leader_lane=None leader_role_hint=ramp self_merge_completed=True self_merge_completed_age=35.6 self_merge_committed=False lane_cmd_state=CLEAR lane_cmd_edge=1331698336 lane_cmd_target=1 lane_cmd_executable=False same_lane=True reason=same_lane_cam gap=4.4 follow_spd=2.62 emergency=False target_before=7.5 target_after=7.248087748559115
obu-ramp-merge-5-1     | MERGE_ATTEMPT_TIMELINE: vehicle=Ramp_Merge_5 manoeuvre=128 host=None lead=None event=POST_MERGE_CAR_FOLLOW t=69.8 edge=135424828 lane=0 lane_cmd_state=CLEAR speed=7.50 target=7.25 dtm=251.7 lead_gap= host_gap= lead_gap_t1= lead_gap_t2= lead_gap_t3= host_gap_t1= host_gap_t2= host_gap_t3=
obu-ramp-merge-5-1     | [69.8] Ramp_Merge_5 POST_MERGE_CAR_FOLLOW: age=35.6 sid=109 gap=4.4 reason=same_lane_cam follow_spd=2.62 self_edge=135424828 self_lane=0 leader_edge= leader_lane=None lane_cmd_state=CLEAR
obu-ramp-merge-4-1     | [70.2] Ramp_Merge_4 CAR_FOLLOW: sid=108 edge=1331698336 lane=0 leader_edge= leader_lane=None leader_role_hint=ramp self_merge_completed=False self_merge_completed_age=-1.0 self_merge_committed=False lane_cmd_state=None lane_cmd_edge=None lane_cmd_target=None lane_cmd_executable=None same_lane=True reason=same_lane_cam gap=2.3 follow_spd=2.25 emergency=False target_before=0.1800000001153898 target_after=0.1800000001153898
obu-ramp-merge-4-1     | [70.2] Ramp_Merge_4 role=merge state=ABORT->ABORT speed=0.00 target=0.18 neighbors=4
obu-main-back-left-1   | [70.2] Main_Back_Left role=cruise state=CRUISE->CRUISE speed=7.50 target=7.50 neighbors=8
obu-ramp-merge-3-1     | [70.2] Ramp_Merge_3 role=cruise state=CRUISE->CRUISE speed=7.50 target=7.50 neighbors=8
obu-merge-car-1        | [70.2] Merge_Car role=cruise state=CRUISE->CRUISE speed=7.49 target=7.50 neighbors=8
obu-ramp-merge-2-1     | [70.2] Ramp_Merge_2 role=merge state=YIELDING->YIELDING speed=0.00 target=0.18 neighbors=8
obu-ramp-back-1        | [70.2] Ramp_Back role=cruise state=CRUISE->CRUISE speed=7.50 target=7.50 neighbors=8
obu-host-car-1         | [70.4] Host_Car role=cruise state=CRUISE->CRUISE speed=7.50 target=7.50 neighbors=8
obu-main-back-right-1  | [70.4] Main_Back_Right role=cruise state=CRUISE->CRUISE speed=7.50 target=7.50 neighbors=8
obu-main-back-right-1  | [70.9] Main_Back_Right CAR_FOLLOW: sid=105 edge=135424828 lane=0 leader_edge= leader_lane=None leader_role_hint=main self_merge_completed=False self_merge_completed_age=-1.0 self_merge_committed=False lane_cmd_state=None lane_cmd_edge=None lane_cmd_target=None lane_cmd_executable=None same_lane=True reason=same_lane_cam gap=2.8 follow_spd=2.62 emergency=False target_before=7.5 target_after=7.249999745263844
obu-ramp-merge-5-1     | [71.2] Ramp_Merge_5 role=cruise state=CRUISE->CRUISE speed=7.48 target=7.50 neighbors=8
obu-ramp-merge-3-1     | [71.3] Ramp_Merge_3 role=cruise state=CRUISE->CRUISE speed=7.50 target=7.50 neighbors=8
obu-ramp-merge-2-1     | [71.3] Ramp_Merge_2 role=merge state=YIELDING->YIELDING speed=0.00 target=0.18 neighbors=8
obu-ramp-back-1        | [71.2] Ramp_Back role=cruise state=CRUISE->CRUISE speed=7.50 target=7.50 neighbors=8
obu-ramp-merge-4-1     | [71.3] Ramp_Merge_4 MERGE_DECISION: auth=False phys=True fgok=True lgok=True hgok=True cok=True esok=True cready=True dtm=58.2 past=True committed=False hid=None ra=None lclear=True hyok=True
obu-ramp-merge-4-1     | [71.3] Ramp_Merge_4 MERGE_FAILED_LOST_AUTH_AFTER_POINT: dtm=58.2 past=True hid=None auth=False
obu-ramp-merge-4-1     | [71.3] Ramp_Merge_4 CAR_FOLLOW: sid=108 edge=1331698336 lane=0 leader_edge= leader_lane=None leader_role_hint=ramp self_merge_completed=False self_merge_completed_age=-1.0 self_merge_committed=False lane_cmd_state=None lane_cmd_edge=None lane_cmd_target=None lane_cmd_executable=None same_lane=True reason=same_lane_cam gap=2.3 follow_spd=2.25 emergency=False target_before=0.5 target_after=0.18000000003621403
obu-ramp-merge-4-1     | [71.3] Ramp_Merge_4 role=merge state=ABORT->ABORT speed=0.00 target=0.18 neighbors=7
obu-main-back-left-1   | [71.5] Main_Back_Left role=cruise state=CRUISE->CRUISE speed=7.50 target=7.50 neighbors=8
obu-main-back-right-1  | [71.5] Main_Back_Right role=cruise state=CRUISE->CRUISE speed=7.48 target=7.50 neighbors=8
obu-ramp-merge-4-1     | [71.5] Ramp_Merge_4 CAR_FOLLOW: sid=108 edge=1331698336 lane=0 leader_edge= leader_lane=None leader_role_hint=ramp self_merge_completed=False self_merge_completed_age=-1.0 self_merge_committed=False lane_cmd_state=None lane_cmd_edge=None lane_cmd_target=None lane_cmd_executable=None same_lane=True reason=same_lane_cam gap=2.3 follow_spd=2.25 emergency=False target_before=0.18000000002932887 target_after=0.18000000002932887
obu-host-car-1         | [71.5] Host_Car role=cruise state=CRUISE->CRUISE speed=7.50 target=7.50 neighbors=8
obu-ramp-merge-4-1     | [71.7] Ramp_Merge_4 CAR_FOLLOW: sid=108 edge=1331698336 lane=0 leader_edge= leader_lane=None leader_role_hint=ramp self_merge_completed=False self_merge_completed_age=-1.0 self_merge_committed=False lane_cmd_state=None lane_cmd_edge=None lane_cmd_target=None lane_cmd_executable=None same_lane=True reason=same_lane_cam gap=2.3 follow_spd=2.25 emergency=False target_before=0.1800000000237582 target_after=0.1800000000237582
obu-ramp-merge-5-1     | [71.8] Ramp_Merge_5 CAR_FOLLOW: sid=109 edge=135424828 lane=0 leader_edge= leader_lane=None leader_role_hint=ramp self_merge_completed=True self_merge_completed_age=37.6 self_merge_committed=False lane_cmd_state=CLEAR lane_cmd_edge=1331698336 lane_cmd_target=1 lane_cmd_executable=False same_lane=True reason=same_lane_cam gap=3.7 follow_spd=2.62 emergency=False target_before=7.5 target_after=7.2373364828372
obu-ramp-merge-5-1     | MERGE_ATTEMPT_TIMELINE: vehicle=Ramp_Merge_5 manoeuvre=128 host=None lead=None event=POST_MERGE_CAR_FOLLOW t=71.8 edge=135424828 lane=0 lane_cmd_state=CLEAR speed=7.49 target=7.24 dtm=266.7 lead_gap= host_gap= lead_gap_t1= lead_gap_t2= lead_gap_t3= host_gap_t1= host_gap_t2= host_gap_t3=
obu-ramp-merge-5-1     | [71.8] Ramp_Merge_5 POST_MERGE_CAR_FOLLOW: age=37.6 sid=109 gap=3.7 reason=same_lane_cam follow_spd=2.62 self_edge=135424828 self_lane=0 leader_edge= leader_lane=None lane_cmd_state=CLEAR
obu-main-back-right-1  | [72.0] Main_Back_Right CAR_FOLLOW: sid=105 edge=135424828 lane=0 leader_edge= leader_lane=None leader_role_hint=main self_merge_completed=False self_merge_completed_age=-1.0 self_merge_committed=False lane_cmd_state=None lane_cmd_edge=None lane_cmd_target=None lane_cmd_executable=None same_lane=True reason=same_lane_cam gap=2.1 follow_spd=2.62 emergency=False target_before=7.5 target_after=7.231138925536266
obu-ramp-back-1        | [72.2] Ramp_Back role=cruise state=CRUISE->CRUISE speed=7.50 target=7.50 neighbors=8
obu-ramp-merge-4-1     | [72.2] Ramp_Merge_4 CAR_FOLLOW: sid=108 edge=1331698336 lane=0 leader_edge= leader_lane=None leader_role_hint=ramp self_merge_completed=False self_merge_completed_age=-1.0 self_merge_committed=False lane_cmd_state=None lane_cmd_edge=None lane_cmd_target=None lane_cmd_executable=None same_lane=True reason=same_lane_cam gap=2.3 follow_spd=2.25 emergency=False target_before=0.18000000001403088 target_after=0.18000000001403088
obu-ramp-merge-5-1     | [72.2] Ramp_Merge_5 role=cruise state=YIELDING->CRUISE speed=7.49 target=7.50 neighbors=8
obu-ramp-merge-3-1     | [72.3] Ramp_Merge_3 role=cruise state=CRUISE->CRUISE speed=7.50 target=7.50 neighbors=8
obu-ramp-merge-2-1     | [72.3] Ramp_Merge_2 role=merge state=YIELDING->YIELDING speed=0.00 target=0.18 neighbors=8
obu-main-back-left-1   | [72.5] Main_Back_Left role=cruise state=CRUISE->CRUISE speed=7.50 target=7.50 neighbors=8
obu-main-back-right-1  | [72.5] Main_Back_Right role=cruise state=CRUISE->CRUISE speed=7.47 target=7.50 neighbors=8
obu-host-car-1         | [72.6] Host_Car role=cruise state=CRUISE->CRUISE speed=7.50 target=7.50 neighbors=8
obu-main-back-right-1  | [73.2] Main_Back_Right CAR_FOLLOW: sid=105 edge=135424828 lane=0 leader_edge= leader_lane=None leader_role_hint=main self_merge_completed=False self_merge_completed_age=-1.0 self_merge_committed=False lane_cmd_state=None lane_cmd_edge=None lane_cmd_target=None lane_cmd_executable=None same_lane=True reason=same_lane_cam gap=2.9 follow_spd=2.62 emergency=False target_before=7.5 target_after=7.210136583871131
obu-ramp-merge-4-1     | [72.6] Ramp_Merge_4 CAR_FOLLOW: sid=108 edge=1331698336 lane=0 leader_edge= leader_lane=None leader_role_hint=ramp self_merge_completed=False self_merge_completed_age=-1.0 self_merge_committed=False lane_cmd_state=None lane_cmd_edge=None lane_cmd_target=None lane_cmd_executable=None same_lane=True reason=same_lane_cam gap=2.3 follow_spd=2.25 emergency=False target_before=0.1800000000092063 target_after=0.1800000000092063
obu-ramp-merge-4-1     | [72.6] Ramp_Merge_4 role=merge state=ABORT->ABORT speed=0.00 target=0.18 neighbors=8
obu-main-back-left-1   | [73.5] Main_Back_Left role=cruise state=CRUISE->CRUISE speed=7.50 target=7.50 neighbors=7
obu-ramp-merge-5-1     | [73.4] Ramp_Merge_5 role=cruise state=CRUISE->CRUISE speed=7.48 target=7.50 neighbors=7
obu-ramp-merge-3-1     | [73.5] Ramp_Merge_3 role=cruise state=CRUISE->CRUISE speed=7.50 target=7.50 neighbors=7
obu-ramp-merge-2-1     | [73.5] Ramp_Merge_2 role=merge state=YIELDING->YIELDING speed=0.00 target=0.18 neighbors=7
obu-ramp-back-1        | [73.4] Ramp_Back role=cruise state=CRUISE->CRUISE speed=7.50 target=7.50 neighbors=7
obu-main-back-right-1  | [73.5] Main_Back_Right role=cruise state=YIELDING->CRUISE speed=7.47 target=7.50 neighbors=4
obu-ramp-merge-4-1     | [73.6] Ramp_Merge_4 CAR_FOLLOW: sid=108 edge=1331698336 lane=0 leader_edge= leader_lane=None leader_role_hint=ramp self_merge_completed=False self_merge_completed_age=-1.0 self_merge_committed=False lane_cmd_state=None lane_cmd_edge=None lane_cmd_target=None lane_cmd_executable=None same_lane=True reason=same_lane_cam gap=2.3 follow_spd=2.25 emergency=False target_before=0.18000000000320932 target_after=0.18000000000320932
obu-ramp-merge-4-1     | [73.6] Ramp_Merge_4 role=merge state=ABORT->ABORT speed=0.00 target=0.18 neighbors=7
obu-ramp-merge-4-1     | [73.7] Ramp_Merge_4 CAR_FOLLOW: sid=108 edge=1331698336 lane=0 leader_edge= leader_lane=None leader_role_hint=ramp self_merge_completed=False self_merge_completed_age=-1.0 self_merge_committed=False lane_cmd_state=None lane_cmd_edge=None lane_cmd_target=None lane_cmd_executable=None same_lane=True reason=same_lane_cam gap=2.3 follow_spd=2.25 emergency=False target_before=0.18000000000288957 target_after=0.18000000000288957
obu-main-back-right-1  | [74.1] Main_Back_Right CAR_FOLLOW: sid=105 edge=135424828 lane=0 leader_edge= leader_lane=None leader_role_hint=main self_merge_completed=False self_merge_completed_age=-1.0 self_merge_committed=False lane_cmd_state=None lane_cmd_edge=None lane_cmd_target=None lane_cmd_executable=None same_lane=True reason=same_lane_cam gap=3.6 follow_spd=2.62 emergency=False target_before=7.5 target_after=7.200645244990833
obu-ramp-merge-4-1     | [74.1] Ramp_Merge_4 CAR_FOLLOW: sid=108 edge=1331698336 lane=0 leader_edge= leader_lane=None leader_role_hint=ramp self_merge_completed=False self_merge_completed_age=-1.0 self_merge_committed=False lane_cmd_state=None lane_cmd_edge=None lane_cmd_target=None lane_cmd_executable=None same_lane=True reason=same_lane_cam gap=2.3 follow_spd=2.25 emergency=False target_before=0.1800000000018877 target_after=0.1800000000018877
obu-ramp-merge-4-1     | [74.3] Ramp_Merge_4 MERGE_DECISION: auth=False phys=True fgok=True lgok=True hgok=True cok=True esok=True cready=True dtm=58.2 past=True committed=False hid=None ra=None lclear=True hyok=True
obu-ramp-merge-4-1     | [74.3] Ramp_Merge_4 MERGE_FAILED_LOST_AUTH_AFTER_POINT: dtm=58.2 past=True hid=None auth=False
obu-ramp-merge-4-1     | [74.3] Ramp_Merge_4 CAR_FOLLOW: sid=108 edge=1331698336 lane=0 leader_edge= leader_lane=None leader_role_hint=ramp self_merge_completed=False self_merge_completed_age=-1.0 self_merge_committed=False lane_cmd_state=None lane_cmd_edge=None lane_cmd_target=None lane_cmd_executable=None same_lane=True reason=same_lane_cam gap=2.3 follow_spd=2.25 emergency=False target_before=0.5 target_after=0.18000000000152533
obu-ramp-merge-5-1     | [74.5] Ramp_Merge_5 role=cruise state=CRUISE->CRUISE speed=7.49 target=7.50 neighbors=7
obu-ramp-back-1        | [74.6] Ramp_Back role=cruise state=CRUISE->CRUISE speed=7.50 target=7.50 neighbors=7
obu-main-back-right-1  | [74.7] Main_Back_Right role=cruise state=CRUISE->CRUISE speed=7.42 target=7.50 neighbors=7
obu-host-car-1         | [75.0] Host_Car role=cruise state=CRUISE->CRUISE speed=7.50 target=7.50 neighbors=7
obu-ramp-merge-4-1     | [74.7] Ramp_Merge_4 CAR_FOLLOW: sid=108 edge=1331698336 lane=0 leader_edge= leader_lane=None leader_role_hint=ramp self_merge_completed=False self_merge_completed_age=-1.0 self_merge_committed=False lane_cmd_state=None lane_cmd_edge=None lane_cmd_target=None lane_cmd_executable=None same_lane=True reason=same_lane_cam gap=2.3 follow_spd=2.25 emergency=False target_before=0.18000000000100663 target_after=0.18000000000100663
obu-ramp-merge-4-1     | [74.7] Ramp_Merge_4 role=merge state=ABORT->ABORT speed=0.00 target=0.18 neighbors=7
obu-main-back-left-1   | [75.0] Main_Back_Left role=cruise state=CRUISE->CRUISE speed=7.50 target=7.50 neighbors=7
obu-ramp-merge-3-1     | [75.0] Ramp_Merge_3 role=cruise state=CRUISE->CRUISE speed=7.50 target=7.50 neighbors=7
obu-ramp-merge-2-1     | [75.1] Ramp_Merge_2 MERGE_DECISION: auth=False phys=True fgok=True lgok=True hgok=True cok=True esok=True cready=True dtm=65.0 past=True committed=False hid=None ra=None lclear=True hyok=True
obu-ramp-merge-2-1     | [75.1] Ramp_Merge_2 MERGE_FAILED_LOST_AUTH_AFTER_POINT: dtm=65.0 past=True hid=None auth=False
obu-ramp-merge-2-1     | [75.1] Ramp_Merge_2 role=merge state=YIELDING->ABORT speed=0.00 target=0.50 neighbors=6
obu-main-back-right-1  | [75.0] Main_Back_Right CAR_FOLLOW: sid=105 edge=135424828 lane=0 leader_edge= leader_lane=None leader_role_hint=main self_merge_completed=False self_merge_completed_age=-1.0 self_merge_committed=False lane_cmd_state=None lane_cmd_edge=None lane_cmd_target=None lane_cmd_executable=None same_lane=True reason=same_lane_cam gap=4.5 follow_spd=2.62 emergency=False target_before=7.5 target_after=7.182288164539656
obu-ramp-merge-4-1     | [75.0] Ramp_Merge_4 CAR_FOLLOW: sid=108 edge=1331698336 lane=0 leader_edge= leader_lane=None leader_role_hint=ramp self_merge_completed=False self_merge_completed_age=-1.0 self_merge_committed=False lane_cmd_state=None lane_cmd_edge=None lane_cmd_target=None lane_cmd_executable=None same_lane=True reason=same_lane_cam gap=2.3 follow_spd=2.25 emergency=False target_before=0.18000000000073663 target_after=0.18000000000073663
obu-ramp-merge-5-1     | [75.0] Ramp_Merge_5 CAR_FOLLOW: sid=109 edge=135424828 lane=0 leader_edge= leader_lane=None leader_role_hint=ramp self_merge_completed=True self_merge_completed_age=40.8 self_merge_committed=False lane_cmd_state=CLEAR lane_cmd_edge=1331698336 lane_cmd_target=1 lane_cmd_executable=False same_lane=True reason=same_lane_cam gap=4.5 follow_spd=2.62 emergency=False target_before=7.5 target_after=7.240443069504133
obu-ramp-merge-5-1     | MERGE_ATTEMPT_TIMELINE: vehicle=Ramp_Merge_5 manoeuvre=128 host=None lead=None event=POST_MERGE_CAR_FOLLOW t=75.0 edge=135424828 lane=0 lane_cmd_state=CLEAR speed=7.49 target=7.24 dtm=290.6 lead_gap= host_gap= lead_gap_t1= lead_gap_t2= lead_gap_t3= host_gap_t1= host_gap_t2= host_gap_t3=
obu-ramp-merge-5-1     | [75.0] Ramp_Merge_5 POST_MERGE_CAR_FOLLOW: age=40.8 sid=109 gap=4.5 reason=same_lane_cam follow_spd=2.62 self_edge=135424828 self_lane=0 leader_edge= leader_lane=None lane_cmd_state=CLEAR
obu-ramp-merge-5-1     | [75.5] Ramp_Merge_5 role=cruise state=YIELDING->CRUISE speed=7.49 target=7.50 neighbors=7
obu-ramp-merge-4-1     | [75.5] Ramp_Merge_4 CAR_FOLLOW: sid=108 edge=1331698336 lane=0 leader_edge= leader_lane=None leader_role_hint=ramp self_merge_completed=False self_merge_completed_age=-1.0 self_merge_committed=False lane_cmd_state=None lane_cmd_edge=None lane_cmd_target=None lane_cmd_executable=None same_lane=True reason=same_lane_cam gap=2.3 follow_spd=2.25 emergency=False target_before=0.1800000000004382 target_after=0.1800000000004382
obu-ramp-back-1        | [75.7] Ramp_Back role=cruise state=CRUISE->CRUISE speed=7.50 target=7.50 neighbors=7
obu-main-back-right-1  | [75.8] Main_Back_Right role=cruise state=CRUISE->CRUISE speed=7.43 target=7.50 neighbors=7
obu-ramp-merge-4-1     | [76.0] Ramp_Merge_4 CAR_FOLLOW: sid=108 edge=1331698336 lane=0 leader_edge= leader_lane=None leader_role_hint=ramp self_merge_completed=False self_merge_completed_age=-1.0 self_merge_committed=False lane_cmd_state=None lane_cmd_edge=None lane_cmd_target=None lane_cmd_executable=None same_lane=True reason=same_lane_cam gap=2.3 follow_spd=2.25 emergency=False target_before=0.18000000000026056 target_after=0.18000000000026056
obu-ramp-merge-4-1     | [76.0] Ramp_Merge_4 role=merge state=ABORT->ABORT speed=0.00 target=0.18 neighbors=7
obu-ramp-merge-2-1     | [76.1] Ramp_Merge_2 role=merge state=YIELDING->YIELDING speed=0.00 target=0.18 neighbors=7
obu-host-car-1         | [76.2] Host_Car role=cruise state=CRUISE->CRUISE speed=7.50 target=7.50 neighbors=7
obu-main-back-left-1   | [76.1] Main_Back_Left role=cruise state=CRUISE->CRUISE speed=7.50 target=7.50 neighbors=7
obu-ramp-merge-3-1     | [76.1] Ramp_Merge_3 role=cruise state=CRUISE->CRUISE speed=7.50 target=7.50 neighbors=7
obu-ramp-merge-5-1     | [77.1] Ramp_Merge_5 role=cruise state=CRUISE->CRUISE speed=7.48 target=7.50 neighbors=0
obu-ramp-back-1        | [77.2] Ramp_Back role=cruise state=CRUISE->CRUISE speed=7.50 target=7.50 neighbors=6
obu-main-back-right-1  | [77.3] Main_Back_Right role=cruise state=CRUISE->CRUISE speed=7.47 target=7.50 neighbors=7
obu-ramp-merge-4-1     | [77.2] Ramp_Merge_4 CAR_FOLLOW: sid=108 edge=1331698336 lane=0 leader_edge= leader_lane=None leader_role_hint=ramp self_merge_completed=False self_merge_completed_age=-1.0 self_merge_committed=False lane_cmd_state=None lane_cmd_edge=None lane_cmd_target=None lane_cmd_executable=None same_lane=True reason=same_lane_cam gap=2.3 follow_spd=2.25 emergency=False target_before=0.18000000000007582 target_after=0.18000000000007582
obu-ramp-merge-4-1     | [77.2] Ramp_Merge_4 role=merge state=ABORT->ABORT speed=0.00 target=0.18 neighbors=6
obu-main-back-left-1   | [77.3] Main_Back_Left role=cruise state=CRUISE->CRUISE speed=7.50 target=7.50 neighbors=7
obu-ramp-merge-3-1     | [77.3] Ramp_Merge_3 role=cruise state=CRUISE->CRUISE speed=7.50 target=7.50 neighbors=7
obu-ramp-merge-2-1     | [77.3] Ramp_Merge_2 role=merge state=YIELDING->YIELDING speed=0.00 target=0.18 neighbors=7
obu-ramp-merge-5-1     | [78.1] Ramp_Merge_5 role=cruise state=CRUISE->CRUISE speed=7.49 target=7.50 neighbors=7
obu-ramp-merge-3-1     | [78.3] Ramp_Merge_3 role=cruise state=CRUISE->CRUISE speed=7.50 target=7.50 neighbors=0
obu-ramp-merge-4-1     | [78.6] Ramp_Merge_4 MERGE_DECISION: auth=False phys=True fgok=True lgok=True hgok=True cok=True esok=True cready=True dtm=58.2 past=True committed=False hid=None ra=None lclear=True hyok=True
obu-ramp-merge-4-1     | [78.6] Ramp_Merge_4 MERGE_FAILED_LOST_AUTH_AFTER_POINT: dtm=58.2 past=True hid=None auth=False
obu-ramp-merge-4-1     | [78.6] Ramp_Merge_4 CAR_FOLLOW: sid=108 edge=1331698336 lane=0 leader_edge= leader_lane=None leader_role_hint=ramp self_merge_completed=False self_merge_completed_age=-1.0 self_merge_committed=False lane_cmd_state=None lane_cmd_edge=None lane_cmd_target=None lane_cmd_executable=None same_lane=True reason=same_lane_cam gap=2.3 follow_spd=2.25 emergency=False target_before=0.5 target_after=0.1800000000000332
obu-ramp-merge-4-1     | [78.6] Ramp_Merge_4 role=merge state=ABORT->ABORT speed=0.00 target=0.18 neighbors=5
obu-main-back-left-1   | [78.6] Main_Back_Left role=cruise state=CRUISE->CRUISE speed=7.50 target=7.50 neighbors=7
obu-ramp-merge-2-1     | [78.6] Ramp_Merge_2 MERGE_DECISION: auth=False phys=True fgok=True lgok=True hgok=True cok=True esok=True cready=True dtm=65.0 past=True committed=False hid=None ra=None lclear=True hyok=True
obu-ramp-merge-2-1     | [78.6] Ramp_Merge_2 MERGE_FAILED_LOST_AUTH_AFTER_POINT: dtm=65.0 past=True hid=None auth=False
obu-ramp-merge-2-1     | [78.6] Ramp_Merge_2 role=merge state=YIELDING->ABORT speed=0.00 target=0.50 neighbors=3
obu-ramp-back-1        | [78.6] Ramp_Back role=cruise state=CRUISE->CRUISE speed=7.50 target=7.50 neighbors=7
obu-main-back-right-1  | [78.6] Main_Back_Right role=cruise state=CRUISE->CRUISE speed=7.48 target=7.50 neighbors=7
obu-ramp-merge-4-1     | [78.7] Ramp_Merge_4 CAR_FOLLOW: sid=108 edge=1331698336 lane=0 leader_edge= leader_lane=None leader_role_hint=ramp self_merge_completed=False self_merge_completed_age=-1.0 self_merge_committed=False lane_cmd_state=None lane_cmd_edge=None lane_cmd_target=None lane_cmd_executable=None same_lane=True reason=same_lane_cam gap=2.3 follow_spd=2.25 emergency=False target_before=0.1800000000000332 target_after=0.1800000000000332
obu-main-back-right-1  | [79.0] Main_Back_Right CAR_FOLLOW: sid=105 edge=135424828 lane=0 leader_edge= leader_lane=None leader_role_hint=main self_merge_completed=False self_merge_completed_age=-1.0 self_merge_committed=False lane_cmd_state=None lane_cmd_edge=None lane_cmd_target=None lane_cmd_executable=None same_lane=True reason=same_lane_cam gap=3.1 follow_spd=2.62 emergency=False target_before=7.5 target_after=7.235882680700323
obu-ramp-merge-4-1     | [79.1] Ramp_Merge_4 CAR_FOLLOW: sid=108 edge=1331698336 lane=0 leader_edge= leader_lane=None leader_role_hint=ramp self_merge_completed=False self_merge_completed_age=-1.0 self_merge_committed=False lane_cmd_state=None lane_cmd_edge=None lane_cmd_target=None lane_cmd_executable=None same_lane=True reason=same_lane_cam gap=2.3 follow_spd=2.25 emergency=False target_before=0.1800000000000332 target_after=0.1800000000000332
obu-ramp-merge-5-1     | [79.1] Ramp_Merge_5 CAR_FOLLOW: sid=109 edge=135424828 lane=0 leader_edge= leader_lane=None leader_role_hint=ramp self_merge_completed=True self_merge_completed_age=44.9 self_merge_committed=False lane_cmd_state=CLEAR lane_cmd_edge=1331698336 lane_cmd_target=1 lane_cmd_executable=False same_lane=True reason=same_lane_cam gap=3.1 follow_spd=2.62 emergency=False target_before=7.5 target_after=7.24440897565289
obu-ramp-merge-5-1     | MERGE_ATTEMPT_TIMELINE: vehicle=Ramp_Merge_5 manoeuvre=128 host=None lead=None event=POST_MERGE_CAR_FOLLOW t=79.1 edge=135424828 lane=0 lane_cmd_state=CLEAR speed=7.49 target=7.24 dtm=321.2 lead_gap= host_gap= lead_gap_t1= lead_gap_t2= lead_gap_t3= host_gap_t1= host_gap_t2= host_gap_t3=
obu-ramp-merge-5-1     | [79.1] Ramp_Merge_5 POST_MERGE_CAR_FOLLOW: age=44.9 sid=109 gap=3.1 reason=same_lane_cam follow_spd=2.62 self_edge=135424828 self_lane=0 leader_edge= leader_lane=None lane_cmd_state=CLEAR
obu-ramp-merge-5-1     | [79.1] Ramp_Merge_5 role=cruise state=CRUISE->YIELDING speed=7.49 target=7.24 neighbors=7
obu-main-back-right-1  | [79.4] Main_Back_Right CAR_FOLLOW: sid=105 edge=135424828 lane=0 leader_edge= leader_lane=None leader_role_hint=main self_merge_completed=False self_merge_completed_age=-1.0 self_merge_committed=False lane_cmd_state=None lane_cmd_edge=None lane_cmd_target=None lane_cmd_executable=None same_lane=True reason=same_lane_cam gap=0.1 follow_spd=2.62 emergency=False target_before=7.5 target_after=7.238501355197167
obu-ramp-merge-4-1     | [79.4] Ramp_Merge_4 CAR_FOLLOW: sid=108 edge=1331698336 lane=0 leader_edge= leader_lane=None leader_role_hint=ramp self_merge_completed=False self_merge_completed_age=-1.0 self_merge_committed=False lane_cmd_state=None lane_cmd_edge=None lane_cmd_target=None lane_cmd_executable=None same_lane=True reason=same_lane_cam gap=2.3 follow_spd=2.25 emergency=False target_before=0.1800000000000332 target_after=0.1800000000000332
obu-ramp-merge-5-1     | [79.5] Ramp_Merge_5 CAR_FOLLOW: sid=109 edge=135424828 lane=0 leader_edge= leader_lane=None leader_role_hint=ramp self_merge_completed=True self_merge_completed_age=45.3 self_merge_committed=False lane_cmd_state=CLEAR lane_cmd_edge=1331698336 lane_cmd_target=1 lane_cmd_executable=False same_lane=True reason=same_lane_cam gap=0.1 follow_spd=3.38 emergency=False target_before=7.5 target_after=7.245446075725376
obu-ramp-merge-5-1     | MERGE_ATTEMPT_TIMELINE: vehicle=Ramp_Merge_5 manoeuvre=128 host=None lead=None event=POST_MERGE_CAR_FOLLOW t=79.5 edge=135424828 lane=0 lane_cmd_state=CLEAR speed=7.50 target=7.25 dtm=324.2 lead_gap= host_gap= lead_gap_t1= lead_gap_t2= lead_gap_t3= host_gap_t1= host_gap_t2= host_gap_t3=
obu-ramp-merge-5-1     | [79.5] Ramp_Merge_5 POST_MERGE_CAR_FOLLOW: age=45.3 sid=109 gap=0.1 reason=same_lane_cam follow_spd=3.38 self_edge=135424828 self_lane=0 leader_edge= leader_lane=None lane_cmd_state=CLEAR
obu-ramp-merge-3-1     | [79.6] Ramp_Merge_3 role=cruise state=CRUISE->CRUISE speed=7.50 target=7.50 neighbors=7
obu-ramp-back-1        | [79.6] Ramp_Back role=cruise state=CRUISE->CRUISE speed=7.50 target=7.50 neighbors=6
obu-ramp-merge-2-1     | [79.7] Ramp_Merge_2 MERGE_DECISION: auth=False phys=True fgok=True lgok=True hgok=True cok=True esok=True cready=True dtm=65.0 past=True committed=False hid=None ra=None lclear=True hyok=True
obu-ramp-merge-2-1     | [79.7] Ramp_Merge_2 MERGE_FAILED_LOST_AUTH_AFTER_POINT: dtm=65.0 past=True hid=None auth=False
obu-ramp-merge-2-1     | [79.7] Ramp_Merge_2 role=merge state=YIELDING->ABORT speed=0.00 target=0.50 neighbors=0
obu-main-back-right-1  | [79.7] Main_Back_Right role=cruise state=YIELDING->CRUISE speed=7.46 target=7.50 neighbors=0
obu-ramp-merge-4-1     | [79.9] Ramp_Merge_4 role=merge state=ABORT->ABORT speed=0.00 target=0.18 neighbors=0
obu-main-back-left-1   | [79.9] Main_Back_Left role=cruise state=CRUISE->CRUISE speed=7.50 target=7.50 neighbors=0
obu-ramp-merge-5-1     | [80.1] Ramp_Merge_5 role=cruise state=YIELDING->CRUISE speed=7.44 target=7.50 neighbors=6
obu-ramp-merge-4-1     | [80.1] Ramp_Merge_4 CAR_FOLLOW: sid=108 edge=1331698336 lane=0 leader_edge= leader_lane=None leader_role_hint=ramp self_merge_completed=False self_merge_completed_age=-1.0 self_merge_committed=False lane_cmd_state=None lane_cmd_edge=None lane_cmd_target=None lane_cmd_executable=None same_lane=True reason=same_lane_cam gap=2.3 follow_spd=2.25 emergency=False target_before=0.1800000000000332 target_after=0.1800000000000332
obu-ramp-merge-4-1     | [80.5] Ramp_Merge_4 CAR_FOLLOW: sid=108 edge=1331698336 lane=0 leader_edge= leader_lane=None leader_role_hint=ramp self_merge_completed=False self_merge_completed_age=-1.0 self_merge_committed=False lane_cmd_state=None lane_cmd_edge=None lane_cmd_target=None lane_cmd_executable=None same_lane=True reason=same_lane_cam gap=2.3 follow_spd=2.25 emergency=False target_before=0.1800000000000332 target_after=0.1800000000000332
obu-ramp-merge-2-1     | [80.8] Ramp_Merge_2 role=merge state=YIELDING->YIELDING speed=0.00 target=0.18 neighbors=6
obu-main-back-right-1  | [80.8] Main_Back_Right CAR_FOLLOW: sid=105 edge=135424828 lane=0 leader_edge= leader_lane=None leader_role_hint=main self_merge_completed=False self_merge_completed_age=-1.0 self_merge_committed=False lane_cmd_state=None lane_cmd_edge=None lane_cmd_target=None lane_cmd_executable=None same_lane=True reason=same_lane_cam gap=3.2 follow_spd=2.62 emergency=False target_before=7.5 target_after=7.186098982295529
obu-main-back-right-1  | [80.8] Main_Back_Right role=cruise state=CRUISE->YIELDING speed=7.44 target=7.19 neighbors=6
obu-ramp-merge-4-1     | [80.7] Ramp_Merge_4 CAR_FOLLOW: sid=108 edge=1331698336 lane=0 leader_edge= leader_lane=None leader_role_hint=ramp self_merge_completed=False self_merge_completed_age=-1.0 self_merge_committed=False lane_cmd_state=None lane_cmd_edge=None lane_cmd_target=None lane_cmd_executable=None same_lane=True reason=same_lane_cam gap=2.3 follow_spd=2.25 emergency=False target_before=0.1800000000000332 target_after=0.1800000000000332
obu-ramp-back-1        | [81.0] Ramp_Back role=cruise state=CRUISE->CRUISE speed=7.50 target=7.50 neighbors=6
obu-main-back-right-1  | [81.0] Main_Back_Right CAR_FOLLOW: sid=105 edge=135424828 lane=0 leader_edge= leader_lane=None leader_role_hint=main self_merge_completed=False self_merge_completed_age=-1.0 self_merge_committed=False lane_cmd_state=None lane_cmd_edge=None lane_cmd_target=None lane_cmd_executable=None same_lane=True reason=same_lane_cam gap=1.7 follow_spd=2.62 emergency=False target_before=7.5 target_after=7.192329331521715
obu-main-back-left-1   | [81.0] Main_Back_Left role=cruise state=CRUISE->CRUISE speed=7.50 target=7.50 neighbors=6
obu-ramp-merge-4-1     | [81.1] Ramp_Merge_4 CAR_FOLLOW: sid=108 edge=1331698336 lane=0 leader_edge= leader_lane=None leader_role_hint=ramp self_merge_completed=False self_merge_completed_age=-1.0 self_merge_committed=False lane_cmd_state=None lane_cmd_edge=None lane_cmd_target=None lane_cmd_executable=None same_lane=True reason=same_lane_cam gap=2.3 follow_spd=2.25 emergency=False target_before=0.1800000000000332 target_after=0.1800000000000332
obu-ramp-merge-4-1     | [81.1] Ramp_Merge_4 role=merge state=ABORT->ABORT speed=0.00 target=0.18 neighbors=6
obu-ramp-merge-5-1     | [81.4] Ramp_Merge_5 role=cruise state=CRUISE->CRUISE speed=7.45 target=7.50 neighbors=2
obu-ramp-merge-3-1     | [81.4] Ramp_Merge_3 role=cruise state=CRUISE->CRUISE speed=7.50 target=7.50 neighbors=6
obu-ramp-merge-4-1     | [81.4] Ramp_Merge_4 CAR_FOLLOW: sid=108 edge=1331698336 lane=0 leader_edge= leader_lane=None leader_role_hint=ramp self_merge_completed=False self_merge_completed_age=-1.0 self_merge_committed=False lane_cmd_state=None lane_cmd_edge=None lane_cmd_target=None lane_cmd_executable=None same_lane=True reason=same_lane_cam gap=2.3 follow_spd=2.25 emergency=False target_before=0.1800000000000332 target_after=0.1800000000000332
obu-main-back-right-1  | [81.8] Main_Back_Right role=cruise state=CRUISE->CRUISE speed=7.38 target=7.50 neighbors=6
obu-ramp-merge-4-1     | [81.7] Ramp_Merge_4 MERGE_DECISION: auth=False phys=True fgok=True lgok=True hgok=True cok=True esok=True cready=True dtm=58.2 past=True committed=False hid=None ra=None lclear=True hyok=True
obu-ramp-merge-4-1     | [81.7] Ramp_Merge_4 MERGE_FAILED_LOST_AUTH_AFTER_POINT: dtm=58.2 past=True hid=None auth=False
obu-ramp-merge-4-1     | [81.7] Ramp_Merge_4 CAR_FOLLOW: sid=108 edge=1331698336 lane=0 leader_edge= leader_lane=None leader_role_hint=ramp self_merge_completed=False self_merge_completed_age=-1.0 self_merge_committed=False lane_cmd_state=None lane_cmd_edge=None lane_cmd_target=None lane_cmd_executable=None same_lane=True reason=same_lane_cam gap=2.3 follow_spd=2.25 emergency=False target_before=0.5 target_after=0.1800000000000332
obu-main-back-left-1   | [82.0] Main_Back_Left role=cruise state=CRUISE->CRUISE speed=7.50 target=7.50 neighbors=6
obu-ramp-merge-4-1     | [82.2] Ramp_Merge_4 CAR_FOLLOW: sid=108 edge=1331698336 lane=0 leader_edge= leader_lane=None leader_role_hint=ramp self_merge_completed=False self_merge_completed_age=-1.0 self_merge_committed=False lane_cmd_state=None lane_cmd_edge=None lane_cmd_target=None lane_cmd_executable=None same_lane=True reason=same_lane_cam gap=2.3 follow_spd=2.25 emergency=False target_before=0.1800000000000332 target_after=0.1800000000000332
obu-ramp-merge-4-1     | [82.2] Ramp_Merge_4 role=merge state=ABORT->ABORT speed=0.00 target=0.18 neighbors=6
obu-ramp-back-1        | [82.2] Ramp_Back role=cruise state=CRUISE->CRUISE speed=7.50 target=7.50 neighbors=6
obu-ramp-merge-2-1     | [82.9] Ramp_Merge_2 role=merge state=YIELDING->YIELDING speed=0.00 target=0.18 neighbors=6
obu-main-back-right-1  | [82.8] Main_Back_Right role=cruise state=CRUISE->CRUISE speed=7.43 target=7.50 neighbors=0
obu-ramp-merge-5-1     | [83.1] Ramp_Merge_5 CAR_FOLLOW: sid=109 edge=135424828 lane=0 leader_edge= leader_lane=None leader_role_hint=ramp self_merge_completed=True self_merge_completed_age=48.9 self_merge_committed=False lane_cmd_state=CLEAR lane_cmd_edge=1331698336 lane_cmd_target=1 lane_cmd_executable=False same_lane=True reason=same_lane_cam gap=3.2 follow_spd=2.62 emergency=False target_before=7.5 target_after=7.2309796689206545
obu-ramp-merge-5-1     | MERGE_ATTEMPT_TIMELINE: vehicle=Ramp_Merge_5 manoeuvre=128 host=None lead=None event=POST_MERGE_CAR_FOLLOW t=83.1 edge=135424828 lane=0 lane_cmd_state=CLEAR speed=7.48 target=7.23 dtm=351.0 lead_gap= host_gap= lead_gap_t1= lead_gap_t2= lead_gap_t3= host_gap_t1= host_gap_t2= host_gap_t3=
obu-ramp-merge-5-1     | [83.1] Ramp_Merge_5 POST_MERGE_CAR_FOLLOW: age=48.9 sid=109 gap=3.2 reason=same_lane_cam follow_spd=2.62 self_edge=135424828 self_lane=0 leader_edge= leader_lane=None lane_cmd_state=CLEAR
obu-ramp-merge-5-1     | [83.1] Ramp_Merge_5 role=cruise state=CRUISE->YIELDING speed=7.48 target=7.23 neighbors=6
obu-ramp-merge-3-1     | [82.9] Ramp_Merge_3 role=cruise state=CRUISE->CRUISE speed=7.50 target=7.50 neighbors=6
obu-ramp-merge-4-1     | [83.2] Ramp_Merge_4 CAR_FOLLOW: sid=108 edge=1331698336 lane=0 leader_edge= leader_lane=None leader_role_hint=ramp self_merge_completed=False self_merge_completed_age=-1.0 self_merge_committed=False lane_cmd_state=None lane_cmd_edge=None lane_cmd_target=None lane_cmd_executable=None same_lane=True reason=same_lane_cam gap=2.3 follow_spd=2.25 emergency=False target_before=0.1800000000000332 target_after=0.1800000000000332
obu-ramp-merge-4-1     | [83.2] Ramp_Merge_4 role=merge state=ABORT->ABORT speed=0.00 target=0.18 neighbors=6
obu-ramp-merge-5-1     | [83.2] Ramp_Merge_5 CAR_FOLLOW: sid=109 edge=135424828 lane=0 leader_edge= leader_lane=None leader_role_hint=ramp self_merge_completed=True self_merge_completed_age=49.0 self_merge_committed=False lane_cmd_state=CLEAR lane_cmd_edge=1331698336 lane_cmd_target=1 lane_cmd_executable=False same_lane=True reason=same_lane_cam gap=2.5 follow_spd=3.38 emergency=False target_before=7.5 target_after=7.231930685474622
obu-ramp-merge-5-1     | MERGE_ATTEMPT_TIMELINE: vehicle=Ramp_Merge_5 manoeuvre=128 host=None lead=None event=POST_MERGE_CAR_FOLLOW t=83.2 edge=135424828 lane=0 lane_cmd_state=CLEAR speed=7.48 target=7.23 dtm=351.8 lead_gap= host_gap= lead_gap_t1= lead_gap_t2= lead_gap_t3= host_gap_t1= host_gap_t2= host_gap_t3=
obu-ramp-merge-5-1     | [83.2] Ramp_Merge_5 POST_MERGE_CAR_FOLLOW: age=49.0 sid=109 gap=2.5 reason=same_lane_cam follow_spd=3.38 self_edge=135424828 self_lane=0 leader_edge= leader_lane=None lane_cmd_state=CLEAR
obu-ramp-back-1        | [83.3] Ramp_Back role=cruise state=CRUISE->CRUISE speed=7.50 target=7.50 neighbors=6
obu-ramp-merge-4-1     | [83.5] Ramp_Merge_4 CAR_FOLLOW: sid=108 edge=1331698336 lane=0 leader_edge= leader_lane=None leader_role_hint=ramp self_merge_completed=False self_merge_completed_age=-1.0 self_merge_committed=False lane_cmd_state=None lane_cmd_edge=None lane_cmd_target=None lane_cmd_executable=None same_lane=True reason=same_lane_cam gap=2.3 follow_spd=2.25 emergency=False target_before=0.1800000000000332 target_after=0.1800000000000332
obu-ramp-merge-5-1     | [83.8] Ramp_Merge_5 CAR_FOLLOW: sid=109 edge=135424828 lane=0 leader_edge= leader_lane=None leader_role_hint=ramp self_merge_completed=True self_merge_completed_age=49.6 self_merge_committed=False lane_cmd_state=CLEAR lane_cmd_edge=1331698336 lane_cmd_target=1 lane_cmd_executable=False same_lane=True reason=same_lane_cam gap=0.0 follow_spd=3.38 emergency=False target_before=7.5 target_after=7.186815803385093
obu-ramp-merge-5-1     | MERGE_ATTEMPT_TIMELINE: vehicle=Ramp_Merge_5 manoeuvre=128 host=None lead=None event=POST_MERGE_CAR_FOLLOW t=83.8 edge=135424828 lane=0 lane_cmd_state=CLEAR speed=7.44 target=7.19 dtm=356.3 lead_gap= host_gap= lead_gap_t1= lead_gap_t2= lead_gap_t3= host_gap_t1= host_gap_t2= host_gap_t3=
obu-ramp-merge-5-1     | [83.8] Ramp_Merge_5 POST_MERGE_CAR_FOLLOW: age=49.6 sid=109 gap=0.0 reason=same_lane_cam follow_spd=3.38 self_edge=135424828 self_lane=0 leader_edge= leader_lane=None lane_cmd_state=CLEAR
obu-ramp-merge-2-1     | [83.9] Ramp_Merge_2 role=merge state=YIELDING->YIELDING speed=0.00 target=0.18 neighbors=5
obu-main-back-right-1  | [84.0] Main_Back_Right CAR_FOLLOW: sid=105 edge=135424828 lane=0 leader_edge= leader_lane=None leader_role_hint=main self_merge_completed=False self_merge_completed_age=-1.0 self_merge_committed=False lane_cmd_state=None lane_cmd_edge=None lane_cmd_target=None lane_cmd_executable=None same_lane=True reason=same_lane_cam gap=1.2 follow_spd=2.62 emergency=False target_before=7.5 target_after=7.21100572435173
obu-main-back-right-1  | [84.0] Main_Back_Right role=cruise state=CRUISE->YIELDING speed=7.46 target=7.21 neighbors=6
obu-ramp-merge-4-1     | [84.2] Ramp_Merge_4 CAR_FOLLOW: sid=108 edge=1331698336 lane=0 leader_edge= leader_lane=None leader_role_hint=ramp self_merge_completed=False self_merge_completed_age=-1.0 self_merge_committed=False lane_cmd_state=None lane_cmd_edge=None lane_cmd_target=None lane_cmd_executable=None same_lane=True reason=same_lane_cam gap=2.3 follow_spd=2.25 emergency=False target_before=0.1800000000000332 target_after=0.1800000000000332
obu-ramp-merge-4-1     | [84.2] Ramp_Merge_4 role=merge state=ABORT->ABORT speed=0.00 target=0.18 neighbors=6
obu-ramp-merge-5-1     | [84.1] Ramp_Merge_5 role=cruise state=YIELDING->CRUISE speed=7.41 target=7.50 neighbors=0
obu-ramp-merge-3-1     | [84.1] Ramp_Merge_3 role=cruise state=CRUISE->CRUISE speed=7.50 target=7.50 neighbors=1
obu-main-back-right-1  | [84.3] Main_Back_Right CAR_FOLLOW: sid=105 edge=135424828 lane=0 leader_edge= leader_lane=None leader_role_hint=main self_merge_completed=False self_merge_completed_age=-1.0 self_merge_committed=False lane_cmd_state=None lane_cmd_edge=None lane_cmd_target=None lane_cmd_executable=None same_lane=True reason=same_lane_cam gap=2.0 follow_spd=2.62 emergency=False target_before=7.5 target_after=7.216567282916064
obu-ramp-back-1        | [84.6] Ramp_Back role=cruise state=CRUISE->CRUISE speed=7.50 target=7.50 neighbors=6
obu-main-back-right-1  | [84.7] Main_Back_Right CAR_FOLLOW: sid=105 edge=135424828 lane=0 leader_edge= leader_lane=None leader_role_hint=main self_merge_completed=False self_merge_completed_age=-1.0 self_merge_committed=False lane_cmd_state=None lane_cmd_edge=None lane_cmd_target=None lane_cmd_executable=None same_lane=True reason=same_lane_cam gap=0.0 follow_spd=2.62 emergency=False target_before=7.5 target_after=7.181551034416318
obu-ramp-merge-2-1     | [85.0] Ramp_Merge_2 role=merge state=YIELDING->YIELDING speed=0.00 target=0.18 neighbors=6
obu-main-back-right-1  | [85.1] Main_Back_Right CAR_FOLLOW: sid=105 edge=135424828 lane=0 leader_edge= leader_lane=None leader_role_hint=main self_merge_completed=False self_merge_completed_age=-1.0 self_merge_committed=False lane_cmd_state=None lane_cmd_edge=None lane_cmd_target=None lane_cmd_executable=None same_lane=True reason=same_lane_cam gap=0.0 follow_spd=2.62 emergency=False target_before=7.5 target_after=7.141434475097762
obu-main-back-right-1  | [85.1] Main_Back_Right role=cruise state=YIELDING->YIELDING speed=7.39 target=7.14 neighbors=6
obu-ramp-merge-5-1     | [85.2] Ramp_Merge_5 role=cruise state=CRUISE->CRUISE speed=7.41 target=7.50 neighbors=0
obu-ramp-merge-3-1     | [85.2] Ramp_Merge_3 role=cruise state=CRUISE->CRUISE speed=7.50 target=7.50 neighbors=4
obu-ramp-merge-2-1     | [85.5] Ramp_Merge_2 MERGE_DECISION: auth=False phys=True fgok=True lgok=True hgok=True cok=True esok=True cready=True dtm=65.0 past=True committed=False hid=None ra=None lclear=True hyok=True
obu-ramp-merge-2-1     | [85.5] Ramp_Merge_2 MERGE_FAILED_LOST_AUTH_AFTER_POINT: dtm=65.0 past=True hid=None auth=False
obu-ramp-merge-4-1     | [85.8] Ramp_Merge_4 MERGE_DECISION: auth=False phys=True fgok=True lgok=True hgok=True cok=True esok=True cready=True dtm=58.2 past=True committed=False hid=None ra=None lclear=True hyok=True
obu-ramp-merge-4-1     | [85.8] Ramp_Merge_4 MERGE_FAILED_LOST_AUTH_AFTER_POINT: dtm=58.2 past=True hid=None auth=False
obu-ramp-merge-4-1     | [85.8] Ramp_Merge_4 CAR_FOLLOW: sid=108 edge=1331698336 lane=0 leader_edge= leader_lane=None leader_role_hint=ramp self_merge_completed=False self_merge_completed_age=-1.0 self_merge_committed=False lane_cmd_state=None lane_cmd_edge=None lane_cmd_target=None lane_cmd_executable=None same_lane=True reason=same_lane_cam gap=2.3 follow_spd=2.25 emergency=False target_before=0.5 target_after=0.1800000000000332
obu-ramp-merge-4-1     | [85.8] Ramp_Merge_4 role=merge state=ABORT->ABORT speed=0.00 target=0.18 neighbors=5
obu-ramp-back-1        | [85.8] Ramp_Back role=cruise state=CRUISE->CRUISE speed=7.50 target=7.50 neighbors=5
obu-ramp-merge-4-1     | [86.1] Ramp_Merge_4 CAR_FOLLOW: sid=108 edge=1331698336 lane=0 leader_edge= leader_lane=None leader_role_hint=ramp self_merge_completed=False self_merge_completed_age=-1.0 self_merge_committed=False lane_cmd_state=None lane_cmd_edge=None lane_cmd_target=None lane_cmd_executable=None same_lane=True reason=same_lane_cam gap=2.3 follow_spd=2.25 emergency=False target_before=0.1800000000000332 target_after=0.1800000000000332
obu-ramp-merge-3-1     | [86.2] Ramp_Merge_3 role=cruise state=CRUISE->CRUISE speed=7.50 target=7.50 neighbors=5
obu-ramp-merge-2-1     | [86.3] Ramp_Merge_2 role=merge state=YIELDING->YIELDING speed=0.00 target=0.18 neighbors=5
obu-ramp-merge-4-1     | [86.5] Ramp_Merge_4 CAR_FOLLOW: sid=108 edge=1331698336 lane=0 leader_edge= leader_lane=None leader_role_hint=ramp self_merge_completed=False self_merge_completed_age=-1.0 self_merge_committed=False lane_cmd_state=None lane_cmd_edge=None lane_cmd_target=None lane_cmd_executable=None same_lane=True reason=same_lane_cam gap=2.3 follow_spd=2.25 emergency=False target_before=0.1800000000000332 target_after=0.1800000000000332
obu-ramp-merge-5-1     | [86.7] Ramp_Merge_5 CAR_FOLLOW: sid=109 edge=135424828 lane=0 leader_edge= leader_lane=None leader_role_hint=ramp self_merge_completed=True self_merge_completed_age=52.5 self_merge_committed=False lane_cmd_state=CLEAR lane_cmd_edge=1331698336 lane_cmd_target=1 lane_cmd_executable=False same_lane=True reason=same_lane_cam gap=2.7 follow_spd=3.38 emergency=False target_before=7.5 target_after=7.20747963448012
obu-ramp-merge-5-1     | MERGE_ATTEMPT_TIMELINE: vehicle=Ramp_Merge_5 manoeuvre=128 host=None lead=None event=POST_MERGE_CAR_FOLLOW t=86.7 edge=135424828 lane=0 lane_cmd_state=CLEAR speed=7.46 target=7.21 dtm=377.8 lead_gap= host_gap= lead_gap_t1= lead_gap_t2= lead_gap_t3= host_gap_t1= host_gap_t2= host_gap_t3=
obu-ramp-merge-5-1     | [86.7] Ramp_Merge_5 POST_MERGE_CAR_FOLLOW: age=52.5 sid=109 gap=2.7 reason=same_lane_cam follow_spd=3.38 self_edge=135424828 self_lane=0 leader_edge= leader_lane=None lane_cmd_state=CLEAR
obu-ramp-merge-5-1     | [86.7] Ramp_Merge_5 role=cruise state=CRUISE->YIELDING speed=7.46 target=7.21 neighbors=5
obu-ramp-back-1        | [86.9] Ramp_Back role=cruise state=CRUISE->CRUISE speed=7.50 target=7.50 neighbors=0
obu-ramp-merge-2-1     | [87.0] Ramp_Merge_2 MERGE_DECISION: auth=False phys=True fgok=True lgok=True hgok=True cok=True esok=True cready=True dtm=65.0 past=True committed=False hid=None ra=None lclear=True hyok=True
obu-ramp-merge-2-1     | [87.0] Ramp_Merge_2 MERGE_FAILED_LOST_AUTH_AFTER_POINT: dtm=65.0 past=True hid=None auth=False
obu-ramp-merge-4-1     | [87.0] Ramp_Merge_4 role=merge state=ABORT->ABORT speed=0.00 target=0.18 neighbors=0
obu-ramp-merge-3-1     | [87.2] Ramp_Merge_3 role=cruise state=CRUISE->CRUISE speed=7.50 target=7.50 neighbors=0
obu-ramp-merge-2-1     | [87.5] Ramp_Merge_2 role=merge state=ABORT->ABORT speed=0.00 target=0.18 neighbors=0
obu-ramp-merge-4-1     | [87.7] Ramp_Merge_4 CAR_FOLLOW: sid=108 edge=1331698336 lane=0 leader_edge= leader_lane=None leader_role_hint=ramp self_merge_completed=False self_merge_completed_age=-1.0 self_merge_committed=False lane_cmd_state=None lane_cmd_edge=None lane_cmd_target=None lane_cmd_executable=None same_lane=True reason=same_lane_cam gap=2.3 follow_spd=2.25 emergency=False target_before=0.1800000000000332 target_after=0.1800000000000332
obu-ramp-merge-5-1     | [87.7] Ramp_Merge_5 role=cruise state=CRUISE->CRUISE speed=7.41 target=7.50 neighbors=5
obu-ramp-merge-4-1     | [87.9] Ramp_Merge_4 CAR_FOLLOW: sid=108 edge=1331698336 lane=0 leader_edge= leader_lane=None leader_role_hint=ramp self_merge_completed=False self_merge_completed_age=-1.0 self_merge_committed=False lane_cmd_state=None lane_cmd_edge=None lane_cmd_target=None lane_cmd_executable=None same_lane=True reason=same_lane_cam gap=2.3 follow_spd=2.25 emergency=False target_before=0.1800000000000332 target_after=0.1800000000000332
obu-ramp-merge-3-1     | [88.0] Ramp_Merge_3 CAR_FOLLOW: sid=106 edge=135424828 lane=0 leader_edge= leader_lane=None leader_role_hint=main self_merge_completed=True self_merge_completed_age=50.0 self_merge_committed=False lane_cmd_state=CLEAR lane_cmd_edge=1331698336 lane_cmd_target=1 lane_cmd_executable=False same_lane=True reason=same_lane_cam gap=2.9 follow_spd=3.38 emergency=False target_before=7.5 target_after=7.249999999923535
obu-ramp-merge-3-1     | MERGE_ATTEMPT_TIMELINE: vehicle=Ramp_Merge_3 manoeuvre=69 host=None lead=None event=POST_MERGE_CAR_FOLLOW t=88.0 edge=135424828 lane=0 lane_cmd_state=CLEAR speed=7.50 target=7.25 dtm=408.2 lead_gap= host_gap= lead_gap_t1= lead_gap_t2= lead_gap_t3= host_gap_t1= host_gap_t2= host_gap_t3=
obu-ramp-merge-3-1     | [88.0] Ramp_Merge_3 POST_MERGE_CAR_FOLLOW: age=50.0 sid=106 gap=2.9 reason=same_lane_cam follow_spd=3.38 self_edge=135424828 self_lane=0 leader_edge= leader_lane=None lane_cmd_state=CLEAR
obu-ramp-merge-5-1     | [88.0] Ramp_Merge_5 CAR_FOLLOW: sid=109 edge=135424828 lane=0 leader_edge= leader_lane=None leader_role_hint=ramp self_merge_completed=True self_merge_completed_age=53.8 self_merge_committed=False lane_cmd_state=CLEAR lane_cmd_edge=1331698336 lane_cmd_target=1 lane_cmd_executable=False same_lane=True reason=same_lane_cam gap=2.8 follow_spd=3.38 emergency=False target_before=7.5 target_after=7.171436845648645
obu-ramp-merge-5-1     | MERGE_ATTEMPT_TIMELINE: vehicle=Ramp_Merge_5 manoeuvre=128 host=None lead=None event=POST_MERGE_CAR_FOLLOW t=88.0 edge=135424828 lane=0 lane_cmd_state=CLEAR speed=7.42 target=7.17 dtm=387.4 lead_gap= host_gap= lead_gap_t1= lead_gap_t2= lead_gap_t3= host_gap_t1= host_gap_t2= host_gap_t3=
obu-ramp-merge-5-1     | [88.0] Ramp_Merge_5 POST_MERGE_CAR_FOLLOW: age=53.8 sid=109 gap=2.8 reason=same_lane_cam follow_spd=3.38 self_edge=135424828 self_lane=0 leader_edge= leader_lane=None lane_cmd_state=CLEAR
obu-ramp-back-1        | [88.1] Ramp_Back role=cruise state=CRUISE->CRUISE speed=7.50 target=7.50 neighbors=5
obu-ramp-merge-4-1     | [88.4] Ramp_Merge_4 CAR_FOLLOW: sid=108 edge=1331698336 lane=0 leader_edge= leader_lane=None leader_role_hint=ramp self_merge_completed=False self_merge_completed_age=-1.0 self_merge_committed=False lane_cmd_state=None lane_cmd_edge=None lane_cmd_target=None lane_cmd_executable=None same_lane=True reason=same_lane_cam gap=2.3 follow_spd=2.25 emergency=False target_before=0.1800000000000332 target_after=0.1800000000000332
obu-ramp-merge-4-1     | [88.4] Ramp_Merge_4 role=merge state=ABORT->ABORT speed=0.00 target=0.18 neighbors=5
obu-ramp-merge-3-1     | [88.5] Ramp_Merge_3 CAR_FOLLOW: sid=106 edge=135424828 lane=0 leader_edge= leader_lane=None leader_role_hint=main self_merge_completed=True self_merge_completed_age=50.5 self_merge_committed=False lane_cmd_state=CLEAR lane_cmd_edge=1331698336 lane_cmd_target=1 lane_cmd_executable=False same_lane=True reason=same_lane_cam gap=0.0 follow_spd=3.38 emergency=False target_before=7.5 target_after=7.249999999940833
obu-ramp-merge-3-1     | MERGE_ATTEMPT_TIMELINE: vehicle=Ramp_Merge_3 manoeuvre=69 host=None lead=None event=POST_MERGE_CAR_FOLLOW t=88.5 edge=135424828 lane=0 lane_cmd_state=CLEAR speed=7.50 target=7.25 dtm=411.9 lead_gap= host_gap= lead_gap_t1= lead_gap_t2= lead_gap_t3= host_gap_t1= host_gap_t2= host_gap_t3=
obu-ramp-merge-3-1     | [88.5] Ramp_Merge_3 POST_MERGE_CAR_FOLLOW: age=50.5 sid=106 gap=0.0 reason=same_lane_cam follow_spd=3.38 self_edge=135424828 self_lane=0 leader_edge= leader_lane=None lane_cmd_state=CLEAR
obu-ramp-merge-3-1     | [88.5] Ramp_Merge_3 role=cruise state=YIELDING->YIELDING speed=7.50 target=7.25 neighbors=5
obu-ramp-merge-5-1     | [88.5] Ramp_Merge_5 CAR_FOLLOW: sid=109 edge=135424828 lane=0 leader_edge= leader_lane=None leader_role_hint=ramp self_merge_completed=True self_merge_completed_age=54.3 self_merge_committed=False lane_cmd_state=CLEAR lane_cmd_edge=1331698336 lane_cmd_target=1 lane_cmd_executable=False same_lane=True reason=same_lane_cam gap=0.0 follow_spd=3.38 emergency=False target_before=7.5 target_after=7.189209328773052
obu-ramp-merge-5-1     | MERGE_ATTEMPT_TIMELINE: vehicle=Ramp_Merge_5 manoeuvre=128 host=None lead=None event=POST_MERGE_CAR_FOLLOW t=88.5 edge=135424828 lane=0 lane_cmd_state=CLEAR speed=7.44 target=7.19 dtm=391.1 lead_gap= host_gap= lead_gap_t1= lead_gap_t2= lead_gap_t3= host_gap_t1= host_gap_t2= host_gap_t3=
obu-ramp-merge-5-1     | [88.5] Ramp_Merge_5 POST_MERGE_CAR_FOLLOW: age=54.3 sid=109 gap=0.0 reason=same_lane_cam follow_spd=3.38 self_edge=135424828 self_lane=0 leader_edge= leader_lane=None lane_cmd_state=CLEAR
obu-ramp-merge-2-1     | [88.7] Ramp_Merge_2 role=merge state=YIELDING->YIELDING speed=0.00 target=0.18 neighbors=5
obu-ramp-merge-4-1     | [88.8] Ramp_Merge_4 MERGE_DECISION: auth=False phys=True fgok=True lgok=True hgok=True cok=True esok=True cready=True dtm=58.2 past=True committed=False hid=None ra=None lclear=True hyok=True
obu-ramp-merge-4-1     | [88.8] Ramp_Merge_4 MERGE_FAILED_LOST_AUTH_AFTER_POINT: dtm=58.2 past=True hid=None auth=False
obu-ramp-merge-5-1     | [88.8] Ramp_Merge_5 role=cruise state=YIELDING->CRUISE speed=7.40 target=7.50 neighbors=0
obu-ramp-back-1        | [89.2] Ramp_Back role=cruise state=CRUISE->CRUISE speed=7.50 target=7.50 neighbors=0
obu-ramp-merge-2-1     | [89.3] Ramp_Merge_2 MERGE_DECISION: auth=False phys=True fgok=True lgok=True hgok=True cok=True esok=True cready=True dtm=65.0 past=True committed=False hid=None ra=None lclear=True hyok=True
obu-ramp-merge-2-1     | [89.3] Ramp_Merge_2 MERGE_FAILED_LOST_AUTH_AFTER_POINT: dtm=65.0 past=True hid=None auth=False
obu-ramp-merge-2-1     | [89.8] Ramp_Merge_2 role=merge state=ABORT->ABORT speed=0.00 target=0.18 neighbors=1
obu-ramp-merge-4-1     | [89.9] Ramp_Merge_4 CAR_FOLLOW: sid=108 edge=1331698336 lane=0 leader_edge= leader_lane=None leader_role_hint=ramp self_merge_completed=False self_merge_completed_age=-1.0 self_merge_committed=False lane_cmd_state=None lane_cmd_edge=None lane_cmd_target=None lane_cmd_executable=None same_lane=True reason=same_lane_cam gap=2.3 follow_spd=2.25 emergency=False target_before=0.1800000000000332 target_after=0.1800000000000332
obu-ramp-merge-4-1     | [89.9] Ramp_Merge_4 role=merge state=ABORT->ABORT speed=0.00 target=0.18 neighbors=4
obu-ramp-merge-5-1     | [89.9] Ramp_Merge_5 role=cruise state=CRUISE->CRUISE speed=7.35 target=7.50 neighbors=4
obu-ramp-back-1        | [90.2] Ramp_Back role=cruise state=CRUISE->CRUISE speed=7.50 target=7.50 neighbors=4
obu-ramp-merge-4-1     | [90.5] Ramp_Merge_4 CAR_FOLLOW: sid=108 edge=1331698336 lane=0 leader_edge= leader_lane=None leader_role_hint=ramp self_merge_completed=False self_merge_completed_age=-1.0 self_merge_committed=False lane_cmd_state=None lane_cmd_edge=None lane_cmd_target=None lane_cmd_executable=None same_lane=True reason=same_lane_cam gap=2.3 follow_spd=2.25 emergency=False target_before=0.1800000000000332 target_after=0.1800000000000332
obu-ramp-merge-5-1     | [90.6] Ramp_Merge_5 CAR_FOLLOW: sid=109 edge=135424828 lane=0 leader_edge= leader_lane=None leader_role_hint=ramp self_merge_completed=True self_merge_completed_age=56.4 self_merge_committed=False lane_cmd_state=CLEAR lane_cmd_edge=1331698336 lane_cmd_target=1 lane_cmd_executable=False same_lane=True reason=same_lane_cam gap=4.6 follow_spd=2.62 emergency=False target_before=7.5 target_after=7.1472890333025765
obu-ramp-merge-5-1     | MERGE_ATTEMPT_TIMELINE: vehicle=Ramp_Merge_5 manoeuvre=128 host=None lead=None event=POST_MERGE_CAR_FOLLOW t=90.6 edge=135424828 lane=0 lane_cmd_state=CLEAR speed=7.40 target=7.15 dtm=406.6 lead_gap= host_gap= lead_gap_t1= lead_gap_t2= lead_gap_t3= host_gap_t1= host_gap_t2= host_gap_t3=
obu-ramp-merge-5-1     | [90.6] Ramp_Merge_5 POST_MERGE_CAR_FOLLOW: age=56.4 sid=109 gap=4.6 reason=same_lane_cam follow_spd=2.62 self_edge=135424828 self_lane=0 leader_edge= leader_lane=None lane_cmd_state=CLEAR
obu-ramp-merge-2-1     | [90.9] Ramp_Merge_2 MERGE_DECISION: auth=False phys=True fgok=True lgok=True hgok=True cok=True esok=True cready=True dtm=65.0 past=True committed=False hid=None ra=None lclear=True hyok=True
obu-ramp-merge-2-1     | [90.9] Ramp_Merge_2 MERGE_FAILED_LOST_AUTH_AFTER_POINT: dtm=65.0 past=True hid=None auth=False
obu-ramp-merge-2-1     | [90.9] Ramp_Merge_2 role=merge state=YIELDING->ABORT speed=0.00 target=0.50 neighbors=0
obu-ramp-merge-4-1     | [91.0] Ramp_Merge_4 role=merge state=ABORT->ABORT speed=0.00 target=0.18 neighbors=0
obu-ramp-merge-5-1     | [91.2] Ramp_Merge_5 role=cruise state=YIELDING->CRUISE speed=7.42 target=7.50 neighbors=0
obu-ramp-back-1        | [91.5] Ramp_Back role=cruise state=CRUISE->CRUISE speed=7.50 target=7.50 neighbors=0
obu-ramp-merge-4-1     | [91.8] Ramp_Merge_4 MERGE_DECISION: auth=False phys=True fgok=True lgok=True hgok=True cok=True esok=True cready=True dtm=58.2 past=True committed=False hid=None ra=None lclear=True hyok=True
obu-ramp-merge-4-1     | [91.8] Ramp_Merge_4 MERGE_FAILED_LOST_AUTH_AFTER_POINT: dtm=58.2 past=True hid=None auth=False
obu-ramp-merge-2-1     | [92.3] Ramp_Merge_2 role=merge state=ABORT->ABORT speed=0.00 target=0.18 neighbors=0
obu-ramp-merge-4-1     | [92.5] Ramp_Merge_4 CAR_FOLLOW: sid=108 edge=1331698336 lane=0 leader_edge= leader_lane=None leader_role_hint=ramp self_merge_completed=False self_merge_completed_age=-1.0 self_merge_committed=False lane_cmd_state=None lane_cmd_edge=None lane_cmd_target=None lane_cmd_executable=None same_lane=True reason=same_lane_cam gap=2.3 follow_spd=2.25 emergency=False target_before=0.1800000000000332 target_after=0.1800000000000332
obu-ramp-merge-4-1     | [92.5] Ramp_Merge_4 role=merge state=ABORT->ABORT speed=0.00 target=0.18 neighbors=3
obu-ramp-back-1        | [92.8] Ramp_Back role=cruise state=CRUISE->CRUISE speed=7.50 target=7.50 neighbors=3
obu-ramp-merge-4-1     | [93.0] Ramp_Merge_4 CAR_FOLLOW: sid=108 edge=1331698336 lane=0 leader_edge= leader_lane=None leader_role_hint=ramp self_merge_completed=False self_merge_completed_age=-1.0 self_merge_committed=False lane_cmd_state=None lane_cmd_edge=None lane_cmd_target=None lane_cmd_executable=None same_lane=True reason=same_lane_cam gap=2.3 follow_spd=2.25 emergency=False target_before=0.1800000000000332 target_after=0.1800000000000332
obu-ramp-merge-2-1     | [94.0] Ramp_Merge_2 MERGE_DECISION: auth=False phys=True fgok=True lgok=True hgok=True cok=True esok=True cready=True dtm=65.0 past=True committed=False hid=None ra=None lclear=True hyok=True
obu-ramp-merge-2-1     | [94.0] Ramp_Merge_2 MERGE_FAILED_LOST_AUTH_AFTER_POINT: dtm=65.0 past=True hid=None auth=False
obu-ramp-merge-2-1     | [94.0] Ramp_Merge_2 role=merge state=YIELDING->ABORT speed=0.00 target=0.50 neighbors=0
obu-ramp-merge-4-1     | [94.2] Ramp_Merge_4 role=merge state=ABORT->ABORT speed=0.00 target=0.18 neighbors=0
obu-ramp-back-1        | [94.4] Ramp_Back role=cruise state=CRUISE->CRUISE speed=7.50 target=7.50 neighbors=0
obu-ramp-merge-2-1     | [95.2] Ramp_Merge_2 role=merge state=ABORT->ABORT speed=0.00 target=0.18 neighbors=0
obu-ramp-merge-4-1     | [95.6] Ramp_Merge_4 MERGE_DECISION: auth=False phys=True fgok=True lgok=True hgok=True cok=True esok=True cready=True dtm=58.2 past=True committed=False hid=None ra=None lclear=True hyok=True
obu-ramp-merge-4-1     | [95.6] Ramp_Merge_4 MERGE_FAILED_LOST_AUTH_AFTER_POINT: dtm=58.2 past=True hid=None auth=False
obu-ramp-merge-4-1     | [95.6] Ramp_Merge_4 CAR_FOLLOW: sid=108 edge=1331698336 lane=0 leader_edge= leader_lane=None leader_role_hint=ramp self_merge_completed=False self_merge_completed_age=-1.0 self_merge_committed=False lane_cmd_state=None lane_cmd_edge=None lane_cmd_target=None lane_cmd_executable=None same_lane=True reason=same_lane_cam gap=2.3 follow_spd=2.25 emergency=False target_before=0.5 target_after=0.1800000000000332
obu-ramp-merge-4-1     | [95.6] Ramp_Merge_4 role=merge state=ABORT->ABORT speed=0.00 target=0.18 neighbors=3
obu-ramp-back-1        | [95.8] Ramp_Back role=cruise state=CRUISE->CRUISE speed=7.50 target=7.50 neighbors=3
obu-ramp-merge-4-1     | [96.3] Ramp_Merge_4 CAR_FOLLOW: sid=108 edge=1331698336 lane=0 leader_edge= leader_lane=None leader_role_hint=ramp self_merge_completed=False self_merge_completed_age=-1.0 self_merge_committed=False lane_cmd_state=None lane_cmd_edge=None lane_cmd_target=None lane_cmd_executable=None same_lane=True reason=same_lane_cam gap=2.3 follow_spd=2.25 emergency=False target_before=0.1800000000000332 target_after=0.1800000000000332
obu-ramp-merge-2-1     | [96.8] Ramp_Merge_2 MERGE_DECISION: auth=False phys=True fgok=True lgok=True hgok=True cok=True esok=True cready=True dtm=65.0 past=True committed=False hid=None ra=None lclear=True hyok=True
obu-ramp-merge-2-1     | [96.8] Ramp_Merge_2 MERGE_FAILED_LOST_AUTH_AFTER_POINT: dtm=65.0 past=True hid=None auth=False
obu-ramp-merge-2-1     | [96.8] Ramp_Merge_2 role=merge state=YIELDING->ABORT speed=0.00 target=0.50 neighbors=0
obu-ramp-merge-4-1     | [96.9] Ramp_Merge_4 role=merge state=ABORT->ABORT speed=0.00 target=0.18 neighbors=0
obu-ramp-back-1        | [97.3] Ramp_Back role=cruise state=CRUISE->CRUISE speed=7.50 target=7.50 neighbors=0
obu-ramp-merge-4-1     | [98.0] Ramp_Merge_4 role=merge state=ABORT->ABORT speed=0.00 target=0.18 neighbors=0
obu-ramp-merge-2-1     | [98.5] Ramp_Merge_2 role=merge state=ABORT->ABORT speed=0.00 target=0.18 neighbors=0
obu-ramp-merge-4-1     | [98.7] Ramp_Merge_4 MERGE_DECISION: auth=False phys=True fgok=True lgok=True hgok=True cok=True esok=True cready=True dtm=58.2 past=True committed=False hid=None ra=None lclear=True hyok=True
obu-ramp-merge-4-1     | [98.7] Ramp_Merge_4 MERGE_FAILED_LOST_AUTH_AFTER_POINT: dtm=58.2 past=True hid=None auth=False
obu-ramp-merge-4-1     | [98.7] Ramp_Merge_4 CAR_FOLLOW: sid=108 edge=1331698336 lane=0 leader_edge= leader_lane=None leader_role_hint=ramp self_merge_completed=False self_merge_completed_age=-1.0 self_merge_committed=False lane_cmd_state=None lane_cmd_edge=None lane_cmd_target=None lane_cmd_executable=None same_lane=True reason=same_lane_cam gap=2.3 follow_spd=2.25 emergency=False target_before=0.5 target_after=0.1800000000000332
obu-ramp-back-1        | [99.2] Ramp_Back role=cruise state=CRUISE->CRUISE speed=7.50 target=7.50 neighbors=2
obu-ramp-merge-4-1     | [99.6] Ramp_Merge_4 CAR_FOLLOW: sid=108 edge=1331698336 lane=0 leader_edge= leader_lane=None leader_role_hint=ramp self_merge_completed=False self_merge_completed_age=-1.0 self_merge_committed=False lane_cmd_state=None lane_cmd_edge=None lane_cmd_target=None lane_cmd_executable=None same_lane=True reason=same_lane_cam gap=2.3 follow_spd=2.25 emergency=False target_before=0.1800000000000332 target_after=0.1800000000000332
obu-ramp-merge-4-1     | [99.6] Ramp_Merge_4 role=merge state=ABORT->ABORT speed=0.00 target=0.18 neighbors=2
obu-ramp-merge-2-1     | [99.9] Ramp_Merge_2 MERGE_DECISION: auth=False phys=True fgok=True lgok=True hgok=True cok=True esok=True cready=True dtm=65.0 past=True committed=False hid=None ra=None lclear=True hyok=True
obu-ramp-merge-2-1     | [99.9] Ramp_Merge_2 MERGE_FAILED_LOST_AUTH_AFTER_POINT: dtm=65.0 past=True hid=None auth=False
obu-ramp-merge-2-1     | [99.9] Ramp_Merge_2 role=merge state=YIELDING->ABORT speed=0.00 target=0.50 neighbors=0
obu-ramp-merge-4-1     | [100.7] Ramp_Merge_4 role=merge state=ABORT->ABORT speed=0.00 target=0.18 neighbors=0
obu-ramp-merge-2-1     | [101.1] Ramp_Merge_2 role=merge state=ABORT->ABORT speed=0.00 target=0.18 neighbors=0
obu-ramp-merge-4-1     | [101.8] Ramp_Merge_4 MERGE_DECISION: auth=False phys=True fgok=True lgok=True hgok=True cok=True esok=True cready=True dtm=58.2 past=True committed=False hid=None ra=None lclear=True hyok=True
obu-ramp-merge-4-1     | [101.8] Ramp_Merge_4 MERGE_FAILED_LOST_AUTH_AFTER_POINT: dtm=58.2 past=True hid=None auth=False
obu-ramp-merge-4-1     | [101.8] Ramp_Merge_4 role=merge state=ABORT->ABORT speed=0.00 target=0.50 neighbors=0
obu-ramp-merge-2-1     | [102.2] Ramp_Merge_2 role=merge state=ABORT->ABORT speed=0.00 target=0.18 neighbors=0
obu-ramp-merge-4-1     | [102.8] Ramp_Merge_4 CAR_FOLLOW: sid=108 edge=1331698336 lane=0 leader_edge= leader_lane=None leader_role_hint=ramp self_merge_completed=False self_merge_completed_age=-1.0 self_merge_committed=False lane_cmd_state=None lane_cmd_edge=None lane_cmd_target=None lane_cmd_executable=None same_lane=True reason=same_lane_cam gap=2.3 follow_spd=2.25 emergency=False target_before=0.1800000000000332 target_after=0.1800000000000332
obu-ramp-merge-4-1     | [102.8] Ramp_Merge_4 role=merge state=ABORT->ABORT speed=0.00 target=0.18 neighbors=2
obu-ramp-merge-2-1     | [103.4] Ramp_Merge_2 role=merge state=ABORT->YIELDING speed=0.00 target=0.18 neighbors=2
obu-ramp-merge-4-1     | [103.7] Ramp_Merge_4 CAR_FOLLOW: sid=108 edge=1331698336 lane=0 leader_edge= leader_lane=None leader_role_hint=ramp self_merge_completed=False self_merge_completed_age=-1.0 self_merge_committed=False lane_cmd_state=None lane_cmd_edge=None lane_cmd_target=None lane_cmd_executable=None same_lane=True reason=same_lane_cam gap=2.3 follow_spd=2.25 emergency=False target_before=0.1800000000000332 target_after=0.1800000000000332
obu-ramp-merge-2-1     | [104.5] Ramp_Merge_2 MERGE_DECISION: auth=False phys=True fgok=True lgok=True hgok=True cok=True esok=True cready=True dtm=65.0 past=True committed=False hid=None ra=None lclear=True hyok=True
obu-ramp-merge-2-1     | [104.5] Ramp_Merge_2 MERGE_FAILED_LOST_AUTH_AFTER_POINT: dtm=65.0 past=True hid=None auth=False
obu-ramp-merge-2-1     | [104.5] Ramp_Merge_2 role=merge state=YIELDING->ABORT speed=0.00 target=0.50 neighbors=0
obu-ramp-merge-4-1     | [104.9] Ramp_Merge_4 MERGE_DECISION: auth=False phys=True fgok=True lgok=True hgok=True cok=True esok=True cready=True dtm=58.2 past=True committed=False hid=None ra=None lclear=True hyok=True
obu-ramp-merge-4-1     | [104.9] Ramp_Merge_4 MERGE_FAILED_LOST_AUTH_AFTER_POINT: dtm=58.2 past=True hid=None auth=False
obu-ramp-merge-4-1     | [104.9] Ramp_Merge_4 role=merge state=ABORT->ABORT speed=0.00 target=0.50 neighbors=0
obu-ramp-merge-2-1     | [105.7] Ramp_Merge_2 role=merge state=ABORT->ABORT speed=0.00 target=0.18 neighbors=0
obu-ramp-merge-4-1     | [106.1] Ramp_Merge_4 role=merge state=ABORT->ABORT speed=0.00 target=0.18 neighbors=0
obu-ramp-merge-4-1     | [107.3] Ramp_Merge_4 CAR_FOLLOW: sid=108 edge=1331698336 lane=0 leader_edge= leader_lane=None leader_role_hint=ramp self_merge_completed=False self_merge_completed_age=-1.0 self_merge_committed=False lane_cmd_state=None lane_cmd_edge=None lane_cmd_target=None lane_cmd_executable=None same_lane=True reason=same_lane_cam gap=2.3 follow_spd=2.25 emergency=False target_before=0.1800000000000332 target_after=0.1800000000000332
obu-ramp-merge-4-1     | [107.3] Ramp_Merge_4 role=merge state=ABORT->ABORT speed=0.00 target=0.18 neighbors=1
obu-ramp-merge-2-1     | [107.8] Ramp_Merge_2 role=merge state=ABORT->YIELDING speed=0.00 target=0.18 neighbors=1
obu-ramp-merge-4-1     | [108.1] Ramp_Merge_4 MERGE_DECISION: auth=False phys=True fgok=True lgok=True hgok=True cok=True esok=True cready=True dtm=58.2 past=True committed=False hid=None ra=None lclear=True hyok=True
obu-ramp-merge-4-1     | [108.1] Ramp_Merge_4 MERGE_FAILED_LOST_AUTH_AFTER_POINT: dtm=58.2 past=True hid=None auth=False
obu-ramp-merge-4-1     | [108.1] Ramp_Merge_4 CAR_FOLLOW: sid=108 edge=1331698336 lane=0 leader_edge= leader_lane=None leader_role_hint=ramp self_merge_completed=False self_merge_completed_age=-1.0 self_merge_committed=False lane_cmd_state=None lane_cmd_edge=None lane_cmd_target=None lane_cmd_executable=None same_lane=True reason=same_lane_cam gap=2.3 follow_spd=2.25 emergency=False target_before=0.5 target_after=0.1800000000000332
obu-ramp-merge-2-1     | [108.6] Ramp_Merge_2 MERGE_DECISION: auth=False phys=True fgok=True lgok=True hgok=True cok=True esok=True cready=True dtm=65.0 past=True committed=False hid=None ra=None lclear=True hyok=True
obu-ramp-merge-2-1     | [108.6] Ramp_Merge_2 MERGE_FAILED_LOST_AUTH_AFTER_POINT: dtm=65.0 past=True hid=None auth=False
obu-ramp-merge-4-1     | [109.2] Ramp_Merge_4 role=merge state=ABORT->ABORT speed=0.00 target=0.18 neighbors=0
obu-ramp-merge-2-1     | [109.7] Ramp_Merge_2 role=merge state=ABORT->ABORT speed=0.00 target=0.18 neighbors=0
obu-ramp-merge-4-1     | [110.2] Ramp_Merge_4 role=merge state=ABORT->ABORT speed=0.00 target=0.18 neighbors=0
obu-ramp-merge-2-1     | [110.8] Ramp_Merge_2 role=merge state=ABORT->ABORT speed=0.00 target=0.18 neighbors=0
obu-ramp-merge-4-1     | [111.4] Ramp_Merge_4 MERGE_DECISION: auth=False phys=True fgok=True lgok=True hgok=True cok=True esok=True cready=True dtm=58.2 past=True committed=False hid=None ra=None lclear=True hyok=True
obu-ramp-merge-4-1     | [111.4] Ramp_Merge_4 MERGE_FAILED_LOST_AUTH_AFTER_POINT: dtm=58.2 past=True hid=None auth=False
obu-ramp-merge-4-1     | [111.4] Ramp_Merge_4 CAR_FOLLOW: sid=108 edge=1331698336 lane=0 leader_edge= leader_lane=None leader_role_hint=ramp self_merge_completed=False self_merge_completed_age=-1.0 self_merge_committed=False lane_cmd_state=None lane_cmd_edge=None lane_cmd_target=None lane_cmd_executable=None same_lane=True reason=same_lane_cam gap=2.3 follow_spd=2.25 emergency=False target_before=0.5 target_after=0.1800000000000332
obu-ramp-merge-4-1     | [111.4] Ramp_Merge_4 role=merge state=ABORT->ABORT speed=0.00 target=0.18 neighbors=1
obu-ramp-merge-2-1     | [112.1] Ramp_Merge_2 role=merge state=ABORT->YIELDING speed=0.00 target=0.18 neighbors=1
obu-ramp-merge-4-1     | [112.4] Ramp_Merge_4 role=merge state=ABORT->ABORT speed=0.00 target=0.18 neighbors=0
obu-ramp-merge-2-1     | [113.2] Ramp_Merge_2 MERGE_DECISION: auth=False phys=True fgok=True lgok=True hgok=True cok=True esok=True cready=True dtm=65.0 past=True committed=False hid=None ra=None lclear=True hyok=True
obu-ramp-merge-2-1     | [113.2] Ramp_Merge_2 MERGE_FAILED_LOST_AUTH_AFTER_POINT: dtm=65.0 past=True hid=None auth=False
obu-ramp-merge-2-1     | [113.2] Ramp_Merge_2 role=merge state=YIELDING->ABORT speed=0.00 target=0.50 neighbors=0
obu-ramp-merge-4-1     | [113.6] Ramp_Merge_4 role=merge state=ABORT->ABORT speed=0.00 target=0.18 neighbors=0
obu-ramp-merge-4-1     | [114.7] Ramp_Merge_4 MERGE_DECISION: auth=False phys=True fgok=True lgok=True hgok=True cok=True esok=True cready=True dtm=58.2 past=True committed=False hid=None ra=None lclear=True hyok=True
obu-ramp-merge-4-1     | [114.7] Ramp_Merge_4 MERGE_FAILED_LOST_AUTH_AFTER_POINT: dtm=58.2 past=True hid=None auth=False
obu-ramp-merge-4-1     | [114.7] Ramp_Merge_4 role=merge state=ABORT->ABORT speed=0.00 target=0.50 neighbors=0
obu-ramp-merge-2-1     | [115.5] Ramp_Merge_2 role=merge state=ABORT->ABORT speed=0.00 target=0.18 neighbors=0
obu-ramp-merge-4-1     | [115.9] Ramp_Merge_4 CAR_FOLLOW: sid=108 edge=1331698336 lane=0 leader_edge= leader_lane=None leader_role_hint=ramp self_merge_completed=False self_merge_completed_age=-1.0 self_merge_committed=False lane_cmd_state=None lane_cmd_edge=None lane_cmd_target=None lane_cmd_executable=None same_lane=True reason=same_lane_cam gap=2.3 follow_spd=2.25 emergency=False target_before=0.1800000000000332 target_after=0.1800000000000332
obu-ramp-merge-4-1     | [115.9] Ramp_Merge_4 role=merge state=ABORT->ABORT speed=0.00 target=0.18 neighbors=1
obu-ramp-merge-2-1     | [116.5] Ramp_Merge_2 role=merge state=ABORT->YIELDING speed=0.00 target=0.18 neighbors=1
obu-ramp-merge-4-1     | [117.1] Ramp_Merge_4 role=merge state=ABORT->ABORT speed=0.00 target=0.18 neighbors=0
obu-ramp-merge-2-1     | [117.7] Ramp_Merge_2 MERGE_DECISION: auth=False phys=True fgok=True lgok=True hgok=True cok=True esok=True cready=True dtm=65.0 past=True committed=False hid=None ra=None lclear=True hyok=True
obu-ramp-merge-2-1     | [117.7] Ramp_Merge_2 MERGE_FAILED_LOST_AUTH_AFTER_POINT: dtm=65.0 past=True hid=None auth=False
obu-ramp-merge-2-1     | [117.7] Ramp_Merge_2 role=merge state=YIELDING->ABORT speed=0.00 target=0.50 neighbors=0
obu-ramp-merge-4-1     | [118.0] Ramp_Merge_4 MERGE_DECISION: auth=False phys=True fgok=True lgok=True hgok=True cok=True esok=True cready=True dtm=58.2 past=True committed=False hid=None ra=None lclear=True hyok=True
obu-ramp-merge-4-1     | [118.0] Ramp_Merge_4 MERGE_FAILED_LOST_AUTH_AFTER_POINT: dtm=58.2 past=True hid=None auth=False
obu-ramp-merge-2-1     | [118.8] Ramp_Merge_2 role=merge state=ABORT->ABORT speed=0.00 target=0.18 neighbors=0
obu-ramp-merge-4-1     | [119.1] Ramp_Merge_4 role=merge state=ABORT->ABORT speed=0.00 target=0.18 neighbors=0
traci-bridge-1         | Step #0.00 (0ms ?*RT. ?UPS, TraCI: 1ms, vehicles TOT 11 ACT 11 BUF 0)                     Step #10.00 (0ms ?*RT. ?UPS, TraCI: 5ms, vehicles TOT 12 ACT 12 BUF 0)                    Step #20.00 (0ms ?*RT. ?UPS, TraCI: 5ms, vehicles TOT 12 ACT 12 BUF 0)                    Step #30.00 (0ms ?*RT. ?UPS, TraCI: 6ms, vehicles TOT 12 ACT 12 BUF 0)                    Step #40.00 (0ms ?*RT. ?UPS, TraCI: 5ms, vehicles TOT 12 ACT 12 BUF 0)                    Step #50.00 (0ms ?*RT. ?UPS, TraCI: 4ms, vehicles TOT 12 ACT 12 BUF 0)                    Step #60.00 (0ms ?*RT. ?UPS, TraCI: 5ms, vehicles TOT 12 ACT 12 BUF 0)                    Step #70.00 (0ms ?*RT. ?UPS, TraCI: 4ms, vehicles TOT 12 ACT 9 BUF 0)                     Step #80.00 (0ms ?*RT. ?UPS, TraCI: 3ms, vehicles TOT 12 ACT 7 BUF 0)                     Step #90.00 (0ms ?*RT. ?UPS, TraCI: 1ms, vehicles TOT 12 ACT 4 BUF 0)                     Step #100.00 (0ms ?*RT. ?UPS, TraCI: 1ms, vehicles TOT 12 ACT 2 BUF 0)                    Step #110.00 (0ms ?*RT. ?UPS, TraCI: 1ms, vehicles TOT 12 ACT 2 BUF 0)                    Step #120.00 (0ms ?*RT. ?UPS, TraCI: 1ms, vehicles TOT 12 ACT 2 BUF 0)                    
obu-ramp-merge-4-1     | [120.0] Ramp_Merge_4 CAR_FOLLOW: sid=108 edge=1331698336 lane=0 leader_edge= leader_lane=None leader_role_hint=ramp self_merge_completed=False self_merge_completed_age=-1.0 self_merge_committed=False lane_cmd_state=None lane_cmd_edge=None lane_cmd_target=None lane_cmd_executable=None same_lane=True reason=same_lane_cam gap=2.3 follow_spd=2.25 emergency=False target_before=0.1800000000000332 target_after=0.1800000000000332
obu-ramp-merge-2-1     | [120.0] Ramp_Merge_2 role=merge state=ABORT->YIELDING speed=0.00 target=0.18 neighbors=1
traci-bridge-1         | LANE_CMD_WAIT_EDGE veh=Ramp_Back edge=34126779 lane=0 target=1 lane_count=1
traci-bridge-1         | LANE_CMD_STATE veh=Ramp_Back edge=34126779 lane=0 target=1 lane_count=1 recently=False speed=4.02
traci-bridge-1         | LANE_CMD_WAIT_EDGE veh=Ramp_Back edge=34126779 lane=0 target=1 lane_count=1
traci-bridge-1         | LANE_CMD_STATE veh=Ramp_Back edge=34126779 lane=0 target=1 lane_count=1 recently=False speed=4.03
traci-bridge-1         | LANE_CMD_WAIT_EDGE veh=Ramp_Back edge=34126779 lane=0 target=1 lane_count=1
traci-bridge-1         | LANE_CMD_STATE veh=Ramp_Back edge=34126779 lane=0 target=1 lane_count=1 recently=False speed=4.04
traci-bridge-1         | LANE_CMD_WAIT_EDGE veh=Ramp_Back edge=34126779 lane=0 target=1 lane_count=1
traci-bridge-1         | LANE_CMD_STATE veh=Ramp_Back edge=34126779 lane=0 target=1 lane_count=1 recently=False speed=4.05
traci-bridge-1         | LANE_CMD_WAIT_EDGE veh=Ramp_Back edge=34126779 lane=0 target=1 lane_count=1
traci-bridge-1         | LANE_CMD_STATE veh=Ramp_Back edge=34126779 lane=0 target=1 lane_count=1 recently=False speed=4.05
traci-bridge-1         | LANE_CMD_WAIT_EDGE veh=Ramp_Back edge=34126779 lane=0 target=1 lane_count=1
traci-bridge-1         | LANE_CMD_STATE veh=Ramp_Back edge=34126779 lane=0 target=1 lane_count=1 recently=False speed=4.06
traci-bridge-1         | LANE_CMD_WAIT_EDGE veh=Ramp_Back edge=34126779 lane=0 target=1 lane_count=1
traci-bridge-1         | LANE_CMD_STATE veh=Ramp_Back edge=34126779 lane=0 target=1 lane_count=1 recently=False speed=4.07
traci-bridge-1         | LANE_CMD_WAIT_EDGE veh=Ramp_Back edge=34126779 lane=0 target=1 lane_count=1
traci-bridge-1         | LANE_CMD_STATE veh=Ramp_Back edge=34126779 lane=0 target=1 lane_count=1 recently=False speed=4.08
traci-bridge-1         | LANE_CMD_WAIT_EDGE veh=Ramp_Back edge=34126779 lane=0 target=1 lane_count=1
traci-bridge-1         | LANE_CMD_STATE veh=Ramp_Back edge=34126779 lane=0 target=1 lane_count=1 recently=False speed=4.09
traci-bridge-1         | LANE_CMD_WAIT_EDGE veh=Ramp_Back edge=34126779 lane=0 target=1 lane_count=1
traci-bridge-1         | LANE_CMD_STATE veh=Ramp_Back edge=34126779 lane=0 target=1 lane_count=1 recently=False speed=4.09
traci-bridge-1         | LANE_CMD_WAIT_EDGE veh=Ramp_Back edge=34126779 lane=0 target=1 lane_count=1
traci-bridge-1         | LANE_CMD_STATE veh=Ramp_Back edge=34126779 lane=0 target=1 lane_count=1 recently=False speed=4.10
traci-bridge-1         | LANE_CMD_WAIT_EDGE veh=Ramp_Back edge=34126779 lane=0 target=1 lane_count=1
traci-bridge-1         | LANE_CMD_STATE veh=Ramp_Back edge=34126779 lane=0 target=1 lane_count=1 recently=False speed=4.10
traci-bridge-1         | LANE_CMD_WAIT_EDGE veh=Ramp_Back edge=34126779 lane=0 target=1 lane_count=1
traci-bridge-1         | LANE_CMD_STATE veh=Ramp_Back edge=34126779 lane=0 target=1 lane_count=1 recently=False speed=4.11
traci-bridge-1         | LANE_CMD_WAIT_EDGE veh=Ramp_Back edge=34126779 lane=0 target=1 lane_count=1
traci-bridge-1         | LANE_CMD_STATE veh=Ramp_Back edge=34126779 lane=0 target=1 lane_count=1 recently=False speed=4.12
traci-bridge-1         | LANE_CMD_WAIT_EDGE veh=Ramp_Back edge=34126779 lane=0 target=1 lane_count=1
traci-bridge-1         | LANE_CMD_STATE veh=Ramp_Back edge=34126779 lane=0 target=1 lane_count=1 recently=False speed=4.13
traci-bridge-1         | LANE_CMD_WAIT_EDGE veh=Ramp_Back edge=34126779 lane=0 target=1 lane_count=1
traci-bridge-1         | LANE_CMD_STATE veh=Ramp_Back edge=34126779 lane=0 target=1 lane_count=1 recently=False speed=4.14
traci-bridge-1         | LANE_CMD_WAIT_EDGE veh=Ramp_Back edge=34126779 lane=0 target=1 lane_count=1
traci-bridge-1         | LANE_CMD_STATE veh=Ramp_Back edge=34126779 lane=0 target=1 lane_count=1 recently=False speed=4.14
traci-bridge-1         | LANE_CMD_WAIT_EDGE veh=Ramp_Back edge=34126779 lane=0 target=1 lane_count=1
traci-bridge-1         | LANE_CMD_STATE veh=Ramp_Back edge=:390064918_0 lane=0 target=1 lane_count=1 recently=False speed=4.15
traci-bridge-1         | LANE_CMD_WAIT_EDGE veh=Ramp_Back edge=:390064918_0 lane=0 target=1 lane_count=1
traci-bridge-1         | LANE_CMD_STATE veh=Ramp_Back edge=:390064918_0 lane=0 target=1 lane_count=1 recently=False speed=4.16
traci-bridge-1         | LANE_CMD_WAIT_EDGE veh=Ramp_Back edge=:390064918_0 lane=0 target=1 lane_count=1
traci-bridge-1         | LANE_CMD_STATE veh=Ramp_Back edge=:390064918_0 lane=0 target=1 lane_count=1 recently=False speed=4.17
traci-bridge-1         | LANE_CMD_WAIT_EDGE veh=Ramp_Back edge=:390064918_0 lane=0 target=1 lane_count=1
traci-bridge-1         | LANE_CMD_STATE veh=Ramp_Back edge=:390064918_0 lane=0 target=1 lane_count=1 recently=False speed=4.18
traci-bridge-1         | LANE_CMD_WAIT_EDGE veh=Ramp_Back edge=:390064918_0 lane=0 target=1 lane_count=1
traci-bridge-1         | LANE_CMD_STATE veh=Ramp_Back edge=:390064918_0 lane=0 target=1 lane_count=1 recently=False speed=4.18
traci-bridge-1         | LANE_CMD_WAIT_EDGE veh=Ramp_Back edge=:390064918_0 lane=0 target=1 lane_count=1
traci-bridge-1         | LANE_CMD_STATE veh=Ramp_Back edge=:390064918_0 lane=0 target=1 lane_count=1 recently=False speed=4.19
traci-bridge-1         | LANE_CMD_WAIT_EDGE veh=Ramp_Back edge=:390064918_0 lane=0 target=1 lane_count=1
traci-bridge-1         | LANE_CMD_STATE veh=Ramp_Back edge=:390064918_0 lane=0 target=1 lane_count=1 recently=False speed=4.20
traci-bridge-1         | LANE_CMD_WAIT_EDGE veh=Ramp_Back edge=:390064918_0 lane=0 target=1 lane_count=1
traci-bridge-1         | LANE_CMD_STATE veh=Ramp_Back edge=1331698336 lane=0 target=1 lane_count=3 recently=False speed=4.21
traci-bridge-1         | LANE_CMD_APPLY veh=Ramp_Back edge=1331698336 from_lane=0 target=1 duration=2.00 mode=256 speed=4.21
traci-bridge-1         | LANE_CMD_STATE veh=Ramp_Back edge=1331698336 lane=1 target=1 lane_count=3 recently=True speed=4.22
traci-bridge-1         | LANE_CMD_CLEAR veh=Ramp_Back edge=1331698336 target=1
mqtt-broker-1          | 1779124296: Client traci-bridge [172.18.0.15:51309] disconnected: connection closed by client.
[Ktraci-bridge-1 exited with code 0
 Compose Stopping Aborting on container exit...
 Container rsa-obu-ramp-merge-2-1 Stopping 
 Container rsa-obu-main-back-left-1 Stopping 
 Container rsa-obu-host-car-1 Stopping 
 Container rsa-obu-main-mid-right-1 Stopping 
 Container rsa-obu-ramp-merge-3-1 Stopping 
 Container rsa-obu-ramp-back-1 Stopping 
 Container rsa-obu-merge-car-1 Stopping 
 Container rsa-obu-main-front-left-1 Stopping 
 Container rsa-obu-ramp-merge-5-1 Stopping 
 Container rsa-obu-main-back-right-1 Stopping 
 Container rsa-traci-bridge-1 Stopping 
 Container rsa-obu-lead-car-1 Stopping 
 Container rsa-obu-ramp-merge-4-1 Stopping 
 Container rsa-traci-bridge-1 Stopped 
mqtt-broker-1          | 1779124306: Client 9b0d3b3d981d.bridge_to_remote [172.18.0.7:59182] disconnected: connection closed by client.
mqtt-broker-1          | 1779124306: Client 5705515ce498.bridge_to_remote [172.18.0.5:52346] disconnected: connection closed by client.
mqtt-broker-1          | 1779124306: Client 018bcf3b5235.bridge_to_remote [172.18.0.4:50630] disconnected: connection closed by client.
mqtt-broker-1          | 1779124306: Client 58a6356fd149.bridge_to_remote [172.18.0.3:38774] disconnected: connection closed by client.
obu-lead-car-1         | 1779124306: Client obu-Lead_Car-1 closed its connection.
obu-merge-car-1        | 1779124306: Client obu-Merge_Car-1 closed its connection.
obu-main-back-left-1   | 1779124306: Client obu-Main_Back_Left-1 closed its connection.
obu-ramp-merge-3-1     | 1779124306: Client obu-Ramp_Merge_3-1 closed its connection.
obu-ramp-back-1        | 1779124306: Client obu-Ramp_Back-1 closed its connection.
mqtt-broker-1          | 1779124306: Client eb9fc1318b05.bridge_to_remote [172.18.0.12:32940] disconnected: connection closed by client.
obu-ramp-merge-5-1     | 1779124306: Client obu-Ramp_Merge_5-1 closed its connection.
obu-host-car-1         | 1779124306: Client obu-Host_Car-1 closed its connection.
mqtt-broker-1          | 1779124306: Client 7b277e2c1122.bridge_to_remote [172.18.0.11:60884] disconnected: connection closed by client.
mqtt-broker-1          | 1779124306: Client auto-F2A90ED8-30EA-85DE-278C-96DE97D82191 [172.18.0.3:38784] disconnected: connection closed by client.
mqtt-broker-1          | 1779124306: Client a3a3621800b1.bridge_to_remote [172.18.0.8:41122] disconnected: connection closed by client.
mqtt-broker-1          | 1779124306: Client 94952bb16537.bridge_to_remote [172.18.0.13:38868] disconnected: connection closed by client.
mqtt-broker-1          | 1779124306: Client f3c68c31ecee.bridge_to_remote [172.18.0.14:44916] disconnected: connection closed by client.
mqtt-broker-1          | 1779124306: Client c6fac515f2b3.bridge_to_remote [172.18.0.10:57458] disconnected: connection closed by client.
mqtt-broker-1          | 1779124306: Client 221da77dd0d3.bridge_to_remote [172.18.0.6:58090] disconnected: connection closed by client.
obu-ramp-merge-2-1     | 1779124306: Client obu-Ramp_Merge_2-1 closed its connection.
mqtt-broker-1          | 1779124306: Client auto-82925923-7265-9CDB-DFB4-C41F79698FCB [172.18.0.5:52360] disconnected: connection closed by client.
mqtt-broker-1          | 1779124306: Client auto-6F075C1F-DEC7-E49B-BFC0-5C4B8F986FEA [172.18.0.4:50640] disconnected: connection closed by client.
mqtt-broker-1          | 1779124306: Client auto-0C95221D-E481-0E81-CAFF-ACC1E5912CDA [172.18.0.7:59186] disconnected: connection closed by client.
mqtt-broker-1          | 1779124306: Client auto-72E6D837-EFCE-CF4B-97C3-6868EFA85571 [172.18.0.12:58654] disconnected: connection closed by client.
mqtt-broker-1          | 1779124306: Client 9f1af53a8e36.bridge_to_remote [172.18.0.9:41848] disconnected: connection closed by client.
mqtt-broker-1          | 1779124306: Client auto-2E9F28AD-C9AE-FD22-2D65-B90DF5E27ACA [172.18.0.6:58102] disconnected: connection closed by client.
mqtt-broker-1          | 1779124306: Client auto-8184C856-0CD9-7890-9E86-6E84F03E4B22 [172.18.0.10:57474] disconnected: connection closed by client.
mqtt-broker-1          | 1779124306: Client auto-333E9710-AADC-99FF-D734-E28B35532A42 [172.18.0.13:56660] disconnected: connection closed by client.
mqtt-broker-1          | 1779124306: Client auto-C813760B-56A0-B099-6C1B-78C14265444F [172.18.0.8:41132] disconnected: connection closed by client.
mqtt-broker-1          | 1779124306: Client auto-1296935D-81C0-E735-8C1D-0D97FF5B9CEC [172.18.0.14:44396] disconnected: connection closed by client.
mqtt-broker-1          | 1779124306: Client auto-A8545DBB-EB16-07F5-7764-89D42F7C1381 [172.18.0.11:44772] disconnected: connection closed by client.
mqtt-broker-1          | 1779124306: Client auto-5E6A0F33-A2DE-E9A8-4405-A54E3160EECB [172.18.0.9:41854] disconnected: connection closed by client.
 Container rsa-obu-lead-car-1 Stopped 
[Kobu-lead-car-1 exited with code 137
 Container rsa-obu-ramp-merge-4-1 Stopped 
[Kobu-ramp-merge-4-1 exited with code 137
 Container rsa-obu-ramp-merge-5-1 Stopped 
[Kobu-ramp-merge-5-1 exited with code 137
 Container rsa-obu-main-back-left-1 Stopped 
[Kobu-main-back-left-1 exited with code 137
 Container rsa-obu-merge-car-1 Stopped 
[Kobu-merge-car-1 exited with code 137
 Container rsa-obu-main-back-right-1 Stopped 
[Kobu-main-back-right-1 exited with code 137
 Container rsa-obu-ramp-merge-3-1 Stopped 
[Kobu-ramp-merge-3-1 exited with code 137
 Container rsa-obu-main-front-left-1 Stopped 
[Kobu-main-front-left-1 exited with code 137
 Container rsa-obu-main-mid-right-1 Stopped 
[Kobu-main-mid-right-1 exited with code 137
 Container rsa-obu-ramp-back-1 Stopped 
[Kobu-ramp-back-1 exited with code 137
 Container rsa-obu-host-car-1 Stopped 
[Kobu-host-car-1 exited with code 137
 Container rsa-obu-ramp-merge-2-1 Stopped 
 Container rsa-mqtt-broker-1 Stopping 
[Kobu-ramp-merge-2-1 exited with code 137
mqtt-broker-1          | 1779124307: mosquitto version 2.1.2 terminating
 Container rsa-mqtt-broker-1 Stopped 
[Kmqtt-broker-1 exited with code 0
