 Image rsa-obu:latest Building 
 Image rsa-obu:latest Building 
 Image rsa-obu:latest Building 
 Image rsa-obu:latest Building 
 Image rsa-obu:latest Building 
 Image rsa-obu:latest Building 
 Image rsa-obu:latest Building 
 Image rsa-obu:latest Building 
 Image rsa-obu:latest Building 
 Image rsa-obu:latest Building 
 Image rsa-obu:latest Building 
 Image rsa-obu:latest Building 
 Image rsa-traci-bridge:latest Building 
#1 [internal] load local bake definitions
#1 reading from stdin 5.71kB done
#1 DONE 0.0s

#2 [obu-ramp-back internal] load build definition from Dockerfile
#2 transferring dockerfile: 499B done
#2 DONE 0.0s

#3 [traci-bridge internal] load build definition from Dockerfile
#3 transferring dockerfile: 997B done
#3 DONE 0.0s

#4 [traci-bridge internal] load metadata for ghcr.io/eclipse-sumo/sumo:latest
#4 DONE 0.0s

#5 [obu-ramp-back internal] load metadata for ghcr.io/nap-it/vanetza-nap:latest
#5 DONE 0.0s

#6 [obu-ramp-back internal] load .dockerignore
#6 transferring context: 2B done
#6 DONE 0.0s

#7 [obu-main-back-left 1/9] FROM ghcr.io/nap-it/vanetza-nap:latest
#7 DONE 0.0s

#8 [traci-bridge 1/6] FROM ghcr.io/eclipse-sumo/sumo:latest
#8 DONE 0.0s

#9 [obu-main-mid-right internal] load build context
#9 transferring context: 681B done
#9 DONE 0.0s

#10 [traci-bridge internal] load build context
#10 transferring context: 148B done
#10 DONE 0.0s

#11 [traci-bridge 4/6] COPY sim/bridge/requirements.txt /app/requirements.txt
#11 CACHED

#12 [traci-bridge 5/6] RUN pip3 install --no-cache-dir -r /app/requirements.txt
#12 CACHED

#13 [traci-bridge 3/6] WORKDIR /app
#13 CACHED

#14 [traci-bridge 2/6] RUN apt-get update     && apt-get install -y --no-install-recommends         ca-certificates         curl         gnupg         python3         python3-pip     && curl -fsSL https://downloads.apache.org/arrow/KEYS         | gpg --dearmor -o /usr/share/keyrings/apache-arrow-apt-source.gpg     && echo "deb [signed-by=/usr/share/keyrings/apache-arrow-apt-source.gpg] https://apache.jfrog.io/artifactory/arrow/ubuntu jammy main"         > /etc/apt/sources.list.d/apache-arrow.list     && apt-get update     && apt-get install -y --no-install-recommends         libarrow2300         libparquet2300     && rm -rf /var/lib/apt/lists/*
#14 CACHED

#15 [traci-bridge 6/6] COPY sim/bridge/traci_bridge.py /app/traci_bridge.py
#15 CACHED

#16 [obu-merge-car 4/9] COPY obu/requirements.txt /app/requirements.txt
#16 CACHED

#17 [obu-merge-car 7/9] COPY obu/entrypoint.sh /entrypoint-obu.sh
#17 CACHED

#18 [obu-merge-car 5/9] RUN pip3 install --no-cache-dir -r /app/requirements.txt
#18 CACHED

#19 [obu-merge-car 2/9] RUN apt-get update     && apt-get install -y --no-install-recommends python3 python3-pip     && rm -rf /var/lib/apt/lists/*
#19 CACHED

#20 [obu-merge-car 8/9] COPY obu/config/vanetza-obu.ini /config.ini
#20 CACHED

#21 [obu-merge-car 3/9] WORKDIR /app
#21 CACHED

#22 [obu-merge-car 6/9] COPY obu/app /app
#22 CACHED

#23 [obu-main-back-left 9/9] RUN chmod +x /entrypoint-obu.sh
#23 CACHED

#24 [traci-bridge] exporting to image
#24 exporting layers done
#24 writing image sha256:ec189de1fdf1a841024ba630f2bab815935eee1cb5501501177aeafb8aa6d178 done
#24 naming to docker.io/library/rsa-traci-bridge:latest done
#24 DONE 0.0s

#25 [obu-lead-car] exporting to image
#25 exporting layers done
#25 writing image sha256:20af5e635966d898ff3e2c757f2d638b38a50af4d0bfde071553b20ec57f42fd done
#25 naming to docker.io/library/rsa-obu:latest done
#25 DONE 0.0s

#26 [obu-ramp-merge-2] exporting to image
#26 exporting layers done
#26 writing image sha256:2e9c525b235ddda08835f4a44d184f965f7c7e6a98994ffa9dbe0cd283c3e89c done
#26 naming to docker.io/library/rsa-obu:latest 0.0s done
#26 DONE 0.0s

#27 [obu-ramp-merge-3] exporting to image
#27 exporting layers done
#27 writing image sha256:fe6824d6e8ed01cd3e63c28292af4f5c06aabd596a1230ea8cb2a0db69b925fe done
#27 naming to docker.io/library/rsa-obu:latest 0.0s done
#27 DONE 0.0s

#28 [obu-host-car] exporting to image
#28 exporting layers done
#28 writing image sha256:fbfeb1e0940adf9272d6d25d4b97ec73257434e689df8fe687a18f519cbd80db done
#28 naming to docker.io/library/rsa-obu:latest 0.0s done
#28 DONE 0.0s

#29 [obu-main-back-left] exporting to image
#29 exporting layers done
#29 writing image sha256:3c075dc8158d1e7d0cd6b80578b0eb9ed36b1cf745ee17763af9aa5d59ae700c done
#29 naming to docker.io/library/rsa-obu:latest 0.0s done
#29 DONE 0.0s

#30 [obu-merge-car] exporting to image
#30 exporting layers done
#30 writing image sha256:50268e6d3d5ee9e150ef9f8a96fec9022ec5969cdbc91eb33613b734f5beb0ba done
#30 naming to docker.io/library/rsa-obu:latest 0.0s done
#30 DONE 0.0s

#31 [obu-main-front-left] exporting to image
#31 exporting layers done
#31 writing image sha256:77575256c3d46a4c7ecd8add2492ffa675d2242c998e1be6cf7d329bd31c34d6 done
#31 naming to docker.io/library/rsa-obu:latest 0.0s done
#31 DONE 0.0s

#32 [obu-ramp-merge-4] exporting to image
#32 exporting layers done
#32 writing image sha256:9aa63abae60df4de7f906afd72a1aad0f75ced2e7ca9a5e976c03ba8d7c5a265 0.0s done
#32 naming to docker.io/library/rsa-obu:latest 0.0s done
#32 DONE 0.0s

#33 [obu-ramp-merge-5] exporting to image
#33 exporting layers done
#33 writing image sha256:8353e9f7925f6d0269c92f26b9fe7ddde01c1ae68992a96882d96e70483c4a44 done
#33 naming to docker.io/library/rsa-obu:latest 0.0s done
#33 DONE 0.0s

#34 [obu-main-mid-right] exporting to image
#34 exporting layers done
#34 writing image sha256:964936bff5bcd715789472583a93089284a2794ac46d6daa6515e0739c67dc8c 0.0s done
#34 naming to docker.io/library/rsa-obu:latest 0.0s done
#34 DONE 0.0s

#35 [obu-ramp-back] exporting to image
#35 exporting layers done
#35 writing image sha256:4b6a18f6ac5a89fc541feb6a7e9f74a5c3a1ffeb49f0da9d511a68b1b80c2928 0.0s done
#35 naming to docker.io/library/rsa-obu:latest 0.0s done
#35 DONE 0.0s

#36 [obu-main-back-right] exporting to image
#36 exporting layers done
#36 writing image sha256:77a8370a8e2b3e698b9c49a6ba757e4b8c9564129b013c8f9207c29a1609db71 0.0s done
#36 naming to docker.io/library/rsa-obu:latest 0.0s done
#36 DONE 0.0s

#37 [traci-bridge] resolving provenance for metadata file
#37 DONE 0.0s

#38 [obu-lead-car] resolving provenance for metadata file
#38 DONE 0.0s

#39 [obu-ramp-merge-4] resolving provenance for metadata file
#39 DONE 0.0s

#40 [obu-main-back-left] resolving provenance for metadata file
#40 DONE 0.0s

#41 [obu-ramp-merge-5] resolving provenance for metadata file
#41 DONE 0.0s

#42 [obu-ramp-back] resolving provenance for metadata file
#42 DONE 0.0s

#43 [obu-ramp-merge-2] resolving provenance for metadata file
#43 DONE 0.0s

#44 [obu-main-front-left] resolving provenance for metadata file
#44 DONE 0.0s

#45 [obu-ramp-merge-3] resolving provenance for metadata file
#45 DONE 0.0s

#46 [obu-main-back-right] resolving provenance for metadata file
#46 DONE 0.0s

#47 [obu-merge-car] resolving provenance for metadata file
#47 DONE 0.0s

#48 [obu-host-car] resolving provenance for metadata file
#48 DONE 0.0s

#49 [obu-main-mid-right] resolving provenance for metadata file
#49 DONE 0.0s
 Image rsa-obu:latest Built 
 Image rsa-obu:latest Built 
 Image rsa-obu:latest Built 
 Image rsa-obu:latest Built 
 Image rsa-obu:latest Built 
 Image rsa-obu:latest Built 
 Image rsa-obu:latest Built 
 Image rsa-obu:latest Built 
 Image rsa-obu:latest Built 
 Image rsa-obu:latest Built 
 Image rsa-traci-bridge:latest Built 
 Image rsa-obu:latest Built 
 Image rsa-obu:latest Built 
 Network rsa_v2x_net Creating 
 Network rsa_v2x_net Created 
 Container rsa-mqtt-broker-1 Creating 
 Container rsa-mqtt-broker-1 Created 
 Container rsa-obu-main-mid-right-1 Creating 
 Container rsa-obu-main-back-right-1 Creating 
 Container rsa-obu-ramp-merge-3-1 Creating 
 Container rsa-obu-ramp-merge-4-1 Creating 
 Container rsa-obu-main-back-left-1 Creating 
 Container rsa-obu-host-car-1 Creating 
 Container rsa-obu-merge-car-1 Creating 
 Container rsa-obu-main-front-left-1 Creating 
 Container rsa-traci-bridge-1 Creating 
 Container rsa-obu-lead-car-1 Creating 
 Container rsa-obu-ramp-merge-2-1 Creating 
 Container rsa-obu-ramp-back-1 Creating 
 Container rsa-obu-ramp-merge-5-1 Creating 
 Container rsa-obu-main-back-left-1 Created 
 Container rsa-obu-lead-car-1 Created 
 Container rsa-obu-main-mid-right-1 Created 
 Container rsa-obu-ramp-merge-4-1 Created 
 Container rsa-obu-merge-car-1 Created 
 Container rsa-obu-ramp-merge-3-1 Created 
 Container rsa-obu-main-back-right-1 Created 
 Container rsa-traci-bridge-1 Created 
 Container rsa-obu-ramp-merge-5-1 Created 
 Container rsa-obu-main-front-left-1 Created 
 Container rsa-obu-ramp-back-1 Created 
 Container rsa-obu-ramp-merge-2-1 Created 
 Container rsa-obu-host-car-1 Created 
Attaching to mqtt-broker-1, obu-host-car-1, obu-lead-car-1, obu-main-back-left-1, obu-main-back-right-1, obu-main-front-left-1, obu-main-mid-right-1, obu-merge-car-1, obu-ramp-back-1, obu-ramp-merge-2-1, obu-ramp-merge-3-1, obu-ramp-merge-4-1, obu-ramp-merge-5-1, traci-bridge-1
 Container rsa-mqtt-broker-1 Starting 
 Container rsa-mqtt-broker-1 Started 
 Container rsa-obu-ramp-merge-4-1 Starting 
 Container rsa-obu-host-car-1 Starting 
 Container rsa-obu-ramp-merge-2-1 Starting 
 Container rsa-obu-main-back-left-1 Starting 
 Container rsa-obu-ramp-merge-3-1 Starting 
 Container rsa-obu-merge-car-1 Starting 
 Container rsa-traci-bridge-1 Starting 
 Container rsa-obu-lead-car-1 Starting 
 Container rsa-obu-ramp-back-1 Starting 
 Container rsa-obu-main-back-right-1 Starting 
 Container rsa-obu-main-front-left-1 Starting 
 Container rsa-obu-ramp-merge-5-1 Starting 
 Container rsa-obu-main-mid-right-1 Starting 
mqtt-broker-1  | 1779405417: Info: running mosquitto as user: mosquitto.
mqtt-broker-1  | 1779405417: mosquitto version 2.1.2 starting
mqtt-broker-1  | 1779405417: Config loaded from /mosquitto/config/mosquitto.conf.
mqtt-broker-1  | 1779405417: Bridge support available.
mqtt-broker-1  | 1779405417: Persistence support available.
mqtt-broker-1  | 1779405417: TLS support available.
mqtt-broker-1  | 1779405417: TLS-PSK support available.
mqtt-broker-1  | 1779405417: Websockets support available.
mqtt-broker-1  | 1779405417: Opening ipv4 listen socket on port 1883.
mqtt-broker-1  | 1779405417: mosquitto version 2.1.2 running
 Container rsa-traci-bridge-1 Started 
obu-merge-car-1  | No global board config file found. Skipping config update process
 Container rsa-obu-merge-car-1 Started 
obu-main-mid-right-1  | No global board config file found. Skipping config update process
 Container rsa-obu-main-mid-right-1 Started 
obu-merge-car-1       | 1779405417: mosquitto version 2.0.11 starting
obu-merge-car-1       | 1779405417: Config loaded from /mosquitto.conf.
obu-merge-car-1       | 1779405417: Opening ipv4 listen socket on port 1883.
obu-merge-car-1       | 1779405417: Connecting bridge (step 1) bridge_to_remote (mqtt-broker:1883)
obu-merge-car-1       | 1779405417: mosquitto version 2.0.11 running
obu-ramp-merge-4-1    | No global board config file found. Skipping config update process
 Container rsa-obu-ramp-merge-4-1 Started 
obu-main-mid-right-1  | 1779405417: mosquitto version 2.0.11 starting
obu-main-mid-right-1  | 1779405417: Config loaded from /mosquitto.conf.
obu-main-mid-right-1  | 1779405417: Opening ipv4 listen socket on port 1883.
obu-main-mid-right-1  | 1779405417: Connecting bridge (step 1) bridge_to_remote (mqtt-broker:1883)
obu-main-mid-right-1  | 1779405417: mosquitto version 2.0.11 running
 Container rsa-obu-ramp-back-1 Started 
obu-ramp-back-1       | No global board config file found. Skipping config update process
obu-ramp-merge-4-1    | 1779405417: mosquitto version 2.0.11 starting
obu-ramp-merge-4-1    | 1779405417: Config loaded from /mosquitto.conf.
obu-ramp-merge-4-1    | 1779405417: Opening ipv4 listen socket on port 1883.
obu-ramp-merge-4-1    | 1779405417: Connecting bridge (step 1) bridge_to_remote (mqtt-broker:1883)
obu-ramp-merge-4-1    | 1779405417: mosquitto version 2.0.11 running
 Container rsa-obu-host-car-1 Started 
obu-host-car-1        | No global board config file found. Skipping config update process
obu-merge-car-1       | 1779405417: Connecting bridge (step 2) bridge_to_remote (mqtt-broker:1883)
mqtt-broker-1         | 1779405417: New connection from 172.18.0.4:44728 on port 1883.
mqtt-broker-1         | 1779405417: New bridge connected from 172.18.0.4:44728 as 7e4eb8bda1e0.bridge_to_remote (p4, c0, k60).
obu-ramp-merge-3-1    | No global board config file found. Skipping config update process
 Container rsa-obu-ramp-merge-3-1 Started 
obu-main-mid-right-1  | 1779405417: Connecting bridge (step 2) bridge_to_remote (mqtt-broker:1883)
mqtt-broker-1         | 1779405417: New connection from 172.18.0.5:57098 on port 1883.
mqtt-broker-1         | 1779405417: New bridge connected from 172.18.0.5:57098 as 3f444a707a9d.bridge_to_remote (p4, c0, k60).
obu-ramp-merge-4-1    | 1779405417: Connecting bridge (step 2) bridge_to_remote (mqtt-broker:1883)
mqtt-broker-1         | 1779405417: New connection from 172.18.0.3:43605 on port 1883.
mqtt-broker-1         | 1779405417: New connection from 172.18.0.6:56744 on port 1883.
mqtt-broker-1         | 1779405417: New client connected from 172.18.0.3:43605 as traci-bridge (p4, c1, k60).
mqtt-broker-1         | 1779405417: New bridge connected from 172.18.0.6:56744 as 9ab9798a4d22.bridge_to_remote (p4, c0, k60).
obu-main-back-right-1  | No global board config file found. Skipping config update process
obu-ramp-back-1        | 1779405417: mosquitto version 2.0.11 starting
obu-ramp-back-1        | 1779405417: Config loaded from /mosquitto.conf.
obu-ramp-back-1        | 1779405417: Opening ipv4 listen socket on port 1883.
obu-ramp-back-1        | 1779405417: Connecting bridge (step 1) bridge_to_remote (mqtt-broker:1883)
 Container rsa-obu-main-back-right-1 Started 
obu-ramp-back-1        | 1779405417: mosquitto version 2.0.11 running
obu-host-car-1         | 1779405417: mosquitto version 2.0.11 starting
obu-host-car-1         | 1779405417: Config loaded from /mosquitto.conf.
obu-host-car-1         | 1779405417: Opening ipv4 listen socket on port 1883.
obu-host-car-1         | 1779405417: Connecting bridge (step 1) bridge_to_remote (mqtt-broker:1883)
obu-host-car-1         | 1779405417: mosquitto version 2.0.11 running
obu-ramp-merge-3-1     | 1779405417: mosquitto version 2.0.11 starting
obu-ramp-merge-3-1     | 1779405417: Config loaded from /mosquitto.conf.
obu-ramp-merge-3-1     | 1779405417: Opening ipv4 listen socket on port 1883.
obu-ramp-merge-3-1     | 1779405417: Connecting bridge (step 1) bridge_to_remote (mqtt-broker:1883)
obu-ramp-merge-3-1     | 1779405417: mosquitto version 2.0.11 running
obu-main-back-left-1   | No global board config file found. Skipping config update process
 Container rsa-obu-main-back-left-1 Started 
obu-main-back-left-1   | 1779405417: mosquitto version 2.0.11 starting
obu-main-back-left-1   | 1779405417: Config loaded from /mosquitto.conf.
obu-main-back-left-1   | 1779405417: Opening ipv4 listen socket on port 1883.
obu-main-back-left-1   | 1779405417: Connecting bridge (step 1) bridge_to_remote (mqtt-broker:1883)
obu-main-back-left-1   | 1779405417: mosquitto version 2.0.11 running
obu-main-front-left-1  | No global board config file found. Skipping config update process
obu-main-back-right-1  | 1779405417: mosquitto version 2.0.11 starting
obu-main-back-right-1  | 1779405417: Config loaded from /mosquitto.conf.
obu-main-back-right-1  | 1779405417: Opening ipv4 listen socket on port 1883.
obu-main-back-right-1  | 1779405417: Connecting bridge (step 1) bridge_to_remote (mqtt-broker:1883)
obu-main-back-right-1  | 1779405417: mosquitto version 2.0.11 running
 Container rsa-obu-main-front-left-1 Started 
obu-ramp-merge-5-1     | No global board config file found. Skipping config update process
 Container rsa-obu-ramp-merge-5-1 Started 
obu-lead-car-1         | No global board config file found. Skipping config update process
 Container rsa-obu-lead-car-1 Started 
obu-ramp-back-1        | 1779405417: Connecting bridge (step 2) bridge_to_remote (mqtt-broker:1883)
mqtt-broker-1          | 1779405417: New connection from 172.18.0.7:36630 on port 1883.
mqtt-broker-1          | 1779405417: New bridge connected from 172.18.0.7:36630 as c118eb643964.bridge_to_remote (p4, c0, k60).
obu-host-car-1         | 1779405417: Connecting bridge (step 2) bridge_to_remote (mqtt-broker:1883)
mqtt-broker-1          | 1779405417: New connection from 172.18.0.8:44742 on port 1883.
mqtt-broker-1          | 1779405417: New bridge connected from 172.18.0.8:44742 as 049c369b131f.bridge_to_remote (p4, c0, k60).
obu-main-front-left-1  | 1779405417: mosquitto version 2.0.11 starting
obu-main-front-left-1  | 1779405417: Config loaded from /mosquitto.conf.
obu-main-front-left-1  | 1779405417: Opening ipv4 listen socket on port 1883.
obu-main-front-left-1  | 1779405417: Connecting bridge (step 1) bridge_to_remote (mqtt-broker:1883)
obu-main-front-left-1  | 1779405417: mosquitto version 2.0.11 running
obu-ramp-merge-5-1     | 1779405417: mosquitto version 2.0.11 starting
obu-ramp-merge-5-1     | 1779405417: Config loaded from /mosquitto.conf.
obu-ramp-merge-5-1     | 1779405417: Opening ipv4 listen socket on port 1883.
obu-ramp-merge-5-1     | 1779405417: Connecting bridge (step 1) bridge_to_remote (mqtt-broker:1883)
obu-ramp-merge-5-1     | 1779405417: mosquitto version 2.0.11 running
obu-ramp-merge-3-1     | 1779405417: Connecting bridge (step 2) bridge_to_remote (mqtt-broker:1883)
mqtt-broker-1          | 1779405417: New connection from 172.18.0.9:57102 on port 1883.
mqtt-broker-1          | 1779405417: New bridge connected from 172.18.0.9:57102 as 376d9e8785df.bridge_to_remote (p4, c0, k60).
obu-lead-car-1         | 1779405417: mosquitto version 2.0.11 starting
obu-lead-car-1         | 1779405417: Config loaded from /mosquitto.conf.
obu-lead-car-1         | 1779405417: Opening ipv4 listen socket on port 1883.
obu-lead-car-1         | 1779405417: Connecting bridge (step 1) bridge_to_remote (mqtt-broker:1883)
obu-lead-car-1         | 1779405417: mosquitto version 2.0.11 running
obu-ramp-merge-2-1     | No global board config file found. Skipping config update process
 Container rsa-obu-ramp-merge-2-1 Started 
obu-ramp-merge-2-1     | 1779405417: mosquitto version 2.0.11 starting
obu-ramp-merge-2-1     | 1779405417: Config loaded from /mosquitto.conf.
obu-ramp-merge-2-1     | 1779405417: Opening ipv4 listen socket on port 1883.
obu-ramp-merge-2-1     | 1779405417: Connecting bridge (step 1) bridge_to_remote (mqtt-broker:1883)
obu-ramp-merge-2-1     | 1779405417: mosquitto version 2.0.11 running
obu-main-back-left-1   | 1779405417: Connecting bridge (step 2) bridge_to_remote (mqtt-broker:1883)
mqtt-broker-1          | 1779405417: New connection from 172.18.0.11:38476 on port 1883.
mqtt-broker-1          | 1779405417: New bridge connected from 172.18.0.11:38476 as 5c37adc5b990.bridge_to_remote (p4, c0, k60).
obu-main-back-right-1  | 1779405417: Connecting bridge (step 2) bridge_to_remote (mqtt-broker:1883)
mqtt-broker-1          | 1779405417: New connection from 172.18.0.10:59966 on port 1883.
mqtt-broker-1          | 1779405417: New bridge connected from 172.18.0.10:59966 as 0e6e1bac973d.bridge_to_remote (p4, c0, k60).
obu-main-front-left-1  | 1779405417: Connecting bridge (step 2) bridge_to_remote (mqtt-broker:1883)
obu-ramp-merge-5-1     | 1779405417: Connecting bridge (step 2) bridge_to_remote (mqtt-broker:1883)
mqtt-broker-1          | 1779405417: New connection from 172.18.0.12:51272 on port 1883.
mqtt-broker-1          | 1779405417: New bridge connected from 172.18.0.12:51272 as 71c4612c7f75.bridge_to_remote (p4, c0, k60).
mqtt-broker-1          | 1779405417: New connection from 172.18.0.13:52408 on port 1883.
mqtt-broker-1          | 1779405417: New bridge connected from 172.18.0.13:52408 as d527de4a2f7d.bridge_to_remote (p4, c0, k60).
obu-lead-car-1         | 1779405417: Connecting bridge (step 2) bridge_to_remote (mqtt-broker:1883)
mqtt-broker-1          | 1779405417: New connection from 172.18.0.14:55456 on port 1883.
mqtt-broker-1          | 1779405417: New bridge connected from 172.18.0.14:55456 as b7a390f78d74.bridge_to_remote (p4, c0, k60).
obu-ramp-merge-2-1     | 1779405417: Connecting bridge (step 2) bridge_to_remote (mqtt-broker:1883)
mqtt-broker-1          | 1779405417: New connection from 172.18.0.15:43002 on port 1883.
mqtt-broker-1          | 1779405417: New bridge connected from 172.18.0.15:43002 as ed54cb20e518.bridge_to_remote (p4, c0, k60).
obu-merge-car-1        | Using MAC address: 6e:06:e0:03:00:17.
obu-merge-car-1        | 1779405418: New connection from 127.0.0.1:35328 on port 1883.
obu-merge-car-1        | 1779405418: New client connected from 127.0.0.1:35328 as 7e4eb8bda1e0_648 (p2, c1, k60).
obu-merge-car-1        | mqtt.cpp: connected with server
mqtt-broker-1          | 1779405418: New connection from 172.18.0.4:44736 on port 1883.
mqtt-broker-1          | 1779405418: New client connected from 172.18.0.4:44736 as auto-17F42FE3-F8B7-C97A-96EE-D3CF5A9417C7 (p4, c1, k60, u'""').
obu-merge-car-1        | mqtt.cpp: connected with server
obu-merge-car-1        | 1779405418: New connection from 127.0.0.1:59155 on port 1883.
obu-merge-car-1        | 1779405418: New client connected from 127.0.0.1:59155 as obu-Merge_Car-1 (p2, c1, k60).
obu-main-mid-right-1   | Using MAC address: 6e:06:e0:03:00:13.
obu-main-mid-right-1   | 1779405418: New connection from 127.0.0.1:35338 on port 1883.
obu-main-mid-right-1   | 1779405418: New client connected from 127.0.0.1:35338 as 3f444a707a9d_832 (p2, c1, k60).
obu-main-mid-right-1   | mqtt.cpp: connected with server
mqtt-broker-1          | 1779405418: New connection from 172.18.0.5:57108 on port 1883.
mqtt-broker-1          | 1779405418: New client connected from 172.18.0.5:57108 as auto-050F19C9-271B-494F-81C2-4C51279B89AB (p4, c1, k60, u'""').
obu-main-mid-right-1   | mqtt.cpp: connected with server
obu-ramp-merge-4-1     | Using MAC address: 6e:06:e0:03:00:1a.
obu-main-mid-right-1   | 1779405418: New connection from 127.0.0.1:56281 on port 1883.
obu-main-mid-right-1   | 1779405418: New client connected from 127.0.0.1:56281 as obu-Main_Mid_Right-1 (p2, c1, k60).
obu-ramp-merge-4-1     | 1779405418: New connection from 127.0.0.1:35342 on port 1883.
obu-ramp-merge-4-1     | 1779405418: New client connected from 127.0.0.1:35342 as 9ab9798a4d22_246 (p2, c1, k60).
obu-ramp-merge-4-1     | mqtt.cpp: connected with server
mqtt-broker-1          | 1779405418: New connection from 172.18.0.6:56750 on port 1883.
mqtt-broker-1          | 1779405418: New client connected from 172.18.0.6:56750 as auto-3652C188-9FAD-5E55-CBCD-D3A43638A985 (p4, c1, k60, u'""').
obu-ramp-merge-4-1     | mqtt.cpp: connected with server
obu-ramp-merge-4-1     | 1779405418: New connection from 127.0.0.1:48053 on port 1883.
obu-ramp-merge-4-1     | 1779405418: New client connected from 127.0.0.1:48053 as obu-Ramp_Merge_4-1 (p2, c1, k60).
obu-ramp-back-1        | Using MAC address: 6e:06:e0:03:00:1c.
obu-host-car-1         | Using MAC address: 6e:06:e0:03:00:14.
obu-ramp-merge-3-1     | Using MAC address: 6e:06:e0:03:00:19.
obu-ramp-back-1        | 1779405418: New connection from 127.0.0.1:35350 on port 1883.
obu-ramp-back-1        | 1779405418: New client connected from 127.0.0.1:35350 as c118eb643964_337 (p2, c1, k60).
obu-ramp-back-1        | mqtt.cpp: connected with server
mqtt-broker-1          | 1779405418: New connection from 172.18.0.7:36644 on port 1883.
mqtt-broker-1          | 1779405418: New client connected from 172.18.0.7:36644 as auto-5666F6E3-CE5C-225B-F864-40CE3D7D802C (p4, c1, k60, u'""').
obu-ramp-back-1        | mqtt.cpp: connected with server
obu-host-car-1         | 1779405418: New connection from 127.0.0.1:35358 on port 1883.
obu-host-car-1         | 1779405418: New client connected from 127.0.0.1:35358 as 049c369b131f_989 (p2, c1, k60).
obu-host-car-1         | mqtt.cpp: connected with server
obu-ramp-merge-3-1     | 1779405418: New connection from 127.0.0.1:35370 on port 1883.
obu-ramp-merge-3-1     | 1779405418: New client connected from 127.0.0.1:35370 as 376d9e8785df_933 (p2, c1, k60).
obu-ramp-merge-3-1     | mqtt.cpp: connected with server
mqtt-broker-1          | 1779405418: New connection from 172.18.0.8:44748 on port 1883.
mqtt-broker-1          | 1779405418: New client connected from 172.18.0.8:44748 as auto-4DB40EE5-99B4-00C7-AC7E-AFB06F823356 (p4, c1, k60, u'""').
obu-host-car-1         | mqtt.cpp: connected with server
mqtt-broker-1          | 1779405418: New connection from 172.18.0.9:57118 on port 1883.
mqtt-broker-1          | 1779405418: New client connected from 172.18.0.9:57118 as auto-99DE6D4D-958F-9B48-E5C6-E70FD65E1791 (p4, c1, k60, u'""').
obu-ramp-merge-3-1     | mqtt.cpp: connected with server
obu-ramp-back-1        | 1779405418: New connection from 127.0.0.1:37867 on port 1883.
obu-ramp-back-1        | 1779405418: New client connected from 127.0.0.1:37867 as obu-Ramp_Back-1 (p2, c1, k60).
obu-main-back-right-1  | Using MAC address: 6e:06:e0:03:00:16.
obu-main-back-left-1   | Using MAC address: 6e:06:e0:03:00:15.
obu-host-car-1         | 1779405418: New connection from 127.0.0.1:41961 on port 1883.
obu-host-car-1         | 1779405418: New client connected from 127.0.0.1:41961 as obu-Host_Car-1 (p2, c1, k60).
obu-ramp-merge-3-1     | 1779405418: New connection from 127.0.0.1:47413 on port 1883.
obu-ramp-merge-3-1     | 1779405418: New client connected from 127.0.0.1:47413 as obu-Ramp_Merge_3-1 (p2, c1, k60).
obu-main-back-right-1  | 1779405418: New connection from 127.0.0.1:35384 on port 1883.
obu-main-back-right-1  | 1779405418: New client connected from 127.0.0.1:35384 as 0e6e1bac973d_434 (p2, c1, k60).
obu-main-back-right-1  | mqtt.cpp: connected with server
mqtt-broker-1          | 1779405418: New connection from 172.18.0.10:59970 on port 1883.
mqtt-broker-1          | 1779405418: New client connected from 172.18.0.10:59970 as auto-1CD18801-79FB-1DDA-FFE2-36E2AD4A200B (p4, c1, k60, u'""').
obu-main-back-right-1  | mqtt.cpp: connected with server
obu-main-back-left-1   | 1779405418: New connection from 127.0.0.1:35390 on port 1883.
obu-main-back-left-1   | 1779405418: New client connected from 127.0.0.1:35390 as 5c37adc5b990_274 (p2, c1, k60).
obu-main-back-left-1   | mqtt.cpp: connected with server
mqtt-broker-1          | 1779405418: New connection from 172.18.0.11:38482 on port 1883.
mqtt-broker-1          | 1779405418: New client connected from 172.18.0.11:38482 as auto-48FD5133-8528-9721-302D-DBADD9C23C61 (p4, c1, k60, u'""').
obu-main-back-left-1   | mqtt.cpp: connected with server
obu-main-back-left-1   | 1779405418: New connection from 127.0.0.1:47289 on port 1883.
obu-main-back-left-1   | 1779405418: New client connected from 127.0.0.1:47289 as obu-Main_Back_Left-1 (p2, c1, k60).
obu-main-back-right-1  | 1779405418: New connection from 127.0.0.1:50921 on port 1883.
obu-main-back-right-1  | 1779405418: New client connected from 127.0.0.1:50921 as obu-Main_Back_Right-1 (p2, c1, k60).
obu-main-front-left-1  | Using MAC address: 6e:06:e0:03:00:12.
obu-ramp-merge-5-1     | Using MAC address: 6e:06:e0:03:00:1b.
obu-lead-car-1         | Using MAC address: 6e:06:e0:03:00:11.
obu-main-front-left-1  | 1779405418: New connection from 127.0.0.1:35396 on port 1883.
obu-main-front-left-1  | 1779405418: New client connected from 127.0.0.1:35396 as 71c4612c7f75_737 (p2, c1, k60).
obu-main-front-left-1  | mqtt.cpp: connected with server
obu-ramp-merge-5-1     | 1779405418: New connection from 127.0.0.1:35402 on port 1883.
obu-ramp-merge-5-1     | 1779405418: New client connected from 127.0.0.1:35402 as d527de4a2f7d_662 (p2, c1, k60).
obu-ramp-merge-5-1     | mqtt.cpp: connected with server
obu-ramp-merge-2-1     | Using MAC address: 6e:06:e0:03:00:18.
mqtt-broker-1          | 1779405418: New connection from 172.18.0.12:51286 on port 1883.
mqtt-broker-1          | 1779405418: New client connected from 172.18.0.12:51286 as auto-79AD7CBD-28AE-B705-62F1-5F185642B054 (p4, c1, k60, u'""').
obu-main-front-left-1  | mqtt.cpp: connected with server
obu-lead-car-1         | 1779405418: New connection from 127.0.0.1:35410 on port 1883.
obu-lead-car-1         | 1779405418: New client connected from 127.0.0.1:35410 as b7a390f78d74_456 (p2, c1, k60).
obu-lead-car-1         | mqtt.cpp: connected with server
mqtt-broker-1          | 1779405418: New connection from 172.18.0.13:52418 on port 1883.
mqtt-broker-1          | 1779405418: New client connected from 172.18.0.13:52418 as auto-42BB459A-9BEB-87F9-FBC1-1F9CB2E4F8B4 (p4, c1, k60, u'""').
obu-ramp-merge-5-1     | mqtt.cpp: connected with server
mqtt-broker-1          | 1779405418: New connection from 172.18.0.14:55460 on port 1883.
mqtt-broker-1          | 1779405418: New client connected from 172.18.0.14:55460 as auto-8AADE2F6-CBB1-9C10-D602-DCD235002879 (p4, c1, k60, u'""').
obu-lead-car-1         | mqtt.cpp: connected with server
obu-ramp-merge-2-1     | 1779405418: New connection from 127.0.0.1:35418 on port 1883.
obu-ramp-merge-2-1     | 1779405418: New client connected from 127.0.0.1:35418 as ed54cb20e518_439 (p2, c1, k60).
obu-ramp-merge-2-1     | mqtt.cpp: connected with server
mqtt-broker-1          | 1779405418: New connection from 172.18.0.15:43018 on port 1883.
mqtt-broker-1          | 1779405418: New client connected from 172.18.0.15:43018 as auto-13A90317-6FAB-DA2F-387F-5D83E57232A0 (p4, c1, k60, u'""').
obu-ramp-merge-2-1     | mqtt.cpp: connected with server
obu-main-front-left-1  | 1779405418: New connection from 127.0.0.1:33793 on port 1883.
obu-main-front-left-1  | 1779405418: New client connected from 127.0.0.1:33793 as obu-Main_Front_Left-1 (p2, c1, k60).
obu-ramp-merge-5-1     | 1779405418: New connection from 127.0.0.1:49133 on port 1883.
obu-ramp-merge-5-1     | 1779405418: New client connected from 127.0.0.1:49133 as obu-Ramp_Merge_5-1 (p2, c1, k60).
obu-lead-car-1         | 1779405418: New connection from 127.0.0.1:56611 on port 1883.
obu-lead-car-1         | 1779405418: New client connected from 127.0.0.1:56611 as obu-Lead_Car-1 (p2, c1, k60).
obu-ramp-merge-2-1     | 1779405418: New connection from 127.0.0.1:56465 on port 1883.
obu-ramp-merge-2-1     | 1779405418: New client connected from 127.0.0.1:56465 as obu-Ramp_Merge_2-1 (p2, c1, k60).
obu-merge-car-1        | Zenoh session established locally
obu-main-mid-right-1   | Zenoh session established locally
obu-ramp-merge-4-1     | Zenoh session established locally
obu-ramp-back-1        | Zenoh session established locally
obu-host-car-1         | Zenoh session established locally
obu-ramp-merge-3-1     | Zenoh session established locally
obu-merge-car-1        | [0.2] Merge_Car MERGE_DECISION: auth=False phys=False fgok=True lgok=True hgok=True cok=True esok=True cready=False dtm=90.8 past=False committed=False hid=None ra=None lclear=True hyok=True
obu-merge-car-1        | MERGE_SLOT_QUALITY_DIAG: vehicle=Merge_Car event=REQUEST_NEW t=0.3 manoeuvre=3 source=new_request lead=None host=104 own_eta=9.59 lead_eta=None host_eta=16.27 min_eta=None max_eta=14.77 desired_eta=9.59 gap_possible=True dtm=90.3 edge=34126779 lane=0 speed=9.42 lead_speed=None host_speed=8.19 lead_gap=None host_gap=109.00 lead_gap_t1=None lead_gap_t2=None lead_gap_t3=None host_gap_t1=107.77 host_gap_t2=106.54 host_gap_t3=105.31 rel_to_lead=None rel_to_host=1.23 lead_lat=None host_lat=29.64 pending=True accepted=False authorized=False committed=False pending_age=0.00 accepted_age=None lane_cmd_state=NONE lane_cmd_target=None
obu-merge-car-1        | MERGE_ATTEMPT_TIMELINE: vehicle=Merge_Car manoeuvre=3 host=104 lead=None event=REQUEST_SENT t=0.3 edge=34126779 lane=0 lane_cmd_state=NONE speed=9.42 target=6.75 dtm=90.3 lead_gap= host_gap=109.00 lead_gap_t1= lead_gap_t2= lead_gap_t3= host_gap_t1=107.77 host_gap_t2=106.54 host_gap_t3=105.31
obu-merge-car-1        | [0.3] Merge_Car MCM_TX_REQUEST: manoeuvre=3 target=104
obu-merge-car-1        | [0.3] Merge_Car MERGE_DECISION: auth=False phys=False fgok=True lgok=True hgok=True cok=True esok=True cready=False dtm=90.3 past=False committed=False hid=104 ra=None lclear=True hyok=True
obu-merge-car-1        | [0.4] Merge_Car MERGE_DECISION: auth=False phys=False fgok=True lgok=True hgok=True cok=True esok=True cready=False dtm=89.8 past=False committed=False hid=104 ra=None lclear=True hyok=True
obu-main-back-left-1   | Zenoh session established locally
obu-main-back-right-1  | Zenoh session established locally
obu-host-car-1         | [1.0] Host_Car role=host state=CRUISE->CRUISE speed=8.13 target=7.50 neighbors=2
obu-host-car-1         | [1.0] Host_Car MCM_RX_REQUEST: from=107 manoeuvre=3 target=104
obu-ramp-back-1        | [1.1] Ramp_Back role=merge state=CRUISE->CRUISE speed=8.00 target=6.75 neighbors=0
obu-ramp-merge-5-1     | [1.2] Ramp_Merge_5 role=merge state=CRUISE->CRUISE speed=8.18 target=6.75 neighbors=0
obu-ramp-merge-4-1     | [1.1] Ramp_Merge_4 role=merge state=CRUISE->YIELDING speed=8.26 target=8.01 neighbors=4
obu-main-back-right-1  | [1.1] Main_Back_Right role=host state=CRUISE->CRUISE speed=8.23 target=7.50 neighbors=5
obu-lead-car-1         | [1.0] Lead_Car role=host state=CRUISE->CRUISE speed=8.72 target=7.50 neighbors=0
obu-host-car-1         | HOST_RESERVATION_START: host=Host_Car ramp=107 manoeuvre=3 until=5.3 own_speed=8.04 target_speed=8.04 required_speed=8.04 gap_eta=5.42
obu-host-car-1         | [1.3] Host_Car HOST_RESERVED: merge=107 manoeuvre=3 until=5.3 target_spd=8.04
obu-host-car-1         | HOST_REQUEST_DECISION: host=Host_Car ramp=107 manoeuvre=3 decision=ACCEPT reason=SAFE_OR_NOMINAL ramp_eta=10.04 host_eta=15.46 required_speed=8.43 current_speed=8.04 active_request_ramp=107 active_request_remaining=4.0 ramp_remote_edge=34126779 ramp_remote_lane=0 ramp_remote_fsm=NEGOTIATING
obu-ramp-merge-2-1     | [1.3] Ramp_Merge_2 role=merge state=CRUISE->CRUISE speed=8.23 target=6.75 neighbors=0
obu-host-car-1         | [1.3] Host_Car MCM_TX_ACCEPT: manoeuvre=3 target=107
obu-main-front-left-1  | [1.4] Main_Front_Left role=host state=CRUISE->CRUISE speed=8.51 target=7.50 neighbors=0
obu-ramp-merge-3-1     | [1.3] Ramp_Merge_3 role=merge state=CRUISE->CRUISE speed=7.92 target=6.75 neighbors=4
obu-main-mid-right-1   | [1.4] Main_Mid_Right role=host state=CRUISE->CRUISE speed=8.28 target=7.50 neighbors=4
obu-main-back-left-1   | [1.4] Main_Back_Left role=host state=CRUISE->CRUISE speed=8.07 target=7.50 neighbors=5
obu-merge-car-1        | MCM_REQUEST_RETRY_DIAG: vehicle=Merge_Car host=104 lead=None manoeuvre=3 retry_count=1 pending_age=1.0 dtm=85.1 own_eta=9.15 host_eta_current=15.666802791897222 host_eta_at_request=16.273535049599474 lead_eta_current=None lead_eta_at_request=None last_response_action=None last_response_age=None host_remote_fsm=CRUISE host_remote_edge=560761994 host_remote_lane=0 host_remote_merge_committed=False host_remote_merge_completed=False host_remote_active_merge_request=False host_remote_active_station_id=None host_remote_active_manoeuvre_id=None host_remote_active_remaining_s=0.0
obu-merge-car-1        | MERGE_SLOT_QUALITY_DIAG: vehicle=Merge_Car event=REQUEST_RETRY t=1.3 manoeuvre=3 source=retry_request lead=None host=104 own_eta=9.15 lead_eta=None host_eta=15.67 min_eta=None max_eta=14.17 desired_eta=9.15 gap_possible=True dtm=85.1 edge=34126779 lane=0 speed=9.30 lead_speed=None host_speed=8.19 lead_gap=None host_gap=89.54 lead_gap_t1=None lead_gap_t2=None lead_gap_t3=None host_gap_t1=88.43 host_gap_t2=87.32 host_gap_t3=86.21 rel_to_lead=None rel_to_host=1.11 lead_lat=None host_lat=46.95 pending=True accepted=False authorized=False committed=False pending_age=1.00 accepted_age=None lane_cmd_state=NONE lane_cmd_target=None
obu-merge-car-1        | [1.3] Merge_Car MCM_TX_REQUEST: manoeuvre=3 target=104
obu-merge-car-1        | [1.3] Merge_Car MERGE_DECISION: auth=False phys=False fgok=True lgok=True hgok=True cok=True esok=True cready=False dtm=85.1 past=False committed=False hid=104 ra=None lclear=True hyok=True
obu-merge-car-1        | [1.3] Merge_Car role=merge state=NEGOTIATING->NEGOTIATING speed=9.30 target=9.05 neighbors=4
obu-merge-car-1        | [1.5] Merge_Car MERGE_DECISION: auth=False phys=False fgok=True lgok=True hgok=True cok=True esok=True cready=False dtm=83.8 past=False committed=False hid=104 ra=None lclear=True hyok=True
obu-main-front-left-1  | Zenoh session established locally
obu-lead-car-1         | Zenoh session established locally
obu-ramp-merge-5-1     | Zenoh session established locally
obu-merge-car-1        | MCM_REQUEST_RETRY_DIAG: vehicle=Merge_Car host=104 lead=None manoeuvre=3 retry_count=2 pending_age=1.3 dtm=83.2 own_eta=8.97 host_eta_current=15.666802791897222 host_eta_at_request=16.273535049599474 lead_eta_current=None lead_eta_at_request=None last_response_action=None last_response_age=None host_remote_fsm=CRUISE host_remote_edge=560761994 host_remote_lane=0 host_remote_merge_committed=False host_remote_merge_completed=False host_remote_active_merge_request=True host_remote_active_station_id=107 host_remote_active_manoeuvre_id=3 host_remote_active_remaining_s=4.0
obu-merge-car-1        | MERGE_SLOT_QUALITY_DIAG: vehicle=Merge_Car event=REQUEST_RETRY t=1.6 manoeuvre=3 source=retry_request lead=None host=104 own_eta=8.97 lead_eta=None host_eta=15.67 min_eta=None max_eta=14.17 desired_eta=8.97 gap_possible=True dtm=83.2 edge=34126779 lane=0 speed=9.28 lead_speed=None host_speed=8.19 lead_gap=None host_gap=79.21 lead_gap_t1=None lead_gap_t2=None lead_gap_t3=None host_gap_t1=78.12 host_gap_t2=77.03 host_gap_t3=75.94 rel_to_lead=None rel_to_host=1.09 lead_lat=None host_lat=59.88 pending=True accepted=False authorized=False committed=False pending_age=1.30 accepted_age=None lane_cmd_state=NONE lane_cmd_target=None
obu-merge-car-1        | [1.6] Merge_Car MCM_TX_REQUEST: manoeuvre=3 target=104
obu-merge-car-1        | [1.6] Merge_Car MERGE_DECISION: auth=False phys=False fgok=True lgok=True hgok=True cok=True esok=True cready=False dtm=83.2 past=False committed=False hid=104 ra=None lclear=True hyok=True
obu-merge-car-1        | [1.7] Merge_Car MCM_RX_ACCEPT: from=104 manoeuvre=3 target=107
obu-merge-car-1        | MCM_REQUEST_RETRY_DIAG: vehicle=Merge_Car host=104 lead=None manoeuvre=3 retry_count=3 pending_age=1.6 dtm=81.4 own_eta=8.80 host_eta_current=15.531337244562717 host_eta_at_request=16.273535049599474 lead_eta_current=None lead_eta_at_request=None last_response_action=2 last_response_age=0.19999999999999996 host_remote_fsm=CRUISE host_remote_edge=560761994 host_remote_lane=0 host_remote_merge_committed=False host_remote_merge_completed=False host_remote_active_merge_request=True host_remote_active_station_id=107 host_remote_active_manoeuvre_id=3 host_remote_active_remaining_s=4.0
obu-merge-car-1        | MERGE_SLOT_QUALITY_DIAG: vehicle=Merge_Car event=REQUEST_RETRY t=1.9 manoeuvre=3 source=retry_request lead=None host=104 own_eta=8.80 lead_eta=None host_eta=15.53 min_eta=None max_eta=14.03 desired_eta=8.80 gap_possible=True dtm=81.4 edge=34126779 lane=0 speed=9.24 lead_speed=None host_speed=8.00 lead_gap=None host_gap=72.31 lead_gap_t1=None lead_gap_t2=None lead_gap_t3=None host_gap_t1=71.07 host_gap_t2=69.82 host_gap_t3=68.58 rel_to_lead=None rel_to_host=1.24 lead_lat=None host_lat=60.26 pending=True accepted=False authorized=False committed=False pending_age=1.60 accepted_age=None lane_cmd_state=NONE lane_cmd_target=None
obu-ramp-merge-2-1     | Zenoh session established locally
obu-merge-car-1        | [1.9] Merge_Car MCM_TX_REQUEST: manoeuvre=3 target=104
obu-merge-car-1        | MERGE_ATTEMPT_TIMELINE: vehicle=Merge_Car manoeuvre=3 host=104 lead=None event=ACCEPT_MATCHED t=1.9 edge=34126779 lane=0 lane_cmd_state=NONE speed=9.24 target=6.75 dtm=81.4 lead_gap= host_gap=72.31 lead_gap_t1= lead_gap_t2= lead_gap_t3= host_gap_t1=71.07 host_gap_t2=69.82 host_gap_t3=68.58
obu-merge-car-1        | MERGE_SLOT_QUALITY_DIAG: vehicle=Merge_Car event=ACCEPT_MATCHED t=1.9 manoeuvre=3 source=accept_matched lead=None host=104 own_eta=8.80 lead_eta=None host_eta=15.53 min_eta=None max_eta=14.03 desired_eta=8.80 gap_possible=True dtm=81.4 edge=34126779 lane=0 speed=9.24 lead_speed=None host_speed=8.00 lead_gap=None host_gap=72.31 lead_gap_t1=None lead_gap_t2=None lead_gap_t3=None host_gap_t1=71.07 host_gap_t2=69.82 host_gap_t3=68.58 rel_to_lead=None rel_to_host=1.24 lead_lat=None host_lat=60.26 pending=True accepted=False authorized=False committed=False pending_age=1.60 accepted_age=None lane_cmd_state=NONE lane_cmd_target=None
obu-merge-car-1        | [1.9] Merge_Car MCM_ACCEPT_MATCHED: host=104 manoeuvre=3
obu-merge-car-1        | MERGE_ATTEMPT_TIMELINE: vehicle=Merge_Car manoeuvre=3 host=104 lead=None event=AUTHORIZED t=1.9 edge=34126779 lane=0 lane_cmd_state=NONE speed=9.24 target=6.38 dtm=81.4 lead_gap= host_gap=72.31 lead_gap_t1= lead_gap_t2= lead_gap_t3= host_gap_t1=71.07 host_gap_t2=69.82 host_gap_t3=68.58
obu-merge-car-1        | MERGE_SLOT_QUALITY_DIAG: vehicle=Merge_Car event=AUTHORIZED t=1.9 manoeuvre=3 source=pending_request lead=None host=104 own_eta=8.80 lead_eta=None host_eta=15.53 min_eta=None max_eta=14.03 desired_eta=8.80 gap_possible=True dtm=81.4 edge=34126779 lane=0 speed=9.24 lead_speed=None host_speed=8.00 lead_gap=None host_gap=72.31 lead_gap_t1=None lead_gap_t2=None lead_gap_t3=None host_gap_t1=71.07 host_gap_t2=69.82 host_gap_t3=68.58 rel_to_lead=None rel_to_host=1.24 lead_lat=None host_lat=60.26 pending=True accepted=True authorized=True committed=False pending_age=1.60 accepted_age=0.00 lane_cmd_state=NONE lane_cmd_target=None
obu-merge-car-1        | [1.9] Merge_Car MERGE_AUTHORIZED_BY_MCM: host=104 manoeuvre=3
obu-merge-car-1        | [1.9] Merge_Car MERGE_DECISION: auth=True phys=False fgok=True lgok=True hgok=True cok=True esok=True cready=False dtm=81.4 past=False committed=False hid=104 ra=2 lclear=True hyok=True
obu-merge-car-1        | [1.9] Merge_Car MERGE_PREPARE_WAIT_PHYSICAL: dtm=81.4
obu-host-car-1         | [1.7] Host_Car MCM_RX_REQUEST: from=107 manoeuvre=3 target=104
obu-host-car-1         | HOST_RESERVATION_HOLD: host=Host_Car ramp=107 manoeuvre=3 remaining=3.2 own_speed=7.86 target_speed=8.04 ramp_fsm=NEGOTIATING ramp_lane_cmd_state=NONE ramp_edge=34126779 ramp_lane=0 ramp_merge_completed=False ramp_merge_committed=False
obu-host-car-1         | [2.1] Host_Car HOST_HOLD_YIELD: for merge=107 spd=8.04
obu-host-car-1         | [2.1] Host_Car MCM_TX_ACCEPT: manoeuvre=3 target=107
obu-host-car-1         | [2.1] Host_Car role=host state=CRUISE->YIELDING speed=7.86 target=8.04 neighbors=7
obu-lead-car-1         | [2.1] Lead_Car role=host state=CRUISE->CRUISE speed=8.19 target=7.50 neighbors=0
obu-merge-car-1        | [2.0] Merge_Car MERGE_DECISION: auth=True phys=False fgok=True lgok=True hgok=True cok=True esok=True cready=False dtm=80.8 past=False committed=False hid=104 ra=2 lclear=True hyok=True
obu-merge-car-1        | [2.0] Merge_Car MERGE_PREPARE_WAIT_PHYSICAL: dtm=80.8
obu-ramp-back-1        | [2.1] Ramp_Back role=merge state=CRUISE->CRUISE speed=6.94 target=6.75 neighbors=7
obu-main-back-right-1  | [2.1] Main_Back_Right role=host state=CRUISE->CRUISE speed=7.93 target=7.50 neighbors=7
obu-merge-car-1        | [2.1] Merge_Car MERGE_DECISION: auth=True phys=False fgok=True lgok=True hgok=True cok=True esok=True cready=False dtm=80.2 past=False committed=False hid=104 ra=2 lclear=True hyok=True
obu-merge-car-1        | [2.1] Merge_Car MERGE_PREPARE_WAIT_PHYSICAL: dtm=80.2
obu-ramp-merge-5-1     | [2.2] Ramp_Merge_5 role=merge state=CRUISE->CRUISE speed=7.61 target=6.75 neighbors=0
obu-ramp-merge-4-1     | [2.2] Ramp_Merge_4 role=merge state=YIELDING->YIELDING speed=8.06 target=7.81 neighbors=7
obu-merge-car-1        | [2.3] Merge_Car MCM_RX_ACCEPT: from=104 manoeuvre=3 target=107
obu-host-car-1         | HOST_RESERVATION_HOLD: host=Host_Car ramp=107 manoeuvre=3 remaining=3.0 own_speed=7.82 target_speed=8.04 ramp_fsm=NEGOTIATING ramp_lane_cmd_state=NONE ramp_edge=34126779 ramp_lane=0 ramp_merge_completed=False ramp_merge_committed=False
obu-host-car-1         | [2.3] Host_Car HOST_HOLD_YIELD: for merge=107 spd=8.04
obu-host-car-1         | [2.4] Host_Car MCM_RX_REQUEST: from=107 manoeuvre=3 target=104
obu-merge-car-1        | [2.3] Merge_Car MERGE_DECISION: auth=True phys=False fgok=True lgok=True hgok=True cok=True esok=True cready=False dtm=79.1 past=False committed=False hid=104 ra=2 lclear=True hyok=True
obu-merge-car-1        | [2.3] Merge_Car MERGE_PREPARE_WAIT_PHYSICAL: dtm=79.1
obu-host-car-1         | [2.4] Host_Car MCM_RX_REQUEST: from=107 manoeuvre=3 target=104
obu-main-front-left-1  | [2.4] Main_Front_Left role=lead state=CRUISE->CRUISE speed=8.10 target=8.10 neighbors=10
obu-main-mid-right-1   | [2.4] Main_Mid_Right role=host state=CRUISE->CRUISE speed=7.97 target=7.50 neighbors=10
obu-main-back-left-1   | [2.4] Main_Back_Left role=host state=CRUISE->CRUISE speed=7.84 target=7.50 neighbors=11
obu-ramp-merge-2-1     | [2.4] Ramp_Merge_2 role=merge state=CRUISE->CRUISE speed=7.59 target=6.75 neighbors=11
obu-host-car-1         | HOST_RESERVATION_HOLD: host=Host_Car ramp=107 manoeuvre=3 remaining=2.8 own_speed=7.84 target_speed=8.04 ramp_fsm=NEGOTIATING ramp_lane_cmd_state=NONE ramp_edge=34126779 ramp_lane=0 ramp_merge_completed=False ramp_merge_committed=False
obu-host-car-1         | [2.5] Host_Car HOST_HOLD_YIELD: for merge=107 spd=8.04
obu-host-car-1         | [2.5] Host_Car MCM_TX_ACCEPT: manoeuvre=3 target=107
obu-merge-car-1        | [2.4] Merge_Car MERGE_DECISION: auth=True phys=False fgok=True lgok=True hgok=True cok=True esok=True cready=False dtm=78.5 past=False committed=False hid=104 ra=2 lclear=True hyok=True
obu-merge-car-1        | [2.4] Merge_Car MERGE_PREPARE_WAIT_PHYSICAL: dtm=78.5
obu-merge-car-1        | [2.4] Merge_Car role=merge state=NEGOTIATING->NEGOTIATING speed=8.82 target=6.38 neighbors=11
obu-merge-car-1        | [2.5] Merge_Car MERGE_DECISION: auth=True phys=False fgok=True lgok=True hgok=True cok=True esok=True cready=False dtm=77.8 past=False committed=False hid=104 ra=2 lclear=True hyok=True
obu-merge-car-1        | [2.5] Merge_Car MERGE_PREPARE_WAIT_PHYSICAL: dtm=77.8
obu-merge-car-1        | [2.7] Merge_Car MERGE_DECISION: auth=True phys=False fgok=True lgok=True hgok=True cok=True esok=True cready=False dtm=76.6 past=False committed=False hid=104 ra=2 lclear=True hyok=True
obu-merge-car-1        | [2.7] Merge_Car MERGE_PREPARE_WAIT_PHYSICAL: dtm=76.6
obu-merge-car-1        | [3.0] Merge_Car MERGE_DECISION: auth=True phys=False fgok=True lgok=True hgok=True cok=True esok=True cready=False dtm=74.7 past=False committed=False hid=104 ra=2 lclear=True hyok=True
obu-merge-car-1        | [3.0] Merge_Car MERGE_PREPARE_WAIT_PHYSICAL: dtm=74.7
obu-merge-car-1        | [3.0] Merge_Car MCM_RX_ACCEPT: from=104 manoeuvre=3 target=107
obu-ramp-back-1        | [3.0] Ramp_Back CAR_FOLLOW: sid=111 edge=34126779 lane=0 leader_edge= leader_lane=None leader_role_hint=ramp self_merge_completed=False self_merge_completed_age=-1.0 self_merge_committed=False lane_cmd_state=None lane_cmd_edge=None lane_cmd_target=None lane_cmd_executable=None same_lane=True reason=same_lane_cam gap=9.4 follow_spd=2.98 emergency=False target_before=6.619886738560521 target_after=6.619886738560521 target_after_raw=2.98
obu-host-car-1         | HOST_RESERVATION_HOLD: host=Host_Car ramp=107 manoeuvre=3 remaining=2.2 own_speed=7.90 target_speed=8.04 ramp_fsm=NEGOTIATING ramp_lane_cmd_state=NONE ramp_edge=34126779 ramp_lane=0 ramp_merge_completed=False ramp_merge_committed=False
obu-host-car-1         | [3.1] Host_Car HOST_HOLD_YIELD: for merge=107 spd=8.04
obu-host-car-1         | [3.1] Host_Car MCM_TX_ACCEPT: manoeuvre=3 target=107
obu-lead-car-1         | [3.1] Lead_Car role=lead state=CRUISE->CRUISE speed=8.04 target=8.04 neighbors=11
obu-host-car-1         | [3.1] Host_Car role=host state=YIELDING->YIELDING speed=7.90 target=8.04 neighbors=11
obu-ramp-merge-3-1     | [3.0] Ramp_Merge_3 role=merge state=CRUISE->YIELDING speed=7.24 target=6.99 neighbors=11
obu-merge-car-1        | [3.1] Merge_Car FINAL_GUARD: REJECTED slot-boundary ETA sid=103
obu-merge-car-1        | [3.1] Merge_Car MERGE_DECISION: auth=True phys=False fgok=False lgok=False hgok=True cok=True esok=True cready=False dtm=74.1 past=False committed=False hid=104 ra=2 lclear=True hyok=True
obu-merge-car-1        | [3.1] Merge_Car MERGE_PREPARE_WAIT_PHYSICAL: dtm=74.1
obu-ramp-back-1        | [3.2] Ramp_Back CAR_FOLLOW: sid=111 edge=34126779 lane=0 leader_edge= leader_lane=None leader_role_hint=ramp self_merge_completed=False self_merge_completed_age=-1.0 self_merge_committed=False lane_cmd_state=None lane_cmd_edge=None lane_cmd_target=None lane_cmd_executable=None same_lane=True reason=same_lane_cam gap=8.0 follow_spd=2.62 emergency=False target_before=6.608197781550871 target_after=6.608197781550871 target_after_raw=2.62
obu-ramp-back-1        | [3.2] Ramp_Back role=merge state=YIELDING->YIELDING speed=6.86 target=6.61 neighbors=11
obu-host-car-1         | HOST_RESERVATION_HOLD: host=Host_Car ramp=107 manoeuvre=3 remaining=2.1 own_speed=7.90 target_speed=8.04 ramp_fsm=NEGOTIATING ramp_lane_cmd_state=NONE ramp_edge=34126779 ramp_lane=0 ramp_merge_completed=False ramp_merge_committed=False
obu-host-car-1         | [3.2] Host_Car HOST_HOLD_YIELD: for merge=107 spd=8.04
obu-merge-car-1        | [3.2] Merge_Car FINAL_GUARD: REJECTED slot-boundary ETA sid=103
obu-merge-car-1        | [3.2] Merge_Car MERGE_DECISION: auth=True phys=False fgok=False lgok=False hgok=True cok=True esok=True cready=False dtm=73.6 past=False committed=False hid=104 ra=2 lclear=True hyok=True
obu-merge-car-1        | [3.2] Merge_Car MERGE_PREPARE_WAIT_PHYSICAL: dtm=73.6
obu-ramp-merge-4-1     | [3.3] Ramp_Merge_4 role=merge state=YIELDING->YIELDING speed=7.95 target=7.70 neighbors=11
obu-main-back-left-1   | [3.4] Main_Back_Left role=host state=CRUISE->CRUISE speed=7.70 target=7.50 neighbors=8
obu-ramp-merge-2-1     | [3.4] Ramp_Merge_2 role=merge state=CRUISE->CRUISE speed=7.25 target=6.75 neighbors=8
obu-host-car-1         | HOST_RESERVATION_HOLD: host=Host_Car ramp=107 manoeuvre=3 remaining=1.9 own_speed=7.92 target_speed=8.04 ramp_fsm=NEGOTIATING ramp_lane_cmd_state=NONE ramp_edge=34126779 ramp_lane=0 ramp_merge_completed=False ramp_merge_committed=False
obu-host-car-1         | [3.4] Host_Car HOST_HOLD_YIELD: for merge=107 spd=8.04
obu-host-car-1         | [3.4] Host_Car MCM_TX_ACCEPT: manoeuvre=3 target=107
obu-main-front-left-1  | [3.5] Main_Front_Left role=lead state=CRUISE->CRUISE speed=8.06 target=8.06 neighbors=8
obu-merge-car-1        | [3.5] Merge_Car FINAL_GUARD: REJECTED slot-boundary ETA sid=103
obu-merge-car-1        | [3.5] Merge_Car MERGE_DECISION: auth=True phys=False fgok=False lgok=False hgok=True cok=True esok=True cready=False dtm=71.9 past=False committed=False hid=104 ra=2 lclear=True hyok=True
obu-merge-car-1        | [3.5] Merge_Car MERGE_PREPARE_WAIT_PHYSICAL: dtm=71.9
obu-merge-car-1        | [3.5] Merge_Car role=merge state=NEGOTIATING->NEGOTIATING speed=7.76 target=6.38 neighbors=8
obu-main-mid-right-1   | [3.6] Main_Mid_Right role=lead state=CRUISE->CRUISE speed=7.78 target=7.78 neighbors=8
obu-ramp-merge-2-1     | MERGE_SLOT_SKIP_BUSY_HOST: skipped_host=104 busy_for=107 remaining=2.1999999999999997 next_host=105 lead=103 own_eta=13.13
obu-ramp-merge-2-1     | MERGE_SLOT_QUALITY_DIAG: vehicle=Ramp_Merge_2 event=REQUEST_NEW t=3.5 manoeuvre=34 source=new_request lead=104 host=105 own_eta=13.13 lead_eta=14.64 host_eta=18.55 min_eta=16.14 max_eta=17.05 desired_eta=16.14 gap_possible=True dtm=94.9 edge=34126779 lane=0 speed=7.23 lead_speed=7.84 host_speed=7.84 lead_gap=109.15 host_gap=129.11 lead_gap_t1=109.15 lead_gap_t2=109.15 lead_gap_t3=109.15 host_gap_t1=129.11 host_gap_t2=129.11 host_gap_t3=129.11 rel_to_lead=-0.61 rel_to_host=-0.61 lead_lat=2.08 host_lat=25.33 pending=True accepted=False authorized=False committed=False pending_age=0.00 accepted_age=None lane_cmd_state=NONE lane_cmd_target=None
obu-ramp-merge-2-1     | MERGE_ATTEMPT_TIMELINE: vehicle=Ramp_Merge_2 manoeuvre=34 host=105 lead=104 event=REQUEST_SENT t=3.5 edge=34126779 lane=0 lane_cmd_state=NONE speed=7.23 target=6.75 dtm=94.9 lead_gap=109.15 host_gap=129.11 lead_gap_t1=109.15 lead_gap_t2=109.15 lead_gap_t3=109.15 host_gap_t1=129.11 host_gap_t2=129.11 host_gap_t3=129.11
obu-ramp-merge-2-1     | [3.5] Ramp_Merge_2 MCM_TX_REQUEST: manoeuvre=34 target=105
obu-ramp-merge-2-1     | [3.5] Ramp_Merge_2 MERGE_DECISION: auth=False phys=False fgok=True lgok=False hgok=True cok=True esok=True cready=False dtm=94.9 past=False committed=False hid=105 ra=None lclear=True hyok=True
obu-host-car-1         | HOST_RESERVATION_HOLD: host=Host_Car ramp=107 manoeuvre=3 remaining=1.7 own_speed=7.93 target_speed=8.04 ramp_fsm=NEGOTIATING ramp_lane_cmd_state=NONE ramp_edge=34126779 ramp_lane=0 ramp_merge_completed=False ramp_merge_committed=False
obu-host-car-1         | [3.6] Host_Car HOST_HOLD_YIELD: for merge=107 spd=8.04
obu-merge-car-1        | [3.6] Merge_Car FINAL_GUARD: REJECTED slot-boundary ETA sid=103
obu-merge-car-1        | [3.6] Merge_Car MERGE_DECISION: auth=True phys=False fgok=False lgok=False hgok=True cok=True esok=True cready=False dtm=71.4 past=False committed=False hid=104 ra=2 lclear=True hyok=True
obu-ramp-merge-5-1     | [3.2] Ramp_Merge_5 role=merge state=YIELDING->YIELDING speed=7.26 target=7.01 neighbors=11
obu-merge-car-1        | [3.6] Merge_Car MERGE_PREPARE_WAIT_PHYSICAL: dtm=71.4
obu-main-back-left-1   | [3.7] Main_Back_Left MCM_RX_REQUEST: from=108 manoeuvre=34 target=105
obu-merge-car-1        | [3.7] Merge_Car MCM_RX_ACCEPT: from=104 manoeuvre=3 target=107
obu-ramp-merge-2-1     | [3.7] Ramp_Merge_2 MERGE_LCLEAR_BLOCK: sid=103 gap=4.3 neighbor_age=0.7 from_memory=False dtm=94.2
obu-main-back-right-1  | [3.7] Main_Back_Right role=host state=CRUISE->CRUISE speed=7.69 target=7.50 neighbors=11
obu-ramp-merge-2-1     | [3.7] Ramp_Merge_2 MERGE_DECISION: auth=False phys=False fgok=True lgok=True hgok=True cok=True esok=True cready=False dtm=94.2 past=False committed=False hid=105 ra=None lclear=False hyok=True
obu-host-car-1         | HOST_RESERVATION_HOLD: host=Host_Car ramp=107 manoeuvre=3 remaining=1.6 own_speed=7.93 target_speed=8.04 ramp_fsm=NEGOTIATING ramp_lane_cmd_state=NONE ramp_edge=34126779 ramp_lane=0 ramp_merge_completed=False ramp_merge_committed=False
obu-host-car-1         | [3.7] Host_Car HOST_HOLD_YIELD: for merge=107 spd=8.04
obu-host-car-1         | [3.7] Host_Car MCM_TX_ACCEPT: manoeuvre=3 target=107
obu-merge-car-1        | [3.7] Merge_Car MCM_RX_ACCEPT: from=104 manoeuvre=3 target=107
obu-merge-car-1        | [3.7] Merge_Car MERGE_DECISION: auth=True phys=False fgok=True lgok=False hgok=True cok=True esok=True cready=False dtm=70.9 past=False committed=False hid=104 ra=2 lclear=True hyok=True
obu-merge-car-1        | [3.7] Merge_Car MERGE_PREPARE_WAIT_PHYSICAL: dtm=70.9
obu-merge-car-1        | [3.7] Merge_Car MCM_RX_ACCEPT: from=104 manoeuvre=3 target=107
obu-ramp-back-1        | [3.7] Ramp_Back CAR_FOLLOW: sid=111 edge=34126779 lane=0 leader_edge= leader_lane=None leader_role_hint=ramp self_merge_completed=False self_merge_completed_age=-1.0 self_merge_committed=False lane_cmd_state=None lane_cmd_edge=None lane_cmd_target=None lane_cmd_executable=None same_lane=True reason=same_lane_cam gap=12.0 follow_spd=6.26 emergency=False target_before=6.559710254251152 target_after=6.559710254251152 target_after_raw=6.26
obu-merge-car-1        | [3.9] Merge_Car MERGE_DECISION: auth=True phys=True fgok=True lgok=False hgok=True cok=True esok=True cready=True dtm=69.7 past=False committed=False hid=104 ra=2 lclear=True hyok=True
obu-merge-car-1        | [3.9] Merge_Car MERGE_PREPARE_WAIT_PHYSICAL: dtm=69.7
obu-merge-car-1        | [4.1] Merge_Car MERGE_DECISION: auth=True phys=True fgok=True lgok=False hgok=True cok=True esok=True cready=True dtm=68.5 past=False committed=False hid=104 ra=2 lclear=True hyok=True
obu-merge-car-1        | [4.1] Merge_Car MERGE_PREPARE_WAIT_PHYSICAL: dtm=68.5
obu-ramp-merge-4-1     | [4.3] Ramp_Merge_4 role=merge state=YIELDING->YIELDING speed=7.68 target=7.43 neighbors=11
obu-main-back-left-1   | HOST_RESERVATION_START: host=Main_Back_Left ramp=108 manoeuvre=34 until=8.3 own_speed=7.63 target_speed=6.63 required_speed=7.34 gap_eta=4.02
obu-main-back-left-1   | [4.3] Main_Back_Left HOST_RESERVED: merge=108 manoeuvre=34 until=8.3 target_spd=6.63
obu-main-back-left-1   | [4.3] Main_Back_Left HOST_YIELD: for merge=108 req_spd=6.63
obu-main-back-left-1   | HOST_REQUEST_DECISION: host=Main_Back_Left ramp=108 manoeuvre=34 decision=ACCEPT reason=YIELDING ramp_eta=13.12 host_eta=17.14 required_speed=7.34 current_speed=7.63 active_request_ramp=108 active_request_remaining=4.0 ramp_remote_edge=34126779 ramp_remote_lane=0 ramp_remote_fsm=NEGOTIATING
obu-merge-car-1        | [4.3] Merge_Car MERGE_DECISION: auth=True phys=True fgok=True lgok=False hgok=True cok=True esok=True cready=True dtm=67.3 past=False committed=False hid=104 ra=2 lclear=True hyok=True
obu-main-back-left-1   | [4.3] Main_Back_Left MCM_TX_ACCEPT: manoeuvre=34 target=108
obu-merge-car-1        | [4.3] Merge_Car MERGE_PREPARE_WAIT_PHYSICAL: dtm=67.3
obu-lead-car-1         | [4.5] Lead_Car role=cruise state=CRUISE->CRUISE speed=8.05 target=7.50 neighbors=11
obu-ramp-merge-3-1     | [4.4] Ramp_Merge_3 role=merge state=CRUISE->CRUISE speed=7.03 target=6.75 neighbors=11
obu-host-car-1         | HOST_RESERVATION_HOLD: host=Host_Car ramp=107 manoeuvre=3 remaining=0.8 own_speed=7.97 target_speed=8.04 ramp_fsm=NEGOTIATING ramp_lane_cmd_state=NONE ramp_edge=34126779 ramp_lane=0 ramp_merge_completed=False ramp_merge_committed=False
obu-host-car-1         | [4.5] Host_Car HOST_HOLD_YIELD: for merge=107 spd=8.04
obu-ramp-merge-2-1     | MCM_REQUEST_RETRY_DIAG: vehicle=Ramp_Merge_2 host=105 lead=104 manoeuvre=34 retry_count=1 pending_age=0.9 dtm=91.8 own_eta=12.93 host_eta_current=17.238585811352944 host_eta_at_request=18.54845248863079 lead_eta_current=13.279081207268229 lead_eta_at_request=14.640038536274787 last_response_action=None last_response_age=None host_remote_fsm=CRUISE host_remote_edge=560761994 host_remote_lane=0 host_remote_merge_committed=False host_remote_merge_completed=False host_remote_active_merge_request=False host_remote_active_station_id=None host_remote_active_manoeuvre_id=None host_remote_active_remaining_s=0.0
obu-ramp-merge-2-1     | MERGE_SLOT_QUALITY_DIAG: vehicle=Ramp_Merge_2 event=REQUEST_RETRY t=4.4 manoeuvre=34 source=retry_request lead=104 host=105 own_eta=12.93 lead_eta=14.64 host_eta=17.24 min_eta=16.14 max_eta=15.74 desired_eta=15.74 gap_possible=False dtm=91.8 edge=34126779 lane=0 speed=7.10 lead_speed=7.93 host_speed=7.63 lead_gap=96.52 host_gap=111.50 lead_gap_t1=96.52 lead_gap_t2=96.52 lead_gap_t3=96.52 host_gap_t1=111.50 host_gap_t2=111.50 host_gap_t3=111.50 rel_to_lead=-0.83 rel_to_host=-0.53 lead_lat=5.79 host_lat=27.32 pending=True accepted=False authorized=False committed=False pending_age=0.90 accepted_age=None lane_cmd_state=NONE lane_cmd_target=None
obu-ramp-merge-2-1     | [4.4] Ramp_Merge_2 MCM_TX_REQUEST: manoeuvre=34 target=105
obu-host-car-1         | [4.5] Host_Car MCM_TX_ACCEPT: manoeuvre=3 target=107
obu-host-car-1         | [4.5] Host_Car role=host state=YIELDING->YIELDING speed=7.97 target=8.04 neighbors=11
obu-ramp-merge-2-1     | [4.4] Ramp_Merge_2 MERGE_DECISION: auth=False phys=False fgok=True lgok=True hgok=True cok=True esok=True cready=False dtm=91.8 past=False committed=False hid=105 ra=None lclear=True hyok=True
obu-ramp-merge-2-1     | [4.4] Ramp_Merge_2 role=merge state=NEGOTIATING->NEGOTIATING speed=7.10 target=6.85 neighbors=11
obu-main-front-left-1  | [4.5] Main_Front_Left role=lead state=CRUISE->CRUISE speed=8.06 target=8.06 neighbors=11
obu-main-back-left-1   | HOST_RESERVATION_HOLD: host=Main_Back_Left ramp=108 manoeuvre=34 remaining=3.9 own_speed=7.62 target_speed=6.63 ramp_fsm=NEGOTIATING ramp_lane_cmd_state=NONE ramp_edge=34126779 ramp_lane=0 ramp_merge_completed=False ramp_merge_committed=False
obu-main-back-left-1   | [4.4] Main_Back_Left HOST_HOLD_YIELD: for merge=108 spd=6.63
obu-main-back-left-1   | [4.4] Main_Back_Left role=host state=YIELDING->YIELDING speed=7.62 target=6.63 neighbors=11
obu-merge-car-1        | [4.4] Merge_Car MERGE_DECISION: auth=True phys=True fgok=True lgok=True hgok=True cok=True esok=True cready=True dtm=66.7 past=False committed=False hid=104 ra=2 lclear=True hyok=True
obu-merge-car-1        | [4.4] Merge_Car MERGE_PREPARE_WAIT_LANE_AVAILABLE: edge=None lane=None target_lane=None lane_count=None executable=None dtm=66.7 speed=7.25 host=104 lead=103
obu-ramp-back-1        | [4.5] Ramp_Back CAR_FOLLOW: sid=111 edge=34126779 lane=0 leader_edge= leader_lane=None leader_role_hint=ramp self_merge_completed=False self_merge_completed_age=-1.0 self_merge_committed=False lane_cmd_state=None lane_cmd_edge=None lane_cmd_target=None lane_cmd_executable=None same_lane=True reason=same_lane_cam gap=12.3 follow_spd=6.39 emergency=False target_before=6.496565834741011 target_after=6.496565834741011 target_after_raw=6.39
obu-ramp-back-1        | [4.5] Ramp_Back role=merge state=YIELDING->YIELDING speed=6.75 target=6.50 neighbors=11
obu-main-back-left-1   | HOST_RESERVATION_HOLD: host=Main_Back_Left ramp=108 manoeuvre=34 remaining=3.6 own_speed=7.56 target_speed=6.63 ramp_fsm=NEGOTIATING ramp_lane_cmd_state=NONE ramp_edge=34126779 ramp_lane=0 ramp_merge_completed=False ramp_merge_committed=False
obu-main-back-left-1   | [4.7] Main_Back_Left HOST_HOLD_YIELD: for merge=108 spd=6.63
obu-main-back-left-1   | [4.7] Main_Back_Left MCM_TX_ACCEPT: manoeuvre=34 target=108
obu-merge-car-1        | [4.6] Merge_Car role=merge state=NEGOTIATING->NEGOTIATING speed=7.17 target=6.92 neighbors=11
obu-merge-car-1        | [4.8] Merge_Car MERGE_LANE_WAIT_EDGE_CONFIRMED: edge=34126779 lane=0 target_lane=1 lane_count=1 executable=False
obu-ramp-merge-5-1     | [4.8] Ramp_Merge_5 role=merge state=YIELDING->YIELDING speed=7.11 target=6.86 neighbors=5
obu-merge-car-1        | [4.8] Merge_Car MERGE_PREPARE_WAIT_LANE_AVAILABLE: edge=34126779 lane=0 target_lane=1 lane_count=1 executable=False dtm=64.4 speed=7.12 host=104 lead=103
obu-merge-car-1        | MERGE_ATTEMPT_TIMELINE: vehicle=Merge_Car manoeuvre=3 host=104 lead=103 event=WAIT_EDGE t=4.8 edge=34126779 lane=0 lane_cmd_state=WAIT_EDGE speed=7.12 target=6.75 dtm=64.4 lead_gap=33.05 host_gap=22.65 lead_gap_t1=33.05 lead_gap_t2=33.05 lead_gap_t3=33.05 host_gap_t1=22.65 host_gap_t2=22.65 host_gap_t3=22.65
obu-merge-car-1        | [5.2] Merge_Car MCM_RX_ACCEPT: from=104 manoeuvre=3 target=107
obu-main-mid-right-1   | [5.2] Main_Mid_Right role=lead state=CRUISE->CRUISE speed=7.78 target=7.78 neighbors=9
obu-ramp-merge-2-1     | [5.1] Ramp_Merge_2 MCM_RX_ACCEPT: from=105 manoeuvre=34 target=108
obu-main-back-left-1   | [5.2] Main_Back_Left MCM_RX_REQUEST: from=108 manoeuvre=34 target=105
obu-ramp-merge-2-1     | [5.1] Ramp_Merge_2 MCM_RX_ACCEPT: from=105 manoeuvre=34 target=108
obu-main-back-right-1  | [5.2] Main_Back_Right role=host state=CRUISE->CRUISE speed=7.59 target=7.50 neighbors=11
obu-main-back-left-1   | HOST_RESERVATION_HOLD: host=Main_Back_Left ramp=108 manoeuvre=34 remaining=3.1 own_speed=7.35 target_speed=6.63 ramp_fsm=NEGOTIATING ramp_lane_cmd_state=NONE ramp_edge=34126779 ramp_lane=0 ramp_merge_completed=False ramp_merge_committed=False
obu-main-back-left-1   | [5.2] Main_Back_Left HOST_HOLD_YIELD: for merge=108 spd=6.63
obu-main-back-left-1   | [5.2] Main_Back_Left MCM_TX_ACCEPT: manoeuvre=34 target=108
obu-host-car-1         | HOST_RESERVATION_EXTEND_UNTIL_CLEAR: host=Host_Car ramp=107 manoeuvre=3 new_remaining=4.0 ramp_lcs=WAIT_EDGE ramp_edge=34126779
obu-host-car-1         | HOST_RESERVATION_HOLD: host=Host_Car ramp=107 manoeuvre=3 remaining=4.0 own_speed=7.99 target_speed=8.04 ramp_fsm=NEGOTIATING ramp_lane_cmd_state=WAIT_EDGE ramp_edge=34126779 ramp_lane=0 ramp_merge_completed=False ramp_merge_committed=True
obu-host-car-1         | [5.2] Host_Car HOST_HOLD_YIELD: for merge=107 spd=8.04
obu-host-car-1         | [5.2] Host_Car MCM_TX_ACCEPT: manoeuvre=3 target=107
obu-ramp-merge-2-1     | MCM_REQUEST_RETRY_DIAG: vehicle=Ramp_Merge_2 host=105 lead=104 manoeuvre=34 retry_count=2 pending_age=1.7 dtm=89.0 own_eta=12.66 host_eta_current=15.965310631287883 host_eta_at_request=18.54845248863079 lead_eta_current=12.429700997593619 lead_eta_at_request=14.640038536274787 last_response_action=2 last_response_age=0.10000000000000053 host_remote_fsm=YIELDING host_remote_edge=560761994 host_remote_lane=0 host_remote_merge_committed=False host_remote_merge_completed=False host_remote_active_merge_request=True host_remote_active_station_id=108 host_remote_active_manoeuvre_id=34 host_remote_active_remaining_s=3.6000000000000005
obu-ramp-merge-2-1     | MERGE_SLOT_QUALITY_DIAG: vehicle=Ramp_Merge_2 event=REQUEST_RETRY t=5.2 manoeuvre=34 source=retry_request lead=104 host=105 own_eta=12.66 lead_eta=14.64 host_eta=15.97 min_eta=16.14 max_eta=14.47 desired_eta=14.47 gap_possible=False dtm=89.0 edge=34126779 lane=0 speed=7.03 lead_speed=7.96 host_speed=8.00 lead_gap=86.67 host_gap=100.57 lead_gap_t1=86.67 lead_gap_t2=86.67 lead_gap_t3=86.67 host_gap_t1=100.57 host_gap_t2=100.57 host_gap_t3=100.57 rel_to_lead=-0.93 rel_to_host=-0.97 lead_lat=10.55 host_lat=35.76 pending=True accepted=False authorized=False committed=False pending_age=1.70 accepted_age=None lane_cmd_state=NONE lane_cmd_target=None
obu-ramp-merge-2-1     | [5.2] Ramp_Merge_2 MCM_TX_REQUEST: manoeuvre=34 target=105
obu-ramp-merge-2-1     | MERGE_ATTEMPT_TIMELINE: vehicle=Ramp_Merge_2 manoeuvre=34 host=105 lead=104 event=ACCEPT_MATCHED t=5.2 edge=34126779 lane=0 lane_cmd_state=NONE speed=7.03 target=6.75 dtm=89.0 lead_gap=86.67 host_gap=100.57 lead_gap_t1=86.67 lead_gap_t2=86.67 lead_gap_t3=86.67 host_gap_t1=100.57 host_gap_t2=100.57 host_gap_t3=100.57
obu-ramp-merge-2-1     | MERGE_SLOT_QUALITY_DIAG: vehicle=Ramp_Merge_2 event=ACCEPT_MATCHED t=5.2 manoeuvre=34 source=accept_matched lead=104 host=105 own_eta=12.66 lead_eta=14.64 host_eta=15.97 min_eta=16.14 max_eta=14.47 desired_eta=14.47 gap_possible=False dtm=89.0 edge=34126779 lane=0 speed=7.03 lead_speed=7.96 host_speed=8.00 lead_gap=86.67 host_gap=100.57 lead_gap_t1=86.67 lead_gap_t2=86.67 lead_gap_t3=86.67 host_gap_t1=100.57 host_gap_t2=100.57 host_gap_t3=100.57 rel_to_lead=-0.93 rel_to_host=-0.97 lead_lat=10.55 host_lat=35.76 pending=True accepted=False authorized=False committed=False pending_age=1.70 accepted_age=None lane_cmd_state=NONE lane_cmd_target=None
obu-ramp-merge-2-1     | [5.2] Ramp_Merge_2 MCM_ACCEPT_MATCHED: host=105 manoeuvre=34
obu-ramp-merge-2-1     | [5.2] Ramp_Merge_2 FINAL_GUARD: REJECTED slot-boundary ETA sid=104
obu-ramp-merge-2-1     | [5.2] Ramp_Merge_2 MERGE_LCLEAR_BLOCK: sid=104 gap=2.8 neighbor_age=0.1 from_memory=False dtm=89.0
obu-ramp-merge-2-1     | MERGE_SLOT_QUALITY_DIAG: vehicle=Ramp_Merge_2 event=ACCEPTED_WAIT_SLOT_VALID t=5.2 manoeuvre=34 source=pending_request lead=104 host=105 own_eta=12.66 lead_eta=12.43 host_eta=15.97 min_eta=13.93 max_eta=14.47 desired_eta=13.93 gap_possible=True dtm=89.0 edge=34126779 lane=0 speed=7.03 lead_speed=7.96 host_speed=8.00 lead_gap=86.67 host_gap=100.57 lead_gap_t1=86.67 lead_gap_t2=86.67 lead_gap_t3=86.67 host_gap_t1=100.57 host_gap_t2=100.57 host_gap_t3=100.57 rel_to_lead=-0.93 rel_to_host=-0.97 lead_lat=10.55 host_lat=35.76 pending=True accepted=True authorized=False committed=False pending_age=1.70 accepted_age=0.00 lane_cmd_state=NONE lane_cmd_target=None
obu-ramp-merge-2-1     | [5.2] Ramp_Merge_2 MERGE_ACCEPTED_WAIT_SLOT_VALID: reason=lgok=False(gap=86.67),fgok=False,lclear=False
obu-ramp-merge-2-1     | [5.2] Ramp_Merge_2 MERGE_DECISION: auth=False phys=False fgok=False lgok=False hgok=True cok=True esok=True cready=False dtm=89.0 past=False committed=False hid=105 ra=2 lclear=False hyok=True
obu-ramp-merge-4-1     | [5.8] Ramp_Merge_4 role=merge state=CRUISE->YIELDING speed=7.32 target=7.07 neighbors=11
obu-merge-car-1        | [5.8] Merge_Car MCM_RX_ACCEPT: from=104 manoeuvre=3 target=107
obu-ramp-merge-3-1     | [5.8] Ramp_Merge_3 role=merge state=CRUISE->CRUISE speed=6.89 target=6.75 neighbors=11
obu-merge-car-1        | [5.8] Merge_Car MERGE_PREPARE_WAIT_LANE_AVAILABLE: edge=34126779 lane=0 target_lane=1 lane_count=1 executable=False dtm=58.4 speed=7.02 host=104 lead=103
obu-merge-car-1        | [5.8] Merge_Car role=merge state=NEGOTIATING->NEGOTIATING speed=7.02 target=6.77 neighbors=11
obu-main-back-left-1   | [5.8] Main_Back_Left MCM_RX_REQUEST: from=108 manoeuvre=34 target=105
obu-ramp-merge-2-1     | [5.8] Ramp_Merge_2 MCM_RX_ACCEPT: from=105 manoeuvre=34 target=108
obu-lead-car-1         | [6.0] Lead_Car role=cruise state=CRUISE->CRUISE speed=7.78 target=7.50 neighbors=11
obu-main-back-left-1   | HOST_RESERVATION_HOLD: host=Main_Back_Left ramp=108 manoeuvre=34 remaining=2.3 own_speed=7.11 target_speed=6.63 ramp_fsm=NEGOTIATING ramp_lane_cmd_state=NONE ramp_edge=34126779 ramp_lane=0 ramp_merge_completed=False ramp_merge_committed=False
obu-main-back-left-1   | [6.0] Main_Back_Left HOST_HOLD_YIELD: for merge=108 spd=6.63
obu-main-back-left-1   | [6.0] Main_Back_Left MCM_TX_ACCEPT: manoeuvre=34 target=108
obu-main-back-left-1   | [6.0] Main_Back_Left role=host state=YIELDING->YIELDING speed=7.11 target=6.63 neighbors=11
obu-host-car-1         | HOST_RESERVATION_EXTEND_UNTIL_CLEAR: host=Host_Car ramp=107 manoeuvre=3 new_remaining=4.0 ramp_lcs=WAIT_EDGE ramp_edge=34126779
obu-host-car-1         | HOST_RESERVATION_HOLD: host=Host_Car ramp=107 manoeuvre=3 remaining=4.0 own_speed=8.01 target_speed=8.04 ramp_fsm=NEGOTIATING ramp_lane_cmd_state=WAIT_EDGE ramp_edge=34126779 ramp_lane=0 ramp_merge_completed=False ramp_merge_committed=True
obu-host-car-1         | [6.0] Host_Car HOST_HOLD_YIELD: for merge=107 spd=8.04
obu-host-car-1         | [6.0] Host_Car MCM_TX_ACCEPT: manoeuvre=3 target=107
obu-host-car-1         | [6.0] Host_Car role=host state=YIELDING->YIELDING speed=8.01 target=8.04 neighbors=11
obu-ramp-merge-2-1     | [6.0] Ramp_Merge_2 FINAL_GUARD: REJECTED slot-boundary ETA sid=104
obu-ramp-merge-2-1     | [6.0] Ramp_Merge_2 MERGE_DECISION: auth=False phys=False fgok=False lgok=False hgok=True cok=True esok=True cready=False dtm=86.0 past=False committed=False hid=105 ra=2 lclear=False hyok=True
obu-ramp-merge-2-1     | [6.0] Ramp_Merge_2 role=merge state=NEGOTIATING->NEGOTIATING speed=6.84 target=6.38 neighbors=11
obu-main-front-left-1  | [6.0] Main_Front_Left role=lead state=CRUISE->CRUISE speed=8.06 target=8.06 neighbors=11
obu-ramp-merge-5-1     | [6.1] Ramp_Merge_5 role=merge state=YIELDING->YIELDING speed=6.98 target=6.73 neighbors=11
obu-ramp-back-1        | [6.1] Ramp_Back CAR_FOLLOW: sid=111 edge=34126779 lane=0 leader_edge= leader_lane=None leader_role_hint=ramp self_merge_completed=False self_merge_completed_age=-1.0 self_merge_committed=False lane_cmd_state=None lane_cmd_edge=None lane_cmd_target=None lane_cmd_executable=None same_lane=True reason=same_lane_cam gap=10.1 follow_spd=3.87 emergency=False target_before=6.336149543010248 target_after=6.336149543010248 target_after_raw=3.87
obu-ramp-back-1        | [6.1] Ramp_Back role=merge state=YIELDING->YIELDING speed=6.59 target=6.34 neighbors=11
obu-merge-car-1        | [6.2] Merge_Car MERGE_COMMIT_SAFETY_HOLD: lgok=False hgok=True fgok=True edge=34126779 lane=0 target_lane=1 speed=6.98 lane_cmd_state=WAIT_EDGE lane_cmd_executable=False lane_cmd_edge=34126779 lane_cmd_lane_count=1
obu-main-back-right-1  | [6.4] Main_Back_Right role=host state=CRUISE->CRUISE speed=7.55 target=7.50 neighbors=10
obu-ramp-merge-2-1     | [6.4] Ramp_Merge_2 MCM_RX_ACCEPT: from=105 manoeuvre=34 target=108
obu-main-back-left-1   | HOST_RESERVATION_HOLD: host=Main_Back_Left ramp=108 manoeuvre=34 remaining=1.8 own_speed=7.00 target_speed=6.63 ramp_fsm=NEGOTIATING ramp_lane_cmd_state=NONE ramp_edge=34126779 ramp_lane=0 ramp_merge_completed=False ramp_merge_committed=False
obu-main-back-left-1   | [6.5] Main_Back_Left HOST_HOLD_YIELD: for merge=108 spd=6.63
obu-merge-car-1        | [6.4] Merge_Car MERGE_COMMIT_SAFETY_HOLD: lgok=False hgok=True fgok=True edge=34126779 lane=0 target_lane=1 speed=6.96 lane_cmd_state=WAIT_EDGE lane_cmd_executable=False lane_cmd_edge=34126779 lane_cmd_lane_count=1
obu-main-back-left-1   | [6.5] Main_Back_Left MCM_TX_ACCEPT: manoeuvre=34 target=108
obu-merge-car-1        | [6.4] Merge_Car CAR_FOLLOW: sid=103 edge=34126779 lane=0 leader_edge= leader_lane=None leader_role_hint=main self_merge_completed=False self_merge_completed_age=-1.0 self_merge_committed=True lane_cmd_state=WAIT_EDGE lane_cmd_edge=34126779 lane_cmd_target=1 lane_cmd_executable=False same_lane=False reason=merge_conflict_eta gap=1.3 follow_spd=6.77 emergency=False target_before=2.25 target_after=6.766934153923423 target_after_raw=6.77
obu-host-car-1         | HOST_RESERVATION_EXTEND_UNTIL_CLEAR: host=Host_Car ramp=107 manoeuvre=3 new_remaining=4.0 ramp_lcs=WAIT_EDGE ramp_edge=34126779
obu-host-car-1         | HOST_RESERVATION_HOLD: host=Host_Car ramp=107 manoeuvre=3 remaining=4.0 own_speed=8.01 target_speed=8.04 ramp_fsm=NEGOTIATING ramp_lane_cmd_state=WAIT_EDGE ramp_edge=34126779 ramp_lane=0 ramp_merge_completed=False ramp_merge_committed=True
obu-host-car-1         | [6.5] Host_Car HOST_HOLD_YIELD: for merge=107 spd=8.04
obu-host-car-1         | [6.5] Host_Car MCM_TX_ACCEPT: manoeuvre=3 target=107
obu-merge-car-1        | [6.5] Merge_Car MCM_RX_ACCEPT: from=104 manoeuvre=3 target=107
obu-ramp-merge-2-1     | [6.4] Ramp_Merge_2 MERGE_LCLEAR_BLOCK: sid=104 gap=7.0 neighbor_age=0.0 from_memory=False dtm=84.2
obu-ramp-merge-2-1     | MERGE_SLOT_QUALITY_DIAG: vehicle=Ramp_Merge_2 event=ACCEPTED_WAIT_SLOT_VALID t=6.4 manoeuvre=34 source=pending_request lead=104 host=105 own_eta=12.47 lead_eta=10.87 host_eta=16.89 min_eta=12.37 max_eta=15.39 desired_eta=12.47 gap_possible=True dtm=84.2 edge=34126779 lane=0 speed=6.75 lead_speed=8.00 host_speed=7.00 lead_gap=71.38 host_gap=81.51 lead_gap_t1=71.38 lead_gap_t2=71.38 lead_gap_t3=71.38 host_gap_t1=81.51 host_gap_t2=81.51 host_gap_t3=81.51 rel_to_lead=-1.25 rel_to_host=-0.25 lead_lat=14.42 host_lat=44.03 pending=True accepted=True authorized=False committed=False pending_age=2.90 accepted_age=0.00 lane_cmd_state=NONE lane_cmd_target=None
obu-ramp-merge-2-1     | [6.4] Ramp_Merge_2 MERGE_ACCEPTED_WAIT_SLOT_VALID: reason=lclear=False
obu-ramp-merge-2-1     | [6.4] Ramp_Merge_2 MERGE_DECISION: auth=False phys=False fgok=True lgok=True hgok=True cok=True esok=True cready=False dtm=84.2 past=False committed=False hid=105 ra=2 lclear=False hyok=True
obu-main-mid-right-1   | [6.5] Main_Mid_Right role=lead state=CRUISE->CRUISE speed=7.78 target=7.78 neighbors=11
obu-ramp-merge-3-1     | [6.9] Ramp_Merge_3 role=merge state=CRUISE->CRUISE speed=6.83 target=6.75 neighbors=11
obu-main-back-left-1   | HOST_RESERVATION_HOLD: host=Main_Back_Left ramp=108 manoeuvre=34 remaining=1.2 own_speed=6.90 target_speed=6.63 ramp_fsm=NEGOTIATING ramp_lane_cmd_state=NONE ramp_edge=34126779 ramp_lane=0 ramp_merge_completed=False ramp_merge_committed=False
obu-main-back-left-1   | [7.1] Main_Back_Left HOST_HOLD_YIELD: for merge=108 spd=6.63
obu-ramp-merge-2-1     | [7.1] Ramp_Merge_2 MCM_RX_ACCEPT: from=105 manoeuvre=34 target=108
obu-main-back-left-1   | [7.1] Main_Back_Left MCM_TX_ACCEPT: manoeuvre=34 target=108
obu-main-back-left-1   | [7.1] Main_Back_Left role=host state=YIELDING->YIELDING speed=6.90 target=6.63 neighbors=11
obu-host-car-1         | HOST_RESERVATION_EXTEND_UNTIL_CLEAR: host=Host_Car ramp=107 manoeuvre=3 new_remaining=4.0 ramp_lcs=WAIT_EDGE ramp_edge=34126779
obu-host-car-1         | HOST_RESERVATION_HOLD: host=Host_Car ramp=107 manoeuvre=3 remaining=4.0 own_speed=8.02 target_speed=8.04 ramp_fsm=NEGOTIATING ramp_lane_cmd_state=WAIT_EDGE ramp_edge=34126779 ramp_lane=0 ramp_merge_completed=False ramp_merge_committed=True
obu-host-car-1         | [7.1] Host_Car HOST_HOLD_YIELD: for merge=107 spd=8.04
obu-host-car-1         | [7.1] Host_Car MCM_TX_ACCEPT: manoeuvre=3 target=107
obu-host-car-1         | [7.1] Host_Car role=host state=YIELDING->YIELDING speed=8.02 target=8.04 neighbors=11
obu-ramp-merge-2-1     | MERGE_ATTEMPT_TIMELINE: vehicle=Ramp_Merge_2 manoeuvre=34 host=105 lead=104 event=AUTHORIZED t=7.1 edge=34126779 lane=0 lane_cmd_state=NONE speed=6.64 target=6.38 dtm=81.1 lead_gap=63.49 host_gap=69.96 lead_gap_t1=63.49 lead_gap_t2=63.49 lead_gap_t3=63.49 host_gap_t1=69.96 host_gap_t2=69.96 host_gap_t3=69.96
obu-ramp-merge-2-1     | MERGE_SLOT_QUALITY_DIAG: vehicle=Ramp_Merge_2 event=AUTHORIZED t=7.1 manoeuvre=34 source=pending_request lead=104 host=105 own_eta=12.22 lead_eta=10.36 host_eta=16.39 min_eta=11.86 max_eta=14.89 desired_eta=12.22 gap_possible=True dtm=81.1 edge=34126779 lane=0 speed=6.64 lead_speed=8.01 host_speed=7.00 lead_gap=63.49 host_gap=69.96 lead_gap_t1=63.49 lead_gap_t2=63.49 lead_gap_t3=63.49 host_gap_t1=69.96 host_gap_t2=69.96 host_gap_t3=69.96 rel_to_lead=-1.37 rel_to_host=-0.36 lead_lat=19.83 host_lat=50.94 pending=True accepted=True authorized=True committed=False pending_age=3.60 accepted_age=0.00 lane_cmd_state=NONE lane_cmd_target=None
obu-ramp-merge-2-1     | [7.1] Ramp_Merge_2 MERGE_AUTHORIZED_BY_MCM: host=105 manoeuvre=34
obu-ramp-merge-2-1     | [7.1] Ramp_Merge_2 MERGE_DECISION: auth=True phys=False fgok=True lgok=True hgok=True cok=True esok=True cready=False dtm=81.1 past=False committed=False hid=105 ra=2 lclear=True hyok=True
obu-ramp-merge-2-1     | [7.1] Ramp_Merge_2 MERGE_PREPARE_WAIT_PHYSICAL: dtm=81.1
obu-ramp-merge-2-1     | [7.1] Ramp_Merge_2 role=merge state=NEGOTIATING->NEGOTIATING speed=6.64 target=6.38 neighbors=11
obu-main-front-left-1  | [7.1] Main_Front_Left role=lead state=CRUISE->CRUISE speed=8.06 target=8.06 neighbors=11
obu-merge-car-1        | [7.1] Merge_Car MCM_RX_ACCEPT: from=104 manoeuvre=3 target=107
obu-ramp-merge-5-1     | [7.1] Ramp_Merge_5 role=merge state=YIELDING->YIELDING speed=6.88 target=6.63 neighbors=11
obu-ramp-merge-4-1     | [7.1] Ramp_Merge_4 role=merge state=YIELDING->YIELDING speed=7.15 target=6.90 neighbors=11
obu-lead-car-1         | [7.1] Lead_Car role=cruise state=CRUISE->CRUISE speed=7.66 target=7.50 neighbors=11
obu-merge-car-1        | [7.2] Merge_Car MERGE_PREPARE_WAIT_LANE_AVAILABLE: edge=34126779 lane=0 target_lane=1 lane_count=1 executable=False dtm=49.7 speed=6.54 host=104 lead=103
obu-merge-car-1        | [7.2] Merge_Car role=merge state=NEGOTIATING->NEGOTIATING speed=6.54 target=6.72 neighbors=11
obu-main-back-left-1   | HOST_RESERVATION_HOLD: host=Main_Back_Left ramp=108 manoeuvre=34 remaining=1.1 own_speed=6.89 target_speed=6.63 ramp_fsm=NEGOTIATING ramp_lane_cmd_state=NONE ramp_edge=34126779 ramp_lane=0 ramp_merge_completed=False ramp_merge_committed=False
obu-main-back-left-1   | [7.2] Main_Back_Left HOST_HOLD_YIELD: for merge=108 spd=6.63
obu-host-car-1         | HOST_RESERVATION_EXTEND_UNTIL_CLEAR: host=Host_Car ramp=107 manoeuvre=3 new_remaining=4.0 ramp_lcs=WAIT_EDGE ramp_edge=34126779
obu-host-car-1         | HOST_RESERVATION_HOLD: host=Host_Car ramp=107 manoeuvre=3 remaining=4.0 own_speed=8.02 target_speed=8.04 ramp_fsm=NEGOTIATING ramp_lane_cmd_state=WAIT_EDGE ramp_edge=34126779 ramp_lane=0 ramp_merge_completed=False ramp_merge_committed=True
obu-host-car-1         | [7.3] Host_Car HOST_HOLD_YIELD: for merge=107 spd=8.04
obu-ramp-merge-2-1     | [7.2] Ramp_Merge_2 MERGE_DECISION: auth=True phys=False fgok=True lgok=True hgok=True cok=True esok=True cready=False dtm=80.7 past=False committed=False hid=105 ra=2 lclear=True hyok=True
obu-ramp-merge-2-1     | [7.2] Ramp_Merge_2 MERGE_PREPARE_WAIT_PHYSICAL: dtm=80.7
obu-ramp-back-1        | [7.2] Ramp_Back CAR_FOLLOW: sid=111 edge=34126779 lane=0 leader_edge= leader_lane=None leader_role_hint=ramp self_merge_completed=False self_merge_completed_age=-1.0 self_merge_committed=False lane_cmd_state=None lane_cmd_edge=None lane_cmd_target=None lane_cmd_executable=None same_lane=True reason=same_lane_cam gap=11.5 follow_spd=5.61 emergency=False target_before=6.222664243654398 target_after=6.222664243654398 target_after_raw=5.61
obu-ramp-back-1        | [7.2] Ramp_Back role=merge state=YIELDING->YIELDING speed=6.47 target=6.22 neighbors=11
obu-main-back-left-1   | HOST_RESERVATION_HOLD: host=Main_Back_Left ramp=108 manoeuvre=34 remaining=0.9 own_speed=6.86 target_speed=6.63 ramp_fsm=NEGOTIATING ramp_lane_cmd_state=NONE ramp_edge=34126779 ramp_lane=0 ramp_merge_completed=False ramp_merge_committed=False
obu-main-back-left-1   | [7.4] Main_Back_Left HOST_HOLD_YIELD: for merge=108 spd=6.63
obu-main-back-left-1   | [7.4] Main_Back_Left MCM_TX_ACCEPT: manoeuvre=34 target=108
obu-host-car-1         | HOST_RESERVATION_HOLD: host=Host_Car ramp=107 manoeuvre=3 remaining=3.9 own_speed=8.02 target_speed=8.04 ramp_fsm=NEGOTIATING ramp_lane_cmd_state=WAIT_EDGE ramp_edge=34126779 ramp_lane=0 ramp_merge_completed=False ramp_merge_committed=True
obu-host-car-1         | [7.4] Host_Car HOST_HOLD_YIELD: for merge=107 spd=8.04
obu-host-car-1         | [7.4] Host_Car MCM_TX_ACCEPT: manoeuvre=3 target=107
obu-main-back-right-1  | [7.6] Main_Back_Right role=host state=CRUISE->CRUISE speed=7.53 target=7.50 neighbors=11
obu-ramp-back-1        | [7.5] Ramp_Back CAR_FOLLOW: sid=111 edge=34126779 lane=0 leader_edge= leader_lane=None leader_role_hint=ramp self_merge_completed=False self_merge_completed_age=-1.0 self_merge_committed=False lane_cmd_state=None lane_cmd_edge=None lane_cmd_target=None lane_cmd_executable=None same_lane=True reason=same_lane_cam gap=9.6 follow_spd=3.19 emergency=False target_before=6.192473665737876 target_after=6.192473665737876 target_after_raw=3.19
obu-host-car-1         | HOST_RESERVATION_HOLD: host=Host_Car ramp=107 manoeuvre=3 remaining=3.5 own_speed=8.03 target_speed=8.04 ramp_fsm=NEGOTIATING ramp_lane_cmd_state=WAIT_EDGE ramp_edge=34126779 ramp_lane=0 ramp_merge_completed=False ramp_merge_committed=True
obu-host-car-1         | [7.8] Host_Car HOST_HOLD_YIELD: for merge=107 spd=8.04
obu-main-mid-right-1   | [7.8] Main_Mid_Right role=lead state=CRUISE->CRUISE speed=7.78 target=7.78 neighbors=11
obu-host-car-1         | [7.8] Host_Car MCM_TX_ACCEPT: manoeuvre=3 target=107
obu-merge-car-1        | [7.7] Merge_Car MCM_RX_ACCEPT: from=104 manoeuvre=3 target=107
obu-ramp-merge-2-1     | [7.7] Ramp_Merge_2 MCM_RX_ACCEPT: from=105 manoeuvre=34 target=108
obu-ramp-merge-2-1     | [7.7] Ramp_Merge_2 MCM_RX_ACCEPT: from=105 manoeuvre=34 target=108
obu-merge-car-1        | [7.7] Merge_Car MCM_RX_ACCEPT: from=104 manoeuvre=3 target=107
obu-main-back-left-1   | HOST_RESERVATION_HOLD: host=Main_Back_Left ramp=108 manoeuvre=34 remaining=0.5 own_speed=6.82 target_speed=6.63 ramp_fsm=NEGOTIATING ramp_lane_cmd_state=NONE ramp_edge=34126779 ramp_lane=0 ramp_merge_completed=False ramp_merge_committed=False
obu-main-back-left-1   | [7.8] Main_Back_Left HOST_HOLD_YIELD: for merge=108 spd=6.63
obu-main-back-left-1   | [7.8] Main_Back_Left MCM_TX_ACCEPT: manoeuvre=34 target=108
obu-ramp-merge-2-1     | [7.7] Ramp_Merge_2 MERGE_DECISION: auth=True phys=False fgok=True lgok=True hgok=True cok=True esok=True cready=False dtm=78.6 past=False committed=False hid=105 ra=2 lclear=True hyok=True
obu-ramp-merge-2-1     | [7.7] Ramp_Merge_2 MERGE_PREPARE_WAIT_PHYSICAL: dtm=78.6
obu-host-car-1         | HOST_RESERVATION_HOLD: host=Host_Car ramp=107 manoeuvre=3 remaining=3.4 own_speed=8.03 target_speed=8.04 ramp_fsm=NEGOTIATING ramp_lane_cmd_state=WAIT_EDGE ramp_edge=34126779 ramp_lane=0 ramp_merge_completed=False ramp_merge_committed=True
obu-host-car-1         | [7.9] Host_Car HOST_HOLD_YIELD: for merge=107 spd=8.04
obu-main-back-left-1   | HOST_RESERVATION_HOLD: host=Main_Back_Left ramp=108 manoeuvre=34 remaining=0.4 own_speed=6.81 target_speed=6.63 ramp_fsm=NEGOTIATING ramp_lane_cmd_state=NONE ramp_edge=34126779 ramp_lane=0 ramp_merge_completed=False ramp_merge_committed=False
obu-main-back-left-1   | [7.9] Main_Back_Left HOST_HOLD_YIELD: for merge=108 spd=6.63
obu-main-back-left-1   | HOST_RESERVATION_HOLD: host=Main_Back_Left ramp=108 manoeuvre=34 remaining=0.2 own_speed=6.79 target_speed=6.63 ramp_fsm=NEGOTIATING ramp_lane_cmd_state=NONE ramp_edge=34126779 ramp_lane=0 ramp_merge_completed=False ramp_merge_committed=False
obu-main-back-left-1   | [8.1] Main_Back_Left HOST_HOLD_YIELD: for merge=108 spd=6.63
obu-main-back-left-1   | [8.1] Main_Back_Left MCM_TX_ACCEPT: manoeuvre=34 target=108
obu-main-back-left-1   | [8.1] Main_Back_Left role=host state=YIELDING->YIELDING speed=6.79 target=6.63 neighbors=11
obu-lead-car-1         | [8.4] Lead_Car role=cruise state=CRUISE->CRUISE speed=7.58 target=7.50 neighbors=11
obu-ramp-merge-2-1     | [8.3] Ramp_Merge_2 MCM_RX_ACCEPT: from=105 manoeuvre=34 target=108
obu-merge-car-1        | [8.3] Merge_Car MCM_RX_ACCEPT: from=104 manoeuvre=3 target=107
obu-ramp-back-1        | [8.3] Ramp_Back role=merge state=YIELDING->YIELDING speed=6.36 target=6.11 neighbors=11
obu-merge-car-1        | [8.3] Merge_Car MERGE_PREPARE_WAIT_LANE_AVAILABLE: edge=34126779 lane=0 target_lane=1 lane_count=1 executable=False dtm=42.9 speed=6.62 host=104 lead=103
obu-merge-car-1        | [8.3] Merge_Car role=merge state=NEGOTIATING->NEGOTIATING speed=6.62 target=6.75 neighbors=11
obu-ramp-merge-3-1     | MERGE_SLOT_QUALITY_DIAG: vehicle=Ramp_Merge_3 event=REQUEST_NEW t=8.3 manoeuvre=65 source=new_request lead=104 host=105 own_eta=13.82 lead_eta=8.94 host_eta=15.45 min_eta=10.44 max_eta=13.95 desired_eta=13.82 gap_possible=True dtm=93.8 edge=34126779 lane=0 speed=6.79 lead_speed=8.02 host_speed=6.80 lead_gap=81.05 host_gap=100.65 lead_gap_t1=81.05 lead_gap_t2=81.05 lead_gap_t3=81.05 host_gap_t1=100.65 host_gap_t2=100.65 host_gap_t3=100.65 rel_to_lead=-1.23 rel_to_host=-0.01 lead_lat=23.50 host_lat=3.51 pending=True accepted=False authorized=False committed=False pending_age=0.00 accepted_age=None lane_cmd_state=NONE lane_cmd_target=None
obu-ramp-merge-3-1     | MERGE_ATTEMPT_TIMELINE: vehicle=Ramp_Merge_3 manoeuvre=65 host=105 lead=104 event=REQUEST_SENT t=8.3 edge=34126779 lane=0 lane_cmd_state=NONE speed=6.79 target=6.75 dtm=93.8 lead_gap=81.05 host_gap=100.65 lead_gap_t1=81.05 lead_gap_t2=81.05 lead_gap_t3=81.05 host_gap_t1=100.65 host_gap_t2=100.65 host_gap_t3=100.65
obu-ramp-merge-3-1     | [8.3] Ramp_Merge_3 MCM_TX_REQUEST: manoeuvre=65 target=105
obu-ramp-merge-3-1     | [8.3] Ramp_Merge_3 MERGE_LCLEAR_BLOCK: sid=104 gap=5.1 neighbor_age=0.0 from_memory=False dtm=93.8
obu-ramp-merge-3-1     | [8.3] Ramp_Merge_3 MERGE_DECISION: auth=False phys=False fgok=True lgok=True hgok=True cok=True esok=True cready=False dtm=93.8 past=False committed=False hid=105 ra=None lclear=False hyok=False
obu-ramp-merge-3-1     | [8.3] Ramp_Merge_3 role=merge state=CRUISE->NEGOTIATING speed=6.79 target=6.75 neighbors=11
obu-main-back-left-1   | HOST_RELEASE_BEFORE_CLEAR: host=Main_Back_Left ramp=108 manoeuvre=34 reason=timeout ramp_fsm=NEGOTIATING ramp_lane_cmd_state=NONE ramp_edge=34126779 ramp_lane=0 ramp_merge_completed=False ramp_merge_committed=False
obu-ramp-merge-2-1     | [8.3] Ramp_Merge_2 MERGE_DECISION: auth=True phys=False fgok=True lgok=True hgok=True cok=True esok=True cready=False dtm=75.7 past=False committed=False hid=105 ra=2 lclear=True hyok=True
obu-ramp-merge-2-1     | [8.3] Ramp_Merge_2 MERGE_PREPARE_WAIT_PHYSICAL: dtm=75.7
obu-ramp-merge-2-1     | [8.3] Ramp_Merge_2 role=merge state=NEGOTIATING->NEGOTIATING speed=6.52 target=6.38 neighbors=11
obu-ramp-merge-2-1     | [8.3] Ramp_Merge_2 MCM_RX_ACCEPT: from=105 manoeuvre=34 target=108
obu-host-car-1         | HOST_RESERVATION_HOLD: host=Host_Car ramp=107 manoeuvre=3 remaining=3.0 own_speed=8.03 target_speed=8.04 ramp_fsm=NEGOTIATING ramp_lane_cmd_state=WAIT_EDGE ramp_edge=34126779 ramp_lane=0 ramp_merge_completed=False ramp_merge_committed=True
obu-host-car-1         | [8.3] Host_Car HOST_HOLD_YIELD: for merge=107 spd=8.04
obu-main-front-left-1  | [8.4] Main_Front_Left role=cruise state=CRUISE->CRUISE speed=7.96 target=7.50 neighbors=11
obu-host-car-1         | [8.3] Host_Car MCM_TX_ACCEPT: manoeuvre=3 target=107
obu-host-car-1         | [8.3] Host_Car role=host state=YIELDING->YIELDING speed=8.03 target=8.04 neighbors=11
obu-ramp-merge-4-1     | [8.3] Ramp_Merge_4 role=merge state=YIELDING->YIELDING speed=7.03 target=6.78 neighbors=11
obu-ramp-merge-5-1     | [8.3] Ramp_Merge_5 role=merge state=YIELDING->YIELDING speed=6.75 target=6.50 neighbors=11
obu-host-car-1         | HOST_RESERVATION_HOLD: host=Host_Car ramp=107 manoeuvre=3 remaining=2.8 own_speed=8.03 target_speed=8.04 ramp_fsm=NEGOTIATING ramp_lane_cmd_state=WAIT_EDGE ramp_edge=34126779 ramp_lane=0 ramp_merge_completed=False ramp_merge_committed=True
obu-host-car-1         | [8.5] Host_Car HOST_HOLD_YIELD: for merge=107 spd=8.04
obu-main-mid-right-1   | [8.8] Main_Mid_Right role=lead state=CRUISE->CRUISE speed=7.78 target=7.78 neighbors=11
obu-host-car-1         | HOST_RESERVATION_HOLD: host=Host_Car ramp=107 manoeuvre=3 remaining=2.6 own_speed=8.03 target_speed=8.04 ramp_fsm=NEGOTIATING ramp_lane_cmd_state=WAIT_EDGE ramp_edge=34126779 ramp_lane=0 ramp_merge_completed=False ramp_merge_committed=True
obu-host-car-1         | [8.7] Host_Car HOST_HOLD_YIELD: for merge=107 spd=8.04
obu-host-car-1         | [8.7] Host_Car MCM_TX_ACCEPT: manoeuvre=3 target=107
obu-main-back-right-1  | [8.8] Main_Back_Right role=host state=CRUISE->CRUISE speed=7.51 target=7.50 neighbors=11
obu-main-back-left-1   | [9.0] Main_Back_Left MCM_RX_REQUEST: from=109 manoeuvre=65 target=105
obu-ramp-merge-3-1     | MCM_REQUEST_RETRY_DIAG: vehicle=Ramp_Merge_3 host=105 lead=104 manoeuvre=65 retry_count=1 pending_age=0.7 dtm=91.6 own_eta=13.51 host_eta_current=14.943527168301637 host_eta_at_request=15.454770844577212 lead_eta_current=8.542990690865988 lead_eta_at_request=8.943312282420807 last_response_action=None last_response_age=None host_remote_fsm=CRUISE host_remote_edge=560761994 host_remote_lane=0 host_remote_merge_committed=False host_remote_merge_completed=False host_remote_active_merge_request=False host_remote_active_station_id=None host_remote_active_manoeuvre_id=None host_remote_active_remaining_s=0.0
obu-ramp-merge-3-1     | MERGE_SLOT_QUALITY_DIAG: vehicle=Ramp_Merge_3 event=REQUEST_RETRY t=9.0 manoeuvre=65 source=retry_request lead=104 host=105 own_eta=13.51 lead_eta=8.94 host_eta=14.94 min_eta=10.44 max_eta=13.44 desired_eta=13.44 gap_possible=True dtm=91.6 edge=34126779 lane=0 speed=6.78 lead_speed=8.02 host_speed=6.76 lead_gap=74.00 host_gap=93.49 lead_gap_t1=74.00 lead_gap_t2=74.00 lead_gap_t3=74.00 host_gap_t1=93.47 host_gap_t2=93.46 host_gap_t3=93.44 rel_to_lead=-1.24 rel_to_host=0.02 lead_lat=25.73 host_lat=2.27 pending=True accepted=False authorized=False committed=False pending_age=0.70 accepted_age=None lane_cmd_state=NONE lane_cmd_target=None
obu-main-back-left-1   | HOST_RESERVATION_START: host=Main_Back_Left ramp=109 manoeuvre=65 until=13.0 own_speed=6.89 target_speed=5.39 required_speed=5.39 gap_eta=0.76
obu-main-back-left-1   | [9.0] Main_Back_Left HOST_RESERVED: merge=109 manoeuvre=65 until=13.0 target_spd=5.39
obu-main-back-left-1   | [9.0] Main_Back_Left HOST_YIELD: for merge=109 req_spd=5.39
obu-main-back-left-1   | HOST_REQUEST_DECISION: host=Main_Back_Left ramp=109 manoeuvre=65 decision=ACCEPT reason=YIELDING ramp_eta=13.40 host_eta=14.16 required_speed=5.39 current_speed=6.89 active_request_ramp=109 active_request_remaining=4.0 ramp_remote_edge=34126779 ramp_remote_lane=0 ramp_remote_fsm=NEGOTIATING
obu-main-back-left-1   | [9.0] Main_Back_Left MCM_TX_ACCEPT: manoeuvre=65 target=109
obu-merge-car-1        | [9.0] Merge_Car MCM_RX_ACCEPT: from=104 manoeuvre=3 target=107
obu-ramp-merge-3-1     | [9.0] Ramp_Merge_3 MCM_TX_REQUEST: manoeuvre=65 target=105
obu-merge-car-1        | [9.0] Merge_Car MCM_RX_ACCEPT: from=104 manoeuvre=3 target=107
obu-ramp-merge-3-1     | [9.0] Ramp_Merge_3 MERGE_DECISION: auth=False phys=False fgok=True lgok=True hgok=False cok=True esok=True cready=False dtm=91.6 past=False committed=False hid=105 ra=None lclear=False hyok=False
obu-ramp-merge-2-1     | [8.9] Ramp_Merge_2 MERGE_DECISION: auth=True phys=False fgok=True lgok=True hgok=True cok=True esok=True cready=False dtm=72.9 past=False committed=False hid=105 ra=2 lclear=True hyok=True
obu-ramp-merge-2-1     | [8.9] Ramp_Merge_2 MERGE_PREPARE_WAIT_PHYSICAL: dtm=72.9
obu-host-car-1         | HOST_RESERVATION_HOLD: host=Host_Car ramp=107 manoeuvre=3 remaining=2.3 own_speed=8.03 target_speed=8.04 ramp_fsm=NEGOTIATING ramp_lane_cmd_state=WAIT_EDGE ramp_edge=34126779 ramp_lane=0 ramp_merge_completed=False ramp_merge_committed=True
obu-host-car-1         | [9.0] Host_Car HOST_HOLD_YIELD: for merge=107 spd=8.04
obu-host-car-1         | [9.0] Host_Car MCM_TX_ACCEPT: manoeuvre=3 target=107
obu-ramp-merge-3-1     | [9.1] Ramp_Merge_3 MERGE_DECISION: auth=False phys=False fgok=True lgok=True hgok=False cok=True esok=True cready=False dtm=91.3 past=False committed=False hid=105 ra=None lclear=False hyok=False
obu-ramp-merge-2-1     | [9.1] Ramp_Merge_2 MERGE_DECISION: auth=True phys=False fgok=True lgok=True hgok=True cok=True esok=True cready=False dtm=72.0 past=False committed=False hid=105 ra=2 lclear=True hyok=True
obu-ramp-merge-2-1     | [9.1] Ramp_Merge_2 MERGE_PREPARE_WAIT_PHYSICAL: dtm=72.0
traci-bridge-1         |  Retrying in 1 seconds
traci-bridge-1         | LANE_CMD_STATE veh=Merge_Car edge=34126779 lane=0 target=1 lane_count=1 recently=False speed=7.12
traci-bridge-1         | LANE_CMD_WAIT_EDGE veh=Merge_Car edge=34126779 lane=0 target=1 lane_count=1
traci-bridge-1         | LANE_CMD_STATE veh=Merge_Car edge=34126779 lane=0 target=1 lane_count=1 recently=False speed=7.11
traci-bridge-1         | LANE_CMD_WAIT_EDGE veh=Merge_Car edge=34126779 lane=0 target=1 lane_count=1
traci-bridge-1         | LANE_CMD_STATE veh=Merge_Car edge=34126779 lane=0 target=1 lane_count=1 recently=False speed=7.10
traci-bridge-1         | LANE_CMD_WAIT_EDGE veh=Merge_Car edge=34126779 lane=0 target=1 lane_count=1
traci-bridge-1         | LANE_CMD_STATE veh=Merge_Car edge=34126779 lane=0 target=1 lane_count=1 recently=False speed=7.09
traci-bridge-1         | LANE_CMD_WAIT_EDGE veh=Merge_Car edge=34126779 lane=0 target=1 lane_count=1
traci-bridge-1         | LANE_CMD_STATE veh=Merge_Car edge=34126779 lane=0 target=1 lane_count=1 recently=False speed=7.08
traci-bridge-1         | LANE_CMD_WAIT_EDGE veh=Merge_Car edge=34126779 lane=0 target=1 lane_count=1
traci-bridge-1         | LANE_CMD_STATE veh=Merge_Car edge=34126779 lane=0 target=1 lane_count=1 recently=False speed=7.07
traci-bridge-1         | LANE_CMD_WAIT_EDGE veh=Merge_Car edge=34126779 lane=0 target=1 lane_count=1
traci-bridge-1         | LANE_CMD_STATE veh=Merge_Car edge=34126779 lane=0 target=1 lane_count=1 recently=False speed=7.06
traci-bridge-1         | LANE_CMD_WAIT_EDGE veh=Merge_Car edge=34126779 lane=0 target=1 lane_count=1
traci-bridge-1         | LANE_CMD_STATE veh=Merge_Car edge=34126779 lane=0 target=1 lane_count=1 recently=False speed=7.05
traci-bridge-1         | LANE_CMD_WAIT_EDGE veh=Merge_Car edge=34126779 lane=0 target=1 lane_count=1
traci-bridge-1         | LANE_CMD_STATE veh=Merge_Car edge=34126779 lane=0 target=1 lane_count=1 recently=False speed=7.04
traci-bridge-1         | LANE_CMD_WAIT_EDGE veh=Merge_Car edge=34126779 lane=0 target=1 lane_count=1
traci-bridge-1         | LANE_CMD_STATE veh=Merge_Car edge=34126779 lane=0 target=1 lane_count=1 recently=False speed=7.03
traci-bridge-1         | LANE_CMD_WAIT_EDGE veh=Merge_Car edge=34126779 lane=0 target=1 lane_count=1
traci-bridge-1         | LANE_CMD_STATE veh=Merge_Car edge=34126779 lane=0 target=1 lane_count=1 recently=False speed=7.02
traci-bridge-1         | LANE_CMD_WAIT_EDGE veh=Merge_Car edge=34126779 lane=0 target=1 lane_count=1
traci-bridge-1         | LANE_CMD_STATE veh=Merge_Car edge=34126779 lane=0 target=1 lane_count=1 recently=False speed=7.01
traci-bridge-1         | LANE_CMD_WAIT_EDGE veh=Merge_Car edge=34126779 lane=0 target=1 lane_count=1
traci-bridge-1         | LANE_CMD_STATE veh=Merge_Car edge=34126779 lane=0 target=1 lane_count=1 recently=False speed=7.00
traci-bridge-1         | LANE_CMD_WAIT_EDGE veh=Merge_Car edge=34126779 lane=0 target=1 lane_count=1
traci-bridge-1         | LANE_CMD_STATE veh=Merge_Car edge=34126779 lane=0 target=1 lane_count=1 recently=False speed=6.99
traci-bridge-1         | LANE_CMD_WAIT_EDGE veh=Merge_Car edge=34126779 lane=0 target=1 lane_count=1
traci-bridge-1         | LANE_CMD_STATE veh=Merge_Car edge=34126779 lane=0 target=1 lane_count=1 recently=False speed=6.98
traci-bridge-1         | LANE_CMD_WAIT_EDGE veh=Merge_Car edge=34126779 lane=0 target=1 lane_count=1
traci-bridge-1         | LANE_CMD_STATE veh=Merge_Car edge=34126779 lane=0 target=1 lane_count=1 recently=False speed=6.97
traci-bridge-1         | LANE_CMD_WAIT_EDGE veh=Merge_Car edge=34126779 lane=0 target=1 lane_count=1
traci-bridge-1         | LANE_CMD_STATE veh=Merge_Car edge=34126779 lane=0 target=1 lane_count=1 recently=False speed=6.96
traci-bridge-1         | LANE_CMD_WAIT_EDGE veh=Merge_Car edge=34126779 lane=0 target=1 lane_count=1
traci-bridge-1         | LANE_CMD_STATE veh=Merge_Car edge=34126779 lane=0 target=1 lane_count=1 recently=False speed=6.95
traci-bridge-1         | LANE_CMD_WAIT_EDGE veh=Merge_Car edge=34126779 lane=0 target=1 lane_count=1
traci-bridge-1         | LANE_CMD_STATE veh=Merge_Car edge=34126779 lane=0 target=1 lane_count=1 recently=False speed=6.71
traci-bridge-1         | LANE_CMD_WAIT_EDGE veh=Merge_Car edge=34126779 lane=0 target=1 lane_count=1
traci-bridge-1         | LANE_CMD_STATE veh=Merge_Car edge=34126779 lane=0 target=1 lane_count=1 recently=False speed=6.49
traci-bridge-1         | LANE_CMD_WAIT_EDGE veh=Merge_Car edge=34126779 lane=0 target=1 lane_count=1
traci-bridge-1         | LANE_CMD_STATE veh=Merge_Car edge=34126779 lane=0 target=1 lane_count=1 recently=False speed=6.50
traci-bridge-1         | LANE_CMD_WAIT_EDGE veh=Merge_Car edge=34126779 lane=0 target=1 lane_count=1
traci-bridge-1         | LANE_CMD_STATE veh=Merge_Car edge=34126779 lane=0 target=1 lane_count=1 recently=False speed=6.51
traci-bridge-1         | LANE_CMD_WAIT_EDGE veh=Merge_Car edge=34126779 lane=0 target=1 lane_count=1
traci-bridge-1         | LANE_CMD_STATE veh=Merge_Car edge=34126779 lane=0 target=1 lane_count=1 recently=False speed=6.52
traci-bridge-1         | LANE_CMD_WAIT_EDGE veh=Merge_Car edge=34126779 lane=0 target=1 lane_count=1
traci-bridge-1         | LANE_CMD_STATE veh=Merge_Car edge=34126779 lane=0 target=1 lane_count=1 recently=False speed=6.53
traci-bridge-1         | LANE_CMD_WAIT_EDGE veh=Merge_Car edge=34126779 lane=0 target=1 lane_count=1
traci-bridge-1         | LANE_CMD_STATE veh=Merge_Car edge=34126779 lane=0 target=1 lane_count=1 recently=False speed=6.54
traci-bridge-1         | LANE_CMD_WAIT_EDGE veh=Merge_Car edge=34126779 lane=0 target=1 lane_count=1
traci-bridge-1         | LANE_CMD_STATE veh=Merge_Car edge=34126779 lane=0 target=1 lane_count=1 recently=False speed=6.54
traci-bridge-1         | LANE_CMD_WAIT_EDGE veh=Merge_Car edge=34126779 lane=0 target=1 lane_count=1
traci-bridge-1         | LANE_CMD_STATE veh=Merge_Car edge=34126779 lane=0 target=1 lane_count=1 recently=False speed=6.55
traci-bridge-1         | LANE_CMD_WAIT_EDGE veh=Merge_Car edge=34126779 lane=0 target=1 lane_count=1
traci-bridge-1         | LANE_CMD_STATE veh=Merge_Car edge=34126779 lane=0 target=1 lane_count=1 recently=False speed=6.56
traci-bridge-1         | LANE_CMD_WAIT_EDGE veh=Merge_Car edge=34126779 lane=0 target=1 lane_count=1
traci-bridge-1         | LANE_CMD_STATE veh=Merge_Car edge=34126779 lane=0 target=1 lane_count=1 recently=False speed=6.56
traci-bridge-1         | LANE_CMD_WAIT_EDGE veh=Merge_Car edge=34126779 lane=0 target=1 lane_count=1
traci-bridge-1         | LANE_CMD_STATE veh=Merge_Car edge=34126779 lane=0 target=1 lane_count=1 recently=False speed=6.57
traci-bridge-1         | LANE_CMD_WAIT_EDGE veh=Merge_Car edge=34126779 lane=0 target=1 lane_count=1
traci-bridge-1         | LANE_CMD_STATE veh=Merge_Car edge=34126779 lane=0 target=1 lane_count=1 recently=False speed=6.58
traci-bridge-1         | LANE_CMD_WAIT_EDGE veh=Merge_Car edge=34126779 lane=0 target=1 lane_count=1
traci-bridge-1         | LANE_CMD_STATE veh=Merge_Car edge=34126779 lane=0 target=1 lane_count=1 recently=False speed=6.59
traci-bridge-1         | LANE_CMD_WAIT_EDGE veh=Merge_Car edge=34126779 lane=0 target=1 lane_count=1
traci-bridge-1         | LANE_CMD_STATE veh=Merge_Car edge=34126779 lane=0 target=1 lane_count=1 recently=False speed=6.59
traci-bridge-1         | LANE_CMD_WAIT_EDGE veh=Merge_Car edge=34126779 lane=0 target=1 lane_count=1
traci-bridge-1         | LANE_CMD_STATE veh=Merge_Car edge=34126779 lane=0 target=1 lane_count=1 recently=False speed=6.60
traci-bridge-1         | LANE_CMD_WAIT_EDGE veh=Merge_Car edge=34126779 lane=0 target=1 lane_count=1
traci-bridge-1         | LANE_CMD_STATE veh=Merge_Car edge=34126779 lane=0 target=1 lane_count=1 recently=False speed=6.61
traci-bridge-1         | LANE_CMD_WAIT_EDGE veh=Merge_Car edge=34126779 lane=0 target=1 lane_count=1
traci-bridge-1         | LANE_CMD_STATE veh=Merge_Car edge=34126779 lane=0 target=1 lane_count=1 recently=False speed=6.62
traci-bridge-1         | LANE_CMD_WAIT_EDGE veh=Merge_Car edge=34126779 lane=0 target=1 lane_count=1
traci-bridge-1         | LANE_CMD_STATE veh=Merge_Car edge=34126779 lane=0 target=1 lane_count=1 recently=False speed=6.62
traci-bridge-1         | LANE_CMD_WAIT_EDGE veh=Merge_Car edge=34126779 lane=0 target=1 lane_count=1
traci-bridge-1         | LANE_CMD_STATE veh=Merge_Car edge=34126779 lane=0 target=1 lane_count=1 recently=False speed=6.63
traci-bridge-1         | LANE_CMD_WAIT_EDGE veh=Merge_Car edge=34126779 lane=0 target=1 lane_count=1
traci-bridge-1         | LANE_CMD_STATE veh=Merge_Car edge=34126779 lane=0 target=1 lane_count=1 recently=False speed=6.64
traci-bridge-1         | LANE_CMD_WAIT_EDGE veh=Merge_Car edge=34126779 lane=0 target=1 lane_count=1
traci-bridge-1         | LANE_CMD_STATE veh=Merge_Car edge=34126779 lane=0 target=1 lane_count=1 recently=False speed=6.64
traci-bridge-1         | LANE_CMD_WAIT_EDGE veh=Merge_Car edge=34126779 lane=0 target=1 lane_count=1
traci-bridge-1         | LANE_CMD_STATE veh=Merge_Car edge=34126779 lane=0 target=1 lane_count=1 recently=False speed=6.65
traci-bridge-1         | LANE_CMD_WAIT_EDGE veh=Merge_Car edge=34126779 lane=0 target=1 lane_count=1
traci-bridge-1         | LANE_CMD_STATE veh=Merge_Car edge=34126779 lane=0 target=1 lane_count=1 recently=False speed=6.65
traci-bridge-1         | LANE_CMD_WAIT_EDGE veh=Merge_Car edge=34126779 lane=0 target=1 lane_count=1
traci-bridge-1         | LANE_CMD_STATE veh=Merge_Car edge=34126779 lane=0 target=1 lane_count=1 recently=False speed=6.66
traci-bridge-1         | LANE_CMD_WAIT_EDGE veh=Merge_Car edge=34126779 lane=0 target=1 lane_count=1
traci-bridge-1         | LANE_CMD_STATE veh=Merge_Car edge=34126779 lane=0 target=1 lane_count=1 recently=False speed=6.66
traci-bridge-1         | LANE_CMD_WAIT_EDGE veh=Merge_Car edge=34126779 lane=0 target=1 lane_count=1
traci-bridge-1         | LANE_CMD_STATE veh=Merge_Car edge=34126779 lane=0 target=1 lane_count=1 recently=False speed=6.67
traci-bridge-1         | LANE_CMD_WAIT_EDGE veh=Merge_Car edge=34126779 lane=0 target=1 lane_count=1
traci-bridge-1         | LANE_CMD_STATE veh=Merge_Car edge=34126779 lane=0 target=1 lane_count=1 recently=False speed=6.67
traci-bridge-1         | LANE_CMD_WAIT_EDGE veh=Merge_Car edge=34126779 lane=0 target=1 lane_count=1
traci-bridge-1         | LANE_CMD_STATE veh=Merge_Car edge=34126779 lane=0 target=1 lane_count=1 recently=False speed=6.67
obu-ramp-merge-3-1     | MCM_REQUEST_RETRY_DIAG: vehicle=Ramp_Merge_3 host=105 lead=104 manoeuvre=65 retry_count=2 pending_age=1.0 dtm=90.7 own_eta=13.38 host_eta_current=14.943527168301637 host_eta_at_request=15.454770844577212 lead_eta_current=8.132256616526357 lead_eta_at_request=8.943312282420807 last_response_action=None last_response_age=None host_remote_fsm=YIELDING host_remote_edge=560761994 host_remote_lane=0 host_remote_merge_committed=False host_remote_merge_completed=False host_remote_active_merge_request=True host_remote_active_station_id=109 host_remote_active_manoeuvre_id=65 host_remote_active_remaining_s=4.0
obu-ramp-merge-3-1     | MERGE_SLOT_QUALITY_DIAG: vehicle=Ramp_Merge_3 event=REQUEST_RETRY t=9.3 manoeuvre=65 source=retry_request lead=104 host=105 own_eta=13.38 lead_eta=8.94 host_eta=14.94 min_eta=10.44 max_eta=13.44 desired_eta=13.38 gap_possible=True dtm=90.7 edge=34126779 lane=0 speed=6.77 lead_speed=8.03 host_speed=6.76 lead_gap=71.05 host_gap=91.46 lead_gap_t1=71.05 lead_gap_t2=71.05 lead_gap_t3=71.05 host_gap_t1=91.45 host_gap_t2=91.43 host_gap_t3=91.42 rel_to_lead=-1.26 rel_to_host=0.01 lead_lat=27.05 host_lat=2.27 pending=True accepted=False authorized=False committed=False pending_age=1.00 accepted_age=None lane_cmd_state=NONE lane_cmd_target=None
obu-ramp-merge-2-1     | MERGE_SLOT_SKIP_BUSY_HOST: skipped_host=105 busy_for=109 remaining=4.0 next_host=106 lead=104 own_eta=11.00
obu-ramp-merge-3-1     | [9.3] Ramp_Merge_3 MCM_TX_REQUEST: manoeuvre=65 target=105
obu-ramp-merge-2-1     | [9.3] Ramp_Merge_2 MERGE_DECISION: auth=True phys=False fgok=True lgok=True hgok=True cok=True esok=True cready=False dtm=71.1 past=False committed=False hid=105 ra=2 lclear=True hyok=True
obu-ramp-merge-2-1     | [9.3] Ramp_Merge_2 MERGE_PREPARE_WAIT_PHYSICAL: dtm=71.1
obu-ramp-merge-2-1     | [9.3] Ramp_Merge_2 role=merge state=NEGOTIATING->NEGOTIATING speed=6.46 target=6.38 neighbors=11
obu-ramp-merge-3-1     | [9.3] Ramp_Merge_3 MERGE_DECISION: auth=False phys=False fgok=True lgok=True hgok=True cok=True esok=True cready=False dtm=90.7 past=False committed=False hid=105 ra=None lclear=True hyok=False
obu-ramp-merge-3-1     | [9.3] Ramp_Merge_3 role=merge state=NEGOTIATING->NEGOTIATING speed=6.77 target=6.75 neighbors=11
obu-ramp-merge-4-1     | [9.3] Ramp_Merge_4 role=merge state=YIELDING->YIELDING speed=6.93 target=6.68 neighbors=11
obu-ramp-merge-5-1     | [9.3] Ramp_Merge_5 role=merge state=YIELDING->YIELDING speed=6.65 target=6.40 neighbors=11
obu-ramp-back-1        | [9.3] Ramp_Back CAR_FOLLOW: sid=111 edge=34126779 lane=0 leader_edge= leader_lane=None leader_role_hint=ramp self_merge_completed=False self_merge_completed_age=-1.0 self_merge_committed=False lane_cmd_state=None lane_cmd_edge=None lane_cmd_target=None lane_cmd_executable=None same_lane=True reason=same_lane_cam gap=11.1 follow_spd=5.17 emergency=False target_before=6.008407836426709 target_after=6.008407836426709 target_after_raw=5.17
obu-ramp-back-1        | [9.3] Ramp_Back role=merge state=YIELDING->YIELDING speed=6.26 target=6.01 neighbors=11
obu-main-back-left-1   | HOST_RESERVATION_HOLD: host=Main_Back_Left ramp=109 manoeuvre=65 remaining=3.8 own_speed=6.95 target_speed=5.39 ramp_fsm=NEGOTIATING ramp_lane_cmd_state=NONE ramp_edge=34126779 ramp_lane=0 ramp_merge_completed=False ramp_merge_committed=False
obu-main-back-left-1   | [9.2] Main_Back_Left HOST_HOLD_YIELD: for merge=109 spd=5.39
obu-main-back-left-1   | [9.2] Main_Back_Left role=host state=YIELDING->YIELDING speed=6.95 target=5.39 neighbors=11
obu-ramp-merge-2-1     | [9.5] Ramp_Merge_2 MCM_ACCEPT_STALE: host=105 manoeuvre=34
obu-ramp-merge-3-1     | [9.5] Ramp_Merge_3 FINAL_GUARD: REJECTED slot-boundary ETA sid=105
obu-ramp-merge-2-1     | [9.5] Ramp_Merge_2 MERGE_DECISION: auth=True phys=False fgok=True lgok=True hgok=True cok=True esok=True cready=False dtm=70.1 past=False committed=False hid=105 ra=2 lclear=True hyok=True
obu-ramp-merge-3-1     | [9.5] Ramp_Merge_3 MERGE_DECISION: auth=False phys=False fgok=False lgok=True hgok=False cok=True esok=True cready=False dtm=89.9 past=False committed=False hid=105 ra=None lclear=True hyok=False
obu-ramp-merge-2-1     | [9.5] Ramp_Merge_2 MERGE_PREPARE_WAIT_PHYSICAL: dtm=70.1
obu-ramp-merge-3-1     | [9.5] Ramp_Merge_3 MCM_RX_ACCEPT: from=105 manoeuvre=65 target=109
obu-main-back-left-1   | [9.6] Main_Back_Left MCM_RX_REQUEST: from=109 manoeuvre=65 target=105
obu-main-back-left-1   | [9.6] Main_Back_Left MCM_RX_REQUEST: from=109 manoeuvre=65 target=105
obu-lead-car-1         | [9.6] Lead_Car role=cruise state=CRUISE->CRUISE speed=7.54 target=7.50 neighbors=11
obu-merge-car-1        | [9.5] Merge_Car MERGE_PREPARE_WAIT_LANE_AVAILABLE: edge=34126779 lane=0 target_lane=1 lane_count=1 executable=False dtm=35.2 speed=6.68 host=104 lead=103
obu-merge-car-1        | [9.5] Merge_Car role=merge state=NEGOTIATING->NEGOTIATING speed=6.68 target=6.75 neighbors=11
obu-merge-car-1        | [9.5] Merge_Car MCM_RX_ACCEPT: from=104 manoeuvre=3 target=107
obu-main-front-left-1  | [9.6] Main_Front_Left role=cruise state=CRUISE->CRUISE speed=7.75 target=7.50 neighbors=11
obu-main-back-left-1   | HOST_RESERVATION_HOLD: host=Main_Back_Left ramp=109 manoeuvre=65 remaining=3.3 own_speed=6.60 target_speed=5.39 ramp_fsm=NEGOTIATING ramp_lane_cmd_state=NONE ramp_edge=34126779 ramp_lane=0 ramp_merge_completed=False ramp_merge_committed=False
obu-main-back-left-1   | [9.7] Main_Back_Left HOST_HOLD_YIELD: for merge=109 spd=5.39
obu-main-back-left-1   | [9.7] Main_Back_Left MCM_TX_ACCEPT: manoeuvre=65 target=109
obu-host-car-1         | HOST_RESERVATION_HOLD: host=Host_Car ramp=107 manoeuvre=3 remaining=1.7 own_speed=8.03 target_speed=8.04 ramp_fsm=NEGOTIATING ramp_lane_cmd_state=WAIT_EDGE ramp_edge=34126779 ramp_lane=0 ramp_merge_completed=False ramp_merge_committed=True
obu-host-car-1         | [9.6] Host_Car HOST_HOLD_YIELD: for merge=107 spd=8.04
obu-host-car-1         | [9.6] Host_Car MCM_TX_ACCEPT: manoeuvre=3 target=107
obu-host-car-1         | [9.6] Host_Car role=host state=YIELDING->YIELDING speed=8.03 target=8.04 neighbors=11
obu-main-back-right-1  | [9.9] Main_Back_Right role=host state=CRUISE->CRUISE speed=7.51 target=7.50 neighbors=11
obu-ramp-merge-3-1     | [10.1] Ramp_Merge_3 MCM_RX_ACCEPT: from=105 manoeuvre=65 target=109
obu-merge-car-1        | [10.1] Merge_Car MCM_RX_ACCEPT: from=104 manoeuvre=3 target=107
obu-main-mid-right-1   | [10.2] Main_Mid_Right role=lead state=CRUISE->CRUISE speed=7.78 target=7.78 neighbors=11
obu-main-back-left-1   | HOST_RESERVATION_HOLD: host=Main_Back_Left ramp=109 manoeuvre=65 remaining=2.8 own_speed=6.33 target_speed=5.39 ramp_fsm=NEGOTIATING ramp_lane_cmd_state=NONE ramp_edge=34126779 ramp_lane=0 ramp_merge_completed=False ramp_merge_committed=False
obu-main-back-left-1   | [10.2] Main_Back_Left HOST_HOLD_YIELD: for merge=109 spd=5.39
obu-main-back-left-1   | [10.2] Main_Back_Left MCM_TX_ACCEPT: manoeuvre=65 target=109
obu-main-back-left-1   | [10.2] Main_Back_Left role=host state=YIELDING->YIELDING speed=6.33 target=5.39 neighbors=11
obu-ramp-merge-2-1     | [10.2] Ramp_Merge_2 MERGE_DECISION: auth=True phys=True fgok=True lgok=True hgok=True cok=True esok=True cready=True dtm=66.4 past=False committed=False hid=105 ra=2 lclear=True hyok=True
obu-ramp-merge-2-1     | [10.2] Ramp_Merge_2 MERGE_PREPARE_WAIT_LANE_AVAILABLE: edge=None lane=None target_lane=None lane_count=None executable=None dtm=66.4 speed=6.43 host=105 lead=104
obu-ramp-merge-3-1     | MCM_REQUEST_RETRY_DIAG: vehicle=Ramp_Merge_3 host=105 lead=104 manoeuvre=65 retry_count=3 pending_age=1.9 dtm=87.3 own_eta=12.82 host_eta_current=13.26545795463719 host_eta_at_request=15.454770844577212 lead_eta_current=7.2318657862650095 lead_eta_at_request=8.943312282420807 last_response_action=2 last_response_age=0.09999999999999964 host_remote_fsm=YIELDING host_remote_edge=560761994 host_remote_lane=0 host_remote_merge_committed=False host_remote_merge_completed=False host_remote_active_merge_request=True host_remote_active_station_id=109 host_remote_active_manoeuvre_id=65 host_remote_active_remaining_s=3.3000000000000007
obu-ramp-merge-3-1     | MERGE_SLOT_QUALITY_DIAG: vehicle=Ramp_Merge_3 event=REQUEST_RETRY t=10.2 manoeuvre=65 source=retry_request lead=104 host=105 own_eta=12.82 lead_eta=8.94 host_eta=13.27 min_eta=10.44 max_eta=11.77 desired_eta=11.77 gap_possible=True dtm=87.3 edge=34126779 lane=0 speed=6.81 lead_speed=8.03 host_speed=7.00 lead_gap=65.48 host_gap=80.07 lead_gap_t1=65.48 lead_gap_t2=65.48 lead_gap_t3=65.48 host_gap_t1=80.07 host_gap_t2=80.07 host_gap_t3=80.07 rel_to_lead=-1.22 rel_to_host=-0.19 lead_lat=20.13 host_lat=11.45 pending=True accepted=False authorized=False committed=False pending_age=1.90 accepted_age=None lane_cmd_state=NONE lane_cmd_target=None
obu-host-car-1         | HOST_RESERVATION_HOLD: host=Host_Car ramp=107 manoeuvre=3 remaining=1.1 own_speed=8.04 target_speed=8.04 ramp_fsm=NEGOTIATING ramp_lane_cmd_state=WAIT_EDGE ramp_edge=34126779 ramp_lane=0 ramp_merge_completed=False ramp_merge_committed=True
obu-host-car-1         | [10.2] Host_Car HOST_HOLD_YIELD: for merge=107 spd=8.04
obu-ramp-merge-3-1     | [10.2] Ramp_Merge_3 MCM_TX_REQUEST: manoeuvre=65 target=105
obu-ramp-merge-3-1     | MERGE_ATTEMPT_TIMELINE: vehicle=Ramp_Merge_3 manoeuvre=65 host=105 lead=104 event=ACCEPT_MATCHED t=10.2 edge=34126779 lane=0 lane_cmd_state=NONE speed=6.81 target=6.75 dtm=87.3 lead_gap=65.48 host_gap=80.07 lead_gap_t1=65.48 lead_gap_t2=65.48 lead_gap_t3=65.48 host_gap_t1=80.07 host_gap_t2=80.07 host_gap_t3=80.07
obu-host-car-1         | [10.2] Host_Car MCM_TX_ACCEPT: manoeuvre=3 target=107
obu-ramp-merge-3-1     | MERGE_SLOT_QUALITY_DIAG: vehicle=Ramp_Merge_3 event=ACCEPT_MATCHED t=10.2 manoeuvre=65 source=accept_matched lead=104 host=105 own_eta=12.82 lead_eta=8.94 host_eta=13.27 min_eta=10.44 max_eta=11.77 desired_eta=11.77 gap_possible=True dtm=87.3 edge=34126779 lane=0 speed=6.81 lead_speed=8.03 host_speed=7.00 lead_gap=65.48 host_gap=80.07 lead_gap_t1=65.48 lead_gap_t2=65.48 lead_gap_t3=65.48 host_gap_t1=80.07 host_gap_t2=80.07 host_gap_t3=80.07 rel_to_lead=-1.22 rel_to_host=-0.19 lead_lat=20.13 host_lat=11.45 pending=True accepted=False authorized=False committed=False pending_age=1.90 accepted_age=None lane_cmd_state=NONE lane_cmd_target=None
obu-ramp-merge-3-1     | [10.2] Ramp_Merge_3 MCM_ACCEPT_MATCHED: host=105 manoeuvre=65
obu-ramp-merge-3-1     | [10.2] Ramp_Merge_3 FINAL_GUARD: REJECTED slot-boundary ETA sid=105
obu-main-back-left-1   | HOST_RESERVATION_HOLD: host=Main_Back_Left ramp=109 manoeuvre=65 remaining=2.7 own_speed=6.28 target_speed=5.39 ramp_fsm=NEGOTIATING ramp_lane_cmd_state=NONE ramp_edge=34126779 ramp_lane=0 ramp_merge_completed=False ramp_merge_committed=False
obu-main-back-left-1   | [10.3] Main_Back_Left HOST_HOLD_YIELD: for merge=109 spd=5.39
obu-host-car-1         | HOST_RESERVATION_HOLD: host=Host_Car ramp=107 manoeuvre=3 remaining=1.0 own_speed=8.04 target_speed=8.04 ramp_fsm=NEGOTIATING ramp_lane_cmd_state=WAIT_EDGE ramp_edge=34126779 ramp_lane=0 ramp_merge_completed=False ramp_merge_committed=True
obu-host-car-1         | [10.3] Host_Car HOST_HOLD_YIELD: for merge=107 spd=8.04
obu-host-car-1         | HOST_RESERVATION_HOLD: host=Host_Car ramp=107 manoeuvre=3 remaining=0.8 own_speed=8.04 target_speed=8.04 ramp_fsm=NEGOTIATING ramp_lane_cmd_state=WAIT_EDGE ramp_edge=34126779 ramp_lane=0 ramp_merge_completed=False ramp_merge_committed=True
obu-host-car-1         | [10.5] Host_Car HOST_HOLD_YIELD: for merge=107 spd=8.04
obu-host-car-1         | [10.5] Host_Car MCM_TX_ACCEPT: manoeuvre=3 target=107
obu-ramp-merge-2-1     | [10.4] Ramp_Merge_2 MERGE_LANE_WAIT_EDGE_CONFIRMED: edge=34126779 lane=0 target_lane=1 lane_count=1 executable=False
obu-ramp-merge-3-1     | [10.6] Ramp_Merge_3 MCM_RX_ACCEPT: from=105 manoeuvre=65 target=109
obu-merge-car-1        | [10.6] Merge_Car MCM_RX_ACCEPT: from=104 manoeuvre=3 target=107
obu-main-front-left-1  | [10.7] Main_Front_Left role=cruise state=CRUISE->CRUISE speed=7.64 target=7.50 neighbors=11
obu-main-back-left-1   | [10.7] Main_Back_Left MCM_RX_REQUEST: from=109 manoeuvre=65 target=105
obu-merge-car-1        | [10.7] Merge_Car MCM_RX_ACCEPT: from=104 manoeuvre=3 target=107
obu-ramp-merge-5-1     | [10.6] Ramp_Merge_5 role=merge state=YIELDING->YIELDING speed=6.51 target=6.26 neighbors=11
obu-ramp-merge-2-1     | [10.6] Ramp_Merge_2 MERGE_PREPARE_WAIT_LANE_AVAILABLE: edge=34126779 lane=0 target_lane=1 lane_count=1 executable=False dtm=64.4 speed=6.44 host=105 lead=104
obu-ramp-merge-2-1     | MERGE_ATTEMPT_TIMELINE: vehicle=Ramp_Merge_2 manoeuvre=34 host=105 lead=104 event=WAIT_EDGE t=10.6 edge=34126779 lane=0 lane_cmd_state=WAIT_EDGE speed=6.44 target=6.75 dtm=64.4 lead_gap=34.25 host_gap=26.10 lead_gap_t1=34.25 lead_gap_t2=34.25 lead_gap_t3=34.25 host_gap_t1=25.93 host_gap_t2=25.76 host_gap_t3=25.58
obu-main-back-left-1   | HOST_RESERVATION_HOLD: host=Main_Back_Left ramp=109 manoeuvre=65 remaining=2.3 own_speed=6.11 target_speed=5.39 ramp_fsm=NEGOTIATING ramp_lane_cmd_state=NONE ramp_edge=34126779 ramp_lane=0 ramp_merge_completed=False ramp_merge_committed=False
obu-main-back-left-1   | [10.7] Main_Back_Left HOST_HOLD_YIELD: for merge=109 spd=5.39
obu-ramp-merge-2-1     | [10.6] Ramp_Merge_2 role=merge state=NEGOTIATING->NEGOTIATING speed=6.44 target=6.62 neighbors=11
obu-ramp-merge-4-1     | [10.6] Ramp_Merge_4 role=merge state=CRUISE->YIELDING speed=6.81 target=6.56 neighbors=11
obu-main-back-left-1   | [10.7] Main_Back_Left MCM_TX_ACCEPT: manoeuvre=65 target=109
obu-ramp-merge-3-1     | [10.6] Ramp_Merge_3 role=merge state=NEGOTIATING->NEGOTIATING speed=6.75 target=6.38 neighbors=11
obu-host-car-1         | HOST_RESERVATION_HOLD: host=Host_Car ramp=107 manoeuvre=3 remaining=0.6 own_speed=8.04 target_speed=8.04 ramp_fsm=NEGOTIATING ramp_lane_cmd_state=WAIT_EDGE ramp_edge=34126779 ramp_lane=0 ramp_merge_completed=False ramp_merge_committed=True
obu-host-car-1         | [10.7] Host_Car HOST_HOLD_YIELD: for merge=107 spd=8.04
obu-host-car-1         | [10.7] Host_Car role=host state=YIELDING->YIELDING speed=8.04 target=8.04 neighbors=11
obu-lead-car-1         | [10.7] Lead_Car role=cruise state=CRUISE->CRUISE speed=7.53 target=7.50 neighbors=11
obu-ramp-back-1        | [10.6] Ramp_Back role=merge state=YIELDING->YIELDING speed=6.12 target=5.87 neighbors=11
obu-merge-car-1        | [10.7] Merge_Car MERGE_PREPARE_WAIT_LANE_AVAILABLE: edge=34126779 lane=0 target_lane=1 lane_count=1 executable=False dtm=27.3 speed=6.71 host=104 lead=103
obu-merge-car-1        | [10.7] Merge_Car CAR_FOLLOW: sid=102 edge=34126779 lane=0 leader_edge= leader_lane=None leader_role_hint=main self_merge_completed=False self_merge_completed_age=-1.0 self_merge_committed=True lane_cmd_state=WAIT_EDGE lane_cmd_edge=34126779 lane_cmd_target=1 lane_cmd_executable=False same_lane=False reason=merge_conflict_eta gap=0.4 follow_spd=5.32 emergency=False target_before=6.75 target_after=6.461100995704723 target_after_raw=5.32
obu-merge-car-1        | [10.7] Merge_Car role=merge state=NEGOTIATING->NEGOTIATING speed=6.71 target=6.46 neighbors=11
obu-main-back-left-1   | HOST_RESERVATION_HOLD: host=Main_Back_Left ramp=109 manoeuvre=65 remaining=2.2 own_speed=6.08 target_speed=5.39 ramp_fsm=NEGOTIATING ramp_lane_cmd_state=NONE ramp_edge=34126779 ramp_lane=0 ramp_merge_completed=False ramp_merge_committed=False
obu-main-back-left-1   | [10.8] Main_Back_Left HOST_HOLD_YIELD: for merge=109 spd=5.39
obu-host-car-1         | HOST_RESERVATION_HOLD: host=Host_Car ramp=107 manoeuvre=3 remaining=0.5 own_speed=8.04 target_speed=8.04 ramp_fsm=NEGOTIATING ramp_lane_cmd_state=WAIT_EDGE ramp_edge=34126779 ramp_lane=0 ramp_merge_completed=False ramp_merge_committed=True
obu-host-car-1         | [10.8] Host_Car HOST_HOLD_YIELD: for merge=107 spd=8.04
obu-host-car-1         | [10.8] Host_Car MCM_TX_ACCEPT: manoeuvre=3 target=107
obu-merge-car-1        | [10.8] Merge_Car CAR_FOLLOW: sid=102 edge=34126779 lane=0 leader_edge= leader_lane=None leader_role_hint=main self_merge_completed=False self_merge_completed_age=-1.0 self_merge_committed=True lane_cmd_state=WAIT_EDGE lane_cmd_edge=34126779 lane_cmd_target=1 lane_cmd_executable=False same_lane=False reason=merge_conflict_eta gap=0.3 follow_spd=5.19 emergency=False target_before=6.75 target_after=6.463045945919487 target_after_raw=5.19
obu-ramp-merge-3-1     | [11.1] Ramp_Merge_3 MERGE_LCLEAR_BLOCK: sid=103 gap=5.5 neighbor_age=0.0 from_memory=False dtm=83.6
obu-ramp-merge-3-1     | MERGE_SLOT_QUALITY_DIAG: vehicle=Ramp_Merge_3 event=ACCEPTED_WAIT_SLOT_VALID t=11.1 manoeuvre=65 source=pending_request lead=103 host=105 own_eta=12.54 lead_eta=0.98 host_eta=14.17 min_eta=2.48 max_eta=12.67 desired_eta=12.54 gap_possible=True dtm=83.6 edge=34126779 lane=0 speed=6.67 lead_speed=7.78 host_speed=6.11 lead_gap=47.53 host_gap=69.64 lead_gap_t1=47.53 lead_gap_t2=47.53 lead_gap_t3=47.53 host_gap_t1=69.09 host_gap_t2=68.53 host_gap_t3=67.97 rel_to_lead=-1.11 rel_to_host=0.56 lead_lat=58.31 host_lat=17.59 pending=True accepted=True authorized=False committed=False pending_age=2.80 accepted_age=0.00 lane_cmd_state=NONE lane_cmd_target=None
obu-ramp-merge-3-1     | [11.1] Ramp_Merge_3 MERGE_ACCEPTED_WAIT_SLOT_VALID: reason=lclear=False
obu-ramp-merge-3-1     | [11.1] Ramp_Merge_3 MERGE_DECISION: auth=False phys=False fgok=True lgok=True hgok=True cok=True esok=True cready=False dtm=83.6 past=False committed=False hid=105 ra=2 lclear=False hyok=True
obu-merge-car-1        | [11.2] Merge_Car MCM_RX_ACCEPT: from=104 manoeuvre=3 target=107
obu-ramp-merge-3-1     | [11.2] Ramp_Merge_3 MCM_RX_ACCEPT: from=105 manoeuvre=65 target=109
obu-main-back-right-1  | [11.2] Main_Back_Right role=host state=CRUISE->CRUISE speed=7.50 target=7.50 neighbors=11
obu-merge-car-1        | [11.2] Merge_Car CAR_FOLLOW: sid=103 edge=34126779 lane=0 leader_edge= leader_lane=None leader_role_hint=main self_merge_completed=False self_merge_completed_age=-1.0 self_merge_committed=True lane_cmd_state=WAIT_EDGE lane_cmd_edge=34126779 lane_cmd_target=1 lane_cmd_executable=False same_lane=True reason=same_lane_cam gap=12.1 follow_spd=6.34 emergency=False target_before=6.75 target_after=6.42888610414691 target_after_raw=6.34
obu-main-mid-right-1   | [11.2] Main_Mid_Right role=lead state=CRUISE->CRUISE speed=7.78 target=7.78 neighbors=11
obu-main-back-left-1   | HOST_RESERVATION_HOLD: host=Main_Back_Left ramp=109 manoeuvre=65 remaining=1.7 own_speed=5.92 target_speed=5.39 ramp_fsm=NEGOTIATING ramp_lane_cmd_state=NONE ramp_edge=34126779 ramp_lane=0 ramp_merge_completed=False ramp_merge_committed=False
obu-main-back-left-1   | [11.3] Main_Back_Left HOST_HOLD_YIELD: for merge=109 spd=5.39
obu-main-back-left-1   | [11.3] Main_Back_Left MCM_TX_ACCEPT: manoeuvre=65 target=109
obu-main-back-left-1   | [11.3] Main_Back_Left role=host state=YIELDING->YIELDING speed=5.92 target=5.39 neighbors=11
obu-ramp-merge-3-1     | MERGE_ATTEMPT_TIMELINE: vehicle=Ramp_Merge_3 manoeuvre=65 host=105 lead=104 event=AUTHORIZED t=11.3 edge=34126779 lane=0 lane_cmd_state=NONE speed=6.64 target=6.38 dtm=82.8 lead_gap=58.83 host_gap=66.90 lead_gap_t1=58.83 lead_gap_t2=58.83 lead_gap_t3=58.83 host_gap_t1=66.26 host_gap_t2=65.62 host_gap_t3=64.98
obu-ramp-merge-3-1     | MERGE_SLOT_QUALITY_DIAG: vehicle=Ramp_Merge_3 event=AUTHORIZED t=11.3 manoeuvre=65 source=pending_request lead=104 host=105 own_eta=12.46 lead_eta=6.03 host_eta=14.42 min_eta=7.53 max_eta=12.92 desired_eta=12.46 gap_possible=True dtm=82.8 edge=34126779 lane=0 speed=6.64 lead_speed=8.03 host_speed=6.00 lead_gap=58.83 host_gap=66.90 lead_gap_t1=58.83 lead_gap_t2=58.83 lead_gap_t3=58.83 host_gap_t1=66.26 host_gap_t2=65.62 host_gap_t3=64.98 rel_to_lead=-1.39 rel_to_host=0.64 lead_lat=14.49 host_lat=22.77 pending=True accepted=True authorized=True committed=False pending_age=3.00 accepted_age=0.00 lane_cmd_state=NONE lane_cmd_target=None
obu-ramp-merge-3-1     | [11.3] Ramp_Merge_3 MERGE_AUTHORIZED_BY_MCM: host=105 manoeuvre=65
obu-ramp-merge-3-1     | [11.3] Ramp_Merge_3 MERGE_DECISION: auth=True phys=False fgok=True lgok=True hgok=True cok=True esok=True cready=False dtm=82.8 past=False committed=False hid=105 ra=2 lclear=True hyok=True
obu-ramp-merge-3-1     | [11.3] Ramp_Merge_3 MERGE_PREPARE_WAIT_PHYSICAL: dtm=82.8
obu-merge-car-1        | [11.3] Merge_Car CAR_FOLLOW: sid=103 edge=34126779 lane=0 leader_edge= leader_lane=None leader_role_hint=main self_merge_completed=False self_merge_completed_age=-1.0 self_merge_committed=True lane_cmd_state=WAIT_EDGE lane_cmd_edge=34126779 lane_cmd_target=1 lane_cmd_executable=False same_lane=True reason=same_lane_cam gap=11.4 follow_spd=5.55 emergency=False target_before=6.75 target_after=6.418094096235539 target_after_raw=5.55
obu-host-car-1         | HOST_RESERVATION_HOLD: host=Host_Car ramp=107 manoeuvre=3 remaining=0.0 own_speed=8.04 target_speed=8.04 ramp_fsm=NEGOTIATING ramp_lane_cmd_state=WAIT_EDGE ramp_edge=34126779 ramp_lane=0 ramp_merge_completed=False ramp_merge_committed=True
obu-host-car-1         | [11.3] Host_Car HOST_HOLD_YIELD: for merge=107 spd=8.04
obu-host-car-1         | [11.3] Host_Car MCM_TX_ACCEPT: manoeuvre=3 target=107
obu-merge-car-1        | [11.5] Merge_Car CAR_FOLLOW: sid=103 edge=34126779 lane=0 leader_edge= leader_lane=None leader_role_hint=main self_merge_completed=False self_merge_completed_age=-1.0 self_merge_committed=True lane_cmd_state=WAIT_EDGE lane_cmd_edge=34126779 lane_cmd_target=1 lane_cmd_executable=False same_lane=True reason=same_lane_cam gap=10.1 follow_spd=3.86 emergency=False target_before=6.75 target_after=6.396393909491095 target_after_raw=3.86
obu-host-car-1         | HOST_RESERVATION_RELEASE_MAX_TIMEOUT: host=Host_Car ramp=107 manoeuvre=3 duration=10.2 ramp_fsm=NEGOTIATING ramp_lcs=WAIT_EDGE ramp_edge=34126779 ramp_merge_completed=False
obu-host-car-1         | [11.7] Host_Car role=host state=CRUISE->CRUISE speed=8.04 target=7.50 neighbors=10
obu-ramp-back-1        | [11.7] Ramp_Back role=merge state=YIELDING->YIELDING speed=6.00 target=5.75 neighbors=11
obu-merge-car-1        | [11.7] Merge_Car MERGE_PREPARE_WAIT_LANE_AVAILABLE: edge=34126779 lane=0 target_lane=1 lane_count=1 executable=False dtm=20.7 speed=6.62 host=104 lead=103
obu-merge-car-1        | [11.7] Merge_Car CAR_FOLLOW: sid=103 edge=34126779 lane=0 leader_edge= leader_lane=None leader_role_hint=main self_merge_completed=False self_merge_completed_age=-1.0 self_merge_committed=True lane_cmd_state=WAIT_EDGE lane_cmd_edge=34126779 lane_cmd_target=1 lane_cmd_executable=False same_lane=True reason=same_lane_cam gap=8.7 follow_spd=2.62 emergency=False target_before=6.75 target_after=6.373049668361456 target_after_raw=2.62
obu-merge-car-1        | [11.7] Merge_Car role=merge state=NEGOTIATING->NEGOTIATING speed=6.62 target=6.37 neighbors=11
obu-main-front-left-1  | [11.8] Main_Front_Left role=cruise state=CRUISE->CRUISE speed=7.58 target=7.50 neighbors=10
obu-merge-car-1        | [11.7] Merge_Car MCM_RX_ACCEPT: from=104 manoeuvre=3 target=107
obu-ramp-merge-2-1     | [11.7] Ramp_Merge_2 MERGE_PREPARE_WAIT_LANE_AVAILABLE: edge=34126779 lane=0 target_lane=1 lane_count=1 executable=False dtm=58.3 speed=6.53 host=105 lead=104
obu-ramp-merge-2-1     | [11.7] Ramp_Merge_2 role=merge state=NEGOTIATING->NEGOTIATING speed=6.53 target=6.71 neighbors=10
obu-ramp-merge-5-1     | [11.7] Ramp_Merge_5 role=merge state=YIELDING->YIELDING speed=6.40 target=6.15 neighbors=11
obu-ramp-merge-4-1     | [11.7] Ramp_Merge_4 role=merge state=CRUISE->CRUISE speed=6.74 target=6.75 neighbors=11
obu-main-back-left-1   | HOST_RESERVATION_HOLD: host=Main_Back_Left ramp=109 manoeuvre=65 remaining=1.3 own_speed=5.82 target_speed=5.39 ramp_fsm=NEGOTIATING ramp_lane_cmd_state=NONE ramp_edge=34126779 ramp_lane=0 ramp_merge_completed=False ramp_merge_committed=False
obu-main-back-left-1   | [11.7] Main_Back_Left HOST_HOLD_YIELD: for merge=109 spd=5.39
obu-main-back-left-1   | [11.7] Main_Back_Left MCM_TX_ACCEPT: manoeuvre=65 target=109
obu-ramp-merge-3-1     | [11.7] Ramp_Merge_3 MERGE_DECISION: auth=True phys=False fgok=True lgok=True hgok=True cok=True esok=True cready=False dtm=81.0 past=False committed=False hid=105 ra=2 lclear=True hyok=True
obu-ramp-merge-3-1     | [11.7] Ramp_Merge_3 MERGE_PREPARE_WAIT_PHYSICAL: dtm=81.0
obu-ramp-merge-3-1     | [11.7] Ramp_Merge_3 role=merge state=NEGOTIATING->NEGOTIATING speed=6.59 target=6.38 neighbors=10
obu-ramp-merge-3-1     | [11.7] Ramp_Merge_3 MCM_RX_ACCEPT: from=105 manoeuvre=65 target=109
obu-lead-car-1         | [11.8] Lead_Car role=cruise state=CRUISE->CRUISE speed=7.51 target=7.50 neighbors=11
obu-ramp-merge-4-1     | [11.8] Ramp_Merge_4 FINAL_GUARD: REJECTED slot-boundary ETA sid=105
obu-ramp-merge-4-1     | [11.8] Ramp_Merge_4 MERGE_LCLEAR_BLOCK: sid=105 gap=0.5 neighbor_age=0.1 from_memory=False dtm=94.9
obu-ramp-merge-4-1     | [11.8] Ramp_Merge_4 MERGE_DECISION: auth=False phys=False fgok=False lgok=False hgok=True cok=True esok=True cready=False dtm=94.9 past=False committed=False hid=None ra=None lclear=False hyok=True
obu-main-back-left-1   | HOST_RESERVATION_HOLD: host=Main_Back_Left ramp=109 manoeuvre=65 remaining=1.2 own_speed=5.80 target_speed=5.39 ramp_fsm=NEGOTIATING ramp_lane_cmd_state=NONE ramp_edge=34126779 ramp_lane=0 ramp_merge_completed=False ramp_merge_committed=False
obu-main-back-left-1   | [11.8] Main_Back_Left HOST_HOLD_YIELD: for merge=109 spd=5.39
obu-ramp-merge-3-1     | [11.8] Ramp_Merge_3 MERGE_DECISION: auth=True phys=False fgok=True lgok=True hgok=True cok=True esok=True cready=False dtm=80.6 past=False committed=False hid=105 ra=2 lclear=True hyok=True
obu-ramp-merge-3-1     | [11.8] Ramp_Merge_3 MERGE_PREPARE_WAIT_PHYSICAL: dtm=80.6
obu-main-back-left-1   | HOST_RESERVATION_HOLD: host=Main_Back_Left ramp=109 manoeuvre=65 remaining=1.0 own_speed=5.76 target_speed=5.39 ramp_fsm=NEGOTIATING ramp_lane_cmd_state=NONE ramp_edge=34126779 ramp_lane=0 ramp_merge_completed=False ramp_merge_committed=False
obu-main-back-left-1   | [12.0] Main_Back_Left HOST_HOLD_YIELD: for merge=109 spd=5.39
obu-main-back-left-1   | [12.0] Main_Back_Left MCM_TX_ACCEPT: manoeuvre=65 target=109
traci-bridge-1         | LANE_CMD_WAIT_EDGE veh=Merge_Car edge=34126779 lane=0 target=1 lane_count=1
traci-bridge-1         | LANE_CMD_STATE veh=Merge_Car edge=34126779 lane=0 target=1 lane_count=1 recently=False speed=6.68
traci-bridge-1         | LANE_CMD_WAIT_EDGE veh=Merge_Car edge=34126779 lane=0 target=1 lane_count=1
traci-bridge-1         | LANE_CMD_STATE veh=Merge_Car edge=34126779 lane=0 target=1 lane_count=1 recently=False speed=6.68
traci-bridge-1         | LANE_CMD_WAIT_EDGE veh=Merge_Car edge=34126779 lane=0 target=1 lane_count=1
traci-bridge-1         | LANE_CMD_STATE veh=Merge_Car edge=34126779 lane=0 target=1 lane_count=1 recently=False speed=6.69
traci-bridge-1         | LANE_CMD_WAIT_EDGE veh=Merge_Car edge=34126779 lane=0 target=1 lane_count=1
traci-bridge-1         | LANE_CMD_STATE veh=Merge_Car edge=34126779 lane=0 target=1 lane_count=1 recently=False speed=6.69
traci-bridge-1         | LANE_CMD_WAIT_EDGE veh=Merge_Car edge=34126779 lane=0 target=1 lane_count=1
traci-bridge-1         | LANE_CMD_STATE veh=Merge_Car edge=34126779 lane=0 target=1 lane_count=1 recently=False speed=6.69
traci-bridge-1         | LANE_CMD_WAIT_EDGE veh=Merge_Car edge=34126779 lane=0 target=1 lane_count=1
traci-bridge-1         | LANE_CMD_STATE veh=Merge_Car edge=34126779 lane=0 target=1 lane_count=1 recently=False speed=6.69
traci-bridge-1         | LANE_CMD_WAIT_EDGE veh=Merge_Car edge=34126779 lane=0 target=1 lane_count=1
traci-bridge-1         | LANE_CMD_STATE veh=Merge_Car edge=34126779 lane=0 target=1 lane_count=1 recently=False speed=6.70
traci-bridge-1         | LANE_CMD_WAIT_EDGE veh=Merge_Car edge=34126779 lane=0 target=1 lane_count=1
traci-bridge-1         | LANE_CMD_STATE veh=Merge_Car edge=34126779 lane=0 target=1 lane_count=1 recently=False speed=6.70
traci-bridge-1         | LANE_CMD_WAIT_EDGE veh=Merge_Car edge=34126779 lane=0 target=1 lane_count=1
traci-bridge-1         | LANE_CMD_STATE veh=Merge_Car edge=34126779 lane=0 target=1 lane_count=1 recently=False speed=6.70
traci-bridge-1         | LANE_CMD_WAIT_EDGE veh=Merge_Car edge=34126779 lane=0 target=1 lane_count=1
traci-bridge-1         | LANE_CMD_STATE veh=Merge_Car edge=34126779 lane=0 target=1 lane_count=1 recently=False speed=6.70
traci-bridge-1         | LANE_CMD_WAIT_EDGE veh=Merge_Car edge=34126779 lane=0 target=1 lane_count=1
traci-bridge-1         | LANE_CMD_STATE veh=Ramp_Merge_2 edge=34126779 lane=0 target=1 lane_count=1 recently=False speed=6.42
traci-bridge-1         | LANE_CMD_WAIT_EDGE veh=Ramp_Merge_2 edge=34126779 lane=0 target=1 lane_count=1
traci-bridge-1         | LANE_CMD_STATE veh=Merge_Car edge=34126779 lane=0 target=1 lane_count=1 recently=False speed=6.71
traci-bridge-1         | LANE_CMD_WAIT_EDGE veh=Merge_Car edge=34126779 lane=0 target=1 lane_count=1
traci-bridge-1         | LANE_CMD_STATE veh=Ramp_Merge_2 edge=34126779 lane=0 target=1 lane_count=1 recently=False speed=6.43
traci-bridge-1         | LANE_CMD_WAIT_EDGE veh=Ramp_Merge_2 edge=34126779 lane=0 target=1 lane_count=1
traci-bridge-1         | LANE_CMD_STATE veh=Merge_Car edge=34126779 lane=0 target=1 lane_count=1 recently=False speed=6.71
traci-bridge-1         | LANE_CMD_WAIT_EDGE veh=Merge_Car edge=34126779 lane=0 target=1 lane_count=1
traci-bridge-1         | LANE_CMD_STATE veh=Ramp_Merge_2 edge=34126779 lane=0 target=1 lane_count=1 recently=False speed=6.44
traci-bridge-1         | LANE_CMD_WAIT_EDGE veh=Ramp_Merge_2 edge=34126779 lane=0 target=1 lane_count=1
traci-bridge-1         | LANE_CMD_STATE veh=Merge_Car edge=34126779 lane=0 target=1 lane_count=1 recently=False speed=6.71
traci-bridge-1         | LANE_CMD_WAIT_EDGE veh=Merge_Car edge=34126779 lane=0 target=1 lane_count=1
traci-bridge-1         | LANE_CMD_STATE veh=Ramp_Merge_2 edge=34126779 lane=0 target=1 lane_count=1 recently=False speed=6.45
traci-bridge-1         | LANE_CMD_WAIT_EDGE veh=Ramp_Merge_2 edge=34126779 lane=0 target=1 lane_count=1
traci-bridge-1         | LANE_CMD_STATE veh=Merge_Car edge=34126779 lane=0 target=1 lane_count=1 recently=False speed=6.71
traci-bridge-1         | LANE_CMD_WAIT_EDGE veh=Merge_Car edge=34126779 lane=0 target=1 lane_count=1
traci-bridge-1         | LANE_CMD_STATE veh=Ramp_Merge_2 edge=34126779 lane=0 target=1 lane_count=1 recently=False speed=6.46
traci-bridge-1         | LANE_CMD_WAIT_EDGE veh=Ramp_Merge_2 edge=34126779 lane=0 target=1 lane_count=1
traci-bridge-1         | LANE_CMD_STATE veh=Merge_Car edge=34126779 lane=0 target=1 lane_count=1 recently=False speed=6.71
traci-bridge-1         | LANE_CMD_WAIT_EDGE veh=Merge_Car edge=34126779 lane=0 target=1 lane_count=1
traci-bridge-1         | LANE_CMD_STATE veh=Ramp_Merge_2 edge=34126779 lane=0 target=1 lane_count=1 recently=False speed=6.47
traci-bridge-1         | LANE_CMD_WAIT_EDGE veh=Ramp_Merge_2 edge=34126779 lane=0 target=1 lane_count=1
traci-bridge-1         | LANE_CMD_STATE veh=Merge_Car edge=34126779 lane=0 target=1 lane_count=1 recently=False speed=6.70
traci-bridge-1         | LANE_CMD_WAIT_EDGE veh=Merge_Car edge=34126779 lane=0 target=1 lane_count=1
traci-bridge-1         | LANE_CMD_STATE veh=Ramp_Merge_2 edge=34126779 lane=0 target=1 lane_count=1 recently=False speed=6.47
traci-bridge-1         | LANE_CMD_WAIT_EDGE veh=Ramp_Merge_2 edge=34126779 lane=0 target=1 lane_count=1
traci-bridge-1         | LANE_CMD_STATE veh=Merge_Car edge=34126779 lane=0 target=1 lane_count=1 recently=False speed=6.69
traci-bridge-1         | LANE_CMD_WAIT_EDGE veh=Merge_Car edge=34126779 lane=0 target=1 lane_count=1
traci-bridge-1         | LANE_CMD_STATE veh=Ramp_Merge_2 edge=34126779 lane=0 target=1 lane_count=1 recently=False speed=6.48
traci-bridge-1         | LANE_CMD_WAIT_EDGE veh=Ramp_Merge_2 edge=34126779 lane=0 target=1 lane_count=1
traci-bridge-1         | LANE_CMD_STATE veh=Merge_Car edge=34126779 lane=0 target=1 lane_count=1 recently=False speed=6.68
traci-bridge-1         | LANE_CMD_WAIT_EDGE veh=Merge_Car edge=34126779 lane=0 target=1 lane_count=1
traci-bridge-1         | LANE_CMD_STATE veh=Ramp_Merge_2 edge=34126779 lane=0 target=1 lane_count=1 recently=False speed=6.49
traci-bridge-1         | LANE_CMD_WAIT_EDGE veh=Ramp_Merge_2 edge=34126779 lane=0 target=1 lane_count=1
traci-bridge-1         | LANE_CMD_STATE veh=Merge_Car edge=34126779 lane=0 target=1 lane_count=1 recently=False speed=6.67
traci-bridge-1         | LANE_CMD_WAIT_EDGE veh=Merge_Car edge=34126779 lane=0 target=1 lane_count=1
traci-bridge-1         | LANE_CMD_STATE veh=Ramp_Merge_2 edge=34126779 lane=0 target=1 lane_count=1 recently=False speed=6.50
traci-bridge-1         | LANE_CMD_WAIT_EDGE veh=Ramp_Merge_2 edge=34126779 lane=0 target=1 lane_count=1
traci-bridge-1         | LANE_CMD_STATE veh=Merge_Car edge=34126779 lane=0 target=1 lane_count=1 recently=False speed=6.66
traci-bridge-1         | LANE_CMD_WAIT_EDGE veh=Merge_Car edge=34126779 lane=0 target=1 lane_count=1
traci-bridge-1         | LANE_CMD_STATE veh=Ramp_Merge_2 edge=34126779 lane=0 target=1 lane_count=1 recently=False speed=6.50
traci-bridge-1         | LANE_CMD_WAIT_EDGE veh=Ramp_Merge_2 edge=34126779 lane=0 target=1 lane_count=1
traci-bridge-1         | LANE_CMD_STATE veh=Merge_Car edge=34126779 lane=0 target=1 lane_count=1 recently=False speed=6.65
traci-bridge-1         | LANE_CMD_WAIT_EDGE veh=Merge_Car edge=34126779 lane=0 target=1 lane_count=1
traci-bridge-1         | LANE_CMD_STATE veh=Ramp_Merge_2 edge=34126779 lane=0 target=1 lane_count=1 recently=False speed=6.51
traci-bridge-1         | LANE_CMD_WAIT_EDGE veh=Ramp_Merge_2 edge=34126779 lane=0 target=1 lane_count=1
traci-bridge-1         | LANE_CMD_STATE veh=Merge_Car edge=34126779 lane=0 target=1 lane_count=1 recently=False speed=6.63
traci-bridge-1         | LANE_CMD_WAIT_EDGE veh=Merge_Car edge=34126779 lane=0 target=1 lane_count=1
traci-bridge-1         | LANE_CMD_STATE veh=Ramp_Merge_2 edge=34126779 lane=0 target=1 lane_count=1 recently=False speed=6.52
traci-bridge-1         | LANE_CMD_WAIT_EDGE veh=Ramp_Merge_2 edge=34126779 lane=0 target=1 lane_count=1
traci-bridge-1         | LANE_CMD_STATE veh=Merge_Car edge=34126779 lane=0 target=1 lane_count=1 recently=False speed=6.62
traci-bridge-1         | LANE_CMD_WAIT_EDGE veh=Merge_Car edge=34126779 lane=0 target=1 lane_count=1
traci-bridge-1         | LANE_CMD_STATE veh=Ramp_Merge_2 edge=34126779 lane=0 target=1 lane_count=1 recently=False speed=6.53
traci-bridge-1         | LANE_CMD_WAIT_EDGE veh=Ramp_Merge_2 edge=34126779 lane=0 target=1 lane_count=1
traci-bridge-1         | LANE_CMD_STATE veh=Merge_Car edge=34126779 lane=0 target=1 lane_count=1 recently=False speed=6.61
traci-bridge-1         | LANE_CMD_WAIT_EDGE veh=Merge_Car edge=34126779 lane=0 target=1 lane_count=1
traci-bridge-1         | LANE_CMD_STATE veh=Ramp_Merge_2 edge=34126779 lane=0 target=1 lane_count=1 recently=False speed=6.53
traci-bridge-1         | LANE_CMD_WAIT_EDGE veh=Ramp_Merge_2 edge=34126779 lane=0 target=1 lane_count=1
traci-bridge-1         | LANE_CMD_STATE veh=Merge_Car edge=34126779 lane=0 target=1 lane_count=1 recently=False speed=6.60
traci-bridge-1         | LANE_CMD_WAIT_EDGE veh=Merge_Car edge=34126779 lane=0 target=1 lane_count=1
traci-bridge-1         | LANE_CMD_STATE veh=Ramp_Merge_2 edge=34126779 lane=0 target=1 lane_count=1 recently=False speed=6.54
traci-bridge-1         | LANE_CMD_WAIT_EDGE veh=Ramp_Merge_2 edge=34126779 lane=0 target=1 lane_count=1
traci-bridge-1         | LANE_CMD_STATE veh=Merge_Car edge=34126779 lane=0 target=1 lane_count=1 recently=False speed=6.59
traci-bridge-1         | LANE_CMD_WAIT_EDGE veh=Merge_Car edge=34126779 lane=0 target=1 lane_count=1
traci-bridge-1         | LANE_CMD_STATE veh=Ramp_Merge_2 edge=34126779 lane=0 target=1 lane_count=1 recently=False speed=6.55
traci-bridge-1         | LANE_CMD_WAIT_EDGE veh=Ramp_Merge_2 edge=34126779 lane=0 target=1 lane_count=1
traci-bridge-1         | LANE_CMD_STATE veh=Merge_Car edge=34126779 lane=0 target=1 lane_count=1 recently=False speed=6.60
traci-bridge-1         | LANE_CMD_WAIT_EDGE veh=Merge_Car edge=34126779 lane=0 target=1 lane_count=1
traci-bridge-1         | LANE_CMD_STATE veh=Ramp_Merge_2 edge=34126779 lane=0 target=1 lane_count=1 recently=False speed=6.56
traci-bridge-1         | LANE_CMD_WAIT_EDGE veh=Ramp_Merge_2 edge=34126779 lane=0 target=1 lane_count=1
traci-bridge-1         | LANE_CMD_STATE veh=Merge_Car edge=34126779 lane=0 target=1 lane_count=1 recently=False speed=6.61
traci-bridge-1         | LANE_CMD_WAIT_EDGE veh=Merge_Car edge=34126779 lane=0 target=1 lane_count=1
obu-main-mid-right-1   | [12.3] Main_Mid_Right role=lead state=CRUISE->CRUISE speed=7.78 target=7.78 neighbors=11
obu-ramp-merge-4-1     | MERGE_SLOT_QUALITY_DIAG: vehicle=Ramp_Merge_4 event=REQUEST_NEW t=12.2 manoeuvre=96 source=new_request lead=105 host=106 own_eta=13.93 lead_eta=13.69 host_eta=13.98 min_eta=15.19 max_eta=12.48 desired_eta=12.48 gap_possible=False dtm=93.6 edge=34126779 lane=0 speed=6.72 lead_speed=5.76 host_speed=7.50 lead_gap=85.07 host_gap=100.01 lead_gap_t1=84.11 lead_gap_t2=83.15 lead_gap_t3=82.19 host_gap_t1=100.01 host_gap_t2=100.01 host_gap_t3=100.01 rel_to_lead=0.96 rel_to_host=-0.78 lead_lat=16.25 host_lat=5.05 pending=True accepted=False authorized=False committed=False pending_age=0.00 accepted_age=None lane_cmd_state=NONE lane_cmd_target=None
obu-ramp-merge-4-1     | MERGE_ATTEMPT_TIMELINE: vehicle=Ramp_Merge_4 manoeuvre=96 host=106 lead=105 event=REQUEST_SENT t=12.2 edge=34126779 lane=0 lane_cmd_state=NONE speed=6.72 target=6.75 dtm=93.6 lead_gap=85.07 host_gap=100.01 lead_gap_t1=84.11 lead_gap_t2=83.15 lead_gap_t3=82.19 host_gap_t1=100.01 host_gap_t2=100.01 host_gap_t3=100.01
obu-ramp-merge-4-1     | [12.2] Ramp_Merge_4 MCM_TX_REQUEST: manoeuvre=96 target=106
obu-ramp-merge-4-1     | [12.2] Ramp_Merge_4 FINAL_GUARD: REJECTED slot-boundary ETA sid=105
obu-ramp-merge-4-1     | [12.2] Ramp_Merge_4 MERGE_DECISION: auth=False phys=False fgok=False lgok=False hgok=False cok=True esok=True cready=False dtm=93.6 past=False committed=False hid=106 ra=None lclear=False hyok=False
obu-ramp-merge-3-1     | [12.2] Ramp_Merge_3 MCM_RX_ACCEPT: from=105 manoeuvre=65 target=109
obu-ramp-merge-3-1     | [12.2] Ramp_Merge_3 MCM_RX_ACCEPT: from=105 manoeuvre=65 target=109
obu-ramp-merge-3-1     | [12.2] Ramp_Merge_3 FINAL_GUARD: REJECTED slot-boundary ETA sid=105
obu-ramp-merge-3-1     | [12.2] Ramp_Merge_3 MERGE_DECISION: auth=True phys=False fgok=False lgok=True hgok=False cok=True esok=True cready=False dtm=78.9 past=False committed=False hid=105 ra=2 lclear=True hyok=True
obu-ramp-merge-3-1     | [12.2] Ramp_Merge_3 MERGE_PREPARE_WAIT_PHYSICAL: dtm=78.9
obu-main-back-right-1  | [12.3] Main_Back_Right role=host state=CRUISE->CRUISE speed=7.50 target=7.50 neighbors=11
obu-merge-car-1        | [12.2] Merge_Car CAR_FOLLOW: sid=103 edge=34126779 lane=0 leader_edge= leader_lane=None leader_role_hint=main self_merge_completed=False self_merge_completed_age=-1.0 self_merge_committed=True lane_cmd_state=WAIT_EDGE lane_cmd_edge=34126779 lane_cmd_target=1 lane_cmd_executable=False same_lane=True reason=same_lane_cam gap=11.1 follow_spd=5.18 emergency=False target_before=6.75 target_after=6.3551990000232195 target_after_raw=5.18
obu-ramp-merge-4-1     | [12.3] Ramp_Merge_4 FINAL_GUARD: REJECTED slot-boundary ETA sid=105
obu-ramp-merge-4-1     | [12.3] Ramp_Merge_4 MERGE_DECISION: auth=False phys=False fgok=False lgok=False hgok=False cok=True esok=True cready=False dtm=93.3 past=False committed=False hid=106 ra=None lclear=False hyok=False
obu-main-back-left-1   | HOST_RESERVATION_HOLD: host=Main_Back_Left ramp=109 manoeuvre=65 remaining=0.6 own_speed=5.69 target_speed=5.39 ramp_fsm=NEGOTIATING ramp_lane_cmd_state=NONE ramp_edge=34126779 ramp_lane=0 ramp_merge_completed=False ramp_merge_committed=False
obu-main-back-left-1   | [12.4] Main_Back_Left HOST_HOLD_YIELD: for merge=109 spd=5.39
obu-main-back-left-1   | [12.4] Main_Back_Left MCM_TX_ACCEPT: manoeuvre=65 target=109
obu-main-back-left-1   | [12.4] Main_Back_Left role=host state=YIELDING->YIELDING speed=5.69 target=5.39 neighbors=11
obu-ramp-merge-3-1     | [12.3] Ramp_Merge_3 MERGE_DECISION: auth=True phys=False fgok=True lgok=True hgok=False cok=True esok=True cready=False dtm=78.5 past=False committed=False hid=105 ra=2 lclear=True hyok=True
obu-ramp-merge-3-1     | [12.3] Ramp_Merge_3 MERGE_PREPARE_WAIT_PHYSICAL: dtm=78.5
obu-ramp-merge-3-1     | [12.5] Ramp_Merge_3 MERGE_DECISION: auth=True phys=False fgok=True lgok=True hgok=False cok=True esok=True cready=False dtm=77.5 past=False committed=False hid=105 ra=2 lclear=True hyok=True
obu-ramp-merge-3-1     | [12.5] Ramp_Merge_3 MERGE_PREPARE_WAIT_PHYSICAL: dtm=77.5
obu-ramp-merge-3-1     | [12.8] Ramp_Merge_3 MCM_RX_ACCEPT: from=105 manoeuvre=65 target=109
obu-main-back-right-1  | [12.8] Main_Back_Right MCM_RX_REQUEST: from=110 manoeuvre=96 target=106
obu-main-front-left-1  | [12.8] Main_Front_Left role=cruise state=CRUISE->CRUISE speed=7.55 target=7.50 neighbors=11
obu-merge-car-1        | [12.8] Merge_Car MERGE_PREPARE_WAIT_LANE_AVAILABLE: edge=34126779 lane=0 target_lane=1 lane_count=1 executable=False dtm=13.5 speed=6.63 host=104 lead=103
obu-merge-car-1        | [12.8] Merge_Car MERGE_COMMIT_SAFETY_HOLD: lgok=False hgok=True fgok=True edge=34126779 lane=0 target_lane=1 speed=6.63 lane_cmd_state=WAIT_EDGE lane_cmd_executable=False lane_cmd_edge=34126779 lane_cmd_lane_count=1
obu-merge-car-1        | [12.8] Merge_Car role=merge state=NEGOTIATING->NEGOTIATING speed=6.63 target=2.25 neighbors=11
obu-ramp-merge-5-1     | [12.7] Ramp_Merge_5 role=merge state=YIELDING->CRUISE speed=6.29 target=6.75 neighbors=11
obu-ramp-merge-2-1     | [12.8] Ramp_Merge_2 MERGE_PREPARE_WAIT_LANE_AVAILABLE: edge=34126779 lane=0 target_lane=1 lane_count=1 executable=False dtm=51.8 speed=6.61 host=105 lead=104
obu-ramp-merge-2-1     | [12.8] Ramp_Merge_2 role=merge state=NEGOTIATING->NEGOTIATING speed=6.61 target=6.75 neighbors=11
obu-ramp-merge-4-1     | MCM_REQUEST_RETRY_DIAG: vehicle=Ramp_Merge_4 host=106 lead=105 manoeuvre=96 retry_count=1 pending_age=0.5 dtm=92.0 own_eta=13.81 host_eta_current=13.383470470098596 host_eta_at_request=13.983948218488107 lead_eta_current=13.458436745590916 lead_eta_at_request=13.692146335969378 last_response_action=None last_response_age=None host_remote_fsm=CRUISE host_remote_edge=560761994 host_remote_lane=0 host_remote_merge_committed=False host_remote_merge_completed=False host_remote_active_merge_request=False host_remote_active_station_id=None host_remote_active_manoeuvre_id=None host_remote_active_remaining_s=0.0
obu-ramp-merge-4-1     | MERGE_SLOT_QUALITY_DIAG: vehicle=Ramp_Merge_4 event=REQUEST_RETRY t=12.7 manoeuvre=96 source=retry_request lead=105 host=106 own_eta=13.81 lead_eta=13.69 host_eta=13.38 min_eta=15.19 max_eta=11.88 desired_eta=11.88 gap_possible=False dtm=92.0 edge=34126779 lane=0 speed=6.66 lead_speed=5.69 host_speed=7.50 lead_gap=80.47 host_gap=94.07 lead_gap_t1=79.50 lead_gap_t2=78.53 lead_gap_t3=77.55 host_gap_t1=94.07 host_gap_t2=94.07 host_gap_t3=94.07 rel_to_lead=0.97 rel_to_host=-0.84 lead_lat=17.79 host_lat=1.75 pending=True accepted=False authorized=False committed=False pending_age=0.50 accepted_age=None lane_cmd_state=NONE lane_cmd_target=None
obu-ramp-merge-4-1     | [12.7] Ramp_Merge_4 MCM_TX_REQUEST: manoeuvre=96 target=106
obu-main-back-left-1   | HOST_RESERVATION_HOLD: host=Main_Back_Left ramp=109 manoeuvre=65 remaining=0.2 own_speed=5.64 target_speed=5.39 ramp_fsm=NEGOTIATING ramp_lane_cmd_state=NONE ramp_edge=34126779 ramp_lane=0 ramp_merge_completed=False ramp_merge_committed=False
obu-main-back-left-1   | [12.8] Main_Back_Left HOST_HOLD_YIELD: for merge=109 spd=5.39
obu-ramp-merge-4-1     | MERGE_ATTEMPT_TIMELINE: vehicle=Ramp_Merge_4 manoeuvre=96 host=106 lead=105 event=TIMEOUT t=12.7 edge=34126779 lane=0 lane_cmd_state=NONE speed=6.66 target=6.75 dtm=92.0 lead_gap=80.47 host_gap=94.07 lead_gap_t1=79.50 lead_gap_t2=78.53 lead_gap_t3=77.55 host_gap_t1=94.07 host_gap_t2=94.07 host_gap_t3=94.07
obu-ramp-merge-4-1     | MCM_PENDING_ABANDON_DIAG: vehicle=Ramp_Merge_4 host=106 lead=105 manoeuvre=96 reason=ahead dtm=92.0 own_eta=13.81 host_eta=13.38 lead_eta=13.46 pending_age=0.5 last_mcm_sent_age=0.0 retry_count=1 host_remote_fsm=CRUISE host_remote_edge=560761994 host_remote_lane=0 host_remote_merge_committed=False host_remote_merge_completed=False host_remote_lane_cmd_state=NONE active_merge_request=False slot_source=pending_request lead_gap=80.47 host_gap=94.07 lead_gap_t1=79.50 lead_gap_t2=78.53 lead_gap_t3=77.55 host_gap_t1=94.07 host_gap_t2=94.07 host_gap_t3=94.07 host_gap_possible=False
obu-ramp-merge-4-1     | [12.7] Ramp_Merge_4 MCM_PENDING_ABANDON: host=106 ahead(eta=13.38<=own=13.81)
obu-ramp-merge-4-1     | [12.7] Ramp_Merge_4 FINAL_GUARD: REJECTED slot-boundary ETA sid=105
obu-host-car-1         | [12.9] Host_Car role=host state=CRUISE->CRUISE speed=7.79 target=7.50 neighbors=11
obu-ramp-merge-4-1     | [12.7] Ramp_Merge_4 MERGE_DECISION: auth=False phys=False fgok=False lgok=False hgok=True cok=True esok=True cready=False dtm=92.0 past=False committed=False hid=None ra=None lclear=False hyok=True
obu-main-back-left-1   | [12.8] Main_Back_Left MCM_TX_ACCEPT: manoeuvre=65 target=109
obu-ramp-merge-4-1     | [12.7] Ramp_Merge_4 role=merge state=NEGOTIATING->CRUISE speed=6.66 target=6.41 neighbors=11
obu-lead-car-1         | [12.8] Lead_Car role=cruise state=CRUISE->CRUISE speed=7.51 target=7.50 neighbors=11
obu-ramp-merge-3-1     | [12.8] Ramp_Merge_3 FINAL_GUARD: REJECTED slot-boundary ETA sid=105
obu-ramp-merge-3-1     | [12.8] Ramp_Merge_3 MERGE_DECISION: auth=True phys=False fgok=False lgok=True hgok=False cok=True esok=True cready=False dtm=76.1 past=False committed=False hid=105 ra=2 lclear=True hyok=True
obu-ramp-merge-3-1     | [12.8] Ramp_Merge_3 MERGE_PREPARE_WAIT_PHYSICAL: dtm=76.1
obu-ramp-merge-3-1     | [12.8] Ramp_Merge_3 role=merge state=NEGOTIATING->NEGOTIATING speed=6.50 target=6.38 neighbors=11
obu-ramp-back-1        | [12.8] Ramp_Back role=merge state=YIELDING->CRUISE speed=5.89 target=6.75 neighbors=11
obu-main-back-right-1  | HOST_RESERVATION_START: host=Main_Back_Right ramp=110 manoeuvre=96 until=16.9 own_speed=7.50 target_speed=5.15 required_speed=5.15 gap_eta=-1.14
obu-main-back-right-1  | [12.9] Main_Back_Right HOST_RESERVED: merge=110 manoeuvre=96 until=16.9 target_spd=5.15
obu-main-back-right-1  | [12.9] Main_Back_Right HOST_YIELD: for merge=110 req_spd=5.15
obu-main-back-right-1  | HOST_REQUEST_DECISION: host=Main_Back_Right ramp=110 manoeuvre=96 decision=ACCEPT reason=YIELDING ramp_eta=13.92 host_eta=12.78 required_speed=5.15 current_speed=7.50 active_request_ramp=110 active_request_remaining=4.0 ramp_remote_edge=34126779 ramp_remote_lane=0 ramp_remote_fsm=NEGOTIATING
obu-main-back-right-1  | [12.9] Main_Back_Right MCM_TX_ACCEPT: manoeuvre=96 target=110
obu-ramp-merge-4-1     | [12.9] Ramp_Merge_4 FINAL_GUARD: REJECTED slot-boundary ETA sid=105
obu-ramp-merge-4-1     | [12.9] Ramp_Merge_4 MERGE_LCLEAR_BLOCK: sid=105 gap=5.9 neighbor_age=0.2 from_memory=False dtm=91.4
obu-ramp-merge-4-1     | [12.9] Ramp_Merge_4 MERGE_DECISION: auth=False phys=False fgok=False lgok=False hgok=True cok=True esok=True cready=False dtm=91.4 past=False committed=False hid=None ra=None lclear=False hyok=True
obu-ramp-merge-4-1     | [13.1] Ramp_Merge_4 FINAL_GUARD: REJECTED slot-boundary ETA sid=105
obu-ramp-merge-4-1     | [13.1] Ramp_Merge_4 MERGE_DECISION: auth=False phys=False fgok=False lgok=False hgok=True cok=True esok=True cready=False dtm=90.8 past=False committed=False hid=None ra=None lclear=False hyok=True
obu-ramp-merge-3-1     | [13.2] Ramp_Merge_3 MCM_RX_ACCEPT: from=105 manoeuvre=65 target=109
obu-merge-car-1        | [13.3] Merge_Car MERGE_COMMIT_SAFETY_HOLD: lgok=False hgok=True fgok=True edge=34126779 lane=0 target_lane=1 speed=6.01 lane_cmd_state=WAIT_EDGE lane_cmd_executable=False lane_cmd_edge=34126779 lane_cmd_lane_count=1
obu-main-mid-right-1   | [13.3] Main_Mid_Right role=cruise state=CRUISE->CRUISE speed=7.74 target=7.50 neighbors=11
obu-main-back-right-1  | [13.3] Main_Back_Right MCM_RX_REQUEST: from=110 manoeuvre=96 target=106
obu-main-back-left-1   | HOST_RELEASE_BEFORE_CLEAR: host=Main_Back_Left ramp=109 manoeuvre=65 reason=timeout ramp_fsm=NEGOTIATING ramp_lane_cmd_state=NONE ramp_edge=34126779 ramp_lane=0 ramp_merge_completed=False ramp_merge_committed=False
obu-ramp-merge-3-1     | [13.2] Ramp_Merge_3 FINAL_GUARD: REJECTED slot-boundary ETA sid=105
obu-ramp-merge-3-1     | [13.2] Ramp_Merge_3 MERGE_DECISION: auth=True phys=False fgok=False lgok=True hgok=False cok=True esok=True cready=False dtm=74.2 past=False committed=False hid=105 ra=2 lclear=True hyok=True
obu-ramp-merge-3-1     | [13.2] Ramp_Merge_3 MERGE_PREPARE_WAIT_PHYSICAL: dtm=74.2
obu-main-back-right-1  | HOST_RESERVATION_HOLD: host=Main_Back_Right ramp=110 manoeuvre=96 remaining=3.6 own_speed=7.27 target_speed=5.15 ramp_fsm=CRUISE ramp_lane_cmd_state=NONE ramp_edge=34126779 ramp_lane=0 ramp_merge_completed=False ramp_merge_committed=False
obu-main-back-right-1  | [13.3] Main_Back_Right HOST_HOLD_YIELD: for merge=110 spd=5.15
obu-main-back-right-1  | [13.3] Main_Back_Right MCM_TX_ACCEPT: manoeuvre=96 target=110
obu-main-back-right-1  | [13.3] Main_Back_Right role=host state=YIELDING->YIELDING speed=7.27 target=5.15 neighbors=11
obu-ramp-merge-3-1     | [13.3] Ramp_Merge_3 FINAL_GUARD: REJECTED slot-boundary ETA sid=105
obu-ramp-merge-3-1     | [13.3] Ramp_Merge_3 MERGE_DECISION: auth=True phys=False fgok=False lgok=True hgok=False cok=True esok=True cready=False dtm=73.7 past=False committed=False hid=105 ra=2 lclear=True hyok=True
obu-ramp-merge-3-1     | [13.3] Ramp_Merge_3 MERGE_PREPARE_WAIT_PHYSICAL: dtm=73.7
obu-ramp-merge-4-1     | [13.2] Ramp_Merge_4 MCM_RX_ACCEPT: from=106 manoeuvre=96 target=110
obu-ramp-merge-4-1     | [13.8] Ramp_Merge_4 MCM_RX_ACCEPT: from=106 manoeuvre=96 target=110
obu-ramp-merge-4-1     | [13.8] Ramp_Merge_4 FINAL_GUARD: REJECTED slot-boundary ETA sid=106
obu-ramp-merge-4-1     | [13.8] Ramp_Merge_4 MERGE_DECISION: auth=False phys=False fgok=False lgok=False hgok=True cok=True esok=True cready=False dtm=88.3 past=False committed=False hid=None ra=None lclear=False hyok=True
obu-ramp-merge-4-1     | [13.8] Ramp_Merge_4 role=merge state=CRUISE->CRUISE speed=6.55 target=6.30 neighbors=11
obu-main-front-left-1  | [13.9] Main_Front_Left role=cruise state=CRUISE->CRUISE speed=7.53 target=7.50 neighbors=11
obu-merge-car-1        | [13.9] Merge_Car MERGE_PREPARE_WAIT_LANE_AVAILABLE: edge=34126779 lane=0 target_lane=1 lane_count=1 executable=False dtm=7.8 speed=5.02 host=104 lead=103
obu-merge-car-1        | [13.9] Merge_Car FINAL_GUARD: REJECTED slot-boundary ETA sid=103
obu-merge-car-1        | [13.9] Merge_Car MERGE_COMMIT_SAFETY_HOLD: lgok=False hgok=True fgok=False edge=34126779 lane=0 target_lane=1 speed=5.02 lane_cmd_state=WAIT_EDGE lane_cmd_executable=False lane_cmd_edge=34126779 lane_cmd_lane_count=1
obu-merge-car-1        | [13.9] Merge_Car role=merge state=NEGOTIATING->NEGOTIATING speed=5.02 target=2.25 neighbors=11
obu-host-car-1         | [14.0] Host_Car role=host state=CRUISE->CRUISE speed=7.67 target=7.50 neighbors=11
obu-main-back-left-1   | [14.0] Main_Back_Left role=host state=CRUISE->CRUISE speed=6.00 target=7.50 neighbors=11
obu-main-back-right-1  | HOST_RESERVATION_HOLD: host=Main_Back_Right ramp=110 manoeuvre=96 remaining=2.9 own_speed=6.63 target_speed=5.15 ramp_fsm=CRUISE ramp_lane_cmd_state=NONE ramp_edge=34126779 ramp_lane=0 ramp_merge_completed=False ramp_merge_committed=False
obu-main-back-right-1  | [14.0] Main_Back_Right HOST_HOLD_YIELD: for merge=110 spd=5.15
obu-main-back-right-1  | [14.0] Main_Back_Right MCM_TX_ACCEPT: manoeuvre=96 target=110
obu-ramp-merge-5-1     | [13.9] Ramp_Merge_5 role=merge state=CRUISE->CRUISE speed=6.46 target=6.75 neighbors=11
obu-ramp-merge-2-1     | [13.9] Ramp_Merge_2 MERGE_PREPARE_WAIT_LANE_AVAILABLE: edge=34126779 lane=0 target_lane=1 lane_count=1 executable=False dtm=44.9 speed=6.67 host=105 lead=104
obu-ramp-merge-2-1     | [13.9] Ramp_Merge_2 role=merge state=NEGOTIATING->NEGOTIATING speed=6.67 target=6.75 neighbors=11
obu-lead-car-1         | [14.0] Lead_Car role=cruise state=CRUISE->CRUISE speed=7.50 target=7.50 neighbors=11
obu-ramp-merge-3-1     | MERGE_SLOT_SKIP_BUSY_HOST: skipped_host=106 busy_for=110 remaining=3.599999999999998 next_host=105 lead=104 own_eta=11.02
obu-ramp-merge-3-1     | [13.9] Ramp_Merge_3 MERGE_DECISION: auth=True phys=False fgok=True lgok=True hgok=True cok=True esok=True cready=False dtm=71.0 past=False committed=False hid=105 ra=2 lclear=True hyok=True
obu-ramp-merge-3-1     | [13.9] Ramp_Merge_3 MERGE_PREPARE_WAIT_PHYSICAL: dtm=71.0
obu-ramp-merge-3-1     | [13.9] Ramp_Merge_3 role=merge state=NEGOTIATING->NEGOTIATING speed=6.44 target=6.38 neighbors=11
obu-ramp-back-1        | [14.1] Ramp_Back role=merge state=YIELDING->YIELDING speed=5.94 target=5.69 neighbors=11
obu-ramp-merge-3-1     | [14.1] Ramp_Merge_3 MERGE_DECISION: auth=True phys=False fgok=True lgok=True hgok=True cok=True esok=True cready=False dtm=70.1 past=False committed=False hid=105 ra=2 lclear=True hyok=True
obu-ramp-merge-3-1     | [14.1] Ramp_Merge_3 MERGE_PREPARE_WAIT_PHYSICAL: dtm=70.1
obu-ramp-merge-3-1     | [14.3] Ramp_Merge_3 MCM_ACCEPT_STALE: host=105 manoeuvre=65
obu-ramp-merge-3-1     | [14.3] Ramp_Merge_3 MERGE_DECISION: auth=True phys=True fgok=True lgok=True hgok=True cok=True esok=True cready=True dtm=69.0 past=False committed=False hid=105 ra=2 lclear=True hyok=True
obu-ramp-merge-3-1     | [14.3] Ramp_Merge_3 MERGE_PREPARE_WAIT_LANE_AVAILABLE: edge=None lane=None target_lane=None lane_count=None executable=None dtm=69.0 speed=6.43 host=105 lead=104
obu-ramp-merge-4-1     | [14.3] Ramp_Merge_4 MCM_RX_ACCEPT: from=106 manoeuvre=96 target=110
traci-bridge-1         | LANE_CMD_STATE veh=Ramp_Merge_2 edge=34126779 lane=0 target=1 lane_count=1 recently=False speed=6.57
traci-bridge-1         | LANE_CMD_WAIT_EDGE veh=Ramp_Merge_2 edge=34126779 lane=0 target=1 lane_count=1
traci-bridge-1         | LANE_CMD_STATE veh=Merge_Car edge=34126779 lane=0 target=1 lane_count=1 recently=False speed=6.61
traci-bridge-1         | LANE_CMD_WAIT_EDGE veh=Merge_Car edge=34126779 lane=0 target=1 lane_count=1
traci-bridge-1         | LANE_CMD_STATE veh=Ramp_Merge_2 edge=34126779 lane=0 target=1 lane_count=1 recently=False speed=6.57
traci-bridge-1         | LANE_CMD_WAIT_EDGE veh=Ramp_Merge_2 edge=34126779 lane=0 target=1 lane_count=1
traci-bridge-1         | LANE_CMD_STATE veh=Merge_Car edge=34126779 lane=0 target=1 lane_count=1 recently=False speed=6.62
traci-bridge-1         | LANE_CMD_WAIT_EDGE veh=Merge_Car edge=34126779 lane=0 target=1 lane_count=1
traci-bridge-1         | LANE_CMD_STATE veh=Ramp_Merge_2 edge=34126779 lane=0 target=1 lane_count=1 recently=False speed=6.58
traci-bridge-1         | LANE_CMD_WAIT_EDGE veh=Ramp_Merge_2 edge=34126779 lane=0 target=1 lane_count=1
traci-bridge-1         | LANE_CMD_STATE veh=Merge_Car edge=34126779 lane=0 target=1 lane_count=1 recently=False speed=6.63
traci-bridge-1         | LANE_CMD_WAIT_EDGE veh=Merge_Car edge=34126779 lane=0 target=1 lane_count=1
traci-bridge-1         | LANE_CMD_STATE veh=Ramp_Merge_2 edge=34126779 lane=0 target=1 lane_count=1 recently=False speed=6.59
traci-bridge-1         | LANE_CMD_WAIT_EDGE veh=Ramp_Merge_2 edge=34126779 lane=0 target=1 lane_count=1
traci-bridge-1         | LANE_CMD_STATE veh=Merge_Car edge=34126779 lane=0 target=1 lane_count=1 recently=False speed=6.61
traci-bridge-1         | LANE_CMD_WAIT_EDGE veh=Merge_Car edge=34126779 lane=0 target=1 lane_count=1
traci-bridge-1         | LANE_CMD_STATE veh=Ramp_Merge_2 edge=34126779 lane=0 target=1 lane_count=1 recently=False speed=6.60
traci-bridge-1         | LANE_CMD_WAIT_EDGE veh=Ramp_Merge_2 edge=34126779 lane=0 target=1 lane_count=1
traci-bridge-1         | LANE_CMD_STATE veh=Merge_Car edge=34126779 lane=0 target=1 lane_count=1 recently=False speed=6.62
traci-bridge-1         | LANE_CMD_WAIT_EDGE veh=Merge_Car edge=34126779 lane=0 target=1 lane_count=1
traci-bridge-1         | LANE_CMD_STATE veh=Ramp_Merge_2 edge=34126779 lane=0 target=1 lane_count=1 recently=False speed=6.60
traci-bridge-1         | LANE_CMD_WAIT_EDGE veh=Ramp_Merge_2 edge=34126779 lane=0 target=1 lane_count=1
traci-bridge-1         | LANE_CMD_STATE veh=Merge_Car edge=34126779 lane=0 target=1 lane_count=1 recently=False speed=6.63
traci-bridge-1         | LANE_CMD_WAIT_EDGE veh=Merge_Car edge=34126779 lane=0 target=1 lane_count=1
traci-bridge-1         | LANE_CMD_STATE veh=Ramp_Merge_2 edge=34126779 lane=0 target=1 lane_count=1 recently=False speed=6.61
traci-bridge-1         | LANE_CMD_WAIT_EDGE veh=Ramp_Merge_2 edge=34126779 lane=0 target=1 lane_count=1
traci-bridge-1         | LANE_CMD_STATE veh=Merge_Car edge=34126779 lane=0 target=1 lane_count=1 recently=False speed=6.63
traci-bridge-1         | LANE_CMD_WAIT_EDGE veh=Merge_Car edge=34126779 lane=0 target=1 lane_count=1
traci-bridge-1         | LANE_CMD_STATE veh=Ramp_Merge_2 edge=34126779 lane=0 target=1 lane_count=1 recently=False speed=6.62
traci-bridge-1         | LANE_CMD_WAIT_EDGE veh=Ramp_Merge_2 edge=34126779 lane=0 target=1 lane_count=1
traci-bridge-1         | LANE_CMD_STATE veh=Merge_Car edge=34126779 lane=0 target=1 lane_count=1 recently=False speed=6.64
traci-bridge-1         | LANE_CMD_WAIT_EDGE veh=Merge_Car edge=34126779 lane=0 target=1 lane_count=1
traci-bridge-1         | LANE_CMD_STATE veh=Ramp_Merge_2 edge=34126779 lane=0 target=1 lane_count=1 recently=False speed=6.62
traci-bridge-1         | LANE_CMD_WAIT_EDGE veh=Ramp_Merge_2 edge=34126779 lane=0 target=1 lane_count=1
traci-bridge-1         | LANE_CMD_STATE veh=Merge_Car edge=34126779 lane=0 target=1 lane_count=1 recently=False speed=6.42
traci-bridge-1         | LANE_CMD_WAIT_EDGE veh=Merge_Car edge=34126779 lane=0 target=1 lane_count=1
traci-bridge-1         | LANE_CMD_STATE veh=Ramp_Merge_2 edge=34126779 lane=0 target=1 lane_count=1 recently=False speed=6.63
traci-bridge-1         | LANE_CMD_WAIT_EDGE veh=Ramp_Merge_2 edge=34126779 lane=0 target=1 lane_count=1
traci-bridge-1         | LANE_CMD_STATE veh=Merge_Car edge=34126779 lane=0 target=1 lane_count=1 recently=False speed=6.21
traci-bridge-1         | LANE_CMD_WAIT_EDGE veh=Merge_Car edge=34126779 lane=0 target=1 lane_count=1
traci-bridge-1         | LANE_CMD_STATE veh=Ramp_Merge_2 edge=34126779 lane=0 target=1 lane_count=1 recently=False speed=6.64
traci-bridge-1         | LANE_CMD_WAIT_EDGE veh=Ramp_Merge_2 edge=34126779 lane=0 target=1 lane_count=1
traci-bridge-1         | LANE_CMD_STATE veh=Merge_Car edge=34126779 lane=0 target=1 lane_count=1 recently=False speed=6.01
traci-bridge-1         | LANE_CMD_WAIT_EDGE veh=Merge_Car edge=34126779 lane=0 target=1 lane_count=1
traci-bridge-1         | LANE_CMD_STATE veh=Ramp_Merge_2 edge=34126779 lane=0 target=1 lane_count=1 recently=False speed=6.64
traci-bridge-1         | LANE_CMD_WAIT_EDGE veh=Ramp_Merge_2 edge=34126779 lane=0 target=1 lane_count=1
traci-bridge-1         | LANE_CMD_STATE veh=Merge_Car edge=34126779 lane=0 target=1 lane_count=1 recently=False speed=5.82
traci-bridge-1         | LANE_CMD_WAIT_EDGE veh=Merge_Car edge=34126779 lane=0 target=1 lane_count=1
traci-bridge-1         | LANE_CMD_STATE veh=Ramp_Merge_2 edge=34126779 lane=0 target=1 lane_count=1 recently=False speed=6.65
traci-bridge-1         | LANE_CMD_WAIT_EDGE veh=Ramp_Merge_2 edge=34126779 lane=0 target=1 lane_count=1
traci-bridge-1         | LANE_CMD_STATE veh=Merge_Car edge=34126779 lane=0 target=1 lane_count=1 recently=False speed=5.65
traci-bridge-1         | LANE_CMD_WAIT_EDGE veh=Merge_Car edge=34126779 lane=0 target=1 lane_count=1
traci-bridge-1         | LANE_CMD_STATE veh=Ramp_Merge_2 edge=34126779 lane=0 target=1 lane_count=1 recently=False speed=6.65
traci-bridge-1         | LANE_CMD_WAIT_EDGE veh=Ramp_Merge_2 edge=34126779 lane=0 target=1 lane_count=1
traci-bridge-1         | LANE_CMD_STATE veh=Merge_Car edge=34126779 lane=0 target=1 lane_count=1 recently=False speed=5.48
traci-bridge-1         | LANE_CMD_WAIT_EDGE veh=Merge_Car edge=34126779 lane=0 target=1 lane_count=1
traci-bridge-1         | LANE_CMD_STATE veh=Ramp_Merge_2 edge=34126779 lane=0 target=1 lane_count=1 recently=False speed=6.66
traci-bridge-1         | LANE_CMD_WAIT_EDGE veh=Ramp_Merge_2 edge=34126779 lane=0 target=1 lane_count=1
traci-bridge-1         | LANE_CMD_STATE veh=Merge_Car edge=34126779 lane=0 target=1 lane_count=1 recently=False speed=5.31
traci-bridge-1         | LANE_CMD_WAIT_EDGE veh=Merge_Car edge=34126779 lane=0 target=1 lane_count=1
traci-bridge-1         | LANE_CMD_STATE veh=Ramp_Merge_2 edge=34126779 lane=0 target=1 lane_count=1 recently=False speed=6.66
traci-bridge-1         | LANE_CMD_WAIT_EDGE veh=Ramp_Merge_2 edge=34126779 lane=0 target=1 lane_count=1
traci-bridge-1         | LANE_CMD_STATE veh=Merge_Car edge=34126779 lane=0 target=1 lane_count=1 recently=False speed=5.16
traci-bridge-1         | LANE_CMD_WAIT_EDGE veh=Merge_Car edge=34126779 lane=0 target=1 lane_count=1
traci-bridge-1         | LANE_CMD_STATE veh=Ramp_Merge_2 edge=34126779 lane=0 target=1 lane_count=1 recently=False speed=6.67
traci-bridge-1         | LANE_CMD_WAIT_EDGE veh=Ramp_Merge_2 edge=34126779 lane=0 target=1 lane_count=1
traci-bridge-1         | LANE_CMD_STATE veh=Merge_Car edge=34126779 lane=0 target=1 lane_count=1 recently=False speed=5.02
traci-bridge-1         | LANE_CMD_WAIT_EDGE veh=Merge_Car edge=34126779 lane=0 target=1 lane_count=1
traci-bridge-1         | LANE_CMD_STATE veh=Ramp_Merge_2 edge=34126779 lane=0 target=1 lane_count=1 recently=False speed=6.67
traci-bridge-1         | LANE_CMD_WAIT_EDGE veh=Ramp_Merge_2 edge=34126779 lane=0 target=1 lane_count=1
traci-bridge-1         | LANE_CMD_STATE veh=Merge_Car edge=34126779 lane=0 target=1 lane_count=1 recently=False speed=4.88
traci-bridge-1         | LANE_CMD_WAIT_EDGE veh=Merge_Car edge=34126779 lane=0 target=1 lane_count=1
traci-bridge-1         | LANE_CMD_STATE veh=Ramp_Merge_2 edge=34126779 lane=0 target=1 lane_count=1 recently=False speed=6.68
traci-bridge-1         | LANE_CMD_WAIT_EDGE veh=Ramp_Merge_2 edge=34126779 lane=0 target=1 lane_count=1
traci-bridge-1         | LANE_CMD_STATE veh=Merge_Car edge=34126779 lane=0 target=1 lane_count=1 recently=False speed=4.75
traci-bridge-1         | LANE_CMD_WAIT_EDGE veh=Merge_Car edge=34126779 lane=0 target=1 lane_count=1
traci-bridge-1         | LANE_CMD_STATE veh=Ramp_Merge_2 edge=34126779 lane=0 target=1 lane_count=1 recently=False speed=6.68
traci-bridge-1         | LANE_CMD_WAIT_EDGE veh=Ramp_Merge_2 edge=34126779 lane=0 target=1 lane_count=1
traci-bridge-1         | LANE_CMD_STATE veh=Merge_Car edge=34126779 lane=0 target=1 lane_count=1 recently=False speed=4.62
traci-bridge-1         | LANE_CMD_WAIT_EDGE veh=Merge_Car edge=34126779 lane=0 target=1 lane_count=1
traci-bridge-1         | LANE_CMD_STATE veh=Ramp_Merge_2 edge=34126779 lane=0 target=1 lane_count=1 recently=False speed=6.68
traci-bridge-1         | LANE_CMD_WAIT_EDGE veh=Ramp_Merge_2 edge=34126779 lane=0 target=1 lane_count=1
traci-bridge-1         | LANE_CMD_STATE veh=Merge_Car edge=34126779 lane=0 target=1 lane_count=1 recently=False speed=4.50
traci-bridge-1         | LANE_CMD_WAIT_EDGE veh=Merge_Car edge=34126779 lane=0 target=1 lane_count=1
traci-bridge-1         | LANE_CMD_STATE veh=Ramp_Merge_2 edge=34126779 lane=0 target=1 lane_count=1 recently=False speed=6.69
traci-bridge-1         | LANE_CMD_WAIT_EDGE veh=Ramp_Merge_2 edge=34126779 lane=0 target=1 lane_count=1
traci-bridge-1         | LANE_CMD_STATE veh=Merge_Car edge=34126779 lane=0 target=1 lane_count=1 recently=False speed=4.39
traci-bridge-1         | LANE_CMD_WAIT_EDGE veh=Merge_Car edge=34126779 lane=0 target=1 lane_count=1
traci-bridge-1         | LANE_CMD_STATE veh=Ramp_Merge_2 edge=34126779 lane=0 target=1 lane_count=1 recently=False speed=6.69
traci-bridge-1         | LANE_CMD_WAIT_EDGE veh=Ramp_Merge_2 edge=34126779 lane=0 target=1 lane_count=1
traci-bridge-1         | LANE_CMD_STATE veh=Merge_Car edge=34126779 lane=0 target=1 lane_count=1 recently=False speed=4.28
traci-bridge-1         | LANE_CMD_WAIT_EDGE veh=Merge_Car edge=34126779 lane=0 target=1 lane_count=1
obu-ramp-merge-4-1     | [14.4] Ramp_Merge_4 FINAL_GUARD: REJECTED slot-boundary ETA sid=106
obu-ramp-merge-4-1     | [14.4] Ramp_Merge_4 MERGE_LCLEAR_BLOCK: sid=106 gap=5.4 neighbor_age=0.1 from_memory=False dtm=86.2
obu-ramp-merge-4-1     | [14.4] Ramp_Merge_4 MERGE_DECISION: auth=False phys=False fgok=False lgok=False hgok=True cok=True esok=True cready=False dtm=86.2 past=False committed=False hid=None ra=None lclear=False hyok=True
obu-ramp-merge-3-1     | [14.5] Ramp_Merge_3 FINAL_GUARD: REJECTED slot-boundary ETA sid=105
obu-ramp-merge-3-1     | [14.5] Ramp_Merge_3 MERGE_COMMIT_SAFETY_HOLD: lgok=True hgok=False fgok=False edge=34126779 lane=0 target_lane=1 speed=6.43 lane_cmd_state=None lane_cmd_executable=None lane_cmd_edge=None lane_cmd_lane_count=None
obu-merge-car-1        | [14.6] Merge_Car FINAL_GUARD: REJECTED slot-boundary ETA sid=103
obu-merge-car-1        | [14.6] Merge_Car MERGE_COMMIT_SAFETY_HOLD: lgok=False hgok=True fgok=False edge=34126779 lane=0 target_lane=1 speed=4.18 lane_cmd_state=WAIT_EDGE lane_cmd_executable=False lane_cmd_edge=34126779 lane_cmd_lane_count=1
obu-main-mid-right-1   | [14.6] Main_Mid_Right role=cruise state=CRUISE->CRUISE speed=7.62 target=7.50 neighbors=11
obu-merge-car-1        | [14.6] Merge_Car CAR_FOLLOW: sid=104 edge=34126779 lane=0 leader_edge= leader_lane=None leader_role_hint=main self_merge_completed=False self_merge_completed_age=-1.0 self_merge_committed=True lane_cmd_state=WAIT_EDGE lane_cmd_edge=34126779 lane_cmd_target=1 lane_cmd_executable=False same_lane=False reason=merge_conflict_eta gap=1.7 follow_spd=4.12 emergency=False target_before=2.25 target_after=4.125 target_after_raw=4.12
obu-main-back-right-1  | HOST_RESERVATION_HOLD: host=Main_Back_Right ramp=110 manoeuvre=96 remaining=2.2 own_speed=6.18 target_speed=5.15 ramp_fsm=CRUISE ramp_lane_cmd_state=NONE ramp_edge=34126779 ramp_lane=0 ramp_merge_completed=False ramp_merge_committed=False
obu-main-back-right-1  | [14.7] Main_Back_Right HOST_HOLD_YIELD: for merge=110 spd=5.15
obu-main-back-right-1  | [14.7] Main_Back_Right MCM_TX_ACCEPT: manoeuvre=96 target=110
obu-main-back-right-1  | [14.7] Main_Back_Right role=host state=YIELDING->YIELDING speed=6.18 target=5.15 neighbors=11
obu-main-back-right-1  | HOST_RESERVATION_HOLD: host=Main_Back_Right ramp=110 manoeuvre=96 remaining=2.1 own_speed=6.13 target_speed=5.15 ramp_fsm=CRUISE ramp_lane_cmd_state=NONE ramp_edge=34126779 ramp_lane=0 ramp_merge_completed=False ramp_merge_committed=False
obu-main-back-right-1  | [14.8] Main_Back_Right HOST_HOLD_YIELD: for merge=110 spd=5.15
obu-ramp-merge-4-1     | [14.9] Ramp_Merge_4 MCM_RX_ACCEPT: from=106 manoeuvre=96 target=110
obu-ramp-merge-5-1     | [14.9] Ramp_Merge_5 role=merge state=CRUISE->CRUISE speed=6.58 target=6.75 neighbors=11
obu-ramp-merge-2-1     | [15.0] Ramp_Merge_2 MERGE_PREPARE_WAIT_LANE_AVAILABLE: edge=34126779 lane=0 target_lane=1 lane_count=1 executable=False dtm=37.8 speed=6.71 host=105 lead=104
obu-ramp-merge-2-1     | [15.0] Ramp_Merge_2 role=merge state=NEGOTIATING->NEGOTIATING speed=6.71 target=6.75 neighbors=11
obu-ramp-merge-4-1     | MERGE_SLOT_QUALITY_DIAG: vehicle=Ramp_Merge_4 event=REQUEST_NEW t=15.0 manoeuvre=97 source=new_request lead=105 host=106 own_eta=13.03 lead_eta=10.37 host_eta=13.54 min_eta=11.87 max_eta=12.04 desired_eta=12.04 gap_possible=True dtm=83.7 edge=34126779 lane=0 speed=6.43 lead_speed=6.27 host_speed=6.13 lead_gap=63.70 host_gap=68.85 lead_gap_t1=63.54 lead_gap_t2=63.38 lead_gap_t3=63.23 host_gap_t1=68.55 host_gap_t2=68.25 host_gap_t3=67.95 rel_to_lead=0.16 rel_to_host=0.30 lead_lat=3.48 host_lat=13.78 pending=True accepted=False authorized=False committed=False pending_age=0.00 accepted_age=None lane_cmd_state=NONE lane_cmd_target=None
obu-ramp-merge-4-1     | MERGE_ATTEMPT_TIMELINE: vehicle=Ramp_Merge_4 manoeuvre=97 host=106 lead=105 event=REQUEST_SENT t=15.0 edge=34126779 lane=0 lane_cmd_state=NONE speed=6.43 target=6.75 dtm=83.7 lead_gap=63.70 host_gap=68.85 lead_gap_t1=63.54 lead_gap_t2=63.38 lead_gap_t3=63.23 host_gap_t1=68.55 host_gap_t2=68.25 host_gap_t3=67.95
obu-lead-car-1         | [15.0] Lead_Car role=cruise state=CRUISE->CRUISE speed=7.50 target=7.50 neighbors=11
obu-ramp-merge-4-1     | [15.0] Ramp_Merge_4 MCM_TX_REQUEST: manoeuvre=97 target=106
obu-ramp-merge-4-1     | [15.0] Ramp_Merge_4 FINAL_GUARD: REJECTED slot-boundary ETA sid=106
obu-ramp-merge-4-1     | [15.0] Ramp_Merge_4 MERGE_DECISION: auth=False phys=False fgok=False lgok=True hgok=False cok=True esok=True cready=False dtm=83.7 past=False committed=False hid=106 ra=None lclear=True hyok=False
obu-ramp-merge-4-1     | [15.0] Ramp_Merge_4 role=merge state=CRUISE->NEGOTIATING speed=6.43 target=6.61 neighbors=11
obu-ramp-merge-3-1     | [14.6] Ramp_Merge_3 MERGE_LANE_WAIT_EDGE_CONFIRMED: edge=34126779 lane=0 target_lane=1 lane_count=1 executable=False
obu-merge-car-1        | [14.9] Merge_Car MERGE_LANE_WAIT_EDGE_CONFIRMED: edge=:390064918_0 lane=0 target_lane=1 lane_count=1 executable=False
obu-main-back-left-1   | [15.1] Main_Back_Left role=host state=CRUISE->CRUISE speed=6.65 target=7.50 neighbors=11
obu-ramp-merge-3-1     | [15.1] Ramp_Merge_3 MERGE_PREPARE_WAIT_LANE_AVAILABLE: edge=34126779 lane=0 target_lane=1 lane_count=1 executable=False dtm=65.1 speed=5.49 host=105 lead=104
obu-ramp-merge-3-1     | MERGE_ATTEMPT_TIMELINE: vehicle=Ramp_Merge_3 manoeuvre=65 host=105 lead=104 event=WAIT_EDGE t=15.1 edge=34126779 lane=0 lane_cmd_state=WAIT_EDGE speed=5.49 target=6.75 dtm=65.1 lead_gap=41.97 host_gap=32.07 lead_gap_t1=41.97 lead_gap_t2=41.97 lead_gap_t3=41.97 host_gap_t1=32.07 host_gap_t2=32.07 host_gap_t3=32.07
obu-ramp-merge-3-1     | [15.1] Ramp_Merge_3 MERGE_COMMIT_SAFETY_HOLD: lgok=True hgok=False fgok=True edge=34126779 lane=0 target_lane=1 speed=5.49 lane_cmd_state=WAIT_EDGE lane_cmd_executable=False lane_cmd_edge=34126779 lane_cmd_lane_count=1
obu-ramp-merge-3-1     | [15.1] Ramp_Merge_3 role=merge state=NEGOTIATING->NEGOTIATING speed=5.49 target=2.25 neighbors=11
obu-main-front-left-1  | [15.3] Main_Front_Left role=cruise state=CRUISE->CRUISE speed=7.51 target=7.50 neighbors=11
obu-merge-car-1        | [15.1] Merge_Car MERGE_PREPARE_WAIT_LANE_AVAILABLE: edge=:390064918_0 lane=0 target_lane=1 lane_count=1 executable=False dtm=4.9 speed=4.09 host=104 lead=103
obu-merge-car-1        | [15.1] Merge_Car MERGE_COMMIT_SAFETY_HOLD: lgok=False hgok=False fgok=True edge=:390064918_0 lane=0 target_lane=1 speed=4.09 lane_cmd_state=WAIT_EDGE lane_cmd_executable=False lane_cmd_edge=:390064918_0 lane_cmd_lane_count=1
obu-merge-car-1        | [15.1] Merge_Car CAR_FOLLOW: sid=104 edge=:390064918_0 lane=0 leader_edge= leader_lane=None leader_role_hint=main self_merge_completed=False self_merge_completed_age=-1.0 self_merge_committed=True lane_cmd_state=WAIT_EDGE lane_cmd_edge=:390064918_0 lane_cmd_target=1 lane_cmd_executable=False same_lane=False reason=merge_conflict_eta gap=1.3 follow_spd=4.12 emergency=False target_before=2.25 target_after=4.125 target_after_raw=4.12
obu-merge-car-1        | [15.1] Merge_Car role=merge state=NEGOTIATING->NEGOTIATING speed=4.09 target=4.12 neighbors=11
obu-host-car-1         | [15.3] Host_Car role=host state=CRUISE->CRUISE speed=7.58 target=7.50 neighbors=11
obu-merge-car-1        | [15.3] Merge_Car MERGE_COMMIT_SAFETY_HOLD: lgok=False hgok=False fgok=True edge=:390064918_0 lane=0 target_lane=1 speed=4.10 lane_cmd_state=WAIT_EDGE lane_cmd_executable=False lane_cmd_edge=:390064918_0 lane_cmd_lane_count=1
obu-merge-car-1        | [15.3] Merge_Car CAR_FOLLOW: sid=104 edge=:390064918_0 lane=0 leader_edge= leader_lane=None leader_role_hint=main self_merge_completed=False self_merge_completed_age=-1.0 self_merge_committed=True lane_cmd_state=WAIT_EDGE lane_cmd_edge=:390064918_0 lane_cmd_target=1 lane_cmd_executable=False same_lane=False reason=merge_conflict_eta gap=1.3 follow_spd=4.12 emergency=False target_before=2.25 target_after=4.125 target_after_raw=4.12
obu-main-back-right-1  | [15.4] Main_Back_Right MCM_RX_REQUEST: from=110 manoeuvre=97 target=106
obu-main-back-right-1  | HOST_MANOEUVRE_ID_UPDATE: host=Main_Back_Right ramp=110 old_mid=96 new_mid=97
obu-main-back-right-1  | HOST_RESERVATION_HOLD: host=Main_Back_Right ramp=110 manoeuvre=97 remaining=1.4 own_speed=5.84 target_speed=5.15 ramp_fsm=NEGOTIATING ramp_lane_cmd_state=NONE ramp_edge=34126779 ramp_lane=0 ramp_merge_completed=False ramp_merge_committed=False
obu-main-back-right-1  | [15.5] Main_Back_Right HOST_HOLD_YIELD: for merge=110 spd=5.15
obu-main-back-right-1  | [15.5] Main_Back_Right MCM_TX_ACCEPT: manoeuvre=97 target=110
obu-ramp-back-1        | [15.5] Ramp_Back role=merge state=YIELDING->YIELDING speed=5.88 target=5.63 neighbors=11
obu-merge-car-1        | [15.5] Merge_Car FINAL_GUARD: REJECTED slot-boundary ETA sid=104
obu-merge-car-1        | MERGE_ATTEMPT_TIMELINE: vehicle=Merge_Car manoeuvre=3 host=104 lead=103 event=ABORT_SAFETY_HOLD t=15.5 edge=:390064918_0 lane=0 lane_cmd_state=WAIT_EDGE speed=4.10 target=6.75 dtm=4.9 lead_gap=21.93 host_gap=9.64 lead_gap_t1=21.93 lead_gap_t2=21.93 lead_gap_t3=21.93 host_gap_t1=6.16 host_gap_t2=2.68 host_gap_t3=0.00
obu-merge-car-1        | [15.5] Merge_Car MERGE_COMMIT_ABORT_SAFETY_HOLD: lgok=False hgok=False fgok=False edge=:390064918_0 lane=0 target_lane=1 speed=4.10 lane_cmd_state=WAIT_EDGE lane_cmd_executable=False lane_cmd_edge=:390064918_0 lane_cmd_lane_count=1
obu-merge-car-1        | [15.5] Merge_Car CAR_FOLLOW: sid=104 edge=:390064918_0 lane=0 leader_edge= leader_lane=None leader_role_hint=main self_merge_completed=False self_merge_completed_age=-1.0 self_merge_committed=False lane_cmd_state=WAIT_EDGE lane_cmd_edge=:390064918_0 lane_cmd_target=1 lane_cmd_executable=False same_lane=False reason=merge_conflict_eta gap=0.6 follow_spd=4.12 emergency=False target_before=6.75 target_after=4.125 target_after_raw=4.12
obu-merge-car-1        | [15.7] Merge_Car MERGE_LANE_APPLY_CONFIRMED: edge=1331698336 lane=0 target_lane=1 lane_count=3 executable=True
obu-ramp-merge-4-1     | MCM_REQUEST_RETRY_DIAG: vehicle=Ramp_Merge_4 host=106 lead=105 manoeuvre=97 retry_count=1 pending_age=0.7 dtm=80.7 own_eta=12.48 host_eta_current=13.54357779360409 host_eta_at_request=13.54357779360409 lead_eta_current=9.105912114707492 lead_eta_at_request=10.369355920370413 last_response_action=None last_response_age=None host_remote_fsm=YIELDING host_remote_edge=560761994 host_remote_lane=0 host_remote_merge_committed=False host_remote_merge_completed=False host_remote_active_merge_request=True host_remote_active_station_id=110 host_remote_active_manoeuvre_id=97 host_remote_active_remaining_s=1.3999999999999986
obu-ramp-merge-4-1     | MERGE_SLOT_QUALITY_DIAG: vehicle=Ramp_Merge_4 event=REQUEST_RETRY t=15.7 manoeuvre=97 source=retry_request lead=105 host=106 own_eta=12.48 lead_eta=10.37 host_eta=13.54 min_eta=11.87 max_eta=12.04 desired_eta=12.04 gap_possible=True dtm=80.7 edge=34126779 lane=0 speed=6.47 lead_speed=6.64 host_speed=6.13 lead_gap=58.32 host_gap=62.92 lead_gap_t1=58.32 lead_gap_t2=58.32 lead_gap_t3=58.32 host_gap_t1=62.58 host_gap_t2=62.24 host_gap_t3=61.90 rel_to_lead=-0.17 rel_to_host=0.34 lead_lat=2.20 host_lat=19.89 pending=True accepted=False authorized=False committed=False pending_age=0.70 accepted_age=None lane_cmd_state=NONE lane_cmd_target=None
obu-ramp-merge-4-1     | [15.7] Ramp_Merge_4 MCM_TX_REQUEST: manoeuvre=97 target=106
obu-ramp-merge-4-1     | [15.7] Ramp_Merge_4 FINAL_GUARD: REJECTED slot-boundary ETA sid=106
obu-ramp-merge-4-1     | [15.7] Ramp_Merge_4 MERGE_DECISION: auth=False phys=False fgok=False lgok=True hgok=False cok=True esok=True cready=False dtm=80.7 past=False committed=False hid=106 ra=None lclear=True hyok=False
obu-merge-car-1        | MERGE_SLOT_QUALITY_DIAG: vehicle=Merge_Car event=REQUEST_NEW t=15.7 manoeuvre=4 source=new_request lead=None host=104 own_eta=1.25 lead_eta=None host_eta=1.77 min_eta=None max_eta=0.27 desired_eta=0.27 gap_possible=True dtm=5.1 edge=1331698336 lane=0 speed=4.10 lead_speed=None host_speed=7.58 lead_gap=None host_gap=10.49 lead_gap_t1=None lead_gap_t2=None lead_gap_t3=None host_gap_t1=7.01 host_gap_t2=3.53 host_gap_t3=0.05 rel_to_lead=None rel_to_host=3.48 lead_lat=None host_lat=3.74 pending=True accepted=False authorized=False committed=False pending_age=0.00 accepted_age=None lane_cmd_state=APPLY lane_cmd_target=1
obu-merge-car-1        | MERGE_ATTEMPT_TIMELINE: vehicle=Merge_Car manoeuvre=4 host=104 lead=103 event=REQUEST_SENT t=15.7 edge=1331698336 lane=0 lane_cmd_state=APPLY speed=4.10 target=6.75 dtm=5.1 lead_gap=21.09 host_gap=10.49 lead_gap_t1=21.09 lead_gap_t2=21.09 lead_gap_t3=21.09 host_gap_t1=7.01 host_gap_t2=3.53 host_gap_t3=0.05
obu-merge-car-1        | [15.7] Merge_Car MCM_TX_REQUEST: manoeuvre=4 target=104
obu-merge-car-1        | [15.7] Merge_Car FINAL_GUARD: REJECTED slot-boundary ETA sid=104
obu-merge-car-1        | [15.7] Merge_Car MERGE_DECISION: auth=False phys=True fgok=False lgok=True hgok=False cok=True esok=False cready=True dtm=5.1 past=False committed=False hid=104 ra=None lclear=True hyok=False
obu-merge-car-1        | [15.7] Merge_Car CAR_FOLLOW: sid=104 edge=1331698336 lane=0 leader_edge= leader_lane=None leader_role_hint=main self_merge_completed=False self_merge_completed_age=-1.0 self_merge_committed=False lane_cmd_state=APPLY lane_cmd_edge=1331698336 lane_cmd_target=1 lane_cmd_executable=True same_lane=False reason=merge_conflict_eta gap=0.5 follow_spd=4.12 emergency=False target_before=3.6508424717528287 target_after=4.125 target_after_raw=4.12
obu-merge-car-1        | MERGE_ATTEMPT_TIMELINE: vehicle=Merge_Car manoeuvre=4 host=104 lead=103 event=CLEAR t=15.8 edge=1331698336 lane=1 lane_cmd_state=CLEAR speed=4.10 target=4.12 dtm=2.7 lead_gap=15.64 host_gap=7.99 lead_gap_t1=15.64 lead_gap_t2=15.64 lead_gap_t3=15.64 host_gap_t1=4.51 host_gap_t2=1.03 host_gap_t3=0.00
obu-merge-car-1        | [15.8] Merge_Car MERGE_LANE_CLEAR_CONFIRMED: edge=1331698336 lane=1 target_lane=1 lane_count=3 executable=False
obu-ramp-merge-3-1     | [15.7] Ramp_Merge_3 MERGE_COMMIT_SAFETY_HOLD: lgok=True hgok=False fgok=True edge=34126779 lane=0 target_lane=1 speed=4.63 lane_cmd_state=WAIT_EDGE lane_cmd_executable=False lane_cmd_edge=34126779 lane_cmd_lane_count=1
obu-main-mid-right-1   | [15.8] Main_Mid_Right role=cruise state=CRUISE->CRUISE speed=7.57 target=7.50 neighbors=11
obu-merge-car-1        | [15.9] Merge_Car MERGE_PHYSICAL_START_DELAYED_UNTIL_LANE_APPLY: waited_s=0.0 edge=1331698336 lane=1 target_lane=1 lane_count=3 lane_cmd_state=CLEAR executable=False dtm=3.1 speed=4.10 reason=implicit_before_completed
obu-merge-car-1        | [15.9] Merge_Car MERGE_START_GAP_DIAG: event=implicit_before_completed lead=103 host=104 lead_eta=3.605166634029576 own_eta=0.7483100435922017 host_eta=1.7705671699054053 lead_gap=15.367128395385812 host_gap=8.352858541207368 lead_gap_p1=15.367128395385812 lead_gap_p2=15.367128395385812 lead_gap_p3=15.367128395385812 host_gap_p1=4.876056371964296 host_gap_p2=1.3992542027212238 host_gap_p3=0.0 rel_to_lead=-3.476802169243072 rel_to_host=3.476802169243072 lead_lat=14.609687657512868 host_lat=9.43258580042515 edge=1331698336 lane=1 lane_cmd_state=CLEAR lane_cmd_edge=1331698336 lane_cmd_target=1 lane_cmd_executable=False dtm=3.1 speed=4.10
obu-merge-car-1        | MERGE_ATTEMPT_TIMELINE: vehicle=Merge_Car manoeuvre=4 host=104 lead=103 event=PHYSICAL_START t=15.9 edge=1331698336 lane=1 lane_cmd_state=CLEAR speed=4.10 target=6.75 dtm=3.1 lead_gap=15.37 host_gap=8.35 lead_gap_t1=15.37 lead_gap_t2=15.37 lead_gap_t3=15.37 host_gap_t1=4.88 host_gap_t2=1.40 host_gap_t3=0.00
obu-merge-car-1        | [15.9] Merge_Car MERGE_PHYSICAL_START: host=104 manoeuvre=4
obu-merge-car-1        | [15.9] Merge_Car MERGING!
obu-merge-car-1        | MERGE_ATTEMPT_TIMELINE: vehicle=Merge_Car manoeuvre=4 host=104 lead=103 event=COMPLETED t=15.9 edge=1331698336 lane=1 lane_cmd_state=CLEAR speed=4.10 target=6.75 dtm=3.1 lead_gap=15.37 host_gap=8.35 lead_gap_t1=15.37 lead_gap_t2=15.37 lead_gap_t3=15.37 host_gap_t1=4.88 host_gap_t2=1.40 host_gap_t3=0.00
obu-merge-car-1        | [15.9] Merge_Car MERGE_COMPLETED: eid=1331698336 lane=1 clean=True
obu-merge-car-1        | [15.9] Merge_Car CAR_FOLLOW: sid=104 edge=1331698336 lane=1 leader_edge= leader_lane=None leader_role_hint=main self_merge_completed=True self_merge_completed_age=0.0 self_merge_committed=False lane_cmd_state=CLEAR lane_cmd_edge=1331698336 lane_cmd_target=1 lane_cmd_executable=False same_lane=False reason=merge_conflict_eta gap=1.0 follow_spd=4.12 emergency=False target_before=7.5 target_after=4.125 target_after_raw=4.12
obu-merge-car-1        | MERGE_ATTEMPT_TIMELINE: vehicle=Merge_Car manoeuvre=4 host=None lead=None event=POST_MERGE_CAR_FOLLOW t=15.9 edge=1331698336 lane=1 lane_cmd_state=CLEAR speed=4.10 target=4.12 dtm=3.1 lead_gap= host_gap= lead_gap_t1= lead_gap_t2= lead_gap_t3= host_gap_t1= host_gap_t2= host_gap_t3=
obu-merge-car-1        | [15.9] Merge_Car POST_MERGE_CAR_FOLLOW: age=0.0 sid=104 gap=1.0 reason=merge_conflict_eta follow_spd=4.12 self_edge=1331698336 self_lane=1 leader_edge= leader_lane=None lane_cmd_state=CLEAR
obu-ramp-merge-5-1     | [15.9] Ramp_Merge_5 role=merge state=CRUISE->CRUISE speed=6.65 target=6.75 neighbors=10
obu-ramp-merge-3-1     | [15.8] Ramp_Merge_3 MERGE_COMMIT_SAFETY_HOLD: lgok=True hgok=False fgok=True edge=34126779 lane=0 target_lane=1 speed=4.51 lane_cmd_state=WAIT_EDGE lane_cmd_executable=False lane_cmd_edge=34126779 lane_cmd_lane_count=1
obu-host-car-1         | [16.0] Host_Car MCM_RX_REQUEST: from=107 manoeuvre=4 target=104
obu-ramp-merge-4-1     | [16.0] Ramp_Merge_4 MCM_RX_ACCEPT: from=106 manoeuvre=97 target=110
obu-main-back-right-1  | [16.0] Main_Back_Right MCM_RX_REQUEST: from=110 manoeuvre=97 target=106
traci-bridge-1         | LANE_CMD_STATE veh=Ramp_Merge_2 edge=34126779 lane=0 target=1 lane_count=1 recently=False speed=6.69
traci-bridge-1         | LANE_CMD_WAIT_EDGE veh=Ramp_Merge_2 edge=34126779 lane=0 target=1 lane_count=1
traci-bridge-1         | LANE_CMD_STATE veh=Merge_Car edge=34126779 lane=0 target=1 lane_count=1 recently=False speed=4.18
traci-bridge-1         | LANE_CMD_WAIT_EDGE veh=Merge_Car edge=34126779 lane=0 target=1 lane_count=1
traci-bridge-1         | LANE_CMD_STATE veh=Ramp_Merge_2 edge=34126779 lane=0 target=1 lane_count=1 recently=False speed=6.69
traci-bridge-1         | LANE_CMD_WAIT_EDGE veh=Ramp_Merge_2 edge=34126779 lane=0 target=1 lane_count=1
traci-bridge-1         | LANE_CMD_STATE veh=Ramp_Merge_3 edge=34126779 lane=0 target=1 lane_count=1 recently=False speed=6.44
traci-bridge-1         | LANE_CMD_WAIT_EDGE veh=Ramp_Merge_3 edge=34126779 lane=0 target=1 lane_count=1
traci-bridge-1         | LANE_CMD_STATE veh=Merge_Car edge=34126779 lane=0 target=1 lane_count=1 recently=False speed=4.08
traci-bridge-1         | LANE_CMD_WAIT_EDGE veh=Merge_Car edge=34126779 lane=0 target=1 lane_count=1
traci-bridge-1         | LANE_CMD_STATE veh=Ramp_Merge_2 edge=34126779 lane=0 target=1 lane_count=1 recently=False speed=6.70
traci-bridge-1         | LANE_CMD_WAIT_EDGE veh=Ramp_Merge_2 edge=34126779 lane=0 target=1 lane_count=1
traci-bridge-1         | LANE_CMD_STATE veh=Ramp_Merge_3 edge=34126779 lane=0 target=1 lane_count=1 recently=False speed=6.23
traci-bridge-1         | LANE_CMD_WAIT_EDGE veh=Ramp_Merge_3 edge=34126779 lane=0 target=1 lane_count=1
traci-bridge-1         | LANE_CMD_STATE veh=Merge_Car edge=34126779 lane=0 target=1 lane_count=1 recently=False speed=4.09
traci-bridge-1         | LANE_CMD_WAIT_EDGE veh=Merge_Car edge=34126779 lane=0 target=1 lane_count=1
traci-bridge-1         | LANE_CMD_STATE veh=Ramp_Merge_2 edge=34126779 lane=0 target=1 lane_count=1 recently=False speed=6.70
traci-bridge-1         | LANE_CMD_WAIT_EDGE veh=Ramp_Merge_2 edge=34126779 lane=0 target=1 lane_count=1
traci-bridge-1         | LANE_CMD_STATE veh=Ramp_Merge_3 edge=34126779 lane=0 target=1 lane_count=1 recently=False speed=6.03
traci-bridge-1         | LANE_CMD_WAIT_EDGE veh=Ramp_Merge_3 edge=34126779 lane=0 target=1 lane_count=1
traci-bridge-1         | LANE_CMD_STATE veh=Merge_Car edge=:390064918_0 lane=0 target=1 lane_count=1 recently=False speed=4.09
traci-bridge-1         | LANE_CMD_WAIT_EDGE veh=Merge_Car edge=:390064918_0 lane=0 target=1 lane_count=1
traci-bridge-1         | LANE_CMD_STATE veh=Ramp_Merge_2 edge=34126779 lane=0 target=1 lane_count=1 recently=False speed=6.70
traci-bridge-1         | LANE_CMD_WAIT_EDGE veh=Ramp_Merge_2 edge=34126779 lane=0 target=1 lane_count=1
traci-bridge-1         | LANE_CMD_STATE veh=Ramp_Merge_3 edge=34126779 lane=0 target=1 lane_count=1 recently=False speed=5.84
traci-bridge-1         | LANE_CMD_WAIT_EDGE veh=Ramp_Merge_3 edge=34126779 lane=0 target=1 lane_count=1
traci-bridge-1         | LANE_CMD_STATE veh=Merge_Car edge=:390064918_0 lane=0 target=1 lane_count=1 recently=False speed=4.09
traci-bridge-1         | LANE_CMD_WAIT_EDGE veh=Merge_Car edge=:390064918_0 lane=0 target=1 lane_count=1
traci-bridge-1         | LANE_CMD_STATE veh=Ramp_Merge_2 edge=34126779 lane=0 target=1 lane_count=1 recently=False speed=6.71
traci-bridge-1         | LANE_CMD_WAIT_EDGE veh=Ramp_Merge_2 edge=34126779 lane=0 target=1 lane_count=1
traci-bridge-1         | LANE_CMD_STATE veh=Ramp_Merge_3 edge=34126779 lane=0 target=1 lane_count=1 recently=False speed=5.66
traci-bridge-1         | LANE_CMD_WAIT_EDGE veh=Ramp_Merge_3 edge=34126779 lane=0 target=1 lane_count=1
traci-bridge-1         | LANE_CMD_STATE veh=Merge_Car edge=:390064918_0 lane=0 target=1 lane_count=1 recently=False speed=4.09
traci-bridge-1         | LANE_CMD_WAIT_EDGE veh=Merge_Car edge=:390064918_0 lane=0 target=1 lane_count=1
traci-bridge-1         | LANE_CMD_STATE veh=Ramp_Merge_2 edge=34126779 lane=0 target=1 lane_count=1 recently=False speed=6.71
traci-bridge-1         | LANE_CMD_WAIT_EDGE veh=Ramp_Merge_2 edge=34126779 lane=0 target=1 lane_count=1
traci-bridge-1         | LANE_CMD_STATE veh=Ramp_Merge_3 edge=34126779 lane=0 target=1 lane_count=1 recently=False speed=5.49
traci-bridge-1         | LANE_CMD_WAIT_EDGE veh=Ramp_Merge_3 edge=34126779 lane=0 target=1 lane_count=1
traci-bridge-1         | LANE_CMD_STATE veh=Merge_Car edge=:390064918_0 lane=0 target=1 lane_count=1 recently=False speed=4.09
traci-bridge-1         | LANE_CMD_WAIT_EDGE veh=Merge_Car edge=:390064918_0 lane=0 target=1 lane_count=1
traci-bridge-1         | LANE_CMD_STATE veh=Ramp_Merge_2 edge=34126779 lane=0 target=1 lane_count=1 recently=False speed=6.71
traci-bridge-1         | LANE_CMD_WAIT_EDGE veh=Ramp_Merge_2 edge=34126779 lane=0 target=1 lane_count=1
traci-bridge-1         | LANE_CMD_STATE veh=Ramp_Merge_3 edge=34126779 lane=0 target=1 lane_count=1 recently=False speed=5.33
traci-bridge-1         | LANE_CMD_WAIT_EDGE veh=Ramp_Merge_3 edge=34126779 lane=0 target=1 lane_count=1
traci-bridge-1         | LANE_CMD_STATE veh=Merge_Car edge=:390064918_0 lane=0 target=1 lane_count=1 recently=False speed=4.10
traci-bridge-1         | LANE_CMD_WAIT_EDGE veh=Merge_Car edge=:390064918_0 lane=0 target=1 lane_count=1
traci-bridge-1         | LANE_CMD_STATE veh=Ramp_Merge_2 edge=34126779 lane=0 target=1 lane_count=1 recently=False speed=6.71
traci-bridge-1         | LANE_CMD_WAIT_EDGE veh=Ramp_Merge_2 edge=34126779 lane=0 target=1 lane_count=1
traci-bridge-1         | LANE_CMD_STATE veh=Ramp_Merge_3 edge=34126779 lane=0 target=1 lane_count=1 recently=False speed=5.17
traci-bridge-1         | LANE_CMD_WAIT_EDGE veh=Ramp_Merge_3 edge=34126779 lane=0 target=1 lane_count=1
traci-bridge-1         | LANE_CMD_STATE veh=Merge_Car edge=:390064918_0 lane=0 target=1 lane_count=1 recently=False speed=4.10
traci-bridge-1         | LANE_CMD_WAIT_EDGE veh=Merge_Car edge=:390064918_0 lane=0 target=1 lane_count=1
traci-bridge-1         | LANE_CMD_STATE veh=Ramp_Merge_2 edge=34126779 lane=0 target=1 lane_count=1 recently=False speed=6.71
traci-bridge-1         | LANE_CMD_WAIT_EDGE veh=Ramp_Merge_2 edge=34126779 lane=0 target=1 lane_count=1
traci-bridge-1         | LANE_CMD_STATE veh=Ramp_Merge_3 edge=34126779 lane=0 target=1 lane_count=1 recently=False speed=5.03
traci-bridge-1         | LANE_CMD_WAIT_EDGE veh=Ramp_Merge_3 edge=34126779 lane=0 target=1 lane_count=1
traci-bridge-1         | LANE_CMD_STATE veh=Merge_Car edge=:390064918_0 lane=0 target=1 lane_count=1 recently=False speed=4.10
traci-bridge-1         | LANE_CMD_WAIT_EDGE veh=Merge_Car edge=:390064918_0 lane=0 target=1 lane_count=1
traci-bridge-1         | LANE_CMD_STATE veh=Ramp_Merge_2 edge=34126779 lane=0 target=1 lane_count=1 recently=False speed=6.72
traci-bridge-1         | LANE_CMD_WAIT_EDGE veh=Ramp_Merge_2 edge=34126779 lane=0 target=1 lane_count=1
traci-bridge-1         | LANE_CMD_STATE veh=Ramp_Merge_3 edge=34126779 lane=0 target=1 lane_count=1 recently=False speed=4.89
traci-bridge-1         | LANE_CMD_WAIT_EDGE veh=Ramp_Merge_3 edge=34126779 lane=0 target=1 lane_count=1
traci-bridge-1         | LANE_CMD_STATE veh=Merge_Car edge=:390064918_0 lane=0 target=1 lane_count=1 recently=False speed=4.10
traci-bridge-1         | LANE_CMD_WAIT_EDGE veh=Merge_Car edge=:390064918_0 lane=0 target=1 lane_count=1
traci-bridge-1         | LANE_CMD_STATE veh=Ramp_Merge_2 edge=34126779 lane=0 target=1 lane_count=1 recently=False speed=6.72
traci-bridge-1         | LANE_CMD_WAIT_EDGE veh=Ramp_Merge_2 edge=34126779 lane=0 target=1 lane_count=1
traci-bridge-1         | LANE_CMD_STATE veh=Ramp_Merge_3 edge=34126779 lane=0 target=1 lane_count=1 recently=False speed=4.76
traci-bridge-1         | LANE_CMD_WAIT_EDGE veh=Ramp_Merge_3 edge=34126779 lane=0 target=1 lane_count=1
traci-bridge-1         | LANE_CMD_STATE veh=Merge_Car edge=1331698336 lane=0 target=1 lane_count=3 recently=False speed=4.10
traci-bridge-1         | LANE_CMD_APPLY veh=Merge_Car edge=1331698336 from_lane=0 target=1 duration=2.00 mode=256 speed=4.10
traci-bridge-1         | LANE_CMD_STATE veh=Ramp_Merge_2 edge=34126779 lane=0 target=1 lane_count=1 recently=False speed=6.72
traci-bridge-1         | LANE_CMD_WAIT_EDGE veh=Ramp_Merge_2 edge=34126779 lane=0 target=1 lane_count=1
traci-bridge-1         | LANE_CMD_STATE veh=Ramp_Merge_3 edge=34126779 lane=0 target=1 lane_count=1 recently=False speed=4.63
traci-bridge-1         | LANE_CMD_WAIT_EDGE veh=Ramp_Merge_3 edge=34126779 lane=0 target=1 lane_count=1
traci-bridge-1         | LANE_CMD_STATE veh=Merge_Car edge=1331698336 lane=1 target=1 lane_count=3 recently=True speed=4.10
traci-bridge-1         | LANE_CMD_CLEAR veh=Merge_Car edge=1331698336 target=1
traci-bridge-1         | LANE_CMD_STATE veh=Ramp_Merge_2 edge=34126779 lane=0 target=1 lane_count=1 recently=False speed=6.72
traci-bridge-1         | LANE_CMD_WAIT_EDGE veh=Ramp_Merge_2 edge=34126779 lane=0 target=1 lane_count=1
traci-bridge-1         | LANE_CMD_STATE veh=Ramp_Merge_3 edge=34126779 lane=0 target=1 lane_count=1 recently=False speed=4.51
traci-bridge-1         | LANE_CMD_WAIT_EDGE veh=Ramp_Merge_3 edge=34126779 lane=0 target=1 lane_count=1
traci-bridge-1         | LANE_CMD_STATE veh=Ramp_Merge_2 edge=34126779 lane=0 target=1 lane_count=1 recently=False speed=6.72
traci-bridge-1         | LANE_CMD_WAIT_EDGE veh=Ramp_Merge_2 edge=34126779 lane=0 target=1 lane_count=1
traci-bridge-1         | LANE_CMD_STATE veh=Ramp_Merge_3 edge=34126779 lane=0 target=1 lane_count=1 recently=False speed=4.40
traci-bridge-1         | LANE_CMD_WAIT_EDGE veh=Ramp_Merge_3 edge=34126779 lane=0 target=1 lane_count=1
traci-bridge-1         | LANE_CMD_STATE veh=Ramp_Merge_2 edge=34126779 lane=0 target=1 lane_count=1 recently=False speed=6.72
traci-bridge-1         | LANE_CMD_WAIT_EDGE veh=Ramp_Merge_2 edge=34126779 lane=0 target=1 lane_count=1
traci-bridge-1         | LANE_CMD_STATE veh=Ramp_Merge_3 edge=34126779 lane=0 target=1 lane_count=1 recently=False speed=4.29
traci-bridge-1         | LANE_CMD_WAIT_EDGE veh=Ramp_Merge_3 edge=34126779 lane=0 target=1 lane_count=1
traci-bridge-1         | LANE_CMD_STATE veh=Ramp_Merge_2 edge=34126779 lane=0 target=1 lane_count=1 recently=False speed=6.72
traci-bridge-1         | LANE_CMD_WAIT_EDGE veh=Ramp_Merge_2 edge=34126779 lane=0 target=1 lane_count=1
traci-bridge-1         | LANE_CMD_STATE veh=Ramp_Merge_3 edge=34126779 lane=0 target=1 lane_count=1 recently=False speed=4.19
obu-host-car-1         | HOST_REQUEST_DECISION: host=Host_Car ramp=107 manoeuvre=4 decision=REJECT reason=DISTANCE ramp_eta=1.25 host_eta=1.24 required_speed=1.29 current_speed=6.22 active_request_ramp=None active_request_remaining=0.0 ramp_remote_edge=1331698336 ramp_remote_lane=0 ramp_remote_fsm=YIELDING
obu-host-car-1         | [16.1] Host_Car MCM_TX_REJECT: manoeuvre=4 target=107
obu-ramp-merge-2-1     | [16.0] Ramp_Merge_2 MERGE_PREPARE_WAIT_LANE_AVAILABLE: edge=34126779 lane=0 target_lane=1 lane_count=1 executable=False dtm=31.3 speed=6.72 host=105 lead=104
obu-main-back-left-1   | [16.1] Main_Back_Left role=host state=CRUISE->CRUISE speed=6.99 target=7.50 neighbors=11
obu-ramp-merge-2-1     | [16.0] Ramp_Merge_2 role=merge state=NEGOTIATING->NEGOTIATING speed=6.72 target=6.75 neighbors=11
obu-lead-car-1         | [16.1] Lead_Car role=cruise state=CRUISE->CRUISE speed=7.50 target=7.50 neighbors=11
obu-ramp-merge-4-1     | MCM_REQUEST_RETRY_DIAG: vehicle=Ramp_Merge_4 host=106 lead=105 manoeuvre=97 retry_count=2 pending_age=1.0 dtm=79.5 own_eta=12.25 host_eta_current=13.143483903976447 host_eta_at_request=13.54357779360409 lead_eta_current=8.073696467976452 lead_eta_at_request=10.369355920370413 last_response_action=2 last_response_age=0.0 host_remote_fsm=YIELDING host_remote_edge=560761994 host_remote_lane=0 host_remote_merge_committed=False host_remote_merge_completed=False host_remote_active_merge_request=True host_remote_active_station_id=110 host_remote_active_manoeuvre_id=97 host_remote_active_remaining_s=1.3999999999999986
obu-ramp-merge-4-1     | MERGE_SLOT_QUALITY_DIAG: vehicle=Ramp_Merge_4 event=REQUEST_RETRY t=16.0 manoeuvre=97 source=retry_request lead=105 host=106 own_eta=12.25 lead_eta=10.37 host_eta=13.14 min_eta=11.87 max_eta=11.64 desired_eta=11.64 gap_possible=False dtm=79.5 edge=34126779 lane=0 speed=6.49 lead_speed=6.90 host_speed=6.00 lead_gap=55.40 host_gap=60.12 lead_gap_t1=55.40 lead_gap_t2=55.40 lead_gap_t3=55.40 host_gap_t1=59.63 host_gap_t2=59.14 host_gap_t3=58.64 rel_to_lead=-0.41 rel_to_host=0.49 lead_lat=6.86 host_lat=15.82 pending=True accepted=False authorized=False committed=False pending_age=1.00 accepted_age=None lane_cmd_state=NONE lane_cmd_target=None
obu-ramp-merge-4-1     | [16.0] Ramp_Merge_4 MCM_TX_REQUEST: manoeuvre=97 target=106
obu-ramp-merge-4-1     | MERGE_ATTEMPT_TIMELINE: vehicle=Ramp_Merge_4 manoeuvre=97 host=106 lead=105 event=ACCEPT_MATCHED t=16.0 edge=34126779 lane=0 lane_cmd_state=NONE speed=6.49 target=6.75 dtm=79.5 lead_gap=55.40 host_gap=60.12 lead_gap_t1=55.40 lead_gap_t2=55.40 lead_gap_t3=55.40 host_gap_t1=59.63 host_gap_t2=59.14 host_gap_t3=58.64
obu-ramp-merge-4-1     | MERGE_SLOT_QUALITY_DIAG: vehicle=Ramp_Merge_4 event=ACCEPT_MATCHED t=16.0 manoeuvre=97 source=accept_matched lead=105 host=106 own_eta=12.25 lead_eta=10.37 host_eta=13.14 min_eta=11.87 max_eta=11.64 desired_eta=11.64 gap_possible=False dtm=79.5 edge=34126779 lane=0 speed=6.49 lead_speed=6.90 host_speed=6.00 lead_gap=55.40 host_gap=60.12 lead_gap_t1=55.40 lead_gap_t2=55.40 lead_gap_t3=55.40 host_gap_t1=59.63 host_gap_t2=59.14 host_gap_t3=58.64 rel_to_lead=-0.41 rel_to_host=0.49 lead_lat=6.86 host_lat=15.82 pending=True accepted=False authorized=False committed=False pending_age=1.00 accepted_age=None lane_cmd_state=NONE lane_cmd_target=None
obu-ramp-merge-4-1     | [16.0] Ramp_Merge_4 MCM_ACCEPT_MATCHED: host=106 manoeuvre=97
obu-ramp-merge-4-1     | [16.0] Ramp_Merge_4 FINAL_GUARD: REJECTED slot-boundary ETA sid=106
obu-ramp-merge-4-1     | [16.0] Ramp_Merge_4 role=merge state=NEGOTIATING->NEGOTIATING speed=6.49 target=6.38 neighbors=11
obu-ramp-merge-3-1     | [16.0] Ramp_Merge_3 MERGE_COMMIT_SAFETY_HOLD: lgok=True hgok=False fgok=True edge=34126779 lane=0 target_lane=1 speed=4.29 lane_cmd_state=WAIT_EDGE lane_cmd_executable=False lane_cmd_edge=34126779 lane_cmd_lane_count=1
obu-main-back-right-1  | HOST_RESERVATION_HOLD: host=Main_Back_Right ramp=110 manoeuvre=97 remaining=0.9 own_speed=5.68 target_speed=5.15 ramp_fsm=NEGOTIATING ramp_lane_cmd_state=NONE ramp_edge=34126779 ramp_lane=0 ramp_merge_completed=False ramp_merge_committed=False
obu-main-back-right-1  | [16.0] Main_Back_Right HOST_HOLD_YIELD: for merge=110 spd=5.15
obu-main-back-right-1  | [16.0] Main_Back_Right MCM_TX_ACCEPT: manoeuvre=97 target=110
obu-main-back-right-1  | [16.0] Main_Back_Right role=host state=YIELDING->YIELDING speed=5.68 target=5.15 neighbors=11
obu-merge-car-1        | [16.1] Merge_Car role=host state=YIELDING->CRUISE speed=4.11 target=7.50 neighbors=11
obu-ramp-merge-4-1     | [16.1] Ramp_Merge_4 FINAL_GUARD: REJECTED slot-boundary ETA sid=106
obu-ramp-merge-3-1     | [16.1] Ramp_Merge_3 MERGE_PREPARE_WAIT_LANE_AVAILABLE: edge=34126779 lane=0 target_lane=1 lane_count=1 executable=False dtm=61.3 speed=4.19 host=105 lead=104
obu-ramp-merge-3-1     | [16.1] Ramp_Merge_3 MERGE_COMMIT_SAFETY_HOLD: lgok=True hgok=False fgok=True edge=34126779 lane=0 target_lane=1 speed=4.19 lane_cmd_state=WAIT_EDGE lane_cmd_executable=False lane_cmd_edge=34126779 lane_cmd_lane_count=1
obu-ramp-merge-3-1     | [16.1] Ramp_Merge_3 role=merge state=NEGOTIATING->NEGOTIATING speed=4.19 target=2.25 neighbors=11
obu-main-back-right-1  | HOST_RESERVATION_HOLD: host=Main_Back_Right ramp=110 manoeuvre=97 remaining=0.7 own_speed=5.63 target_speed=5.15 ramp_fsm=NEGOTIATING ramp_lane_cmd_state=NONE ramp_edge=34126779 ramp_lane=0 ramp_merge_completed=False ramp_merge_committed=False
obu-main-back-right-1  | [16.2] Main_Back_Right HOST_HOLD_YIELD: for merge=110 spd=5.15
obu-main-back-right-1  | HOST_RESERVATION_HOLD: host=Main_Back_Right ramp=110 manoeuvre=97 remaining=0.5 own_speed=5.58 target_speed=5.15 ramp_fsm=NEGOTIATING ramp_lane_cmd_state=NONE ramp_edge=34126779 ramp_lane=0 ramp_merge_completed=False ramp_merge_committed=False
obu-main-back-right-1  | [16.4] Main_Back_Right HOST_HOLD_YIELD: for merge=110 spd=5.15
obu-main-back-right-1  | [16.4] Main_Back_Right MCM_TX_ACCEPT: manoeuvre=97 target=110
obu-ramp-merge-4-1     | [16.5] Ramp_Merge_4 MCM_RX_ACCEPT: from=106 manoeuvre=97 target=110
obu-main-back-right-1  | [16.5] Main_Back_Right MCM_RX_REQUEST: from=110 manoeuvre=97 target=106
obu-host-car-1         | HOST_REQUEST_DECISION: host=Host_Car ramp=107 manoeuvre=4 decision=REJECT reason=DISTANCE ramp_eta=0.93 host_eta=1.35 required_speed=0.95 current_speed=3.97 active_request_ramp=None active_request_remaining=0.0 ramp_remote_edge=1331698336 ramp_remote_lane=1 ramp_remote_fsm=CRUISE
obu-ramp-merge-4-1     | [16.5] Ramp_Merge_4 MCM_RX_ACCEPT: from=106 manoeuvre=97 target=110
obu-merge-car-1        | [16.5] Merge_Car MCM_RX_REJECT: from=104 manoeuvre=4 target=107
obu-host-car-1         | [16.6] Host_Car MCM_TX_REJECT: manoeuvre=4 target=107
obu-host-car-1         | [16.6] Host_Car CAR_FOLLOW: sid=107 edge=560761994 lane=0 leader_edge= leader_lane=None leader_role_hint=ramp self_merge_completed=False self_merge_completed_age=-1.0 self_merge_committed=False lane_cmd_state=None lane_cmd_edge=None lane_cmd_target=None lane_cmd_executable=None same_lane=True reason=same_lane_cam gap=4.9 follow_spd=2.58 emergency=False target_before=7.5 target_after=3.7155753385888515 target_after_raw=2.58
obu-host-car-1         | [16.6] Host_Car role=host state=CRUISE->YIELDING speed=3.97 target=3.72 neighbors=11
obu-ramp-back-1        | [16.5] Ramp_Back role=merge state=YIELDING->YIELDING speed=5.77 target=5.52 neighbors=11
obu-main-front-left-1  | [16.6] Main_Front_Left role=cruise state=CRUISE->CRUISE speed=7.51 target=7.50 neighbors=11
obu-ramp-merge-3-1     | [16.6] Ramp_Merge_3 MERGE_COMMIT_SAFETY_HOLD: lgok=True hgok=False fgok=True edge=34126779 lane=0 target_lane=1 speed=3.75 lane_cmd_state=WAIT_EDGE lane_cmd_executable=False lane_cmd_edge=34126779 lane_cmd_lane_count=1
obu-main-back-right-1  | HOST_RESERVATION_HOLD: host=Main_Back_Right ramp=110 manoeuvre=97 remaining=0.3 own_speed=5.54 target_speed=5.15 ramp_fsm=NEGOTIATING ramp_lane_cmd_state=NONE ramp_edge=34126779 ramp_lane=0 ramp_merge_completed=False ramp_merge_committed=False
obu-main-back-right-1  | [16.6] Main_Back_Right HOST_HOLD_YIELD: for merge=110 spd=5.15
obu-ramp-merge-5-1     | [16.5] Ramp_Merge_5 FINAL_GUARD: REJECTED slot-boundary ETA sid=106
obu-ramp-merge-5-1     | [16.5] Ramp_Merge_5 MERGE_LCLEAR_BLOCK: sid=106 gap=3.2 neighbor_age=0.0 from_memory=False dtm=94.1
obu-ramp-merge-5-1     | [16.5] Ramp_Merge_5 MERGE_DECISION: auth=False phys=False fgok=False lgok=False hgok=True cok=True esok=True cready=False dtm=94.1 past=False committed=False hid=None ra=None lclear=False hyok=True
obu-ramp-merge-5-1     | [16.6] Ramp_Merge_5 FINAL_GUARD: REJECTED slot-boundary ETA sid=106
obu-ramp-merge-5-1     | [16.6] Ramp_Merge_5 MERGE_DECISION: auth=False phys=False fgok=False lgok=False hgok=True cok=True esok=True cready=False dtm=93.8 past=False committed=False hid=None ra=None lclear=False hyok=True
obu-ramp-merge-5-1     | [16.8] Ramp_Merge_5 FINAL_GUARD: REJECTED slot-boundary ETA sid=106
obu-ramp-merge-5-1     | [16.8] Ramp_Merge_5 MERGE_DECISION: auth=False phys=False fgok=False lgok=False hgok=True cok=True esok=True cready=False dtm=93.1 past=False committed=False hid=None ra=None lclear=False hyok=True
obu-ramp-merge-5-1     | [17.0] Ramp_Merge_5 FINAL_GUARD: REJECTED slot-boundary ETA sid=106
obu-ramp-merge-5-1     | [17.0] Ramp_Merge_5 MERGE_DECISION: auth=False phys=False fgok=False lgok=False hgok=True cok=True esok=True cready=False dtm=92.5 past=False committed=False hid=None ra=None lclear=False hyok=True
obu-ramp-merge-5-1     | [17.0] Ramp_Merge_5 role=merge state=CRUISE->CRUISE speed=6.66 target=6.41 neighbors=11
obu-merge-car-1        | [17.1] Merge_Car MCM_RX_REJECT: from=104 manoeuvre=4 target=107
obu-ramp-merge-4-1     | [17.0] Ramp_Merge_4 role=merge state=NEGOTIATING->NEGOTIATING speed=6.46 target=6.38 neighbors=11
obu-ramp-merge-3-1     | [17.1] Ramp_Merge_3 MERGE_PREPARE_WAIT_LANE_AVAILABLE: edge=34126779 lane=0 target_lane=1 lane_count=1 executable=False dtm=57.9 speed=3.41 host=105 lead=104
obu-ramp-merge-3-1     | MERGE_ATTEMPT_TIMELINE: vehicle=Ramp_Merge_3 manoeuvre=65 host=105 lead=104 event=ABORT_SAFETY_HOLD t=17.1 edge=34126779 lane=0 lane_cmd_state=WAIT_EDGE speed=3.41 target=6.75 dtm=57.9 lead_gap=44.08 host_gap=22.89 lead_gap_t1=44.08 lead_gap_t2=44.08 lead_gap_t3=44.08 host_gap_t1=22.89 host_gap_t2=22.89 host_gap_t3=22.89
obu-ramp-merge-3-1     | [17.1] Ramp_Merge_3 MERGE_COMMIT_ABORT_SAFETY_HOLD: lgok=True hgok=False fgok=True edge=34126779 lane=0 target_lane=1 speed=3.41 lane_cmd_state=WAIT_EDGE lane_cmd_executable=False lane_cmd_edge=34126779 lane_cmd_lane_count=1
obu-ramp-merge-3-1     | [17.1] Ramp_Merge_3 role=merge state=NEGOTIATING->NEGOTIATING speed=3.41 target=6.75 neighbors=11
obu-main-back-right-1  | HOST_RELEASE_BEFORE_CLEAR: host=Main_Back_Right ramp=110 manoeuvre=97 reason=timeout ramp_fsm=NEGOTIATING ramp_lane_cmd_state=NONE ramp_edge=34126779 ramp_lane=0 ramp_merge_completed=False ramp_merge_committed=False
obu-main-back-right-1  | HOST_RESERVATION_START: host=Main_Back_Right ramp=110 manoeuvre=97 until=21.1 own_speed=5.45 target_speed=4.88 required_speed=4.88 gap_eta=0.90
obu-main-back-right-1  | [17.1] Main_Back_Right HOST_RESERVED: merge=110 manoeuvre=97 until=21.1 target_spd=4.88
obu-main-back-right-1  | [17.1] Main_Back_Right HOST_YIELD: for merge=110 req_spd=4.88
obu-main-back-right-1  | HOST_REQUEST_DECISION: host=Main_Back_Right ramp=110 manoeuvre=97 decision=ACCEPT reason=YIELDING ramp_eta=11.92 host_eta=12.82 required_speed=4.21 current_speed=5.45 active_request_ramp=110 active_request_remaining=4.0 ramp_remote_edge=34126779 ramp_remote_lane=0 ramp_remote_fsm=NEGOTIATING
obu-main-mid-right-1   | [17.1] Main_Mid_Right role=cruise state=CRUISE->CRUISE speed=7.53 target=7.50 neighbors=11
obu-main-back-right-1  | [17.1] Main_Back_Right MCM_TX_ACCEPT: manoeuvre=97 target=110
obu-main-back-right-1  | [17.1] Main_Back_Right role=host state=YIELDING->YIELDING speed=5.45 target=4.88 neighbors=11
obu-merge-car-1        | [17.1] Merge_Car role=host state=CRUISE->CRUISE speed=5.25 target=7.50 neighbors=11
obu-main-back-left-1   | [17.1] Main_Back_Left role=host state=CRUISE->CRUISE speed=7.19 target=7.50 neighbors=11
obu-host-car-1         | [17.2] Host_Car CAR_FOLLOW: sid=107 edge=560761994 lane=0 leader_edge= leader_lane=None leader_role_hint=ramp self_merge_completed=False self_merge_completed_age=-1.0 self_merge_committed=False lane_cmd_state=None lane_cmd_edge=None lane_cmd_target=None lane_cmd_executable=None same_lane=True reason=same_lane_cam gap=4.5 follow_spd=2.25 emergency=False target_before=7.5 target_after=2.25 target_after_raw=2.25
obu-ramp-merge-2-1     | [17.1] Ramp_Merge_2 MERGE_PREPARE_WAIT_LANE_AVAILABLE: edge=34126779 lane=0 target_lane=1 lane_count=1 executable=False dtm=24.0 speed=6.73 host=105 lead=104
obu-ramp-merge-2-1     | [17.1] Ramp_Merge_2 role=merge state=NEGOTIATING->NEGOTIATING speed=6.73 target=6.75 neighbors=11
obu-lead-car-1         | [17.1] Lead_Car role=cruise state=CRUISE->CRUISE speed=7.50 target=7.50 neighbors=11
obu-ramp-merge-4-1     | [17.6] Ramp_Merge_4 MCM_ACCEPT_STALE: host=106 manoeuvre=97
obu-ramp-merge-4-1     | [17.6] Ramp_Merge_4 MCM_RX_ACCEPT: from=106 manoeuvre=97 target=110
obu-main-back-right-1  | HOST_RESERVATION_HOLD: host=Main_Back_Right ramp=110 manoeuvre=97 remaining=3.6 own_speed=5.37 target_speed=4.88 ramp_fsm=NEGOTIATING ramp_lane_cmd_state=NONE ramp_edge=34126779 ramp_lane=0 ramp_merge_completed=False ramp_merge_committed=False
obu-main-back-right-1  | [17.5] Main_Back_Right HOST_HOLD_YIELD: for merge=110 spd=4.88
obu-main-back-right-1  | [17.5] Main_Back_Right MCM_TX_ACCEPT: manoeuvre=97 target=110
obu-ramp-merge-5-1     | [17.6] Ramp_Merge_5 FINAL_GUARD: REJECTED slot-boundary ETA sid=106
obu-ramp-merge-5-1     | [17.6] Ramp_Merge_5 MERGE_LCLEAR_BLOCK: sid=106 gap=8.1 neighbor_age=0.6 from_memory=False dtm=90.7
obu-ramp-merge-5-1     | [17.6] Ramp_Merge_5 MERGE_DECISION: auth=False phys=False fgok=False lgok=False hgok=True cok=True esok=True cready=False dtm=90.7 past=False committed=False hid=None ra=None lclear=False hyok=True
obu-host-car-1         | [17.7] Host_Car CAR_FOLLOW: sid=107 edge=560761994 lane=0 leader_edge= leader_lane=None leader_role_hint=ramp self_merge_completed=False self_merge_completed_age=-1.0 self_merge_committed=False lane_cmd_state=None lane_cmd_edge=None lane_cmd_target=None lane_cmd_executable=None same_lane=True reason=same_lane_cam gap=5.9 follow_spd=2.62 emergency=False target_before=7.5 target_after=2.1973905037957775 target_after_raw=2.62
obu-host-car-1         | [17.7] Host_Car role=lead state=YIELDING->YIELDING speed=2.02 target=2.20 neighbors=11
obu-ramp-merge-2-1     | [17.7] Ramp_Merge_2 MERGE_COMMIT_SAFETY_HOLD: lgok=False hgok=True fgok=True edge=34126779 lane=0 target_lane=1 speed=6.74 lane_cmd_state=WAIT_EDGE lane_cmd_executable=False lane_cmd_edge=34126779 lane_cmd_lane_count=1
obu-ramp-merge-2-1     | [17.7] Ramp_Merge_2 CAR_FOLLOW: sid=104 edge=34126779 lane=0 leader_edge= leader_lane=None leader_role_hint=main self_merge_completed=False self_merge_completed_age=-1.0 self_merge_committed=True lane_cmd_state=WAIT_EDGE lane_cmd_edge=34126779 lane_cmd_target=1 lane_cmd_executable=False same_lane=True reason=same_lane_cam gap=11.7 follow_spd=2.62 emergency=False target_before=2.25 target_after=6.488781309582312 target_after_raw=2.62
obu-ramp-back-1        | [17.6] Ramp_Back role=merge state=CRUISE->CRUISE speed=5.89 target=6.75 neighbors=11
obu-main-front-left-1  | [17.8] Main_Front_Left role=cruise state=CRUISE->CRUISE speed=7.50 target=7.50 neighbors=11
obu-ramp-merge-3-1     | [17.6] Ramp_Merge_3 MERGE_DECISION: auth=False phys=True fgok=True lgok=False hgok=True cok=True esok=True cready=True dtm=56.2 past=False committed=False hid=None ra=None lclear=True hyok=True
obu-main-back-right-1  | HOST_RESERVATION_HOLD: host=Main_Back_Right ramp=110 manoeuvre=97 remaining=3.3 own_speed=5.30 target_speed=4.88 ramp_fsm=NEGOTIATING ramp_lane_cmd_state=NONE ramp_edge=34126779 ramp_lane=0 ramp_merge_completed=False ramp_merge_committed=False
obu-main-back-right-1  | [17.8] Main_Back_Right HOST_HOLD_YIELD: for merge=110 spd=4.88
obu-main-back-right-1  | [17.8] Main_Back_Right MCM_TX_ACCEPT: manoeuvre=97 target=110
obu-host-car-1         | [17.8] Host_Car CAR_FOLLOW: sid=107 edge=560761994 lane=0 leader_edge= leader_lane=None leader_role_hint=ramp self_merge_completed=False self_merge_completed_age=-1.0 self_merge_committed=False lane_cmd_state=None lane_cmd_edge=None lane_cmd_target=None lane_cmd_executable=None same_lane=True reason=same_lane_cam gap=5.7 follow_spd=2.62 emergency=False target_before=7.5 target_after=2.1638036031004817 target_after_raw=2.62
obu-ramp-merge-2-1     | [17.8] Ramp_Merge_2 MERGE_COMMIT_SAFETY_HOLD: lgok=False hgok=True fgok=True edge=34126779 lane=0 target_lane=1 speed=6.74 lane_cmd_state=WAIT_EDGE lane_cmd_executable=False lane_cmd_edge=34126779 lane_cmd_lane_count=1
obu-ramp-merge-2-1     | [17.8] Ramp_Merge_2 CAR_FOLLOW: sid=104 edge=34126779 lane=0 leader_edge= leader_lane=None leader_role_hint=main self_merge_completed=False self_merge_completed_age=-1.0 self_merge_committed=True lane_cmd_state=WAIT_EDGE lane_cmd_edge=34126779 lane_cmd_target=1 lane_cmd_executable=False same_lane=True reason=same_lane_cam gap=11.0 follow_spd=2.62 emergency=False target_before=2.25 target_after=6.489342244103197 target_after_raw=2.62
obu-ramp-merge-3-1     | [17.8] Ramp_Merge_3 FINAL_GUARD: REJECTED slot-boundary ETA sid=106
obu-ramp-merge-3-1     | [17.8] Ramp_Merge_3 MERGE_DECISION: auth=False phys=True fgok=False lgok=False hgok=True cok=True esok=True cready=True dtm=55.4 past=False committed=False hid=None ra=None lclear=True hyok=True
obu-host-car-1         | [18.0] Host_Car CAR_FOLLOW: sid=107 edge=560761994 lane=0 leader_edge= leader_lane=None leader_role_hint=ramp self_merge_completed=False self_merge_completed_age=-1.0 self_merge_committed=False lane_cmd_state=None lane_cmd_edge=None lane_cmd_target=None lane_cmd_executable=None same_lane=True reason=same_lane_cam gap=5.3 follow_spd=2.62 emergency=False target_before=7.5 target_after=2.1374029993833967 target_after_raw=2.62
obu-ramp-merge-2-1     | [18.0] Ramp_Merge_2 FINAL_GUARD: REJECTED slot-boundary ETA sid=104
obu-ramp-merge-2-1     | [18.0] Ramp_Merge_2 MERGE_COMMIT_SAFETY_HOLD: lgok=False hgok=True fgok=False edge=34126779 lane=0 target_lane=1 speed=6.73 lane_cmd_state=WAIT_EDGE lane_cmd_executable=False lane_cmd_edge=34126779 lane_cmd_lane_count=1
obu-ramp-merge-2-1     | [18.0] Ramp_Merge_2 CAR_FOLLOW: sid=104 edge=34126779 lane=0 leader_edge= leader_lane=None leader_role_hint=main self_merge_completed=False self_merge_completed_age=-1.0 self_merge_committed=True lane_cmd_state=WAIT_EDGE lane_cmd_edge=34126779 lane_cmd_target=1 lane_cmd_executable=False same_lane=True reason=same_lane_cam gap=9.7 follow_spd=2.62 emergency=False target_before=2.25 target_after=6.47732044078225 target_after_raw=2.62
obu-ramp-merge-3-1     | MERGE_SLOT_SKIP_BUSY_HOST: skipped_host=106 busy_for=110 remaining=3.3000000000000007 next_host=None lead=105 own_eta=12.55
obu-ramp-merge-3-1     | [18.0] Ramp_Merge_3 FINAL_GUARD: REJECTED slot-boundary ETA sid=106
obu-ramp-merge-3-1     | [18.0] Ramp_Merge_3 MERGE_DECISION: auth=False phys=True fgok=False lgok=False hgok=True cok=True esok=True cready=True dtm=54.7 past=False committed=False hid=None ra=None lclear=True hyok=True
obu-ramp-merge-3-1     | [18.0] Ramp_Merge_3 CAR_FOLLOW: sid=106 edge=34126779 lane=0 leader_edge= leader_lane=None leader_role_hint=main self_merge_completed=False self_merge_completed_age=-1.0 self_merge_committed=False lane_cmd_state=WAIT_EDGE lane_cmd_edge=34126779 lane_cmd_target=1 lane_cmd_executable=False same_lane=False reason=merge_conflict_eta gap=0.3 follow_spd=4.12 emergency=False target_before=4.105018626888101 target_after=4.125 target_after_raw=4.12
obu-main-back-left-1   | [18.1] Main_Back_Left role=host state=CRUISE->CRUISE speed=7.32 target=7.50 neighbors=11
obu-host-car-1         | [18.1] Host_Car CAR_FOLLOW: sid=107 edge=:390064918_1 lane=0 leader_edge= leader_lane=None leader_role_hint=ramp self_merge_completed=False self_merge_completed_age=-1.0 self_merge_committed=False lane_cmd_state=None lane_cmd_edge=None lane_cmd_target=None lane_cmd_executable=None same_lane=True reason=same_lane_cam gap=5.1 follow_spd=2.62 emergency=False target_before=7.5 target_after=2.147723029569251 target_after_raw=2.62
obu-ramp-merge-2-1     | [18.1] Ramp_Merge_2 MERGE_PREPARE_WAIT_LANE_AVAILABLE: edge=34126779 lane=0 target_lane=1 lane_count=1 executable=False dtm=17.3 speed=6.72 host=105 lead=104
obu-ramp-merge-2-1     | [18.1] Ramp_Merge_2 FINAL_GUARD: REJECTED slot-boundary ETA sid=104
obu-ramp-merge-2-1     | [18.1] Ramp_Merge_2 MERGE_COMMIT_SAFETY_HOLD: lgok=False hgok=True fgok=False edge=34126779 lane=0 target_lane=1 speed=6.72 lane_cmd_state=WAIT_EDGE lane_cmd_executable=False lane_cmd_edge=34126779 lane_cmd_lane_count=1
obu-ramp-merge-2-1     | [18.1] Ramp_Merge_2 CAR_FOLLOW: sid=104 edge=34126779 lane=0 leader_edge= leader_lane=None leader_role_hint=main self_merge_completed=False self_merge_completed_age=-1.0 self_merge_committed=True lane_cmd_state=WAIT_EDGE lane_cmd_edge=34126779 lane_cmd_target=1 lane_cmd_executable=False same_lane=True reason=same_lane_cam gap=9.0 follow_spd=2.62 emergency=False target_before=2.25 target_after=6.465421530948298 target_after_raw=2.62
obu-ramp-merge-2-1     | [18.1] Ramp_Merge_2 role=merge state=NEGOTIATING->NEGOTIATING speed=6.72 target=6.47 neighbors=11
obu-ramp-merge-3-1     | [18.2] Ramp_Merge_3 FINAL_GUARD: REJECTED slot-boundary ETA sid=106
obu-ramp-merge-3-1     | [18.2] Ramp_Merge_3 MERGE_DECISION: auth=False phys=True fgok=False lgok=False hgok=True cok=True esok=True cready=True dtm=53.9 past=False committed=False hid=None ra=None lclear=True hyok=True
obu-ramp-merge-3-1     | [18.2] Ramp_Merge_3 CAR_FOLLOW: sid=106 edge=34126779 lane=0 leader_edge= leader_lane=None leader_role_hint=main self_merge_completed=False self_merge_completed_age=-1.0 self_merge_committed=False lane_cmd_state=WAIT_EDGE lane_cmd_edge=34126779 lane_cmd_target=1 lane_cmd_executable=False same_lane=False reason=merge_conflict_eta gap=0.3 follow_spd=4.12 emergency=False target_before=4.066919623387403 target_after=4.125 target_after_raw=4.12
obu-ramp-merge-3-1     | [18.2] Ramp_Merge_3 role=merge state=YIELDING->YIELDING speed=4.32 target=4.12 neighbors=10
obu-ramp-merge-5-1     | [17.8] Ramp_Merge_5 FINAL_GUARD: REJECTED slot-boundary ETA sid=106
obu-ramp-merge-5-1     | [17.8] Ramp_Merge_5 MERGE_DECISION: auth=False phys=False fgok=False lgok=False hgok=True cok=True esok=True cready=False dtm=90.0 past=False committed=False hid=None ra=None lclear=False hyok=True
obu-ramp-merge-4-1     | [18.2] Ramp_Merge_4 MCM_RX_ACCEPT: from=106 manoeuvre=97 target=110
obu-ramp-merge-4-1     | [18.2] Ramp_Merge_4 MCM_RX_ACCEPT: from=106 manoeuvre=97 target=110
obu-ramp-merge-2-1     | [18.3] Ramp_Merge_2 MERGE_COMMIT_SAFETY_HOLD: lgok=False hgok=True fgok=True edge=34126779 lane=0 target_lane=1 speed=6.69 lane_cmd_state=WAIT_EDGE lane_cmd_executable=False lane_cmd_edge=34126779 lane_cmd_lane_count=1
obu-lead-car-1         | [18.3] Lead_Car role=cruise state=CRUISE->CRUISE speed=7.50 target=7.50 neighbors=11
obu-ramp-merge-2-1     | [18.3] Ramp_Merge_2 CAR_FOLLOW: sid=104 edge=34126779 lane=0 leader_edge= leader_lane=None leader_role_hint=main self_merge_completed=False self_merge_completed_age=-1.0 self_merge_committed=True lane_cmd_state=WAIT_EDGE lane_cmd_edge=34126779 lane_cmd_target=1 lane_cmd_executable=False same_lane=True reason=same_lane_cam gap=9.4 follow_spd=2.62 emergency=False target_before=2.25 target_after=6.442777710314854 target_after_raw=2.62
obu-ramp-merge-4-1     | [18.3] Ramp_Merge_4 MERGE_LCLEAR_BLOCK: sid=104 gap=2.2 neighbor_age=0.1 from_memory=False dtm=68.7
obu-ramp-merge-4-1     | MERGE_SLOT_QUALITY_DIAG: vehicle=Ramp_Merge_4 event=ACCEPTED_WAIT_SLOT_VALID t=18.3 manoeuvre=97 source=pending_request lead=104 host=106 own_eta=10.70 lead_eta=1.13 host_eta=13.23 min_eta=2.63 max_eta=11.73 desired_eta=10.70 gap_possible=True dtm=68.7 edge=34126779 lane=0 speed=6.42 lead_speed=1.96 host_speed=5.00 lead_gap=45.04 host_gap=39.12 lead_gap_t1=40.58 lead_gap_t2=36.12 lead_gap_t3=31.66 host_gap_t1=37.70 host_gap_t2=36.28 host_gap_t3=34.86 rel_to_lead=4.46 rel_to_host=1.42 lead_lat=44.35 host_lat=19.96 pending=True accepted=True authorized=False committed=False pending_age=3.30 accepted_age=0.00 lane_cmd_state=NONE lane_cmd_target=None
obu-ramp-merge-4-1     | [18.3] Ramp_Merge_4 MERGE_ACCEPTED_WAIT_SLOT_VALID: reason=lclear=False
obu-ramp-merge-4-1     | [18.3] Ramp_Merge_4 MERGE_DECISION: auth=False phys=True fgok=True lgok=True hgok=True cok=True esok=True cready=True dtm=68.7 past=False committed=False hid=106 ra=2 lclear=False hyok=True
obu-ramp-merge-4-1     | [18.3] Ramp_Merge_4 role=merge state=NEGOTIATING->NEGOTIATING speed=6.42 target=6.60 neighbors=11
obu-main-mid-right-1   | [18.3] Main_Mid_Right role=cruise state=CRUISE->CRUISE speed=7.52 target=7.50 neighbors=11
obu-main-back-right-1  | HOST_RESERVATION_HOLD: host=Main_Back_Right ramp=110 manoeuvre=97 remaining=2.8 own_speed=5.20 target_speed=4.88 ramp_fsm=NEGOTIATING ramp_lane_cmd_state=NONE ramp_edge=34126779 ramp_lane=0 ramp_merge_completed=False ramp_merge_committed=False
obu-main-back-right-1  | [18.3] Main_Back_Right HOST_HOLD_YIELD: for merge=110 spd=4.88
obu-main-back-right-1  | [18.3] Main_Back_Right MCM_TX_ACCEPT: manoeuvre=97 target=110
obu-main-back-right-1  | [18.3] Main_Back_Right role=host state=YIELDING->YIELDING speed=5.20 target=4.88 neighbors=11
traci-bridge-1         | LANE_CMD_WAIT_EDGE veh=Ramp_Merge_3 edge=34126779 lane=0 target=1 lane_count=1
traci-bridge-1         | LANE_CMD_STATE veh=Ramp_Merge_2 edge=34126779 lane=0 target=1 lane_count=1 recently=False speed=6.73
traci-bridge-1         | LANE_CMD_WAIT_EDGE veh=Ramp_Merge_2 edge=34126779 lane=0 target=1 lane_count=1
traci-bridge-1         | LANE_CMD_STATE veh=Ramp_Merge_3 edge=34126779 lane=0 target=1 lane_count=1 recently=False speed=4.09
traci-bridge-1         | LANE_CMD_WAIT_EDGE veh=Ramp_Merge_3 edge=34126779 lane=0 target=1 lane_count=1
traci-bridge-1         | LANE_CMD_STATE veh=Ramp_Merge_2 edge=34126779 lane=0 target=1 lane_count=1 recently=False speed=6.73
traci-bridge-1         | LANE_CMD_WAIT_EDGE veh=Ramp_Merge_2 edge=34126779 lane=0 target=1 lane_count=1
traci-bridge-1         | LANE_CMD_STATE veh=Ramp_Merge_3 edge=34126779 lane=0 target=1 lane_count=1 recently=False speed=4.00
traci-bridge-1         | LANE_CMD_WAIT_EDGE veh=Ramp_Merge_3 edge=34126779 lane=0 target=1 lane_count=1
traci-bridge-1         | LANE_CMD_STATE veh=Ramp_Merge_2 edge=34126779 lane=0 target=1 lane_count=1 recently=False speed=6.73
traci-bridge-1         | LANE_CMD_WAIT_EDGE veh=Ramp_Merge_2 edge=34126779 lane=0 target=1 lane_count=1
traci-bridge-1         | LANE_CMD_STATE veh=Ramp_Merge_3 edge=34126779 lane=0 target=1 lane_count=1 recently=False speed=3.91
traci-bridge-1         | LANE_CMD_WAIT_EDGE veh=Ramp_Merge_3 edge=34126779 lane=0 target=1 lane_count=1
traci-bridge-1         | LANE_CMD_STATE veh=Ramp_Merge_2 edge=34126779 lane=0 target=1 lane_count=1 recently=False speed=6.73
traci-bridge-1         | LANE_CMD_WAIT_EDGE veh=Ramp_Merge_2 edge=34126779 lane=0 target=1 lane_count=1
traci-bridge-1         | LANE_CMD_STATE veh=Ramp_Merge_3 edge=34126779 lane=0 target=1 lane_count=1 recently=False speed=3.83
traci-bridge-1         | LANE_CMD_WAIT_EDGE veh=Ramp_Merge_3 edge=34126779 lane=0 target=1 lane_count=1
traci-bridge-1         | LANE_CMD_STATE veh=Ramp_Merge_2 edge=34126779 lane=0 target=1 lane_count=1 recently=False speed=6.73
traci-bridge-1         | LANE_CMD_WAIT_EDGE veh=Ramp_Merge_2 edge=34126779 lane=0 target=1 lane_count=1
traci-bridge-1         | LANE_CMD_STATE veh=Ramp_Merge_3 edge=34126779 lane=0 target=1 lane_count=1 recently=False speed=3.75
traci-bridge-1         | LANE_CMD_WAIT_EDGE veh=Ramp_Merge_3 edge=34126779 lane=0 target=1 lane_count=1
traci-bridge-1         | LANE_CMD_STATE veh=Ramp_Merge_2 edge=34126779 lane=0 target=1 lane_count=1 recently=False speed=6.73
traci-bridge-1         | LANE_CMD_WAIT_EDGE veh=Ramp_Merge_2 edge=34126779 lane=0 target=1 lane_count=1
traci-bridge-1         | LANE_CMD_STATE veh=Ramp_Merge_3 edge=34126779 lane=0 target=1 lane_count=1 recently=False speed=3.68
traci-bridge-1         | LANE_CMD_WAIT_EDGE veh=Ramp_Merge_3 edge=34126779 lane=0 target=1 lane_count=1
traci-bridge-1         | LANE_CMD_STATE veh=Ramp_Merge_2 edge=34126779 lane=0 target=1 lane_count=1 recently=False speed=6.73
traci-bridge-1         | LANE_CMD_WAIT_EDGE veh=Ramp_Merge_2 edge=34126779 lane=0 target=1 lane_count=1
traci-bridge-1         | LANE_CMD_STATE veh=Ramp_Merge_3 edge=34126779 lane=0 target=1 lane_count=1 recently=False speed=3.60
traci-bridge-1         | LANE_CMD_WAIT_EDGE veh=Ramp_Merge_3 edge=34126779 lane=0 target=1 lane_count=1
traci-bridge-1         | LANE_CMD_STATE veh=Ramp_Merge_2 edge=34126779 lane=0 target=1 lane_count=1 recently=False speed=6.73
traci-bridge-1         | LANE_CMD_WAIT_EDGE veh=Ramp_Merge_2 edge=34126779 lane=0 target=1 lane_count=1
traci-bridge-1         | LANE_CMD_STATE veh=Ramp_Merge_3 edge=34126779 lane=0 target=1 lane_count=1 recently=False speed=3.54
traci-bridge-1         | LANE_CMD_WAIT_EDGE veh=Ramp_Merge_3 edge=34126779 lane=0 target=1 lane_count=1
traci-bridge-1         | LANE_CMD_STATE veh=Ramp_Merge_2 edge=34126779 lane=0 target=1 lane_count=1 recently=False speed=6.73
traci-bridge-1         | LANE_CMD_WAIT_EDGE veh=Ramp_Merge_2 edge=34126779 lane=0 target=1 lane_count=1
traci-bridge-1         | LANE_CMD_STATE veh=Ramp_Merge_3 edge=34126779 lane=0 target=1 lane_count=1 recently=False speed=3.47
traci-bridge-1         | LANE_CMD_WAIT_EDGE veh=Ramp_Merge_3 edge=34126779 lane=0 target=1 lane_count=1
traci-bridge-1         | LANE_CMD_STATE veh=Ramp_Merge_2 edge=34126779 lane=0 target=1 lane_count=1 recently=False speed=6.73
traci-bridge-1         | LANE_CMD_WAIT_EDGE veh=Ramp_Merge_2 edge=34126779 lane=0 target=1 lane_count=1
traci-bridge-1         | LANE_CMD_STATE veh=Ramp_Merge_3 edge=34126779 lane=0 target=1 lane_count=1 recently=False speed=3.41
traci-bridge-1         | LANE_CMD_WAIT_EDGE veh=Ramp_Merge_3 edge=34126779 lane=0 target=1 lane_count=1
traci-bridge-1         | LANE_CMD_STATE veh=Ramp_Merge_2 edge=34126779 lane=0 target=1 lane_count=1 recently=False speed=6.74
traci-bridge-1         | LANE_CMD_WAIT_EDGE veh=Ramp_Merge_2 edge=34126779 lane=0 target=1 lane_count=1
traci-bridge-1         | LANE_CMD_STATE veh=Ramp_Merge_3 edge=34126779 lane=0 target=1 lane_count=1 recently=False speed=3.35
traci-bridge-1         | LANE_CMD_WAIT_EDGE veh=Ramp_Merge_3 edge=34126779 lane=0 target=1 lane_count=1
traci-bridge-1         | LANE_CMD_STATE veh=Ramp_Merge_2 edge=34126779 lane=0 target=1 lane_count=1 recently=False speed=6.74
traci-bridge-1         | LANE_CMD_WAIT_EDGE veh=Ramp_Merge_2 edge=34126779 lane=0 target=1 lane_count=1
traci-bridge-1         | LANE_CMD_STATE veh=Ramp_Merge_3 edge=34126779 lane=0 target=1 lane_count=1 recently=False speed=3.52
traci-bridge-1         | LANE_CMD_WAIT_EDGE veh=Ramp_Merge_3 edge=34126779 lane=0 target=1 lane_count=1
traci-bridge-1         | LANE_CMD_STATE veh=Ramp_Merge_2 edge=34126779 lane=0 target=1 lane_count=1 recently=False speed=6.74
traci-bridge-1         | LANE_CMD_WAIT_EDGE veh=Ramp_Merge_2 edge=34126779 lane=0 target=1 lane_count=1
traci-bridge-1         | LANE_CMD_STATE veh=Ramp_Merge_3 edge=34126779 lane=0 target=1 lane_count=1 recently=False speed=3.68
traci-bridge-1         | LANE_CMD_WAIT_EDGE veh=Ramp_Merge_3 edge=34126779 lane=0 target=1 lane_count=1
traci-bridge-1         | LANE_CMD_STATE veh=Ramp_Merge_2 edge=34126779 lane=0 target=1 lane_count=1 recently=False speed=6.74
traci-bridge-1         | LANE_CMD_WAIT_EDGE veh=Ramp_Merge_2 edge=34126779 lane=0 target=1 lane_count=1
traci-bridge-1         | LANE_CMD_STATE veh=Ramp_Merge_3 edge=34126779 lane=0 target=1 lane_count=1 recently=False speed=3.84
traci-bridge-1         | LANE_CMD_WAIT_EDGE veh=Ramp_Merge_3 edge=34126779 lane=0 target=1 lane_count=1
traci-bridge-1         | LANE_CMD_STATE veh=Ramp_Merge_2 edge=34126779 lane=0 target=1 lane_count=1 recently=False speed=6.74
traci-bridge-1         | LANE_CMD_WAIT_EDGE veh=Ramp_Merge_2 edge=34126779 lane=0 target=1 lane_count=1
traci-bridge-1         | LANE_CMD_STATE veh=Ramp_Merge_3 edge=34126779 lane=0 target=1 lane_count=1 recently=False speed=3.98
traci-bridge-1         | LANE_CMD_WAIT_EDGE veh=Ramp_Merge_3 edge=34126779 lane=0 target=1 lane_count=1
traci-bridge-1         | LANE_CMD_STATE veh=Ramp_Merge_2 edge=34126779 lane=0 target=1 lane_count=1 recently=False speed=6.74
traci-bridge-1         | LANE_CMD_WAIT_EDGE veh=Ramp_Merge_2 edge=34126779 lane=0 target=1 lane_count=1
traci-bridge-1         | LANE_CMD_STATE veh=Ramp_Merge_3 edge=34126779 lane=0 target=1 lane_count=1 recently=False speed=4.12
traci-bridge-1         | LANE_CMD_WAIT_EDGE veh=Ramp_Merge_3 edge=34126779 lane=0 target=1 lane_count=1
traci-bridge-1         | LANE_CMD_STATE veh=Ramp_Merge_2 edge=34126779 lane=0 target=1 lane_count=1 recently=False speed=6.74
traci-bridge-1         | LANE_CMD_WAIT_EDGE veh=Ramp_Merge_2 edge=34126779 lane=0 target=1 lane_count=1
traci-bridge-1         | LANE_CMD_STATE veh=Ramp_Merge_3 edge=34126779 lane=0 target=1 lane_count=1 recently=False speed=4.25
traci-bridge-1         | LANE_CMD_WAIT_EDGE veh=Ramp_Merge_3 edge=34126779 lane=0 target=1 lane_count=1
traci-bridge-1         | LANE_CMD_STATE veh=Ramp_Merge_2 edge=34126779 lane=0 target=1 lane_count=1 recently=False speed=6.74
traci-bridge-1         | LANE_CMD_WAIT_EDGE veh=Ramp_Merge_2 edge=34126779 lane=0 target=1 lane_count=1
traci-bridge-1         | LANE_CMD_STATE veh=Ramp_Merge_3 edge=34126779 lane=0 target=1 lane_count=1 recently=False speed=4.38
traci-bridge-1         | LANE_CMD_WAIT_EDGE veh=Ramp_Merge_3 edge=34126779 lane=0 target=1 lane_count=1
traci-bridge-1         | LANE_CMD_STATE veh=Ramp_Merge_2 edge=34126779 lane=0 target=1 lane_count=1 recently=False speed=6.73
traci-bridge-1         | LANE_CMD_WAIT_EDGE veh=Ramp_Merge_2 edge=34126779 lane=0 target=1 lane_count=1
traci-bridge-1         | LANE_CMD_STATE veh=Ramp_Merge_3 edge=34126779 lane=0 target=1 lane_count=1 recently=False speed=4.36
traci-bridge-1         | LANE_CMD_WAIT_EDGE veh=Ramp_Merge_3 edge=34126779 lane=0 target=1 lane_count=1
traci-bridge-1         | LANE_CMD_STATE veh=Ramp_Merge_2 edge=34126779 lane=0 target=1 lane_count=1 recently=False speed=6.72
traci-bridge-1         | LANE_CMD_WAIT_EDGE veh=Ramp_Merge_2 edge=34126779 lane=0 target=1 lane_count=1
traci-bridge-1         | LANE_CMD_STATE veh=Ramp_Merge_3 edge=34126779 lane=0 target=1 lane_count=1 recently=False speed=4.33
traci-bridge-1         | LANE_CMD_WAIT_EDGE veh=Ramp_Merge_3 edge=34126779 lane=0 target=1 lane_count=1
traci-bridge-1         | LANE_CMD_STATE veh=Ramp_Merge_2 edge=34126779 lane=0 target=1 lane_count=1 recently=False speed=6.70
traci-bridge-1         | LANE_CMD_WAIT_EDGE veh=Ramp_Merge_2 edge=34126779 lane=0 target=1 lane_count=1
traci-bridge-1         | LANE_CMD_STATE veh=Ramp_Merge_3 edge=34126779 lane=0 target=1 lane_count=1 recently=False speed=4.32
traci-bridge-1         | LANE_CMD_WAIT_EDGE veh=Ramp_Merge_3 edge=34126779 lane=0 target=1 lane_count=1
traci-bridge-1         | LANE_CMD_STATE veh=Ramp_Merge_2 edge=34126779 lane=0 target=1 lane_count=1 recently=False speed=6.69
traci-bridge-1         | LANE_CMD_WAIT_EDGE veh=Ramp_Merge_2 edge=34126779 lane=0 target=1 lane_count=1
traci-bridge-1         | LANE_CMD_STATE veh=Ramp_Merge_3 edge=34126779 lane=0 target=1 lane_count=1 recently=False speed=4.31
traci-bridge-1         | LANE_CMD_WAIT_EDGE veh=Ramp_Merge_3 edge=34126779 lane=0 target=1 lane_count=1
traci-bridge-1         | LANE_CMD_STATE veh=Ramp_Merge_2 edge=34126779 lane=0 target=1 lane_count=1 recently=False speed=6.68
traci-bridge-1         | LANE_CMD_WAIT_EDGE veh=Ramp_Merge_2 edge=34126779 lane=0 target=1 lane_count=1
obu-ramp-merge-3-1     | [18.3] Ramp_Merge_3 FINAL_GUARD: REJECTED slot-boundary ETA sid=106
obu-ramp-merge-3-1     | [18.3] Ramp_Merge_3 MERGE_DECISION: auth=False phys=True fgok=False lgok=False hgok=True cok=True esok=True cready=True dtm=53.5 past=False committed=False hid=None ra=None lclear=True hyok=True
obu-ramp-merge-3-1     | [18.3] Ramp_Merge_3 CAR_FOLLOW: sid=106 edge=34126779 lane=0 leader_edge= leader_lane=None leader_role_hint=main self_merge_completed=False self_merge_completed_age=-1.0 self_merge_committed=False lane_cmd_state=WAIT_EDGE lane_cmd_edge=34126779 lane_cmd_target=1 lane_cmd_executable=False same_lane=False reason=merge_conflict_eta gap=0.1 follow_spd=4.12 emergency=False target_before=4.057323642218034 target_after=4.125 target_after_raw=4.12
obu-merge-car-1        | [18.3] Merge_Car role=cruise state=CRUISE->CRUISE speed=6.28 target=7.50 neighbors=11
obu-ramp-merge-5-1     | [18.3] Ramp_Merge_5 FINAL_GUARD: REJECTED slot-boundary ETA sid=106
obu-ramp-merge-5-1     | [18.3] Ramp_Merge_5 MERGE_DECISION: auth=False phys=False fgok=False lgok=False hgok=True cok=True esok=True cready=False dtm=88.2 past=False committed=False hid=None ra=None lclear=True hyok=True
obu-ramp-merge-5-1     | [18.3] Ramp_Merge_5 role=merge state=CRUISE->CRUISE speed=6.53 target=6.30 neighbors=11
obu-ramp-merge-4-1     | [18.8] Ramp_Merge_4 MCM_RX_ACCEPT: from=106 manoeuvre=97 target=110
obu-host-car-1         | [19.0] Host_Car role=lead state=CRUISE->CRUISE speed=3.00 target=7.50 neighbors=11
obu-ramp-merge-2-1     | [18.9] Ramp_Merge_2 FINAL_GUARD: REJECTED slot-boundary ETA sid=104
obu-ramp-merge-2-1     | [18.9] Ramp_Merge_2 MERGE_COMMIT_SAFETY_HOLD: lgok=False hgok=True fgok=False edge=34126779 lane=0 target_lane=1 speed=6.63 lane_cmd_state=WAIT_EDGE lane_cmd_executable=False lane_cmd_edge=34126779 lane_cmd_lane_count=1
obu-ramp-merge-2-1     | [18.9] Ramp_Merge_2 CAR_FOLLOW: sid=104 edge=34126779 lane=0 leader_edge= leader_lane=None leader_role_hint=main self_merge_completed=False self_merge_completed_age=-1.0 self_merge_committed=True lane_cmd_state=WAIT_EDGE lane_cmd_edge=34126779 lane_cmd_target=1 lane_cmd_executable=False same_lane=True reason=same_lane_cam gap=5.8 follow_spd=2.62 emergency=False target_before=2.25 target_after=6.37742675080902 target_after_raw=2.62
obu-main-front-left-1  | [19.0] Main_Front_Left role=cruise state=CRUISE->CRUISE speed=7.50 target=7.50 neighbors=11
obu-ramp-merge-4-1     | [18.9] Ramp_Merge_4 FINAL_GUARD: REJECTED slot-boundary ETA sid=106
obu-ramp-merge-4-1     | [18.9] Ramp_Merge_4 MERGE_DECISION: auth=False phys=True fgok=False lgok=True hgok=False cok=True esok=True cready=True dtm=65.8 past=False committed=False hid=106 ra=2 lclear=True hyok=True
obu-main-back-right-1  | HOST_RESERVATION_HOLD: host=Main_Back_Right ramp=110 manoeuvre=97 remaining=2.0 own_speed=5.09 target_speed=4.88 ramp_fsm=NEGOTIATING ramp_lane_cmd_state=NONE ramp_edge=34126779 ramp_lane=0 ramp_merge_completed=False ramp_merge_committed=False
obu-main-back-right-1  | [19.1] Main_Back_Right HOST_HOLD_YIELD: for merge=110 spd=4.88
obu-main-back-right-1  | [19.1] Main_Back_Right MCM_TX_ACCEPT: manoeuvre=97 target=110
obu-ramp-merge-3-1     | [19.0] Ramp_Merge_3 FINAL_GUARD: REJECTED slot-boundary ETA sid=106
obu-ramp-merge-3-1     | [19.0] Ramp_Merge_3 MERGE_DECISION: auth=False phys=True fgok=False lgok=False hgok=True cok=True esok=True cready=True dtm=50.8 past=False committed=False hid=None ra=None lclear=True hyok=True
obu-ramp-merge-3-1     | [19.0] Ramp_Merge_3 CAR_FOLLOW: sid=106 edge=34126779 lane=0 leader_edge= leader_lane=None leader_role_hint=main self_merge_completed=False self_merge_completed_age=-1.0 self_merge_committed=False lane_cmd_state=WAIT_EDGE lane_cmd_edge=34126779 lane_cmd_target=1 lane_cmd_executable=False same_lane=False reason=merge_conflict_eta gap=0.3 follow_spd=4.12 emergency=False target_before=4.002323399320506 target_after=4.125 target_after_raw=4.12
obu-ramp-merge-5-1     | [19.0] Ramp_Merge_5 FINAL_GUARD: REJECTED slot-boundary ETA sid=106
obu-ramp-merge-5-1     | [19.0] Ramp_Merge_5 MERGE_DECISION: auth=False phys=False fgok=False lgok=False hgok=True cok=True esok=True cready=False dtm=85.7 past=False committed=False hid=None ra=None lclear=True hyok=True
obu-ramp-back-1        | [19.0] Ramp_Back role=merge state=CRUISE->CRUISE speed=6.33 target=6.75 neighbors=11
obu-ramp-merge-2-1     | [19.0] Ramp_Merge_2 FINAL_GUARD: REJECTED slot-boundary sid=104 gap=9.8
obu-ramp-merge-2-1     | [19.0] Ramp_Merge_2 MERGE_COMMIT_SAFETY_HOLD: lgok=False hgok=True fgok=False edge=34126779 lane=0 target_lane=1 speed=6.62 lane_cmd_state=WAIT_EDGE lane_cmd_executable=False lane_cmd_edge=34126779 lane_cmd_lane_count=1
obu-ramp-merge-2-1     | [19.0] Ramp_Merge_2 CAR_FOLLOW: sid=104 edge=34126779 lane=0 leader_edge= leader_lane=None leader_role_hint=main self_merge_completed=False self_merge_completed_age=-1.0 self_merge_committed=True lane_cmd_state=WAIT_EDGE lane_cmd_edge=34126779 lane_cmd_target=1 lane_cmd_executable=False same_lane=False reason=merge_conflict_eta gap=0.7 follow_spd=4.60 emergency=False target_before=2.25 target_after=6.368194298784312 target_after_raw=4.60
obu-ramp-merge-4-1     | [19.0] Ramp_Merge_4 FINAL_GUARD: REJECTED slot-boundary ETA sid=106
obu-ramp-merge-4-1     | [19.0] Ramp_Merge_4 MERGE_DECISION: auth=False phys=True fgok=False lgok=True hgok=False cok=True esok=True cready=True dtm=65.4 past=False committed=False hid=106 ra=2 lclear=True hyok=True
obu-ramp-merge-3-1     | MERGE_SLOT_SKIP_BUSY_HOST: skipped_host=106 busy_for=110 remaining=2.8000000000000007 next_host=None lead=105 own_eta=11.86
obu-ramp-merge-3-1     | [19.1] Ramp_Merge_3 FINAL_GUARD: REJECTED slot-boundary ETA sid=106
obu-ramp-merge-3-1     | [19.1] Ramp_Merge_3 MERGE_DECISION: auth=False phys=True fgok=False lgok=False hgok=True cok=True esok=True cready=True dtm=50.4 past=False committed=False hid=None ra=None lclear=True hyok=True
obu-ramp-merge-3-1     | [19.1] Ramp_Merge_3 CAR_FOLLOW: sid=106 edge=34126779 lane=0 leader_edge= leader_lane=None leader_role_hint=main self_merge_completed=False self_merge_completed_age=-1.0 self_merge_committed=False lane_cmd_state=WAIT_EDGE lane_cmd_edge=34126779 lane_cmd_target=1 lane_cmd_executable=False same_lane=False reason=merge_conflict_eta gap=0.4 follow_spd=4.12 emergency=False target_before=3.995957229354481 target_after=4.125 target_after_raw=4.12
obu-ramp-merge-5-1     | [19.1] Ramp_Merge_5 FINAL_GUARD: REJECTED slot-boundary ETA sid=106
obu-ramp-merge-5-1     | [19.1] Ramp_Merge_5 MERGE_DECISION: auth=False phys=False fgok=False lgok=False hgok=True cok=True esok=True cready=False dtm=85.4 past=False committed=False hid=None ra=None lclear=True hyok=True
obu-main-back-left-1   | [19.2] Main_Back_Left role=host state=CRUISE->CRUISE speed=7.40 target=7.50 neighbors=11
obu-ramp-merge-2-1     | [19.1] Ramp_Merge_2 MERGE_PREPARE_WAIT_LANE_AVAILABLE: edge=34126779 lane=0 target_lane=1 lane_count=1 executable=False dtm=10.9 speed=6.61 host=105 lead=104
obu-ramp-merge-2-1     | [19.1] Ramp_Merge_2 FINAL_GUARD: REJECTED slot-boundary sid=104 gap=9.1
obu-ramp-merge-2-1     | [19.1] Ramp_Merge_2 MERGE_COMMIT_SAFETY_HOLD: lgok=False hgok=True fgok=False edge=34126779 lane=0 target_lane=1 speed=6.61 lane_cmd_state=WAIT_EDGE lane_cmd_executable=False lane_cmd_edge=34126779 lane_cmd_lane_count=1
obu-ramp-merge-2-1     | [19.1] Ramp_Merge_2 CAR_FOLLOW: sid=104 edge=34126779 lane=0 leader_edge= leader_lane=None leader_role_hint=main self_merge_completed=False self_merge_completed_age=-1.0 self_merge_committed=True lane_cmd_state=WAIT_EDGE lane_cmd_edge=34126779 lane_cmd_target=1 lane_cmd_executable=False same_lane=False reason=merge_conflict_eta gap=0.7 follow_spd=4.36 emergency=False target_before=2.25 target_after=6.359423469360839 target_after_raw=4.36
obu-ramp-merge-2-1     | [19.1] Ramp_Merge_2 role=merge state=NEGOTIATING->NEGOTIATING speed=6.61 target=6.36 neighbors=11
obu-ramp-merge-4-1     | [19.2] Ramp_Merge_4 FINAL_GUARD: REJECTED slot-boundary ETA sid=106
obu-ramp-merge-4-1     | [19.2] Ramp_Merge_4 MERGE_DECISION: auth=False phys=True fgok=False lgok=True hgok=False cok=True esok=True cready=True dtm=64.6 past=False committed=False hid=106 ra=2 lclear=True hyok=True
obu-main-mid-right-1   | [19.3] Main_Mid_Right role=cruise state=CRUISE->CRUISE speed=7.51 target=7.50 neighbors=11
obu-merge-car-1        | [19.3] Merge_Car role=cruise state=CRUISE->CRUISE speed=6.77 target=7.50 neighbors=11
obu-ramp-merge-5-1     | [19.3] Ramp_Merge_5 FINAL_GUARD: REJECTED slot-boundary ETA sid=106
obu-ramp-merge-5-1     | [19.3] Ramp_Merge_5 MERGE_DECISION: auth=False phys=False fgok=False lgok=False hgok=True cok=True esok=True cready=False dtm=84.5 past=False committed=False hid=None ra=None lclear=True hyok=True
obu-ramp-merge-5-1     | [19.3] Ramp_Merge_5 role=merge state=CRUISE->CRUISE speed=6.44 target=6.19 neighbors=11
obu-ramp-merge-2-1     | [19.3] Ramp_Merge_2 FINAL_GUARD: REJECTED slot-boundary sid=104 gap=7.9
obu-ramp-merge-2-1     | [19.3] Ramp_Merge_2 MERGE_COMMIT_SAFETY_HOLD: lgok=False hgok=True fgok=False edge=34126779 lane=0 target_lane=1 speed=6.59 lane_cmd_state=WAIT_EDGE lane_cmd_executable=False lane_cmd_edge=34126779 lane_cmd_lane_count=1
obu-ramp-merge-2-1     | [19.3] Ramp_Merge_2 CAR_FOLLOW: sid=104 edge=34126779 lane=0 leader_edge= leader_lane=None leader_role_hint=main self_merge_completed=False self_merge_completed_age=-1.0 self_merge_committed=True lane_cmd_state=WAIT_EDGE lane_cmd_edge=34126779 lane_cmd_target=1 lane_cmd_executable=False same_lane=False reason=merge_conflict_eta gap=0.5 follow_spd=4.12 emergency=False target_before=2.25 target_after=6.336342166700801 target_after_raw=4.12
obu-ramp-merge-4-1     | [19.3] Ramp_Merge_4 FINAL_GUARD: REJECTED slot-boundary ETA sid=106
obu-ramp-merge-4-1     | [19.3] Ramp_Merge_4 MERGE_DECISION: auth=False phys=True fgok=False lgok=True hgok=False cok=True esok=True cready=True dtm=64.2 past=False committed=False hid=106 ra=2 lclear=True hyok=True
obu-ramp-merge-4-1     | [19.3] Ramp_Merge_4 role=merge state=NEGOTIATING->NEGOTIATING speed=4.86 target=4.86 neighbors=11
obu-main-back-right-1  | HOST_RESERVATION_HOLD: host=Main_Back_Right ramp=110 manoeuvre=97 remaining=1.7 own_speed=5.06 target_speed=4.88 ramp_fsm=NEGOTIATING ramp_lane_cmd_state=NONE ramp_edge=34126779 ramp_lane=0 ramp_merge_completed=False ramp_merge_committed=False
obu-main-back-right-1  | [19.4] Main_Back_Right HOST_HOLD_YIELD: for merge=110 spd=4.88
obu-main-back-right-1  | [19.4] Main_Back_Right MCM_TX_ACCEPT: manoeuvre=97 target=110
obu-main-back-right-1  | [19.4] Main_Back_Right role=host state=YIELDING->YIELDING speed=5.06 target=4.88 neighbors=11
obu-ramp-merge-4-1     | [19.4] Ramp_Merge_4 MCM_RX_ACCEPT: from=106 manoeuvre=97 target=110
obu-ramp-merge-3-1     | [19.4] Ramp_Merge_3 FINAL_GUARD: REJECTED slot-boundary ETA sid=106
obu-ramp-merge-3-1     | [19.4] Ramp_Merge_3 MERGE_DECISION: auth=False phys=True fgok=False lgok=False hgok=True cok=True esok=True cready=True dtm=49.1 past=False committed=False hid=None ra=None lclear=True hyok=True
obu-ramp-merge-3-1     | [19.4] Ramp_Merge_3 CAR_FOLLOW: sid=106 edge=34126779 lane=0 leader_edge= leader_lane=None leader_role_hint=main self_merge_completed=False self_merge_completed_age=-1.0 self_merge_committed=False lane_cmd_state=WAIT_EDGE lane_cmd_edge=34126779 lane_cmd_target=1 lane_cmd_executable=False same_lane=False reason=merge_conflict_eta gap=0.0 follow_spd=4.12 emergency=False target_before=3.9787057045177976 target_after=4.125 target_after_raw=4.12
obu-ramp-merge-3-1     | [19.4] Ramp_Merge_3 role=merge state=YIELDING->YIELDING speed=4.23 target=4.12 neighbors=11
obu-lead-car-1         | [19.4] Lead_Car role=cruise state=CRUISE->CRUISE speed=7.50 target=7.50 neighbors=11
obu-main-back-right-1  | HOST_RESERVATION_HOLD: host=Main_Back_Right ramp=110 manoeuvre=97 remaining=1.6 own_speed=5.05 target_speed=4.88 ramp_fsm=NEGOTIATING ramp_lane_cmd_state=NONE ramp_edge=34126779 ramp_lane=0 ramp_merge_completed=False ramp_merge_committed=False
obu-main-back-right-1  | [19.5] Main_Back_Right HOST_HOLD_YIELD: for merge=110 spd=4.88
obu-ramp-merge-3-1     | [19.5] Ramp_Merge_3 FINAL_GUARD: REJECTED slot-boundary ETA sid=106
obu-ramp-merge-3-1     | [19.5] Ramp_Merge_3 MERGE_DECISION: auth=False phys=True fgok=False lgok=False hgok=True cok=True esok=True cready=True dtm=48.7 past=False committed=False hid=None ra=None lclear=True hyok=True
obu-ramp-merge-3-1     | [19.5] Ramp_Merge_3 CAR_FOLLOW: sid=106 edge=34126779 lane=0 leader_edge= leader_lane=None leader_role_hint=main self_merge_completed=False self_merge_completed_age=-1.0 self_merge_committed=False lane_cmd_state=WAIT_EDGE lane_cmd_edge=34126779 lane_cmd_target=1 lane_cmd_executable=False same_lane=False reason=merge_conflict_eta gap=0.1 follow_spd=4.12 emergency=False target_before=3.9735204192919076 target_after=4.125 target_after_raw=4.12
obu-main-back-right-1  | HOST_RESERVATION_HOLD: host=Main_Back_Right ramp=110 manoeuvre=97 remaining=1.4 own_speed=5.03 target_speed=4.88 ramp_fsm=NEGOTIATING ramp_lane_cmd_state=NONE ramp_edge=34126779 ramp_lane=0 ramp_merge_completed=False ramp_merge_committed=False
obu-main-back-right-1  | [19.7] Main_Back_Right HOST_HOLD_YIELD: for merge=110 spd=4.88
obu-main-back-right-1  | [19.7] Main_Back_Right MCM_TX_ACCEPT: manoeuvre=97 target=110
obu-ramp-merge-3-1     | [19.6] Ramp_Merge_3 FINAL_GUARD: REJECTED slot-boundary ETA sid=106
obu-ramp-merge-3-1     | [19.6] Ramp_Merge_3 MERGE_DECISION: auth=False phys=True fgok=False lgok=False hgok=True cok=True esok=True cready=True dtm=48.3 past=False committed=False hid=None ra=None lclear=True hyok=True
obu-ramp-merge-3-1     | [19.6] Ramp_Merge_3 CAR_FOLLOW: sid=106 edge=34126779 lane=0 leader_edge= leader_lane=None leader_role_hint=main self_merge_completed=False self_merge_completed_age=-1.0 self_merge_committed=False lane_cmd_state=WAIT_EDGE lane_cmd_edge=34126779 lane_cmd_target=1 lane_cmd_executable=False same_lane=False reason=merge_conflict_eta gap=0.2 follow_spd=4.12 emergency=False target_before=3.968594398327312 target_after=4.125 target_after_raw=4.12
obu-main-back-right-1  | HOST_RESERVATION_HOLD: host=Main_Back_Right ramp=110 manoeuvre=97 remaining=1.3 own_speed=5.03 target_speed=4.88 ramp_fsm=NEGOTIATING ramp_lane_cmd_state=NONE ramp_edge=34126779 ramp_lane=0 ramp_merge_completed=False ramp_merge_committed=False
obu-main-back-right-1  | [19.8] Main_Back_Right HOST_HOLD_YIELD: for merge=110 spd=4.88
obu-ramp-merge-4-1     | [19.9] Ramp_Merge_4 MCM_RX_ACCEPT: from=106 manoeuvre=97 target=110
obu-ramp-merge-3-1     | [19.8] Ramp_Merge_3 FINAL_GUARD: REJECTED slot-boundary ETA sid=106
obu-ramp-merge-3-1     | [19.8] Ramp_Merge_3 MERGE_DECISION: auth=False phys=True fgok=False lgok=False hgok=True cok=True esok=True cready=True dtm=47.5 past=False committed=False hid=None ra=None lclear=True hyok=True
obu-ramp-merge-3-1     | [19.9] Ramp_Merge_3 CAR_FOLLOW: sid=106 edge=34126779 lane=0 leader_edge= leader_lane=None leader_role_hint=main self_merge_completed=False self_merge_completed_age=-1.0 self_merge_committed=False lane_cmd_state=WAIT_EDGE lane_cmd_edge=34126779 lane_cmd_target=1 lane_cmd_executable=False same_lane=False reason=merge_conflict_eta gap=0.2 follow_spd=4.12 emergency=False target_before=3.959468944490399 target_after=4.125 target_after_raw=4.12
obu-ramp-merge-4-1     | [20.0] Ramp_Merge_4 MCM_RX_ACCEPT: from=106 manoeuvre=97 target=110
obu-ramp-merge-5-1     | [19.9] Ramp_Merge_5 MERGE_DECISION: auth=False phys=False fgok=True lgok=False hgok=True cok=True esok=True cready=False dtm=81.9 past=False committed=False hid=None ra=None lclear=True hyok=True
obu-main-front-left-1  | [20.0] Main_Front_Left role=cruise state=CRUISE->CRUISE speed=7.50 target=7.50 neighbors=11
obu-host-car-1         | [20.0] Host_Car role=lead state=CRUISE->CRUISE speed=4.78 target=7.50 neighbors=11
obu-ramp-merge-2-1     | [20.0] Ramp_Merge_2 FINAL_GUARD: REJECTED slot-boundary sid=104 gap=8.0
obu-ramp-merge-2-1     | [20.0] Ramp_Merge_2 MERGE_COMMIT_SAFETY_HOLD: lgok=False hgok=True fgok=False edge=34126779 lane=0 target_lane=1 speed=6.51 lane_cmd_state=WAIT_EDGE lane_cmd_executable=False lane_cmd_edge=34126779 lane_cmd_lane_count=1
obu-ramp-merge-4-1     | [20.0] Ramp_Merge_4 FINAL_GUARD: REJECTED slot-boundary ETA sid=102
obu-ramp-merge-4-1     | MERGE_SLOT_QUALITY_DIAG: vehicle=Ramp_Merge_4 event=ACCEPTED_WAIT_SLOT_VALID t=20.0 manoeuvre=97 source=pending_request lead=102 host=106 own_eta=13.86 lead_eta=12.96 host_eta=11.13 min_eta=14.46 max_eta=9.63 desired_eta=9.63 gap_possible=False dtm=61.7 edge=34126779 lane=0 speed=4.45 lead_speed=7.50 host_speed=5.02 lead_gap=60.77 host_gap=29.72 lead_gap_t1=60.77 lead_gap_t2=60.77 lead_gap_t3=60.77 host_gap_t1=29.72 host_gap_t2=29.72 host_gap_t3=29.72 rel_to_lead=-3.05 rel_to_host=-0.57 lead_lat=134.62 host_lat=15.17 pending=True accepted=True authorized=False committed=False pending_age=5.00 accepted_age=0.00 lane_cmd_state=NONE lane_cmd_target=None
obu-ramp-merge-4-1     | [20.0] Ramp_Merge_4 MERGE_ACCEPTED_WAIT_SLOT_VALID: reason=lgok=False(gap=60.77),hgok=False(gap=29.72),fgok=False
obu-ramp-merge-4-1     | MERGE_ATTEMPT_TIMELINE: vehicle=Ramp_Merge_4 manoeuvre=97 host=106 lead=105 event=SLOT_EXPIRED t=20.0 edge=34126779 lane=0 lane_cmd_state=NONE speed=4.45 target=4.45 dtm=61.7 lead_gap=36.27 host_gap=29.72 lead_gap_t1=36.27 lead_gap_t2=36.27 lead_gap_t3=36.27 host_gap_t1=29.72 host_gap_t2=29.72 host_gap_t3=29.72
obu-ramp-merge-4-1     | MERGE_SLOT_QUALITY_DIAG: vehicle=Ramp_Merge_4 event=SLOT_EXPIRED t=20.0 manoeuvre=97 source=pending_request lead=102 host=106 own_eta=13.86 lead_eta=12.96 host_eta=11.13 min_eta=14.46 max_eta=9.63 desired_eta=9.63 gap_possible=False dtm=61.7 edge=34126779 lane=0 speed=4.45 lead_speed=7.50 host_speed=5.02 lead_gap=60.77 host_gap=29.72 lead_gap_t1=60.77 lead_gap_t2=60.77 lead_gap_t3=60.77 host_gap_t1=29.72 host_gap_t2=29.72 host_gap_t3=29.72 rel_to_lead=-3.05 rel_to_host=-0.57 lead_lat=134.62 host_lat=15.17 pending=True accepted=True authorized=False committed=False pending_age=5.00 accepted_age=0.00 lane_cmd_state=NONE lane_cmd_target=None
obu-ramp-merge-4-1     | [20.0] Ramp_Merge_4 MERGE_ACCEPTED_SLOT_EXPIRED: age=1.7 dtm=61.7
obu-main-back-right-1  | HOST_RESERVATION_HOLD: host=Main_Back_Right ramp=110 manoeuvre=97 remaining=1.1 own_speed=5.01 target_speed=4.88 ramp_fsm=NEGOTIATING ramp_lane_cmd_state=NONE ramp_edge=34126779 ramp_lane=0 ramp_merge_completed=False ramp_merge_committed=False
obu-main-back-right-1  | [20.0] Main_Back_Right HOST_HOLD_YIELD: for merge=110 spd=4.88
obu-main-back-right-1  | [20.0] Main_Back_Right MCM_TX_ACCEPT: manoeuvre=97 target=110
obu-ramp-merge-3-1     | MERGE_AUTHORIZED_LEAD_ONLY_AFTER_LAST_MAIN: vehicle=Ramp_Merge_3 lead=105 dtm=46.8 lead_gap=19.32 lead_gap_t1=19.32 lead_gap_t2=19.32 source=true_after_last_main
obu-ramp-merge-3-1     | [20.0] Ramp_Merge_3 MERGE_DECISION: auth=True phys=True fgok=True lgok=True hgok=True cok=True esok=True cready=True dtm=46.8 past=False committed=False hid=None ra=None lclear=True hyok=True
obu-ramp-merge-3-1     | [20.0] Ramp_Merge_3 MERGE_PREPARE_WAIT_LANE_AVAILABLE: edge=34126779 lane=0 target_lane=1 lane_count=1 executable=False dtm=46.8 speed=4.20 host=None lead=105
obu-ramp-merge-3-1     | [20.1] Ramp_Merge_3 CAR_FOLLOW: sid=106 edge=34126779 lane=0 leader_edge= leader_lane=None leader_role_hint=main self_merge_completed=False self_merge_completed_age=-1.0 self_merge_committed=True lane_cmd_state=WAIT_EDGE lane_cmd_edge=34126779 lane_cmd_target=1 lane_cmd_executable=False same_lane=False reason=merge_conflict_eta gap=0.1 follow_spd=4.12 emergency=False target_before=4.377421561282455 target_after=4.125 target_after_raw=4.12
obu-ramp-merge-3-1     | [20.3] Ramp_Merge_3 CAR_FOLLOW: sid=106 edge=34126779 lane=0 leader_edge= leader_lane=None leader_role_hint=main self_merge_completed=False self_merge_completed_age=-1.0 self_merge_committed=True lane_cmd_state=WAIT_EDGE lane_cmd_edge=34126779 lane_cmd_target=1 lane_cmd_executable=False same_lane=False reason=merge_conflict_eta gap=0.3 follow_spd=4.12 emergency=False target_before=4.383172120177544 target_after=4.125 target_after_raw=4.12
obu-ramp-merge-2-1     | [20.4] Ramp_Merge_2 MERGE_LANE_WAIT_EDGE_CONFIRMED: edge=:390064918_0 lane=0 target_lane=1 lane_count=1 executable=False
obu-ramp-merge-4-1     | [20.6] Ramp_Merge_4 MCM_RX_ACCEPT: from=106 manoeuvre=97 target=110
obu-main-back-left-1   | [20.6] Main_Back_Left role=host state=CRUISE->CRUISE speed=7.45 target=7.50 neighbors=11
obu-ramp-merge-5-1     | [20.6] Ramp_Merge_5 MERGE_DECISION: auth=False phys=False fgok=True lgok=False hgok=True cok=True esok=True cready=False dtm=79.0 past=False committed=False hid=None ra=None lclear=True hyok=True
obu-ramp-merge-5-1     | [20.6] Ramp_Merge_5 role=merge state=CRUISE->CRUISE speed=6.35 target=6.26 neighbors=11
obu-lead-car-1         | [20.7] Lead_Car role=cruise state=CRUISE->CRUISE speed=7.50 target=7.50 neighbors=11
traci-bridge-1         | LANE_CMD_STATE veh=Ramp_Merge_3 edge=34126779 lane=0 target=1 lane_count=1 recently=False speed=4.30
traci-bridge-1         | LANE_CMD_WAIT_EDGE veh=Ramp_Merge_3 edge=34126779 lane=0 target=1 lane_count=1
traci-bridge-1         | LANE_CMD_STATE veh=Ramp_Merge_2 edge=34126779 lane=0 target=1 lane_count=1 recently=False speed=6.67
traci-bridge-1         | LANE_CMD_WAIT_EDGE veh=Ramp_Merge_2 edge=34126779 lane=0 target=1 lane_count=1
traci-bridge-1         | LANE_CMD_STATE veh=Ramp_Merge_3 edge=34126779 lane=0 target=1 lane_count=1 recently=False speed=4.29
traci-bridge-1         | LANE_CMD_WAIT_EDGE veh=Ramp_Merge_3 edge=34126779 lane=0 target=1 lane_count=1
traci-bridge-1         | LANE_CMD_STATE veh=Ramp_Merge_2 edge=34126779 lane=0 target=1 lane_count=1 recently=False speed=6.66
traci-bridge-1         | LANE_CMD_WAIT_EDGE veh=Ramp_Merge_2 edge=34126779 lane=0 target=1 lane_count=1
traci-bridge-1         | LANE_CMD_STATE veh=Ramp_Merge_3 edge=34126779 lane=0 target=1 lane_count=1 recently=False speed=4.28
traci-bridge-1         | LANE_CMD_WAIT_EDGE veh=Ramp_Merge_3 edge=34126779 lane=0 target=1 lane_count=1
traci-bridge-1         | LANE_CMD_STATE veh=Ramp_Merge_2 edge=34126779 lane=0 target=1 lane_count=1 recently=False speed=6.65
traci-bridge-1         | LANE_CMD_WAIT_EDGE veh=Ramp_Merge_2 edge=34126779 lane=0 target=1 lane_count=1
traci-bridge-1         | LANE_CMD_STATE veh=Ramp_Merge_3 edge=34126779 lane=0 target=1 lane_count=1 recently=False speed=4.27
traci-bridge-1         | LANE_CMD_WAIT_EDGE veh=Ramp_Merge_3 edge=34126779 lane=0 target=1 lane_count=1
traci-bridge-1         | LANE_CMD_STATE veh=Ramp_Merge_2 edge=34126779 lane=0 target=1 lane_count=1 recently=False speed=6.64
traci-bridge-1         | LANE_CMD_WAIT_EDGE veh=Ramp_Merge_2 edge=34126779 lane=0 target=1 lane_count=1
traci-bridge-1         | LANE_CMD_STATE veh=Ramp_Merge_3 edge=34126779 lane=0 target=1 lane_count=1 recently=False speed=4.27
traci-bridge-1         | LANE_CMD_WAIT_EDGE veh=Ramp_Merge_3 edge=34126779 lane=0 target=1 lane_count=1
traci-bridge-1         | LANE_CMD_STATE veh=Ramp_Merge_2 edge=34126779 lane=0 target=1 lane_count=1 recently=False speed=6.63
traci-bridge-1         | LANE_CMD_WAIT_EDGE veh=Ramp_Merge_2 edge=34126779 lane=0 target=1 lane_count=1
traci-bridge-1         | LANE_CMD_STATE veh=Ramp_Merge_3 edge=34126779 lane=0 target=1 lane_count=1 recently=False speed=4.26
traci-bridge-1         | LANE_CMD_WAIT_EDGE veh=Ramp_Merge_3 edge=34126779 lane=0 target=1 lane_count=1
traci-bridge-1         | LANE_CMD_STATE veh=Ramp_Merge_2 edge=34126779 lane=0 target=1 lane_count=1 recently=False speed=6.62
traci-bridge-1         | LANE_CMD_WAIT_EDGE veh=Ramp_Merge_2 edge=34126779 lane=0 target=1 lane_count=1
traci-bridge-1         | LANE_CMD_STATE veh=Ramp_Merge_3 edge=34126779 lane=0 target=1 lane_count=1 recently=False speed=4.25
traci-bridge-1         | LANE_CMD_WAIT_EDGE veh=Ramp_Merge_3 edge=34126779 lane=0 target=1 lane_count=1
traci-bridge-1         | LANE_CMD_STATE veh=Ramp_Merge_2 edge=34126779 lane=0 target=1 lane_count=1 recently=False speed=6.61
traci-bridge-1         | LANE_CMD_WAIT_EDGE veh=Ramp_Merge_2 edge=34126779 lane=0 target=1 lane_count=1
traci-bridge-1         | LANE_CMD_STATE veh=Ramp_Merge_3 edge=34126779 lane=0 target=1 lane_count=1 recently=False speed=4.25
traci-bridge-1         | LANE_CMD_WAIT_EDGE veh=Ramp_Merge_3 edge=34126779 lane=0 target=1 lane_count=1
traci-bridge-1         | LANE_CMD_STATE veh=Ramp_Merge_2 edge=34126779 lane=0 target=1 lane_count=1 recently=False speed=6.60
traci-bridge-1         | LANE_CMD_WAIT_EDGE veh=Ramp_Merge_2 edge=34126779 lane=0 target=1 lane_count=1
traci-bridge-1         | LANE_CMD_STATE veh=Ramp_Merge_3 edge=34126779 lane=0 target=1 lane_count=1 recently=False speed=4.24
traci-bridge-1         | LANE_CMD_WAIT_EDGE veh=Ramp_Merge_3 edge=34126779 lane=0 target=1 lane_count=1
traci-bridge-1         | LANE_CMD_STATE veh=Ramp_Merge_2 edge=34126779 lane=0 target=1 lane_count=1 recently=False speed=6.59
traci-bridge-1         | LANE_CMD_WAIT_EDGE veh=Ramp_Merge_2 edge=34126779 lane=0 target=1 lane_count=1
traci-bridge-1         | LANE_CMD_STATE veh=Ramp_Merge_3 edge=34126779 lane=0 target=1 lane_count=1 recently=False speed=4.23
traci-bridge-1         | LANE_CMD_WAIT_EDGE veh=Ramp_Merge_3 edge=34126779 lane=0 target=1 lane_count=1
traci-bridge-1         | LANE_CMD_STATE veh=Ramp_Merge_2 edge=34126779 lane=0 target=1 lane_count=1 recently=False speed=6.58
traci-bridge-1         | LANE_CMD_WAIT_EDGE veh=Ramp_Merge_2 edge=34126779 lane=0 target=1 lane_count=1
traci-bridge-1         | LANE_CMD_STATE veh=Ramp_Merge_3 edge=34126779 lane=0 target=1 lane_count=1 recently=False speed=4.23
traci-bridge-1         | LANE_CMD_WAIT_EDGE veh=Ramp_Merge_3 edge=34126779 lane=0 target=1 lane_count=1
traci-bridge-1         | LANE_CMD_STATE veh=Ramp_Merge_2 edge=34126779 lane=0 target=1 lane_count=1 recently=False speed=6.56
traci-bridge-1         | LANE_CMD_WAIT_EDGE veh=Ramp_Merge_2 edge=34126779 lane=0 target=1 lane_count=1
traci-bridge-1         | LANE_CMD_STATE veh=Ramp_Merge_3 edge=34126779 lane=0 target=1 lane_count=1 recently=False speed=4.22
traci-bridge-1         | LANE_CMD_WAIT_EDGE veh=Ramp_Merge_3 edge=34126779 lane=0 target=1 lane_count=1
traci-bridge-1         | LANE_CMD_STATE veh=Ramp_Merge_2 edge=34126779 lane=0 target=1 lane_count=1 recently=False speed=6.55
traci-bridge-1         | LANE_CMD_WAIT_EDGE veh=Ramp_Merge_2 edge=34126779 lane=0 target=1 lane_count=1
traci-bridge-1         | LANE_CMD_STATE veh=Ramp_Merge_3 edge=34126779 lane=0 target=1 lane_count=1 recently=False speed=4.22
traci-bridge-1         | LANE_CMD_WAIT_EDGE veh=Ramp_Merge_3 edge=34126779 lane=0 target=1 lane_count=1
traci-bridge-1         | LANE_CMD_STATE veh=Ramp_Merge_2 edge=34126779 lane=0 target=1 lane_count=1 recently=False speed=6.54
traci-bridge-1         | LANE_CMD_WAIT_EDGE veh=Ramp_Merge_2 edge=34126779 lane=0 target=1 lane_count=1
traci-bridge-1         | LANE_CMD_STATE veh=Ramp_Merge_3 edge=34126779 lane=0 target=1 lane_count=1 recently=False speed=4.21
traci-bridge-1         | LANE_CMD_WAIT_EDGE veh=Ramp_Merge_3 edge=34126779 lane=0 target=1 lane_count=1
traci-bridge-1         | LANE_CMD_STATE veh=Ramp_Merge_2 edge=34126779 lane=0 target=1 lane_count=1 recently=False speed=6.53
traci-bridge-1         | LANE_CMD_WAIT_EDGE veh=Ramp_Merge_2 edge=34126779 lane=0 target=1 lane_count=1
traci-bridge-1         | LANE_CMD_STATE veh=Ramp_Merge_3 edge=34126779 lane=0 target=1 lane_count=1 recently=False speed=4.21
traci-bridge-1         | LANE_CMD_WAIT_EDGE veh=Ramp_Merge_3 edge=34126779 lane=0 target=1 lane_count=1
traci-bridge-1         | LANE_CMD_STATE veh=Ramp_Merge_2 edge=34126779 lane=0 target=1 lane_count=1 recently=False speed=6.52
traci-bridge-1         | LANE_CMD_WAIT_EDGE veh=Ramp_Merge_2 edge=34126779 lane=0 target=1 lane_count=1
traci-bridge-1         | LANE_CMD_STATE veh=Ramp_Merge_3 edge=34126779 lane=0 target=1 lane_count=1 recently=False speed=4.21
traci-bridge-1         | LANE_CMD_WAIT_EDGE veh=Ramp_Merge_3 edge=34126779 lane=0 target=1 lane_count=1
traci-bridge-1         | LANE_CMD_STATE veh=Ramp_Merge_2 edge=34126779 lane=0 target=1 lane_count=1 recently=False speed=6.51
traci-bridge-1         | LANE_CMD_WAIT_EDGE veh=Ramp_Merge_2 edge=34126779 lane=0 target=1 lane_count=1
traci-bridge-1         | LANE_CMD_STATE veh=Ramp_Merge_3 edge=34126779 lane=0 target=1 lane_count=1 recently=False speed=4.20
traci-bridge-1         | LANE_CMD_WAIT_EDGE veh=Ramp_Merge_3 edge=34126779 lane=0 target=1 lane_count=1
traci-bridge-1         | LANE_CMD_STATE veh=Ramp_Merge_2 edge=34126779 lane=0 target=1 lane_count=1 recently=False speed=6.50
traci-bridge-1         | LANE_CMD_WAIT_EDGE veh=Ramp_Merge_2 edge=34126779 lane=0 target=1 lane_count=1
traci-bridge-1         | LANE_CMD_STATE veh=Ramp_Merge_3 edge=34126779 lane=0 target=1 lane_count=1 recently=False speed=4.20
traci-bridge-1         | LANE_CMD_WAIT_EDGE veh=Ramp_Merge_3 edge=34126779 lane=0 target=1 lane_count=1
traci-bridge-1         | LANE_CMD_STATE veh=Ramp_Merge_2 edge=34126779 lane=0 target=1 lane_count=1 recently=False speed=6.50
traci-bridge-1         | LANE_CMD_WAIT_EDGE veh=Ramp_Merge_2 edge=34126779 lane=0 target=1 lane_count=1
traci-bridge-1         | LANE_CMD_STATE veh=Ramp_Merge_3 edge=34126779 lane=0 target=1 lane_count=1 recently=False speed=4.19
traci-bridge-1         | LANE_CMD_WAIT_EDGE veh=Ramp_Merge_3 edge=34126779 lane=0 target=1 lane_count=1
traci-bridge-1         | LANE_CMD_STATE veh=Ramp_Merge_2 edge=34126779 lane=0 target=1 lane_count=1 recently=False speed=6.28
traci-bridge-1         | LANE_CMD_WAIT_EDGE veh=Ramp_Merge_2 edge=34126779 lane=0 target=1 lane_count=1
traci-bridge-1         | LANE_CMD_STATE veh=Ramp_Merge_3 edge=34126779 lane=0 target=1 lane_count=1 recently=False speed=4.20
traci-bridge-1         | LANE_CMD_WAIT_EDGE veh=Ramp_Merge_3 edge=34126779 lane=0 target=1 lane_count=1
traci-bridge-1         | LANE_CMD_STATE veh=Ramp_Merge_2 edge=:390064918_0 lane=0 target=1 lane_count=1 recently=False speed=6.08
traci-bridge-1         | LANE_CMD_WAIT_EDGE veh=Ramp_Merge_2 edge=:390064918_0 lane=0 target=1 lane_count=1
traci-bridge-1         | LANE_CMD_STATE veh=Ramp_Merge_3 edge=34126779 lane=0 target=1 lane_count=1 recently=False speed=4.20
traci-bridge-1         | LANE_CMD_WAIT_EDGE veh=Ramp_Merge_3 edge=34126779 lane=0 target=1 lane_count=1
traci-bridge-1         | LANE_CMD_STATE veh=Ramp_Merge_2 edge=:390064918_0 lane=0 target=1 lane_count=1 recently=False speed=5.89
traci-bridge-1         | LANE_CMD_WAIT_EDGE veh=Ramp_Merge_2 edge=:390064918_0 lane=0 target=1 lane_count=1
traci-bridge-1         | LANE_CMD_STATE veh=Ramp_Merge_3 edge=34126779 lane=0 target=1 lane_count=1 recently=False speed=4.20
traci-bridge-1         | LANE_CMD_WAIT_EDGE veh=Ramp_Merge_3 edge=34126779 lane=0 target=1 lane_count=1
traci-bridge-1         | LANE_CMD_STATE veh=Ramp_Merge_2 edge=:390064918_0 lane=0 target=1 lane_count=1 recently=False speed=5.71
traci-bridge-1         | LANE_CMD_WAIT_EDGE veh=Ramp_Merge_2 edge=:390064918_0 lane=0 target=1 lane_count=1
traci-bridge-1         | LANE_CMD_STATE veh=Ramp_Merge_3 edge=34126779 lane=0 target=1 lane_count=1 recently=False speed=4.19
traci-bridge-1         | LANE_CMD_WAIT_EDGE veh=Ramp_Merge_3 edge=34126779 lane=0 target=1 lane_count=1
obu-ramp-back-1        | [20.6] Ramp_Back MERGE_LCLEAR_BLOCK: sid=106 gap=9.0 neighbor_age=0.1 from_memory=False dtm=94.5
obu-ramp-back-1        | [20.6] Ramp_Back MERGE_DECISION: auth=False phys=False fgok=True lgok=True hgok=True cok=True esok=True cready=False dtm=94.5 past=False committed=False hid=None ra=None lclear=False hyok=True
obu-ramp-back-1        | [20.6] Ramp_Back role=merge state=CRUISE->CRUISE speed=6.57 target=6.75 neighbors=11
obu-main-mid-right-1   | [20.7] Main_Mid_Right role=cruise state=CRUISE->CRUISE speed=7.51 target=7.50 neighbors=11
obu-ramp-merge-2-1     | [20.7] Ramp_Merge_2 MERGE_PREPARE_WAIT_LANE_AVAILABLE: edge=:390064918_0 lane=0 target_lane=1 lane_count=1 executable=False dtm=4.9 speed=5.54 host=105 lead=104
obu-ramp-merge-2-1     | [20.7] Ramp_Merge_2 FINAL_GUARD: REJECTED slot-boundary sid=104 gap=5.1
obu-ramp-merge-2-1     | MERGE_ATTEMPT_TIMELINE: vehicle=Ramp_Merge_2 manoeuvre=34 host=105 lead=104 event=ABORT_SAFETY_HOLD t=20.7 edge=:390064918_0 lane=0 lane_cmd_state=WAIT_EDGE speed=5.54 target=6.75 dtm=4.9 lead_gap=0.00 host_gap=21.19 lead_gap_t1=0.00 lead_gap_t2=0.00 lead_gap_t3=0.00 host_gap_t1=19.29 host_gap_t2=17.40 host_gap_t3=15.50
obu-ramp-merge-2-1     | [20.7] Ramp_Merge_2 MERGE_COMMIT_ABORT_SAFETY_HOLD: lgok=False hgok=True fgok=False edge=:390064918_0 lane=0 target_lane=1 speed=5.54 lane_cmd_state=WAIT_EDGE lane_cmd_executable=False lane_cmd_edge=:390064918_0 lane_cmd_lane_count=1
obu-ramp-merge-2-1     | [20.7] Ramp_Merge_2 role=merge state=NEGOTIATING->NEGOTIATING speed=5.54 target=6.75 neighbors=11
obu-ramp-merge-4-1     | MERGE_ATTEMPT_TIMELINE: vehicle=Ramp_Merge_4 manoeuvre=97 host=None lead=None event=AUTHORIZED t=20.7 edge=34126779 lane=0 lane_cmd_state=NONE speed=4.24 target=4.42 dtm=58.9 lead_gap= host_gap= lead_gap_t1= lead_gap_t2= lead_gap_t3= host_gap_t1= host_gap_t2= host_gap_t3=
obu-ramp-merge-4-1     | MERGE_AUTHORIZED_LEAD_ONLY_AFTER_LAST_MAIN: vehicle=Ramp_Merge_4 lead=106 dtm=58.9 lead_gap=23.37 lead_gap_t1=23.37 lead_gap_t2=23.37 source=true_after_last_main
obu-ramp-merge-4-1     | [20.7] Ramp_Merge_4 MERGE_DECISION: auth=True phys=True fgok=True lgok=True hgok=True cok=True esok=True cready=True dtm=58.9 past=False committed=False hid=None ra=None lclear=True hyok=True
obu-ramp-merge-4-1     | [20.7] Ramp_Merge_4 MERGE_PREPARE_WAIT_LANE_AVAILABLE: edge=None lane=None target_lane=None lane_count=None executable=None dtm=58.9 speed=4.24 host=None lead=106
obu-ramp-merge-4-1     | [20.7] Ramp_Merge_4 role=merge state=NEGOTIATING->NEGOTIATING speed=4.24 target=4.42 neighbors=11
obu-merge-car-1        | [20.7] Merge_Car role=cruise state=CRUISE->CRUISE speed=7.14 target=7.50 neighbors=11
obu-main-back-right-1  | HOST_RESERVATION_EXTEND_UNTIL_CLEAR: host=Main_Back_Right ramp=110 manoeuvre=97 new_remaining=4.0 ramp_lcs=NONE ramp_edge=34126779
obu-main-back-right-1  | HOST_RESERVATION_HOLD: host=Main_Back_Right ramp=110 manoeuvre=97 remaining=4.0 own_speed=4.97 target_speed=4.88 ramp_fsm=NEGOTIATING ramp_lane_cmd_state=NONE ramp_edge=34126779 ramp_lane=0 ramp_merge_completed=False ramp_merge_committed=True
obu-main-back-right-1  | [20.7] Main_Back_Right HOST_HOLD_YIELD: for merge=110 spd=4.88
obu-main-back-right-1  | [20.7] Main_Back_Right MCM_TX_ACCEPT: manoeuvre=97 target=110
obu-main-back-right-1  | [20.7] Main_Back_Right role=host state=YIELDING->YIELDING speed=4.97 target=4.88 neighbors=11
obu-ramp-merge-3-1     | [21.0] Ramp_Merge_3 MERGE_PREPARE_WAIT_LANE_AVAILABLE: edge=34126779 lane=0 target_lane=1 lane_count=1 executable=False dtm=42.8 speed=4.18 host=None lead=105
obu-ramp-merge-3-1     | [21.0] Ramp_Merge_3 CAR_FOLLOW: sid=106 edge=34126779 lane=0 leader_edge= leader_lane=None leader_role_hint=main self_merge_completed=False self_merge_completed_age=-1.0 self_merge_committed=True lane_cmd_state=WAIT_EDGE lane_cmd_edge=34126779 lane_cmd_target=1 lane_cmd_executable=False same_lane=False reason=merge_conflict_eta gap=0.7 follow_spd=4.12 emergency=False target_before=4.359590507034702 target_after=4.125 target_after_raw=4.12
obu-ramp-merge-3-1     | [21.0] Ramp_Merge_3 role=merge state=NEGOTIATING->NEGOTIATING speed=4.18 target=4.12 neighbors=11
obu-main-front-left-1  | [21.0] Main_Front_Left role=cruise state=CRUISE->CRUISE speed=7.50 target=7.50 neighbors=11
obu-host-car-1         | [21.0] Host_Car role=cruise state=CRUISE->CRUISE speed=5.87 target=7.50 neighbors=11
obu-ramp-merge-2-1     | [20.9] Ramp_Merge_2 MERGE_LANE_APPLY_CONFIRMED: edge=1331698336 lane=0 target_lane=1 lane_count=3 executable=True
obu-ramp-merge-4-1     | [20.8] Ramp_Merge_4 MERGE_LANE_WAIT_EDGE_CONFIRMED: edge=34126779 lane=0 target_lane=1 lane_count=1 executable=False
obu-ramp-merge-2-1     | MERGE_ATTEMPT_TIMELINE: vehicle=Ramp_Merge_2 manoeuvre=34 host=105 lead=104 event=CLEAR t=21.0 edge=1331698336 lane=1 lane_cmd_state=CLEAR speed=5.51 target=6.75 dtm=2.8 lead_gap=0.00 host_gap=17.29 lead_gap_t1=0.00 lead_gap_t2=0.00 lead_gap_t3=0.00 host_gap_t1=15.37 host_gap_t2=13.44 host_gap_t3=11.52
obu-ramp-merge-2-1     | [21.0] Ramp_Merge_2 MERGE_LANE_CLEAR_CONFIRMED: edge=1331698336 lane=1 target_lane=1 lane_count=3 executable=False
obu-ramp-merge-3-1     | [21.1] Ramp_Merge_3 CAR_FOLLOW: sid=106 edge=34126779 lane=0 leader_edge= leader_lane=None leader_role_hint=main self_merge_completed=False self_merge_completed_age=-1.0 self_merge_committed=True lane_cmd_state=WAIT_EDGE lane_cmd_edge=34126779 lane_cmd_target=1 lane_cmd_executable=False same_lane=False reason=merge_conflict_eta gap=0.2 follow_spd=4.12 emergency=False target_before=4.356860981682967 target_after=4.125 target_after_raw=4.12
obu-ramp-back-1        | MERGE_SLOT_QUALITY_DIAG: vehicle=Ramp_Back event=REQUEST_NEW t=21.1 manoeuvre=158 source=new_request lead=106 host=101 own_eta=14.06 lead_eta=10.34 host_eta=17.57 min_eta=11.84 max_eta=16.07 desired_eta=14.06 gap_possible=True dtm=92.9 edge=34126779 lane=0 speed=6.61 lead_speed=4.97 host_speed=7.50 lead_gap=67.97 host_gap=30.64 lead_gap_t1=66.33 lead_gap_t2=64.69 lead_gap_t3=63.06 host_gap_t1=29.75 host_gap_t2=28.86 host_gap_t3=27.97 rel_to_lead=1.64 rel_to_host=0.89 lead_lat=38.48 host_lat=186.59 pending=True accepted=False authorized=False committed=False pending_age=0.00 accepted_age=None lane_cmd_state=NONE lane_cmd_target=None
obu-ramp-back-1        | MERGE_ATTEMPT_TIMELINE: vehicle=Ramp_Back manoeuvre=158 host=101 lead=106 event=REQUEST_SENT t=21.1 edge=34126779 lane=0 lane_cmd_state=NONE speed=6.61 target=6.75 dtm=92.9 lead_gap=67.97 host_gap=30.64 lead_gap_t1=66.33 lead_gap_t2=64.69 lead_gap_t3=63.06 host_gap_t1=29.75 host_gap_t2=28.86 host_gap_t3=27.97
obu-ramp-merge-4-1     | [21.1] Ramp_Merge_4 MCM_RX_ACCEPT: from=106 manoeuvre=97 target=110
obu-ramp-back-1        | [21.1] Ramp_Back MCM_TX_REQUEST: manoeuvre=158 target=101
obu-ramp-back-1        | [21.1] Ramp_Back MERGE_DECISION: auth=False phys=False fgok=True lgok=True hgok=True cok=True esok=True cready=False dtm=92.9 past=False committed=False hid=101 ra=None lclear=True hyok=True
obu-ramp-merge-2-1     | [21.1] Ramp_Merge_2 MERGE_PHYSICAL_START_DELAYED_UNTIL_LANE_APPLY: waited_s=0.0 edge=1331698336 lane=1 target_lane=1 lane_count=3 lane_cmd_state=CLEAR executable=False dtm=3.2 speed=5.06 reason=implicit_before_completed
obu-ramp-merge-2-1     | [21.1] Ramp_Merge_2 MERGE_START_GAP_DIAG: event=implicit_before_completed lead=104 host=105 lead_eta=1.7329982261949308 own_eta=0.6416940285840746 host_eta=2.7932419181731523 lead_gap=1.220841712006342 host_gap=14.212117377913561 lead_gap_p1=1.220841712006342 lead_gap_p2=1.220841712006342 lead_gap_p3=1.220841712006342 host_gap_p1=11.827595961240004 host_gap_p2=9.443074544566446 host_gap_p3=7.058553127892889 rel_to_lead=-0.8045214166735573 rel_to_host=2.3845214166735573 lead_lat=4.3815907485835375 host_lat=14.282157641772308 edge=1331698336 lane=1 lane_cmd_state=CLEAR lane_cmd_edge=1331698336 lane_cmd_target=1 lane_cmd_executable=False dtm=3.2 speed=5.06
obu-ramp-merge-2-1     | MERGE_ATTEMPT_TIMELINE: vehicle=Ramp_Merge_2 manoeuvre=34 host=105 lead=104 event=PHYSICAL_START t=21.1 edge=1331698336 lane=1 lane_cmd_state=CLEAR speed=5.06 target=6.75 dtm=3.2 lead_gap=1.22 host_gap=14.21 lead_gap_t1=1.22 lead_gap_t2=1.22 lead_gap_t3=1.22 host_gap_t1=11.83 host_gap_t2=9.44 host_gap_t3=7.06
obu-ramp-merge-2-1     | [21.1] Ramp_Merge_2 MERGE_PHYSICAL_START: host=105 manoeuvre=0
obu-ramp-merge-2-1     | [21.1] Ramp_Merge_2 MERGING!
obu-ramp-merge-2-1     | MERGE_ATTEMPT_TIMELINE: vehicle=Ramp_Merge_2 manoeuvre=34 host=105 lead=104 event=COMPLETED t=21.1 edge=1331698336 lane=1 lane_cmd_state=CLEAR speed=5.06 target=6.75 dtm=3.2 lead_gap=1.22 host_gap=14.21 lead_gap_t1=1.22 lead_gap_t2=1.22 lead_gap_t3=1.22 host_gap_t1=11.83 host_gap_t2=9.44 host_gap_t3=7.06
obu-ramp-merge-2-1     | [21.1] Ramp_Merge_2 MERGE_COMPLETED: eid=1331698336 lane=1 clean=True
obu-ramp-merge-4-1     | [21.1] Ramp_Merge_4 MERGE_PREPARE_WAIT_LANE_AVAILABLE: edge=34126779 lane=0 target_lane=1 lane_count=1 executable=False dtm=57.3 speed=4.28 host=None lead=106
obu-ramp-merge-4-1     | MERGE_ATTEMPT_TIMELINE: vehicle=Ramp_Merge_4 manoeuvre=97 host=None lead=106 event=WAIT_EDGE t=21.1 edge=34126779 lane=0 lane_cmd_state=WAIT_EDGE speed=4.28 target=6.75 dtm=57.3 lead_gap=21.48 host_gap= lead_gap_t1=21.48 lead_gap_t2=21.48 lead_gap_t3=21.48 host_gap_t1= host_gap_t2= host_gap_t3=
obu-main-back-right-1  | HOST_RESERVATION_EXTEND_UNTIL_CLEAR: host=Main_Back_Right ramp=110 manoeuvre=97 new_remaining=4.0 ramp_lcs=NONE ramp_edge=34126779
obu-main-back-right-1  | HOST_RESERVATION_HOLD: host=Main_Back_Right ramp=110 manoeuvre=97 remaining=4.0 own_speed=4.95 target_speed=4.88 ramp_fsm=NEGOTIATING ramp_lane_cmd_state=NONE ramp_edge=34126779 ramp_lane=0 ramp_merge_completed=False ramp_merge_committed=True
obu-main-back-right-1  | [21.1] Main_Back_Right HOST_HOLD_YIELD: for merge=110 spd=4.88
obu-main-back-right-1  | [21.1] Main_Back_Right MCM_TX_ACCEPT: manoeuvre=97 target=110
obu-ramp-merge-5-1     | MERGE_SLOT_QUALITY_DIAG: vehicle=Ramp_Merge_5 event=REQUEST_NEW t=21.1 manoeuvre=127 source=new_request lead=106 host=102 own_eta=12.12 lead_eta=10.34 host_eta=14.36 min_eta=11.84 max_eta=12.86 desired_eta=12.12 gap_possible=True dtm=76.8 edge=34126779 lane=0 speed=6.33 lead_speed=4.97 host_speed=7.50 lead_gap=51.51 host_gap=34.34 lead_gap_t1=50.15 lead_gap_t2=48.78 lead_gap_t3=47.42 host_gap_t1=34.34 host_gap_t2=34.34 host_gap_t3=34.34 rel_to_lead=1.36 rel_to_host=-1.17 lead_lat=4.41 host_lat=162.46 pending=True accepted=False authorized=False committed=False pending_age=0.00 accepted_age=None lane_cmd_state=NONE lane_cmd_target=None
obu-ramp-merge-5-1     | MERGE_ATTEMPT_TIMELINE: vehicle=Ramp_Merge_5 manoeuvre=127 host=102 lead=106 event=REQUEST_SENT t=21.1 edge=34126779 lane=0 lane_cmd_state=NONE speed=6.33 target=6.75 dtm=76.8 lead_gap=51.51 host_gap=34.34 lead_gap_t1=50.15 lead_gap_t2=48.78 lead_gap_t3=47.42 host_gap_t1=34.34 host_gap_t2=34.34 host_gap_t3=34.34
obu-ramp-merge-5-1     | [21.1] Ramp_Merge_5 MCM_TX_REQUEST: manoeuvre=127 target=102
obu-ramp-merge-5-1     | [21.1] Ramp_Merge_5 MERGE_DECISION: auth=False phys=False fgok=True lgok=True hgok=True cok=True esok=True cready=False dtm=76.8 past=False committed=False hid=102 ra=None lclear=True hyok=False
obu-main-back-right-1  | HOST_RESERVATION_EXTEND_UNTIL_CLEAR: host=Main_Back_Right ramp=110 manoeuvre=97 new_remaining=4.0 ramp_lcs=NONE ramp_edge=34126779
obu-main-back-right-1  | HOST_RESERVATION_HOLD: host=Main_Back_Right ramp=110 manoeuvre=97 remaining=4.0 own_speed=4.95 target_speed=4.88 ramp_fsm=NEGOTIATING ramp_lane_cmd_state=NONE ramp_edge=34126779 ramp_lane=0 ramp_merge_completed=False ramp_merge_committed=True
obu-main-back-right-1  | [21.3] Main_Back_Right HOST_HOLD_YIELD: for merge=110 spd=4.88
obu-ramp-merge-4-1     | [21.5] Ramp_Merge_4 MCM_RX_ACCEPT: from=106 manoeuvre=97 target=110
obu-lead-car-1         | [21.7] Lead_Car MCM_RX_REQUEST: from=112 manoeuvre=158 target=101
obu-main-mid-right-1   | [21.7] Main_Mid_Right role=cruise state=CRUISE->CRUISE speed=7.50 target=7.50 neighbors=11
obu-ramp-merge-4-1     | [21.6] Ramp_Merge_4 CAR_FOLLOW: sid=109 edge=34126779 lane=0 leader_edge= leader_lane=None leader_role_hint=ramp self_merge_completed=False self_merge_completed_age=-1.0 self_merge_committed=True lane_cmd_state=WAIT_EDGE lane_cmd_edge=34126779 lane_cmd_target=1 lane_cmd_executable=False same_lane=True reason=same_lane_cam gap=8.9 follow_spd=2.62 emergency=False target_before=4.396856739891473 target_after=3.9668567398914734 target_after_raw=2.62
obu-main-back-right-1  | HOST_RESERVATION_EXTEND_UNTIL_CLEAR: host=Main_Back_Right ramp=110 manoeuvre=97 new_remaining=4.0 ramp_lcs=WAIT_EDGE ramp_edge=34126779
obu-main-back-right-1  | HOST_RESERVATION_HOLD: host=Main_Back_Right ramp=110 manoeuvre=97 remaining=4.0 own_speed=4.94 target_speed=4.88 ramp_fsm=NEGOTIATING ramp_lane_cmd_state=WAIT_EDGE ramp_edge=34126779 ramp_lane=0 ramp_merge_completed=False ramp_merge_committed=True
obu-main-back-right-1  | [21.6] Main_Back_Right HOST_HOLD_YIELD: for merge=110 spd=4.88
obu-main-back-right-1  | [21.6] Main_Back_Right MCM_TX_ACCEPT: manoeuvre=97 target=110
obu-main-back-left-1   | [21.6] Main_Back_Left CAR_FOLLOW: sid=108 edge=560761994 lane=0 leader_edge= leader_lane=None leader_role_hint=ramp self_merge_completed=False self_merge_completed_age=-1.0 self_merge_committed=False lane_cmd_state=None lane_cmd_edge=None lane_cmd_target=None lane_cmd_executable=None same_lane=True reason=same_lane_cam gap=11.8 follow_spd=4.25 emergency=False target_before=7.5 target_after=6.5916042049895704 target_after_raw=4.25
obu-main-back-left-1   | [21.6] Main_Back_Left role=lead state=CRUISE->YIELDING speed=6.84 target=6.59 neighbors=11
obu-ramp-merge-5-1     | MCM_REQUEST_RETRY_DIAG: vehicle=Ramp_Merge_5 host=102 lead=106 manoeuvre=127 retry_count=1 pending_age=0.5 dtm=74.4 own_eta=11.74 host_eta_current=14.856551750886153 host_eta_at_request=14.356740718187373 lead_eta_current=9.798331758840602 lead_eta_at_request=10.338678746649792 last_response_action=None last_response_age=None host_remote_fsm=CRUISE host_remote_edge=135424828 host_remote_lane=0 host_remote_merge_committed=False host_remote_merge_completed=False host_remote_active_merge_request=False host_remote_active_station_id=None host_remote_active_manoeuvre_id=None host_remote_active_remaining_s=0.0
obu-ramp-merge-5-1     | MERGE_SLOT_QUALITY_DIAG: vehicle=Ramp_Merge_5 event=REQUEST_RETRY t=21.6 manoeuvre=127 source=retry_request lead=106 host=102 own_eta=11.74 lead_eta=10.34 host_eta=14.86 min_eta=11.84 max_eta=13.36 desired_eta=11.84 gap_possible=True dtm=74.4 edge=34126779 lane=0 speed=6.34 lead_speed=4.94 host_speed=7.50 lead_gap=48.47 host_gap=43.31 lead_gap_t1=47.07 lead_gap_t2=45.67 lead_gap_t3=44.27 host_gap_t1=43.31 host_gap_t2=43.31 host_gap_t3=43.31 rel_to_lead=1.40 rel_to_host=-1.16 lead_lat=3.06 host_lat=162.72 pending=True accepted=False authorized=False committed=False pending_age=0.50 accepted_age=None lane_cmd_state=NONE lane_cmd_target=None
obu-ramp-merge-5-1     | [21.6] Ramp_Merge_5 MCM_TX_REQUEST: manoeuvre=127 target=102
obu-ramp-merge-5-1     | [21.6] Ramp_Merge_5 MERGE_DECISION: auth=False phys=False fgok=True lgok=True hgok=True cok=True esok=True cready=False dtm=74.4 past=False committed=False hid=102 ra=None lclear=True hyok=False
obu-lead-car-1         | HOST_RESERVATION_START: host=Lead_Car ramp=112 manoeuvre=158 until=25.7 own_speed=7.50 target_speed=7.50 required_speed=7.50 gap_eta=5.20
obu-lead-car-1         | [21.7] Lead_Car HOST_RESERVED: merge=112 manoeuvre=158 until=25.7 target_spd=7.50
obu-ramp-merge-5-1     | [21.6] Ramp_Merge_5 role=merge state=NEGOTIATING->NEGOTIATING speed=6.34 target=6.52 neighbors=11
obu-lead-car-1         | HOST_REQUEST_DECISION: host=Lead_Car ramp=112 manoeuvre=158 decision=ACCEPT reason=SAFE_OR_NOMINAL ramp_eta=13.27 host_eta=18.47 required_speed=7.71 current_speed=7.50 active_request_ramp=112 active_request_remaining=4.0 ramp_remote_edge=34126779 ramp_remote_lane=0 ramp_remote_fsm=NEGOTIATING
obu-ramp-merge-3-1     | [21.6] Ramp_Merge_3 CAR_FOLLOW: sid=106 edge=34126779 lane=0 leader_edge= leader_lane=None leader_role_hint=main self_merge_completed=False self_merge_completed_age=-1.0 self_merge_committed=True lane_cmd_state=WAIT_EDGE lane_cmd_edge=34126779 lane_cmd_target=1 lane_cmd_executable=False same_lane=False reason=merge_conflict_eta gap=0.1 follow_spd=4.12 emergency=False target_before=4.3451290390263155 target_after=4.125 target_after_raw=4.12
obu-lead-car-1         | [21.7] Lead_Car MCM_TX_ACCEPT: manoeuvre=158 target=112
obu-lead-car-1         | [21.7] Lead_Car role=host state=CRUISE->CRUISE speed=7.50 target=7.50 neighbors=11
obu-ramp-back-1        | MCM_REQUEST_RETRY_DIAG: vehicle=Ramp_Back host=101 lead=106 manoeuvre=158 retry_count=1 pending_age=0.5 dtm=91.3 own_eta=13.76 host_eta_current=18.072451682205106 host_eta_at_request=17.57260400137777 lead_eta_current=9.798331758840602 lead_eta_at_request=10.338678746649792 last_response_action=None last_response_age=None host_remote_fsm=CRUISE host_remote_edge=135424828 host_remote_lane=0 host_remote_merge_committed=False host_remote_merge_completed=False host_remote_active_merge_request=False host_remote_active_station_id=None host_remote_active_manoeuvre_id=None host_remote_active_remaining_s=0.0
obu-ramp-back-1        | MERGE_SLOT_QUALITY_DIAG: vehicle=Ramp_Back event=REQUEST_RETRY t=21.6 manoeuvre=158 source=retry_request lead=106 host=101 own_eta=13.76 lead_eta=10.34 host_eta=18.07 min_eta=11.84 max_eta=16.57 desired_eta=13.76 gap_possible=True dtm=91.3 edge=34126779 lane=0 speed=6.64 lead_speed=4.94 host_speed=7.50 lead_gap=62.96 host_gap=36.27 lead_gap_t1=61.26 lead_gap_t2=59.56 lead_gap_t3=57.86 host_gap_t1=35.41 host_gap_t2=34.55 host_gap_t3=33.69 rel_to_lead=1.70 rel_to_host=0.86 lead_lat=40.93 host_lat=189.54 pending=True accepted=False authorized=False committed=False pending_age=0.50 accepted_age=None lane_cmd_state=NONE lane_cmd_target=None
obu-ramp-back-1        | [21.6] Ramp_Back MCM_TX_REQUEST: manoeuvre=158 target=101
obu-ramp-back-1        | [21.6] Ramp_Back MERGE_DECISION: auth=False phys=False fgok=True lgok=True hgok=True cok=True esok=True cready=False dtm=91.3 past=False committed=False hid=101 ra=None lclear=True hyok=True
obu-ramp-back-1        | [21.6] Ramp_Back role=merge state=NEGOTIATING->NEGOTIATING speed=6.64 target=6.75 neighbors=11
obu-main-front-left-1  | [21.7] Main_Front_Left MCM_RX_REQUEST: from=111 manoeuvre=127 target=102
obu-ramp-merge-2-1     | [21.8] Ramp_Merge_2 role=host state=CRUISE->CRUISE speed=2.09 target=7.50 neighbors=11
obu-main-back-right-1  | HOST_RESERVATION_EXTEND_UNTIL_CLEAR: host=Main_Back_Right ramp=110 manoeuvre=97 new_remaining=4.0 ramp_lcs=WAIT_EDGE ramp_edge=34126779
obu-main-back-right-1  | HOST_RESERVATION_HOLD: host=Main_Back_Right ramp=110 manoeuvre=97 remaining=4.0 own_speed=4.93 target_speed=4.88 ramp_fsm=NEGOTIATING ramp_lane_cmd_state=WAIT_EDGE ramp_edge=34126779 ramp_lane=0 ramp_merge_completed=False ramp_merge_committed=True
obu-main-back-right-1  | [21.8] Main_Back_Right HOST_HOLD_YIELD: for merge=110 spd=4.88
obu-main-back-right-1  | [21.8] Main_Back_Right role=host state=YIELDING->YIELDING speed=4.93 target=4.88 neighbors=11
obu-merge-car-1        | [21.8] Merge_Car role=cruise state=CRUISE->CRUISE speed=7.30 target=7.50 neighbors=11
obu-main-back-left-1   | [21.8] Main_Back_Left CAR_FOLLOW: sid=108 edge=560761994 lane=0 leader_edge= leader_lane=None leader_role_hint=ramp self_merge_completed=False self_merge_completed_age=-1.0 self_merge_committed=False lane_cmd_state=None lane_cmd_edge=None lane_cmd_target=None lane_cmd_executable=None same_lane=True reason=same_lane_cam gap=11.3 follow_spd=3.35 emergency=False target_before=7.5 target_after=6.247175372518374 target_after_raw=3.35
obu-lead-car-1         | HOST_RESERVATION_HOLD: host=Lead_Car ramp=112 manoeuvre=158 remaining=3.9 own_speed=7.50 target_speed=7.50 ramp_fsm=NEGOTIATING ramp_lane_cmd_state=NONE ramp_edge=34126779 ramp_lane=0 ramp_merge_completed=False ramp_merge_committed=False
obu-lead-car-1         | [21.8] Lead_Car HOST_HOLD_YIELD: for merge=112 spd=7.50
obu-ramp-merge-3-1     | [21.8] Ramp_Merge_3 CAR_FOLLOW: sid=106 edge=34126779 lane=0 leader_edge= leader_lane=None leader_role_hint=main self_merge_completed=False self_merge_completed_age=-1.0 self_merge_committed=True lane_cmd_state=WAIT_EDGE lane_cmd_edge=34126779 lane_cmd_target=1 lane_cmd_executable=False same_lane=False reason=merge_conflict_eta gap=0.3 follow_spd=4.12 emergency=False target_before=4.3412164577212495 target_after=4.125 target_after_raw=4.12
obu-main-front-left-1  | HOST_RESERVATION_START: host=Main_Front_Left ramp=111 manoeuvre=127 until=25.8 own_speed=7.50 target_speed=6.50 required_speed=6.58 gap_eta=2.56
obu-main-front-left-1  | [21.8] Main_Front_Left HOST_RESERVED: merge=111 manoeuvre=127 until=25.8 target_spd=6.50
obu-main-front-left-1  | [21.8] Main_Front_Left HOST_YIELD: for merge=111 req_spd=6.50
obu-main-front-left-1  | HOST_REQUEST_DECISION: host=Main_Front_Left ramp=111 manoeuvre=127 decision=ACCEPT reason=YIELDING ramp_eta=12.79 host_eta=15.36 required_speed=6.58 current_speed=7.50 active_request_ramp=111 active_request_remaining=4.0 ramp_remote_edge=34126779 ramp_remote_lane=0 ramp_remote_fsm=NEGOTIATING
obu-main-front-left-1  | [21.8] Main_Front_Left MCM_TX_ACCEPT: manoeuvre=127 target=111
obu-main-back-left-1   | [22.0] Main_Back_Left CAR_FOLLOW: sid=108 edge=560761994 lane=0 leader_edge= leader_lane=None leader_role_hint=ramp self_merge_completed=False self_merge_completed_age=-1.0 self_merge_committed=False lane_cmd_state=None lane_cmd_edge=None lane_cmd_target=None lane_cmd_executable=None same_lane=True reason=same_lane_cam gap=10.1 follow_spd=3.35 emergency=False target_before=7.5 target_after=5.547175372518375 target_after_raw=3.35
obu-lead-car-1         | HOST_RESERVATION_HOLD: host=Lead_Car ramp=112 manoeuvre=158 remaining=3.7 own_speed=7.50 target_speed=7.50 ramp_fsm=NEGOTIATING ramp_lane_cmd_state=NONE ramp_edge=34126779 ramp_lane=0 ramp_merge_completed=False ramp_merge_committed=False
obu-lead-car-1         | [22.0] Lead_Car HOST_HOLD_YIELD: for merge=112 spd=7.50
obu-lead-car-1         | [22.0] Lead_Car MCM_TX_ACCEPT: manoeuvre=158 target=112
obu-main-front-left-1  | HOST_RESERVATION_HOLD: host=Main_Front_Left ramp=111 manoeuvre=127 remaining=3.8 own_speed=7.50 target_speed=6.50 ramp_fsm=NEGOTIATING ramp_lane_cmd_state=NONE ramp_edge=34126779 ramp_lane=0 ramp_merge_completed=False ramp_merge_committed=False
obu-main-front-left-1  | [22.0] Main_Front_Left HOST_HOLD_YIELD: for merge=111 spd=6.50
obu-main-front-left-1  | [22.0] Main_Front_Left role=host state=YIELDING->YIELDING speed=7.50 target=6.50 neighbors=11
obu-host-car-1         | [22.0] Host_Car role=cruise state=CRUISE->CRUISE speed=6.52 target=7.50 neighbors=11
obu-main-back-left-1   | [22.1] Main_Back_Left CAR_FOLLOW: sid=108 edge=560761994 lane=0 leader_edge= leader_lane=None leader_role_hint=ramp self_merge_completed=False self_merge_completed_age=-1.0 self_merge_committed=False lane_cmd_state=None lane_cmd_edge=None lane_cmd_target=None lane_cmd_executable=None same_lane=True reason=same_lane_cam gap=9.6 follow_spd=3.22 emergency=False target_before=7.5 target_after=5.197175372518375 target_after_raw=3.22
obu-ramp-merge-3-1     | [22.0] Ramp_Merge_3 MERGE_PREPARE_WAIT_LANE_AVAILABLE: edge=34126779 lane=0 target_lane=1 lane_count=1 executable=False dtm=38.8 speed=4.16 host=None lead=105
obu-ramp-merge-3-1     | [22.0] Ramp_Merge_3 CAR_FOLLOW: sid=106 edge=34126779 lane=0 leader_edge= leader_lane=None leader_role_hint=main self_merge_completed=False self_merge_completed_age=-1.0 self_merge_committed=True lane_cmd_state=WAIT_EDGE lane_cmd_edge=34126779 lane_cmd_target=1 lane_cmd_executable=False same_lane=False reason=merge_conflict_eta gap=0.5 follow_spd=4.12 emergency=False target_before=4.337685353093428 target_after=4.125 target_after_raw=4.12
obu-ramp-merge-3-1     | [22.0] Ramp_Merge_3 role=merge state=NEGOTIATING->NEGOTIATING speed=4.16 target=4.12 neighbors=11
obu-lead-car-1         | HOST_RESERVATION_HOLD: host=Lead_Car ramp=112 manoeuvre=158 remaining=3.6 own_speed=7.50 target_speed=7.50 ramp_fsm=NEGOTIATING ramp_lane_cmd_state=NONE ramp_edge=34126779 ramp_lane=0 ramp_merge_completed=False ramp_merge_committed=False
obu-lead-car-1         | [22.1] Lead_Car HOST_HOLD_YIELD: for merge=112 spd=7.50
obu-main-front-left-1  | HOST_RESERVATION_HOLD: host=Main_Front_Left ramp=111 manoeuvre=127 remaining=3.7 own_speed=7.50 target_speed=6.50 ramp_fsm=NEGOTIATING ramp_lane_cmd_state=NONE ramp_edge=34126779 ramp_lane=0 ramp_merge_completed=False ramp_merge_committed=False
obu-main-front-left-1  | [22.1] Main_Front_Left HOST_HOLD_YIELD: for merge=111 spd=6.50
obu-main-front-left-1  | [22.2] Main_Front_Left MCM_TX_ACCEPT: manoeuvre=127 target=111
obu-lead-car-1         | [22.2] Lead_Car MCM_RX_REQUEST: from=112 manoeuvre=158 target=101
obu-main-front-left-1  | [22.2] Main_Front_Left MCM_RX_REQUEST: from=111 manoeuvre=127 target=102
obu-main-back-right-1  | HOST_RESERVATION_EXTEND_UNTIL_CLEAR: host=Main_Back_Right ramp=110 manoeuvre=97 new_remaining=4.0 ramp_lcs=WAIT_EDGE ramp_edge=34126779
obu-main-back-right-1  | HOST_RESERVATION_HOLD: host=Main_Back_Right ramp=110 manoeuvre=97 remaining=4.0 own_speed=4.92 target_speed=4.88 ramp_fsm=NEGOTIATING ramp_lane_cmd_state=WAIT_EDGE ramp_edge=34126779 ramp_lane=0 ramp_merge_completed=False ramp_merge_committed=True
obu-main-back-right-1  | [22.2] Main_Back_Right HOST_HOLD_YIELD: for merge=110 spd=4.88
obu-main-back-right-1  | [22.2] Main_Back_Right MCM_TX_ACCEPT: manoeuvre=97 target=110
obu-ramp-back-1        | [22.1] Ramp_Back MCM_RX_ACCEPT: from=101 manoeuvre=158 target=112
obu-ramp-back-1        | [22.1] Ramp_Back MCM_RX_ACCEPT: from=101 manoeuvre=158 target=112
obu-ramp-merge-5-1     | MCM_REQUEST_RETRY_DIAG: vehicle=Ramp_Merge_5 host=102 lead=106 manoeuvre=127 retry_count=2 pending_age=1.0 dtm=72.2 own_eta=11.31 host_eta_current=14.856551750886153 host_eta_at_request=14.356740718187373 lead_eta_current=9.798331758840602 lead_eta_at_request=10.338678746649792 last_response_action=None last_response_age=None host_remote_fsm=YIELDING host_remote_edge=135424828 host_remote_lane=0 host_remote_merge_committed=False host_remote_merge_completed=False host_remote_active_merge_request=True host_remote_active_station_id=111 host_remote_active_manoeuvre_id=127 host_remote_active_remaining_s=3.8000000000000007
obu-ramp-merge-5-1     | MERGE_SLOT_QUALITY_DIAG: vehicle=Ramp_Merge_5 event=REQUEST_RETRY t=22.1 manoeuvre=127 source=retry_request lead=106 host=102 own_eta=11.31 lead_eta=10.34 host_eta=14.86 min_eta=11.84 max_eta=13.36 desired_eta=11.84 gap_possible=True dtm=72.2 edge=34126779 lane=0 speed=6.38 lead_speed=4.94 host_speed=7.50 lead_gap=45.29 host_gap=40.13 lead_gap_t1=43.85 lead_gap_t2=42.41 lead_gap_t3=40.96 host_gap_t1=40.13 host_gap_t2=40.13 host_gap_t3=40.13 rel_to_lead=1.44 rel_to_host=-1.12 lead_lat=3.06 host_lat=162.72 pending=True accepted=False authorized=False committed=False pending_age=1.00 accepted_age=None lane_cmd_state=NONE lane_cmd_target=None
obu-ramp-merge-5-1     | [22.1] Ramp_Merge_5 MCM_TX_REQUEST: manoeuvre=127 target=102
obu-ramp-merge-4-1     | [22.2] Ramp_Merge_4 MCM_RX_ACCEPT: from=106 manoeuvre=97 target=110
obu-ramp-merge-5-1     | [22.1] Ramp_Merge_5 MERGE_DECISION: auth=False phys=False fgok=True lgok=True hgok=True cok=True esok=True cready=False dtm=72.2 past=False committed=False hid=102 ra=None lclear=True hyok=False
obu-ramp-back-1        | MCM_REQUEST_RETRY_DIAG: vehicle=Ramp_Back host=101 lead=106 manoeuvre=158 retry_count=2 pending_age=1.0 dtm=89.7 own_eta=13.46 host_eta_current=18.871940136745195 host_eta_at_request=17.57260400137777 lead_eta_current=9.336849657040034 lead_eta_at_request=10.338678746649792 last_response_action=2 last_response_age=0.0 host_remote_fsm=YIELDING host_remote_edge=135424828 host_remote_lane=0 host_remote_merge_committed=False host_remote_merge_completed=False host_remote_active_merge_request=True host_remote_active_station_id=112 host_remote_active_manoeuvre_id=158 host_remote_active_remaining_s=3.6999999999999993
obu-ramp-back-1        | MERGE_SLOT_QUALITY_DIAG: vehicle=Ramp_Back event=REQUEST_RETRY t=22.1 manoeuvre=158 source=retry_request lead=106 host=101 own_eta=13.46 lead_eta=10.34 host_eta=18.87 min_eta=11.84 max_eta=17.37 desired_eta=13.46 gap_possible=True dtm=89.7 edge=34126779 lane=0 speed=6.66 lead_speed=4.92 host_speed=7.50 lead_gap=60.10 host_gap=34.49 lead_gap_t1=58.36 lead_gap_t2=56.61 lead_gap_t3=54.87 host_gap_t1=33.66 host_gap_t2=32.82 host_gap_t3=31.99 rel_to_lead=1.74 rel_to_host=0.84 lead_lat=39.86 host_lat=195.99 pending=True accepted=False authorized=False committed=False pending_age=1.00 accepted_age=None lane_cmd_state=NONE lane_cmd_target=None
obu-ramp-back-1        | [22.2] Ramp_Back MCM_TX_REQUEST: manoeuvre=158 target=101
obu-ramp-merge-3-1     | [22.1] Ramp_Merge_3 CAR_FOLLOW: sid=106 edge=34126779 lane=0 leader_edge= leader_lane=None leader_role_hint=main self_merge_completed=False self_merge_completed_age=-1.0 self_merge_committed=True lane_cmd_state=WAIT_EDGE lane_cmd_edge=34126779 lane_cmd_target=1 lane_cmd_executable=False same_lane=False reason=merge_conflict_eta gap=0.6 follow_spd=4.12 emergency=False target_before=4.336051085438757 target_after=4.125 target_after_raw=4.12
obu-ramp-back-1        | MERGE_ATTEMPT_TIMELINE: vehicle=Ramp_Back manoeuvre=158 host=101 lead=106 event=ACCEPT_MATCHED t=22.2 edge=34126779 lane=0 lane_cmd_state=NONE speed=6.67 target=6.75 dtm=89.3 lead_gap=60.35 host_gap=30.56 lead_gap_t1=58.60 lead_gap_t2=56.86 lead_gap_t3=55.11 host_gap_t1=29.73 host_gap_t2=28.90 host_gap_t3=28.07
obu-ramp-back-1        | MERGE_SLOT_QUALITY_DIAG: vehicle=Ramp_Back event=ACCEPT_MATCHED t=22.2 manoeuvre=158 source=accept_matched lead=106 host=101 own_eta=13.39 lead_eta=10.34 host_eta=18.87 min_eta=11.84 max_eta=17.37 desired_eta=13.39 gap_possible=True dtm=89.3 edge=34126779 lane=0 speed=6.67 lead_speed=4.92 host_speed=7.50 lead_gap=60.35 host_gap=30.56 lead_gap_t1=58.60 lead_gap_t2=56.86 lead_gap_t3=55.11 host_gap_t1=29.73 host_gap_t2=28.90 host_gap_t3=28.07 rel_to_lead=1.75 rel_to_host=0.83 lead_lat=38.26 host_lat=196.78 pending=True accepted=False authorized=False committed=False pending_age=1.10 accepted_age=None lane_cmd_state=NONE lane_cmd_target=None
obu-ramp-back-1        | [22.2] Ramp_Back MCM_ACCEPT_MATCHED: host=101 manoeuvre=158
obu-ramp-back-1        | MERGE_ATTEMPT_TIMELINE: vehicle=Ramp_Back manoeuvre=158 host=101 lead=106 event=AUTHORIZED t=22.2 edge=34126779 lane=0 lane_cmd_state=NONE speed=6.67 target=6.38 dtm=89.3 lead_gap=60.35 host_gap=30.56 lead_gap_t1=58.60 lead_gap_t2=56.86 lead_gap_t3=55.11 host_gap_t1=29.73 host_gap_t2=28.90 host_gap_t3=28.07
obu-ramp-back-1        | MERGE_SLOT_QUALITY_DIAG: vehicle=Ramp_Back event=AUTHORIZED t=22.2 manoeuvre=158 source=pending_request lead=106 host=101 own_eta=13.46 lead_eta=9.34 host_eta=18.87 min_eta=10.84 max_eta=17.37 desired_eta=13.46 gap_possible=True dtm=89.7 edge=34126779 lane=0 speed=6.67 lead_speed=4.92 host_speed=7.50 lead_gap=60.35 host_gap=30.56 lead_gap_t1=58.60 lead_gap_t2=56.86 lead_gap_t3=55.11 host_gap_t1=29.73 host_gap_t2=28.90 host_gap_t3=28.07 rel_to_lead=1.75 rel_to_host=0.83 lead_lat=38.26 host_lat=196.78 pending=True accepted=True authorized=True committed=False pending_age=1.10 accepted_age=0.00 lane_cmd_state=NONE lane_cmd_target=None
obu-ramp-back-1        | [22.1] Ramp_Back MERGE_AUTHORIZED_BY_MCM: host=101 manoeuvre=158
obu-ramp-back-1        | [22.1] Ramp_Back MERGE_DECISION: auth=True phys=False fgok=True lgok=True hgok=True cok=True esok=True cready=False dtm=89.7 past=False committed=False hid=101 ra=2 lclear=True hyok=True
obu-ramp-back-1        | [22.1] Ramp_Back MERGE_PREPARE_WAIT_PHYSICAL: dtm=89.7
obu-ramp-merge-5-1     | [22.1] Ramp_Merge_5 MCM_RX_ACCEPT: from=102 manoeuvre=127 target=111
obu-ramp-merge-4-1     | [22.2] Ramp_Merge_4 MERGE_PREPARE_WAIT_LANE_AVAILABLE: edge=34126779 lane=0 target_lane=1 lane_count=1 executable=False dtm=53.2 speed=4.11 host=None lead=106
obu-ramp-merge-4-1     | [22.2] Ramp_Merge_4 role=merge state=NEGOTIATING->NEGOTIATING speed=4.11 target=4.29 neighbors=11
obu-ramp-merge-5-1     | [22.1] Ramp_Merge_5 MCM_RX_ACCEPT: from=102 manoeuvre=127 target=111
obu-main-back-right-1  | HOST_RESERVATION_EXTEND_UNTIL_CLEAR: host=Main_Back_Right ramp=110 manoeuvre=97 new_remaining=4.0 ramp_lcs=WAIT_EDGE ramp_edge=34126779
obu-main-back-right-1  | HOST_RESERVATION_HOLD: host=Main_Back_Right ramp=110 manoeuvre=97 remaining=4.0 own_speed=4.92 target_speed=4.88 ramp_fsm=NEGOTIATING ramp_lane_cmd_state=WAIT_EDGE ramp_edge=34126779 ramp_lane=0 ramp_merge_completed=False ramp_merge_committed=True
obu-main-back-right-1  | [22.3] Main_Back_Right HOST_HOLD_YIELD: for merge=110 spd=4.88
obu-ramp-merge-3-1     | [22.3] Ramp_Merge_3 CAR_FOLLOW: sid=106 edge=34126779 lane=0 leader_edge= leader_lane=None leader_role_hint=main self_merge_completed=False self_merge_completed_age=-1.0 self_merge_committed=True lane_cmd_state=WAIT_EDGE lane_cmd_edge=34126779 lane_cmd_target=1 lane_cmd_executable=False same_lane=False reason=merge_conflict_eta gap=0.3 follow_spd=4.12 emergency=False target_before=4.333023604608478 target_after=4.125 target_after_raw=4.12
obu-main-back-left-1   | [22.7] Main_Back_Left CAR_FOLLOW: sid=108 edge=560761994 lane=0 leader_edge= leader_lane=None leader_role_hint=ramp self_merge_completed=False self_merge_completed_age=-1.0 self_merge_committed=False lane_cmd_state=None lane_cmd_edge=None lane_cmd_target=None lane_cmd_executable=None same_lane=True reason=same_lane_cam gap=8.4 follow_spd=2.62 emergency=False target_before=7.5 target_after=3.200181144584382 target_after_raw=2.62
obu-main-back-left-1   | [22.7] Main_Back_Left role=lead state=YIELDING->YIELDING speed=3.45 target=3.20 neighbors=11
obu-lead-car-1         | HOST_RESERVATION_HOLD: host=Lead_Car ramp=112 manoeuvre=158 remaining=3.0 own_speed=7.50 target_speed=7.50 ramp_fsm=NEGOTIATING ramp_lane_cmd_state=NONE ramp_edge=34126779 ramp_lane=0 ramp_merge_completed=False ramp_merge_committed=False
obu-lead-car-1         | [22.7] Lead_Car HOST_HOLD_YIELD: for merge=112 spd=7.50
obu-lead-car-1         | [22.7] Lead_Car MCM_TX_ACCEPT: manoeuvre=158 target=112
obu-lead-car-1         | [22.7] Lead_Car role=host state=YIELDING->YIELDING speed=7.50 target=7.50 neighbors=11
obu-lead-car-1         | [22.7] Lead_Car MCM_RX_REQUEST: from=112 manoeuvre=158 target=101
traci-bridge-1         | LANE_CMD_STATE veh=Ramp_Merge_2 edge=:390064918_0 lane=0 target=1 lane_count=1 recently=False speed=5.54
traci-bridge-1         | LANE_CMD_WAIT_EDGE veh=Ramp_Merge_2 edge=:390064918_0 lane=0 target=1 lane_count=1
traci-bridge-1         | LANE_CMD_STATE veh=Ramp_Merge_3 edge=34126779 lane=0 target=1 lane_count=1 recently=False speed=4.19
traci-bridge-1         | LANE_CMD_WAIT_EDGE veh=Ramp_Merge_3 edge=34126779 lane=0 target=1 lane_count=1
traci-bridge-1         | LANE_CMD_STATE veh=Ramp_Merge_2 edge=:390064918_0 lane=0 target=1 lane_count=1 recently=False speed=5.37
traci-bridge-1         | LANE_CMD_WAIT_EDGE veh=Ramp_Merge_2 edge=:390064918_0 lane=0 target=1 lane_count=1
traci-bridge-1         | LANE_CMD_STATE veh=Ramp_Merge_3 edge=34126779 lane=0 target=1 lane_count=1 recently=False speed=4.19
traci-bridge-1         | LANE_CMD_WAIT_EDGE veh=Ramp_Merge_3 edge=34126779 lane=0 target=1 lane_count=1
traci-bridge-1         | LANE_CMD_STATE veh=Ramp_Merge_4 edge=34126779 lane=0 target=1 lane_count=1 recently=False speed=4.25
traci-bridge-1         | LANE_CMD_WAIT_EDGE veh=Ramp_Merge_4 edge=34126779 lane=0 target=1 lane_count=1
traci-bridge-1         | LANE_CMD_STATE veh=Ramp_Merge_2 edge=1331698336 lane=0 target=1 lane_count=3 recently=False speed=5.44
traci-bridge-1         | LANE_CMD_APPLY veh=Ramp_Merge_2 edge=1331698336 from_lane=0 target=1 duration=2.00 mode=256 speed=5.44
traci-bridge-1         | LANE_CMD_STATE veh=Ramp_Merge_3 edge=34126779 lane=0 target=1 lane_count=1 recently=False speed=4.18
traci-bridge-1         | LANE_CMD_WAIT_EDGE veh=Ramp_Merge_3 edge=34126779 lane=0 target=1 lane_count=1
traci-bridge-1         | LANE_CMD_STATE veh=Ramp_Merge_4 edge=34126779 lane=0 target=1 lane_count=1 recently=False speed=4.26
traci-bridge-1         | LANE_CMD_WAIT_EDGE veh=Ramp_Merge_4 edge=34126779 lane=0 target=1 lane_count=1
traci-bridge-1         | LANE_CMD_STATE veh=Ramp_Merge_2 edge=1331698336 lane=1 target=1 lane_count=3 recently=True speed=5.51
traci-bridge-1         | LANE_CMD_CLEAR veh=Ramp_Merge_2 edge=1331698336 target=1
traci-bridge-1         | LANE_CMD_STATE veh=Ramp_Merge_3 edge=34126779 lane=0 target=1 lane_count=1 recently=False speed=4.18
traci-bridge-1         | LANE_CMD_WAIT_EDGE veh=Ramp_Merge_3 edge=34126779 lane=0 target=1 lane_count=1
traci-bridge-1         | LANE_CMD_STATE veh=Ramp_Merge_4 edge=34126779 lane=0 target=1 lane_count=1 recently=False speed=4.27
traci-bridge-1         | LANE_CMD_WAIT_EDGE veh=Ramp_Merge_4 edge=34126779 lane=0 target=1 lane_count=1
traci-bridge-1         | LANE_CMD_STATE veh=Ramp_Merge_3 edge=34126779 lane=0 target=1 lane_count=1 recently=False speed=4.18
traci-bridge-1         | LANE_CMD_WAIT_EDGE veh=Ramp_Merge_3 edge=34126779 lane=0 target=1 lane_count=1
traci-bridge-1         | LANE_CMD_STATE veh=Ramp_Merge_4 edge=34126779 lane=0 target=1 lane_count=1 recently=False speed=4.28
traci-bridge-1         | LANE_CMD_WAIT_EDGE veh=Ramp_Merge_4 edge=34126779 lane=0 target=1 lane_count=1
traci-bridge-1         | LANE_CMD_STATE veh=Ramp_Merge_3 edge=34126779 lane=0 target=1 lane_count=1 recently=False speed=4.17
traci-bridge-1         | LANE_CMD_WAIT_EDGE veh=Ramp_Merge_3 edge=34126779 lane=0 target=1 lane_count=1
traci-bridge-1         | LANE_CMD_STATE veh=Ramp_Merge_4 edge=34126779 lane=0 target=1 lane_count=1 recently=False speed=4.16
traci-bridge-1         | LANE_CMD_WAIT_EDGE veh=Ramp_Merge_4 edge=34126779 lane=0 target=1 lane_count=1
traci-bridge-1         | LANE_CMD_STATE veh=Ramp_Merge_3 edge=34126779 lane=0 target=1 lane_count=1 recently=False speed=4.17
traci-bridge-1         | LANE_CMD_WAIT_EDGE veh=Ramp_Merge_3 edge=34126779 lane=0 target=1 lane_count=1
traci-bridge-1         | LANE_CMD_STATE veh=Ramp_Merge_4 edge=34126779 lane=0 target=1 lane_count=1 recently=False speed=4.18
traci-bridge-1         | LANE_CMD_WAIT_EDGE veh=Ramp_Merge_4 edge=34126779 lane=0 target=1 lane_count=1
traci-bridge-1         | LANE_CMD_STATE veh=Ramp_Merge_3 edge=34126779 lane=0 target=1 lane_count=1 recently=False speed=4.17
traci-bridge-1         | LANE_CMD_WAIT_EDGE veh=Ramp_Merge_3 edge=34126779 lane=0 target=1 lane_count=1
traci-bridge-1         | LANE_CMD_STATE veh=Ramp_Merge_4 edge=34126779 lane=0 target=1 lane_count=1 recently=False speed=4.19
traci-bridge-1         | LANE_CMD_WAIT_EDGE veh=Ramp_Merge_4 edge=34126779 lane=0 target=1 lane_count=1
traci-bridge-1         | LANE_CMD_STATE veh=Ramp_Merge_3 edge=34126779 lane=0 target=1 lane_count=1 recently=False speed=4.17
traci-bridge-1         | LANE_CMD_WAIT_EDGE veh=Ramp_Merge_3 edge=34126779 lane=0 target=1 lane_count=1
traci-bridge-1         | LANE_CMD_STATE veh=Ramp_Merge_4 edge=34126779 lane=0 target=1 lane_count=1 recently=False speed=4.20
traci-bridge-1         | LANE_CMD_WAIT_EDGE veh=Ramp_Merge_4 edge=34126779 lane=0 target=1 lane_count=1
traci-bridge-1         | LANE_CMD_STATE veh=Ramp_Merge_3 edge=34126779 lane=0 target=1 lane_count=1 recently=False speed=4.17
traci-bridge-1         | LANE_CMD_WAIT_EDGE veh=Ramp_Merge_3 edge=34126779 lane=0 target=1 lane_count=1
traci-bridge-1         | LANE_CMD_STATE veh=Ramp_Merge_4 edge=34126779 lane=0 target=1 lane_count=1 recently=False speed=4.22
traci-bridge-1         | LANE_CMD_WAIT_EDGE veh=Ramp_Merge_4 edge=34126779 lane=0 target=1 lane_count=1
traci-bridge-1         | LANE_CMD_STATE veh=Ramp_Merge_3 edge=34126779 lane=0 target=1 lane_count=1 recently=False speed=4.16
traci-bridge-1         | LANE_CMD_WAIT_EDGE veh=Ramp_Merge_3 edge=34126779 lane=0 target=1 lane_count=1
traci-bridge-1         | LANE_CMD_STATE veh=Ramp_Merge_4 edge=34126779 lane=0 target=1 lane_count=1 recently=False speed=4.23
traci-bridge-1         | LANE_CMD_WAIT_EDGE veh=Ramp_Merge_4 edge=34126779 lane=0 target=1 lane_count=1
traci-bridge-1         | LANE_CMD_STATE veh=Ramp_Merge_3 edge=34126779 lane=0 target=1 lane_count=1 recently=False speed=4.16
traci-bridge-1         | LANE_CMD_WAIT_EDGE veh=Ramp_Merge_3 edge=34126779 lane=0 target=1 lane_count=1
traci-bridge-1         | LANE_CMD_STATE veh=Ramp_Merge_4 edge=34126779 lane=0 target=1 lane_count=1 recently=False speed=4.24
traci-bridge-1         | LANE_CMD_WAIT_EDGE veh=Ramp_Merge_4 edge=34126779 lane=0 target=1 lane_count=1
traci-bridge-1         | LANE_CMD_STATE veh=Ramp_Merge_3 edge=34126779 lane=0 target=1 lane_count=1 recently=False speed=4.16
traci-bridge-1         | LANE_CMD_WAIT_EDGE veh=Ramp_Merge_3 edge=34126779 lane=0 target=1 lane_count=1
traci-bridge-1         | LANE_CMD_STATE veh=Ramp_Merge_4 edge=34126779 lane=0 target=1 lane_count=1 recently=False speed=4.13
traci-bridge-1         | LANE_CMD_WAIT_EDGE veh=Ramp_Merge_4 edge=34126779 lane=0 target=1 lane_count=1
traci-bridge-1         | LANE_CMD_STATE veh=Ramp_Merge_3 edge=34126779 lane=0 target=1 lane_count=1 recently=False speed=4.16
traci-bridge-1         | LANE_CMD_WAIT_EDGE veh=Ramp_Merge_3 edge=34126779 lane=0 target=1 lane_count=1
traci-bridge-1         | LANE_CMD_STATE veh=Ramp_Merge_4 edge=34126779 lane=0 target=1 lane_count=1 recently=False speed=4.12
traci-bridge-1         | LANE_CMD_WAIT_EDGE veh=Ramp_Merge_4 edge=34126779 lane=0 target=1 lane_count=1
traci-bridge-1         | LANE_CMD_STATE veh=Ramp_Merge_3 edge=34126779 lane=0 target=1 lane_count=1 recently=False speed=4.16
traci-bridge-1         | LANE_CMD_WAIT_EDGE veh=Ramp_Merge_3 edge=34126779 lane=0 target=1 lane_count=1
traci-bridge-1         | LANE_CMD_STATE veh=Ramp_Merge_4 edge=34126779 lane=0 target=1 lane_count=1 recently=False speed=4.11
traci-bridge-1         | LANE_CMD_WAIT_EDGE veh=Ramp_Merge_4 edge=34126779 lane=0 target=1 lane_count=1
traci-bridge-1         | LANE_CMD_STATE veh=Ramp_Merge_3 edge=34126779 lane=0 target=1 lane_count=1 recently=False speed=4.15
traci-bridge-1         | LANE_CMD_WAIT_EDGE veh=Ramp_Merge_3 edge=34126779 lane=0 target=1 lane_count=1
traci-bridge-1         | LANE_CMD_STATE veh=Ramp_Merge_4 edge=34126779 lane=0 target=1 lane_count=1 recently=False speed=4.11
traci-bridge-1         | LANE_CMD_WAIT_EDGE veh=Ramp_Merge_4 edge=34126779 lane=0 target=1 lane_count=1
traci-bridge-1         | LANE_CMD_STATE veh=Ramp_Merge_3 edge=34126779 lane=0 target=1 lane_count=1 recently=False speed=4.15
traci-bridge-1         | LANE_CMD_WAIT_EDGE veh=Ramp_Merge_3 edge=34126779 lane=0 target=1 lane_count=1
traci-bridge-1         | LANE_CMD_STATE veh=Ramp_Merge_4 edge=34126779 lane=0 target=1 lane_count=1 recently=False speed=4.10
traci-bridge-1         | LANE_CMD_WAIT_EDGE veh=Ramp_Merge_4 edge=34126779 lane=0 target=1 lane_count=1
traci-bridge-1         | LANE_CMD_STATE veh=Ramp_Merge_3 edge=34126779 lane=0 target=1 lane_count=1 recently=False speed=4.15
traci-bridge-1         | LANE_CMD_WAIT_EDGE veh=Ramp_Merge_3 edge=34126779 lane=0 target=1 lane_count=1
traci-bridge-1         | LANE_CMD_STATE veh=Ramp_Merge_4 edge=34126779 lane=0 target=1 lane_count=1 recently=False speed=4.09
traci-bridge-1         | LANE_CMD_WAIT_EDGE veh=Ramp_Merge_4 edge=34126779 lane=0 target=1 lane_count=1
traci-bridge-1         | LANE_CMD_STATE veh=Ramp_Merge_3 edge=34126779 lane=0 target=1 lane_count=1 recently=False speed=4.15
traci-bridge-1         | LANE_CMD_WAIT_EDGE veh=Ramp_Merge_3 edge=34126779 lane=0 target=1 lane_count=1
traci-bridge-1         | LANE_CMD_STATE veh=Ramp_Merge_4 edge=34126779 lane=0 target=1 lane_count=1 recently=False speed=4.10
traci-bridge-1         | LANE_CMD_WAIT_EDGE veh=Ramp_Merge_4 edge=34126779 lane=0 target=1 lane_count=1
traci-bridge-1         | LANE_CMD_STATE veh=Ramp_Merge_3 edge=34126779 lane=0 target=1 lane_count=1 recently=False speed=4.15
traci-bridge-1         | LANE_CMD_WAIT_EDGE veh=Ramp_Merge_3 edge=34126779 lane=0 target=1 lane_count=1
traci-bridge-1         | LANE_CMD_STATE veh=Ramp_Merge_4 edge=34126779 lane=0 target=1 lane_count=1 recently=False speed=4.11
traci-bridge-1         | LANE_CMD_WAIT_EDGE veh=Ramp_Merge_4 edge=34126779 lane=0 target=1 lane_count=1
traci-bridge-1         | LANE_CMD_STATE veh=Ramp_Merge_3 edge=34126779 lane=0 target=1 lane_count=1 recently=False speed=4.15
traci-bridge-1         | LANE_CMD_WAIT_EDGE veh=Ramp_Merge_3 edge=34126779 lane=0 target=1 lane_count=1
traci-bridge-1         | LANE_CMD_STATE veh=Ramp_Merge_4 edge=34126779 lane=0 target=1 lane_count=1 recently=False speed=4.12
traci-bridge-1         | LANE_CMD_WAIT_EDGE veh=Ramp_Merge_4 edge=34126779 lane=0 target=1 lane_count=1
obu-main-front-left-1  | HOST_RESERVATION_HOLD: host=Main_Front_Left ramp=111 manoeuvre=127 remaining=3.1 own_speed=7.24 target_speed=6.50 ramp_fsm=NEGOTIATING ramp_lane_cmd_state=NONE ramp_edge=34126779 ramp_lane=0 ramp_merge_completed=False ramp_merge_committed=False
obu-main-front-left-1  | [22.7] Main_Front_Left HOST_HOLD_YIELD: for merge=111 spd=6.50
obu-main-front-left-1  | [22.7] Main_Front_Left MCM_TX_ACCEPT: manoeuvre=127 target=111
obu-main-front-left-1  | [22.7] Main_Front_Left MCM_RX_REQUEST: from=111 manoeuvre=127 target=102
obu-main-back-left-1   | [22.8] Main_Back_Left CAR_FOLLOW: sid=108 edge=560761994 lane=0 leader_edge= leader_lane=None leader_role_hint=ramp self_merge_completed=False self_merge_completed_age=-1.0 self_merge_committed=False lane_cmd_state=None lane_cmd_edge=None lane_cmd_target=None lane_cmd_executable=None same_lane=True reason=same_lane_cam gap=8.9 follow_spd=2.62 emergency=False target_before=7.5 target_after=2.9564085015113344 target_after_raw=2.62
obu-ramp-merge-5-1     | MCM_REQUEST_RETRY_DIAG: vehicle=Ramp_Merge_5 host=102 lead=106 manoeuvre=127 retry_count=3 pending_age=1.7 dtm=68.8 own_eta=10.70 host_eta_current=16.88097944453804 host_eta_at_request=14.356740718187373 lead_eta_current=8.856409261765412 lead_eta_at_request=10.338678746649792 last_response_action=2 last_response_age=0.6999999999999993 host_remote_fsm=YIELDING host_remote_edge=135424828 host_remote_lane=0 host_remote_merge_committed=False host_remote_merge_completed=False host_remote_active_merge_request=True host_remote_active_station_id=111 host_remote_active_manoeuvre_id=127 host_remote_active_remaining_s=3.8000000000000007
obu-ramp-merge-5-1     | MERGE_SLOT_QUALITY_DIAG: vehicle=Ramp_Merge_5 event=REQUEST_RETRY t=22.8 manoeuvre=127 source=retry_request lead=106 host=102 own_eta=10.70 lead_eta=10.34 host_eta=16.88 min_eta=11.84 max_eta=15.38 desired_eta=11.84 gap_possible=True dtm=68.8 edge=34126779 lane=0 speed=6.43 lead_speed=4.91 host_speed=7.00 lead_gap=41.30 host_gap=52.08 lead_gap_t1=39.78 lead_gap_t2=38.26 lead_gap_t3=36.74 host_gap_t1=52.08 host_gap_t2=52.08 host_gap_t3=52.08 rel_to_lead=1.52 rel_to_host=-0.57 lead_lat=2.93 host_lat=164.13 pending=True accepted=False authorized=False committed=False pending_age=1.70 accepted_age=None lane_cmd_state=NONE lane_cmd_target=None
obu-ramp-merge-5-1     | [22.8] Ramp_Merge_5 MCM_TX_REQUEST: manoeuvre=127 target=102
obu-ramp-merge-5-1     | MERGE_ATTEMPT_TIMELINE: vehicle=Ramp_Merge_5 manoeuvre=127 host=102 lead=106 event=ACCEPT_MATCHED t=22.8 edge=34126779 lane=0 lane_cmd_state=NONE speed=6.43 target=6.75 dtm=68.8 lead_gap=41.30 host_gap=52.08 lead_gap_t1=39.78 lead_gap_t2=38.26 lead_gap_t3=36.74 host_gap_t1=52.08 host_gap_t2=52.08 host_gap_t3=52.08
obu-ramp-merge-5-1     | MERGE_SLOT_QUALITY_DIAG: vehicle=Ramp_Merge_5 event=ACCEPT_MATCHED t=22.8 manoeuvre=127 source=accept_matched lead=106 host=102 own_eta=10.70 lead_eta=10.34 host_eta=16.88 min_eta=11.84 max_eta=15.38 desired_eta=11.84 gap_possible=True dtm=68.8 edge=34126779 lane=0 speed=6.43 lead_speed=4.91 host_speed=7.00 lead_gap=41.30 host_gap=52.08 lead_gap_t1=39.78 lead_gap_t2=38.26 lead_gap_t3=36.74 host_gap_t1=52.08 host_gap_t2=52.08 host_gap_t3=52.08 rel_to_lead=1.52 rel_to_host=-0.57 lead_lat=2.93 host_lat=164.13 pending=True accepted=False authorized=False committed=False pending_age=1.70 accepted_age=None lane_cmd_state=NONE lane_cmd_target=None
obu-ramp-merge-5-1     | [22.8] Ramp_Merge_5 MCM_ACCEPT_MATCHED: host=102 manoeuvre=127
obu-ramp-merge-5-1     | [22.8] Ramp_Merge_5 role=merge state=NEGOTIATING->NEGOTIATING speed=6.43 target=6.38 neighbors=11
obu-lead-car-1         | HOST_RESERVATION_HOLD: host=Lead_Car ramp=112 manoeuvre=158 remaining=2.8 own_speed=7.50 target_speed=7.50 ramp_fsm=NEGOTIATING ramp_lane_cmd_state=NONE ramp_edge=34126779 ramp_lane=0 ramp_merge_completed=False ramp_merge_committed=False
obu-lead-car-1         | [22.9] Lead_Car HOST_HOLD_YIELD: for merge=112 spd=7.50
obu-ramp-merge-3-1     | [22.8] Ramp_Merge_3 CAR_FOLLOW: sid=106 edge=34126779 lane=0 leader_edge= leader_lane=None leader_role_hint=main self_merge_completed=False self_merge_completed_age=-1.0 self_merge_committed=True lane_cmd_state=WAIT_EDGE lane_cmd_edge=34126779 lane_cmd_target=1 lane_cmd_executable=False same_lane=False reason=merge_conflict_eta gap=0.3 follow_spd=4.12 emergency=False target_before=4.326684131046076 target_after=4.125 target_after_raw=4.12
obu-ramp-back-1        | [22.8] Ramp_Back MERGE_DECISION: auth=True phys=False fgok=True lgok=True hgok=True cok=True esok=True cready=False dtm=87.1 past=False committed=False hid=101 ra=2 lclear=True hyok=True
obu-ramp-back-1        | [22.8] Ramp_Back MERGE_PREPARE_WAIT_PHYSICAL: dtm=87.1
obu-ramp-back-1        | [22.8] Ramp_Back role=merge state=NEGOTIATING->NEGOTIATING speed=6.61 target=6.38 neighbors=11
obu-main-front-left-1  | HOST_RESERVATION_HOLD: host=Main_Front_Left ramp=111 manoeuvre=127 remaining=2.9 own_speed=7.16 target_speed=6.50 ramp_fsm=NEGOTIATING ramp_lane_cmd_state=NONE ramp_edge=34126779 ramp_lane=0 ramp_merge_completed=False ramp_merge_committed=False
obu-main-front-left-1  | [22.9] Main_Front_Left HOST_HOLD_YIELD: for merge=111 spd=6.50
obu-ramp-merge-4-1     | [22.7] Ramp_Merge_4 MCM_RX_ACCEPT: from=106 manoeuvre=97 target=110
obu-main-back-right-1  | HOST_RESERVATION_EXTEND_UNTIL_CLEAR: host=Main_Back_Right ramp=110 manoeuvre=97 new_remaining=4.0 ramp_lcs=WAIT_EDGE ramp_edge=34126779
obu-main-back-right-1  | HOST_RESERVATION_HOLD: host=Main_Back_Right ramp=110 manoeuvre=97 remaining=4.0 own_speed=4.91 target_speed=4.88 ramp_fsm=NEGOTIATING ramp_lane_cmd_state=WAIT_EDGE ramp_edge=34126779 ramp_lane=0 ramp_merge_completed=False ramp_merge_committed=True
obu-main-back-right-1  | [22.8] Main_Back_Right HOST_HOLD_YIELD: for merge=110 spd=4.88
obu-main-back-right-1  | [22.8] Main_Back_Right MCM_TX_ACCEPT: manoeuvre=97 target=110
obu-merge-car-1        | [22.8] Merge_Car role=cruise state=CRUISE->CRUISE speed=7.38 target=7.50 neighbors=11
obu-main-back-right-1  | [22.8] Main_Back_Right role=host state=YIELDING->YIELDING speed=4.91 target=4.88 neighbors=11
obu-main-back-left-1   | [23.0] Main_Back_Left CAR_FOLLOW: sid=108 edge=560761994 lane=0 leader_edge= leader_lane=None leader_role_hint=ramp self_merge_completed=False self_merge_completed_age=-1.0 self_merge_committed=False lane_cmd_state=None lane_cmd_edge=None lane_cmd_target=None lane_cmd_executable=None same_lane=True reason=same_lane_cam gap=8.3 follow_spd=2.62 emergency=False target_before=7.5 target_after=2.625 target_after_raw=2.62
obu-host-car-1         | [23.0] Host_Car role=cruise state=CRUISE->CRUISE speed=6.92 target=7.50 neighbors=11
obu-lead-car-1         | HOST_RESERVATION_HOLD: host=Lead_Car ramp=112 manoeuvre=158 remaining=2.7 own_speed=7.50 target_speed=7.50 ramp_fsm=NEGOTIATING ramp_lane_cmd_state=NONE ramp_edge=34126779 ramp_lane=0 ramp_merge_completed=False ramp_merge_committed=False
obu-lead-car-1         | [23.0] Lead_Car HOST_HOLD_YIELD: for merge=112 spd=7.50
obu-lead-car-1         | [23.0] Lead_Car MCM_TX_ACCEPT: manoeuvre=158 target=112
obu-main-mid-right-1   | [23.0] Main_Mid_Right role=cruise state=CRUISE->CRUISE speed=7.50 target=7.50 neighbors=11
obu-ramp-merge-2-1     | [23.0] Ramp_Merge_2 role=host state=CRUISE->CRUISE speed=2.06 target=7.50 neighbors=11
obu-main-front-left-1  | HOST_RESERVATION_HOLD: host=Main_Front_Left ramp=111 manoeuvre=127 remaining=2.8 own_speed=7.13 target_speed=6.50 ramp_fsm=NEGOTIATING ramp_lane_cmd_state=NONE ramp_edge=34126779 ramp_lane=0 ramp_merge_completed=False ramp_merge_committed=False
obu-main-front-left-1  | [23.0] Main_Front_Left HOST_HOLD_YIELD: for merge=111 spd=6.50
obu-main-front-left-1  | [23.0] Main_Front_Left MCM_TX_ACCEPT: manoeuvre=127 target=111
obu-main-front-left-1  | [23.0] Main_Front_Left role=host state=YIELDING->YIELDING speed=7.13 target=6.50 neighbors=11
obu-main-back-right-1  | HOST_RESERVATION_EXTEND_UNTIL_CLEAR: host=Main_Back_Right ramp=110 manoeuvre=97 new_remaining=4.0 ramp_lcs=WAIT_EDGE ramp_edge=34126779
obu-main-back-right-1  | HOST_RESERVATION_HOLD: host=Main_Back_Right ramp=110 manoeuvre=97 remaining=4.0 own_speed=4.90 target_speed=4.88 ramp_fsm=NEGOTIATING ramp_lane_cmd_state=WAIT_EDGE ramp_edge=34126779 ramp_lane=0 ramp_merge_completed=False ramp_merge_committed=True
obu-main-back-right-1  | [23.0] Main_Back_Right HOST_HOLD_YIELD: for merge=110 spd=4.88
obu-main-front-left-1  | HOST_RESERVATION_HOLD: host=Main_Front_Left ramp=111 manoeuvre=127 remaining=2.7 own_speed=7.10 target_speed=6.50 ramp_fsm=NEGOTIATING ramp_lane_cmd_state=NONE ramp_edge=34126779 ramp_lane=0 ramp_merge_completed=False ramp_merge_committed=False
obu-main-front-left-1  | [23.1] Main_Front_Left HOST_HOLD_YIELD: for merge=111 spd=6.50
obu-main-back-right-1  | HOST_RESERVATION_EXTEND_UNTIL_CLEAR: host=Main_Back_Right ramp=110 manoeuvre=97 new_remaining=3.9 ramp_lcs=WAIT_EDGE ramp_edge=34126779
obu-main-back-right-1  | HOST_RESERVATION_HOLD: host=Main_Back_Right ramp=110 manoeuvre=97 remaining=3.9 own_speed=4.90 target_speed=4.88 ramp_fsm=NEGOTIATING ramp_lane_cmd_state=WAIT_EDGE ramp_edge=34126779 ramp_lane=0 ramp_merge_completed=False ramp_merge_committed=True
obu-main-back-right-1  | [23.2] Main_Back_Right HOST_HOLD_YIELD: for merge=110 spd=4.88
obu-main-back-right-1  | [23.2] Main_Back_Right MCM_TX_ACCEPT: manoeuvre=97 target=110
obu-ramp-merge-4-1     | [23.2] Ramp_Merge_4 MCM_RX_ACCEPT: from=106 manoeuvre=97 target=110
obu-ramp-merge-4-1     | [23.2] Ramp_Merge_4 MERGE_PREPARE_WAIT_LANE_AVAILABLE: edge=34126779 lane=0 target_lane=1 lane_count=1 executable=False dtm=49.4 speed=4.16 host=None lead=106
obu-ramp-back-1        | [23.2] Ramp_Back MCM_RX_ACCEPT: from=101 manoeuvre=158 target=112
obu-ramp-merge-4-1     | [23.2] Ramp_Merge_4 CAR_FOLLOW: sid=109 edge=34126779 lane=0 leader_edge= leader_lane=None leader_role_hint=ramp self_merge_completed=False self_merge_completed_age=-1.0 self_merge_committed=True lane_cmd_state=WAIT_EDGE lane_cmd_edge=34126779 lane_cmd_target=1 lane_cmd_executable=False same_lane=True reason=same_lane_cam gap=7.7 follow_spd=2.62 emergency=False target_before=4.338329699352428 target_after=3.9083296993524286 target_after_raw=2.62
obu-ramp-merge-4-1     | [23.2] Ramp_Merge_4 role=merge state=NEGOTIATING->NEGOTIATING speed=4.16 target=3.91 neighbors=11
obu-main-front-left-1  | [23.3] Main_Front_Left MCM_RX_REQUEST: from=111 manoeuvre=127 target=102
obu-ramp-merge-4-1     | [23.2] Ramp_Merge_4 MCM_RX_ACCEPT: from=106 manoeuvre=97 target=110
obu-main-front-left-1  | HOST_RESERVATION_HOLD: host=Main_Front_Left ramp=111 manoeuvre=127 remaining=2.5 own_speed=7.04 target_speed=6.50 ramp_fsm=NEGOTIATING ramp_lane_cmd_state=NONE ramp_edge=34126779 ramp_lane=0 ramp_merge_completed=False ramp_merge_committed=False
obu-main-front-left-1  | [23.3] Main_Front_Left HOST_HOLD_YIELD: for merge=111 spd=6.50
obu-main-front-left-1  | [23.3] Main_Front_Left MCM_TX_ACCEPT: manoeuvre=127 target=111
obu-ramp-merge-5-1     | [23.2] Ramp_Merge_5 MCM_ACCEPT_STALE: host=102 manoeuvre=127
obu-ramp-merge-5-1     | [23.2] Ramp_Merge_5 MCM_RX_ACCEPT: from=102 manoeuvre=127 target=111
obu-ramp-merge-5-1     | [23.2] Ramp_Merge_5 MCM_RX_ACCEPT: from=102 manoeuvre=127 target=111
obu-ramp-merge-3-1     | [23.2] Ramp_Merge_3 MERGE_PREPARE_WAIT_LANE_AVAILABLE: edge=34126779 lane=0 target_lane=1 lane_count=1 executable=False dtm=34.0 speed=4.14 host=None lead=105
obu-ramp-merge-3-1     | [23.2] Ramp_Merge_3 CAR_FOLLOW: sid=106 edge=34126779 lane=0 leader_edge= leader_lane=None leader_role_hint=main self_merge_completed=False self_merge_completed_age=-1.0 self_merge_committed=True lane_cmd_state=WAIT_EDGE lane_cmd_edge=34126779 lane_cmd_target=1 lane_cmd_executable=False same_lane=False reason=merge_conflict_eta gap=0.0 follow_spd=4.12 emergency=False target_before=4.322661860262849 target_after=4.125 target_after_raw=4.12
obu-ramp-merge-3-1     | [23.2] Ramp_Merge_3 role=merge state=NEGOTIATING->NEGOTIATING speed=4.14 target=4.12 neighbors=10
obu-ramp-back-1        | [23.2] Ramp_Back MERGE_DECISION: auth=True phys=False fgok=True lgok=True hgok=True cok=True esok=True cready=False dtm=85.7 past=False committed=False hid=101 ra=2 lclear=True hyok=True
obu-ramp-back-1        | [23.2] Ramp_Back MERGE_PREPARE_WAIT_PHYSICAL: dtm=85.7
obu-ramp-back-1        | [23.2] Ramp_Back MCM_RX_ACCEPT: from=101 manoeuvre=158 target=112
obu-lead-car-1         | HOST_RESERVATION_HOLD: host=Lead_Car ramp=112 manoeuvre=158 remaining=2.4 own_speed=7.50 target_speed=7.50 ramp_fsm=NEGOTIATING ramp_lane_cmd_state=NONE ramp_edge=34126779 ramp_lane=0 ramp_merge_completed=False ramp_merge_committed=False
obu-lead-car-1         | [23.3] Lead_Car HOST_HOLD_YIELD: for merge=112 spd=7.50
obu-lead-car-1         | [23.3] Lead_Car MCM_TX_ACCEPT: manoeuvre=158 target=112
obu-ramp-merge-4-1     | [23.3] Ramp_Merge_4 CAR_FOLLOW: sid=109 edge=34126779 lane=0 leader_edge= leader_lane=None leader_role_hint=ramp self_merge_completed=False self_merge_completed_age=-1.0 self_merge_committed=True lane_cmd_state=WAIT_EDGE lane_cmd_edge=34126779 lane_cmd_target=1 lane_cmd_executable=False same_lane=True reason=same_lane_cam gap=9.3 follow_spd=2.92 emergency=False target_before=4.3465538231813845 target_after=3.916553823181385 target_after_raw=2.92
obu-ramp-merge-3-1     | [23.4] Ramp_Merge_3 CAR_FOLLOW: sid=106 edge=34126779 lane=0 leader_edge= leader_lane=None leader_role_hint=main self_merge_completed=False self_merge_completed_age=-1.0 self_merge_committed=True lane_cmd_state=WAIT_EDGE lane_cmd_edge=34126779 lane_cmd_target=1 lane_cmd_executable=False same_lane=False reason=merge_conflict_eta gap=0.0 follow_spd=4.12 emergency=False target_before=4.320939828887221 target_after=4.125 target_after_raw=4.12
obu-ramp-merge-3-1     | [23.5] Ramp_Merge_3 CAR_FOLLOW: sid=106 edge=34126779 lane=0 leader_edge= leader_lane=None leader_role_hint=main self_merge_completed=False self_merge_completed_age=-1.0 self_merge_committed=True lane_cmd_state=WAIT_EDGE lane_cmd_edge=34126779 lane_cmd_target=1 lane_cmd_executable=False same_lane=False reason=merge_conflict_eta gap=0.1 follow_spd=4.12 emergency=False target_before=4.3201428374428605 target_after=4.125 target_after_raw=4.12
obu-ramp-merge-3-1     | [23.7] Ramp_Merge_3 CAR_FOLLOW: sid=106 edge=34126779 lane=0 leader_edge= leader_lane=None leader_role_hint=main self_merge_completed=False self_merge_completed_age=-1.0 self_merge_committed=True lane_cmd_state=WAIT_EDGE lane_cmd_edge=34126779 lane_cmd_target=1 lane_cmd_executable=False same_lane=False reason=merge_conflict_eta gap=0.3 follow_spd=4.12 emergency=False target_before=4.318666410792182 target_after=4.125 target_after_raw=4.12
obu-ramp-back-1        | [23.7] Ramp_Back MCM_RX_ACCEPT: from=101 manoeuvre=158 target=112
obu-merge-car-1        | [23.8] Merge_Car role=cruise state=CRUISE->CRUISE speed=7.43 target=7.50 neighbors=11
obu-ramp-merge-5-1     | [23.7] Ramp_Merge_5 MCM_RX_ACCEPT: from=102 manoeuvre=127 target=111
obu-main-back-left-1   | [23.8] Main_Back_Left CAR_FOLLOW: sid=108 edge=560761994 lane=0 leader_edge= leader_lane=None leader_role_hint=ramp self_merge_completed=False self_merge_completed_age=-1.0 self_merge_committed=False lane_cmd_state=None lane_cmd_edge=None lane_cmd_target=None lane_cmd_executable=None same_lane=True reason=same_lane_cam gap=8.3 follow_spd=2.62 emergency=False target_before=7.5 target_after=2.4414537695153133 target_after_raw=2.62
obu-main-back-left-1   | [23.8] Main_Back_Left role=lead state=CRUISE->YIELDING speed=2.26 target=2.44 neighbors=11
obu-main-back-right-1  | HOST_RESERVATION_HOLD: host=Main_Back_Right ramp=110 manoeuvre=97 remaining=3.3 own_speed=4.89 target_speed=4.88 ramp_fsm=NEGOTIATING ramp_lane_cmd_state=WAIT_EDGE ramp_edge=34126779 ramp_lane=0 ramp_merge_completed=False ramp_merge_committed=True
obu-main-back-right-1  | [23.8] Main_Back_Right HOST_HOLD_YIELD: for merge=110 spd=4.88
obu-main-back-right-1  | [23.8] Main_Back_Right MCM_TX_ACCEPT: manoeuvre=97 target=110
obu-main-back-right-1  | [23.8] Main_Back_Right role=host state=YIELDING->YIELDING speed=4.89 target=4.88 neighbors=11
obu-ramp-merge-3-1     | [23.8] Ramp_Merge_3 CAR_FOLLOW: sid=107 edge=34126779 lane=0 leader_edge= leader_lane=None leader_role_hint=ramp self_merge_completed=False self_merge_completed_age=-1.0 self_merge_committed=True lane_cmd_state=WAIT_EDGE lane_cmd_edge=34126779 lane_cmd_target=1 lane_cmd_executable=False same_lane=False reason=merge_conflict_eta gap=0.8 follow_spd=4.12 emergency=False target_before=4.317983090252572 target_after=4.125 target_after_raw=4.12
obu-lead-car-1         | HOST_RESERVATION_HOLD: host=Lead_Car ramp=112 manoeuvre=158 remaining=1.9 own_speed=7.50 target_speed=7.50 ramp_fsm=NEGOTIATING ramp_lane_cmd_state=NONE ramp_edge=34126779 ramp_lane=0 ramp_merge_completed=False ramp_merge_committed=False
obu-lead-car-1         | [23.8] Lead_Car HOST_HOLD_YIELD: for merge=112 spd=7.50
obu-ramp-merge-4-1     | [23.7] Ramp_Merge_4 CAR_FOLLOW: sid=109 edge=34126779 lane=0 leader_edge= leader_lane=None leader_role_hint=ramp self_merge_completed=False self_merge_completed_age=-1.0 self_merge_committed=True lane_cmd_state=WAIT_EDGE lane_cmd_edge=34126779 lane_cmd_target=1 lane_cmd_executable=False same_lane=True reason=same_lane_cam gap=9.4 follow_spd=2.95 emergency=False target_before=4.317596173440843 target_after=3.8875961734408433 target_after_raw=2.95
obu-lead-car-1         | [23.8] Lead_Car MCM_TX_ACCEPT: manoeuvre=158 target=112
obu-lead-car-1         | [23.8] Lead_Car role=host state=YIELDING->YIELDING speed=7.50 target=7.50 neighbors=11
obu-ramp-merge-4-1     | [23.8] Ramp_Merge_4 MCM_RX_ACCEPT: from=106 manoeuvre=97 target=110
obu-main-front-left-1  | HOST_RESERVATION_HOLD: host=Main_Front_Left ramp=111 manoeuvre=127 remaining=1.9 own_speed=6.90 target_speed=6.50 ramp_fsm=NEGOTIATING ramp_lane_cmd_state=NONE ramp_edge=34126779 ramp_lane=0 ramp_merge_completed=False ramp_merge_committed=False
obu-main-front-left-1  | [23.9] Main_Front_Left HOST_HOLD_YIELD: for merge=111 spd=6.50
obu-main-front-left-1  | [23.9] Main_Front_Left MCM_TX_ACCEPT: manoeuvre=127 target=111
obu-ramp-back-1        | [23.8] Ramp_Back MCM_RX_ACCEPT: from=101 manoeuvre=158 target=112
obu-ramp-merge-5-1     | [23.8] Ramp_Merge_5 role=merge state=NEGOTIATING->NEGOTIATING speed=6.42 target=6.38 neighbors=11
obu-ramp-back-1        | [23.8] Ramp_Back role=merge state=NEGOTIATING->NEGOTIATING speed=6.51 target=6.38 neighbors=11
obu-ramp-merge-5-1     | [23.8] Ramp_Merge_5 MCM_RX_ACCEPT: from=102 manoeuvre=127 target=111
obu-ramp-merge-4-1     | [24.1] Ramp_Merge_4 CAR_FOLLOW: sid=109 edge=34126779 lane=0 leader_edge= leader_lane=None leader_role_hint=ramp self_merge_completed=False self_merge_completed_age=-1.0 self_merge_committed=True lane_cmd_state=WAIT_EDGE lane_cmd_edge=34126779 lane_cmd_target=1 lane_cmd_executable=False same_lane=True reason=same_lane_cam gap=10.1 follow_spd=3.33 emergency=False target_before=4.296093710619727 target_after=3.866093710619727 target_after_raw=3.33
obu-ramp-merge-4-1     | [24.3] Ramp_Merge_4 MERGE_PREPARE_WAIT_LANE_AVAILABLE: edge=34126779 lane=0 target_lane=1 lane_count=1 executable=False dtm=45.1 speed=4.13 host=None lead=106
obu-ramp-merge-4-1     | [24.3] Ramp_Merge_4 CAR_FOLLOW: sid=109 edge=34126779 lane=0 leader_edge= leader_lane=None leader_role_hint=ramp self_merge_completed=False self_merge_completed_age=-1.0 self_merge_committed=True lane_cmd_state=WAIT_EDGE lane_cmd_edge=34126779 lane_cmd_target=1 lane_cmd_executable=False same_lane=True reason=same_lane_cam gap=9.3 follow_spd=2.90 emergency=False target_before=4.313638916902631 target_after=3.8836389169026315 target_after_raw=2.90
obu-ramp-merge-4-1     | [24.3] Ramp_Merge_4 role=merge state=NEGOTIATING->NEGOTIATING speed=4.13 target=3.88 neighbors=11
obu-main-back-right-1  | HOST_RESERVATION_HOLD: host=Main_Back_Right ramp=110 manoeuvre=97 remaining=2.7 own_speed=4.89 target_speed=4.88 ramp_fsm=NEGOTIATING ramp_lane_cmd_state=WAIT_EDGE ramp_edge=34126779 ramp_lane=0 ramp_merge_completed=False ramp_merge_committed=True
obu-main-back-right-1  | [24.4] Main_Back_Right HOST_HOLD_YIELD: for merge=110 spd=4.88
obu-main-back-right-1  | [24.4] Main_Back_Right MCM_TX_ACCEPT: manoeuvre=97 target=110
obu-host-car-1         | [24.4] Host_Car role=cruise state=CRUISE->CRUISE speed=7.22 target=7.50 neighbors=11
obu-ramp-merge-3-1     | [24.4] Ramp_Merge_3 MERGE_PREPARE_WAIT_LANE_AVAILABLE: edge=34126779 lane=0 target_lane=1 lane_count=1 executable=False dtm=29.1 speed=4.13 host=None lead=105
obu-ramp-merge-3-1     | [24.4] Ramp_Merge_3 CAR_FOLLOW: sid=106 edge=34126779 lane=0 leader_edge= leader_lane=None leader_role_hint=main self_merge_completed=False self_merge_completed_age=-1.0 self_merge_committed=True lane_cmd_state=WAIT_EDGE lane_cmd_edge=34126779 lane_cmd_target=1 lane_cmd_executable=False same_lane=False reason=merge_conflict_eta gap=0.3 follow_spd=4.12 emergency=False target_before=4.314543764359918 target_after=4.125 target_after_raw=4.12
obu-ramp-merge-3-1     | [24.4] Ramp_Merge_3 role=merge state=NEGOTIATING->NEGOTIATING speed=4.13 target=4.12 neighbors=11
obu-ramp-merge-2-1     | [24.4] Ramp_Merge_2 role=cruise state=CRUISE->CRUISE speed=4.68 target=7.50 neighbors=11
obu-main-mid-right-1   | [24.5] Main_Mid_Right role=cruise state=CRUISE->CRUISE speed=7.50 target=7.50 neighbors=11
obu-lead-car-1         | HOST_RESERVATION_HOLD: host=Lead_Car ramp=112 manoeuvre=158 remaining=1.2 own_speed=7.50 target_speed=7.50 ramp_fsm=NEGOTIATING ramp_lane_cmd_state=NONE ramp_edge=34126779 ramp_lane=0 ramp_merge_completed=False ramp_merge_committed=False
obu-lead-car-1         | [24.5] Lead_Car HOST_HOLD_YIELD: for merge=112 spd=7.50
obu-lead-car-1         | [24.5] Lead_Car MCM_TX_ACCEPT: manoeuvre=158 target=112
obu-main-front-left-1  | HOST_RESERVATION_HOLD: host=Main_Front_Left ramp=111 manoeuvre=127 remaining=1.3 own_speed=6.79 target_speed=6.50 ramp_fsm=NEGOTIATING ramp_lane_cmd_state=NONE ramp_edge=34126779 ramp_lane=0 ramp_merge_completed=False ramp_merge_committed=False
obu-main-front-left-1  | [24.5] Main_Front_Left HOST_HOLD_YIELD: for merge=111 spd=6.50
obu-main-front-left-1  | [24.5] Main_Front_Left MCM_TX_ACCEPT: manoeuvre=127 target=111
obu-main-front-left-1  | [24.5] Main_Front_Left role=host state=YIELDING->YIELDING speed=6.79 target=6.50 neighbors=11
obu-main-back-left-1   | [24.5] Main_Back_Left CAR_FOLLOW: sid=108 edge=560761994 lane=0 leader_edge= leader_lane=None leader_role_hint=ramp self_merge_completed=False self_merge_completed_age=-1.0 self_merge_committed=False lane_cmd_state=None lane_cmd_edge=None lane_cmd_target=None lane_cmd_executable=None same_lane=True reason=same_lane_cam gap=8.6 follow_spd=2.62 emergency=False target_before=7.5 target_after=2.4876476164842165 target_after_raw=2.62
obu-main-back-right-1  | HOST_RESERVATION_HOLD: host=Main_Back_Right ramp=110 manoeuvre=97 remaining=2.6 own_speed=4.89 target_speed=4.88 ramp_fsm=NEGOTIATING ramp_lane_cmd_state=WAIT_EDGE ramp_edge=34126779 ramp_lane=0 ramp_merge_completed=False ramp_merge_committed=True
obu-main-back-right-1  | [24.5] Main_Back_Right HOST_HOLD_YIELD: for merge=110 spd=4.88
obu-ramp-merge-5-1     | [24.5] Ramp_Merge_5 FINAL_GUARD: REJECTED sid=110 gap=14.8 ttc_danger=False
obu-ramp-merge-3-1     | [24.5] Ramp_Merge_3 CAR_FOLLOW: sid=106 edge=34126779 lane=0 leader_edge= leader_lane=None leader_role_hint=main self_merge_completed=False self_merge_completed_age=-1.0 self_merge_committed=True lane_cmd_state=WAIT_EDGE lane_cmd_edge=34126779 lane_cmd_target=1 lane_cmd_executable=False same_lane=False reason=merge_conflict_eta gap=0.4 follow_spd=4.12 emergency=False target_before=4.314066576141922 target_after=4.125 target_after_raw=4.12
obu-main-back-left-1   | [24.6] Main_Back_Left CAR_FOLLOW: sid=108 edge=560761994 lane=0 leader_edge= leader_lane=None leader_role_hint=ramp self_merge_completed=False self_merge_completed_age=-1.0 self_merge_committed=False lane_cmd_state=None lane_cmd_edge=None lane_cmd_target=None lane_cmd_executable=None same_lane=True reason=same_lane_cam gap=8.4 follow_spd=2.62 emergency=False target_before=7.5 target_after=2.4943379241357713 target_after_raw=2.62
obu-main-back-right-1  | HOST_RESERVATION_HOLD: host=Main_Back_Right ramp=110 manoeuvre=97 remaining=2.5 own_speed=4.89 target_speed=4.88 ramp_fsm=NEGOTIATING ramp_lane_cmd_state=WAIT_EDGE ramp_edge=34126779 ramp_lane=0 ramp_merge_completed=False ramp_merge_committed=True
obu-main-back-right-1  | [24.6] Main_Back_Right HOST_HOLD_YIELD: for merge=110 spd=4.88
obu-ramp-merge-5-1     | [24.6] Ramp_Merge_5 FINAL_GUARD: REJECTED sid=110 gap=14.3 ttc_danger=False
obu-ramp-merge-3-1     | [24.6] Ramp_Merge_3 CAR_FOLLOW: sid=106 edge=34126779 lane=0 leader_edge= leader_lane=None leader_role_hint=main self_merge_completed=False self_merge_completed_age=-1.0 self_merge_committed=True lane_cmd_state=WAIT_EDGE lane_cmd_edge=34126779 lane_cmd_target=1 lane_cmd_executable=False same_lane=False reason=merge_conflict_eta gap=0.5 follow_spd=4.12 emergency=False target_before=4.313613247334826 target_after=4.125 target_after_raw=4.12
obu-main-back-left-1   | [24.8] Main_Back_Left CAR_FOLLOW: sid=108 edge=560761994 lane=0 leader_edge= leader_lane=None leader_role_hint=ramp self_merge_completed=False self_merge_completed_age=-1.0 self_merge_committed=False lane_cmd_state=None lane_cmd_edge=None lane_cmd_target=None lane_cmd_executable=None same_lane=True reason=same_lane_cam gap=7.9 follow_spd=2.62 emergency=False target_before=7.5 target_after=2.625 target_after_raw=2.62
obu-main-back-left-1   | [24.8] Main_Back_Left role=lead state=YIELDING->YIELDING speed=2.51 target=2.62 neighbors=11
obu-main-back-right-1  | HOST_RESERVATION_HOLD: host=Main_Back_Right ramp=110 manoeuvre=97 remaining=2.3 own_speed=4.89 target_speed=4.88 ramp_fsm=NEGOTIATING ramp_lane_cmd_state=WAIT_EDGE ramp_edge=34126779 ramp_lane=0 ramp_merge_completed=False ramp_merge_committed=True
obu-main-back-right-1  | [24.8] Main_Back_Right HOST_HOLD_YIELD: for merge=110 spd=4.88
obu-ramp-merge-5-1     | [24.8] Ramp_Merge_5 FINAL_GUARD: REJECTED sid=110 gap=13.2 ttc_danger=False
obu-main-back-right-1  | [24.8] Main_Back_Right MCM_TX_ACCEPT: manoeuvre=97 target=110
obu-ramp-merge-5-1     | [24.8] Ramp_Merge_5 CAR_FOLLOW: sid=110 edge=34126779 lane=0 leader_edge= leader_lane=None leader_role_hint=ramp self_merge_completed=False self_merge_completed_age=-1.0 self_merge_committed=False lane_cmd_state=None lane_cmd_edge=None lane_cmd_target=None lane_cmd_executable=None same_lane=True reason=same_lane_cam gap=8.6 follow_spd=2.62 emergency=False target_before=5.1801063546409525 target_after=4.9301063546409525 target_after_raw=2.62
obu-ramp-merge-5-1     | [24.8] Ramp_Merge_5 role=merge state=NEGOTIATING->NEGOTIATING speed=5.18 target=4.93 neighbors=11
obu-main-back-right-1  | [24.8] Main_Back_Right role=host state=YIELDING->YIELDING speed=4.89 target=4.88 neighbors=11
traci-bridge-1         | LANE_CMD_STATE veh=Ramp_Merge_3 edge=34126779 lane=0 target=1 lane_count=1 recently=False speed=4.15
traci-bridge-1         | LANE_CMD_WAIT_EDGE veh=Ramp_Merge_3 edge=34126779 lane=0 target=1 lane_count=1
traci-bridge-1         | LANE_CMD_STATE veh=Ramp_Merge_4 edge=34126779 lane=0 target=1 lane_count=1 recently=False speed=4.13
traci-bridge-1         | LANE_CMD_WAIT_EDGE veh=Ramp_Merge_4 edge=34126779 lane=0 target=1 lane_count=1
traci-bridge-1         | LANE_CMD_STATE veh=Ramp_Merge_3 edge=34126779 lane=0 target=1 lane_count=1 recently=False speed=4.15
traci-bridge-1         | LANE_CMD_WAIT_EDGE veh=Ramp_Merge_3 edge=34126779 lane=0 target=1 lane_count=1
traci-bridge-1         | LANE_CMD_STATE veh=Ramp_Merge_4 edge=34126779 lane=0 target=1 lane_count=1 recently=False speed=4.14
traci-bridge-1         | LANE_CMD_WAIT_EDGE veh=Ramp_Merge_4 edge=34126779 lane=0 target=1 lane_count=1
traci-bridge-1         | LANE_CMD_STATE veh=Ramp_Merge_3 edge=34126779 lane=0 target=1 lane_count=1 recently=False speed=4.14
traci-bridge-1         | LANE_CMD_WAIT_EDGE veh=Ramp_Merge_3 edge=34126779 lane=0 target=1 lane_count=1
traci-bridge-1         | LANE_CMD_STATE veh=Ramp_Merge_4 edge=34126779 lane=0 target=1 lane_count=1 recently=False speed=4.14
traci-bridge-1         | LANE_CMD_WAIT_EDGE veh=Ramp_Merge_4 edge=34126779 lane=0 target=1 lane_count=1
traci-bridge-1         | LANE_CMD_STATE veh=Ramp_Merge_3 edge=34126779 lane=0 target=1 lane_count=1 recently=False speed=4.14
traci-bridge-1         | LANE_CMD_WAIT_EDGE veh=Ramp_Merge_3 edge=34126779 lane=0 target=1 lane_count=1
traci-bridge-1         | LANE_CMD_STATE veh=Ramp_Merge_4 edge=34126779 lane=0 target=1 lane_count=1 recently=False speed=4.15
traci-bridge-1         | LANE_CMD_WAIT_EDGE veh=Ramp_Merge_4 edge=34126779 lane=0 target=1 lane_count=1
traci-bridge-1         | LANE_CMD_STATE veh=Ramp_Merge_3 edge=34126779 lane=0 target=1 lane_count=1 recently=False speed=4.14
traci-bridge-1         | LANE_CMD_WAIT_EDGE veh=Ramp_Merge_3 edge=34126779 lane=0 target=1 lane_count=1
traci-bridge-1         | LANE_CMD_STATE veh=Ramp_Merge_4 edge=34126779 lane=0 target=1 lane_count=1 recently=False speed=4.16
traci-bridge-1         | LANE_CMD_WAIT_EDGE veh=Ramp_Merge_4 edge=34126779 lane=0 target=1 lane_count=1
traci-bridge-1         | LANE_CMD_STATE veh=Ramp_Merge_3 edge=34126779 lane=0 target=1 lane_count=1 recently=False speed=4.14
traci-bridge-1         | LANE_CMD_WAIT_EDGE veh=Ramp_Merge_3 edge=34126779 lane=0 target=1 lane_count=1
traci-bridge-1         | LANE_CMD_STATE veh=Ramp_Merge_4 edge=34126779 lane=0 target=1 lane_count=1 recently=False speed=4.17
traci-bridge-1         | LANE_CMD_WAIT_EDGE veh=Ramp_Merge_4 edge=34126779 lane=0 target=1 lane_count=1
traci-bridge-1         | LANE_CMD_STATE veh=Ramp_Merge_3 edge=34126779 lane=0 target=1 lane_count=1 recently=False speed=4.14
traci-bridge-1         | LANE_CMD_WAIT_EDGE veh=Ramp_Merge_3 edge=34126779 lane=0 target=1 lane_count=1
traci-bridge-1         | LANE_CMD_STATE veh=Ramp_Merge_4 edge=34126779 lane=0 target=1 lane_count=1 recently=False speed=4.17
traci-bridge-1         | LANE_CMD_WAIT_EDGE veh=Ramp_Merge_4 edge=34126779 lane=0 target=1 lane_count=1
traci-bridge-1         | LANE_CMD_STATE veh=Ramp_Merge_3 edge=34126779 lane=0 target=1 lane_count=1 recently=False speed=4.14
traci-bridge-1         | LANE_CMD_WAIT_EDGE veh=Ramp_Merge_3 edge=34126779 lane=0 target=1 lane_count=1
traci-bridge-1         | LANE_CMD_STATE veh=Ramp_Merge_4 edge=34126779 lane=0 target=1 lane_count=1 recently=False speed=4.16
traci-bridge-1         | LANE_CMD_WAIT_EDGE veh=Ramp_Merge_4 edge=34126779 lane=0 target=1 lane_count=1
traci-bridge-1         | LANE_CMD_STATE veh=Ramp_Merge_3 edge=34126779 lane=0 target=1 lane_count=1 recently=False speed=4.14
traci-bridge-1         | LANE_CMD_WAIT_EDGE veh=Ramp_Merge_3 edge=34126779 lane=0 target=1 lane_count=1
traci-bridge-1         | LANE_CMD_STATE veh=Ramp_Merge_4 edge=34126779 lane=0 target=1 lane_count=1 recently=False speed=4.15
traci-bridge-1         | LANE_CMD_WAIT_EDGE veh=Ramp_Merge_4 edge=34126779 lane=0 target=1 lane_count=1
traci-bridge-1         | LANE_CMD_STATE veh=Ramp_Merge_3 edge=34126779 lane=0 target=1 lane_count=1 recently=False speed=4.14
traci-bridge-1         | LANE_CMD_WAIT_EDGE veh=Ramp_Merge_3 edge=34126779 lane=0 target=1 lane_count=1
traci-bridge-1         | LANE_CMD_STATE veh=Ramp_Merge_4 edge=34126779 lane=0 target=1 lane_count=1 recently=False speed=4.14
traci-bridge-1         | LANE_CMD_WAIT_EDGE veh=Ramp_Merge_4 edge=34126779 lane=0 target=1 lane_count=1
traci-bridge-1         | LANE_CMD_STATE veh=Ramp_Merge_3 edge=34126779 lane=0 target=1 lane_count=1 recently=False speed=4.14
traci-bridge-1         | LANE_CMD_WAIT_EDGE veh=Ramp_Merge_3 edge=34126779 lane=0 target=1 lane_count=1
traci-bridge-1         | LANE_CMD_STATE veh=Ramp_Merge_4 edge=34126779 lane=0 target=1 lane_count=1 recently=False speed=4.13
traci-bridge-1         | LANE_CMD_WAIT_EDGE veh=Ramp_Merge_4 edge=34126779 lane=0 target=1 lane_count=1
traci-bridge-1         | LANE_CMD_STATE veh=Ramp_Merge_3 edge=34126779 lane=0 target=1 lane_count=1 recently=False speed=4.14
traci-bridge-1         | LANE_CMD_WAIT_EDGE veh=Ramp_Merge_3 edge=34126779 lane=0 target=1 lane_count=1
traci-bridge-1         | LANE_CMD_STATE veh=Ramp_Merge_4 edge=34126779 lane=0 target=1 lane_count=1 recently=False speed=4.12
traci-bridge-1         | LANE_CMD_WAIT_EDGE veh=Ramp_Merge_4 edge=34126779 lane=0 target=1 lane_count=1
traci-bridge-1         | LANE_CMD_STATE veh=Ramp_Merge_3 edge=34126779 lane=0 target=1 lane_count=1 recently=False speed=4.14
traci-bridge-1         | LANE_CMD_WAIT_EDGE veh=Ramp_Merge_3 edge=34126779 lane=0 target=1 lane_count=1
traci-bridge-1         | LANE_CMD_STATE veh=Ramp_Merge_4 edge=34126779 lane=0 target=1 lane_count=1 recently=False speed=4.11
traci-bridge-1         | LANE_CMD_WAIT_EDGE veh=Ramp_Merge_4 edge=34126779 lane=0 target=1 lane_count=1
traci-bridge-1         | LANE_CMD_STATE veh=Ramp_Merge_3 edge=34126779 lane=0 target=1 lane_count=1 recently=False speed=4.14
traci-bridge-1         | LANE_CMD_WAIT_EDGE veh=Ramp_Merge_3 edge=34126779 lane=0 target=1 lane_count=1
traci-bridge-1         | LANE_CMD_STATE veh=Ramp_Merge_4 edge=34126779 lane=0 target=1 lane_count=1 recently=False speed=4.12
traci-bridge-1         | LANE_CMD_WAIT_EDGE veh=Ramp_Merge_4 edge=34126779 lane=0 target=1 lane_count=1
traci-bridge-1         | LANE_CMD_STATE veh=Ramp_Merge_3 edge=34126779 lane=0 target=1 lane_count=1 recently=False speed=4.14
traci-bridge-1         | LANE_CMD_WAIT_EDGE veh=Ramp_Merge_3 edge=34126779 lane=0 target=1 lane_count=1
traci-bridge-1         | LANE_CMD_STATE veh=Ramp_Merge_4 edge=34126779 lane=0 target=1 lane_count=1 recently=False speed=4.13
traci-bridge-1         | LANE_CMD_WAIT_EDGE veh=Ramp_Merge_4 edge=34126779 lane=0 target=1 lane_count=1
traci-bridge-1         | LANE_CMD_STATE veh=Ramp_Merge_3 edge=34126779 lane=0 target=1 lane_count=1 recently=False speed=4.14
traci-bridge-1         | LANE_CMD_WAIT_EDGE veh=Ramp_Merge_3 edge=34126779 lane=0 target=1 lane_count=1
traci-bridge-1         | LANE_CMD_STATE veh=Ramp_Merge_4 edge=34126779 lane=0 target=1 lane_count=1 recently=False speed=4.13
traci-bridge-1         | LANE_CMD_WAIT_EDGE veh=Ramp_Merge_4 edge=34126779 lane=0 target=1 lane_count=1
traci-bridge-1         | LANE_CMD_STATE veh=Ramp_Merge_3 edge=34126779 lane=0 target=1 lane_count=1 recently=False speed=4.13
traci-bridge-1         | LANE_CMD_WAIT_EDGE veh=Ramp_Merge_3 edge=34126779 lane=0 target=1 lane_count=1
traci-bridge-1         | LANE_CMD_STATE veh=Ramp_Merge_4 edge=34126779 lane=0 target=1 lane_count=1 recently=False speed=4.12
traci-bridge-1         | LANE_CMD_WAIT_EDGE veh=Ramp_Merge_4 edge=34126779 lane=0 target=1 lane_count=1
traci-bridge-1         | LANE_CMD_STATE veh=Ramp_Merge_3 edge=34126779 lane=0 target=1 lane_count=1 recently=False speed=4.13
traci-bridge-1         | LANE_CMD_WAIT_EDGE veh=Ramp_Merge_3 edge=34126779 lane=0 target=1 lane_count=1
traci-bridge-1         | LANE_CMD_STATE veh=Ramp_Merge_4 edge=34126779 lane=0 target=1 lane_count=1 recently=False speed=4.11
traci-bridge-1         | LANE_CMD_WAIT_EDGE veh=Ramp_Merge_4 edge=34126779 lane=0 target=1 lane_count=1
traci-bridge-1         | LANE_CMD_STATE veh=Ramp_Merge_3 edge=34126779 lane=0 target=1 lane_count=1 recently=False speed=4.13
traci-bridge-1         | LANE_CMD_WAIT_EDGE veh=Ramp_Merge_3 edge=34126779 lane=0 target=1 lane_count=1
traci-bridge-1         | LANE_CMD_STATE veh=Ramp_Merge_4 edge=34126779 lane=0 target=1 lane_count=1 recently=False speed=4.10
traci-bridge-1         | LANE_CMD_WAIT_EDGE veh=Ramp_Merge_4 edge=34126779 lane=0 target=1 lane_count=1
traci-bridge-1         | LANE_CMD_STATE veh=Ramp_Merge_3 edge=34126779 lane=0 target=1 lane_count=1 recently=False speed=4.13
traci-bridge-1         | LANE_CMD_WAIT_EDGE veh=Ramp_Merge_3 edge=34126779 lane=0 target=1 lane_count=1
traci-bridge-1         | LANE_CMD_STATE veh=Ramp_Merge_4 edge=34126779 lane=0 target=1 lane_count=1 recently=False speed=4.09
traci-bridge-1         | LANE_CMD_WAIT_EDGE veh=Ramp_Merge_4 edge=34126779 lane=0 target=1 lane_count=1
traci-bridge-1         | LANE_CMD_STATE veh=Ramp_Merge_3 edge=34126779 lane=0 target=1 lane_count=1 recently=False speed=4.13
traci-bridge-1         | LANE_CMD_WAIT_EDGE veh=Ramp_Merge_3 edge=34126779 lane=0 target=1 lane_count=1
traci-bridge-1         | LANE_CMD_STATE veh=Ramp_Merge_4 edge=34126779 lane=0 target=1 lane_count=1 recently=False speed=4.08
traci-bridge-1         | LANE_CMD_WAIT_EDGE veh=Ramp_Merge_4 edge=34126779 lane=0 target=1 lane_count=1
traci-bridge-1         | LANE_CMD_STATE veh=Ramp_Merge_3 edge=34126779 lane=0 target=1 lane_count=1 recently=False speed=4.13
traci-bridge-1         | LANE_CMD_WAIT_EDGE veh=Ramp_Merge_3 edge=34126779 lane=0 target=1 lane_count=1
traci-bridge-1         | LANE_CMD_STATE veh=Ramp_Merge_4 edge=34126779 lane=0 target=1 lane_count=1 recently=False speed=4.07
traci-bridge-1         | LANE_CMD_WAIT_EDGE veh=Ramp_Merge_4 edge=34126779 lane=0 target=1 lane_count=1
traci-bridge-1         | LANE_CMD_STATE veh=Ramp_Merge_3 edge=34126779 lane=0 target=1 lane_count=1 recently=False speed=4.13
traci-bridge-1         | LANE_CMD_WAIT_EDGE veh=Ramp_Merge_3 edge=34126779 lane=0 target=1 lane_count=1
obu-ramp-merge-5-1     | [24.9] Ramp_Merge_5 MCM_RX_ACCEPT: from=102 manoeuvre=127 target=111
obu-lead-car-1         | HOST_RESERVATION_HOLD: host=Lead_Car ramp=112 manoeuvre=158 remaining=1.1 own_speed=7.50 target_speed=7.50 ramp_fsm=NEGOTIATING ramp_lane_cmd_state=NONE ramp_edge=34126779 ramp_lane=0 ramp_merge_completed=False ramp_merge_committed=False
obu-lead-car-1         | [24.6] Lead_Car HOST_HOLD_YIELD: for merge=112 spd=7.50
obu-ramp-back-1        | [24.9] Ramp_Back MCM_ACCEPT_STALE: host=101 manoeuvre=158
obu-ramp-back-1        | [24.9] Ramp_Back MERGE_DECISION: auth=True phys=False fgok=True lgok=True hgok=True cok=True esok=True cready=False dtm=78.5 past=False committed=False hid=101 ra=2 lclear=True hyok=True
obu-ramp-back-1        | [24.9] Ramp_Back MERGE_PREPARE_WAIT_PHYSICAL: dtm=78.5
obu-ramp-back-1        | [24.9] Ramp_Back role=merge state=NEGOTIATING->NEGOTIATING speed=6.45 target=6.38 neighbors=11
obu-main-front-left-1  | HOST_RESERVATION_HOLD: host=Main_Front_Left ramp=111 manoeuvre=127 remaining=0.8 own_speed=6.73 target_speed=6.50 ramp_fsm=NEGOTIATING ramp_lane_cmd_state=NONE ramp_edge=34126779 ramp_lane=0 ramp_merge_completed=False ramp_merge_committed=False
obu-main-front-left-1  | [25.0] Main_Front_Left HOST_HOLD_YIELD: for merge=111 spd=6.50
obu-main-front-left-1  | [25.0] Main_Front_Left MCM_TX_ACCEPT: manoeuvre=127 target=111
obu-ramp-merge-4-1     | [24.9] Ramp_Merge_4 MCM_RX_ACCEPT: from=106 manoeuvre=97 target=110
obu-ramp-merge-4-1     | [24.9] Ramp_Merge_4 MCM_RX_ACCEPT: from=106 manoeuvre=97 target=110
obu-ramp-back-1        | [24.9] Ramp_Back MCM_RX_ACCEPT: from=101 manoeuvre=158 target=112
obu-merge-car-1        | [25.0] Merge_Car role=cruise state=CRUISE->CRUISE speed=7.46 target=7.50 neighbors=11
obu-main-back-right-1  | HOST_RESERVATION_HOLD: host=Main_Back_Right ramp=110 manoeuvre=97 remaining=2.1 own_speed=4.89 target_speed=4.88 ramp_fsm=NEGOTIATING ramp_lane_cmd_state=WAIT_EDGE ramp_edge=34126779 ramp_lane=0 ramp_merge_completed=False ramp_merge_committed=True
obu-main-back-right-1  | [25.0] Main_Back_Right HOST_HOLD_YIELD: for merge=110 spd=4.88
obu-ramp-merge-3-1     | [25.0] Ramp_Merge_3 CAR_FOLLOW: sid=106 edge=34126779 lane=0 leader_edge= leader_lane=None leader_role_hint=main self_merge_completed=False self_merge_completed_age=-1.0 self_merge_committed=True lane_cmd_state=WAIT_EDGE lane_cmd_edge=34126779 lane_cmd_target=1 lane_cmd_executable=False same_lane=False reason=merge_conflict_eta gap=0.2 follow_spd=4.12 emergency=False target_before=4.312015543787011 target_after=4.125 target_after_raw=4.12
obu-lead-car-1         | HOST_RESERVATION_HOLD: host=Lead_Car ramp=112 manoeuvre=158 remaining=0.6 own_speed=7.50 target_speed=7.50 ramp_fsm=NEGOTIATING ramp_lane_cmd_state=NONE ramp_edge=34126779 ramp_lane=0 ramp_merge_completed=False ramp_merge_committed=False
obu-lead-car-1         | [25.1] Lead_Car HOST_HOLD_YIELD: for merge=112 spd=7.50
obu-lead-car-1         | [25.1] Lead_Car MCM_TX_ACCEPT: manoeuvre=158 target=112
obu-lead-car-1         | [25.1] Lead_Car role=host state=YIELDING->YIELDING speed=7.50 target=7.50 neighbors=11
obu-main-front-left-1  | HOST_RESERVATION_HOLD: host=Main_Front_Left ramp=111 manoeuvre=127 remaining=0.7 own_speed=6.72 target_speed=6.50 ramp_fsm=NEGOTIATING ramp_lane_cmd_state=NONE ramp_edge=34126779 ramp_lane=0 ramp_merge_completed=False ramp_merge_committed=False
obu-main-front-left-1  | [25.1] Main_Front_Left HOST_HOLD_YIELD: for merge=111 spd=6.50
obu-ramp-merge-4-1     | [25.0] Ramp_Merge_4 FINAL_GUARD: REJECTED sid=109 gap=14.0 ttc_danger=False
obu-ramp-merge-4-1     | [25.0] Ramp_Merge_4 MERGE_COMMIT_SAFETY_HOLD: lgok=True hgok=True fgok=False edge=34126779 lane=0 target_lane=1 speed=4.06 lane_cmd_state=WAIT_EDGE lane_cmd_executable=False lane_cmd_edge=34126779 lane_cmd_lane_count=1
obu-ramp-merge-5-1     | [25.1] Ramp_Merge_5 MCM_RX_ACCEPT: from=102 manoeuvre=127 target=111
obu-main-back-right-1  | HOST_RESERVATION_HOLD: host=Main_Back_Right ramp=110 manoeuvre=97 remaining=2.0 own_speed=4.89 target_speed=4.88 ramp_fsm=NEGOTIATING ramp_lane_cmd_state=WAIT_EDGE ramp_edge=34126779 ramp_lane=0 ramp_merge_completed=False ramp_merge_committed=True
obu-main-back-right-1  | [25.1] Main_Back_Right HOST_HOLD_YIELD: for merge=110 spd=4.88
obu-main-back-right-1  | [25.1] Main_Back_Right MCM_TX_ACCEPT: manoeuvre=97 target=110
obu-ramp-merge-3-1     | [25.1] Ramp_Merge_3 CAR_FOLLOW: sid=106 edge=34126779 lane=0 leader_edge= leader_lane=None leader_role_hint=main self_merge_completed=False self_merge_completed_age=-1.0 self_merge_committed=True lane_cmd_state=WAIT_EDGE lane_cmd_edge=34126779 lane_cmd_target=1 lane_cmd_executable=False same_lane=False reason=merge_conflict_eta gap=0.2 follow_spd=4.12 emergency=False target_before=4.31166476659766 target_after=4.125 target_after_raw=4.12
obu-ramp-merge-4-1     | [25.3] Ramp_Merge_4 MERGE_PREPARE_WAIT_LANE_AVAILABLE: edge=34126779 lane=0 target_lane=1 lane_count=1 executable=False dtm=41.2 speed=3.97 host=None lead=106
obu-ramp-merge-4-1     | [25.3] Ramp_Merge_4 role=merge state=NEGOTIATING->NEGOTIATING speed=3.97 target=4.15 neighbors=11
obu-ramp-back-1        | [25.1] Ramp_Back MCM_RX_ACCEPT: from=101 manoeuvre=158 target=112
obu-main-front-left-1  | HOST_RESERVATION_HOLD: host=Main_Front_Left ramp=111 manoeuvre=127 remaining=0.1 own_speed=6.66 target_speed=6.50 ramp_fsm=NEGOTIATING ramp_lane_cmd_state=NONE ramp_edge=34126779 ramp_lane=0 ramp_merge_completed=False ramp_merge_committed=False
obu-main-front-left-1  | [25.7] Main_Front_Left HOST_HOLD_YIELD: for merge=111 spd=6.50
obu-ramp-merge-4-1     | [25.6] Ramp_Merge_4 CAR_FOLLOW: sid=109 edge=34126779 lane=0 leader_edge= leader_lane=None leader_role_hint=ramp self_merge_completed=False self_merge_completed_age=-1.0 self_merge_committed=True lane_cmd_state=WAIT_EDGE lane_cmd_edge=34126779 lane_cmd_target=1 lane_cmd_executable=False same_lane=True reason=same_lane_cam gap=9.1 follow_spd=2.62 emergency=False target_before=4.180849757038564 target_after=3.750849757038564 target_after_raw=2.62
obu-main-front-left-1  | [25.7] Main_Front_Left MCM_TX_ACCEPT: manoeuvre=127 target=111
obu-main-front-left-1  | [25.7] Main_Front_Left role=host state=YIELDING->YIELDING speed=6.66 target=6.50 neighbors=11
obu-ramp-merge-4-1     | [25.6] Ramp_Merge_4 MCM_RX_ACCEPT: from=106 manoeuvre=97 target=110
obu-ramp-merge-5-1     | MERGE_ATTEMPT_TIMELINE: vehicle=Ramp_Merge_5 manoeuvre=127 host=102 lead=106 event=AUTHORIZED t=25.7 edge=34126779 lane=0 lane_cmd_state=NONE speed=4.27 target=4.45 dtm=54.8 lead_gap=29.04 host_gap=106.07 lead_gap_t1=29.04 lead_gap_t2=29.04 lead_gap_t3=29.04 host_gap_t1=106.07 host_gap_t2=106.07 host_gap_t3=106.07
obu-ramp-merge-5-1     | MERGE_SLOT_QUALITY_DIAG: vehicle=Ramp_Merge_5 event=AUTHORIZED t=25.7 manoeuvre=127 source=pending_request lead=106 host=102 own_eta=12.82 lead_eta=6.10 host_eta=20.63 min_eta=7.60 max_eta=19.13 desired_eta=12.82 gap_possible=True dtm=54.8 edge=34126779 lane=0 speed=4.27 lead_speed=4.88 host_speed=6.71 lead_gap=29.04 host_gap=106.07 lead_gap_t1=29.04 lead_gap_t2=29.04 lead_gap_t3=29.04 host_gap_t1=106.07 host_gap_t2=106.07 host_gap_t3=106.07 rel_to_lead=-0.61 rel_to_host=-2.44 lead_lat=1.27 host_lat=148.10 pending=True accepted=True authorized=True committed=False pending_age=4.60 accepted_age=0.00 lane_cmd_state=NONE lane_cmd_target=None
obu-ramp-merge-5-1     | [25.7] Ramp_Merge_5 MERGE_AUTHORIZED_BY_MCM: host=102 manoeuvre=127
obu-ramp-merge-5-1     | [25.7] Ramp_Merge_5 MERGE_DECISION: auth=True phys=True fgok=True lgok=True hgok=True cok=True esok=True cready=True dtm=54.8 past=False committed=False hid=102 ra=2 lclear=True hyok=True
obu-ramp-merge-5-1     | [25.7] Ramp_Merge_5 MERGE_PREPARE_WAIT_LANE_AVAILABLE: edge=None lane=None target_lane=None lane_count=None executable=None dtm=54.8 speed=4.27 host=102 lead=106
obu-main-back-right-1  | HOST_RESERVATION_HOLD: host=Main_Back_Right ramp=110 manoeuvre=97 remaining=1.4 own_speed=4.88 target_speed=4.88 ramp_fsm=NEGOTIATING ramp_lane_cmd_state=WAIT_EDGE ramp_edge=34126779 ramp_lane=0 ramp_merge_completed=False ramp_merge_committed=True
obu-main-back-right-1  | [25.7] Main_Back_Right HOST_HOLD_YIELD: for merge=110 spd=4.88
obu-main-back-right-1  | [25.7] Main_Back_Right MCM_TX_ACCEPT: manoeuvre=97 target=110
obu-main-mid-right-1   | [25.8] Main_Mid_Right role=cruise state=CRUISE->CRUISE speed=7.50 target=7.50 neighbors=11
obu-host-car-1         | [25.7] Host_Car role=cruise state=CRUISE->CRUISE speed=7.35 target=7.50 neighbors=11
obu-ramp-merge-2-1     | [25.7] Ramp_Merge_2 role=cruise state=CRUISE->CRUISE speed=6.05 target=7.50 neighbors=11
obu-ramp-merge-3-1     | [25.8] Ramp_Merge_3 MERGE_PREPARE_WAIT_LANE_AVAILABLE: edge=34126779 lane=0 target_lane=1 lane_count=1 executable=False dtm=23.4 speed=4.14 host=None lead=105
obu-ramp-merge-3-1     | [25.8] Ramp_Merge_3 CAR_FOLLOW: sid=106 edge=34126779 lane=0 leader_edge= leader_lane=None leader_role_hint=main self_merge_completed=False self_merge_completed_age=-1.0 self_merge_committed=True lane_cmd_state=WAIT_EDGE lane_cmd_edge=34126779 lane_cmd_target=1 lane_cmd_executable=False same_lane=False reason=merge_conflict_eta gap=0.4 follow_spd=4.12 emergency=False target_before=4.3165415068029604 target_after=4.125 target_after_raw=4.12
obu-ramp-merge-3-1     | [25.8] Ramp_Merge_3 role=merge state=NEGOTIATING->NEGOTIATING speed=4.14 target=4.12 neighbors=11
obu-ramp-merge-4-1     | [25.8] Ramp_Merge_4 CAR_FOLLOW: sid=109 edge=34126779 lane=0 leader_edge= leader_lane=None leader_role_hint=ramp self_merge_completed=False self_merge_completed_age=-1.0 self_merge_committed=True lane_cmd_state=WAIT_EDGE lane_cmd_edge=34126779 lane_cmd_target=1 lane_cmd_executable=False same_lane=True reason=same_lane_cam gap=8.7 follow_spd=2.62 emergency=False target_before=4.196439563916479 target_after=3.766439563916479 target_after_raw=2.62
obu-main-back-left-1   | [25.8] Main_Back_Left role=lead state=CRUISE->CRUISE speed=3.72 target=7.50 neighbors=11
obu-ramp-merge-5-1     | [25.8] Ramp_Merge_5 role=merge state=NEGOTIATING->NEGOTIATING speed=4.30 target=4.48 neighbors=11
obu-main-back-right-1  | HOST_RESERVATION_HOLD: host=Main_Back_Right ramp=110 manoeuvre=97 remaining=1.3 own_speed=4.88 target_speed=4.88 ramp_fsm=NEGOTIATING ramp_lane_cmd_state=WAIT_EDGE ramp_edge=34126779 ramp_lane=0 ramp_merge_completed=False ramp_merge_committed=True
obu-main-back-right-1  | [25.8] Main_Back_Right HOST_HOLD_YIELD: for merge=110 spd=4.88
obu-main-back-right-1  | [25.8] Main_Back_Right role=host state=YIELDING->YIELDING speed=4.88 target=4.88 neighbors=11
obu-ramp-merge-5-1     | [25.9] Ramp_Merge_5 MERGE_LANE_WAIT_EDGE_CONFIRMED: edge=34126779 lane=0 target_lane=1 lane_count=1 executable=False
obu-ramp-merge-5-1     | [26.0] Ramp_Merge_5 MERGE_PREPARE_WAIT_LANE_AVAILABLE: edge=34126779 lane=0 target_lane=1 lane_count=1 executable=False dtm=53.6 speed=4.17 host=102 lead=106
obu-ramp-merge-5-1     | MERGE_ATTEMPT_TIMELINE: vehicle=Ramp_Merge_5 manoeuvre=127 host=102 lead=106 event=WAIT_EDGE t=26.0 edge=34126779 lane=0 lane_cmd_state=WAIT_EDGE speed=4.17 target=6.75 dtm=53.6 lead_gap=27.77 host_gap=104.81 lead_gap_t1=27.77 lead_gap_t2=27.77 lead_gap_t3=27.77 host_gap_t1=104.81 host_gap_t2=104.81 host_gap_t3=104.81
obu-main-back-right-1  | HOST_RESERVATION_HOLD: host=Main_Back_Right ramp=110 manoeuvre=97 remaining=1.1 own_speed=4.88 target_speed=4.88 ramp_fsm=NEGOTIATING ramp_lane_cmd_state=WAIT_EDGE ramp_edge=34126779 ramp_lane=0 ramp_merge_completed=False ramp_merge_committed=True
obu-main-back-right-1  | [26.0] Main_Back_Right HOST_HOLD_YIELD: for merge=110 spd=4.88
obu-main-back-right-1  | [26.0] Main_Back_Right MCM_TX_ACCEPT: manoeuvre=97 target=110
obu-ramp-merge-3-1     | [26.1] Ramp_Merge_3 CAR_FOLLOW: sid=106 edge=34126779 lane=0 leader_edge= leader_lane=None leader_role_hint=main self_merge_completed=False self_merge_completed_age=-1.0 self_merge_committed=True lane_cmd_state=WAIT_EDGE lane_cmd_edge=34126779 lane_cmd_target=1 lane_cmd_executable=False same_lane=False reason=merge_conflict_eta gap=0.7 follow_spd=4.12 emergency=False target_before=4.314895399395188 target_after=4.125 target_after_raw=4.12
obu-main-back-right-1  | HOST_RESERVATION_HOLD: host=Main_Back_Right ramp=110 manoeuvre=97 remaining=1.0 own_speed=4.88 target_speed=4.88 ramp_fsm=NEGOTIATING ramp_lane_cmd_state=WAIT_EDGE ramp_edge=34126779 ramp_lane=0 ramp_merge_completed=False ramp_merge_committed=True
obu-main-back-right-1  | [26.1] Main_Back_Right HOST_HOLD_YIELD: for merge=110 spd=4.88
obu-ramp-merge-5-1     | [26.1] Ramp_Merge_5 MCM_RX_ACCEPT: from=102 manoeuvre=127 target=111
obu-lead-car-1         | [26.2] Lead_Car role=cruise state=CRUISE->CRUISE speed=7.50 target=7.50 neighbors=11
obu-ramp-merge-4-1     | [26.1] Ramp_Merge_4 MCM_RX_ACCEPT: from=106 manoeuvre=97 target=110
obu-merge-car-1        | [26.2] Merge_Car role=cruise state=CRUISE->CRUISE speed=7.48 target=7.50 neighbors=11
obu-ramp-back-1        | [26.1] Ramp_Back MERGE_DECISION: auth=True phys=False fgok=True lgok=True hgok=True cok=True esok=True cready=False dtm=72.8 past=False committed=False hid=101 ra=2 lclear=True hyok=True
obu-ramp-back-1        | [26.1] Ramp_Back MERGE_PREPARE_WAIT_PHYSICAL: dtm=72.8
obu-ramp-back-1        | [26.1] Ramp_Back role=merge state=NEGOTIATING->NEGOTIATING speed=6.42 target=6.38 neighbors=11
obu-ramp-merge-4-1     | [26.1] Ramp_Merge_4 MCM_RX_ACCEPT: from=106 manoeuvre=97 target=110
obu-main-back-right-1  | HOST_RESERVATION_HOLD: host=Main_Back_Right ramp=110 manoeuvre=97 remaining=0.4 own_speed=4.88 target_speed=4.88 ramp_fsm=NEGOTIATING ramp_lane_cmd_state=WAIT_EDGE ramp_edge=34126779 ramp_lane=0 ramp_merge_completed=False ramp_merge_committed=True
obu-main-back-right-1  | [26.7] Main_Back_Right HOST_HOLD_YIELD: for merge=110 spd=4.88
obu-main-back-right-1  | [26.7] Main_Back_Right MCM_TX_ACCEPT: manoeuvre=97 target=110
obu-ramp-merge-3-1     | [26.7] Ramp_Merge_3 FINAL_GUARD: REJECTED sid=106 gap=9.2 ttc_danger=False
obu-ramp-merge-3-1     | [26.7] Ramp_Merge_3 MERGE_COMMIT_SAFETY_HOLD: lgok=True hgok=True fgok=False edge=34126779 lane=0 target_lane=1 speed=4.13 lane_cmd_state=WAIT_EDGE lane_cmd_executable=False lane_cmd_edge=34126779 lane_cmd_lane_count=1
obu-ramp-merge-3-1     | [26.7] Ramp_Merge_3 CAR_FOLLOW: sid=106 edge=34126779 lane=0 leader_edge= leader_lane=None leader_role_hint=main self_merge_completed=False self_merge_completed_age=-1.0 self_merge_committed=True lane_cmd_state=WAIT_EDGE lane_cmd_edge=34126779 lane_cmd_target=1 lane_cmd_executable=False same_lane=False reason=merge_conflict_eta gap=0.3 follow_spd=4.12 emergency=False target_before=2.25 target_after=4.125 target_after_raw=4.12
traci-bridge-1         | LANE_CMD_STATE veh=Ramp_Merge_4 edge=34126779 lane=0 target=1 lane_count=1 recently=False speed=4.06
traci-bridge-1         | LANE_CMD_WAIT_EDGE veh=Ramp_Merge_4 edge=34126779 lane=0 target=1 lane_count=1
traci-bridge-1         | LANE_CMD_STATE veh=Ramp_Merge_3 edge=34126779 lane=0 target=1 lane_count=1 recently=False speed=4.13
traci-bridge-1         | LANE_CMD_WAIT_EDGE veh=Ramp_Merge_3 edge=34126779 lane=0 target=1 lane_count=1
traci-bridge-1         | LANE_CMD_STATE veh=Ramp_Merge_4 edge=34126779 lane=0 target=1 lane_count=1 recently=False speed=4.05
traci-bridge-1         | LANE_CMD_WAIT_EDGE veh=Ramp_Merge_4 edge=34126779 lane=0 target=1 lane_count=1
traci-bridge-1         | LANE_CMD_STATE veh=Ramp_Merge_3 edge=34126779 lane=0 target=1 lane_count=1 recently=False speed=4.14
traci-bridge-1         | LANE_CMD_WAIT_EDGE veh=Ramp_Merge_3 edge=34126779 lane=0 target=1 lane_count=1
traci-bridge-1         | LANE_CMD_STATE veh=Ramp_Merge_4 edge=34126779 lane=0 target=1 lane_count=1 recently=False speed=4.06
traci-bridge-1         | LANE_CMD_WAIT_EDGE veh=Ramp_Merge_4 edge=34126779 lane=0 target=1 lane_count=1
traci-bridge-1         | LANE_CMD_STATE veh=Ramp_Merge_3 edge=34126779 lane=0 target=1 lane_count=1 recently=False speed=4.14
traci-bridge-1         | LANE_CMD_WAIT_EDGE veh=Ramp_Merge_3 edge=34126779 lane=0 target=1 lane_count=1
traci-bridge-1         | LANE_CMD_STATE veh=Ramp_Merge_4 edge=34126779 lane=0 target=1 lane_count=1 recently=False speed=3.97
traci-bridge-1         | LANE_CMD_WAIT_EDGE veh=Ramp_Merge_4 edge=34126779 lane=0 target=1 lane_count=1
traci-bridge-1         | LANE_CMD_STATE veh=Ramp_Merge_3 edge=34126779 lane=0 target=1 lane_count=1 recently=False speed=4.14
traci-bridge-1         | LANE_CMD_WAIT_EDGE veh=Ramp_Merge_3 edge=34126779 lane=0 target=1 lane_count=1
traci-bridge-1         | LANE_CMD_STATE veh=Ramp_Merge_4 edge=34126779 lane=0 target=1 lane_count=1 recently=False speed=3.98
traci-bridge-1         | LANE_CMD_WAIT_EDGE veh=Ramp_Merge_4 edge=34126779 lane=0 target=1 lane_count=1
traci-bridge-1         | LANE_CMD_STATE veh=Ramp_Merge_3 edge=34126779 lane=0 target=1 lane_count=1 recently=False speed=4.14
traci-bridge-1         | LANE_CMD_WAIT_EDGE veh=Ramp_Merge_3 edge=34126779 lane=0 target=1 lane_count=1
traci-bridge-1         | LANE_CMD_STATE veh=Ramp_Merge_4 edge=34126779 lane=0 target=1 lane_count=1 recently=False speed=3.99
traci-bridge-1         | LANE_CMD_WAIT_EDGE veh=Ramp_Merge_4 edge=34126779 lane=0 target=1 lane_count=1
traci-bridge-1         | LANE_CMD_STATE veh=Ramp_Merge_3 edge=34126779 lane=0 target=1 lane_count=1 recently=False speed=4.14
traci-bridge-1         | LANE_CMD_WAIT_EDGE veh=Ramp_Merge_3 edge=34126779 lane=0 target=1 lane_count=1
traci-bridge-1         | LANE_CMD_STATE veh=Ramp_Merge_4 edge=34126779 lane=0 target=1 lane_count=1 recently=False speed=4.00
traci-bridge-1         | LANE_CMD_WAIT_EDGE veh=Ramp_Merge_4 edge=34126779 lane=0 target=1 lane_count=1
traci-bridge-1         | LANE_CMD_STATE veh=Ramp_Merge_3 edge=34126779 lane=0 target=1 lane_count=1 recently=False speed=4.14
traci-bridge-1         | LANE_CMD_WAIT_EDGE veh=Ramp_Merge_3 edge=34126779 lane=0 target=1 lane_count=1
traci-bridge-1         | LANE_CMD_STATE veh=Ramp_Merge_4 edge=34126779 lane=0 target=1 lane_count=1 recently=False speed=4.01
traci-bridge-1         | LANE_CMD_WAIT_EDGE veh=Ramp_Merge_4 edge=34126779 lane=0 target=1 lane_count=1
traci-bridge-1         | LANE_CMD_STATE veh=Ramp_Merge_3 edge=34126779 lane=0 target=1 lane_count=1 recently=False speed=4.14
traci-bridge-1         | LANE_CMD_WAIT_EDGE veh=Ramp_Merge_3 edge=34126779 lane=0 target=1 lane_count=1
traci-bridge-1         | LANE_CMD_STATE veh=Ramp_Merge_4 edge=34126779 lane=0 target=1 lane_count=1 recently=False speed=4.02
traci-bridge-1         | LANE_CMD_WAIT_EDGE veh=Ramp_Merge_4 edge=34126779 lane=0 target=1 lane_count=1
traci-bridge-1         | LANE_CMD_STATE veh=Ramp_Merge_3 edge=34126779 lane=0 target=1 lane_count=1 recently=False speed=4.14
traci-bridge-1         | LANE_CMD_WAIT_EDGE veh=Ramp_Merge_3 edge=34126779 lane=0 target=1 lane_count=1
traci-bridge-1         | LANE_CMD_STATE veh=Ramp_Merge_4 edge=34126779 lane=0 target=1 lane_count=1 recently=False speed=4.00
traci-bridge-1         | LANE_CMD_WAIT_EDGE veh=Ramp_Merge_4 edge=34126779 lane=0 target=1 lane_count=1
traci-bridge-1         | LANE_CMD_STATE veh=Ramp_Merge_5 edge=34126779 lane=0 target=1 lane_count=1 recently=False speed=4.16
traci-bridge-1         | LANE_CMD_WAIT_EDGE veh=Ramp_Merge_5 edge=34126779 lane=0 target=1 lane_count=1
traci-bridge-1         | LANE_CMD_STATE veh=Ramp_Merge_3 edge=34126779 lane=0 target=1 lane_count=1 recently=False speed=4.14
traci-bridge-1         | LANE_CMD_WAIT_EDGE veh=Ramp_Merge_3 edge=34126779 lane=0 target=1 lane_count=1
traci-bridge-1         | LANE_CMD_STATE veh=Ramp_Merge_4 edge=34126779 lane=0 target=1 lane_count=1 recently=False speed=3.99
traci-bridge-1         | LANE_CMD_WAIT_EDGE veh=Ramp_Merge_4 edge=34126779 lane=0 target=1 lane_count=1
traci-bridge-1         | LANE_CMD_STATE veh=Ramp_Merge_5 edge=34126779 lane=0 target=1 lane_count=1 recently=False speed=4.17
traci-bridge-1         | LANE_CMD_WAIT_EDGE veh=Ramp_Merge_5 edge=34126779 lane=0 target=1 lane_count=1
traci-bridge-1         | LANE_CMD_STATE veh=Ramp_Merge_3 edge=34126779 lane=0 target=1 lane_count=1 recently=False speed=4.13
traci-bridge-1         | LANE_CMD_WAIT_EDGE veh=Ramp_Merge_3 edge=34126779 lane=0 target=1 lane_count=1
traci-bridge-1         | LANE_CMD_STATE veh=Ramp_Merge_4 edge=34126779 lane=0 target=1 lane_count=1 recently=False speed=3.98
traci-bridge-1         | LANE_CMD_WAIT_EDGE veh=Ramp_Merge_4 edge=34126779 lane=0 target=1 lane_count=1
traci-bridge-1         | LANE_CMD_STATE veh=Ramp_Merge_5 edge=34126779 lane=0 target=1 lane_count=1 recently=False speed=4.19
traci-bridge-1         | LANE_CMD_WAIT_EDGE veh=Ramp_Merge_5 edge=34126779 lane=0 target=1 lane_count=1
traci-bridge-1         | LANE_CMD_STATE veh=Ramp_Merge_3 edge=34126779 lane=0 target=1 lane_count=1 recently=False speed=4.13
traci-bridge-1         | LANE_CMD_WAIT_EDGE veh=Ramp_Merge_3 edge=34126779 lane=0 target=1 lane_count=1
traci-bridge-1         | LANE_CMD_STATE veh=Ramp_Merge_4 edge=34126779 lane=0 target=1 lane_count=1 recently=False speed=3.97
traci-bridge-1         | LANE_CMD_WAIT_EDGE veh=Ramp_Merge_4 edge=34126779 lane=0 target=1 lane_count=1
traci-bridge-1         | LANE_CMD_STATE veh=Ramp_Merge_5 edge=34126779 lane=0 target=1 lane_count=1 recently=False speed=4.06
traci-bridge-1         | LANE_CMD_WAIT_EDGE veh=Ramp_Merge_5 edge=34126779 lane=0 target=1 lane_count=1
traci-bridge-1         | LANE_CMD_STATE veh=Ramp_Merge_3 edge=34126779 lane=0 target=1 lane_count=1 recently=False speed=4.13
traci-bridge-1         | LANE_CMD_WAIT_EDGE veh=Ramp_Merge_3 edge=34126779 lane=0 target=1 lane_count=1
traci-bridge-1         | LANE_CMD_STATE veh=Ramp_Merge_4 edge=34126779 lane=0 target=1 lane_count=1 recently=False speed=3.96
traci-bridge-1         | LANE_CMD_WAIT_EDGE veh=Ramp_Merge_4 edge=34126779 lane=0 target=1 lane_count=1
traci-bridge-1         | LANE_CMD_STATE veh=Ramp_Merge_5 edge=34126779 lane=0 target=1 lane_count=1 recently=False speed=4.08
traci-bridge-1         | LANE_CMD_WAIT_EDGE veh=Ramp_Merge_5 edge=34126779 lane=0 target=1 lane_count=1
traci-bridge-1         | LANE_CMD_STATE veh=Ramp_Merge_3 edge=34126779 lane=0 target=1 lane_count=1 recently=False speed=4.13
traci-bridge-1         | LANE_CMD_WAIT_EDGE veh=Ramp_Merge_3 edge=34126779 lane=0 target=1 lane_count=1
traci-bridge-1         | LANE_CMD_STATE veh=Ramp_Merge_4 edge=34126779 lane=0 target=1 lane_count=1 recently=False speed=3.97
traci-bridge-1         | LANE_CMD_WAIT_EDGE veh=Ramp_Merge_4 edge=34126779 lane=0 target=1 lane_count=1
traci-bridge-1         | LANE_CMD_STATE veh=Ramp_Merge_5 edge=34126779 lane=0 target=1 lane_count=1 recently=False speed=4.09
traci-bridge-1         | LANE_CMD_WAIT_EDGE veh=Ramp_Merge_5 edge=34126779 lane=0 target=1 lane_count=1
traci-bridge-1         | LANE_CMD_STATE veh=Ramp_Merge_3 edge=34126779 lane=0 target=1 lane_count=1 recently=False speed=4.13
traci-bridge-1         | LANE_CMD_WAIT_EDGE veh=Ramp_Merge_3 edge=34126779 lane=0 target=1 lane_count=1
traci-bridge-1         | LANE_CMD_STATE veh=Ramp_Merge_4 edge=34126779 lane=0 target=1 lane_count=1 recently=False speed=3.98
traci-bridge-1         | LANE_CMD_WAIT_EDGE veh=Ramp_Merge_4 edge=34126779 lane=0 target=1 lane_count=1
traci-bridge-1         | LANE_CMD_STATE veh=Ramp_Merge_5 edge=34126779 lane=0 target=1 lane_count=1 recently=False speed=4.11
traci-bridge-1         | LANE_CMD_WAIT_EDGE veh=Ramp_Merge_5 edge=34126779 lane=0 target=1 lane_count=1
traci-bridge-1         | LANE_CMD_STATE veh=Ramp_Merge_3 edge=34126779 lane=0 target=1 lane_count=1 recently=False speed=4.13
traci-bridge-1         | LANE_CMD_WAIT_EDGE veh=Ramp_Merge_3 edge=34126779 lane=0 target=1 lane_count=1
traci-bridge-1         | LANE_CMD_STATE veh=Ramp_Merge_4 edge=34126779 lane=0 target=1 lane_count=1 recently=False speed=3.99
traci-bridge-1         | LANE_CMD_WAIT_EDGE veh=Ramp_Merge_4 edge=34126779 lane=0 target=1 lane_count=1
traci-bridge-1         | LANE_CMD_STATE veh=Ramp_Merge_5 edge=34126779 lane=0 target=1 lane_count=1 recently=False speed=4.12
traci-bridge-1         | LANE_CMD_WAIT_EDGE veh=Ramp_Merge_5 edge=34126779 lane=0 target=1 lane_count=1
traci-bridge-1         | LANE_CMD_STATE veh=Ramp_Merge_3 edge=34126779 lane=0 target=1 lane_count=1 recently=False speed=4.13
traci-bridge-1         | LANE_CMD_WAIT_EDGE veh=Ramp_Merge_3 edge=34126779 lane=0 target=1 lane_count=1
traci-bridge-1         | LANE_CMD_STATE veh=Ramp_Merge_4 edge=34126779 lane=0 target=1 lane_count=1 recently=False speed=4.00
traci-bridge-1         | LANE_CMD_WAIT_EDGE veh=Ramp_Merge_4 edge=34126779 lane=0 target=1 lane_count=1
traci-bridge-1         | LANE_CMD_STATE veh=Ramp_Merge_5 edge=34126779 lane=0 target=1 lane_count=1 recently=False speed=4.00
traci-bridge-1         | LANE_CMD_WAIT_EDGE veh=Ramp_Merge_5 edge=34126779 lane=0 target=1 lane_count=1
traci-bridge-1         | LANE_CMD_STATE veh=Ramp_Merge_3 edge=34126779 lane=0 target=1 lane_count=1 recently=False speed=4.13
traci-bridge-1         | LANE_CMD_WAIT_EDGE veh=Ramp_Merge_3 edge=34126779 lane=0 target=1 lane_count=1
obu-ramp-merge-2-1     | [26.8] Ramp_Merge_2 role=cruise state=CRUISE->CRUISE speed=6.68 target=7.50 neighbors=11
obu-main-front-left-1  | [26.8] Main_Front_Left role=cruise state=CRUISE->CRUISE speed=6.93 target=7.50 neighbors=11
obu-ramp-merge-4-1     | [26.5] Ramp_Merge_4 MERGE_PREPARE_WAIT_LANE_AVAILABLE: edge=34126779 lane=0 target_lane=1 lane_count=1 executable=False dtm=36.6 speed=3.98 host=None lead=106
obu-ramp-merge-4-1     | [26.5] Ramp_Merge_4 CAR_FOLLOW: sid=109 edge=34126779 lane=0 leader_edge= leader_lane=None leader_role_hint=ramp self_merge_completed=False self_merge_completed_age=-1.0 self_merge_committed=True lane_cmd_state=WAIT_EDGE lane_cmd_edge=34126779 lane_cmd_target=1 lane_cmd_executable=False same_lane=True reason=same_lane_cam gap=10.0 follow_spd=3.33 emergency=False target_before=4.15883081625585 target_after=3.7288308162558494 target_after_raw=3.33
obu-ramp-merge-4-1     | [26.5] Ramp_Merge_4 role=merge state=NEGOTIATING->NEGOTIATING speed=3.98 target=3.73 neighbors=11
obu-main-back-left-1   | [26.8] Main_Back_Left role=lead state=CRUISE->CRUISE speed=5.24 target=7.50 neighbors=11
obu-host-car-1         | [26.8] Host_Car role=cruise state=CRUISE->CRUISE speed=7.42 target=7.50 neighbors=11
obu-ramp-merge-5-1     | [26.8] Ramp_Merge_5 role=merge state=NEGOTIATING->NEGOTIATING speed=4.02 target=4.20 neighbors=11
obu-main-back-right-1  | HOST_RESERVATION_HOLD: host=Main_Back_Right ramp=110 manoeuvre=97 remaining=0.3 own_speed=4.88 target_speed=4.88 ramp_fsm=NEGOTIATING ramp_lane_cmd_state=WAIT_EDGE ramp_edge=34126779 ramp_lane=0 ramp_merge_completed=False ramp_merge_committed=True
obu-main-back-right-1  | [26.8] Main_Back_Right HOST_HOLD_YIELD: for merge=110 spd=4.88
obu-main-back-right-1  | [26.8] Main_Back_Right role=host state=YIELDING->YIELDING speed=4.88 target=4.88 neighbors=11
obu-ramp-merge-3-1     | [26.8] Ramp_Merge_3 MERGE_PREPARE_WAIT_LANE_AVAILABLE: edge=34126779 lane=0 target_lane=1 lane_count=1 executable=False dtm=19.3 speed=4.13 host=None lead=105
obu-ramp-merge-3-1     | [26.8] Ramp_Merge_3 FINAL_GUARD: REJECTED sid=106 gap=9.3 ttc_danger=False
obu-ramp-merge-3-1     | [26.8] Ramp_Merge_3 MERGE_COMMIT_SAFETY_HOLD: lgok=True hgok=True fgok=False edge=34126779 lane=0 target_lane=1 speed=4.13 lane_cmd_state=WAIT_EDGE lane_cmd_executable=False lane_cmd_edge=34126779 lane_cmd_lane_count=1
obu-ramp-merge-3-1     | [26.8] Ramp_Merge_3 CAR_FOLLOW: sid=106 edge=34126779 lane=0 leader_edge= leader_lane=None leader_role_hint=main self_merge_completed=False self_merge_completed_age=-1.0 self_merge_committed=True lane_cmd_state=WAIT_EDGE lane_cmd_edge=34126779 lane_cmd_target=1 lane_cmd_executable=False same_lane=False reason=merge_conflict_eta gap=0.4 follow_spd=4.12 emergency=False target_before=2.25 target_after=4.125 target_after_raw=4.12
obu-ramp-merge-3-1     | [26.8] Ramp_Merge_3 role=merge state=NEGOTIATING->NEGOTIATING speed=4.13 target=4.12 neighbors=11
obu-ramp-merge-4-1     | [26.8] Ramp_Merge_4 CAR_FOLLOW: sid=109 edge=34126779 lane=0 leader_edge= leader_lane=None leader_role_hint=ramp self_merge_completed=False self_merge_completed_age=-1.0 self_merge_committed=True lane_cmd_state=WAIT_EDGE lane_cmd_edge=34126779 lane_cmd_target=1 lane_cmd_executable=False same_lane=True reason=same_lane_cam gap=8.8 follow_spd=2.62 emergency=False target_before=4.184681455968402 target_after=3.7546814559684023 target_after_raw=2.62
obu-ramp-back-1        | [26.8] Ramp_Back MCM_ACCEPT_STALE: host=101 manoeuvre=158
obu-ramp-back-1        | [26.8] Ramp_Back MERGE_DECISION: auth=True phys=True fgok=True lgok=True hgok=True cok=True esok=True cready=True dtm=69.6 past=False committed=False hid=101 ra=2 lclear=True hyok=True
obu-ramp-back-1        | [26.8] Ramp_Back MERGE_PREPARE_WAIT_LANE_AVAILABLE: edge=None lane=None target_lane=None lane_count=None executable=None dtm=69.6 speed=6.40 host=101 lead=106
obu-main-mid-right-1   | [27.0] Main_Mid_Right role=cruise state=CRUISE->CRUISE speed=7.50 target=7.50 neighbors=11
obu-ramp-back-1        | [27.0] Ramp_Back MERGE_LANE_WAIT_EDGE_CONFIRMED: edge=34126779 lane=0 target_lane=1 lane_count=1 executable=False
obu-ramp-merge-5-1     | [27.2] Ramp_Merge_5 MERGE_PREPARE_WAIT_LANE_AVAILABLE: edge=34126779 lane=0 target_lane=1 lane_count=1 executable=False dtm=49.1 speed=4.06 host=102 lead=106
obu-lead-car-1         | [27.2] Lead_Car role=cruise state=CRUISE->CRUISE speed=7.50 target=7.50 neighbors=11
obu-merge-car-1        | [27.3] Merge_Car role=cruise state=CRUISE->CRUISE speed=7.49 target=7.50 neighbors=11
obu-ramp-back-1        | [27.2] Ramp_Back MERGE_PREPARE_WAIT_LANE_AVAILABLE: edge=34126779 lane=0 target_lane=1 lane_count=1 executable=False dtm=67.5 speed=6.42 host=101 lead=106
obu-ramp-back-1        | MERGE_ATTEMPT_TIMELINE: vehicle=Ramp_Back manoeuvre=158 host=101 lead=106 event=WAIT_EDGE t=27.2 edge=34126779 lane=0 lane_cmd_state=WAIT_EDGE speed=6.42 target=6.75 dtm=67.5 lead_gap=42.98 host_gap=65.47 lead_gap_t1=41.43 lead_gap_t2=39.88 lead_gap_t3=38.33 host_gap_t1=65.47 host_gap_t2=65.47 host_gap_t3=65.47
obu-ramp-back-1        | [27.2] Ramp_Back role=merge state=NEGOTIATING->NEGOTIATING speed=6.42 target=6.60 neighbors=11
obu-ramp-merge-4-1     | [27.2] Ramp_Merge_4 MCM_RX_ACCEPT: from=106 manoeuvre=97 target=110
obu-ramp-merge-5-1     | [27.3] Ramp_Merge_5 CAR_FOLLOW: sid=110 edge=34126779 lane=0 leader_edge= leader_lane=None leader_role_hint=ramp self_merge_completed=False self_merge_completed_age=-1.0 self_merge_committed=True lane_cmd_state=WAIT_EDGE lane_cmd_edge=34126779 lane_cmd_target=1 lane_cmd_executable=False same_lane=True reason=same_lane_cam gap=9.3 follow_spd=2.84 emergency=False target_before=4.131335289787228 target_after=3.7013352897872283 target_after_raw=2.84
obu-ramp-merge-3-1     | [27.3] Ramp_Merge_3 FINAL_GUARD: REJECTED sid=106 gap=7.7 ttc_danger=False
obu-ramp-merge-3-1     | [27.3] Ramp_Merge_3 MERGE_COMMIT_SAFETY_HOLD: lgok=True hgok=True fgok=False edge=34126779 lane=0 target_lane=1 speed=4.13 lane_cmd_state=WAIT_EDGE lane_cmd_executable=False lane_cmd_edge=34126779 lane_cmd_lane_count=1
obu-ramp-merge-3-1     | [27.3] Ramp_Merge_3 CAR_FOLLOW: sid=106 edge=34126779 lane=0 leader_edge= leader_lane=None leader_role_hint=main self_merge_completed=False self_merge_completed_age=-1.0 self_merge_committed=True lane_cmd_state=WAIT_EDGE lane_cmd_edge=34126779 lane_cmd_target=1 lane_cmd_executable=False same_lane=False reason=merge_conflict_eta gap=0.2 follow_spd=4.12 emergency=False target_before=2.25 target_after=4.125 target_after_raw=4.12
obu-main-front-left-1  | [27.8] Main_Front_Left role=cruise state=CRUISE->CRUISE speed=7.16 target=7.50 neighbors=11
obu-ramp-merge-4-1     | [27.7] Ramp_Merge_4 MERGE_PREPARE_WAIT_LANE_AVAILABLE: edge=34126779 lane=0 target_lane=1 lane_count=1 executable=False dtm=31.9 speed=3.98 host=None lead=106
obu-ramp-merge-4-1     | [27.7] Ramp_Merge_4 role=merge state=NEGOTIATING->NEGOTIATING speed=3.98 target=4.16 neighbors=11
obu-main-back-left-1   | [27.8] Main_Back_Left role=cruise state=CRUISE->CRUISE speed=6.15 target=7.50 neighbors=11
obu-host-car-1         | [27.8] Host_Car role=cruise state=CRUISE->CRUISE speed=7.45 target=7.50 neighbors=11
obu-ramp-merge-5-1     | [27.7] Ramp_Merge_5 CAR_FOLLOW: sid=110 edge=34126779 lane=0 leader_edge= leader_lane=None leader_role_hint=ramp self_merge_completed=False self_merge_completed_age=-1.0 self_merge_committed=True lane_cmd_state=WAIT_EDGE lane_cmd_edge=34126779 lane_cmd_target=1 lane_cmd_executable=False same_lane=True reason=same_lane_cam gap=7.7 follow_spd=2.62 emergency=False target_before=4.106412188855327 target_after=3.676412188855327 target_after_raw=2.62
obu-ramp-merge-3-1     | [27.7] Ramp_Merge_3 FINAL_GUARD: REJECTED sid=106 gap=5.9 ttc_danger=False
obu-ramp-merge-3-1     | [27.7] Ramp_Merge_3 MERGE_COMMIT_SAFETY_HOLD: lgok=True hgok=True fgok=False edge=34126779 lane=0 target_lane=1 speed=4.13 lane_cmd_state=WAIT_EDGE lane_cmd_executable=False lane_cmd_edge=34126779 lane_cmd_lane_count=1
obu-ramp-merge-3-1     | [27.7] Ramp_Merge_3 CAR_FOLLOW: sid=106 edge=34126779 lane=0 leader_edge= leader_lane=None leader_role_hint=main self_merge_completed=False self_merge_completed_age=-1.0 self_merge_committed=True lane_cmd_state=WAIT_EDGE lane_cmd_edge=34126779 lane_cmd_target=1 lane_cmd_executable=False same_lane=False reason=merge_conflict_eta gap=0.1 follow_spd=4.12 emergency=False target_before=2.25 target_after=4.125 target_after_raw=4.12
obu-ramp-merge-2-1     | [27.8] Ramp_Merge_2 role=cruise state=CRUISE->CRUISE speed=7.01 target=7.50 neighbors=11
obu-ramp-merge-5-1     | [27.8] Ramp_Merge_5 CAR_FOLLOW: sid=110 edge=34126779 lane=0 leader_edge= leader_lane=None leader_role_hint=ramp self_merge_completed=False self_merge_completed_age=-1.0 self_merge_committed=True lane_cmd_state=WAIT_EDGE lane_cmd_edge=34126779 lane_cmd_target=1 lane_cmd_executable=False same_lane=True reason=same_lane_cam gap=9.3 follow_spd=2.89 emergency=False target_before=4.095158343901922 target_after=3.665158343901922 target_after_raw=2.89
obu-ramp-merge-5-1     | [27.8] Ramp_Merge_5 role=merge state=NEGOTIATING->NEGOTIATING speed=3.92 target=3.67 neighbors=11
obu-main-back-right-1  | [27.8] Main_Back_Right role=lead state=CRUISE->CRUISE speed=5.13 target=7.50 neighbors=11
obu-ramp-merge-3-1     | [27.8] Ramp_Merge_3 MERGE_PREPARE_WAIT_LANE_AVAILABLE: edge=34126779 lane=0 target_lane=1 lane_count=1 executable=False dtm=15.1 speed=4.13 host=None lead=105
obu-ramp-merge-3-1     | [27.8] Ramp_Merge_3 FINAL_GUARD: REJECTED sid=106 gap=5.7 ttc_danger=False
obu-ramp-merge-3-1     | [27.8] Ramp_Merge_3 MERGE_COMMIT_SAFETY_HOLD: lgok=True hgok=True fgok=False edge=34126779 lane=0 target_lane=1 speed=4.13 lane_cmd_state=WAIT_EDGE lane_cmd_executable=False lane_cmd_edge=34126779 lane_cmd_lane_count=1
obu-ramp-merge-3-1     | [27.8] Ramp_Merge_3 CAR_FOLLOW: sid=106 edge=34126779 lane=0 leader_edge= leader_lane=None leader_role_hint=main self_merge_completed=False self_merge_completed_age=-1.0 self_merge_committed=True lane_cmd_state=WAIT_EDGE lane_cmd_edge=34126779 lane_cmd_target=1 lane_cmd_executable=False same_lane=False reason=merge_conflict_eta gap=0.0 follow_spd=4.12 emergency=False target_before=2.25 target_after=4.125 target_after_raw=4.12
obu-ramp-merge-3-1     | [27.8] Ramp_Merge_3 role=merge state=NEGOTIATING->NEGOTIATING speed=4.13 target=4.12 neighbors=11
traci-bridge-1         | LANE_CMD_STATE veh=Ramp_Merge_4 edge=34126779 lane=0 target=1 lane_count=1 recently=False speed=4.00
traci-bridge-1         | LANE_CMD_WAIT_EDGE veh=Ramp_Merge_4 edge=34126779 lane=0 target=1 lane_count=1
traci-bridge-1         | LANE_CMD_STATE veh=Ramp_Merge_5 edge=34126779 lane=0 target=1 lane_count=1 recently=False speed=4.02
traci-bridge-1         | LANE_CMD_WAIT_EDGE veh=Ramp_Merge_5 edge=34126779 lane=0 target=1 lane_count=1
traci-bridge-1         | LANE_CMD_STATE veh=Ramp_Merge_3 edge=34126779 lane=0 target=1 lane_count=1 recently=False speed=4.13
traci-bridge-1         | LANE_CMD_WAIT_EDGE veh=Ramp_Merge_3 edge=34126779 lane=0 target=1 lane_count=1
traci-bridge-1         | LANE_CMD_STATE veh=Ramp_Merge_4 edge=34126779 lane=0 target=1 lane_count=1 recently=False speed=4.01
traci-bridge-1         | LANE_CMD_WAIT_EDGE veh=Ramp_Merge_4 edge=34126779 lane=0 target=1 lane_count=1
traci-bridge-1         | LANE_CMD_STATE veh=Ramp_Merge_5 edge=34126779 lane=0 target=1 lane_count=1 recently=False speed=4.04
traci-bridge-1         | LANE_CMD_WAIT_EDGE veh=Ramp_Merge_5 edge=34126779 lane=0 target=1 lane_count=1
traci-bridge-1         | LANE_CMD_STATE veh=Ramp_Merge_3 edge=34126779 lane=0 target=1 lane_count=1 recently=False speed=4.13
traci-bridge-1         | LANE_CMD_WAIT_EDGE veh=Ramp_Merge_3 edge=34126779 lane=0 target=1 lane_count=1
traci-bridge-1         | LANE_CMD_STATE veh=Ramp_Merge_4 edge=34126779 lane=0 target=1 lane_count=1 recently=False speed=4.00
traci-bridge-1         | LANE_CMD_WAIT_EDGE veh=Ramp_Merge_4 edge=34126779 lane=0 target=1 lane_count=1
traci-bridge-1         | LANE_CMD_STATE veh=Ramp_Merge_5 edge=34126779 lane=0 target=1 lane_count=1 recently=False speed=4.05
traci-bridge-1         | LANE_CMD_WAIT_EDGE veh=Ramp_Merge_5 edge=34126779 lane=0 target=1 lane_count=1
traci-bridge-1         | LANE_CMD_STATE veh=Ramp_Back edge=34126779 lane=0 target=1 lane_count=1 recently=False speed=6.40
traci-bridge-1         | LANE_CMD_WAIT_EDGE veh=Ramp_Back edge=34126779 lane=0 target=1 lane_count=1
traci-bridge-1         | LANE_CMD_STATE veh=Ramp_Merge_3 edge=34126779 lane=0 target=1 lane_count=1 recently=False speed=4.13
traci-bridge-1         | LANE_CMD_WAIT_EDGE veh=Ramp_Merge_3 edge=34126779 lane=0 target=1 lane_count=1
traci-bridge-1         | LANE_CMD_STATE veh=Ramp_Merge_4 edge=34126779 lane=0 target=1 lane_count=1 recently=False speed=3.99
traci-bridge-1         | LANE_CMD_WAIT_EDGE veh=Ramp_Merge_4 edge=34126779 lane=0 target=1 lane_count=1
traci-bridge-1         | LANE_CMD_STATE veh=Ramp_Merge_5 edge=34126779 lane=0 target=1 lane_count=1 recently=False speed=4.05
traci-bridge-1         | LANE_CMD_WAIT_EDGE veh=Ramp_Merge_5 edge=34126779 lane=0 target=1 lane_count=1
traci-bridge-1         | LANE_CMD_STATE veh=Ramp_Back edge=34126779 lane=0 target=1 lane_count=1 recently=False speed=6.41
traci-bridge-1         | LANE_CMD_WAIT_EDGE veh=Ramp_Back edge=34126779 lane=0 target=1 lane_count=1
traci-bridge-1         | LANE_CMD_STATE veh=Ramp_Merge_3 edge=34126779 lane=0 target=1 lane_count=1 recently=False speed=4.13
traci-bridge-1         | LANE_CMD_WAIT_EDGE veh=Ramp_Merge_3 edge=34126779 lane=0 target=1 lane_count=1
traci-bridge-1         | LANE_CMD_STATE veh=Ramp_Merge_4 edge=34126779 lane=0 target=1 lane_count=1 recently=False speed=3.97
traci-bridge-1         | LANE_CMD_WAIT_EDGE veh=Ramp_Merge_4 edge=34126779 lane=0 target=1 lane_count=1
traci-bridge-1         | LANE_CMD_STATE veh=Ramp_Merge_5 edge=34126779 lane=0 target=1 lane_count=1 recently=False speed=4.06
traci-bridge-1         | LANE_CMD_WAIT_EDGE veh=Ramp_Merge_5 edge=34126779 lane=0 target=1 lane_count=1
traci-bridge-1         | LANE_CMD_STATE veh=Ramp_Back edge=34126779 lane=0 target=1 lane_count=1 recently=False speed=6.42
traci-bridge-1         | LANE_CMD_WAIT_EDGE veh=Ramp_Back edge=34126779 lane=0 target=1 lane_count=1
traci-bridge-1         | LANE_CMD_STATE veh=Ramp_Merge_3 edge=34126779 lane=0 target=1 lane_count=1 recently=False speed=4.13
traci-bridge-1         | LANE_CMD_WAIT_EDGE veh=Ramp_Merge_3 edge=34126779 lane=0 target=1 lane_count=1
traci-bridge-1         | LANE_CMD_STATE veh=Ramp_Merge_4 edge=34126779 lane=0 target=1 lane_count=1 recently=False speed=3.96
traci-bridge-1         | LANE_CMD_WAIT_EDGE veh=Ramp_Merge_4 edge=34126779 lane=0 target=1 lane_count=1
traci-bridge-1         | LANE_CMD_STATE veh=Ramp_Merge_5 edge=34126779 lane=0 target=1 lane_count=1 recently=False speed=3.95
traci-bridge-1         | LANE_CMD_WAIT_EDGE veh=Ramp_Merge_5 edge=34126779 lane=0 target=1 lane_count=1
traci-bridge-1         | LANE_CMD_STATE veh=Ramp_Back edge=34126779 lane=0 target=1 lane_count=1 recently=False speed=6.43
traci-bridge-1         | LANE_CMD_WAIT_EDGE veh=Ramp_Back edge=34126779 lane=0 target=1 lane_count=1
traci-bridge-1         | LANE_CMD_STATE veh=Ramp_Merge_3 edge=34126779 lane=0 target=1 lane_count=1 recently=False speed=4.13
traci-bridge-1         | LANE_CMD_WAIT_EDGE veh=Ramp_Merge_3 edge=34126779 lane=0 target=1 lane_count=1
traci-bridge-1         | LANE_CMD_STATE veh=Ramp_Merge_4 edge=34126779 lane=0 target=1 lane_count=1 recently=False speed=3.95
traci-bridge-1         | LANE_CMD_WAIT_EDGE veh=Ramp_Merge_4 edge=34126779 lane=0 target=1 lane_count=1
traci-bridge-1         | LANE_CMD_STATE veh=Ramp_Merge_5 edge=34126779 lane=0 target=1 lane_count=1 recently=False speed=3.96
traci-bridge-1         | LANE_CMD_WAIT_EDGE veh=Ramp_Merge_5 edge=34126779 lane=0 target=1 lane_count=1
traci-bridge-1         | LANE_CMD_STATE veh=Ramp_Back edge=34126779 lane=0 target=1 lane_count=1 recently=False speed=6.44
traci-bridge-1         | LANE_CMD_WAIT_EDGE veh=Ramp_Back edge=34126779 lane=0 target=1 lane_count=1
traci-bridge-1         | LANE_CMD_STATE veh=Ramp_Merge_3 edge=34126779 lane=0 target=1 lane_count=1 recently=False speed=4.13
traci-bridge-1         | LANE_CMD_WAIT_EDGE veh=Ramp_Merge_3 edge=34126779 lane=0 target=1 lane_count=1
traci-bridge-1         | LANE_CMD_STATE veh=Ramp_Merge_4 edge=34126779 lane=0 target=1 lane_count=1 recently=False speed=3.96
traci-bridge-1         | LANE_CMD_WAIT_EDGE veh=Ramp_Merge_4 edge=34126779 lane=0 target=1 lane_count=1
traci-bridge-1         | LANE_CMD_STATE veh=Ramp_Merge_5 edge=34126779 lane=0 target=1 lane_count=1 recently=False speed=3.95
traci-bridge-1         | LANE_CMD_WAIT_EDGE veh=Ramp_Merge_5 edge=34126779 lane=0 target=1 lane_count=1
traci-bridge-1         | LANE_CMD_STATE veh=Ramp_Back edge=34126779 lane=0 target=1 lane_count=1 recently=False speed=6.44
traci-bridge-1         | LANE_CMD_WAIT_EDGE veh=Ramp_Back edge=34126779 lane=0 target=1 lane_count=1
traci-bridge-1         | LANE_CMD_STATE veh=Ramp_Merge_3 edge=34126779 lane=0 target=1 lane_count=1 recently=False speed=4.13
traci-bridge-1         | LANE_CMD_WAIT_EDGE veh=Ramp_Merge_3 edge=34126779 lane=0 target=1 lane_count=1
traci-bridge-1         | LANE_CMD_STATE veh=Ramp_Merge_4 edge=34126779 lane=0 target=1 lane_count=1 recently=False speed=3.97
traci-bridge-1         | LANE_CMD_WAIT_EDGE veh=Ramp_Merge_4 edge=34126779 lane=0 target=1 lane_count=1
traci-bridge-1         | LANE_CMD_STATE veh=Ramp_Merge_5 edge=34126779 lane=0 target=1 lane_count=1 recently=False speed=3.94
traci-bridge-1         | LANE_CMD_WAIT_EDGE veh=Ramp_Merge_5 edge=34126779 lane=0 target=1 lane_count=1
traci-bridge-1         | LANE_CMD_STATE veh=Ramp_Back edge=34126779 lane=0 target=1 lane_count=1 recently=False speed=6.45
traci-bridge-1         | LANE_CMD_WAIT_EDGE veh=Ramp_Back edge=34126779 lane=0 target=1 lane_count=1
traci-bridge-1         | LANE_CMD_STATE veh=Ramp_Merge_3 edge=34126779 lane=0 target=1 lane_count=1 recently=False speed=4.13
traci-bridge-1         | LANE_CMD_WAIT_EDGE veh=Ramp_Merge_3 edge=34126779 lane=0 target=1 lane_count=1
traci-bridge-1         | LANE_CMD_STATE veh=Ramp_Merge_4 edge=34126779 lane=0 target=1 lane_count=1 recently=False speed=3.98
traci-bridge-1         | LANE_CMD_WAIT_EDGE veh=Ramp_Merge_4 edge=34126779 lane=0 target=1 lane_count=1
traci-bridge-1         | LANE_CMD_STATE veh=Ramp_Merge_5 edge=34126779 lane=0 target=1 lane_count=1 recently=False speed=3.93
traci-bridge-1         | LANE_CMD_WAIT_EDGE veh=Ramp_Merge_5 edge=34126779 lane=0 target=1 lane_count=1
traci-bridge-1         | LANE_CMD_STATE veh=Ramp_Back edge=34126779 lane=0 target=1 lane_count=1 recently=False speed=6.46
traci-bridge-1         | LANE_CMD_WAIT_EDGE veh=Ramp_Back edge=34126779 lane=0 target=1 lane_count=1
traci-bridge-1         | LANE_CMD_STATE veh=Ramp_Merge_3 edge=34126779 lane=0 target=1 lane_count=1 recently=False speed=4.13
traci-bridge-1         | LANE_CMD_WAIT_EDGE veh=Ramp_Merge_3 edge=34126779 lane=0 target=1 lane_count=1
traci-bridge-1         | LANE_CMD_STATE veh=Ramp_Merge_4 edge=34126779 lane=0 target=1 lane_count=1 recently=False speed=3.99
traci-bridge-1         | LANE_CMD_WAIT_EDGE veh=Ramp_Merge_4 edge=34126779 lane=0 target=1 lane_count=1
traci-bridge-1         | LANE_CMD_STATE veh=Ramp_Merge_5 edge=34126779 lane=0 target=1 lane_count=1 recently=False speed=3.92
traci-bridge-1         | LANE_CMD_WAIT_EDGE veh=Ramp_Merge_5 edge=34126779 lane=0 target=1 lane_count=1
traci-bridge-1         | LANE_CMD_STATE veh=Ramp_Back edge=34126779 lane=0 target=1 lane_count=1 recently=False speed=6.47
traci-bridge-1         | LANE_CMD_WAIT_EDGE veh=Ramp_Back edge=34126779 lane=0 target=1 lane_count=1
traci-bridge-1         | LANE_CMD_STATE veh=Ramp_Merge_3 edge=34126779 lane=0 target=1 lane_count=1 recently=False speed=4.13
traci-bridge-1         | LANE_CMD_WAIT_EDGE veh=Ramp_Merge_3 edge=34126779 lane=0 target=1 lane_count=1
traci-bridge-1         | LANE_CMD_STATE veh=Ramp_Merge_4 edge=34126779 lane=0 target=1 lane_count=1 recently=False speed=4.00
traci-bridge-1         | LANE_CMD_WAIT_EDGE veh=Ramp_Merge_4 edge=34126779 lane=0 target=1 lane_count=1
traci-bridge-1         | LANE_CMD_STATE veh=Ramp_Merge_5 edge=34126779 lane=0 target=1 lane_count=1 recently=False speed=3.90
traci-bridge-1         | LANE_CMD_WAIT_EDGE veh=Ramp_Merge_5 edge=34126779 lane=0 target=1 lane_count=1
traci-bridge-1         | LANE_CMD_STATE veh=Ramp_Back edge=34126779 lane=0 target=1 lane_count=1 recently=False speed=6.48
traci-bridge-1         | LANE_CMD_WAIT_EDGE veh=Ramp_Back edge=34126779 lane=0 target=1 lane_count=1
traci-bridge-1         | LANE_CMD_STATE veh=Ramp_Merge_3 edge=34126779 lane=0 target=1 lane_count=1 recently=False speed=4.13
obu-ramp-merge-5-1     | [28.0] Ramp_Merge_5 CAR_FOLLOW: sid=110 edge=34126779 lane=0 leader_edge= leader_lane=None leader_role_hint=ramp self_merge_completed=False self_merge_completed_age=-1.0 self_merge_committed=True lane_cmd_state=WAIT_EDGE lane_cmd_edge=34126779 lane_cmd_target=1 lane_cmd_executable=False same_lane=True reason=same_lane_cam gap=8.5 follow_spd=2.62 emergency=False target_before=4.073064441079144 target_after=3.643064441079144 target_after_raw=2.62
obu-ramp-merge-3-1     | [28.0] Ramp_Merge_3 FINAL_GUARD: REJECTED sid=106 gap=6.0 ttc_danger=False
obu-ramp-merge-3-1     | [28.0] Ramp_Merge_3 MERGE_COMMIT_SAFETY_HOLD: lgok=True hgok=True fgok=False edge=34126779 lane=0 target_lane=1 speed=4.13 lane_cmd_state=WAIT_EDGE lane_cmd_executable=False lane_cmd_edge=34126779 lane_cmd_lane_count=1
obu-ramp-merge-3-1     | [28.0] Ramp_Merge_3 CAR_FOLLOW: sid=106 edge=34126779 lane=0 leader_edge= leader_lane=None leader_role_hint=main self_merge_completed=False self_merge_completed_age=-1.0 self_merge_committed=True lane_cmd_state=WAIT_EDGE lane_cmd_edge=34126779 lane_cmd_target=1 lane_cmd_executable=False same_lane=False reason=merge_conflict_eta gap=0.2 follow_spd=4.12 emergency=False target_before=2.25 target_after=4.125 target_after_raw=4.12
obu-ramp-merge-5-1     | [28.1] Ramp_Merge_5 CAR_FOLLOW: sid=110 edge=34126779 lane=0 leader_edge= leader_lane=None leader_role_hint=ramp self_merge_completed=False self_merge_completed_age=-1.0 self_merge_committed=True lane_cmd_state=WAIT_EDGE lane_cmd_edge=34126779 lane_cmd_target=1 lane_cmd_executable=False same_lane=True reason=same_lane_cam gap=8.1 follow_spd=2.62 emergency=False target_before=4.061669136220283 target_after=3.631669136220283 target_after_raw=2.62
obu-ramp-merge-3-1     | [28.2] Ramp_Merge_3 FINAL_GUARD: REJECTED sid=106 gap=6.5 ttc_danger=False
obu-ramp-merge-3-1     | [28.2] Ramp_Merge_3 MERGE_COMMIT_SAFETY_HOLD: lgok=True hgok=True fgok=False edge=34126779 lane=0 target_lane=1 speed=4.13 lane_cmd_state=WAIT_EDGE lane_cmd_executable=False lane_cmd_edge=34126779 lane_cmd_lane_count=1
obu-ramp-merge-3-1     | [28.2] Ramp_Merge_3 CAR_FOLLOW: sid=106 edge=34126779 lane=0 leader_edge= leader_lane=None leader_role_hint=main self_merge_completed=False self_merge_completed_age=-1.0 self_merge_committed=True lane_cmd_state=WAIT_EDGE lane_cmd_edge=34126779 lane_cmd_target=1 lane_cmd_executable=False same_lane=False reason=merge_conflict_eta gap=0.3 follow_spd=4.12 emergency=False target_before=2.25 target_after=4.125 target_after_raw=4.12
obu-main-mid-right-1   | [28.2] Main_Mid_Right role=cruise state=CRUISE->CRUISE speed=7.50 target=7.50 neighbors=11
obu-lead-car-1         | [28.3] Lead_Car role=cruise state=CRUISE->CRUISE speed=7.50 target=7.50 neighbors=11
obu-ramp-back-1        | [28.2] Ramp_Back MERGE_PREPARE_WAIT_LANE_AVAILABLE: edge=34126779 lane=0 target_lane=1 lane_count=1 executable=False dtm=62.3 speed=6.50 host=101 lead=106
obu-ramp-back-1        | [28.2] Ramp_Back role=merge state=NEGOTIATING->NEGOTIATING speed=6.50 target=6.68 neighbors=11
obu-merge-car-1        | [28.3] Merge_Car role=cruise state=CRUISE->CRUISE speed=7.49 target=7.50 neighbors=11
obu-ramp-merge-5-1     | [28.5] Ramp_Merge_5 MERGE_PREPARE_WAIT_LANE_AVAILABLE: edge=34126779 lane=0 target_lane=1 lane_count=1 executable=False dtm=44.3 speed=3.84 host=102 lead=106
obu-ramp-merge-3-1     | [28.5] Ramp_Merge_3 FINAL_GUARD: REJECTED slot-boundary ETA sid=105
obu-ramp-merge-3-1     | [28.5] Ramp_Merge_3 MERGE_COMMIT_SAFETY_HOLD: lgok=False hgok=True fgok=False edge=34126779 lane=0 target_lane=1 speed=4.13 lane_cmd_state=WAIT_EDGE lane_cmd_executable=False lane_cmd_edge=34126779 lane_cmd_lane_count=1
obu-ramp-merge-3-1     | [28.5] Ramp_Merge_3 CAR_FOLLOW: sid=106 edge=34126779 lane=0 leader_edge= leader_lane=None leader_role_hint=main self_merge_completed=False self_merge_completed_age=-1.0 self_merge_committed=True lane_cmd_state=WAIT_EDGE lane_cmd_edge=34126779 lane_cmd_target=1 lane_cmd_executable=False same_lane=False reason=merge_conflict_eta gap=0.3 follow_spd=4.12 emergency=False target_before=2.25 target_after=4.125 target_after_raw=4.12
obu-ramp-merge-2-1     | [29.0] Ramp_Merge_2 role=cruise state=CRUISE->CRUISE speed=7.23 target=7.50 neighbors=11
traci-bridge-1         | LANE_CMD_WAIT_EDGE veh=Ramp_Merge_3 edge=34126779 lane=0 target=1 lane_count=1
traci-bridge-1         | LANE_CMD_STATE veh=Ramp_Merge_4 edge=34126779 lane=0 target=1 lane_count=1 recently=False speed=4.01
traci-bridge-1         | LANE_CMD_WAIT_EDGE veh=Ramp_Merge_4 edge=34126779 lane=0 target=1 lane_count=1
traci-bridge-1         | LANE_CMD_STATE veh=Ramp_Merge_5 edge=34126779 lane=0 target=1 lane_count=1 recently=False speed=3.89
traci-bridge-1         | LANE_CMD_WAIT_EDGE veh=Ramp_Merge_5 edge=34126779 lane=0 target=1 lane_count=1
traci-bridge-1         | LANE_CMD_STATE veh=Ramp_Back edge=34126779 lane=0 target=1 lane_count=1 recently=False speed=6.48
traci-bridge-1         | LANE_CMD_WAIT_EDGE veh=Ramp_Back edge=34126779 lane=0 target=1 lane_count=1
traci-bridge-1         | LANE_CMD_STATE veh=Ramp_Merge_3 edge=34126779 lane=0 target=1 lane_count=1 recently=False speed=4.13
traci-bridge-1         | LANE_CMD_WAIT_EDGE veh=Ramp_Merge_3 edge=34126779 lane=0 target=1 lane_count=1
traci-bridge-1         | LANE_CMD_STATE veh=Ramp_Merge_4 edge=34126779 lane=0 target=1 lane_count=1 recently=False speed=4.01
traci-bridge-1         | LANE_CMD_WAIT_EDGE veh=Ramp_Merge_4 edge=34126779 lane=0 target=1 lane_count=1
traci-bridge-1         | LANE_CMD_STATE veh=Ramp_Merge_5 edge=34126779 lane=0 target=1 lane_count=1 recently=False speed=3.88
traci-bridge-1         | LANE_CMD_WAIT_EDGE veh=Ramp_Merge_5 edge=34126779 lane=0 target=1 lane_count=1
traci-bridge-1         | LANE_CMD_STATE veh=Ramp_Back edge=34126779 lane=0 target=1 lane_count=1 recently=False speed=6.49
traci-bridge-1         | LANE_CMD_WAIT_EDGE veh=Ramp_Back edge=34126779 lane=0 target=1 lane_count=1
traci-bridge-1         | LANE_CMD_STATE veh=Ramp_Merge_3 edge=34126779 lane=0 target=1 lane_count=1 recently=False speed=4.13
traci-bridge-1         | LANE_CMD_WAIT_EDGE veh=Ramp_Merge_3 edge=34126779 lane=0 target=1 lane_count=1
traci-bridge-1         | LANE_CMD_STATE veh=Ramp_Merge_4 edge=34126779 lane=0 target=1 lane_count=1 recently=False speed=4.02
traci-bridge-1         | LANE_CMD_WAIT_EDGE veh=Ramp_Merge_4 edge=34126779 lane=0 target=1 lane_count=1
traci-bridge-1         | LANE_CMD_STATE veh=Ramp_Merge_5 edge=34126779 lane=0 target=1 lane_count=1 recently=False speed=3.87
traci-bridge-1         | LANE_CMD_WAIT_EDGE veh=Ramp_Merge_5 edge=34126779 lane=0 target=1 lane_count=1
traci-bridge-1         | LANE_CMD_STATE veh=Ramp_Back edge=34126779 lane=0 target=1 lane_count=1 recently=False speed=6.50
traci-bridge-1         | LANE_CMD_WAIT_EDGE veh=Ramp_Back edge=34126779 lane=0 target=1 lane_count=1
traci-bridge-1         | LANE_CMD_STATE veh=Ramp_Merge_3 edge=34126779 lane=0 target=1 lane_count=1 recently=False speed=4.13
traci-bridge-1         | LANE_CMD_WAIT_EDGE veh=Ramp_Merge_3 edge=34126779 lane=0 target=1 lane_count=1
traci-bridge-1         | LANE_CMD_STATE veh=Ramp_Merge_4 edge=34126779 lane=0 target=1 lane_count=1 recently=False speed=4.03
traci-bridge-1         | LANE_CMD_WAIT_EDGE veh=Ramp_Merge_4 edge=34126779 lane=0 target=1 lane_count=1
traci-bridge-1         | LANE_CMD_STATE veh=Ramp_Merge_5 edge=34126779 lane=0 target=1 lane_count=1 recently=False speed=3.86
traci-bridge-1         | LANE_CMD_WAIT_EDGE veh=Ramp_Merge_5 edge=34126779 lane=0 target=1 lane_count=1
traci-bridge-1         | LANE_CMD_STATE veh=Ramp_Back edge=34126779 lane=0 target=1 lane_count=1 recently=False speed=6.51
traci-bridge-1         | LANE_CMD_WAIT_EDGE veh=Ramp_Back edge=34126779 lane=0 target=1 lane_count=1
traci-bridge-1         | LANE_CMD_STATE veh=Ramp_Merge_3 edge=34126779 lane=0 target=1 lane_count=1 recently=False speed=4.13
traci-bridge-1         | LANE_CMD_WAIT_EDGE veh=Ramp_Merge_3 edge=34126779 lane=0 target=1 lane_count=1
traci-bridge-1         | LANE_CMD_STATE veh=Ramp_Merge_4 edge=34126779 lane=0 target=1 lane_count=1 recently=False speed=4.04
traci-bridge-1         | LANE_CMD_WAIT_EDGE veh=Ramp_Merge_4 edge=34126779 lane=0 target=1 lane_count=1
traci-bridge-1         | LANE_CMD_STATE veh=Ramp_Merge_5 edge=34126779 lane=0 target=1 lane_count=1 recently=False speed=3.85
traci-bridge-1         | LANE_CMD_WAIT_EDGE veh=Ramp_Merge_5 edge=34126779 lane=0 target=1 lane_count=1
traci-bridge-1         | LANE_CMD_STATE veh=Ramp_Back edge=34126779 lane=0 target=1 lane_count=1 recently=False speed=6.52
traci-bridge-1         | LANE_CMD_WAIT_EDGE veh=Ramp_Back edge=34126779 lane=0 target=1 lane_count=1
traci-bridge-1         | LANE_CMD_STATE veh=Ramp_Merge_3 edge=34126779 lane=0 target=1 lane_count=1 recently=False speed=4.13
traci-bridge-1         | LANE_CMD_WAIT_EDGE veh=Ramp_Merge_3 edge=34126779 lane=0 target=1 lane_count=1
traci-bridge-1         | LANE_CMD_STATE veh=Ramp_Merge_4 edge=34126779 lane=0 target=1 lane_count=1 recently=False speed=4.04
traci-bridge-1         | LANE_CMD_WAIT_EDGE veh=Ramp_Merge_4 edge=34126779 lane=0 target=1 lane_count=1
traci-bridge-1         | LANE_CMD_STATE veh=Ramp_Merge_5 edge=34126779 lane=0 target=1 lane_count=1 recently=False speed=3.84
traci-bridge-1         | LANE_CMD_WAIT_EDGE veh=Ramp_Merge_5 edge=34126779 lane=0 target=1 lane_count=1
traci-bridge-1         | LANE_CMD_STATE veh=Ramp_Back edge=34126779 lane=0 target=1 lane_count=1 recently=False speed=6.52
traci-bridge-1         | LANE_CMD_WAIT_EDGE veh=Ramp_Back edge=34126779 lane=0 target=1 lane_count=1
traci-bridge-1         | LANE_CMD_STATE veh=Ramp_Merge_3 edge=34126779 lane=0 target=1 lane_count=1 recently=False speed=4.13
traci-bridge-1         | LANE_CMD_WAIT_EDGE veh=Ramp_Merge_3 edge=34126779 lane=0 target=1 lane_count=1
traci-bridge-1         | LANE_CMD_STATE veh=Ramp_Merge_4 edge=34126779 lane=0 target=1 lane_count=1 recently=False speed=4.05
traci-bridge-1         | LANE_CMD_WAIT_EDGE veh=Ramp_Merge_4 edge=34126779 lane=0 target=1 lane_count=1
traci-bridge-1         | LANE_CMD_STATE veh=Ramp_Merge_5 edge=34126779 lane=0 target=1 lane_count=1 recently=False speed=3.83
traci-bridge-1         | LANE_CMD_WAIT_EDGE veh=Ramp_Merge_5 edge=34126779 lane=0 target=1 lane_count=1
traci-bridge-1         | LANE_CMD_STATE veh=Ramp_Back edge=34126779 lane=0 target=1 lane_count=1 recently=False speed=6.50
traci-bridge-1         | LANE_CMD_WAIT_EDGE veh=Ramp_Back edge=34126779 lane=0 target=1 lane_count=1
traci-bridge-1         | LANE_CMD_STATE veh=Ramp_Merge_3 edge=34126779 lane=0 target=1 lane_count=1 recently=False speed=4.13
traci-bridge-1         | LANE_CMD_WAIT_EDGE veh=Ramp_Merge_3 edge=34126779 lane=0 target=1 lane_count=1
traci-bridge-1         | LANE_CMD_STATE veh=Ramp_Merge_4 edge=34126779 lane=0 target=1 lane_count=1 recently=False speed=4.06
traci-bridge-1         | LANE_CMD_WAIT_EDGE veh=Ramp_Merge_4 edge=34126779 lane=0 target=1 lane_count=1
traci-bridge-1         | LANE_CMD_STATE veh=Ramp_Merge_5 edge=34126779 lane=0 target=1 lane_count=1 recently=False speed=3.84
traci-bridge-1         | LANE_CMD_WAIT_EDGE veh=Ramp_Merge_5 edge=34126779 lane=0 target=1 lane_count=1
traci-bridge-1         | LANE_CMD_STATE veh=Ramp_Back edge=34126779 lane=0 target=1 lane_count=1 recently=False speed=6.15
traci-bridge-1         | LANE_CMD_WAIT_EDGE veh=Ramp_Back edge=34126779 lane=0 target=1 lane_count=1
traci-bridge-1         | LANE_CMD_STATE veh=Ramp_Merge_3 edge=34126779 lane=0 target=1 lane_count=1 recently=False speed=4.13
traci-bridge-1         | LANE_CMD_WAIT_EDGE veh=Ramp_Merge_3 edge=34126779 lane=0 target=1 lane_count=1
traci-bridge-1         | LANE_CMD_STATE veh=Ramp_Merge_4 edge=34126779 lane=0 target=1 lane_count=1 recently=False speed=4.07
traci-bridge-1         | LANE_CMD_WAIT_EDGE veh=Ramp_Merge_4 edge=34126779 lane=0 target=1 lane_count=1
traci-bridge-1         | LANE_CMD_STATE veh=Ramp_Merge_5 edge=34126779 lane=0 target=1 lane_count=1 recently=False speed=3.84
traci-bridge-1         | LANE_CMD_WAIT_EDGE veh=Ramp_Merge_5 edge=34126779 lane=0 target=1 lane_count=1
traci-bridge-1         | LANE_CMD_STATE veh=Ramp_Back edge=34126779 lane=0 target=1 lane_count=1 recently=False speed=5.80
traci-bridge-1         | LANE_CMD_WAIT_EDGE veh=Ramp_Back edge=34126779 lane=0 target=1 lane_count=1
traci-bridge-1         | LANE_CMD_STATE veh=Ramp_Merge_3 edge=34126779 lane=0 target=1 lane_count=1 recently=False speed=4.13
traci-bridge-1         | LANE_CMD_WAIT_EDGE veh=Ramp_Merge_3 edge=34126779 lane=0 target=1 lane_count=1
traci-bridge-1         | LANE_CMD_STATE veh=Ramp_Merge_4 edge=34126779 lane=0 target=1 lane_count=1 recently=False speed=4.08
traci-bridge-1         | LANE_CMD_WAIT_EDGE veh=Ramp_Merge_4 edge=34126779 lane=0 target=1 lane_count=1
traci-bridge-1         | LANE_CMD_STATE veh=Ramp_Merge_5 edge=34126779 lane=0 target=1 lane_count=1 recently=False speed=3.85
traci-bridge-1         | LANE_CMD_WAIT_EDGE veh=Ramp_Merge_5 edge=34126779 lane=0 target=1 lane_count=1
traci-bridge-1         | LANE_CMD_STATE veh=Ramp_Back edge=34126779 lane=0 target=1 lane_count=1 recently=False speed=5.46
traci-bridge-1         | LANE_CMD_WAIT_EDGE veh=Ramp_Back edge=34126779 lane=0 target=1 lane_count=1
traci-bridge-1         | LANE_CMD_STATE veh=Ramp_Merge_3 edge=34126779 lane=0 target=1 lane_count=1 recently=False speed=4.13
traci-bridge-1         | LANE_CMD_WAIT_EDGE veh=Ramp_Merge_3 edge=34126779 lane=0 target=1 lane_count=1
traci-bridge-1         | LANE_CMD_STATE veh=Ramp_Merge_4 edge=34126779 lane=0 target=1 lane_count=1 recently=False speed=4.08
traci-bridge-1         | LANE_CMD_WAIT_EDGE veh=Ramp_Merge_4 edge=34126779 lane=0 target=1 lane_count=1
traci-bridge-1         | LANE_CMD_STATE veh=Ramp_Merge_5 edge=34126779 lane=0 target=1 lane_count=1 recently=False speed=3.86
traci-bridge-1         | LANE_CMD_WAIT_EDGE veh=Ramp_Merge_5 edge=34126779 lane=0 target=1 lane_count=1
traci-bridge-1         | LANE_CMD_STATE veh=Ramp_Back edge=34126779 lane=0 target=1 lane_count=1 recently=False speed=5.16
traci-bridge-1         | LANE_CMD_WAIT_EDGE veh=Ramp_Back edge=34126779 lane=0 target=1 lane_count=1
traci-bridge-1         | LANE_CMD_STATE veh=Ramp_Merge_3 edge=34126779 lane=0 target=1 lane_count=1 recently=False speed=4.13
traci-bridge-1         | LANE_CMD_WAIT_EDGE veh=Ramp_Merge_3 edge=34126779 lane=0 target=1 lane_count=1
traci-bridge-1         | LANE_CMD_STATE veh=Ramp_Merge_4 edge=34126779 lane=0 target=1 lane_count=1 recently=False speed=4.09
traci-bridge-1         | LANE_CMD_WAIT_EDGE veh=Ramp_Merge_4 edge=34126779 lane=0 target=1 lane_count=1
obu-main-back-left-1   | [29.1] Main_Back_Left role=cruise state=CRUISE->CRUISE speed=6.80 target=7.50 neighbors=11
obu-host-car-1         | [29.1] Host_Car role=cruise state=CRUISE->CRUISE speed=7.47 target=7.50 neighbors=11
obu-ramp-merge-5-1     | [29.1] Ramp_Merge_5 role=merge state=NEGOTIATING->NEGOTIATING speed=3.87 target=4.05 neighbors=11
obu-main-back-right-1  | [29.1] Main_Back_Right role=lead state=CRUISE->CRUISE speed=6.29 target=7.50 neighbors=11
obu-ramp-merge-3-1     | [29.1] Ramp_Merge_3 MERGE_PREPARE_WAIT_LANE_AVAILABLE: edge=34126779 lane=0 target_lane=1 lane_count=1 executable=False dtm=10.1 speed=4.13 host=None lead=105
obu-ramp-merge-3-1     | [29.1] Ramp_Merge_3 FINAL_GUARD: REJECTED slot-boundary ETA sid=105
obu-ramp-merge-3-1     | [29.1] Ramp_Merge_3 MERGE_COMMIT_SAFETY_HOLD: lgok=False hgok=True fgok=False edge=34126779 lane=0 target_lane=1 speed=4.13 lane_cmd_state=WAIT_EDGE lane_cmd_executable=False lane_cmd_edge=34126779 lane_cmd_lane_count=1
obu-ramp-merge-3-1     | [29.1] Ramp_Merge_3 CAR_FOLLOW: sid=106 edge=34126779 lane=0 leader_edge= leader_lane=None leader_role_hint=main self_merge_completed=False self_merge_completed_age=-1.0 self_merge_committed=True lane_cmd_state=WAIT_EDGE lane_cmd_edge=34126779 lane_cmd_target=1 lane_cmd_executable=False same_lane=False reason=merge_conflict_eta gap=0.3 follow_spd=4.12 emergency=False target_before=2.25 target_after=4.125 target_after_raw=4.12
obu-ramp-merge-3-1     | [29.1] Ramp_Merge_3 role=merge state=NEGOTIATING->NEGOTIATING speed=4.13 target=4.12 neighbors=11
obu-ramp-merge-4-1     | [29.1] Ramp_Merge_4 MERGE_PREPARE_WAIT_LANE_AVAILABLE: edge=34126779 lane=0 target_lane=1 lane_count=1 executable=False dtm=26.4 speed=4.09 host=None lead=106
obu-ramp-merge-4-1     | [29.1] Ramp_Merge_4 CAR_FOLLOW: sid=106 edge=34126779 lane=0 leader_edge= leader_lane=None leader_role_hint=main self_merge_completed=False self_merge_completed_age=-1.0 self_merge_committed=True lane_cmd_state=WAIT_EDGE lane_cmd_edge=34126779 lane_cmd_target=1 lane_cmd_executable=False same_lane=True reason=same_lane_cam gap=10.1 follow_spd=3.87 emergency=False target_before=4.271317652937413 target_after=3.8686503174733633 target_after_raw=3.87
obu-ramp-merge-4-1     | [29.1] Ramp_Merge_4 role=merge state=NEGOTIATING->NEGOTIATING speed=4.09 target=3.87 neighbors=11
obu-ramp-back-1        | [29.1] Ramp_Back CAR_FOLLOW: sid=111 edge=34126779 lane=0 leader_edge= leader_lane=None leader_role_hint=ramp self_merge_completed=False self_merge_completed_age=-1.0 self_merge_committed=True lane_cmd_state=WAIT_EDGE lane_cmd_edge=34126779 lane_cmd_target=1 lane_cmd_executable=False same_lane=True reason=same_lane_cam gap=9.6 follow_spd=3.03 emergency=False target_before=5.414666267165562 target_after=4.984666267165562 target_after_raw=3.03
obu-main-mid-right-1   | [29.2] Main_Mid_Right role=cruise state=CRUISE->CRUISE speed=7.50 target=7.50 neighbors=11
obu-main-front-left-1  | [29.3] Main_Front_Left role=cruise state=CRUISE->CRUISE speed=7.34 target=7.50 neighbors=11
obu-ramp-merge-3-1     | [29.3] Ramp_Merge_3 FINAL_GUARD: REJECTED slot-boundary ETA sid=105
obu-ramp-merge-3-1     | [29.3] Ramp_Merge_3 MERGE_COMMIT_ABORT_SAFETY_HOLD: lgok=False hgok=True fgok=False edge=34126779 lane=0 target_lane=1 speed=4.13 lane_cmd_state=WAIT_EDGE lane_cmd_executable=False lane_cmd_edge=34126779 lane_cmd_lane_count=1
obu-ramp-merge-3-1     | [29.3] Ramp_Merge_3 CAR_FOLLOW: sid=106 edge=34126779 lane=0 leader_edge= leader_lane=None leader_role_hint=main self_merge_completed=False self_merge_completed_age=-1.0 self_merge_committed=False lane_cmd_state=WAIT_EDGE lane_cmd_edge=34126779 lane_cmd_target=1 lane_cmd_executable=False same_lane=False reason=merge_conflict_eta gap=0.1 follow_spd=4.12 emergency=False target_before=6.75 target_after=4.125 target_after_raw=4.12
obu-ramp-merge-4-1     | [29.3] Ramp_Merge_4 CAR_FOLLOW: sid=106 edge=34126779 lane=0 leader_edge= leader_lane=None leader_role_hint=main self_merge_completed=False self_merge_completed_age=-1.0 self_merge_committed=True lane_cmd_state=WAIT_EDGE lane_cmd_edge=34126779 lane_cmd_target=1 lane_cmd_executable=False same_lane=True reason=same_lane_cam gap=9.3 follow_spd=2.84 emergency=False target_before=4.284304213446593 target_after=3.8543042134465937 target_after_raw=2.84
obu-merge-car-1        | [29.5] Merge_Car role=cruise state=CRUISE->CRUISE speed=7.50 target=7.50 neighbors=11
obu-ramp-back-1        | [29.5] Ramp_Back MERGE_PREPARE_WAIT_LANE_AVAILABLE: edge=34126779 lane=0 target_lane=1 lane_count=1 executable=False dtm=55.8 speed=4.55 host=101 lead=106
obu-ramp-back-1        | [29.5] Ramp_Back CAR_FOLLOW: sid=111 edge=34126779 lane=0 leader_edge= leader_lane=None leader_role_hint=ramp self_merge_completed=False self_merge_completed_age=-1.0 self_merge_committed=True lane_cmd_state=WAIT_EDGE lane_cmd_edge=34126779 lane_cmd_target=1 lane_cmd_executable=False same_lane=True reason=same_lane_cam gap=10.0 follow_spd=3.06 emergency=False target_before=4.725764582316004 target_after=4.295764582316004 target_after_raw=3.06
obu-ramp-back-1        | [29.5] Ramp_Back role=merge state=NEGOTIATING->NEGOTIATING speed=4.55 target=4.30 neighbors=11
obu-ramp-merge-5-1     | [29.5] Ramp_Merge_5 MERGE_PREPARE_WAIT_LANE_AVAILABLE: edge=34126779 lane=0 target_lane=1 lane_count=1 executable=False dtm=40.7 speed=3.90 host=102 lead=106
obu-lead-car-1         | [29.6] Lead_Car role=cruise state=CRUISE->CRUISE speed=7.50 target=7.50 neighbors=11
obu-ramp-merge-3-1     | [29.6] Ramp_Merge_3 FINAL_GUARD: REJECTED slot-boundary sid=106 gap=4.3
obu-ramp-merge-3-1     | [29.6] Ramp_Merge_3 MERGE_LCLEAR_BLOCK: sid=106 gap=4.1 neighbor_age=0.1 from_memory=False dtm=8.4
obu-ramp-merge-3-1     | [29.6] Ramp_Merge_3 MERGE_DECISION: auth=False phys=True fgok=False lgok=False hgok=True cok=True esok=False cready=True dtm=8.4 past=False committed=False hid=None ra=None lclear=False hyok=True
obu-ramp-merge-3-1     | [29.6] Ramp_Merge_3 CAR_FOLLOW: sid=106 edge=34126779 lane=0 leader_edge= leader_lane=None leader_role_hint=main self_merge_completed=False self_merge_completed_age=-1.0 self_merge_committed=False lane_cmd_state=WAIT_EDGE lane_cmd_edge=34126779 lane_cmd_target=1 lane_cmd_executable=False same_lane=False reason=merge_conflict_eta gap=0.6 follow_spd=4.12 emergency=False target_before=3.676643461417461 target_after=4.125 target_after_raw=4.12
obu-ramp-back-1        | [29.6] Ramp_Back CAR_FOLLOW: sid=111 edge=34126779 lane=0 leader_edge= leader_lane=None leader_role_hint=ramp self_merge_completed=False self_merge_completed_age=-1.0 self_merge_committed=True lane_cmd_state=WAIT_EDGE lane_cmd_edge=34126779 lane_cmd_target=1 lane_cmd_executable=False same_lane=True reason=same_lane_cam gap=9.6 follow_spd=3.06 emergency=False target_before=4.5451794602560005 target_after=4.115179460256001 target_after_raw=3.06
obu-ramp-merge-5-1     | [29.8] Ramp_Merge_5 CAR_FOLLOW: sid=110 edge=34126779 lane=0 leader_edge= leader_lane=None leader_role_hint=ramp self_merge_completed=False self_merge_completed_age=-1.0 self_merge_committed=True lane_cmd_state=WAIT_EDGE lane_cmd_edge=34126779 lane_cmd_target=1 lane_cmd_executable=False same_lane=True reason=same_lane_cam gap=9.6 follow_spd=3.30 emergency=False target_before=4.1037937108427665 target_after=3.6737937108427663 target_after_raw=3.30
obu-ramp-merge-3-1     | [29.8] Ramp_Merge_3 FINAL_GUARD: REJECTED slot-boundary sid=106 gap=4.8
obu-ramp-merge-3-1     | [29.8] Ramp_Merge_3 MERGE_DECISION: auth=False phys=True fgok=False lgok=False hgok=True cok=True esok=False cready=True dtm=7.7 past=False committed=False hid=None ra=None lclear=False hyok=True
obu-ramp-merge-3-1     | [29.8] Ramp_Merge_3 CAR_FOLLOW: sid=106 edge=34126779 lane=0 leader_edge= leader_lane=None leader_role_hint=main self_merge_completed=False self_merge_completed_age=-1.0 self_merge_committed=False lane_cmd_state=WAIT_EDGE lane_cmd_edge=34126779 lane_cmd_target=1 lane_cmd_executable=False same_lane=False reason=merge_conflict_eta gap=0.4 follow_spd=4.12 emergency=False target_before=3.6764832239292584 target_after=4.125 target_after_raw=4.12
traci-bridge-1         | LANE_CMD_STATE veh=Ramp_Merge_5 edge=34126779 lane=0 target=1 lane_count=1 recently=False speed=3.87
traci-bridge-1         | LANE_CMD_WAIT_EDGE veh=Ramp_Merge_5 edge=34126779 lane=0 target=1 lane_count=1
traci-bridge-1         | LANE_CMD_STATE veh=Ramp_Back edge=34126779 lane=0 target=1 lane_count=1 recently=False speed=5.23
traci-bridge-1         | LANE_CMD_WAIT_EDGE veh=Ramp_Back edge=34126779 lane=0 target=1 lane_count=1
traci-bridge-1         | LANE_CMD_STATE veh=Ramp_Merge_3 edge=34126779 lane=0 target=1 lane_count=1 recently=False speed=4.13
traci-bridge-1         | LANE_CMD_WAIT_EDGE veh=Ramp_Merge_3 edge=34126779 lane=0 target=1 lane_count=1
traci-bridge-1         | LANE_CMD_STATE veh=Ramp_Merge_4 edge=34126779 lane=0 target=1 lane_count=1 recently=False speed=4.10
traci-bridge-1         | LANE_CMD_WAIT_EDGE veh=Ramp_Merge_4 edge=34126779 lane=0 target=1 lane_count=1
traci-bridge-1         | LANE_CMD_STATE veh=Ramp_Merge_5 edge=34126779 lane=0 target=1 lane_count=1 recently=False speed=3.88
traci-bridge-1         | LANE_CMD_WAIT_EDGE veh=Ramp_Merge_5 edge=34126779 lane=0 target=1 lane_count=1
traci-bridge-1         | LANE_CMD_STATE veh=Ramp_Back edge=34126779 lane=0 target=1 lane_count=1 recently=False speed=4.96
traci-bridge-1         | LANE_CMD_WAIT_EDGE veh=Ramp_Back edge=34126779 lane=0 target=1 lane_count=1
traci-bridge-1         | LANE_CMD_STATE veh=Ramp_Merge_3 edge=34126779 lane=0 target=1 lane_count=1 recently=False speed=4.13
traci-bridge-1         | LANE_CMD_WAIT_EDGE veh=Ramp_Merge_3 edge=34126779 lane=0 target=1 lane_count=1
traci-bridge-1         | LANE_CMD_STATE veh=Ramp_Merge_4 edge=34126779 lane=0 target=1 lane_count=1 recently=False speed=4.10
traci-bridge-1         | LANE_CMD_WAIT_EDGE veh=Ramp_Merge_4 edge=34126779 lane=0 target=1 lane_count=1
traci-bridge-1         | LANE_CMD_STATE veh=Ramp_Merge_5 edge=34126779 lane=0 target=1 lane_count=1 recently=False speed=3.89
traci-bridge-1         | LANE_CMD_WAIT_EDGE veh=Ramp_Merge_5 edge=34126779 lane=0 target=1 lane_count=1
traci-bridge-1         | LANE_CMD_STATE veh=Ramp_Back edge=34126779 lane=0 target=1 lane_count=1 recently=False speed=4.73
traci-bridge-1         | LANE_CMD_WAIT_EDGE veh=Ramp_Back edge=34126779 lane=0 target=1 lane_count=1
traci-bridge-1         | LANE_CMD_STATE veh=Ramp_Merge_3 edge=34126779 lane=0 target=1 lane_count=1 recently=False speed=4.13
traci-bridge-1         | LANE_CMD_WAIT_EDGE veh=Ramp_Merge_3 edge=34126779 lane=0 target=1 lane_count=1
traci-bridge-1         | LANE_CMD_STATE veh=Ramp_Merge_4 edge=34126779 lane=0 target=1 lane_count=1 recently=False speed=4.09
traci-bridge-1         | LANE_CMD_WAIT_EDGE veh=Ramp_Merge_4 edge=34126779 lane=0 target=1 lane_count=1
traci-bridge-1         | LANE_CMD_STATE veh=Ramp_Merge_5 edge=34126779 lane=0 target=1 lane_count=1 recently=False speed=3.89
traci-bridge-1         | LANE_CMD_WAIT_EDGE veh=Ramp_Merge_5 edge=34126779 lane=0 target=1 lane_count=1
traci-bridge-1         | LANE_CMD_STATE veh=Ramp_Back edge=34126779 lane=0 target=1 lane_count=1 recently=False speed=4.52
traci-bridge-1         | LANE_CMD_WAIT_EDGE veh=Ramp_Back edge=34126779 lane=0 target=1 lane_count=1
traci-bridge-1         | LANE_CMD_STATE veh=Ramp_Merge_3 edge=34126779 lane=0 target=1 lane_count=1 recently=False speed=4.13
traci-bridge-1         | LANE_CMD_WAIT_EDGE veh=Ramp_Merge_3 edge=34126779 lane=0 target=1 lane_count=1
traci-bridge-1         | LANE_CMD_STATE veh=Ramp_Merge_4 edge=34126779 lane=0 target=1 lane_count=1 recently=False speed=4.08
traci-bridge-1         | LANE_CMD_WAIT_EDGE veh=Ramp_Merge_4 edge=34126779 lane=0 target=1 lane_count=1
traci-bridge-1         | LANE_CMD_STATE veh=Ramp_Merge_5 edge=34126779 lane=0 target=1 lane_count=1 recently=False speed=3.90
traci-bridge-1         | LANE_CMD_WAIT_EDGE veh=Ramp_Merge_5 edge=34126779 lane=0 target=1 lane_count=1
traci-bridge-1         | LANE_CMD_STATE veh=Ramp_Back edge=34126779 lane=0 target=1 lane_count=1 recently=False speed=4.55
traci-bridge-1         | LANE_CMD_WAIT_EDGE veh=Ramp_Back edge=34126779 lane=0 target=1 lane_count=1
traci-bridge-1         | LANE_CMD_STATE veh=Ramp_Merge_3 edge=34126779 lane=0 target=1 lane_count=1 recently=False speed=4.13
traci-bridge-1         | LANE_CMD_WAIT_EDGE veh=Ramp_Merge_3 edge=34126779 lane=0 target=1 lane_count=1
traci-bridge-1         | LANE_CMD_STATE veh=Ramp_Merge_4 edge=34126779 lane=0 target=1 lane_count=1 recently=False speed=4.07
traci-bridge-1         | LANE_CMD_WAIT_EDGE veh=Ramp_Merge_4 edge=34126779 lane=0 target=1 lane_count=1
traci-bridge-1         | LANE_CMD_STATE veh=Ramp_Merge_5 edge=34126779 lane=0 target=1 lane_count=1 recently=False speed=3.91
traci-bridge-1         | LANE_CMD_WAIT_EDGE veh=Ramp_Merge_5 edge=34126779 lane=0 target=1 lane_count=1
traci-bridge-1         | LANE_CMD_STATE veh=Ramp_Back edge=34126779 lane=0 target=1 lane_count=1 recently=False speed=4.37
traci-bridge-1         | LANE_CMD_WAIT_EDGE veh=Ramp_Back edge=34126779 lane=0 target=1 lane_count=1
traci-bridge-1         | LANE_CMD_STATE veh=Ramp_Merge_3 edge=34126779 lane=0 target=1 lane_count=1 recently=False speed=4.13
traci-bridge-1         | LANE_CMD_WAIT_EDGE veh=Ramp_Merge_3 edge=34126779 lane=0 target=1 lane_count=1
traci-bridge-1         | LANE_CMD_STATE veh=Ramp_Merge_4 edge=34126779 lane=0 target=1 lane_count=1 recently=False speed=4.06
traci-bridge-1         | LANE_CMD_WAIT_EDGE veh=Ramp_Merge_4 edge=34126779 lane=0 target=1 lane_count=1
traci-bridge-1         | LANE_CMD_STATE veh=Ramp_Merge_5 edge=34126779 lane=0 target=1 lane_count=1 recently=False speed=3.92
traci-bridge-1         | LANE_CMD_WAIT_EDGE veh=Ramp_Merge_5 edge=34126779 lane=0 target=1 lane_count=1
traci-bridge-1         | LANE_CMD_STATE veh=Ramp_Back edge=34126779 lane=0 target=1 lane_count=1 recently=False speed=4.40
traci-bridge-1         | LANE_CMD_WAIT_EDGE veh=Ramp_Back edge=34126779 lane=0 target=1 lane_count=1
traci-bridge-1         | LANE_CMD_STATE veh=Ramp_Merge_3 edge=34126779 lane=0 target=1 lane_count=1 recently=False speed=4.13
traci-bridge-1         | LANE_CMD_WAIT_EDGE veh=Ramp_Merge_3 edge=34126779 lane=0 target=1 lane_count=1
traci-bridge-1         | LANE_CMD_STATE veh=Ramp_Merge_4 edge=34126779 lane=0 target=1 lane_count=1 recently=False speed=4.07
traci-bridge-1         | LANE_CMD_WAIT_EDGE veh=Ramp_Merge_4 edge=34126779 lane=0 target=1 lane_count=1
traci-bridge-1         | LANE_CMD_STATE veh=Ramp_Merge_5 edge=34126779 lane=0 target=1 lane_count=1 recently=False speed=3.92
traci-bridge-1         | LANE_CMD_WAIT_EDGE veh=Ramp_Merge_5 edge=34126779 lane=0 target=1 lane_count=1
traci-bridge-1         | LANE_CMD_STATE veh=Ramp_Back edge=34126779 lane=0 target=1 lane_count=1 recently=False speed=4.24
traci-bridge-1         | LANE_CMD_WAIT_EDGE veh=Ramp_Back edge=34126779 lane=0 target=1 lane_count=1
traci-bridge-1         | LANE_CMD_STATE veh=Ramp_Merge_3 edge=34126779 lane=0 target=1 lane_count=1 recently=False speed=4.13
traci-bridge-1         | LANE_CMD_WAIT_EDGE veh=Ramp_Merge_3 edge=34126779 lane=0 target=1 lane_count=1
traci-bridge-1         | LANE_CMD_STATE veh=Ramp_Merge_4 edge=34126779 lane=0 target=1 lane_count=1 recently=False speed=4.08
traci-bridge-1         | LANE_CMD_WAIT_EDGE veh=Ramp_Merge_4 edge=34126779 lane=0 target=1 lane_count=1
traci-bridge-1         | LANE_CMD_STATE veh=Ramp_Merge_5 edge=34126779 lane=0 target=1 lane_count=1 recently=False speed=3.93
traci-bridge-1         | LANE_CMD_WAIT_EDGE veh=Ramp_Merge_5 edge=34126779 lane=0 target=1 lane_count=1
traci-bridge-1         | LANE_CMD_STATE veh=Ramp_Back edge=34126779 lane=0 target=1 lane_count=1 recently=False speed=4.23
traci-bridge-1         | LANE_CMD_WAIT_EDGE veh=Ramp_Back edge=34126779 lane=0 target=1 lane_count=1
traci-bridge-1         | LANE_CMD_STATE veh=Ramp_Merge_3 edge=34126779 lane=0 target=1 lane_count=1 recently=False speed=4.13
traci-bridge-1         | LANE_CMD_WAIT_EDGE veh=Ramp_Merge_3 edge=34126779 lane=0 target=1 lane_count=1
traci-bridge-1         | LANE_CMD_STATE veh=Ramp_Merge_4 edge=34126779 lane=0 target=1 lane_count=1 recently=False speed=4.09
traci-bridge-1         | LANE_CMD_WAIT_EDGE veh=Ramp_Merge_4 edge=34126779 lane=0 target=1 lane_count=1
traci-bridge-1         | LANE_CMD_STATE veh=Ramp_Merge_5 edge=34126779 lane=0 target=1 lane_count=1 recently=False speed=3.94
traci-bridge-1         | LANE_CMD_WAIT_EDGE veh=Ramp_Merge_5 edge=34126779 lane=0 target=1 lane_count=1
traci-bridge-1         | LANE_CMD_STATE veh=Ramp_Back edge=34126779 lane=0 target=1 lane_count=1 recently=False speed=4.22
traci-bridge-1         | LANE_CMD_WAIT_EDGE veh=Ramp_Back edge=34126779 lane=0 target=1 lane_count=1
traci-bridge-1         | LANE_CMD_STATE veh=Ramp_Merge_3 edge=34126779 lane=0 target=1 lane_count=1 recently=False speed=4.13
traci-bridge-1         | LANE_CMD_WAIT_EDGE veh=Ramp_Merge_3 edge=34126779 lane=0 target=1 lane_count=1
traci-bridge-1         | LANE_CMD_STATE veh=Ramp_Merge_4 edge=34126779 lane=0 target=1 lane_count=1 recently=False speed=4.09
traci-bridge-1         | LANE_CMD_WAIT_EDGE veh=Ramp_Merge_4 edge=34126779 lane=0 target=1 lane_count=1
traci-bridge-1         | LANE_CMD_STATE veh=Ramp_Merge_5 edge=34126779 lane=0 target=1 lane_count=1 recently=False speed=3.93
traci-bridge-1         | LANE_CMD_WAIT_EDGE veh=Ramp_Merge_5 edge=34126779 lane=0 target=1 lane_count=1
traci-bridge-1         | LANE_CMD_STATE veh=Ramp_Back edge=34126779 lane=0 target=1 lane_count=1 recently=False speed=4.23
traci-bridge-1         | LANE_CMD_WAIT_EDGE veh=Ramp_Back edge=34126779 lane=0 target=1 lane_count=1
traci-bridge-1         | LANE_CMD_STATE veh=Ramp_Merge_3 edge=34126779 lane=0 target=1 lane_count=1 recently=False speed=4.13
traci-bridge-1         | LANE_CMD_WAIT_EDGE veh=Ramp_Merge_3 edge=34126779 lane=0 target=1 lane_count=1
traci-bridge-1         | LANE_CMD_STATE veh=Ramp_Merge_4 edge=34126779 lane=0 target=1 lane_count=1 recently=False speed=4.10
traci-bridge-1         | LANE_CMD_WAIT_EDGE veh=Ramp_Merge_4 edge=34126779 lane=0 target=1 lane_count=1
traci-bridge-1         | LANE_CMD_STATE veh=Ramp_Merge_5 edge=34126779 lane=0 target=1 lane_count=1 recently=False speed=3.91
traci-bridge-1         | LANE_CMD_WAIT_EDGE veh=Ramp_Merge_5 edge=34126779 lane=0 target=1 lane_count=1
traci-bridge-1         | LANE_CMD_STATE veh=Ramp_Back edge=34126779 lane=0 target=1 lane_count=1 recently=False speed=4.10
obu-main-front-left-1  | [30.4] Main_Front_Left role=cruise state=CRUISE->CRUISE speed=7.41 target=7.50 neighbors=11
obu-host-car-1         | [30.4] Host_Car role=cruise state=CRUISE->CRUISE speed=7.49 target=7.50 neighbors=11
obu-ramp-merge-5-1     | [30.4] Ramp_Merge_5 CAR_FOLLOW: sid=110 edge=34126779 lane=0 leader_edge= leader_lane=None leader_role_hint=ramp self_merge_completed=False self_merge_completed_age=-1.0 self_merge_committed=True lane_cmd_state=WAIT_EDGE lane_cmd_edge=34126779 lane_cmd_target=1 lane_cmd_executable=False same_lane=True reason=same_lane_cam gap=9.3 follow_spd=2.92 emergency=False target_before=4.0704990846538225 target_after=3.6404990846538228 target_after_raw=2.92
obu-ramp-merge-5-1     | [30.4] Ramp_Merge_5 role=merge state=NEGOTIATING->NEGOTIATING speed=3.89 target=3.64 neighbors=11
obu-main-back-right-1  | [30.5] Main_Back_Right role=lead state=CRUISE->CRUISE speed=6.91 target=7.50 neighbors=11
obu-ramp-merge-2-1     | [30.4] Ramp_Merge_2 role=cruise state=CRUISE->CRUISE speed=7.37 target=7.50 neighbors=11
obu-main-back-left-1   | [30.5] Main_Back_Left role=cruise state=CRUISE->CRUISE speed=7.16 target=7.50 neighbors=11
obu-ramp-back-1        | [30.4] Ramp_Back CAR_FOLLOW: sid=107 edge=34126779 lane=0 leader_edge= leader_lane=None leader_role_hint=ramp self_merge_completed=False self_merge_completed_age=-1.0 self_merge_committed=True lane_cmd_state=WAIT_EDGE lane_cmd_edge=34126779 lane_cmd_target=1 lane_cmd_executable=False same_lane=False reason=merge_conflict_eta gap=0.8 follow_spd=4.12 emergency=False target_before=4.30671998963358 target_after=4.125 target_after_raw=4.12
obu-ramp-merge-4-1     | [30.5] Ramp_Merge_4 MERGE_PREPARE_WAIT_LANE_AVAILABLE: edge=34126779 lane=0 target_lane=1 lane_count=1 executable=False dtm=20.7 speed=4.12 host=None lead=106
obu-ramp-merge-4-1     | [30.5] Ramp_Merge_4 role=merge state=NEGOTIATING->NEGOTIATING speed=4.12 target=4.30 neighbors=11
obu-main-mid-right-1   | [30.4] Main_Mid_Right role=cruise state=CRUISE->CRUISE speed=7.50 target=7.50 neighbors=11
obu-ramp-merge-3-1     | MERGE_SLOT_QUALITY_DIAG: vehicle=Ramp_Merge_3 event=REQUEST_NEW t=30.6 manoeuvre=66 source=new_request lead=106 host=105 own_eta=1.34 lead_eta=0.71 host_eta=3.25 min_eta=2.21 max_eta=1.75 desired_eta=1.75 gap_possible=False dtm=5.5 edge=34126779 lane=0 speed=4.13 lead_speed=6.65 host_speed=6.96 lead_gap=0.00 host_gap=20.68 lead_gap_t1=0.00 lead_gap_t2=0.00 lead_gap_t3=0.00 host_gap_t1=20.68 host_gap_t2=20.68 host_gap_t3=20.68 rel_to_lead=2.52 rel_to_host=-2.83 lead_lat=3.46 host_lat=1.85 pending=True accepted=False authorized=False committed=False pending_age=0.00 accepted_age=None lane_cmd_state=WAIT_EDGE lane_cmd_target=1
obu-ramp-merge-3-1     | MERGE_ATTEMPT_TIMELINE: vehicle=Ramp_Merge_3 manoeuvre=66 host=105 lead=105 event=REQUEST_SENT t=30.6 edge=34126779 lane=0 lane_cmd_state=WAIT_EDGE speed=4.13 target=6.75 dtm=5.5 lead_gap=20.68 host_gap=20.68 lead_gap_t1=20.68 lead_gap_t2=20.68 lead_gap_t3=20.68 host_gap_t1=20.68 host_gap_t2=20.68 host_gap_t3=20.68
obu-ramp-merge-3-1     | [30.6] Ramp_Merge_3 MCM_TX_REQUEST: manoeuvre=66 target=105
obu-ramp-merge-3-1     | [30.6] Ramp_Merge_3 FINAL_GUARD: REJECTED slot-boundary sid=106 gap=3.9
obu-ramp-merge-3-1     | [30.6] Ramp_Merge_3 MERGE_DECISION: auth=False phys=True fgok=False lgok=False hgok=True cok=True esok=False cready=True dtm=5.5 past=False committed=False hid=105 ra=None lclear=False hyok=False
obu-ramp-merge-3-1     | [30.6] Ramp_Merge_3 CAR_FOLLOW: sid=106 edge=34126779 lane=0 leader_edge= leader_lane=None leader_role_hint=main self_merge_completed=False self_merge_completed_age=-1.0 self_merge_committed=False lane_cmd_state=WAIT_EDGE lane_cmd_edge=34126779 lane_cmd_target=1 lane_cmd_executable=False same_lane=False reason=merge_conflict_eta gap=0.6 follow_spd=4.12 emergency=False target_before=3.675984001058846 target_after=4.125 target_after_raw=4.12
obu-ramp-merge-3-1     | [30.6] Ramp_Merge_3 role=merge state=YIELDING->YIELDING speed=4.13 target=4.12 neighbors=11
obu-ramp-back-1        | [30.5] Ramp_Back MERGE_PREPARE_WAIT_LANE_AVAILABLE: edge=34126779 lane=0 target_lane=1 lane_count=1 executable=False dtm=52.1 speed=4.00 host=101 lead=106
obu-ramp-back-1        | [30.5] Ramp_Back CAR_FOLLOW: sid=107 edge=34126779 lane=0 leader_edge= leader_lane=None leader_role_hint=ramp self_merge_completed=False self_merge_completed_age=-1.0 self_merge_committed=True lane_cmd_state=WAIT_EDGE lane_cmd_edge=34126779 lane_cmd_target=1 lane_cmd_executable=False same_lane=False reason=merge_conflict_eta gap=0.5 follow_spd=4.12 emergency=False target_before=4.17719237651111 target_after=4.125 target_after_raw=4.12
obu-ramp-back-1        | [30.5] Ramp_Back role=merge state=NEGOTIATING->NEGOTIATING speed=4.00 target=4.12 neighbors=11
obu-ramp-back-1        | [30.7] Ramp_Back CAR_FOLLOW: sid=107 edge=34126779 lane=0 leader_edge= leader_lane=None leader_role_hint=ramp self_merge_completed=False self_merge_completed_age=-1.0 self_merge_committed=True lane_cmd_state=WAIT_EDGE lane_cmd_edge=34126779 lane_cmd_target=1 lane_cmd_executable=False same_lane=False reason=merge_conflict_eta gap=0.8 follow_spd=4.12 emergency=False target_before=4.20347963420472 target_after=4.125 target_after_raw=4.12
obu-ramp-back-1        | [30.8] Ramp_Back CAR_FOLLOW: sid=111 edge=34126779 lane=0 leader_edge= leader_lane=None leader_role_hint=ramp self_merge_completed=False self_merge_completed_age=-1.0 self_merge_committed=True lane_cmd_state=WAIT_EDGE lane_cmd_edge=34126779 lane_cmd_target=1 lane_cmd_executable=False same_lane=True reason=same_lane_cam gap=7.3 follow_spd=2.62 emergency=False target_before=4.208555652494484 target_after=3.778555652494484 target_after_raw=2.62
obu-ramp-merge-3-1     | [30.9] Ramp_Merge_3 MERGE_LANE_WAIT_EDGE_CONFIRMED: edge=:390064918_0 lane=0 target_lane=1 lane_count=1 executable=False
obu-merge-car-1        | [31.0] Merge_Car role=cruise state=CRUISE->CRUISE speed=7.50 target=7.50 neighbors=9
obu-ramp-merge-3-1     | MCM_REQUEST_RETRY_DIAG: vehicle=Ramp_Merge_3 host=105 lead=106 manoeuvre=66 retry_count=1 pending_age=0.3 dtm=5.0 own_eta=1.22 host_eta_current=4.051014300699686 host_eta_at_request=3.252945425990427 lead_eta_current=0.23870058033368052 lead_eta_at_request=0.7054379148654715 last_response_action=None last_response_age=None host_remote_fsm=CRUISE host_remote_edge=1331698336 host_remote_lane=1 host_remote_merge_committed=False host_remote_merge_completed=False host_remote_active_merge_request=False host_remote_active_station_id=None host_remote_active_manoeuvre_id=None host_remote_active_remaining_s=0.0
obu-main-back-left-1   | [31.0] Main_Back_Left MCM_RX_REQUEST: from=109 manoeuvre=66 target=105
obu-ramp-merge-3-1     | MERGE_SLOT_QUALITY_DIAG: vehicle=Ramp_Merge_3 event=REQUEST_RETRY t=30.9 manoeuvre=66 source=retry_request lead=106 host=105 own_eta=1.22 lead_eta=0.71 host_eta=4.05 min_eta=2.21 max_eta=2.55 desired_eta=2.21 gap_possible=True dtm=5.0 edge=:390064918_0 lane=0 speed=4.13 lead_speed=6.90 host_speed=7.16 lead_gap=0.00 host_gap=25.81 lead_gap_t1=0.00 lead_gap_t2=0.00 lead_gap_t3=0.00 host_gap_t1=25.81 host_gap_t2=25.81 host_gap_t3=25.81 rel_to_lead=-2.77 rel_to_host=-3.03 lead_lat=3.18 host_lat=1.54 pending=True accepted=False authorized=False committed=False pending_age=0.30 accepted_age=None lane_cmd_state=WAIT_EDGE lane_cmd_target=1
obu-ramp-merge-3-1     | [30.9] Ramp_Merge_3 MCM_TX_REQUEST: manoeuvre=66 target=105
obu-ramp-merge-3-1     | [30.9] Ramp_Merge_3 FINAL_GUARD: REJECTED slot-boundary sid=106 gap=3.6
obu-ramp-merge-3-1     | [30.9] Ramp_Merge_3 MERGE_LCLEAR_BLOCK: sid=106 gap=1.4 neighbor_age=0.0 from_memory=False dtm=5.0
obu-ramp-merge-3-1     | [30.9] Ramp_Merge_3 MERGE_DECISION: auth=False phys=True fgok=False lgok=False hgok=True cok=True esok=False cready=True dtm=5.0 past=False committed=False hid=105 ra=None lclear=False hyok=False
obu-ramp-merge-3-1     | [30.9] Ramp_Merge_3 CAR_FOLLOW: sid=106 edge=:390064918_0 lane=0 leader_edge= leader_lane=None leader_role_hint=main self_merge_completed=False self_merge_completed_age=-1.0 self_merge_committed=False lane_cmd_state=WAIT_EDGE lane_cmd_edge=:390064918_0 lane_cmd_target=1 lane_cmd_executable=False same_lane=False reason=merge_conflict_eta gap=1.0 follow_spd=4.12 emergency=False target_before=3.675843657907828 target_after=4.125 target_after_raw=4.12
obu-main-back-left-1   | HOST_RESERVATION_START: host=Main_Back_Left ramp=109 manoeuvre=66 until=35.0 own_speed=7.24 target_speed=5.36 required_speed=5.36 gap_eta=3.12
obu-main-back-left-1   | [31.0] Main_Back_Left HOST_RESERVED: merge=109 manoeuvre=66 until=35.0 target_spd=5.36
obu-main-back-left-1   | [31.0] Main_Back_Left HOST_YIELD: for merge=109 req_spd=5.36
obu-main-back-left-1   | HOST_REQUEST_DECISION: host=Main_Back_Left ramp=109 manoeuvre=66 decision=ACCEPT reason=YIELDING ramp_eta=1.38 host_eta=4.50 required_speed=5.36 current_speed=7.24 active_request_ramp=109 active_request_remaining=4.0 ramp_remote_edge=34126779 ramp_remote_lane=0 ramp_remote_fsm=YIELDING
obu-main-back-left-1   | [31.0] Main_Back_Left MCM_TX_ACCEPT: manoeuvre=66 target=109
obu-ramp-merge-5-1     | [31.0] Ramp_Merge_5 MERGE_PREPARE_WAIT_LANE_AVAILABLE: edge=34126779 lane=0 target_lane=1 lane_count=1 executable=False dtm=35.0 speed=3.83 host=102 lead=106
obu-lead-car-1         | [31.0] Lead_Car role=cruise state=CRUISE->CRUISE speed=7.50 target=7.50 neighbors=11
obu-ramp-merge-3-1     | [31.1] Ramp_Merge_3 FINAL_GUARD: REJECTED slot-boundary sid=106 gap=3.3
obu-ramp-merge-3-1     | [31.1] Ramp_Merge_3 MERGE_DECISION: auth=False phys=True fgok=False lgok=False hgok=True cok=True esok=False cready=True dtm=4.9 past=False committed=False hid=105 ra=None lclear=False hyok=False
obu-ramp-merge-3-1     | [31.1] Ramp_Merge_3 CAR_FOLLOW: sid=106 edge=:390064918_0 lane=0 leader_edge= leader_lane=None leader_role_hint=main self_merge_completed=False self_merge_completed_age=-1.0 self_merge_committed=False lane_cmd_state=WAIT_EDGE lane_cmd_edge=:390064918_0 lane_cmd_target=1 lane_cmd_executable=False same_lane=False reason=merge_conflict_eta gap=0.9 follow_spd=4.12 emergency=False target_before=3.6757614012618145 target_after=4.125 target_after_raw=4.12
obu-main-back-left-1   | HOST_RESERVATION_EXTEND_UNTIL_CLEAR: host=Main_Back_Left ramp=109 manoeuvre=66 new_remaining=4.0 ramp_lcs=WAIT_EDGE ramp_edge=34126779
obu-main-back-left-1   | HOST_RESERVATION_HOLD: host=Main_Back_Left ramp=109 manoeuvre=66 remaining=4.0 own_speed=7.25 target_speed=5.36 ramp_fsm=YIELDING ramp_lane_cmd_state=WAIT_EDGE ramp_edge=34126779 ramp_lane=0 ramp_merge_completed=False ramp_merge_committed=False
obu-main-back-left-1   | [31.1] Main_Back_Left HOST_HOLD_YIELD: for merge=109 spd=5.36
obu-host-car-1         | [31.3] Host_Car CAR_FOLLOW: sid=107 edge=135424828 lane=0 leader_edge= leader_lane=None leader_role_hint=ramp self_merge_completed=False self_merge_completed_age=-1.0 self_merge_committed=False lane_cmd_state=None lane_cmd_edge=None lane_cmd_target=None lane_cmd_executable=None same_lane=True reason=same_lane_cam gap=12.6 follow_spd=6.69 emergency=False target_before=7.5 target_after=7.241725371766332 target_after_raw=6.69
traci-bridge-1         | LANE_CMD_WAIT_EDGE veh=Ramp_Back edge=34126779 lane=0 target=1 lane_count=1
traci-bridge-1         | LANE_CMD_STATE veh=Ramp_Merge_3 edge=34126779 lane=0 target=1 lane_count=1 recently=False speed=4.13
traci-bridge-1         | LANE_CMD_WAIT_EDGE veh=Ramp_Merge_3 edge=34126779 lane=0 target=1 lane_count=1
traci-bridge-1         | LANE_CMD_STATE veh=Ramp_Merge_4 edge=34126779 lane=0 target=1 lane_count=1 recently=False speed=4.11
traci-bridge-1         | LANE_CMD_WAIT_EDGE veh=Ramp_Merge_4 edge=34126779 lane=0 target=1 lane_count=1
traci-bridge-1         | LANE_CMD_STATE veh=Ramp_Merge_5 edge=34126779 lane=0 target=1 lane_count=1 recently=False speed=3.90
traci-bridge-1         | LANE_CMD_WAIT_EDGE veh=Ramp_Merge_5 edge=34126779 lane=0 target=1 lane_count=1
traci-bridge-1         | LANE_CMD_STATE veh=Ramp_Back edge=34126779 lane=0 target=1 lane_count=1 recently=False speed=4.11
traci-bridge-1         | LANE_CMD_WAIT_EDGE veh=Ramp_Back edge=34126779 lane=0 target=1 lane_count=1
traci-bridge-1         | LANE_CMD_STATE veh=Ramp_Merge_3 edge=34126779 lane=0 target=1 lane_count=1 recently=False speed=4.13
traci-bridge-1         | LANE_CMD_WAIT_EDGE veh=Ramp_Merge_3 edge=34126779 lane=0 target=1 lane_count=1
traci-bridge-1         | LANE_CMD_STATE veh=Ramp_Merge_4 edge=34126779 lane=0 target=1 lane_count=1 recently=False speed=4.12
traci-bridge-1         | LANE_CMD_WAIT_EDGE veh=Ramp_Merge_4 edge=34126779 lane=0 target=1 lane_count=1
traci-bridge-1         | LANE_CMD_STATE veh=Ramp_Merge_5 edge=34126779 lane=0 target=1 lane_count=1 recently=False speed=3.89
traci-bridge-1         | LANE_CMD_WAIT_EDGE veh=Ramp_Merge_5 edge=34126779 lane=0 target=1 lane_count=1
traci-bridge-1         | LANE_CMD_STATE veh=Ramp_Back edge=34126779 lane=0 target=1 lane_count=1 recently=False speed=4.13
traci-bridge-1         | LANE_CMD_WAIT_EDGE veh=Ramp_Back edge=34126779 lane=0 target=1 lane_count=1
traci-bridge-1         | LANE_CMD_STATE veh=Ramp_Merge_3 edge=34126779 lane=0 target=1 lane_count=1 recently=False speed=4.13
traci-bridge-1         | LANE_CMD_WAIT_EDGE veh=Ramp_Merge_3 edge=34126779 lane=0 target=1 lane_count=1
traci-bridge-1         | LANE_CMD_STATE veh=Ramp_Merge_4 edge=34126779 lane=0 target=1 lane_count=1 recently=False speed=4.12
traci-bridge-1         | LANE_CMD_WAIT_EDGE veh=Ramp_Merge_4 edge=34126779 lane=0 target=1 lane_count=1
traci-bridge-1         | LANE_CMD_STATE veh=Ramp_Merge_5 edge=34126779 lane=0 target=1 lane_count=1 recently=False speed=3.88
traci-bridge-1         | LANE_CMD_WAIT_EDGE veh=Ramp_Merge_5 edge=34126779 lane=0 target=1 lane_count=1
traci-bridge-1         | LANE_CMD_STATE veh=Ramp_Back edge=34126779 lane=0 target=1 lane_count=1 recently=False speed=4.00
traci-bridge-1         | LANE_CMD_WAIT_EDGE veh=Ramp_Back edge=34126779 lane=0 target=1 lane_count=1
traci-bridge-1         | LANE_CMD_STATE veh=Ramp_Merge_3 edge=34126779 lane=0 target=1 lane_count=1 recently=False speed=4.13
traci-bridge-1         | LANE_CMD_WAIT_EDGE veh=Ramp_Merge_3 edge=34126779 lane=0 target=1 lane_count=1
traci-bridge-1         | LANE_CMD_STATE veh=Ramp_Merge_4 edge=34126779 lane=0 target=1 lane_count=1 recently=False speed=4.13
traci-bridge-1         | LANE_CMD_WAIT_EDGE veh=Ramp_Merge_4 edge=34126779 lane=0 target=1 lane_count=1
traci-bridge-1         | LANE_CMD_STATE veh=Ramp_Merge_5 edge=34126779 lane=0 target=1 lane_count=1 recently=False speed=3.87
traci-bridge-1         | LANE_CMD_WAIT_EDGE veh=Ramp_Merge_5 edge=34126779 lane=0 target=1 lane_count=1
traci-bridge-1         | LANE_CMD_STATE veh=Ramp_Back edge=34126779 lane=0 target=1 lane_count=1 recently=False speed=4.02
traci-bridge-1         | LANE_CMD_WAIT_EDGE veh=Ramp_Back edge=34126779 lane=0 target=1 lane_count=1
traci-bridge-1         | LANE_CMD_STATE veh=Ramp_Merge_3 edge=34126779 lane=0 target=1 lane_count=1 recently=False speed=4.13
traci-bridge-1         | LANE_CMD_WAIT_EDGE veh=Ramp_Merge_3 edge=34126779 lane=0 target=1 lane_count=1
traci-bridge-1         | LANE_CMD_STATE veh=Ramp_Merge_4 edge=34126779 lane=0 target=1 lane_count=1 recently=False speed=4.14
traci-bridge-1         | LANE_CMD_WAIT_EDGE veh=Ramp_Merge_4 edge=34126779 lane=0 target=1 lane_count=1
traci-bridge-1         | LANE_CMD_STATE veh=Ramp_Merge_5 edge=34126779 lane=0 target=1 lane_count=1 recently=False speed=3.86
traci-bridge-1         | LANE_CMD_WAIT_EDGE veh=Ramp_Merge_5 edge=34126779 lane=0 target=1 lane_count=1
traci-bridge-1         | LANE_CMD_STATE veh=Ramp_Back edge=34126779 lane=0 target=1 lane_count=1 recently=False speed=4.02
traci-bridge-1         | LANE_CMD_WAIT_EDGE veh=Ramp_Back edge=34126779 lane=0 target=1 lane_count=1
traci-bridge-1         | LANE_CMD_STATE veh=Ramp_Merge_3 edge=34126779 lane=0 target=1 lane_count=1 recently=False speed=4.13
traci-bridge-1         | LANE_CMD_WAIT_EDGE veh=Ramp_Merge_3 edge=34126779 lane=0 target=1 lane_count=1
traci-bridge-1         | LANE_CMD_STATE veh=Ramp_Merge_4 edge=34126779 lane=0 target=1 lane_count=1 recently=False speed=4.15
traci-bridge-1         | LANE_CMD_WAIT_EDGE veh=Ramp_Merge_4 edge=34126779 lane=0 target=1 lane_count=1
traci-bridge-1         | LANE_CMD_STATE veh=Ramp_Merge_5 edge=34126779 lane=0 target=1 lane_count=1 recently=False speed=3.85
traci-bridge-1         | LANE_CMD_WAIT_EDGE veh=Ramp_Merge_5 edge=34126779 lane=0 target=1 lane_count=1
traci-bridge-1         | LANE_CMD_STATE veh=Ramp_Back edge=34126779 lane=0 target=1 lane_count=1 recently=False speed=4.03
traci-bridge-1         | LANE_CMD_WAIT_EDGE veh=Ramp_Back edge=34126779 lane=0 target=1 lane_count=1
traci-bridge-1         | LANE_CMD_STATE veh=Ramp_Merge_3 edge=:390064918_0 lane=0 target=1 lane_count=1 recently=False speed=4.13
traci-bridge-1         | LANE_CMD_WAIT_EDGE veh=Ramp_Merge_3 edge=:390064918_0 lane=0 target=1 lane_count=1
traci-bridge-1         | LANE_CMD_STATE veh=Ramp_Merge_4 edge=34126779 lane=0 target=1 lane_count=1 recently=False speed=4.15
traci-bridge-1         | LANE_CMD_WAIT_EDGE veh=Ramp_Merge_4 edge=34126779 lane=0 target=1 lane_count=1
traci-bridge-1         | LANE_CMD_STATE veh=Ramp_Merge_5 edge=34126779 lane=0 target=1 lane_count=1 recently=False speed=3.84
traci-bridge-1         | LANE_CMD_WAIT_EDGE veh=Ramp_Merge_5 edge=34126779 lane=0 target=1 lane_count=1
traci-bridge-1         | LANE_CMD_STATE veh=Ramp_Back edge=34126779 lane=0 target=1 lane_count=1 recently=False speed=3.91
traci-bridge-1         | LANE_CMD_WAIT_EDGE veh=Ramp_Back edge=34126779 lane=0 target=1 lane_count=1
traci-bridge-1         | LANE_CMD_STATE veh=Ramp_Merge_3 edge=:390064918_0 lane=0 target=1 lane_count=1 recently=False speed=4.13
traci-bridge-1         | LANE_CMD_WAIT_EDGE veh=Ramp_Merge_3 edge=:390064918_0 lane=0 target=1 lane_count=1
traci-bridge-1         | LANE_CMD_STATE veh=Ramp_Merge_4 edge=34126779 lane=0 target=1 lane_count=1 recently=False speed=4.16
traci-bridge-1         | LANE_CMD_WAIT_EDGE veh=Ramp_Merge_4 edge=34126779 lane=0 target=1 lane_count=1
traci-bridge-1         | LANE_CMD_STATE veh=Ramp_Merge_5 edge=34126779 lane=0 target=1 lane_count=1 recently=False speed=3.83
traci-bridge-1         | LANE_CMD_WAIT_EDGE veh=Ramp_Merge_5 edge=34126779 lane=0 target=1 lane_count=1
traci-bridge-1         | LANE_CMD_STATE veh=Ramp_Back edge=34126779 lane=0 target=1 lane_count=1 recently=False speed=3.92
traci-bridge-1         | LANE_CMD_WAIT_EDGE veh=Ramp_Back edge=34126779 lane=0 target=1 lane_count=1
traci-bridge-1         | LANE_CMD_STATE veh=Ramp_Merge_3 edge=:390064918_0 lane=0 target=1 lane_count=1 recently=False speed=4.13
traci-bridge-1         | LANE_CMD_WAIT_EDGE veh=Ramp_Merge_3 edge=:390064918_0 lane=0 target=1 lane_count=1
traci-bridge-1         | LANE_CMD_STATE veh=Ramp_Merge_4 edge=34126779 lane=0 target=1 lane_count=1 recently=False speed=4.17
traci-bridge-1         | LANE_CMD_WAIT_EDGE veh=Ramp_Merge_4 edge=34126779 lane=0 target=1 lane_count=1
traci-bridge-1         | LANE_CMD_STATE veh=Ramp_Merge_5 edge=34126779 lane=0 target=1 lane_count=1 recently=False speed=3.82
traci-bridge-1         | LANE_CMD_WAIT_EDGE veh=Ramp_Merge_5 edge=34126779 lane=0 target=1 lane_count=1
traci-bridge-1         | LANE_CMD_STATE veh=Ramp_Back edge=34126779 lane=0 target=1 lane_count=1 recently=False speed=3.91
traci-bridge-1         | LANE_CMD_WAIT_EDGE veh=Ramp_Back edge=34126779 lane=0 target=1 lane_count=1
traci-bridge-1         | LANE_CMD_STATE veh=Ramp_Merge_3 edge=:390064918_0 lane=0 target=1 lane_count=1 recently=False speed=4.13
traci-bridge-1         | LANE_CMD_WAIT_EDGE veh=Ramp_Merge_3 edge=:390064918_0 lane=0 target=1 lane_count=1
traci-bridge-1         | LANE_CMD_STATE veh=Ramp_Merge_4 edge=34126779 lane=0 target=1 lane_count=1 recently=False speed=4.18
traci-bridge-1         | LANE_CMD_WAIT_EDGE veh=Ramp_Merge_4 edge=34126779 lane=0 target=1 lane_count=1
traci-bridge-1         | LANE_CMD_STATE veh=Ramp_Merge_5 edge=34126779 lane=0 target=1 lane_count=1 recently=False speed=3.83
traci-bridge-1         | LANE_CMD_WAIT_EDGE veh=Ramp_Merge_5 edge=34126779 lane=0 target=1 lane_count=1
traci-bridge-1         | LANE_CMD_STATE veh=Ramp_Back edge=34126779 lane=0 target=1 lane_count=1 recently=False speed=3.90
traci-bridge-1         | LANE_CMD_WAIT_EDGE veh=Ramp_Back edge=34126779 lane=0 target=1 lane_count=1
traci-bridge-1         | LANE_CMD_STATE veh=Ramp_Merge_3 edge=:390064918_0 lane=0 target=1 lane_count=1 recently=False speed=4.13
traci-bridge-1         | LANE_CMD_WAIT_EDGE veh=Ramp_Merge_3 edge=:390064918_0 lane=0 target=1 lane_count=1
traci-bridge-1         | LANE_CMD_STATE veh=Ramp_Merge_4 edge=34126779 lane=0 target=1 lane_count=1 recently=False speed=4.18
traci-bridge-1         | LANE_CMD_WAIT_EDGE veh=Ramp_Merge_4 edge=34126779 lane=0 target=1 lane_count=1
traci-bridge-1         | LANE_CMD_STATE veh=Ramp_Merge_5 edge=34126779 lane=0 target=1 lane_count=1 recently=False speed=3.83
traci-bridge-1         | LANE_CMD_WAIT_EDGE veh=Ramp_Merge_5 edge=34126779 lane=0 target=1 lane_count=1
traci-bridge-1         | LANE_CMD_STATE veh=Ramp_Back edge=34126779 lane=0 target=1 lane_count=1 recently=False speed=3.90
traci-bridge-1         | LANE_CMD_WAIT_EDGE veh=Ramp_Back edge=34126779 lane=0 target=1 lane_count=1
traci-bridge-1         | LANE_CMD_STATE veh=Ramp_Merge_3 edge=:390064918_0 lane=0 target=1 lane_count=1 recently=False speed=4.13
traci-bridge-1         | LANE_CMD_WAIT_EDGE veh=Ramp_Merge_3 edge=:390064918_0 lane=0 target=1 lane_count=1
obu-main-back-left-1   | HOST_RESERVATION_EXTEND_UNTIL_CLEAR: host=Main_Back_Left ramp=109 manoeuvre=66 new_remaining=4.0 ramp_lcs=WAIT_EDGE ramp_edge=:390064918_0
obu-main-back-left-1   | HOST_RESERVATION_HOLD: host=Main_Back_Left ramp=109 manoeuvre=66 remaining=4.0 own_speed=7.17 target_speed=5.36 ramp_fsm=YIELDING ramp_lane_cmd_state=WAIT_EDGE ramp_edge=:390064918_0 ramp_lane=0 ramp_merge_completed=False ramp_merge_committed=False
obu-main-back-left-1   | [31.3] Main_Back_Left HOST_HOLD_YIELD: for merge=109 spd=5.36
obu-ramp-merge-3-1     | MCM_REQUEST_RETRY_DIAG: vehicle=Ramp_Merge_3 host=105 lead=106 manoeuvre=66 retry_count=2 pending_age=0.7 dtm=4.9 own_eta=1.18 host_eta_current=4.051014300699686 host_eta_at_request=3.252945425990427 lead_eta_current=0.2774186469519303 lead_eta_at_request=0.7054379148654715 last_response_action=None last_response_age=None host_remote_fsm=YIELDING host_remote_edge=1331698336 host_remote_lane=1 host_remote_merge_committed=False host_remote_merge_completed=False host_remote_active_merge_request=True host_remote_active_station_id=109 host_remote_active_manoeuvre_id=66 host_remote_active_remaining_s=4.0
obu-ramp-merge-3-1     | MERGE_SLOT_QUALITY_DIAG: vehicle=Ramp_Merge_3 event=REQUEST_RETRY t=31.3 manoeuvre=66 source=retry_request lead=106 host=105 own_eta=1.18 lead_eta=0.71 host_eta=4.05 min_eta=2.21 max_eta=2.55 desired_eta=2.21 gap_possible=True dtm=4.9 edge=:390064918_0 lane=0 speed=4.13 lead_speed=6.93 host_speed=7.16 lead_gap=0.00 host_gap=24.14 lead_gap_t1=0.00 lead_gap_t2=0.00 lead_gap_t3=0.00 host_gap_t1=24.14 host_gap_t2=24.14 host_gap_t3=24.14 rel_to_lead=-2.80 rel_to_host=-3.03 lead_lat=3.19 host_lat=1.89 pending=True accepted=False authorized=False committed=False pending_age=0.70 accepted_age=None lane_cmd_state=WAIT_EDGE lane_cmd_target=1
obu-main-back-left-1   | [31.3] Main_Back_Left MCM_TX_ACCEPT: manoeuvre=66 target=109
obu-ramp-merge-3-1     | [31.3] Ramp_Merge_3 MCM_TX_REQUEST: manoeuvre=66 target=105
obu-ramp-merge-3-1     | [31.3] Ramp_Merge_3 FINAL_GUARD: REJECTED slot-boundary sid=106 gap=3.3
obu-ramp-merge-3-1     | [31.3] Ramp_Merge_3 MERGE_DECISION: auth=False phys=True fgok=False lgok=False hgok=True cok=True esok=False cready=True dtm=4.9 past=False committed=False hid=105 ra=None lclear=False hyok=False
obu-ramp-back-1        | [31.3] Ramp_Back CAR_FOLLOW: sid=111 edge=34126779 lane=0 leader_edge= leader_lane=None leader_role_hint=ramp self_merge_completed=False self_merge_completed_age=-1.0 self_merge_committed=True lane_cmd_state=WAIT_EDGE lane_cmd_edge=34126779 lane_cmd_target=1 lane_cmd_executable=False same_lane=True reason=same_lane_cam gap=7.7 follow_spd=2.62 emergency=False target_before=4.076951120107093 target_after=3.6469511201070937 target_after_raw=2.62
obu-ramp-merge-4-1     | [31.5] Ramp_Merge_4 MERGE_PREPARE_WAIT_LANE_AVAILABLE: edge=34126779 lane=0 target_lane=1 lane_count=1 executable=False dtm=16.5 speed=4.20 host=None lead=106
obu-ramp-merge-4-1     | [31.5] Ramp_Merge_4 role=merge state=NEGOTIATING->NEGOTIATING speed=4.20 target=4.38 neighbors=11
obu-ramp-merge-3-1     | [31.5] Ramp_Merge_3 MCM_RX_ACCEPT: from=105 manoeuvre=66 target=109
obu-main-back-left-1   | [31.5] Main_Back_Left MCM_RX_REQUEST: from=109 manoeuvre=66 target=105
obu-host-car-1         | [31.5] Host_Car role=cruise state=YIELDING->CRUISE speed=7.48 target=7.50 neighbors=11
obu-main-mid-right-1   | [31.5] Main_Mid_Right role=cruise state=CRUISE->CRUISE speed=7.50 target=7.50 neighbors=11
obu-ramp-merge-5-1     | [31.4] Ramp_Merge_5 role=merge state=NEGOTIATING->NEGOTIATING speed=3.84 target=4.02 neighbors=11
obu-main-back-right-1  | [31.5] Main_Back_Right role=lead state=CRUISE->CRUISE speed=7.15 target=7.50 neighbors=11
obu-main-front-left-1  | [31.5] Main_Front_Left role=cruise state=CRUISE->CRUISE speed=7.45 target=7.50 neighbors=11
obu-ramp-merge-2-1     | [31.5] Ramp_Merge_2 role=cruise state=CRUISE->CRUISE speed=7.43 target=7.50 neighbors=11
obu-main-back-left-1   | HOST_RESERVATION_EXTEND_UNTIL_CLEAR: host=Main_Back_Left ramp=109 manoeuvre=66 new_remaining=4.0 ramp_lcs=WAIT_EDGE ramp_edge=:390064918_0
obu-main-back-left-1   | HOST_RESERVATION_HOLD: host=Main_Back_Left ramp=109 manoeuvre=66 remaining=4.0 own_speed=6.99 target_speed=5.36 ramp_fsm=YIELDING ramp_lane_cmd_state=WAIT_EDGE ramp_edge=:390064918_0 ramp_lane=0 ramp_merge_completed=False ramp_merge_committed=False
obu-main-back-left-1   | [31.5] Main_Back_Left HOST_HOLD_YIELD: for merge=109 spd=5.36
obu-main-back-left-1   | [31.5] Main_Back_Left role=host state=YIELDING->YIELDING speed=6.99 target=5.36 neighbors=11
obu-ramp-merge-3-1     | MERGE_ATTEMPT_TIMELINE: vehicle=Ramp_Merge_3 manoeuvre=66 host=105 lead=105 event=ACCEPT_MATCHED t=31.5 edge=:390064918_0 lane=0 lane_cmd_state=WAIT_EDGE speed=4.13 target=6.75 dtm=5.0 lead_gap=26.90 host_gap=26.90 lead_gap_t1=26.90 lead_gap_t2=26.90 lead_gap_t3=26.90 host_gap_t1=26.90 host_gap_t2=26.90 host_gap_t3=26.90
obu-ramp-merge-3-1     | MERGE_SLOT_QUALITY_DIAG: vehicle=Ramp_Merge_3 event=ACCEPT_MATCHED t=31.5 manoeuvre=66 source=accept_matched lead=106 host=105 own_eta=1.20 lead_eta=0.71 host_eta=4.66 min_eta=2.21 max_eta=3.16 desired_eta=2.21 gap_possible=True dtm=5.0 edge=:390064918_0 lane=0 speed=4.13 lead_speed=7.06 host_speed=7.00 lead_gap=0.00 host_gap=26.90 lead_gap_t1=0.00 lead_gap_t2=0.00 lead_gap_t3=0.00 host_gap_t1=26.90 host_gap_t2=26.90 host_gap_t3=26.90 rel_to_lead=-2.93 rel_to_host=-2.87 lead_lat=3.06 host_lat=1.91 pending=True accepted=False authorized=False committed=False pending_age=0.90 accepted_age=None lane_cmd_state=WAIT_EDGE lane_cmd_target=1
obu-ramp-merge-3-1     | [31.5] Ramp_Merge_3 MCM_ACCEPT_MATCHED: host=105 manoeuvre=66
obu-ramp-merge-3-1     | [31.5] Ramp_Merge_3 FINAL_GUARD: REJECTED slot-boundary sid=106 gap=4.6
obu-ramp-back-1        | [31.5] Ramp_Back MERGE_PREPARE_WAIT_LANE_AVAILABLE: edge=34126779 lane=0 target_lane=1 lane_count=1 executable=False dtm=48.3 speed=3.89 host=101 lead=106
obu-ramp-back-1        | [31.5] Ramp_Back CAR_FOLLOW: sid=111 edge=34126779 lane=0 leader_edge= leader_lane=None leader_role_hint=ramp self_merge_completed=False self_merge_completed_age=-1.0 self_merge_committed=True lane_cmd_state=WAIT_EDGE lane_cmd_edge=34126779 lane_cmd_target=1 lane_cmd_executable=False same_lane=True reason=same_lane_cam gap=9.2 follow_spd=2.81 emergency=False target_before=4.065407562014864 target_after=3.6354075620148643 target_after_raw=2.81
obu-ramp-back-1        | [31.5] Ramp_Back role=merge state=NEGOTIATING->NEGOTIATING speed=3.89 target=3.64 neighbors=11
obu-ramp-merge-3-1     | [31.5] Ramp_Merge_3 MCM_RX_ACCEPT: from=105 manoeuvre=66 target=109
obu-main-back-left-1   | [31.6] Main_Back_Left MCM_RX_REQUEST: from=109 manoeuvre=66 target=105
obu-ramp-merge-3-1     | [31.6] Ramp_Merge_3 MERGE_LANE_APPLY_CONFIRMED: edge=1331698336 lane=0 target_lane=1 lane_count=3 executable=True
obu-main-back-left-1   | HOST_RESERVATION_EXTEND_UNTIL_CLEAR: host=Main_Back_Left ramp=109 manoeuvre=66 new_remaining=4.0 ramp_lcs=WAIT_EDGE ramp_edge=:390064918_0
obu-main-back-left-1   | HOST_RESERVATION_HOLD: host=Main_Back_Left ramp=109 manoeuvre=66 remaining=4.0 own_speed=6.83 target_speed=5.36 ramp_fsm=YIELDING ramp_lane_cmd_state=WAIT_EDGE ramp_edge=:390064918_0 ramp_lane=0 ramp_merge_completed=False ramp_merge_committed=False
obu-main-back-left-1   | [31.7] Main_Back_Left HOST_HOLD_YIELD: for merge=109 spd=5.36
obu-main-back-left-1   | [31.7] Main_Back_Left MCM_TX_ACCEPT: manoeuvre=66 target=109
obu-ramp-merge-3-1     | [31.6] Ramp_Merge_3 FINAL_GUARD: REJECTED slot-boundary sid=106 gap=6.6
obu-ramp-merge-3-1     | [31.6] Ramp_Merge_3 role=merge state=NEGOTIATING->NEGOTIATING speed=4.13 target=4.13 neighbors=11
obu-merge-car-1        | [32.1] Merge_Car role=cruise state=CRUISE->CRUISE speed=7.50 target=7.50 neighbors=11
obu-ramp-merge-3-1     | MERGE_ATTEMPT_TIMELINE: vehicle=Ramp_Merge_3 manoeuvre=66 host=105 lead=105 event=CLEAR t=32.0 edge=1331698336 lane=1 lane_cmd_state=CLEAR speed=4.11 target=4.13 dtm=3.7 lead_gap=20.49 host_gap=20.49 lead_gap_t1=20.49 lead_gap_t2=20.49 lead_gap_t3=20.49 host_gap_t1=20.49 host_gap_t2=20.49 host_gap_t3=20.49
obu-ramp-merge-3-1     | [32.0] Ramp_Merge_3 MERGE_LANE_CLEAR_CONFIRMED: edge=1331698336 lane=1 target_lane=1 lane_count=3 executable=False
obu-ramp-merge-3-1     | [32.1] Ramp_Merge_3 MCM_RX_ACCEPT: from=105 manoeuvre=66 target=109
obu-lead-car-1         | [32.1] Lead_Car role=cruise state=CRUISE->CRUISE speed=7.50 target=7.50 neighbors=11
obu-ramp-merge-3-1     | [32.2] Ramp_Merge_3 MERGE_PHYSICAL_START_DELAYED_UNTIL_LANE_APPLY: waited_s=0.0 edge=1331698336 lane=1 target_lane=1 lane_count=3 lane_cmd_state=CLEAR executable=False dtm=4.3 speed=3.21 reason=implicit_before_completed
obu-ramp-merge-3-1     | [32.2] Ramp_Merge_3 MERGE_START_GAP_DIAG: event=implicit_before_completed lead=105 host=105 lead_eta=5.497224496783166 own_eta=1.3481396279011033 host_eta=5.497224496783166 lead_gap=22.222610041525428 host_gap=22.222610041525428 lead_gap_p1=22.222610041525428 lead_gap_p2=22.222610041525428 lead_gap_p3=22.222610041525428 host_gap_p1=22.222610041525428 host_gap_p2=22.222610041525428 host_gap_p3=22.222610041525428 rel_to_lead=-3.623696179036652 rel_to_host=-3.623696179036652 lead_lat=20.197331021981658 host_lat=20.197331021981658 edge=1331698336 lane=1 lane_cmd_state=CLEAR lane_cmd_edge=1331698336 lane_cmd_target=1 lane_cmd_executable=False dtm=4.3 speed=3.21
obu-ramp-merge-3-1     | MERGE_ATTEMPT_TIMELINE: vehicle=Ramp_Merge_3 manoeuvre=66 host=105 lead=105 event=PHYSICAL_START t=32.2 edge=1331698336 lane=1 lane_cmd_state=CLEAR speed=3.21 target=6.75 dtm=4.3 lead_gap=22.22 host_gap=22.22 lead_gap_t1=22.22 lead_gap_t2=22.22 lead_gap_t3=22.22 host_gap_t1=22.22 host_gap_t2=22.22 host_gap_t3=22.22
obu-ramp-merge-3-1     | [32.2] Ramp_Merge_3 MERGE_PHYSICAL_START: host=105 manoeuvre=66
obu-ramp-merge-3-1     | [32.2] Ramp_Merge_3 MERGING!
obu-main-back-left-1   | HOST_RESERVATION_EXTEND_UNTIL_CLEAR: host=Main_Back_Left ramp=109 manoeuvre=66 new_remaining=4.0 ramp_lcs=WAIT_EDGE ramp_edge=:390064918_0
obu-main-back-left-1   | HOST_RESERVATION_HOLD: host=Main_Back_Left ramp=109 manoeuvre=66 remaining=4.0 own_speed=6.50 target_speed=5.36 ramp_fsm=NEGOTIATING ramp_lane_cmd_state=WAIT_EDGE ramp_edge=:390064918_0 ramp_lane=0 ramp_merge_completed=False ramp_merge_committed=False
obu-main-back-left-1   | [32.2] Main_Back_Left HOST_HOLD_YIELD: for merge=109 spd=5.36
obu-ramp-merge-3-1     | MERGE_ATTEMPT_TIMELINE: vehicle=Ramp_Merge_3 manoeuvre=66 host=105 lead=105 event=COMPLETED t=32.2 edge=1331698336 lane=1 lane_cmd_state=CLEAR speed=3.21 target=6.75 dtm=4.3 lead_gap=22.22 host_gap=22.22 lead_gap_t1=22.22 lead_gap_t2=22.22 lead_gap_t3=22.22 host_gap_t1=22.22 host_gap_t2=22.22 host_gap_t3=22.22
obu-ramp-merge-3-1     | [32.2] Ramp_Merge_3 MERGE_COMPLETED: eid=1331698336 lane=1 clean=True
obu-main-back-left-1   | [32.2] Main_Back_Left MCM_TX_ACCEPT: manoeuvre=66 target=109
obu-ramp-back-1        | [32.2] Ramp_Back FINAL_GUARD: REJECTED sid=111 gap=13.5 ttc_danger=False
obu-ramp-back-1        | [32.2] Ramp_Back MERGE_COMMIT_SAFETY_HOLD: lgok=True hgok=True fgok=False edge=34126779 lane=0 target_lane=1 speed=3.89 lane_cmd_state=WAIT_EDGE lane_cmd_executable=False lane_cmd_edge=34126779 lane_cmd_lane_count=1
obu-ramp-back-1        | [32.3] Ramp_Back CAR_FOLLOW: sid=111 edge=34126779 lane=0 leader_edge= leader_lane=None leader_role_hint=ramp self_merge_completed=False self_merge_completed_age=-1.0 self_merge_committed=True lane_cmd_state=WAIT_EDGE lane_cmd_edge=34126779 lane_cmd_target=1 lane_cmd_executable=False same_lane=True reason=same_lane_cam gap=8.5 follow_spd=2.62 emergency=False target_before=2.25 target_after=3.652750831091682 target_after_raw=2.62
obu-main-mid-right-1   | [32.5] Main_Mid_Right role=cruise state=CRUISE->CRUISE speed=7.50 target=7.50 neighbors=11
obu-ramp-merge-5-1     | [32.3] Ramp_Merge_5 MERGE_PREPARE_WAIT_LANE_AVAILABLE: edge=34126779 lane=0 target_lane=1 lane_count=1 executable=False dtm=30.1 speed=3.91 host=102 lead=106
obu-host-car-1         | [32.5] Host_Car role=cruise state=CRUISE->CRUISE speed=7.47 target=7.50 neighbors=11
obu-ramp-merge-5-1     | [32.4] Ramp_Merge_5 role=merge state=NEGOTIATING->NEGOTIATING speed=3.92 target=4.10 neighbors=11
obu-main-front-left-1  | [32.6] Main_Front_Left role=cruise state=CRUISE->CRUISE speed=7.47 target=7.50 neighbors=11
obu-ramp-merge-2-1     | [32.6] Ramp_Merge_2 role=cruise state=CRUISE->CRUISE speed=7.46 target=7.50 neighbors=10
obu-ramp-merge-4-1     | [32.6] Ramp_Merge_4 MERGE_PREPARE_WAIT_LANE_AVAILABLE: edge=34126779 lane=0 target_lane=1 lane_count=1 executable=False dtm=12.1 speed=3.95 host=None lead=106
obu-ramp-merge-4-1     | [32.6] Ramp_Merge_4 MERGE_COMMIT_SAFETY_HOLD: lgok=False hgok=True fgok=True edge=34126779 lane=0 target_lane=1 speed=3.95 lane_cmd_state=WAIT_EDGE lane_cmd_executable=False lane_cmd_edge=34126779 lane_cmd_lane_count=1
obu-ramp-merge-4-1     | [32.6] Ramp_Merge_4 role=merge state=NEGOTIATING->NEGOTIATING speed=3.95 target=2.25 neighbors=11
obu-ramp-merge-3-1     | [32.6] Ramp_Merge_3 role=host state=CRUISE->CRUISE speed=1.81 target=7.50 neighbors=11
obu-ramp-merge-3-1     | [32.6] Ramp_Merge_3 MCM_RX_ACCEPT: from=105 manoeuvre=66 target=109
obu-main-back-left-1   | HOST_RESERVATION_RELEASE_AFTER_CLEAR: host=Main_Back_Left ramp=109 manoeuvre=66 reason=completed ramp_fsm=CRUISE ramp_lcs=CLEAR ramp_edge=1331698336 ramp_merge_completed=True
obu-main-back-left-1   | HOST_RESERVATION_START: host=Main_Back_Left ramp=109 manoeuvre=66 until=36.6 own_speed=6.29 target_speed=6.29 required_speed=6.29 gap_eta=5.55
obu-main-back-left-1   | [32.6] Main_Back_Left HOST_RESERVED: merge=109 manoeuvre=66 until=36.6 target_spd=6.29
obu-main-back-left-1   | HOST_REQUEST_DECISION: host=Main_Back_Left ramp=109 manoeuvre=66 decision=ACCEPT reason=SAFE_OR_NOMINAL ramp_eta=1.35 host_eta=6.90 required_speed=7.17 current_speed=6.29 active_request_ramp=109 active_request_remaining=4.0 ramp_remote_edge=1331698336 ramp_remote_lane=1 ramp_remote_fsm=CRUISE
obu-ramp-back-1        | [32.6] Ramp_Back MERGE_PREPARE_WAIT_LANE_AVAILABLE: edge=34126779 lane=0 target_lane=1 lane_count=1 executable=False dtm=44.3 speed=3.89 host=101 lead=106
obu-main-back-left-1   | [32.6] Main_Back_Left MCM_TX_ACCEPT: manoeuvre=66 target=109
obu-main-back-left-1   | [32.6] Main_Back_Left role=host state=YIELDING->CRUISE speed=6.29 target=7.50 neighbors=11
obu-ramp-back-1        | [32.6] Ramp_Back role=merge state=NEGOTIATING->NEGOTIATING speed=3.89 target=4.07 neighbors=11
obu-main-back-right-1  | [32.6] Main_Back_Right role=cruise state=CRUISE->CRUISE speed=7.30 target=7.50 neighbors=11
traci-bridge-1         | LANE_CMD_STATE veh=Ramp_Merge_4 edge=34126779 lane=0 target=1 lane_count=1 recently=False speed=4.19
traci-bridge-1         | LANE_CMD_WAIT_EDGE veh=Ramp_Merge_4 edge=34126779 lane=0 target=1 lane_count=1
traci-bridge-1         | LANE_CMD_STATE veh=Ramp_Merge_5 edge=34126779 lane=0 target=1 lane_count=1 recently=False speed=3.84
traci-bridge-1         | LANE_CMD_WAIT_EDGE veh=Ramp_Merge_5 edge=34126779 lane=0 target=1 lane_count=1
traci-bridge-1         | LANE_CMD_STATE veh=Ramp_Back edge=34126779 lane=0 target=1 lane_count=1 recently=False speed=3.89
traci-bridge-1         | LANE_CMD_WAIT_EDGE veh=Ramp_Back edge=34126779 lane=0 target=1 lane_count=1
traci-bridge-1         | LANE_CMD_STATE veh=Ramp_Merge_3 edge=:390064918_0 lane=0 target=1 lane_count=1 recently=False speed=4.13
traci-bridge-1         | LANE_CMD_WAIT_EDGE veh=Ramp_Merge_3 edge=:390064918_0 lane=0 target=1 lane_count=1
traci-bridge-1         | LANE_CMD_STATE veh=Ramp_Merge_4 edge=34126779 lane=0 target=1 lane_count=1 recently=False speed=4.20
traci-bridge-1         | LANE_CMD_WAIT_EDGE veh=Ramp_Merge_4 edge=34126779 lane=0 target=1 lane_count=1
traci-bridge-1         | LANE_CMD_STATE veh=Ramp_Merge_5 edge=34126779 lane=0 target=1 lane_count=1 recently=False speed=3.85
traci-bridge-1         | LANE_CMD_WAIT_EDGE veh=Ramp_Merge_5 edge=34126779 lane=0 target=1 lane_count=1
traci-bridge-1         | LANE_CMD_STATE veh=Ramp_Back edge=34126779 lane=0 target=1 lane_count=1 recently=False speed=3.89
traci-bridge-1         | LANE_CMD_WAIT_EDGE veh=Ramp_Back edge=34126779 lane=0 target=1 lane_count=1
traci-bridge-1         | LANE_CMD_STATE veh=Ramp_Merge_3 edge=1331698336 lane=0 target=1 lane_count=3 recently=False speed=4.13
traci-bridge-1         | LANE_CMD_APPLY veh=Ramp_Merge_3 edge=1331698336 from_lane=0 target=1 duration=2.00 mode=256 speed=4.13
traci-bridge-1         | LANE_CMD_STATE veh=Ramp_Merge_4 edge=34126779 lane=0 target=1 lane_count=1 recently=False speed=4.21
traci-bridge-1         | LANE_CMD_WAIT_EDGE veh=Ramp_Merge_4 edge=34126779 lane=0 target=1 lane_count=1
traci-bridge-1         | LANE_CMD_STATE veh=Ramp_Merge_5 edge=34126779 lane=0 target=1 lane_count=1 recently=False speed=3.86
traci-bridge-1         | LANE_CMD_WAIT_EDGE veh=Ramp_Merge_5 edge=34126779 lane=0 target=1 lane_count=1
traci-bridge-1         | LANE_CMD_STATE veh=Ramp_Back edge=34126779 lane=0 target=1 lane_count=1 recently=False speed=3.88
traci-bridge-1         | LANE_CMD_WAIT_EDGE veh=Ramp_Back edge=34126779 lane=0 target=1 lane_count=1
traci-bridge-1         | LANE_CMD_STATE veh=Ramp_Merge_3 edge=1331698336 lane=0 target=1 lane_count=3 recently=True speed=4.10
traci-bridge-1         | LANE_CMD_STATE veh=Ramp_Merge_4 edge=34126779 lane=0 target=1 lane_count=1 recently=False speed=4.22
traci-bridge-1         | LANE_CMD_WAIT_EDGE veh=Ramp_Merge_4 edge=34126779 lane=0 target=1 lane_count=1
traci-bridge-1         | LANE_CMD_STATE veh=Ramp_Merge_5 edge=34126779 lane=0 target=1 lane_count=1 recently=False speed=3.87
traci-bridge-1         | LANE_CMD_WAIT_EDGE veh=Ramp_Merge_5 edge=34126779 lane=0 target=1 lane_count=1
traci-bridge-1         | LANE_CMD_STATE veh=Ramp_Back edge=34126779 lane=0 target=1 lane_count=1 recently=False speed=3.87
traci-bridge-1         | LANE_CMD_WAIT_EDGE veh=Ramp_Back edge=34126779 lane=0 target=1 lane_count=1
traci-bridge-1         | LANE_CMD_STATE veh=Ramp_Merge_3 edge=1331698336 lane=0 target=1 lane_count=3 recently=True speed=4.10
traci-bridge-1         | LANE_CMD_STATE veh=Ramp_Merge_4 edge=34126779 lane=0 target=1 lane_count=1 recently=False speed=4.23
traci-bridge-1         | LANE_CMD_WAIT_EDGE veh=Ramp_Merge_4 edge=34126779 lane=0 target=1 lane_count=1
traci-bridge-1         | LANE_CMD_STATE veh=Ramp_Merge_5 edge=34126779 lane=0 target=1 lane_count=1 recently=False speed=3.88
traci-bridge-1         | LANE_CMD_WAIT_EDGE veh=Ramp_Merge_5 edge=34126779 lane=0 target=1 lane_count=1
traci-bridge-1         | LANE_CMD_STATE veh=Ramp_Back edge=34126779 lane=0 target=1 lane_count=1 recently=False speed=3.86
traci-bridge-1         | LANE_CMD_WAIT_EDGE veh=Ramp_Back edge=34126779 lane=0 target=1 lane_count=1
traci-bridge-1         | LANE_CMD_STATE veh=Ramp_Merge_3 edge=1331698336 lane=0 target=1 lane_count=3 recently=True speed=4.11
traci-bridge-1         | LANE_CMD_STATE veh=Ramp_Merge_4 edge=34126779 lane=0 target=1 lane_count=1 recently=False speed=4.23
traci-bridge-1         | LANE_CMD_WAIT_EDGE veh=Ramp_Merge_4 edge=34126779 lane=0 target=1 lane_count=1
traci-bridge-1         | LANE_CMD_STATE veh=Ramp_Merge_5 edge=34126779 lane=0 target=1 lane_count=1 recently=False speed=3.88
traci-bridge-1         | LANE_CMD_WAIT_EDGE veh=Ramp_Merge_5 edge=34126779 lane=0 target=1 lane_count=1
traci-bridge-1         | LANE_CMD_STATE veh=Ramp_Back edge=34126779 lane=0 target=1 lane_count=1 recently=False speed=3.87
traci-bridge-1         | LANE_CMD_WAIT_EDGE veh=Ramp_Back edge=34126779 lane=0 target=1 lane_count=1
traci-bridge-1         | LANE_CMD_STATE veh=Ramp_Merge_3 edge=1331698336 lane=1 target=1 lane_count=3 recently=True speed=4.11
traci-bridge-1         | LANE_CMD_CLEAR veh=Ramp_Merge_3 edge=1331698336 target=1
traci-bridge-1         | LANE_CMD_STATE veh=Ramp_Merge_4 edge=34126779 lane=0 target=1 lane_count=1 recently=False speed=4.24
traci-bridge-1         | LANE_CMD_WAIT_EDGE veh=Ramp_Merge_4 edge=34126779 lane=0 target=1 lane_count=1
traci-bridge-1         | LANE_CMD_STATE veh=Ramp_Merge_5 edge=34126779 lane=0 target=1 lane_count=1 recently=False speed=3.89
traci-bridge-1         | LANE_CMD_WAIT_EDGE veh=Ramp_Merge_5 edge=34126779 lane=0 target=1 lane_count=1
traci-bridge-1         | LANE_CMD_STATE veh=Ramp_Back edge=34126779 lane=0 target=1 lane_count=1 recently=False speed=3.88
traci-bridge-1         | LANE_CMD_WAIT_EDGE veh=Ramp_Back edge=34126779 lane=0 target=1 lane_count=1
traci-bridge-1         | LANE_CMD_STATE veh=Ramp_Merge_4 edge=34126779 lane=0 target=1 lane_count=1 recently=False speed=4.25
traci-bridge-1         | LANE_CMD_WAIT_EDGE veh=Ramp_Merge_4 edge=34126779 lane=0 target=1 lane_count=1
traci-bridge-1         | LANE_CMD_STATE veh=Ramp_Merge_5 edge=34126779 lane=0 target=1 lane_count=1 recently=False speed=3.90
traci-bridge-1         | LANE_CMD_WAIT_EDGE veh=Ramp_Merge_5 edge=34126779 lane=0 target=1 lane_count=1
traci-bridge-1         | LANE_CMD_STATE veh=Ramp_Back edge=34126779 lane=0 target=1 lane_count=1 recently=False speed=3.89
traci-bridge-1         | LANE_CMD_WAIT_EDGE veh=Ramp_Back edge=34126779 lane=0 target=1 lane_count=1
traci-bridge-1         | LANE_CMD_STATE veh=Ramp_Merge_4 edge=34126779 lane=0 target=1 lane_count=1 recently=False speed=4.25
traci-bridge-1         | LANE_CMD_WAIT_EDGE veh=Ramp_Merge_4 edge=34126779 lane=0 target=1 lane_count=1
traci-bridge-1         | LANE_CMD_STATE veh=Ramp_Merge_5 edge=34126779 lane=0 target=1 lane_count=1 recently=False speed=3.91
traci-bridge-1         | LANE_CMD_WAIT_EDGE veh=Ramp_Merge_5 edge=34126779 lane=0 target=1 lane_count=1
traci-bridge-1         | LANE_CMD_STATE veh=Ramp_Back edge=34126779 lane=0 target=1 lane_count=1 recently=False speed=3.89
traci-bridge-1         | LANE_CMD_WAIT_EDGE veh=Ramp_Back edge=34126779 lane=0 target=1 lane_count=1
traci-bridge-1         | LANE_CMD_STATE veh=Ramp_Merge_4 edge=34126779 lane=0 target=1 lane_count=1 recently=False speed=4.26
traci-bridge-1         | LANE_CMD_WAIT_EDGE veh=Ramp_Merge_4 edge=34126779 lane=0 target=1 lane_count=1
traci-bridge-1         | LANE_CMD_STATE veh=Ramp_Merge_5 edge=34126779 lane=0 target=1 lane_count=1 recently=False speed=3.91
traci-bridge-1         | LANE_CMD_WAIT_EDGE veh=Ramp_Merge_5 edge=34126779 lane=0 target=1 lane_count=1
traci-bridge-1         | LANE_CMD_STATE veh=Ramp_Back edge=34126779 lane=0 target=1 lane_count=1 recently=False speed=3.90
traci-bridge-1         | LANE_CMD_WAIT_EDGE veh=Ramp_Back edge=34126779 lane=0 target=1 lane_count=1
traci-bridge-1         | LANE_CMD_STATE veh=Ramp_Merge_4 edge=34126779 lane=0 target=1 lane_count=1 recently=False speed=4.27
traci-bridge-1         | LANE_CMD_WAIT_EDGE veh=Ramp_Merge_4 edge=34126779 lane=0 target=1 lane_count=1
traci-bridge-1         | LANE_CMD_STATE veh=Ramp_Merge_5 edge=34126779 lane=0 target=1 lane_count=1 recently=False speed=3.92
traci-bridge-1         | LANE_CMD_WAIT_EDGE veh=Ramp_Merge_5 edge=34126779 lane=0 target=1 lane_count=1
traci-bridge-1         | LANE_CMD_STATE veh=Ramp_Back edge=34126779 lane=0 target=1 lane_count=1 recently=False speed=3.91
traci-bridge-1         | LANE_CMD_WAIT_EDGE veh=Ramp_Back edge=34126779 lane=0 target=1 lane_count=1
traci-bridge-1         | LANE_CMD_STATE veh=Ramp_Merge_4 edge=34126779 lane=0 target=1 lane_count=1 recently=False speed=3.92
traci-bridge-1         | LANE_CMD_WAIT_EDGE veh=Ramp_Merge_4 edge=34126779 lane=0 target=1 lane_count=1
traci-bridge-1         | LANE_CMD_STATE veh=Ramp_Merge_5 edge=34126779 lane=0 target=1 lane_count=1 recently=False speed=3.93
traci-bridge-1         | LANE_CMD_WAIT_EDGE veh=Ramp_Merge_5 edge=34126779 lane=0 target=1 lane_count=1
traci-bridge-1         | LANE_CMD_STATE veh=Ramp_Back edge=34126779 lane=0 target=1 lane_count=1 recently=False speed=3.90
traci-bridge-1         | LANE_CMD_WAIT_EDGE veh=Ramp_Back edge=34126779 lane=0 target=1 lane_count=1
traci-bridge-1         | LANE_CMD_STATE veh=Ramp_Merge_4 edge=34126779 lane=0 target=1 lane_count=1 recently=False speed=3.95
traci-bridge-1         | LANE_CMD_WAIT_EDGE veh=Ramp_Merge_4 edge=34126779 lane=0 target=1 lane_count=1
traci-bridge-1         | LANE_CMD_STATE veh=Ramp_Merge_5 edge=34126779 lane=0 target=1 lane_count=1 recently=False speed=3.93
traci-bridge-1         | LANE_CMD_WAIT_EDGE veh=Ramp_Merge_5 edge=34126779 lane=0 target=1 lane_count=1
traci-bridge-1         | LANE_CMD_STATE veh=Ramp_Back edge=34126779 lane=0 target=1 lane_count=1 recently=False speed=3.89
traci-bridge-1         | LANE_CMD_WAIT_EDGE veh=Ramp_Back edge=34126779 lane=0 target=1 lane_count=1
traci-bridge-1         | LANE_CMD_STATE veh=Ramp_Merge_4 edge=34126779 lane=0 target=1 lane_count=1 recently=False speed=3.64
traci-bridge-1         | LANE_CMD_WAIT_EDGE veh=Ramp_Merge_4 edge=34126779 lane=0 target=1 lane_count=1
traci-bridge-1         | LANE_CMD_STATE veh=Ramp_Merge_5 edge=34126779 lane=0 target=1 lane_count=1 recently=False speed=3.94
traci-bridge-1         | LANE_CMD_WAIT_EDGE veh=Ramp_Merge_5 edge=34126779 lane=0 target=1 lane_count=1
obu-main-back-left-1   | HOST_RESERVATION_RELEASE_AFTER_CLEAR: host=Main_Back_Left ramp=109 manoeuvre=66 reason=completed ramp_fsm=CRUISE ramp_lcs=CLEAR ramp_edge=1331698336 ramp_merge_completed=True
obu-merge-car-1        | [33.1] Merge_Car role=cruise state=CRUISE->CRUISE speed=7.50 target=7.50 neighbors=11
obu-ramp-merge-4-1     | [33.0] Ramp_Merge_4 FINAL_GUARD: REJECTED sid=109 gap=14.0 ttc_danger=False
obu-ramp-merge-4-1     | [33.0] Ramp_Merge_4 MERGE_COMMIT_SAFETY_HOLD: lgok=True hgok=True fgok=False edge=34126779 lane=0 target_lane=1 speed=2.94 lane_cmd_state=WAIT_EDGE lane_cmd_executable=False lane_cmd_edge=34126779 lane_cmd_lane_count=1
obu-ramp-merge-4-1     | [33.0] Ramp_Merge_4 CAR_FOLLOW: sid=109 edge=34126779 lane=0 leader_edge= leader_lane=None leader_role_hint=ramp self_merge_completed=False self_merge_completed_age=-1.0 self_merge_committed=True lane_cmd_state=WAIT_EDGE lane_cmd_edge=34126779 lane_cmd_target=1 lane_cmd_executable=False same_lane=True reason=same_lane_cam gap=9.3 follow_spd=2.62 emergency=False target_before=2.25 target_after=2.6860076939235356 target_after_raw=2.62
obu-ramp-back-1        | [33.1] Ramp_Back FINAL_GUARD: REJECTED sid=111 gap=13.9 ttc_danger=False
obu-ramp-back-1        | [33.1] Ramp_Back MERGE_COMMIT_SAFETY_HOLD: lgok=True hgok=True fgok=False edge=34126779 lane=0 target_lane=1 speed=3.91 lane_cmd_state=WAIT_EDGE lane_cmd_executable=False lane_cmd_edge=34126779 lane_cmd_lane_count=1
obu-ramp-merge-3-1     | [33.1] Ramp_Merge_3 MCM_RX_ACCEPT: from=105 manoeuvre=66 target=109
obu-lead-car-1         | [33.1] Lead_Car role=cruise state=CRUISE->CRUISE speed=7.50 target=7.50 neighbors=11
obu-ramp-merge-4-1     | [33.1] Ramp_Merge_4 FINAL_GUARD: REJECTED sid=109 gap=14.6 ttc_danger=False
obu-ramp-merge-4-1     | [33.1] Ramp_Merge_4 MERGE_COMMIT_SAFETY_HOLD: lgok=True hgok=True fgok=False edge=34126779 lane=0 target_lane=1 speed=2.76 lane_cmd_state=WAIT_EDGE lane_cmd_executable=False lane_cmd_edge=34126779 lane_cmd_lane_count=1
obu-ramp-merge-4-1     | [33.3] Ramp_Merge_4 FINAL_GUARD: REJECTED sid=109 gap=14.0 ttc_danger=False
obu-ramp-merge-4-1     | [33.3] Ramp_Merge_4 MERGE_COMMIT_SAFETY_HOLD: lgok=True hgok=True fgok=False edge=34126779 lane=0 target_lane=1 speed=2.58 lane_cmd_state=WAIT_EDGE lane_cmd_executable=False lane_cmd_edge=34126779 lane_cmd_lane_count=1
obu-ramp-merge-4-1     | [33.4] Ramp_Merge_4 FINAL_GUARD: REJECTED sid=109 gap=13.8 ttc_danger=False
obu-ramp-merge-4-1     | [33.4] Ramp_Merge_4 MERGE_COMMIT_SAFETY_HOLD: lgok=True hgok=True fgok=False edge=34126779 lane=0 target_lane=1 speed=2.57 lane_cmd_state=WAIT_EDGE lane_cmd_executable=False lane_cmd_edge=34126779 lane_cmd_lane_count=1
obu-host-car-1         | [33.5] Host_Car role=cruise state=CRUISE->CRUISE speed=7.48 target=7.50 neighbors=11
obu-ramp-merge-4-1     | [33.5] Ramp_Merge_4 FINAL_GUARD: REJECTED sid=109 gap=13.5 ttc_danger=False
obu-ramp-merge-4-1     | [33.5] Ramp_Merge_4 MERGE_COMMIT_SAFETY_HOLD: lgok=True hgok=True fgok=False edge=34126779 lane=0 target_lane=1 speed=2.55 lane_cmd_state=WAIT_EDGE lane_cmd_executable=False lane_cmd_edge=34126779 lane_cmd_lane_count=1
obu-main-back-right-1  | [33.7] Main_Back_Right role=cruise state=CRUISE->CRUISE speed=7.39 target=7.50 neighbors=9
obu-ramp-merge-2-1     | [33.7] Ramp_Merge_2 role=cruise state=CRUISE->CRUISE speed=7.48 target=7.50 neighbors=11
obu-ramp-merge-3-1     | [33.6] Ramp_Merge_3 role=host state=CRUISE->CRUISE speed=1.81 target=7.50 neighbors=11
obu-main-back-left-1   | [33.7] Main_Back_Left role=cruise state=CRUISE->CRUISE speed=6.68 target=7.50 neighbors=11
obu-ramp-merge-4-1     | [33.7] Ramp_Merge_4 MERGE_PREPARE_WAIT_LANE_AVAILABLE: edge=34126779 lane=0 target_lane=1 lane_count=1 executable=False dtm=9.3 speed=2.52 host=None lead=106
obu-ramp-merge-4-1     | [33.7] Ramp_Merge_4 FINAL_GUARD: REJECTED slot-boundary ETA sid=106
obu-ramp-merge-4-1     | [33.7] Ramp_Merge_4 MERGE_COMMIT_SAFETY_HOLD: lgok=False hgok=True fgok=False edge=34126779 lane=0 target_lane=1 speed=2.52 lane_cmd_state=WAIT_EDGE lane_cmd_executable=False lane_cmd_edge=34126779 lane_cmd_lane_count=1
obu-ramp-back-1        | [33.7] Ramp_Back MERGE_PREPARE_WAIT_LANE_AVAILABLE: edge=34126779 lane=0 target_lane=1 lane_count=1 executable=False dtm=40.3 speed=3.61 host=101 lead=106
obu-ramp-merge-4-1     | [33.7] Ramp_Merge_4 role=merge state=NEGOTIATING->NEGOTIATING speed=2.52 target=2.25 neighbors=11
obu-ramp-back-1        | [33.7] Ramp_Back role=merge state=NEGOTIATING->NEGOTIATING speed=3.61 target=3.79 neighbors=11
obu-main-mid-right-1   | [33.7] Main_Mid_Right role=cruise state=CRUISE->CRUISE speed=7.50 target=7.50 neighbors=11
obu-main-front-left-1  | [33.8] Main_Front_Left role=cruise state=CRUISE->CRUISE speed=7.48 target=7.50 neighbors=11
obu-ramp-merge-5-1     | [33.7] Ramp_Merge_5 MERGE_PREPARE_WAIT_LANE_AVAILABLE: edge=34126779 lane=0 target_lane=1 lane_count=1 executable=False dtm=24.6 speed=4.02 host=102 lead=106
obu-ramp-merge-5-1     | [33.7] Ramp_Merge_5 role=merge state=NEGOTIATING->NEGOTIATING speed=4.02 target=4.20 neighbors=11
traci-bridge-1         | LANE_CMD_STATE veh=Ramp_Back edge=34126779 lane=0 target=1 lane_count=1 recently=False speed=3.87
traci-bridge-1         | LANE_CMD_WAIT_EDGE veh=Ramp_Back edge=34126779 lane=0 target=1 lane_count=1
traci-bridge-1         | LANE_CMD_STATE veh=Ramp_Merge_4 edge=34126779 lane=0 target=1 lane_count=1 recently=False speed=3.38
traci-bridge-1         | LANE_CMD_WAIT_EDGE veh=Ramp_Merge_4 edge=34126779 lane=0 target=1 lane_count=1
traci-bridge-1         | LANE_CMD_STATE veh=Ramp_Merge_5 edge=34126779 lane=0 target=1 lane_count=1 recently=False speed=3.95
traci-bridge-1         | LANE_CMD_WAIT_EDGE veh=Ramp_Merge_5 edge=34126779 lane=0 target=1 lane_count=1
traci-bridge-1         | LANE_CMD_STATE veh=Ramp_Back edge=34126779 lane=0 target=1 lane_count=1 recently=False speed=3.88
traci-bridge-1         | LANE_CMD_WAIT_EDGE veh=Ramp_Back edge=34126779 lane=0 target=1 lane_count=1
traci-bridge-1         | LANE_CMD_STATE veh=Ramp_Merge_4 edge=34126779 lane=0 target=1 lane_count=1 recently=False speed=3.14
traci-bridge-1         | LANE_CMD_WAIT_EDGE veh=Ramp_Merge_4 edge=34126779 lane=0 target=1 lane_count=1
traci-bridge-1         | LANE_CMD_STATE veh=Ramp_Merge_5 edge=34126779 lane=0 target=1 lane_count=1 recently=False speed=3.96
traci-bridge-1         | LANE_CMD_WAIT_EDGE veh=Ramp_Merge_5 edge=34126779 lane=0 target=1 lane_count=1
traci-bridge-1         | LANE_CMD_STATE veh=Ramp_Back edge=34126779 lane=0 target=1 lane_count=1 recently=False speed=3.89
traci-bridge-1         | LANE_CMD_WAIT_EDGE veh=Ramp_Back edge=34126779 lane=0 target=1 lane_count=1
traci-bridge-1         | LANE_CMD_STATE veh=Ramp_Merge_4 edge=34126779 lane=0 target=1 lane_count=1 recently=False speed=2.94
traci-bridge-1         | LANE_CMD_WAIT_EDGE veh=Ramp_Merge_4 edge=34126779 lane=0 target=1 lane_count=1
traci-bridge-1         | LANE_CMD_STATE veh=Ramp_Merge_5 edge=34126779 lane=0 target=1 lane_count=1 recently=False speed=3.97
traci-bridge-1         | LANE_CMD_WAIT_EDGE veh=Ramp_Merge_5 edge=34126779 lane=0 target=1 lane_count=1
traci-bridge-1         | LANE_CMD_STATE veh=Ramp_Back edge=34126779 lane=0 target=1 lane_count=1 recently=False speed=3.90
traci-bridge-1         | LANE_CMD_WAIT_EDGE veh=Ramp_Back edge=34126779 lane=0 target=1 lane_count=1
traci-bridge-1         | LANE_CMD_STATE veh=Ramp_Merge_4 edge=34126779 lane=0 target=1 lane_count=1 recently=False speed=2.76
traci-bridge-1         | LANE_CMD_WAIT_EDGE veh=Ramp_Merge_4 edge=34126779 lane=0 target=1 lane_count=1
traci-bridge-1         | LANE_CMD_STATE veh=Ramp_Merge_5 edge=34126779 lane=0 target=1 lane_count=1 recently=False speed=3.98
traci-bridge-1         | LANE_CMD_WAIT_EDGE veh=Ramp_Merge_5 edge=34126779 lane=0 target=1 lane_count=1
traci-bridge-1         | LANE_CMD_STATE veh=Ramp_Back edge=34126779 lane=0 target=1 lane_count=1 recently=False speed=3.91
traci-bridge-1         | LANE_CMD_WAIT_EDGE veh=Ramp_Back edge=34126779 lane=0 target=1 lane_count=1
traci-bridge-1         | LANE_CMD_STATE veh=Ramp_Merge_4 edge=34126779 lane=0 target=1 lane_count=1 recently=False speed=2.60
traci-bridge-1         | LANE_CMD_WAIT_EDGE veh=Ramp_Merge_4 edge=34126779 lane=0 target=1 lane_count=1
traci-bridge-1         | LANE_CMD_STATE veh=Ramp_Merge_5 edge=34126779 lane=0 target=1 lane_count=1 recently=False speed=3.98
traci-bridge-1         | LANE_CMD_WAIT_EDGE veh=Ramp_Merge_5 edge=34126779 lane=0 target=1 lane_count=1
traci-bridge-1         | LANE_CMD_STATE veh=Ramp_Back edge=34126779 lane=0 target=1 lane_count=1 recently=False speed=3.92
traci-bridge-1         | LANE_CMD_WAIT_EDGE veh=Ramp_Back edge=34126779 lane=0 target=1 lane_count=1
traci-bridge-1         | LANE_CMD_STATE veh=Ramp_Merge_4 edge=34126779 lane=0 target=1 lane_count=1 recently=False speed=2.58
traci-bridge-1         | LANE_CMD_WAIT_EDGE veh=Ramp_Merge_4 edge=34126779 lane=0 target=1 lane_count=1
traci-bridge-1         | LANE_CMD_STATE veh=Ramp_Merge_5 edge=34126779 lane=0 target=1 lane_count=1 recently=False speed=3.99
traci-bridge-1         | LANE_CMD_WAIT_EDGE veh=Ramp_Merge_5 edge=34126779 lane=0 target=1 lane_count=1
traci-bridge-1         | LANE_CMD_STATE veh=Ramp_Back edge=34126779 lane=0 target=1 lane_count=1 recently=False speed=3.92
traci-bridge-1         | LANE_CMD_WAIT_EDGE veh=Ramp_Back edge=34126779 lane=0 target=1 lane_count=1
traci-bridge-1         | LANE_CMD_STATE veh=Ramp_Merge_4 edge=34126779 lane=0 target=1 lane_count=1 recently=False speed=2.57
traci-bridge-1         | LANE_CMD_WAIT_EDGE veh=Ramp_Merge_4 edge=34126779 lane=0 target=1 lane_count=1
traci-bridge-1         | LANE_CMD_STATE veh=Ramp_Merge_5 edge=34126779 lane=0 target=1 lane_count=1 recently=False speed=4.00
traci-bridge-1         | LANE_CMD_WAIT_EDGE veh=Ramp_Merge_5 edge=34126779 lane=0 target=1 lane_count=1
traci-bridge-1         | LANE_CMD_STATE veh=Ramp_Back edge=34126779 lane=0 target=1 lane_count=1 recently=False speed=3.84
traci-bridge-1         | LANE_CMD_WAIT_EDGE veh=Ramp_Back edge=34126779 lane=0 target=1 lane_count=1
traci-bridge-1         | LANE_CMD_STATE veh=Ramp_Merge_4 edge=34126779 lane=0 target=1 lane_count=1 recently=False speed=2.55
traci-bridge-1         | LANE_CMD_WAIT_EDGE veh=Ramp_Merge_4 edge=34126779 lane=0 target=1 lane_count=1
traci-bridge-1         | LANE_CMD_STATE veh=Ramp_Merge_5 edge=34126779 lane=0 target=1 lane_count=1 recently=False speed=4.01
traci-bridge-1         | LANE_CMD_WAIT_EDGE veh=Ramp_Merge_5 edge=34126779 lane=0 target=1 lane_count=1
traci-bridge-1         | LANE_CMD_STATE veh=Ramp_Back edge=34126779 lane=0 target=1 lane_count=1 recently=False speed=3.76
traci-bridge-1         | LANE_CMD_WAIT_EDGE veh=Ramp_Back edge=34126779 lane=0 target=1 lane_count=1
traci-bridge-1         | LANE_CMD_STATE veh=Ramp_Merge_4 edge=34126779 lane=0 target=1 lane_count=1 recently=False speed=2.53
traci-bridge-1         | LANE_CMD_WAIT_EDGE veh=Ramp_Merge_4 edge=34126779 lane=0 target=1 lane_count=1
traci-bridge-1         | LANE_CMD_STATE veh=Ramp_Merge_5 edge=34126779 lane=0 target=1 lane_count=1 recently=False speed=4.02
traci-bridge-1         | LANE_CMD_WAIT_EDGE veh=Ramp_Merge_5 edge=34126779 lane=0 target=1 lane_count=1
traci-bridge-1         | LANE_CMD_STATE veh=Ramp_Back edge=34126779 lane=0 target=1 lane_count=1 recently=False speed=3.68
traci-bridge-1         | LANE_CMD_WAIT_EDGE veh=Ramp_Back edge=34126779 lane=0 target=1 lane_count=1
traci-bridge-1         | LANE_CMD_STATE veh=Ramp_Merge_4 edge=34126779 lane=0 target=1 lane_count=1 recently=False speed=2.52
traci-bridge-1         | LANE_CMD_WAIT_EDGE veh=Ramp_Merge_4 edge=34126779 lane=0 target=1 lane_count=1
traci-bridge-1         | LANE_CMD_STATE veh=Ramp_Merge_5 edge=34126779 lane=0 target=1 lane_count=1 recently=False speed=4.02
traci-bridge-1         | LANE_CMD_WAIT_EDGE veh=Ramp_Merge_5 edge=34126779 lane=0 target=1 lane_count=1
traci-bridge-1         | LANE_CMD_STATE veh=Ramp_Back edge=34126779 lane=0 target=1 lane_count=1 recently=False speed=3.61
traci-bridge-1         | LANE_CMD_WAIT_EDGE veh=Ramp_Back edge=34126779 lane=0 target=1 lane_count=1
traci-bridge-1         | LANE_CMD_STATE veh=Ramp_Merge_4 edge=34126779 lane=0 target=1 lane_count=1 recently=False speed=2.51
traci-bridge-1         | LANE_CMD_WAIT_EDGE veh=Ramp_Merge_4 edge=34126779 lane=0 target=1 lane_count=1
traci-bridge-1         | LANE_CMD_STATE veh=Ramp_Merge_5 edge=34126779 lane=0 target=1 lane_count=1 recently=False speed=3.73
traci-bridge-1         | LANE_CMD_WAIT_EDGE veh=Ramp_Merge_5 edge=34126779 lane=0 target=1 lane_count=1
traci-bridge-1         | LANE_CMD_STATE veh=Ramp_Back edge=34126779 lane=0 target=1 lane_count=1 recently=False speed=3.54
traci-bridge-1         | LANE_CMD_WAIT_EDGE veh=Ramp_Back edge=34126779 lane=0 target=1 lane_count=1
traci-bridge-1         | LANE_CMD_STATE veh=Ramp_Merge_4 edge=34126779 lane=0 target=1 lane_count=1 recently=False speed=2.49
traci-bridge-1         | LANE_CMD_WAIT_EDGE veh=Ramp_Merge_4 edge=34126779 lane=0 target=1 lane_count=1
traci-bridge-1         | LANE_CMD_STATE veh=Ramp_Merge_5 edge=34126779 lane=0 target=1 lane_count=1 recently=False speed=3.48
traci-bridge-1         | LANE_CMD_WAIT_EDGE veh=Ramp_Merge_5 edge=34126779 lane=0 target=1 lane_count=1
traci-bridge-1         | LANE_CMD_STATE veh=Ramp_Back edge=34126779 lane=0 target=1 lane_count=1 recently=False speed=3.56
traci-bridge-1         | LANE_CMD_WAIT_EDGE veh=Ramp_Back edge=34126779 lane=0 target=1 lane_count=1
traci-bridge-1         | LANE_CMD_STATE veh=Ramp_Merge_4 edge=34126779 lane=0 target=1 lane_count=1 recently=False speed=2.48
traci-bridge-1         | LANE_CMD_WAIT_EDGE veh=Ramp_Merge_4 edge=34126779 lane=0 target=1 lane_count=1
traci-bridge-1         | LANE_CMD_STATE veh=Ramp_Merge_5 edge=34126779 lane=0 target=1 lane_count=1 recently=False speed=3.52
traci-bridge-1         | LANE_CMD_WAIT_EDGE veh=Ramp_Merge_5 edge=34126779 lane=0 target=1 lane_count=1
traci-bridge-1         | LANE_CMD_STATE veh=Ramp_Back edge=34126779 lane=0 target=1 lane_count=1 recently=False speed=3.57
traci-bridge-1         | LANE_CMD_WAIT_EDGE veh=Ramp_Back edge=34126779 lane=0 target=1 lane_count=1
traci-bridge-1         | LANE_CMD_STATE veh=Ramp_Merge_4 edge=34126779 lane=0 target=1 lane_count=1 recently=False speed=2.47
traci-bridge-1         | LANE_CMD_WAIT_EDGE veh=Ramp_Merge_4 edge=34126779 lane=0 target=1 lane_count=1
traci-bridge-1         | LANE_CMD_STATE veh=Ramp_Merge_5 edge=34126779 lane=0 target=1 lane_count=1 recently=False speed=3.29
traci-bridge-1         | LANE_CMD_WAIT_EDGE veh=Ramp_Merge_5 edge=34126779 lane=0 target=1 lane_count=1
traci-bridge-1         | LANE_CMD_STATE veh=Ramp_Back edge=34126779 lane=0 target=1 lane_count=1 recently=False speed=3.58
traci-bridge-1         | LANE_CMD_WAIT_EDGE veh=Ramp_Back edge=34126779 lane=0 target=1 lane_count=1
traci-bridge-1         | LANE_CMD_STATE veh=Ramp_Merge_4 edge=34126779 lane=0 target=1 lane_count=1 recently=False speed=2.46
traci-bridge-1         | LANE_CMD_WAIT_EDGE veh=Ramp_Merge_4 edge=34126779 lane=0 target=1 lane_count=1
traci-bridge-1         | LANE_CMD_STATE veh=Ramp_Merge_5 edge=34126779 lane=0 target=1 lane_count=1 recently=False speed=3.09
traci-bridge-1         | LANE_CMD_WAIT_EDGE veh=Ramp_Merge_5 edge=34126779 lane=0 target=1 lane_count=1
traci-bridge-1         | LANE_CMD_STATE veh=Ramp_Back edge=34126779 lane=0 target=1 lane_count=1 recently=False speed=3.59
traci-bridge-1         | LANE_CMD_WAIT_EDGE veh=Ramp_Back edge=34126779 lane=0 target=1 lane_count=1
obu-lead-car-1         | [34.3] Lead_Car role=cruise state=CRUISE->CRUISE speed=7.50 target=7.50 neighbors=11
obu-merge-car-1        | [34.3] Merge_Car role=cruise state=CRUISE->CRUISE speed=7.50 target=7.50 neighbors=11
obu-ramp-merge-4-1     | [34.3] Ramp_Merge_4 FINAL_GUARD: REJECTED slot-boundary ETA sid=106
obu-ramp-merge-4-1     | [34.3] Ramp_Merge_4 MERGE_COMMIT_SAFETY_HOLD: lgok=False hgok=True fgok=False edge=34126779 lane=0 target_lane=1 speed=2.45 lane_cmd_state=WAIT_EDGE lane_cmd_executable=False lane_cmd_edge=34126779 lane_cmd_lane_count=1
obu-ramp-back-1        | [34.3] Ramp_Back CAR_FOLLOW: sid=111 edge=34126779 lane=0 leader_edge= leader_lane=None leader_role_hint=ramp self_merge_completed=False self_merge_completed_age=-1.0 self_merge_committed=True lane_cmd_state=WAIT_EDGE lane_cmd_edge=34126779 lane_cmd_target=1 lane_cmd_executable=False same_lane=True reason=same_lane_cam gap=9.3 follow_spd=2.82 emergency=False target_before=3.77986318054815 target_after=3.34986318054815 target_after_raw=2.82
obu-ramp-merge-2-1     | [34.7] Ramp_Merge_2 role=cruise state=CRUISE->CRUISE speed=7.49 target=7.50 neighbors=11
obu-main-back-left-1   | [34.8] Main_Back_Left role=cruise state=CRUISE->CRUISE speed=7.03 target=7.50 neighbors=8
obu-main-front-left-1  | [34.8] Main_Front_Left role=cruise state=CRUISE->CRUISE speed=7.49 target=7.50 neighbors=11
obu-ramp-merge-5-1     | [34.7] Ramp_Merge_5 MERGE_PREPARE_WAIT_LANE_AVAILABLE: edge=34126779 lane=0 target_lane=1 lane_count=1 executable=False dtm=21.4 speed=2.69 host=102 lead=106
obu-ramp-merge-5-1     | [34.7] Ramp_Merge_5 role=merge state=NEGOTIATING->NEGOTIATING speed=2.69 target=2.87 neighbors=9
obu-host-car-1         | [34.8] Host_Car role=cruise state=CRUISE->CRUISE speed=7.49 target=7.50 neighbors=11
obu-ramp-merge-3-1     | [34.8] Ramp_Merge_3 role=cruise state=CRUISE->CRUISE speed=4.16 target=7.50 neighbors=11
obu-ramp-back-1        | [34.7] Ramp_Back MERGE_PREPARE_WAIT_LANE_AVAILABLE: edge=34126779 lane=0 target_lane=1 lane_count=1 executable=False dtm=36.8 speed=3.57 host=101 lead=106
obu-ramp-back-1        | [34.7] Ramp_Back role=merge state=NEGOTIATING->NEGOTIATING speed=3.57 target=3.75 neighbors=11
obu-ramp-merge-4-1     | [34.8] Ramp_Merge_4 MERGE_PREPARE_WAIT_LANE_AVAILABLE: edge=34126779 lane=0 target_lane=1 lane_count=1 executable=False dtm=7.1 speed=2.40 host=None lead=106
obu-ramp-merge-4-1     | [34.8] Ramp_Merge_4 FINAL_GUARD: REJECTED slot-boundary ETA sid=106
obu-ramp-merge-4-1     | [34.8] Ramp_Merge_4 MERGE_COMMIT_SAFETY_HOLD: lgok=False hgok=True fgok=False edge=34126779 lane=0 target_lane=1 speed=2.40 lane_cmd_state=WAIT_EDGE lane_cmd_executable=False lane_cmd_edge=34126779 lane_cmd_lane_count=1
obu-ramp-merge-4-1     | [34.8] Ramp_Merge_4 role=merge state=NEGOTIATING->NEGOTIATING speed=2.40 target=2.25 neighbors=11
obu-main-mid-right-1   | [34.8] Main_Mid_Right role=cruise state=CRUISE->CRUISE speed=7.50 target=7.50 neighbors=11
obu-main-back-right-1  | [34.8] Main_Back_Right role=cruise state=CRUISE->CRUISE speed=7.43 target=7.50 neighbors=11
obu-merge-car-1        | [35.3] Merge_Car role=cruise state=CRUISE->CRUISE speed=7.50 target=7.50 neighbors=11
obu-ramp-back-1        | [35.4] Ramp_Back CAR_FOLLOW: sid=111 edge=34126779 lane=0 leader_edge= leader_lane=None leader_role_hint=ramp self_merge_completed=False self_merge_completed_age=-1.0 self_merge_committed=True lane_cmd_state=WAIT_EDGE lane_cmd_edge=34126779 lane_cmd_target=1 lane_cmd_executable=False same_lane=True reason=same_lane_cam gap=8.7 follow_spd=2.62 emergency=False target_before=3.0537910091133273 target_after=2.625 target_after_raw=2.62
obu-ramp-merge-4-1     | [35.4] Ramp_Merge_4 FINAL_GUARD: REJECTED sid=109 gap=14.2 ttc_danger=False
obu-ramp-merge-4-1     | MERGE_ATTEMPT_TIMELINE: vehicle=Ramp_Merge_4 manoeuvre=97 host=None lead=106 event=ABORT_SAFETY_HOLD t=35.4 edge=34126779 lane=0 lane_cmd_state=WAIT_EDGE speed=2.36 target=6.75 dtm=6.1 lead_gap=33.75 host_gap= lead_gap_t1=33.75 lead_gap_t2=33.75 lead_gap_t3=33.75 host_gap_t1= host_gap_t2= host_gap_t3=
obu-ramp-merge-4-1     | [35.4] Ramp_Merge_4 MERGE_COMMIT_ABORT_SAFETY_HOLD: lgok=False hgok=True fgok=False edge=34126779 lane=0 target_lane=1 speed=2.36 lane_cmd_state=WAIT_EDGE lane_cmd_executable=False lane_cmd_edge=34126779 lane_cmd_lane_count=1
obu-lead-car-1         | [35.5] Lead_Car role=cruise state=CRUISE->CRUISE speed=7.50 target=7.50 neighbors=11
obu-ramp-back-1        | [35.5] Ramp_Back CAR_FOLLOW: sid=111 edge=34126779 lane=0 leader_edge= leader_lane=None leader_role_hint=ramp self_merge_completed=False self_merge_completed_age=-1.0 self_merge_committed=True lane_cmd_state=WAIT_EDGE lane_cmd_edge=34126779 lane_cmd_target=1 lane_cmd_executable=False same_lane=True reason=same_lane_cam gap=8.4 follow_spd=2.62 emergency=False target_before=3.097723277752574 target_after=2.667723277752574 target_after_raw=2.62
obu-ramp-merge-4-1     | MERGE_SLOT_QUALITY_DIAG: vehicle=Ramp_Merge_4 event=REQUEST_NEW t=35.5 manoeuvre=98 source=new_request lead=None host=108 own_eta=2.54 lead_eta=None host_eta=11.04 min_eta=None max_eta=9.54 desired_eta=2.54 gap_possible=True dtm=6.0 edge=34126779 lane=0 speed=2.36 lead_speed=None host_speed=7.48 lead_gap=None host_gap=81.35 lead_gap_t1=None lead_gap_t2=None lead_gap_t3=None host_gap_t1=81.35 host_gap_t2=81.35 host_gap_t3=81.35 rel_to_lead=None rel_to_host=-5.12 lead_lat=None host_lat=2.51 pending=True accepted=False authorized=False committed=False pending_age=0.00 accepted_age=None lane_cmd_state=WAIT_EDGE lane_cmd_target=1
obu-ramp-merge-4-1     | MERGE_ATTEMPT_TIMELINE: vehicle=Ramp_Merge_4 manoeuvre=98 host=108 lead=106 event=REQUEST_SENT t=35.5 edge=34126779 lane=0 lane_cmd_state=WAIT_EDGE speed=2.36 target=6.75 dtm=6.0 lead_gap=33.51 host_gap=81.35 lead_gap_t1=33.51 lead_gap_t2=33.51 lead_gap_t3=33.51 host_gap_t1=81.35 host_gap_t2=81.35 host_gap_t3=81.35
obu-ramp-merge-4-1     | [35.5] Ramp_Merge_4 MCM_TX_REQUEST: manoeuvre=98 target=108
obu-ramp-merge-4-1     | [35.5] Ramp_Merge_4 FINAL_GUARD: REJECTED sid=109 gap=14.0 ttc_danger=False
obu-ramp-merge-4-1     | [35.5] Ramp_Merge_4 MERGE_DECISION: auth=False phys=True fgok=False lgok=True hgok=True cok=True esok=False cready=True dtm=6.0 past=False committed=False hid=108 ra=None lclear=True hyok=True
obu-ramp-back-1        | [35.7] Ramp_Back MERGE_PREPARE_WAIT_LANE_AVAILABLE: edge=34126779 lane=0 target_lane=1 lane_count=1 executable=False dtm=33.8 speed=2.76 host=101 lead=106
obu-ramp-back-1        | [35.7] Ramp_Back CAR_FOLLOW: sid=111 edge=34126779 lane=0 leader_edge= leader_lane=None leader_role_hint=ramp self_merge_completed=False self_merge_completed_age=-1.0 self_merge_committed=True lane_cmd_state=WAIT_EDGE lane_cmd_edge=34126779 lane_cmd_target=1 lane_cmd_executable=False same_lane=True reason=same_lane_cam gap=7.8 follow_spd=2.62 emergency=False target_before=2.94154756035628 target_after=2.625 target_after_raw=2.62
obu-ramp-back-1        | [35.7] Ramp_Back role=merge state=NEGOTIATING->NEGOTIATING speed=2.76 target=2.62 neighbors=11
obu-ramp-merge-4-1     | [35.7] Ramp_Merge_4 FINAL_GUARD: REJECTED sid=109 gap=13.5 ttc_danger=False
obu-ramp-merge-4-1     | [35.7] Ramp_Merge_4 MERGE_DECISION: auth=False phys=True fgok=False lgok=True hgok=True cok=True esok=False cready=True dtm=5.7 past=False committed=False hid=108 ra=None lclear=True hyok=True
traci-bridge-1         | LANE_CMD_STATE veh=Ramp_Merge_4 edge=34126779 lane=0 target=1 lane_count=1 recently=False speed=2.45
traci-bridge-1         | LANE_CMD_WAIT_EDGE veh=Ramp_Merge_4 edge=34126779 lane=0 target=1 lane_count=1
traci-bridge-1         | LANE_CMD_STATE veh=Ramp_Merge_5 edge=34126779 lane=0 target=1 lane_count=1 recently=False speed=3.14
traci-bridge-1         | LANE_CMD_WAIT_EDGE veh=Ramp_Merge_5 edge=34126779 lane=0 target=1 lane_count=1
traci-bridge-1         | LANE_CMD_STATE veh=Ramp_Back edge=34126779 lane=0 target=1 lane_count=1 recently=False speed=3.60
traci-bridge-1         | LANE_CMD_WAIT_EDGE veh=Ramp_Back edge=34126779 lane=0 target=1 lane_count=1
traci-bridge-1         | LANE_CMD_STATE veh=Ramp_Merge_4 edge=34126779 lane=0 target=1 lane_count=1 recently=False speed=2.44
traci-bridge-1         | LANE_CMD_WAIT_EDGE veh=Ramp_Merge_4 edge=34126779 lane=0 target=1 lane_count=1
traci-bridge-1         | LANE_CMD_STATE veh=Ramp_Merge_5 edge=34126779 lane=0 target=1 lane_count=1 recently=False speed=2.95
traci-bridge-1         | LANE_CMD_WAIT_EDGE veh=Ramp_Merge_5 edge=34126779 lane=0 target=1 lane_count=1
traci-bridge-1         | LANE_CMD_STATE veh=Ramp_Back edge=34126779 lane=0 target=1 lane_count=1 recently=False speed=3.61
traci-bridge-1         | LANE_CMD_WAIT_EDGE veh=Ramp_Back edge=34126779 lane=0 target=1 lane_count=1
traci-bridge-1         | LANE_CMD_STATE veh=Ramp_Merge_4 edge=34126779 lane=0 target=1 lane_count=1 recently=False speed=2.43
traci-bridge-1         | LANE_CMD_WAIT_EDGE veh=Ramp_Merge_4 edge=34126779 lane=0 target=1 lane_count=1
traci-bridge-1         | LANE_CMD_STATE veh=Ramp_Merge_5 edge=34126779 lane=0 target=1 lane_count=1 recently=False speed=3.02
traci-bridge-1         | LANE_CMD_WAIT_EDGE veh=Ramp_Merge_5 edge=34126779 lane=0 target=1 lane_count=1
traci-bridge-1         | LANE_CMD_STATE veh=Ramp_Back edge=34126779 lane=0 target=1 lane_count=1 recently=False speed=3.60
traci-bridge-1         | LANE_CMD_WAIT_EDGE veh=Ramp_Back edge=34126779 lane=0 target=1 lane_count=1
traci-bridge-1         | LANE_CMD_STATE veh=Ramp_Merge_4 edge=34126779 lane=0 target=1 lane_count=1 recently=False speed=2.42
traci-bridge-1         | LANE_CMD_WAIT_EDGE veh=Ramp_Merge_4 edge=34126779 lane=0 target=1 lane_count=1
traci-bridge-1         | LANE_CMD_STATE veh=Ramp_Merge_5 edge=34126779 lane=0 target=1 lane_count=1 recently=False speed=2.84
traci-bridge-1         | LANE_CMD_WAIT_EDGE veh=Ramp_Merge_5 edge=34126779 lane=0 target=1 lane_count=1
traci-bridge-1         | LANE_CMD_STATE veh=Ramp_Back edge=34126779 lane=0 target=1 lane_count=1 recently=False speed=3.58
traci-bridge-1         | LANE_CMD_WAIT_EDGE veh=Ramp_Back edge=34126779 lane=0 target=1 lane_count=1
traci-bridge-1         | LANE_CMD_STATE veh=Ramp_Merge_4 edge=34126779 lane=0 target=1 lane_count=1 recently=False speed=2.41
traci-bridge-1         | LANE_CMD_WAIT_EDGE veh=Ramp_Merge_4 edge=34126779 lane=0 target=1 lane_count=1
traci-bridge-1         | LANE_CMD_STATE veh=Ramp_Merge_5 edge=34126779 lane=0 target=1 lane_count=1 recently=False speed=2.69
traci-bridge-1         | LANE_CMD_WAIT_EDGE veh=Ramp_Merge_5 edge=34126779 lane=0 target=1 lane_count=1
traci-bridge-1         | LANE_CMD_STATE veh=Ramp_Back edge=34126779 lane=0 target=1 lane_count=1 recently=False speed=3.57
traci-bridge-1         | LANE_CMD_WAIT_EDGE veh=Ramp_Back edge=34126779 lane=0 target=1 lane_count=1
traci-bridge-1         | LANE_CMD_STATE veh=Ramp_Merge_4 edge=34126779 lane=0 target=1 lane_count=1 recently=False speed=2.40
traci-bridge-1         | LANE_CMD_WAIT_EDGE veh=Ramp_Merge_4 edge=34126779 lane=0 target=1 lane_count=1
traci-bridge-1         | LANE_CMD_STATE veh=Ramp_Merge_5 edge=34126779 lane=0 target=1 lane_count=1 recently=False speed=2.71
traci-bridge-1         | LANE_CMD_WAIT_EDGE veh=Ramp_Merge_5 edge=34126779 lane=0 target=1 lane_count=1
traci-bridge-1         | LANE_CMD_STATE veh=Ramp_Back edge=34126779 lane=0 target=1 lane_count=1 recently=False speed=3.56
traci-bridge-1         | LANE_CMD_WAIT_EDGE veh=Ramp_Back edge=34126779 lane=0 target=1 lane_count=1
traci-bridge-1         | LANE_CMD_STATE veh=Ramp_Merge_4 edge=34126779 lane=0 target=1 lane_count=1 recently=False speed=2.40
traci-bridge-1         | LANE_CMD_WAIT_EDGE veh=Ramp_Merge_4 edge=34126779 lane=0 target=1 lane_count=1
traci-bridge-1         | LANE_CMD_STATE veh=Ramp_Merge_5 edge=34126779 lane=0 target=1 lane_count=1 recently=False speed=2.73
traci-bridge-1         | LANE_CMD_WAIT_EDGE veh=Ramp_Merge_5 edge=34126779 lane=0 target=1 lane_count=1
traci-bridge-1         | LANE_CMD_STATE veh=Ramp_Back edge=34126779 lane=0 target=1 lane_count=1 recently=False speed=3.36
traci-bridge-1         | LANE_CMD_WAIT_EDGE veh=Ramp_Back edge=34126779 lane=0 target=1 lane_count=1
traci-bridge-1         | LANE_CMD_STATE veh=Ramp_Merge_4 edge=34126779 lane=0 target=1 lane_count=1 recently=False speed=2.39
traci-bridge-1         | LANE_CMD_WAIT_EDGE veh=Ramp_Merge_4 edge=34126779 lane=0 target=1 lane_count=1
traci-bridge-1         | LANE_CMD_STATE veh=Ramp_Merge_5 edge=34126779 lane=0 target=1 lane_count=1 recently=False speed=2.59
traci-bridge-1         | LANE_CMD_WAIT_EDGE veh=Ramp_Merge_5 edge=34126779 lane=0 target=1 lane_count=1
traci-bridge-1         | LANE_CMD_STATE veh=Ramp_Back edge=34126779 lane=0 target=1 lane_count=1 recently=False speed=3.38
traci-bridge-1         | LANE_CMD_WAIT_EDGE veh=Ramp_Back edge=34126779 lane=0 target=1 lane_count=1
traci-bridge-1         | LANE_CMD_STATE veh=Ramp_Merge_4 edge=34126779 lane=0 target=1 lane_count=1 recently=False speed=2.38
traci-bridge-1         | LANE_CMD_WAIT_EDGE veh=Ramp_Merge_4 edge=34126779 lane=0 target=1 lane_count=1
traci-bridge-1         | LANE_CMD_STATE veh=Ramp_Merge_5 edge=34126779 lane=0 target=1 lane_count=1 recently=False speed=2.61
traci-bridge-1         | LANE_CMD_WAIT_EDGE veh=Ramp_Merge_5 edge=34126779 lane=0 target=1 lane_count=1
traci-bridge-1         | LANE_CMD_STATE veh=Ramp_Back edge=34126779 lane=0 target=1 lane_count=1 recently=False speed=3.18
traci-bridge-1         | LANE_CMD_WAIT_EDGE veh=Ramp_Back edge=34126779 lane=0 target=1 lane_count=1
traci-bridge-1         | LANE_CMD_STATE veh=Ramp_Merge_4 edge=34126779 lane=0 target=1 lane_count=1 recently=False speed=2.38
traci-bridge-1         | LANE_CMD_WAIT_EDGE veh=Ramp_Merge_4 edge=34126779 lane=0 target=1 lane_count=1
traci-bridge-1         | LANE_CMD_STATE veh=Ramp_Merge_5 edge=34126779 lane=0 target=1 lane_count=1 recently=False speed=2.62
traci-bridge-1         | LANE_CMD_WAIT_EDGE veh=Ramp_Merge_5 edge=34126779 lane=0 target=1 lane_count=1
traci-bridge-1         | LANE_CMD_STATE veh=Ramp_Back edge=34126779 lane=0 target=1 lane_count=1 recently=False speed=3.01
traci-bridge-1         | LANE_CMD_WAIT_EDGE veh=Ramp_Back edge=34126779 lane=0 target=1 lane_count=1
traci-bridge-1         | LANE_CMD_STATE veh=Ramp_Merge_4 edge=34126779 lane=0 target=1 lane_count=1 recently=False speed=2.37
traci-bridge-1         | LANE_CMD_WAIT_EDGE veh=Ramp_Merge_4 edge=34126779 lane=0 target=1 lane_count=1
traci-bridge-1         | LANE_CMD_STATE veh=Ramp_Merge_5 edge=34126779 lane=0 target=1 lane_count=1 recently=False speed=2.49
traci-bridge-1         | LANE_CMD_WAIT_EDGE veh=Ramp_Merge_5 edge=34126779 lane=0 target=1 lane_count=1
traci-bridge-1         | LANE_CMD_STATE veh=Ramp_Back edge=34126779 lane=0 target=1 lane_count=1 recently=False speed=3.04
traci-bridge-1         | LANE_CMD_WAIT_EDGE veh=Ramp_Back edge=34126779 lane=0 target=1 lane_count=1
traci-bridge-1         | LANE_CMD_STATE veh=Ramp_Merge_4 edge=34126779 lane=0 target=1 lane_count=1 recently=False speed=2.36
traci-bridge-1         | LANE_CMD_WAIT_EDGE veh=Ramp_Merge_4 edge=34126779 lane=0 target=1 lane_count=1
traci-bridge-1         | LANE_CMD_STATE veh=Ramp_Merge_5 edge=34126779 lane=0 target=1 lane_count=1 recently=False speed=2.51
traci-bridge-1         | LANE_CMD_WAIT_EDGE veh=Ramp_Merge_5 edge=34126779 lane=0 target=1 lane_count=1
traci-bridge-1         | LANE_CMD_STATE veh=Ramp_Back edge=34126779 lane=0 target=1 lane_count=1 recently=False speed=2.87
traci-bridge-1         | LANE_CMD_WAIT_EDGE veh=Ramp_Back edge=34126779 lane=0 target=1 lane_count=1
traci-bridge-1         | LANE_CMD_STATE veh=Ramp_Merge_4 edge=34126779 lane=0 target=1 lane_count=1 recently=False speed=2.36
traci-bridge-1         | LANE_CMD_WAIT_EDGE veh=Ramp_Merge_4 edge=34126779 lane=0 target=1 lane_count=1
traci-bridge-1         | LANE_CMD_STATE veh=Ramp_Merge_5 edge=34126779 lane=0 target=1 lane_count=1 recently=False speed=2.53
traci-bridge-1         | LANE_CMD_WAIT_EDGE veh=Ramp_Merge_5 edge=34126779 lane=0 target=1 lane_count=1
traci-bridge-1         | LANE_CMD_STATE veh=Ramp_Back edge=34126779 lane=0 target=1 lane_count=1 recently=False speed=2.92
traci-bridge-1         | LANE_CMD_WAIT_EDGE veh=Ramp_Back edge=34126779 lane=0 target=1 lane_count=1
traci-bridge-1         | LANE_CMD_STATE veh=Ramp_Merge_4 edge=34126779 lane=0 target=1 lane_count=1 recently=False speed=2.35
traci-bridge-1         | LANE_CMD_WAIT_EDGE veh=Ramp_Merge_4 edge=34126779 lane=0 target=1 lane_count=1
traci-bridge-1         | LANE_CMD_STATE veh=Ramp_Merge_5 edge=34126779 lane=0 target=1 lane_count=1 recently=False speed=2.40
traci-bridge-1         | LANE_CMD_WAIT_EDGE veh=Ramp_Merge_5 edge=34126779 lane=0 target=1 lane_count=1
traci-bridge-1         | LANE_CMD_STATE veh=Ramp_Back edge=34126779 lane=0 target=1 lane_count=1 recently=False speed=2.77
traci-bridge-1         | LANE_CMD_WAIT_EDGE veh=Ramp_Back edge=34126779 lane=0 target=1 lane_count=1
traci-bridge-1         | LANE_CMD_STATE veh=Ramp_Merge_4 edge=34126779 lane=0 target=1 lane_count=1 recently=False speed=2.55
traci-bridge-1         | LANE_CMD_WAIT_EDGE veh=Ramp_Merge_4 edge=34126779 lane=0 target=1 lane_count=1
traci-bridge-1         | LANE_CMD_STATE veh=Ramp_Merge_5 edge=34126779 lane=0 target=1 lane_count=1 recently=False speed=2.42
traci-bridge-1         | LANE_CMD_WAIT_EDGE veh=Ramp_Merge_5 edge=34126779 lane=0 target=1 lane_count=1
traci-bridge-1         | LANE_CMD_STATE veh=Ramp_Back edge=34126779 lane=0 target=1 lane_count=1 recently=False speed=2.76
traci-bridge-1         | LANE_CMD_WAIT_EDGE veh=Ramp_Back edge=34126779 lane=0 target=1 lane_count=1
traci-bridge-1         | LANE_CMD_STATE veh=Ramp_Merge_4 edge=34126779 lane=0 target=1 lane_count=1 recently=False speed=2.52
traci-bridge-1         | LANE_CMD_WAIT_EDGE veh=Ramp_Merge_4 edge=34126779 lane=0 target=1 lane_count=1
obu-main-front-left-1  | [35.8] Main_Front_Left role=cruise state=CRUISE->CRUISE speed=7.49 target=7.50 neighbors=11
obu-ramp-merge-2-1     | [35.8] Ramp_Merge_2 role=cruise state=CRUISE->CRUISE speed=7.49 target=7.50 neighbors=11
obu-ramp-merge-3-1     | [35.8] Ramp_Merge_3 role=cruise state=CRUISE->CRUISE speed=5.50 target=7.50 neighbors=11
obu-main-mid-right-1   | [35.8] Main_Mid_Right role=cruise state=CRUISE->CRUISE speed=7.50 target=7.50 neighbors=11
obu-ramp-merge-5-1     | [35.8] Ramp_Merge_5 MERGE_PREPARE_WAIT_LANE_AVAILABLE: edge=34126779 lane=0 target_lane=1 lane_count=1 executable=False dtm=18.6 speed=2.43 host=102 lead=106
obu-ramp-merge-5-1     | [35.8] Ramp_Merge_5 role=merge state=NEGOTIATING->NEGOTIATING speed=2.43 target=2.61 neighbors=11
obu-main-back-right-1  | [35.8] Main_Back_Right role=cruise state=CRUISE->CRUISE speed=7.46 target=7.50 neighbors=11
obu-ramp-merge-2-1     | [35.8] Ramp_Merge_2 MCM_RX_REQUEST: from=110 manoeuvre=98 target=108
obu-main-back-left-1   | [35.9] Main_Back_Left role=cruise state=CRUISE->CRUISE speed=7.23 target=7.50 neighbors=11
obu-host-car-1         | [36.3] Host_Car role=cruise state=CRUISE->CRUISE speed=7.50 target=7.50 neighbors=11
obu-merge-car-1        | [36.4] Merge_Car role=cruise state=CRUISE->CRUISE speed=7.50 target=7.50 neighbors=11
obu-ramp-merge-4-1     | [36.3] Ramp_Merge_4 MERGE_LANE_WAIT_EDGE_CONFIRMED: edge=:390064918_0 lane=0 target_lane=1 lane_count=1 executable=False
obu-ramp-merge-4-1     | MCM_REQUEST_RETRY_DIAG: vehicle=Ramp_Merge_4 host=108 lead=None manoeuvre=98 retry_count=1 pending_age=0.9 dtm=5.0 own_eta=2.08 host_eta_current=12.326369477742217 host_eta_at_request=11.042172587048205 lead_eta_current=None lead_eta_at_request=None last_response_action=None last_response_age=None host_remote_fsm=CRUISE host_remote_edge=135424828 host_remote_lane=0 host_remote_merge_committed=False host_remote_merge_completed=True host_remote_active_merge_request=False host_remote_active_station_id=None host_remote_active_manoeuvre_id=None host_remote_active_remaining_s=0.0
obu-ramp-merge-4-1     | MERGE_SLOT_QUALITY_DIAG: vehicle=Ramp_Merge_4 event=REQUEST_RETRY t=36.4 manoeuvre=98 source=retry_request lead=None host=108 own_eta=2.08 lead_eta=None host_eta=12.33 min_eta=None max_eta=10.83 desired_eta=2.08 gap_possible=True dtm=5.0 edge=:390064918_0 lane=0 speed=2.40 lead_speed=None host_speed=7.49 lead_gap=None host_gap=88.82 lead_gap_t1=None lead_gap_t2=None lead_gap_t3=None host_gap_t1=88.82 host_gap_t2=88.82 host_gap_t3=88.82 rel_to_lead=None rel_to_host=-5.09 lead_lat=None host_lat=3.36 pending=True accepted=False authorized=False committed=False pending_age=0.90 accepted_age=None lane_cmd_state=WAIT_EDGE lane_cmd_target=1
obu-ramp-merge-4-1     | [36.4] Ramp_Merge_4 MCM_TX_REQUEST: manoeuvre=98 target=108
obu-ramp-merge-4-1     | [36.4] Ramp_Merge_4 FINAL_GUARD: REJECTED sid=109 gap=16.7 ttc_danger=False
obu-ramp-merge-4-1     | [36.4] Ramp_Merge_4 MERGE_DECISION: auth=False phys=True fgok=False lgok=True hgok=True cok=True esok=False cready=True dtm=5.0 past=False committed=False hid=108 ra=None lclear=True hyok=True
obu-ramp-merge-4-1     | [36.4] Ramp_Merge_4 role=merge state=YIELDING->YIELDING speed=2.40 target=1.95 neighbors=11
obu-ramp-merge-5-1     | [36.4] Ramp_Merge_5 MERGE_COMMIT_SAFETY_HOLD: lgok=False hgok=True fgok=True edge=34126779 lane=0 target_lane=1 speed=2.49 lane_cmd_state=WAIT_EDGE lane_cmd_executable=False lane_cmd_edge=34126779 lane_cmd_lane_count=1
obu-lead-car-1         | [36.5] Lead_Car role=cruise state=CRUISE->CRUISE speed=7.50 target=7.50 neighbors=11
obu-ramp-merge-4-1     | [36.5] Ramp_Merge_4 FINAL_GUARD: REJECTED sid=109 gap=16.4 ttc_danger=False
obu-ramp-merge-4-1     | [36.5] Ramp_Merge_4 MERGE_DECISION: auth=False phys=True fgok=False lgok=True hgok=True cok=True esok=False cready=True dtm=4.9 past=False committed=False hid=108 ra=None lclear=True hyok=True
obu-ramp-merge-4-1     | [36.6] Ramp_Merge_4 FINAL_GUARD: REJECTED sid=109 gap=16.2 ttc_danger=False
obu-ramp-merge-4-1     | [36.6] Ramp_Merge_4 MERGE_DECISION: auth=False phys=True fgok=False lgok=True hgok=True cok=True esok=False cready=True dtm=4.9 past=False committed=False hid=108 ra=None lclear=True hyok=True
obu-ramp-merge-4-1     | MCM_REQUEST_RETRY_DIAG: vehicle=Ramp_Merge_4 host=108 lead=None manoeuvre=98 retry_count=2 pending_age=1.3 dtm=4.9 own_eta=2.08 host_eta_current=12.326369477742217 host_eta_at_request=11.042172587048205 lead_eta_current=None lead_eta_at_request=None last_response_action=None last_response_age=None host_remote_fsm=CRUISE host_remote_edge=135424828 host_remote_lane=0 host_remote_merge_committed=False host_remote_merge_completed=True host_remote_active_merge_request=False host_remote_active_station_id=None host_remote_active_manoeuvre_id=None host_remote_active_remaining_s=0.0
obu-ramp-merge-4-1     | MERGE_SLOT_QUALITY_DIAG: vehicle=Ramp_Merge_4 event=REQUEST_RETRY t=36.8 manoeuvre=98 source=retry_request lead=None host=108 own_eta=2.08 lead_eta=None host_eta=12.33 min_eta=None max_eta=10.83 desired_eta=2.08 gap_possible=True dtm=4.9 edge=:390064918_0 lane=0 speed=2.33 lead_speed=None host_speed=7.49 lead_gap=None host_gap=87.90 lead_gap_t1=None lead_gap_t2=None lead_gap_t3=None host_gap_t1=87.90 host_gap_t2=87.90 host_gap_t3=87.90 rel_to_lead=None rel_to_host=-5.16 lead_lat=None host_lat=2.78 pending=True accepted=False authorized=False committed=False pending_age=1.30 accepted_age=None lane_cmd_state=WAIT_EDGE lane_cmd_target=1
obu-ramp-merge-4-1     | [36.8] Ramp_Merge_4 MCM_TX_REQUEST: manoeuvre=98 target=108
obu-ramp-merge-4-1     | [36.8] Ramp_Merge_4 FINAL_GUARD: REJECTED sid=109 gap=15.7 ttc_danger=False
obu-ramp-merge-4-1     | [36.8] Ramp_Merge_4 MERGE_DECISION: auth=False phys=True fgok=False lgok=True hgok=True cok=True esok=False cready=True dtm=4.9 past=False committed=False hid=108 ra=None lclear=True hyok=True
obu-main-back-right-1  | [36.8] Main_Back_Right role=cruise state=CRUISE->CRUISE speed=7.48 target=7.50 neighbors=11
obu-ramp-merge-2-1     | [36.9] Ramp_Merge_2 MCM_RX_REQUEST: from=110 manoeuvre=98 target=108
obu-main-mid-right-1   | [37.0] Main_Mid_Right role=cruise state=CRUISE->CRUISE speed=7.50 target=7.50 neighbors=11
obu-ramp-merge-5-1     | [36.9] Ramp_Merge_5 MERGE_PREPARE_WAIT_LANE_AVAILABLE: edge=34126779 lane=0 target_lane=1 lane_count=1 executable=False dtm=15.9 speed=2.37 host=102 lead=106
obu-ramp-merge-5-1     | [36.9] Ramp_Merge_5 FINAL_GUARD: REJECTED slot-boundary ETA sid=106
obu-ramp-merge-5-1     | [36.9] Ramp_Merge_5 MERGE_COMMIT_SAFETY_HOLD: lgok=False hgok=True fgok=False edge=34126779 lane=0 target_lane=1 speed=2.37 lane_cmd_state=WAIT_EDGE lane_cmd_executable=False lane_cmd_edge=34126779 lane_cmd_lane_count=1
obu-ramp-merge-5-1     | [36.9] Ramp_Merge_5 role=merge state=NEGOTIATING->NEGOTIATING speed=2.37 target=2.25 neighbors=5
obu-main-front-left-1  | [37.0] Main_Front_Left role=cruise state=CRUISE->CRUISE speed=7.50 target=7.50 neighbors=11
obu-ramp-merge-2-1     | [36.9] Ramp_Merge_2 MCM_RX_REQUEST: from=110 manoeuvre=98 target=108
obu-ramp-merge-4-1     | [36.9] Ramp_Merge_4 FINAL_GUARD: REJECTED sid=109 gap=18.9 ttc_danger=False
obu-ramp-merge-4-1     | [36.9] Ramp_Merge_4 MERGE_DECISION: auth=False phys=True fgok=False lgok=True hgok=True cok=True esok=False cready=True dtm=4.8 past=False committed=False hid=108 ra=None lclear=True hyok=True
obu-ramp-merge-2-1     | [37.0] Ramp_Merge_2 role=cruise state=CRUISE->CRUISE speed=7.50 target=7.50 neighbors=11
obu-main-back-left-1   | [37.0] Main_Back_Left role=cruise state=CRUISE->CRUISE speed=7.35 target=7.50 neighbors=11
obu-ramp-back-1        | [36.9] Ramp_Back MERGE_PREPARE_WAIT_LANE_AVAILABLE: edge=34126779 lane=0 target_lane=1 lane_count=1 executable=False dtm=30.8 speed=2.54 host=101 lead=106
obu-ramp-back-1        | [36.9] Ramp_Back role=merge state=NEGOTIATING->NEGOTIATING speed=2.54 target=2.72 neighbors=11
obu-ramp-merge-3-1     | [36.9] Ramp_Merge_3 role=cruise state=CRUISE->CRUISE speed=6.36 target=7.50 neighbors=11
obu-ramp-merge-5-1     | [37.0] Ramp_Merge_5 FINAL_GUARD: REJECTED slot-boundary ETA sid=106
obu-ramp-merge-5-1     | [37.0] Ramp_Merge_5 MERGE_COMMIT_SAFETY_HOLD: lgok=False hgok=True fgok=False edge=34126779 lane=0 target_lane=1 speed=2.36 lane_cmd_state=WAIT_EDGE lane_cmd_executable=False lane_cmd_edge=34126779 lane_cmd_lane_count=1
obu-ramp-merge-4-1     | [37.0] Ramp_Merge_4 FINAL_GUARD: REJECTED sid=109 gap=18.7 ttc_danger=False
obu-ramp-merge-4-1     | [37.0] Ramp_Merge_4 MERGE_DECISION: auth=False phys=True fgok=False lgok=True hgok=True cok=True esok=False cready=True dtm=4.8 past=False committed=False hid=108 ra=None lclear=True hyok=True
obu-ramp-merge-5-1     | [37.1] Ramp_Merge_5 FINAL_GUARD: REJECTED slot-boundary ETA sid=106
obu-ramp-merge-5-1     | [37.1] Ramp_Merge_5 MERGE_COMMIT_SAFETY_HOLD: lgok=False hgok=True fgok=False edge=34126779 lane=0 target_lane=1 speed=2.36 lane_cmd_state=WAIT_EDGE lane_cmd_executable=False lane_cmd_edge=34126779 lane_cmd_lane_count=1
obu-ramp-merge-4-1     | MCM_REQUEST_RETRY_DIAG: vehicle=Ramp_Merge_4 host=108 lead=None manoeuvre=98 retry_count=3 pending_age=1.6 dtm=4.9 own_eta=2.14 host_eta_current=12.925503844671468 host_eta_at_request=11.042172587048205 lead_eta_current=None lead_eta_at_request=None last_response_action=None last_response_age=None host_remote_fsm=CRUISE host_remote_edge=135424828 host_remote_lane=0 host_remote_merge_committed=False host_remote_merge_completed=True host_remote_active_merge_request=False host_remote_active_station_id=None host_remote_active_manoeuvre_id=None host_remote_active_remaining_s=0.0
obu-ramp-merge-4-1     | MERGE_SLOT_QUALITY_DIAG: vehicle=Ramp_Merge_4 event=REQUEST_RETRY t=37.1 manoeuvre=98 source=retry_request lead=None host=108 own_eta=2.14 lead_eta=None host_eta=12.93 min_eta=None max_eta=11.43 desired_eta=2.14 gap_possible=True dtm=4.9 edge=:390064918_0 lane=0 speed=2.27 lead_speed=None host_speed=7.49 lead_gap=None host_gap=91.68 lead_gap_t1=None lead_gap_t2=None lead_gap_t3=None host_gap_t1=91.68 host_gap_t2=91.68 host_gap_t3=91.68 rel_to_lead=None rel_to_host=-5.22 lead_lat=None host_lat=2.83 pending=True accepted=False authorized=False committed=False pending_age=1.60 accepted_age=None lane_cmd_state=WAIT_EDGE lane_cmd_target=1
obu-ramp-merge-4-1     | [37.1] Ramp_Merge_4 MCM_TX_REQUEST: manoeuvre=98 target=108
obu-ramp-merge-4-1     | [37.1] Ramp_Merge_4 FINAL_GUARD: REJECTED sid=109 gap=18.5 ttc_danger=False
obu-ramp-merge-4-1     | [37.1] Ramp_Merge_4 MERGE_DECISION: auth=False phys=True fgok=False lgok=True hgok=True cok=True esok=False cready=True dtm=4.9 past=False committed=False hid=108 ra=None lclear=True hyok=True
traci-bridge-1         | LANE_CMD_STATE veh=Ramp_Merge_5 edge=34126779 lane=0 target=1 lane_count=1 recently=False speed=2.43
traci-bridge-1         | LANE_CMD_WAIT_EDGE veh=Ramp_Merge_5 edge=34126779 lane=0 target=1 lane_count=1
traci-bridge-1         | LANE_CMD_STATE veh=Ramp_Back edge=34126779 lane=0 target=1 lane_count=1 recently=False speed=2.76
traci-bridge-1         | LANE_CMD_WAIT_EDGE veh=Ramp_Back edge=34126779 lane=0 target=1 lane_count=1
traci-bridge-1         | LANE_CMD_STATE veh=Ramp_Merge_4 edge=34126779 lane=0 target=1 lane_count=1 recently=False speed=2.49
traci-bridge-1         | LANE_CMD_WAIT_EDGE veh=Ramp_Merge_4 edge=34126779 lane=0 target=1 lane_count=1
traci-bridge-1         | LANE_CMD_STATE veh=Ramp_Merge_5 edge=34126779 lane=0 target=1 lane_count=1 recently=False speed=2.45
traci-bridge-1         | LANE_CMD_WAIT_EDGE veh=Ramp_Merge_5 edge=34126779 lane=0 target=1 lane_count=1
traci-bridge-1         | LANE_CMD_STATE veh=Ramp_Back edge=34126779 lane=0 target=1 lane_count=1 recently=False speed=2.62
traci-bridge-1         | LANE_CMD_WAIT_EDGE veh=Ramp_Back edge=34126779 lane=0 target=1 lane_count=1
traci-bridge-1         | LANE_CMD_STATE veh=Ramp_Merge_4 edge=34126779 lane=0 target=1 lane_count=1 recently=False speed=2.47
traci-bridge-1         | LANE_CMD_WAIT_EDGE veh=Ramp_Merge_4 edge=34126779 lane=0 target=1 lane_count=1
traci-bridge-1         | LANE_CMD_STATE veh=Ramp_Merge_5 edge=34126779 lane=0 target=1 lane_count=1 recently=False speed=2.46
traci-bridge-1         | LANE_CMD_WAIT_EDGE veh=Ramp_Merge_5 edge=34126779 lane=0 target=1 lane_count=1
traci-bridge-1         | LANE_CMD_STATE veh=Ramp_Back edge=34126779 lane=0 target=1 lane_count=1 recently=False speed=2.62
traci-bridge-1         | LANE_CMD_WAIT_EDGE veh=Ramp_Back edge=34126779 lane=0 target=1 lane_count=1
traci-bridge-1         | LANE_CMD_STATE veh=Ramp_Merge_4 edge=34126779 lane=0 target=1 lane_count=1 recently=False speed=2.45
traci-bridge-1         | LANE_CMD_WAIT_EDGE veh=Ramp_Merge_4 edge=34126779 lane=0 target=1 lane_count=1
traci-bridge-1         | LANE_CMD_STATE veh=Ramp_Merge_5 edge=34126779 lane=0 target=1 lane_count=1 recently=False speed=2.46
traci-bridge-1         | LANE_CMD_WAIT_EDGE veh=Ramp_Merge_5 edge=34126779 lane=0 target=1 lane_count=1
traci-bridge-1         | LANE_CMD_STATE veh=Ramp_Back edge=34126779 lane=0 target=1 lane_count=1 recently=False speed=2.62
traci-bridge-1         | LANE_CMD_WAIT_EDGE veh=Ramp_Back edge=34126779 lane=0 target=1 lane_count=1
traci-bridge-1         | LANE_CMD_STATE veh=Ramp_Merge_4 edge=34126779 lane=0 target=1 lane_count=1 recently=False speed=2.43
traci-bridge-1         | LANE_CMD_WAIT_EDGE veh=Ramp_Merge_4 edge=34126779 lane=0 target=1 lane_count=1
traci-bridge-1         | LANE_CMD_STATE veh=Ramp_Merge_5 edge=34126779 lane=0 target=1 lane_count=1 recently=False speed=2.47
traci-bridge-1         | LANE_CMD_WAIT_EDGE veh=Ramp_Merge_5 edge=34126779 lane=0 target=1 lane_count=1
traci-bridge-1         | LANE_CMD_STATE veh=Ramp_Back edge=34126779 lane=0 target=1 lane_count=1 recently=False speed=2.62
traci-bridge-1         | LANE_CMD_WAIT_EDGE veh=Ramp_Back edge=34126779 lane=0 target=1 lane_count=1
traci-bridge-1         | LANE_CMD_STATE veh=Ramp_Merge_4 edge=:390064918_0 lane=0 target=1 lane_count=1 recently=False speed=2.42
traci-bridge-1         | LANE_CMD_WAIT_EDGE veh=Ramp_Merge_4 edge=:390064918_0 lane=0 target=1 lane_count=1
traci-bridge-1         | LANE_CMD_STATE veh=Ramp_Merge_5 edge=34126779 lane=0 target=1 lane_count=1 recently=False speed=2.48
traci-bridge-1         | LANE_CMD_WAIT_EDGE veh=Ramp_Merge_5 edge=34126779 lane=0 target=1 lane_count=1
traci-bridge-1         | LANE_CMD_STATE veh=Ramp_Back edge=34126779 lane=0 target=1 lane_count=1 recently=False speed=2.62
traci-bridge-1         | LANE_CMD_WAIT_EDGE veh=Ramp_Back edge=34126779 lane=0 target=1 lane_count=1
traci-bridge-1         | LANE_CMD_STATE veh=Ramp_Merge_4 edge=:390064918_0 lane=0 target=1 lane_count=1 recently=False speed=2.40
traci-bridge-1         | LANE_CMD_WAIT_EDGE veh=Ramp_Merge_4 edge=:390064918_0 lane=0 target=1 lane_count=1
traci-bridge-1         | LANE_CMD_STATE veh=Ramp_Merge_5 edge=34126779 lane=0 target=1 lane_count=1 recently=False speed=2.49
traci-bridge-1         | LANE_CMD_WAIT_EDGE veh=Ramp_Merge_5 edge=34126779 lane=0 target=1 lane_count=1
traci-bridge-1         | LANE_CMD_STATE veh=Ramp_Back edge=34126779 lane=0 target=1 lane_count=1 recently=False speed=2.50
traci-bridge-1         | LANE_CMD_WAIT_EDGE veh=Ramp_Back edge=34126779 lane=0 target=1 lane_count=1
traci-bridge-1         | LANE_CMD_STATE veh=Ramp_Merge_4 edge=:390064918_0 lane=0 target=1 lane_count=1 recently=False speed=2.39
traci-bridge-1         | LANE_CMD_WAIT_EDGE veh=Ramp_Merge_4 edge=:390064918_0 lane=0 target=1 lane_count=1
traci-bridge-1         | LANE_CMD_STATE veh=Ramp_Merge_5 edge=34126779 lane=0 target=1 lane_count=1 recently=False speed=2.49
traci-bridge-1         | LANE_CMD_WAIT_EDGE veh=Ramp_Merge_5 edge=34126779 lane=0 target=1 lane_count=1
traci-bridge-1         | LANE_CMD_STATE veh=Ramp_Back edge=34126779 lane=0 target=1 lane_count=1 recently=False speed=2.51
traci-bridge-1         | LANE_CMD_WAIT_EDGE veh=Ramp_Back edge=34126779 lane=0 target=1 lane_count=1
traci-bridge-1         | LANE_CMD_STATE veh=Ramp_Merge_4 edge=:390064918_0 lane=0 target=1 lane_count=1 recently=False speed=2.37
traci-bridge-1         | LANE_CMD_WAIT_EDGE veh=Ramp_Merge_4 edge=:390064918_0 lane=0 target=1 lane_count=1
traci-bridge-1         | LANE_CMD_STATE veh=Ramp_Merge_5 edge=34126779 lane=0 target=1 lane_count=1 recently=False speed=2.50
traci-bridge-1         | LANE_CMD_WAIT_EDGE veh=Ramp_Merge_5 edge=34126779 lane=0 target=1 lane_count=1
traci-bridge-1         | LANE_CMD_STATE veh=Ramp_Back edge=34126779 lane=0 target=1 lane_count=1 recently=False speed=2.52
traci-bridge-1         | LANE_CMD_WAIT_EDGE veh=Ramp_Back edge=34126779 lane=0 target=1 lane_count=1
traci-bridge-1         | LANE_CMD_STATE veh=Ramp_Merge_4 edge=:390064918_0 lane=0 target=1 lane_count=1 recently=False speed=2.35
traci-bridge-1         | LANE_CMD_WAIT_EDGE veh=Ramp_Merge_4 edge=:390064918_0 lane=0 target=1 lane_count=1
traci-bridge-1         | LANE_CMD_STATE veh=Ramp_Merge_5 edge=34126779 lane=0 target=1 lane_count=1 recently=False speed=2.38
traci-bridge-1         | LANE_CMD_WAIT_EDGE veh=Ramp_Merge_5 edge=34126779 lane=0 target=1 lane_count=1
traci-bridge-1         | LANE_CMD_STATE veh=Ramp_Back edge=34126779 lane=0 target=1 lane_count=1 recently=False speed=2.52
traci-bridge-1         | LANE_CMD_WAIT_EDGE veh=Ramp_Back edge=34126779 lane=0 target=1 lane_count=1
traci-bridge-1         | LANE_CMD_STATE veh=Ramp_Merge_4 edge=:390064918_0 lane=0 target=1 lane_count=1 recently=False speed=2.33
traci-bridge-1         | LANE_CMD_WAIT_EDGE veh=Ramp_Merge_4 edge=:390064918_0 lane=0 target=1 lane_count=1
traci-bridge-1         | LANE_CMD_STATE veh=Ramp_Merge_5 edge=34126779 lane=0 target=1 lane_count=1 recently=False speed=2.38
traci-bridge-1         | LANE_CMD_WAIT_EDGE veh=Ramp_Merge_5 edge=34126779 lane=0 target=1 lane_count=1
traci-bridge-1         | LANE_CMD_STATE veh=Ramp_Back edge=34126779 lane=0 target=1 lane_count=1 recently=False speed=2.53
traci-bridge-1         | LANE_CMD_WAIT_EDGE veh=Ramp_Back edge=34126779 lane=0 target=1 lane_count=1
traci-bridge-1         | LANE_CMD_STATE veh=Ramp_Merge_4 edge=:390064918_0 lane=0 target=1 lane_count=1 recently=False speed=2.31
traci-bridge-1         | LANE_CMD_WAIT_EDGE veh=Ramp_Merge_4 edge=:390064918_0 lane=0 target=1 lane_count=1
traci-bridge-1         | LANE_CMD_STATE veh=Ramp_Merge_5 edge=34126779 lane=0 target=1 lane_count=1 recently=False speed=2.37
traci-bridge-1         | LANE_CMD_WAIT_EDGE veh=Ramp_Merge_5 edge=34126779 lane=0 target=1 lane_count=1
traci-bridge-1         | LANE_CMD_STATE veh=Ramp_Back edge=34126779 lane=0 target=1 lane_count=1 recently=False speed=2.54
traci-bridge-1         | LANE_CMD_WAIT_EDGE veh=Ramp_Back edge=34126779 lane=0 target=1 lane_count=1
traci-bridge-1         | LANE_CMD_STATE veh=Ramp_Merge_4 edge=:390064918_0 lane=0 target=1 lane_count=1 recently=False speed=2.29
traci-bridge-1         | LANE_CMD_WAIT_EDGE veh=Ramp_Merge_4 edge=:390064918_0 lane=0 target=1 lane_count=1
traci-bridge-1         | LANE_CMD_STATE veh=Ramp_Merge_5 edge=34126779 lane=0 target=1 lane_count=1 recently=False speed=2.36
traci-bridge-1         | LANE_CMD_WAIT_EDGE veh=Ramp_Merge_5 edge=34126779 lane=0 target=1 lane_count=1
traci-bridge-1         | LANE_CMD_STATE veh=Ramp_Back edge=34126779 lane=0 target=1 lane_count=1 recently=False speed=2.42
traci-bridge-1         | LANE_CMD_WAIT_EDGE veh=Ramp_Back edge=34126779 lane=0 target=1 lane_count=1
traci-bridge-1         | LANE_CMD_STATE veh=Ramp_Merge_4 edge=:390064918_0 lane=0 target=1 lane_count=1 recently=False speed=2.27
traci-bridge-1         | LANE_CMD_WAIT_EDGE veh=Ramp_Merge_4 edge=:390064918_0 lane=0 target=1 lane_count=1
traci-bridge-1         | LANE_CMD_STATE veh=Ramp_Merge_5 edge=34126779 lane=0 target=1 lane_count=1 recently=False speed=2.36
traci-bridge-1         | LANE_CMD_WAIT_EDGE veh=Ramp_Merge_5 edge=34126779 lane=0 target=1 lane_count=1
traci-bridge-1         | LANE_CMD_STATE veh=Ramp_Back edge=34126779 lane=0 target=1 lane_count=1 recently=False speed=2.43
traci-bridge-1         | LANE_CMD_WAIT_EDGE veh=Ramp_Back edge=34126779 lane=0 target=1 lane_count=1
traci-bridge-1         | LANE_CMD_STATE veh=Ramp_Merge_4 edge=:390064918_0 lane=0 target=1 lane_count=1 recently=False speed=2.25
traci-bridge-1         | LANE_CMD_WAIT_EDGE veh=Ramp_Merge_4 edge=:390064918_0 lane=0 target=1 lane_count=1
traci-bridge-1         | LANE_CMD_STATE veh=Ramp_Merge_5 edge=34126779 lane=0 target=1 lane_count=1 recently=False speed=2.35
traci-bridge-1         | LANE_CMD_WAIT_EDGE veh=Ramp_Merge_5 edge=34126779 lane=0 target=1 lane_count=1
traci-bridge-1         | LANE_CMD_STATE veh=Ramp_Back edge=34126779 lane=0 target=1 lane_count=1 recently=False speed=2.45
traci-bridge-1         | LANE_CMD_WAIT_EDGE veh=Ramp_Back edge=34126779 lane=0 target=1 lane_count=1
traci-bridge-1         | LANE_CMD_STATE veh=Ramp_Merge_4 edge=:390064918_0 lane=0 target=1 lane_count=1 recently=False speed=2.23
traci-bridge-1         | LANE_CMD_WAIT_EDGE veh=Ramp_Merge_4 edge=:390064918_0 lane=0 target=1 lane_count=1
obu-ramp-merge-5-1     | [37.2] Ramp_Merge_5 FINAL_GUARD: REJECTED slot-boundary ETA sid=106
obu-ramp-merge-5-1     | [37.2] Ramp_Merge_5 MERGE_COMMIT_SAFETY_HOLD: lgok=False hgok=True fgok=False edge=34126779 lane=0 target_lane=1 speed=2.35 lane_cmd_state=WAIT_EDGE lane_cmd_executable=False lane_cmd_edge=34126779 lane_cmd_lane_count=1
obu-ramp-merge-4-1     | [37.2] Ramp_Merge_4 MERGE_DECISION: auth=False phys=True fgok=True lgok=True hgok=True cok=True esok=False cready=True dtm=4.9 past=False committed=False hid=108 ra=None lclear=True hyok=True
obu-ramp-merge-4-1     | MCM_REQUEST_RETRY_DIAG: vehicle=Ramp_Merge_4 host=108 lead=None manoeuvre=98 retry_count=4 pending_age=1.9 dtm=5.0 own_eta=2.25 host_eta_current=13.526504642364506 host_eta_at_request=11.042172587048205 lead_eta_current=None lead_eta_at_request=None last_response_action=None last_response_age=None host_remote_fsm=CRUISE host_remote_edge=135424828 host_remote_lane=0 host_remote_merge_committed=False host_remote_merge_completed=True host_remote_active_merge_request=False host_remote_active_station_id=None host_remote_active_manoeuvre_id=None host_remote_active_remaining_s=0.0
obu-ramp-merge-4-1     | MERGE_SLOT_QUALITY_DIAG: vehicle=Ramp_Merge_4 event=REQUEST_RETRY t=37.4 manoeuvre=98 source=retry_request lead=None host=108 own_eta=2.25 lead_eta=None host_eta=13.53 min_eta=None max_eta=12.03 desired_eta=2.25 gap_possible=True dtm=5.0 edge=:390064918_0 lane=0 speed=2.21 lead_speed=None host_speed=7.49 lead_gap=None host_gap=95.51 lead_gap_t1=None lead_gap_t2=None lead_gap_t3=None host_gap_t1=95.51 host_gap_t2=95.51 host_gap_t3=95.51 rel_to_lead=None rel_to_host=-5.28 lead_lat=None host_lat=2.86 pending=True accepted=False authorized=False committed=False pending_age=1.90 accepted_age=None lane_cmd_state=WAIT_EDGE lane_cmd_target=1
obu-ramp-merge-4-1     | [37.4] Ramp_Merge_4 MCM_TX_REQUEST: manoeuvre=98 target=108
obu-ramp-merge-4-1     | [37.4] Ramp_Merge_4 MERGE_DECISION: auth=False phys=True fgok=True lgok=True hgok=True cok=True esok=False cready=True dtm=5.0 past=False committed=False hid=108 ra=None lclear=True hyok=True
obu-ramp-merge-4-1     | [37.4] Ramp_Merge_4 role=merge state=YIELDING->YIELDING speed=2.21 target=1.76 neighbors=11
obu-ramp-merge-4-1     | [37.5] Ramp_Merge_4 MERGE_DECISION: auth=False phys=True fgok=True lgok=True hgok=True cok=True esok=False cready=True dtm=5.0 past=False committed=False hid=108 ra=None lclear=True hyok=True
obu-ramp-merge-4-1     | [37.6] Ramp_Merge_4 MERGE_LANE_APPLY_CONFIRMED: edge=1331698336 lane=0 target_lane=1 lane_count=3 executable=True
obu-lead-car-1         | [37.7] Lead_Car role=cruise state=CRUISE->CRUISE speed=7.50 target=7.50 neighbors=11
obu-host-car-1         | [37.7] Host_Car role=cruise state=CRUISE->CRUISE speed=7.50 target=7.50 neighbors=11
obu-ramp-merge-4-1     | [37.6] Ramp_Merge_4 MERGE_DECISION: auth=False phys=True fgok=True lgok=True hgok=True cok=True esok=False cready=True dtm=5.1 past=False committed=False hid=108 ra=None lclear=True hyok=True
obu-ramp-merge-2-1     | [37.6] Ramp_Merge_2 MCM_RX_REQUEST: from=110 manoeuvre=98 target=108
obu-ramp-merge-2-1     | [37.6] Ramp_Merge_2 MCM_RX_REQUEST: from=110 manoeuvre=98 target=108
obu-merge-car-1        | [37.7] Merge_Car role=cruise state=CRUISE->CRUISE speed=7.50 target=7.50 neighbors=11
obu-ramp-merge-4-1     | MERGE_ATTEMPT_TIMELINE: vehicle=Ramp_Merge_4 manoeuvre=98 host=108 lead=106 event=CLEAR t=37.7 edge=1331698336 lane=1 lane_cmd_state=CLEAR speed=2.15 target=1.72 dtm=2.5 lead_gap=32.52 host_gap=73.93 lead_gap_t1=32.52 lead_gap_t2=32.52 lead_gap_t3=32.52 host_gap_t1=73.93 host_gap_t2=73.93 host_gap_t3=73.93
obu-ramp-merge-4-1     | [37.7] Ramp_Merge_4 MERGE_LANE_CLEAR_CONFIRMED: edge=1331698336 lane=1 target_lane=1 lane_count=3 executable=False
obu-ramp-back-1        | [37.7] Ramp_Back FINAL_GUARD: REJECTED sid=111 gap=13.4 ttc_danger=False
obu-ramp-back-1        | [37.7] Ramp_Back MERGE_COMMIT_SAFETY_HOLD: lgok=True hgok=True fgok=False edge=34126779 lane=0 target_lane=1 speed=2.37 lane_cmd_state=WAIT_EDGE lane_cmd_executable=False lane_cmd_edge=34126779 lane_cmd_lane_count=1
obu-ramp-merge-4-1     | [37.8] Ramp_Merge_4 MERGE_PHYSICAL_START_DELAYED_UNTIL_LANE_APPLY: waited_s=0.0 edge=1331698336 lane=1 target_lane=1 lane_count=3 lane_cmd_state=CLEAR executable=False dtm=2.6 speed=2.13 reason=implicit_before_completed
obu-ramp-merge-4-1     | [37.8] Ramp_Merge_4 MERGE_START_GAP_DIAG: event=implicit_before_completed lead=106 host=108 lead_eta=6.531383229915933 own_eta=1.236108668863508 host_eta=13.725949805233597 lead_gap=32.407717484164934 host_gap=73.88192746474384 lead_gap_p1=32.407717484164934 lead_gap_p2=32.407717484164934 lead_gap_p3=32.407717484164934 host_gap_p1=73.88192746474384 host_gap_p2=73.88192746474384 host_gap_p3=73.88192746474384 rel_to_lead=-5.341996318343838 rel_to_host=-5.361996318343839 lead_lat=28.57489883472718 host_lat=63.184816343249146 edge=1331698336 lane=1 lane_cmd_state=CLEAR lane_cmd_edge=1331698336 lane_cmd_target=1 lane_cmd_executable=False dtm=2.6 speed=2.13
obu-ramp-merge-4-1     | MERGE_ATTEMPT_TIMELINE: vehicle=Ramp_Merge_4 manoeuvre=98 host=108 lead=106 event=PHYSICAL_START t=37.8 edge=1331698336 lane=1 lane_cmd_state=CLEAR speed=2.13 target=6.75 dtm=2.6 lead_gap=32.41 host_gap=73.88 lead_gap_t1=32.41 lead_gap_t2=32.41 lead_gap_t3=32.41 host_gap_t1=73.88 host_gap_t2=73.88 host_gap_t3=73.88
obu-ramp-merge-4-1     | [37.8] Ramp_Merge_4 MERGE_PHYSICAL_START: host=108 manoeuvre=98
obu-ramp-merge-4-1     | [37.8] Ramp_Merge_4 MERGING!
obu-ramp-merge-4-1     | MERGE_ATTEMPT_TIMELINE: vehicle=Ramp_Merge_4 manoeuvre=98 host=108 lead=106 event=COMPLETED t=37.8 edge=1331698336 lane=1 lane_cmd_state=CLEAR speed=2.13 target=6.75 dtm=2.6 lead_gap=32.41 host_gap=73.88 lead_gap_t1=32.41 lead_gap_t2=32.41 lead_gap_t3=32.41 host_gap_t1=73.88 host_gap_t2=73.88 host_gap_t3=73.88
obu-ramp-merge-4-1     | [37.8] Ramp_Merge_4 MERGE_COMPLETED: eid=1331698336 lane=1 clean=True
obu-ramp-merge-5-1     | [37.8] Ramp_Merge_5 FINAL_GUARD: REJECTED slot-boundary ETA sid=106
obu-ramp-merge-5-1     | [37.8] Ramp_Merge_5 MERGE_COMMIT_SAFETY_HOLD: lgok=False hgok=True fgok=False edge=34126779 lane=0 target_lane=1 speed=2.23 lane_cmd_state=WAIT_EDGE lane_cmd_executable=False lane_cmd_edge=34126779 lane_cmd_lane_count=1
obu-ramp-merge-5-1     | [37.9] Ramp_Merge_5 MERGE_PREPARE_WAIT_LANE_AVAILABLE: edge=34126779 lane=0 target_lane=1 lane_count=1 executable=False dtm=13.7 speed=2.23 host=102 lead=106
obu-ramp-merge-5-1     | [37.9] Ramp_Merge_5 FINAL_GUARD: REJECTED slot-boundary ETA sid=106
obu-ramp-merge-5-1     | [37.9] Ramp_Merge_5 MERGE_COMMIT_SAFETY_HOLD: lgok=False hgok=True fgok=False edge=34126779 lane=0 target_lane=1 speed=2.23 lane_cmd_state=WAIT_EDGE lane_cmd_executable=False lane_cmd_edge=34126779 lane_cmd_lane_count=1
obu-ramp-merge-5-1     | [37.9] Ramp_Merge_5 role=merge state=NEGOTIATING->NEGOTIATING speed=2.23 target=2.25 neighbors=11
obu-ramp-merge-5-1     | [38.1] Ramp_Merge_5 FINAL_GUARD: REJECTED slot-boundary ETA sid=106
obu-ramp-merge-5-1     | [38.1] Ramp_Merge_5 MERGE_COMMIT_SAFETY_HOLD: lgok=False hgok=True fgok=False edge=34126779 lane=0 target_lane=1 speed=2.23 lane_cmd_state=WAIT_EDGE lane_cmd_executable=False lane_cmd_edge=34126779 lane_cmd_lane_count=1
obu-ramp-merge-2-1     | [38.2] Ramp_Merge_2 role=cruise state=CRUISE->CRUISE speed=7.50 target=7.50 neighbors=11
obu-main-back-left-1   | [38.2] Main_Back_Left role=cruise state=CRUISE->CRUISE speed=7.42 target=7.50 neighbors=11
obu-ramp-merge-3-1     | [38.2] Ramp_Merge_3 role=cruise state=CRUISE->CRUISE speed=6.92 target=7.50 neighbors=11
obu-main-mid-right-1   | [38.2] Main_Mid_Right role=cruise state=CRUISE->CRUISE speed=7.50 target=7.50 neighbors=11
obu-main-front-left-1  | [38.3] Main_Front_Left role=cruise state=CRUISE->CRUISE speed=7.50 target=7.50 neighbors=11
obu-main-back-right-1  | [38.3] Main_Back_Right role=cruise state=CRUISE->CRUISE speed=7.49 target=7.50 neighbors=11
obu-ramp-merge-5-1     | [38.2] Ramp_Merge_5 MERGE_COMMIT_SAFETY_HOLD: lgok=False hgok=True fgok=True edge=34126779 lane=0 target_lane=1 speed=2.23 lane_cmd_state=WAIT_EDGE lane_cmd_executable=False lane_cmd_edge=34126779 lane_cmd_lane_count=1
obu-ramp-back-1        | [38.3] Ramp_Back MERGE_PREPARE_WAIT_LANE_AVAILABLE: edge=34126779 lane=0 target_lane=1 lane_count=1 executable=False dtm=27.5 speed=2.28 host=101 lead=106
obu-ramp-back-1        | [38.3] Ramp_Back role=merge state=NEGOTIATING->NEGOTIATING speed=2.28 target=2.46 neighbors=11
obu-lead-car-1         | [38.7] Lead_Car role=cruise state=CRUISE->CRUISE speed=7.50 target=7.50 neighbors=11
obu-ramp-merge-4-1     | [38.7] Ramp_Merge_4 role=host state=CRUISE->CRUISE speed=3.71 target=7.50 neighbors=11
obu-host-car-1         | [38.7] Host_Car role=cruise state=CRUISE->CRUISE speed=7.50 target=7.50 neighbors=11
obu-merge-car-1        | [38.8] Merge_Car role=cruise state=CRUISE->CRUISE speed=7.50 target=7.50 neighbors=11
obu-ramp-back-1        | MERGE_ATTEMPT_TIMELINE: vehicle=Ramp_Back manoeuvre=158 host=101 lead=106 event=TIMEOUT t=38.9 edge=34126779 lane=0 lane_cmd_state=WAIT_EDGE speed=2.31 target=2.49 dtm=26.2 lead_gap=66.55 host_gap=226.01 lead_gap_t1=66.55 lead_gap_t2=66.55 lead_gap_t3=66.55 host_gap_t1=226.01 host_gap_t2=226.01 host_gap_t3=226.01
obu-ramp-back-1        | [38.9] Ramp_Back MERGE_COMMIT_TIMEOUT
obu-ramp-merge-5-1     | [39.0] Ramp_Merge_5 MERGE_PREPARE_WAIT_LANE_AVAILABLE: edge=34126779 lane=0 target_lane=1 lane_count=1 executable=False dtm=11.4 speed=2.24 host=102 lead=106
obu-ramp-merge-5-1     | [39.0] Ramp_Merge_5 FINAL_GUARD: REJECTED sid=110 gap=13.3 ttc_danger=False
obu-ramp-merge-5-1     | MERGE_ATTEMPT_TIMELINE: vehicle=Ramp_Merge_5 manoeuvre=127 host=102 lead=106 event=ABORT_SAFETY_HOLD t=39.0 edge=34126779 lane=0 lane_cmd_state=WAIT_EDGE speed=2.24 target=6.75 dtm=11.4 lead_gap=62.89 host_gap=235.42 lead_gap_t1=62.89 lead_gap_t2=62.89 lead_gap_t3=62.89 host_gap_t1=235.42 host_gap_t2=235.42 host_gap_t3=235.42
obu-ramp-merge-5-1     | [39.0] Ramp_Merge_5 MERGE_COMMIT_ABORT_SAFETY_HOLD: lgok=False hgok=True fgok=False edge=34126779 lane=0 target_lane=1 speed=2.24 lane_cmd_state=WAIT_EDGE lane_cmd_executable=False lane_cmd_edge=34126779 lane_cmd_lane_count=1
obu-ramp-merge-5-1     | [39.0] Ramp_Merge_5 CAR_FOLLOW: sid=110 edge=34126779 lane=0 leader_edge= leader_lane=None leader_role_hint=ramp self_merge_completed=False self_merge_completed_age=-1.0 self_merge_committed=False lane_cmd_state=WAIT_EDGE lane_cmd_edge=34126779 lane_cmd_target=1 lane_cmd_executable=False same_lane=True reason=same_lane_cam gap=8.8 follow_spd=2.62 emergency=False target_before=6.75 target_after=2.4194074556498113 target_after_raw=2.62
obu-ramp-merge-5-1     | [39.0] Ramp_Merge_5 role=merge state=NEGOTIATING->NEGOTIATING speed=2.24 target=2.42 neighbors=11
obu-ramp-back-1        | [39.0] Ramp_Back FINAL_GUARD: REJECTED blind merge with main traffic
obu-ramp-back-1        | [39.0] Ramp_Back MERGE_DECISION: auth=False phys=True fgok=False lgok=True hgok=True cok=True esok=False cready=True dtm=26.0 past=False committed=False hid=None ra=None lclear=True hyok=True
obu-ramp-merge-5-1     | [39.1] Ramp_Merge_5 FINAL_GUARD: REJECTED blind merge with main traffic
obu-ramp-merge-5-1     | [39.1] Ramp_Merge_5 MERGE_DECISION: auth=False phys=True fgok=False lgok=True hgok=True cok=True esok=False cready=True dtm=11.2 past=False committed=False hid=None ra=None lclear=True hyok=True
obu-ramp-merge-5-1     | [39.1] Ramp_Merge_5 CAR_FOLLOW: sid=110 edge=34126779 lane=0 leader_edge= leader_lane=None leader_role_hint=ramp self_merge_completed=False self_merge_completed_age=-1.0 self_merge_committed=False lane_cmd_state=WAIT_EDGE lane_cmd_edge=34126779 lane_cmd_target=1 lane_cmd_executable=False same_lane=True reason=same_lane_cam gap=8.5 follow_spd=2.62 emergency=False target_before=1.7899370828673205 target_after=2.4199370828673206 target_after_raw=2.62
obu-ramp-back-1        | [39.2] Ramp_Back FINAL_GUARD: REJECTED blind merge with main traffic
obu-ramp-back-1        | [39.2] Ramp_Back MERGE_DECISION: auth=False phys=True fgok=False lgok=True hgok=True cok=True esok=False cready=True dtm=25.5 past=False committed=False hid=None ra=None lclear=True hyok=True
obu-main-front-left-1  | [39.3] Main_Front_Left role=cruise state=CRUISE->CRUISE speed=7.50 target=7.50 neighbors=10
obu-ramp-merge-5-1     | [39.2] Ramp_Merge_5 FINAL_GUARD: REJECTED blind merge with main traffic
obu-ramp-merge-5-1     | [39.2] Ramp_Merge_5 MERGE_DECISION: auth=False phys=True fgok=False lgok=True hgok=True cok=True esok=False cready=True dtm=11.0 past=False committed=False hid=None ra=None lclear=True hyok=True
obu-main-mid-right-1   | [39.3] Main_Mid_Right role=cruise state=CRUISE->CRUISE speed=7.50 target=7.50 neighbors=11
traci-bridge-1         | LANE_CMD_STATE veh=Ramp_Merge_5 edge=34126779 lane=0 target=1 lane_count=1 recently=False speed=2.35
traci-bridge-1         | LANE_CMD_WAIT_EDGE veh=Ramp_Merge_5 edge=34126779 lane=0 target=1 lane_count=1
traci-bridge-1         | LANE_CMD_STATE veh=Ramp_Back edge=34126779 lane=0 target=1 lane_count=1 recently=False speed=2.45
traci-bridge-1         | LANE_CMD_WAIT_EDGE veh=Ramp_Back edge=34126779 lane=0 target=1 lane_count=1
traci-bridge-1         | LANE_CMD_STATE veh=Ramp_Merge_4 edge=:390064918_0 lane=0 target=1 lane_count=1 recently=False speed=2.21
traci-bridge-1         | LANE_CMD_WAIT_EDGE veh=Ramp_Merge_4 edge=:390064918_0 lane=0 target=1 lane_count=1
traci-bridge-1         | LANE_CMD_STATE veh=Ramp_Merge_5 edge=34126779 lane=0 target=1 lane_count=1 recently=False speed=2.34
traci-bridge-1         | LANE_CMD_WAIT_EDGE veh=Ramp_Merge_5 edge=34126779 lane=0 target=1 lane_count=1
traci-bridge-1         | LANE_CMD_STATE veh=Ramp_Back edge=34126779 lane=0 target=1 lane_count=1 recently=False speed=2.46
traci-bridge-1         | LANE_CMD_WAIT_EDGE veh=Ramp_Back edge=34126779 lane=0 target=1 lane_count=1
traci-bridge-1         | LANE_CMD_STATE veh=Ramp_Merge_4 edge=:390064918_0 lane=0 target=1 lane_count=1 recently=False speed=2.19
traci-bridge-1         | LANE_CMD_WAIT_EDGE veh=Ramp_Merge_4 edge=:390064918_0 lane=0 target=1 lane_count=1
traci-bridge-1         | LANE_CMD_STATE veh=Ramp_Merge_5 edge=34126779 lane=0 target=1 lane_count=1 recently=False speed=2.34
traci-bridge-1         | LANE_CMD_WAIT_EDGE veh=Ramp_Merge_5 edge=34126779 lane=0 target=1 lane_count=1
traci-bridge-1         | LANE_CMD_STATE veh=Ramp_Back edge=34126779 lane=0 target=1 lane_count=1 recently=False speed=2.47
traci-bridge-1         | LANE_CMD_WAIT_EDGE veh=Ramp_Back edge=34126779 lane=0 target=1 lane_count=1
traci-bridge-1         | LANE_CMD_STATE veh=Ramp_Merge_4 edge=1331698336 lane=0 target=1 lane_count=3 recently=False speed=2.17
traci-bridge-1         | LANE_CMD_APPLY veh=Ramp_Merge_4 edge=1331698336 from_lane=0 target=1 duration=2.00 mode=256 speed=2.17
traci-bridge-1         | LANE_CMD_STATE veh=Ramp_Merge_5 edge=34126779 lane=0 target=1 lane_count=1 recently=False speed=2.33
traci-bridge-1         | LANE_CMD_WAIT_EDGE veh=Ramp_Merge_5 edge=34126779 lane=0 target=1 lane_count=1
traci-bridge-1         | LANE_CMD_STATE veh=Ramp_Back edge=34126779 lane=0 target=1 lane_count=1 recently=False speed=2.35
traci-bridge-1         | LANE_CMD_WAIT_EDGE veh=Ramp_Back edge=34126779 lane=0 target=1 lane_count=1
traci-bridge-1         | LANE_CMD_STATE veh=Ramp_Merge_4 edge=1331698336 lane=1 target=1 lane_count=3 recently=True speed=2.15
traci-bridge-1         | LANE_CMD_CLEAR veh=Ramp_Merge_4 edge=1331698336 target=1
traci-bridge-1         | LANE_CMD_STATE veh=Ramp_Merge_5 edge=34126779 lane=0 target=1 lane_count=1 recently=False speed=2.23
traci-bridge-1         | LANE_CMD_WAIT_EDGE veh=Ramp_Merge_5 edge=34126779 lane=0 target=1 lane_count=1
traci-bridge-1         | LANE_CMD_STATE veh=Ramp_Back edge=34126779 lane=0 target=1 lane_count=1 recently=False speed=2.37
traci-bridge-1         | LANE_CMD_WAIT_EDGE veh=Ramp_Back edge=34126779 lane=0 target=1 lane_count=1
traci-bridge-1         | LANE_CMD_STATE veh=Ramp_Merge_5 edge=34126779 lane=0 target=1 lane_count=1 recently=False speed=2.23
traci-bridge-1         | LANE_CMD_WAIT_EDGE veh=Ramp_Merge_5 edge=34126779 lane=0 target=1 lane_count=1
traci-bridge-1         | LANE_CMD_STATE veh=Ramp_Back edge=34126779 lane=0 target=1 lane_count=1 recently=False speed=2.38
traci-bridge-1         | LANE_CMD_WAIT_EDGE veh=Ramp_Back edge=34126779 lane=0 target=1 lane_count=1
traci-bridge-1         | LANE_CMD_STATE veh=Ramp_Merge_5 edge=34126779 lane=0 target=1 lane_count=1 recently=False speed=2.23
traci-bridge-1         | LANE_CMD_WAIT_EDGE veh=Ramp_Merge_5 edge=34126779 lane=0 target=1 lane_count=1
traci-bridge-1         | LANE_CMD_STATE veh=Ramp_Back edge=34126779 lane=0 target=1 lane_count=1 recently=False speed=2.39
traci-bridge-1         | LANE_CMD_WAIT_EDGE veh=Ramp_Back edge=34126779 lane=0 target=1 lane_count=1
traci-bridge-1         | LANE_CMD_STATE veh=Ramp_Merge_5 edge=34126779 lane=0 target=1 lane_count=1 recently=False speed=2.23
traci-bridge-1         | LANE_CMD_WAIT_EDGE veh=Ramp_Merge_5 edge=34126779 lane=0 target=1 lane_count=1
traci-bridge-1         | LANE_CMD_STATE veh=Ramp_Back edge=34126779 lane=0 target=1 lane_count=1 recently=False speed=2.28
traci-bridge-1         | LANE_CMD_WAIT_EDGE veh=Ramp_Back edge=34126779 lane=0 target=1 lane_count=1
traci-bridge-1         | LANE_CMD_STATE veh=Ramp_Merge_5 edge=34126779 lane=0 target=1 lane_count=1 recently=False speed=2.23
traci-bridge-1         | LANE_CMD_WAIT_EDGE veh=Ramp_Merge_5 edge=34126779 lane=0 target=1 lane_count=1
traci-bridge-1         | LANE_CMD_STATE veh=Ramp_Back edge=34126779 lane=0 target=1 lane_count=1 recently=False speed=2.28
traci-bridge-1         | LANE_CMD_WAIT_EDGE veh=Ramp_Back edge=34126779 lane=0 target=1 lane_count=1
traci-bridge-1         | LANE_CMD_STATE veh=Ramp_Merge_5 edge=34126779 lane=0 target=1 lane_count=1 recently=False speed=2.23
traci-bridge-1         | LANE_CMD_WAIT_EDGE veh=Ramp_Merge_5 edge=34126779 lane=0 target=1 lane_count=1
traci-bridge-1         | LANE_CMD_STATE veh=Ramp_Back edge=34126779 lane=0 target=1 lane_count=1 recently=False speed=2.28
traci-bridge-1         | LANE_CMD_WAIT_EDGE veh=Ramp_Back edge=34126779 lane=0 target=1 lane_count=1
traci-bridge-1         | LANE_CMD_STATE veh=Ramp_Merge_5 edge=34126779 lane=0 target=1 lane_count=1 recently=False speed=2.23
traci-bridge-1         | LANE_CMD_WAIT_EDGE veh=Ramp_Merge_5 edge=34126779 lane=0 target=1 lane_count=1
traci-bridge-1         | LANE_CMD_STATE veh=Ramp_Back edge=34126779 lane=0 target=1 lane_count=1 recently=False speed=2.28
traci-bridge-1         | LANE_CMD_WAIT_EDGE veh=Ramp_Back edge=34126779 lane=0 target=1 lane_count=1
traci-bridge-1         | LANE_CMD_STATE veh=Ramp_Merge_5 edge=34126779 lane=0 target=1 lane_count=1 recently=False speed=2.24
traci-bridge-1         | LANE_CMD_WAIT_EDGE veh=Ramp_Merge_5 edge=34126779 lane=0 target=1 lane_count=1
traci-bridge-1         | LANE_CMD_STATE veh=Ramp_Back edge=34126779 lane=0 target=1 lane_count=1 recently=False speed=2.28
traci-bridge-1         | LANE_CMD_WAIT_EDGE veh=Ramp_Back edge=34126779 lane=0 target=1 lane_count=1
traci-bridge-1         | LANE_CMD_STATE veh=Ramp_Merge_5 edge=34126779 lane=0 target=1 lane_count=1 recently=False speed=2.24
traci-bridge-1         | LANE_CMD_WAIT_EDGE veh=Ramp_Merge_5 edge=34126779 lane=0 target=1 lane_count=1
traci-bridge-1         | LANE_CMD_STATE veh=Ramp_Back edge=34126779 lane=0 target=1 lane_count=1 recently=False speed=2.28
traci-bridge-1         | LANE_CMD_WAIT_EDGE veh=Ramp_Back edge=34126779 lane=0 target=1 lane_count=1
traci-bridge-1         | LANE_CMD_STATE veh=Ramp_Merge_5 edge=34126779 lane=0 target=1 lane_count=1 recently=False speed=2.24
traci-bridge-1         | LANE_CMD_WAIT_EDGE veh=Ramp_Merge_5 edge=34126779 lane=0 target=1 lane_count=1
traci-bridge-1         | LANE_CMD_STATE veh=Ramp_Back edge=34126779 lane=0 target=1 lane_count=1 recently=False speed=2.28
traci-bridge-1         | LANE_CMD_WAIT_EDGE veh=Ramp_Back edge=34126779 lane=0 target=1 lane_count=1
traci-bridge-1         | LANE_CMD_STATE veh=Ramp_Merge_5 edge=34126779 lane=0 target=1 lane_count=1 recently=False speed=2.24
traci-bridge-1         | LANE_CMD_WAIT_EDGE veh=Ramp_Merge_5 edge=34126779 lane=0 target=1 lane_count=1
traci-bridge-1         | LANE_CMD_STATE veh=Ramp_Back edge=34126779 lane=0 target=1 lane_count=1 recently=False speed=2.29
traci-bridge-1         | LANE_CMD_WAIT_EDGE veh=Ramp_Back edge=34126779 lane=0 target=1 lane_count=1
traci-bridge-1         | LANE_CMD_STATE veh=Ramp_Merge_5 edge=34126779 lane=0 target=1 lane_count=1 recently=False speed=2.24
traci-bridge-1         | LANE_CMD_WAIT_EDGE veh=Ramp_Merge_5 edge=34126779 lane=0 target=1 lane_count=1
traci-bridge-1         | LANE_CMD_STATE veh=Ramp_Back edge=34126779 lane=0 target=1 lane_count=1 recently=False speed=2.30
traci-bridge-1         | LANE_CMD_WAIT_EDGE veh=Ramp_Back edge=34126779 lane=0 target=1 lane_count=1
traci-bridge-1         | LANE_CMD_STATE veh=Ramp_Merge_5 edge=34126779 lane=0 target=1 lane_count=1 recently=False speed=2.24
traci-bridge-1         | LANE_CMD_WAIT_EDGE veh=Ramp_Merge_5 edge=34126779 lane=0 target=1 lane_count=1
traci-bridge-1         | LANE_CMD_STATE veh=Ramp_Back edge=34126779 lane=0 target=1 lane_count=1 recently=False speed=2.31
traci-bridge-1         | LANE_CMD_WAIT_EDGE veh=Ramp_Back edge=34126779 lane=0 target=1 lane_count=1
traci-bridge-1         | LANE_CMD_STATE veh=Ramp_Merge_5 edge=34126779 lane=0 target=1 lane_count=1 recently=False speed=2.24
traci-bridge-1         | LANE_CMD_WAIT_EDGE veh=Ramp_Merge_5 edge=34126779 lane=0 target=1 lane_count=1
traci-bridge-1         | LANE_CMD_STATE veh=Ramp_Back edge=34126779 lane=0 target=1 lane_count=1 recently=False speed=2.21
traci-bridge-1         | LANE_CMD_WAIT_EDGE veh=Ramp_Back edge=34126779 lane=0 target=1 lane_count=1
traci-bridge-1         | LANE_CMD_STATE veh=Ramp_Merge_5 edge=34126779 lane=0 target=1 lane_count=1 recently=False speed=2.24
traci-bridge-1         | LANE_CMD_WAIT_EDGE veh=Ramp_Merge_5 edge=34126779 lane=0 target=1 lane_count=1
traci-bridge-1         | LANE_CMD_STATE veh=Ramp_Back edge=34126779 lane=0 target=1 lane_count=1 recently=False speed=2.22
traci-bridge-1         | LANE_CMD_WAIT_EDGE veh=Ramp_Back edge=34126779 lane=0 target=1 lane_count=1
traci-bridge-1         | LANE_CMD_STATE veh=Ramp_Merge_5 edge=34126779 lane=0 target=1 lane_count=1 recently=False speed=2.24
traci-bridge-1         | LANE_CMD_WAIT_EDGE veh=Ramp_Merge_5 edge=34126779 lane=0 target=1 lane_count=1
traci-bridge-1         | LANE_CMD_STATE veh=Ramp_Back edge=34126779 lane=0 target=1 lane_count=1 recently=False speed=2.23
traci-bridge-1         | LANE_CMD_WAIT_EDGE veh=Ramp_Back edge=34126779 lane=0 target=1 lane_count=1
traci-bridge-1         | LANE_CMD_STATE veh=Ramp_Merge_5 edge=34126779 lane=0 target=1 lane_count=1 recently=False speed=2.25
traci-bridge-1         | LANE_CMD_WAIT_EDGE veh=Ramp_Merge_5 edge=34126779 lane=0 target=1 lane_count=1
traci-bridge-1         | LANE_CMD_STATE veh=Ramp_Back edge=34126779 lane=0 target=1 lane_count=1 recently=False speed=2.24
traci-bridge-1         | LANE_CMD_WAIT_EDGE veh=Ramp_Back edge=34126779 lane=0 target=1 lane_count=1
obu-ramp-merge-2-1     | [39.3] Ramp_Merge_2 role=cruise state=CRUISE->CRUISE speed=7.50 target=7.50 neighbors=11
obu-main-back-left-1   | [39.3] Main_Back_Left role=cruise state=CRUISE->CRUISE speed=7.45 target=7.50 neighbors=10
obu-ramp-merge-3-1     | [39.4] Ramp_Merge_3 role=cruise state=CRUISE->CRUISE speed=7.18 target=7.50 neighbors=11
obu-ramp-merge-4-1     | [39.8] Ramp_Merge_4 role=cruise state=CRUISE->CRUISE speed=5.34 target=7.50 neighbors=11
obu-merge-car-1        | [39.8] Merge_Car role=cruise state=CRUISE->CRUISE speed=7.50 target=7.50 neighbors=11
obu-ramp-back-1        | MERGE_STALLED_LEAD_ONLY_RECOVERY: vehicle=Ramp_Back lead=109 dtm=24.2 speed=2.28 target=4.50 fgok=True lgok=True lclear=True source=true_after_last_main
obu-ramp-back-1        | MERGE_AUTHORIZED_LEAD_ONLY_AFTER_LAST_MAIN: vehicle=Ramp_Back lead=109 dtm=24.2 lead_gap=48.47 lead_gap_t1=48.47 lead_gap_t2=48.47 source=true_after_last_main
obu-ramp-back-1        | [39.8] Ramp_Back MERGE_DECISION: auth=True phys=True fgok=True lgok=True hgok=True cok=True esok=False cready=True dtm=24.2 past=False committed=False hid=None ra=None lclear=True hyok=True
obu-ramp-back-1        | [39.8] Ramp_Back MERGE_PREPARE_WAIT_LANE_AVAILABLE: edge=34126779 lane=0 target_lane=1 lane_count=1 executable=False dtm=24.2 speed=2.28 host=None lead=109
obu-ramp-back-1        | [39.8] Ramp_Back role=merge state=CRUISE->NEGOTIATING speed=2.28 target=2.46 neighbors=11
obu-host-car-1         | [39.8] Host_Car role=cruise state=CRUISE->CRUISE speed=7.50 target=7.50 neighbors=11
obu-main-back-right-1  | [39.9] Main_Back_Right role=cruise state=CRUISE->CRUISE speed=7.50 target=7.50 neighbors=11
obu-lead-car-1         | [40.0] Lead_Car role=cruise state=CRUISE->CRUISE speed=7.50 target=7.50 neighbors=11
obu-ramp-merge-5-1     | MERGE_SLOT_QUALITY_DIAG: vehicle=Ramp_Merge_5 event=REQUEST_NEW t=40.0 manoeuvre=128 source=new_request lead=None host=109 own_eta=4.42 lead_eta=None host_eta=5.01 min_eta=None max_eta=3.51 desired_eta=3.51 gap_possible=True dtm=9.4 edge=34126779 lane=0 speed=2.13 lead_speed=None host_speed=7.09 lead_gap=None host_gap=38.93 lead_gap_t1=None lead_gap_t2=None lead_gap_t3=None host_gap_t1=38.93 host_gap_t2=38.93 host_gap_t3=38.93 rel_to_lead=None rel_to_host=-4.96 lead_lat=None host_lat=1.09 pending=True accepted=False authorized=False committed=False pending_age=0.00 accepted_age=None lane_cmd_state=WAIT_EDGE lane_cmd_target=1
obu-ramp-merge-5-1     | MERGE_ATTEMPT_TIMELINE: vehicle=Ramp_Merge_5 manoeuvre=128 host=109 lead=106 event=REQUEST_SENT t=40.0 edge=34126779 lane=0 lane_cmd_state=WAIT_EDGE speed=2.13 target=6.75 dtm=9.4 lead_gap=67.90 host_gap=38.93 lead_gap_t1=67.90 lead_gap_t2=67.90 lead_gap_t3=67.90 host_gap_t1=38.93 host_gap_t2=38.93 host_gap_t3=38.93
obu-ramp-merge-5-1     | [40.0] Ramp_Merge_5 MCM_TX_REQUEST: manoeuvre=128 target=109
obu-ramp-merge-5-1     | [40.0] Ramp_Merge_5 FINAL_GUARD: REJECTED slot-boundary ETA sid=109
obu-ramp-merge-5-1     | [40.0] Ramp_Merge_5 MERGE_DECISION: auth=False phys=True fgok=False lgok=True hgok=False cok=True esok=False cready=True dtm=9.4 past=False committed=False hid=109 ra=None lclear=True hyok=False
obu-ramp-merge-5-1     | [40.0] Ramp_Merge_5 role=merge state=YIELDING->YIELDING speed=2.13 target=1.68 neighbors=11
obu-ramp-merge-3-1     | [40.1] Ramp_Merge_3 MCM_RX_REQUEST: from=111 manoeuvre=128 target=109
obu-ramp-merge-5-1     | [40.1] Ramp_Merge_5 MERGE_DECISION: auth=False phys=True fgok=True lgok=True hgok=True cok=True esok=False cready=True dtm=9.2 past=False committed=False hid=109 ra=None lclear=True hyok=False
obu-ramp-merge-5-1     | [40.2] Ramp_Merge_5 MERGE_DECISION: auth=False phys=True fgok=True lgok=True hgok=True cok=True esok=False cready=True dtm=9.1 past=False committed=False hid=109 ra=None lclear=True hyok=False
obu-main-mid-right-1   | [40.4] Main_Mid_Right role=cruise state=CRUISE->CRUISE speed=7.50 target=7.50 neighbors=11
obu-ramp-merge-3-1     | [40.7] Ramp_Merge_3 role=cruise state=CRUISE->CRUISE speed=7.34 target=7.50 neighbors=11
obu-main-front-left-1  | [40.7] Main_Front_Left role=cruise state=CRUISE->CRUISE speed=7.50 target=7.50 neighbors=11
obu-ramp-merge-2-1     | [40.8] Ramp_Merge_2 role=cruise state=CRUISE->CRUISE speed=7.50 target=7.50 neighbors=11
obu-ramp-merge-5-1     | MCM_REQUEST_RETRY_DIAG: vehicle=Ramp_Merge_5 host=109 lead=None manoeuvre=128 retry_count=1 pending_age=0.7 dtm=8.2 own_eta=4.11 host_eta_current=6.071119200399403 host_eta_at_request=5.008673559808904 lead_eta_current=None lead_eta_at_request=None last_response_action=None last_response_age=None host_remote_fsm=CRUISE host_remote_edge=1331698336 host_remote_lane=1 host_remote_merge_committed=False host_remote_merge_completed=True host_remote_active_merge_request=False host_remote_active_station_id=None host_remote_active_manoeuvre_id=None host_remote_active_remaining_s=0.0
obu-ramp-merge-5-1     | MERGE_SLOT_QUALITY_DIAG: vehicle=Ramp_Merge_5 event=REQUEST_RETRY t=40.7 manoeuvre=128 source=retry_request lead=None host=109 own_eta=4.11 lead_eta=None host_eta=6.07 min_eta=None max_eta=4.57 desired_eta=4.11 gap_possible=True dtm=8.2 edge=34126779 lane=0 speed=2.00 lead_speed=None host_speed=7.27 lead_gap=None host_gap=46.11 lead_gap_t1=None lead_gap_t2=None lead_gap_t3=None host_gap_t1=46.11 host_gap_t2=46.11 host_gap_t3=46.11 rel_to_lead=None rel_to_host=-5.27 lead_lat=None host_lat=0.57 pending=True accepted=False authorized=False committed=False pending_age=0.70 accepted_age=None lane_cmd_state=WAIT_EDGE lane_cmd_target=1
obu-ramp-merge-5-1     | [40.7] Ramp_Merge_5 MCM_TX_REQUEST: manoeuvre=128 target=109
obu-ramp-merge-5-1     | [40.7] Ramp_Merge_5 MERGE_DECISION: auth=False phys=True fgok=True lgok=True hgok=True cok=True esok=False cready=True dtm=8.2 past=False committed=False hid=109 ra=None lclear=True hyok=False
obu-main-back-left-1   | [40.7] Main_Back_Left role=cruise state=CRUISE->CRUISE speed=7.48 target=7.50 neighbors=11
obu-merge-car-1        | [40.9] Merge_Car role=cruise state=CRUISE->CRUISE speed=7.50 target=7.50 neighbors=11
obu-ramp-back-1        | [41.2] Ramp_Back MERGE_PREPARE_WAIT_LANE_AVAILABLE: edge=34126779 lane=0 target_lane=1 lane_count=1 executable=False dtm=21.2 speed=2.06 host=None lead=109
obu-ramp-merge-3-1     | [41.2] Ramp_Merge_3 MCM_RX_REQUEST: from=111 manoeuvre=128 target=109
obu-ramp-back-1        | [41.2] Ramp_Back role=merge state=NEGOTIATING->NEGOTIATING speed=2.06 target=2.24 neighbors=10
obu-host-car-1         | [41.3] Host_Car role=cruise state=CRUISE->CRUISE speed=7.50 target=7.50 neighbors=11
obu-lead-car-1         | [41.3] Lead_Car role=cruise state=CRUISE->CRUISE speed=7.50 target=7.50 neighbors=11
obu-ramp-merge-4-1     | [41.2] Ramp_Merge_4 role=cruise state=CRUISE->CRUISE speed=6.45 target=7.50 neighbors=11
obu-ramp-merge-5-1     | MCM_REQUEST_RETRY_DIAG: vehicle=Ramp_Merge_5 host=109 lead=None manoeuvre=128 retry_count=2 pending_age=1.3 dtm=7.3 own_eta=3.87 host_eta_current=6.620636274271314 host_eta_at_request=5.008673559808904 lead_eta_current=None lead_eta_at_request=None last_response_action=None last_response_age=None host_remote_fsm=CRUISE host_remote_edge=1331698336 host_remote_lane=1 host_remote_merge_committed=False host_remote_merge_completed=True host_remote_active_merge_request=False host_remote_active_station_id=None host_remote_active_manoeuvre_id=None host_remote_active_remaining_s=0.0
obu-ramp-merge-5-1     | MERGE_SLOT_QUALITY_DIAG: vehicle=Ramp_Merge_5 event=REQUEST_RETRY t=41.3 manoeuvre=128 source=retry_request lead=None host=109 own_eta=3.87 lead_eta=None host_eta=6.62 min_eta=None max_eta=5.12 desired_eta=3.87 gap_possible=True dtm=7.3 edge=34126779 lane=0 speed=1.89 lead_speed=None host_speed=7.33 lead_gap=None host_gap=49.34 lead_gap_t1=None lead_gap_t2=None lead_gap_t3=None host_gap_t1=49.34 host_gap_t2=49.34 host_gap_t3=49.34 rel_to_lead=None rel_to_host=-5.44 lead_lat=None host_lat=0.31 pending=True accepted=False authorized=False committed=False pending_age=1.30 accepted_age=None lane_cmd_state=WAIT_EDGE lane_cmd_target=1
obu-ramp-merge-5-1     | [41.3] Ramp_Merge_5 MCM_TX_REQUEST: manoeuvre=128 target=109
obu-ramp-merge-5-1     | [41.3] Ramp_Merge_5 FINAL_GUARD: REJECTED sid=110 gap=20.6 ttc_danger=False
obu-ramp-merge-5-1     | [41.3] Ramp_Merge_5 MERGE_DECISION: auth=False phys=True fgok=False lgok=True hgok=True cok=True esok=False cready=True dtm=7.3 past=False committed=False hid=109 ra=None lclear=True hyok=False
obu-ramp-merge-5-1     | [41.3] Ramp_Merge_5 role=merge state=YIELDING->YIELDING speed=1.89 target=1.44 neighbors=11
obu-main-mid-right-1   | [41.4] Main_Mid_Right role=cruise state=CRUISE->CRUISE speed=7.50 target=7.50 neighbors=11
obu-main-back-right-1  | [41.4] Main_Back_Right role=cruise state=CRUISE->CRUISE speed=7.50 target=7.50 neighbors=11
traci-bridge-1         | LANE_CMD_STATE veh=Ramp_Merge_5 edge=34126779 lane=0 target=1 lane_count=1 recently=False speed=2.26
traci-bridge-1         | LANE_CMD_WAIT_EDGE veh=Ramp_Merge_5 edge=34126779 lane=0 target=1 lane_count=1
traci-bridge-1         | LANE_CMD_STATE veh=Ramp_Back edge=34126779 lane=0 target=1 lane_count=1 recently=False speed=2.25
traci-bridge-1         | LANE_CMD_WAIT_EDGE veh=Ramp_Back edge=34126779 lane=0 target=1 lane_count=1
traci-bridge-1         | LANE_CMD_STATE veh=Ramp_Merge_5 edge=34126779 lane=0 target=1 lane_count=1 recently=False speed=2.23
traci-bridge-1         | LANE_CMD_WAIT_EDGE veh=Ramp_Merge_5 edge=34126779 lane=0 target=1 lane_count=1
traci-bridge-1         | LANE_CMD_STATE veh=Ramp_Back edge=34126779 lane=0 target=1 lane_count=1 recently=False speed=2.26
traci-bridge-1         | LANE_CMD_WAIT_EDGE veh=Ramp_Back edge=34126779 lane=0 target=1 lane_count=1
traci-bridge-1         | LANE_CMD_STATE veh=Ramp_Merge_5 edge=34126779 lane=0 target=1 lane_count=1 recently=False speed=2.21
traci-bridge-1         | LANE_CMD_WAIT_EDGE veh=Ramp_Merge_5 edge=34126779 lane=0 target=1 lane_count=1
traci-bridge-1         | LANE_CMD_STATE veh=Ramp_Back edge=34126779 lane=0 target=1 lane_count=1 recently=False speed=2.27
traci-bridge-1         | LANE_CMD_WAIT_EDGE veh=Ramp_Back edge=34126779 lane=0 target=1 lane_count=1
traci-bridge-1         | LANE_CMD_STATE veh=Ramp_Merge_5 edge=34126779 lane=0 target=1 lane_count=1 recently=False speed=2.19
traci-bridge-1         | LANE_CMD_WAIT_EDGE veh=Ramp_Merge_5 edge=34126779 lane=0 target=1 lane_count=1
traci-bridge-1         | LANE_CMD_STATE veh=Ramp_Back edge=34126779 lane=0 target=1 lane_count=1 recently=False speed=2.27
traci-bridge-1         | LANE_CMD_WAIT_EDGE veh=Ramp_Back edge=34126779 lane=0 target=1 lane_count=1
traci-bridge-1         | LANE_CMD_STATE veh=Ramp_Merge_5 edge=34126779 lane=0 target=1 lane_count=1 recently=False speed=2.17
traci-bridge-1         | LANE_CMD_WAIT_EDGE veh=Ramp_Merge_5 edge=34126779 lane=0 target=1 lane_count=1
traci-bridge-1         | LANE_CMD_STATE veh=Ramp_Back edge=34126779 lane=0 target=1 lane_count=1 recently=False speed=2.28
traci-bridge-1         | LANE_CMD_WAIT_EDGE veh=Ramp_Back edge=34126779 lane=0 target=1 lane_count=1
traci-bridge-1         | LANE_CMD_STATE veh=Ramp_Merge_5 edge=34126779 lane=0 target=1 lane_count=1 recently=False speed=2.15
traci-bridge-1         | LANE_CMD_WAIT_EDGE veh=Ramp_Merge_5 edge=34126779 lane=0 target=1 lane_count=1
traci-bridge-1         | LANE_CMD_STATE veh=Ramp_Back edge=34126779 lane=0 target=1 lane_count=1 recently=False speed=2.18
traci-bridge-1         | LANE_CMD_WAIT_EDGE veh=Ramp_Back edge=34126779 lane=0 target=1 lane_count=1
traci-bridge-1         | LANE_CMD_STATE veh=Ramp_Merge_5 edge=34126779 lane=0 target=1 lane_count=1 recently=False speed=2.13
traci-bridge-1         | LANE_CMD_WAIT_EDGE veh=Ramp_Merge_5 edge=34126779 lane=0 target=1 lane_count=1
traci-bridge-1         | LANE_CMD_STATE veh=Ramp_Back edge=34126779 lane=0 target=1 lane_count=1 recently=False speed=2.20
traci-bridge-1         | LANE_CMD_WAIT_EDGE veh=Ramp_Back edge=34126779 lane=0 target=1 lane_count=1
traci-bridge-1         | LANE_CMD_STATE veh=Ramp_Merge_5 edge=34126779 lane=0 target=1 lane_count=1 recently=False speed=2.12
traci-bridge-1         | LANE_CMD_WAIT_EDGE veh=Ramp_Merge_5 edge=34126779 lane=0 target=1 lane_count=1
traci-bridge-1         | LANE_CMD_STATE veh=Ramp_Back edge=34126779 lane=0 target=1 lane_count=1 recently=False speed=2.21
traci-bridge-1         | LANE_CMD_WAIT_EDGE veh=Ramp_Back edge=34126779 lane=0 target=1 lane_count=1
traci-bridge-1         | LANE_CMD_STATE veh=Ramp_Merge_5 edge=34126779 lane=0 target=1 lane_count=1 recently=False speed=2.10
traci-bridge-1         | LANE_CMD_WAIT_EDGE veh=Ramp_Merge_5 edge=34126779 lane=0 target=1 lane_count=1
traci-bridge-1         | LANE_CMD_STATE veh=Ramp_Back edge=34126779 lane=0 target=1 lane_count=1 recently=False speed=2.22
traci-bridge-1         | LANE_CMD_WAIT_EDGE veh=Ramp_Back edge=34126779 lane=0 target=1 lane_count=1
traci-bridge-1         | LANE_CMD_STATE veh=Ramp_Merge_5 edge=34126779 lane=0 target=1 lane_count=1 recently=False speed=2.08
traci-bridge-1         | LANE_CMD_WAIT_EDGE veh=Ramp_Merge_5 edge=34126779 lane=0 target=1 lane_count=1
traci-bridge-1         | LANE_CMD_STATE veh=Ramp_Back edge=34126779 lane=0 target=1 lane_count=1 recently=False speed=2.13
traci-bridge-1         | LANE_CMD_WAIT_EDGE veh=Ramp_Back edge=34126779 lane=0 target=1 lane_count=1
traci-bridge-1         | LANE_CMD_STATE veh=Ramp_Merge_5 edge=34126779 lane=0 target=1 lane_count=1 recently=False speed=2.06
traci-bridge-1         | LANE_CMD_WAIT_EDGE veh=Ramp_Merge_5 edge=34126779 lane=0 target=1 lane_count=1
traci-bridge-1         | LANE_CMD_STATE veh=Ramp_Back edge=34126779 lane=0 target=1 lane_count=1 recently=False speed=2.14
traci-bridge-1         | LANE_CMD_WAIT_EDGE veh=Ramp_Back edge=34126779 lane=0 target=1 lane_count=1
traci-bridge-1         | LANE_CMD_STATE veh=Ramp_Merge_5 edge=34126779 lane=0 target=1 lane_count=1 recently=False speed=2.04
traci-bridge-1         | LANE_CMD_WAIT_EDGE veh=Ramp_Merge_5 edge=34126779 lane=0 target=1 lane_count=1
traci-bridge-1         | LANE_CMD_STATE veh=Ramp_Back edge=34126779 lane=0 target=1 lane_count=1 recently=False speed=2.16
traci-bridge-1         | LANE_CMD_WAIT_EDGE veh=Ramp_Back edge=34126779 lane=0 target=1 lane_count=1
traci-bridge-1         | LANE_CMD_STATE veh=Ramp_Merge_5 edge=34126779 lane=0 target=1 lane_count=1 recently=False speed=2.02
traci-bridge-1         | LANE_CMD_WAIT_EDGE veh=Ramp_Merge_5 edge=34126779 lane=0 target=1 lane_count=1
traci-bridge-1         | LANE_CMD_STATE veh=Ramp_Back edge=34126779 lane=0 target=1 lane_count=1 recently=False speed=2.17
traci-bridge-1         | LANE_CMD_WAIT_EDGE veh=Ramp_Back edge=34126779 lane=0 target=1 lane_count=1
traci-bridge-1         | LANE_CMD_STATE veh=Ramp_Merge_5 edge=34126779 lane=0 target=1 lane_count=1 recently=False speed=2.00
traci-bridge-1         | LANE_CMD_WAIT_EDGE veh=Ramp_Merge_5 edge=34126779 lane=0 target=1 lane_count=1
traci-bridge-1         | LANE_CMD_STATE veh=Ramp_Back edge=34126779 lane=0 target=1 lane_count=1 recently=False speed=2.09
traci-bridge-1         | LANE_CMD_WAIT_EDGE veh=Ramp_Back edge=34126779 lane=0 target=1 lane_count=1
traci-bridge-1         | LANE_CMD_STATE veh=Ramp_Merge_5 edge=34126779 lane=0 target=1 lane_count=1 recently=False speed=1.98
traci-bridge-1         | LANE_CMD_WAIT_EDGE veh=Ramp_Merge_5 edge=34126779 lane=0 target=1 lane_count=1
traci-bridge-1         | LANE_CMD_STATE veh=Ramp_Back edge=34126779 lane=0 target=1 lane_count=1 recently=False speed=2.10
traci-bridge-1         | LANE_CMD_WAIT_EDGE veh=Ramp_Back edge=34126779 lane=0 target=1 lane_count=1
traci-bridge-1         | LANE_CMD_STATE veh=Ramp_Merge_5 edge=34126779 lane=0 target=1 lane_count=1 recently=False speed=1.97
traci-bridge-1         | LANE_CMD_WAIT_EDGE veh=Ramp_Merge_5 edge=34126779 lane=0 target=1 lane_count=1
traci-bridge-1         | LANE_CMD_STATE veh=Ramp_Back edge=34126779 lane=0 target=1 lane_count=1 recently=False speed=2.11
traci-bridge-1         | LANE_CMD_WAIT_EDGE veh=Ramp_Back edge=34126779 lane=0 target=1 lane_count=1
traci-bridge-1         | LANE_CMD_STATE veh=Ramp_Merge_5 edge=34126779 lane=0 target=1 lane_count=1 recently=False speed=1.95
traci-bridge-1         | LANE_CMD_WAIT_EDGE veh=Ramp_Merge_5 edge=34126779 lane=0 target=1 lane_count=1
traci-bridge-1         | LANE_CMD_STATE veh=Ramp_Back edge=34126779 lane=0 target=1 lane_count=1 recently=False speed=2.03
traci-bridge-1         | LANE_CMD_WAIT_EDGE veh=Ramp_Back edge=34126779 lane=0 target=1 lane_count=1
traci-bridge-1         | LANE_CMD_STATE veh=Ramp_Merge_5 edge=34126779 lane=0 target=1 lane_count=1 recently=False speed=1.93
traci-bridge-1         | LANE_CMD_WAIT_EDGE veh=Ramp_Merge_5 edge=34126779 lane=0 target=1 lane_count=1
traci-bridge-1         | LANE_CMD_STATE veh=Ramp_Back edge=34126779 lane=0 target=1 lane_count=1 recently=False speed=2.05
traci-bridge-1         | LANE_CMD_WAIT_EDGE veh=Ramp_Back edge=34126779 lane=0 target=1 lane_count=1
traci-bridge-1         | LANE_CMD_STATE veh=Ramp_Merge_5 edge=34126779 lane=0 target=1 lane_count=1 recently=False speed=1.91
traci-bridge-1         | LANE_CMD_WAIT_EDGE veh=Ramp_Merge_5 edge=34126779 lane=0 target=1 lane_count=1
traci-bridge-1         | LANE_CMD_STATE veh=Ramp_Back edge=34126779 lane=0 target=1 lane_count=1 recently=False speed=2.06
traci-bridge-1         | LANE_CMD_WAIT_EDGE veh=Ramp_Back edge=34126779 lane=0 target=1 lane_count=1
traci-bridge-1         | LANE_CMD_STATE veh=Ramp_Merge_5 edge=34126779 lane=0 target=1 lane_count=1 recently=False speed=1.89
traci-bridge-1         | LANE_CMD_WAIT_EDGE veh=Ramp_Merge_5 edge=34126779 lane=0 target=1 lane_count=1
traci-bridge-1         | LANE_CMD_STATE veh=Ramp_Back edge=34126779 lane=0 target=1 lane_count=1 recently=False speed=1.99
traci-bridge-1         | LANE_CMD_WAIT_EDGE veh=Ramp_Back edge=34126779 lane=0 target=1 lane_count=1
traci-bridge-1         | LANE_CMD_STATE veh=Ramp_Merge_5 edge=34126779 lane=0 target=1 lane_count=1 recently=False speed=1.87
traci-bridge-1         | LANE_CMD_WAIT_EDGE veh=Ramp_Merge_5 edge=34126779 lane=0 target=1 lane_count=1
traci-bridge-1         | LANE_CMD_STATE veh=Ramp_Back edge=34126779 lane=0 target=1 lane_count=1 recently=False speed=2.00
traci-bridge-1         | LANE_CMD_WAIT_EDGE veh=Ramp_Back edge=34126779 lane=0 target=1 lane_count=1
traci-bridge-1         | LANE_CMD_STATE veh=Ramp_Merge_5 edge=34126779 lane=0 target=1 lane_count=1 recently=False speed=1.86
traci-bridge-1         | LANE_CMD_WAIT_EDGE veh=Ramp_Merge_5 edge=34126779 lane=0 target=1 lane_count=1
traci-bridge-1         | LANE_CMD_STATE veh=Ramp_Back edge=34126779 lane=0 target=1 lane_count=1 recently=False speed=2.01
traci-bridge-1         | LANE_CMD_WAIT_EDGE veh=Ramp_Back edge=34126779 lane=0 target=1 lane_count=1
traci-bridge-1         | LANE_CMD_STATE veh=Ramp_Merge_5 edge=34126779 lane=0 target=1 lane_count=1 recently=False speed=1.84
traci-bridge-1         | LANE_CMD_WAIT_EDGE veh=Ramp_Merge_5 edge=34126779 lane=0 target=1 lane_count=1
traci-bridge-1         | LANE_CMD_STATE veh=Ramp_Back edge=34126779 lane=0 target=1 lane_count=1 recently=False speed=1.95
traci-bridge-1         | LANE_CMD_WAIT_EDGE veh=Ramp_Back edge=34126779 lane=0 target=1 lane_count=1
obu-main-front-left-1  | [41.7] Main_Front_Left role=cruise state=CRUISE->CRUISE speed=7.50 target=7.50 neighbors=11
obu-ramp-merge-3-1     | [41.7] Ramp_Merge_3 role=cruise state=CRUISE->CRUISE speed=7.40 target=7.50 neighbors=11
obu-ramp-merge-3-1     | [41.8] Ramp_Merge_3 MCM_RX_REQUEST: from=111 manoeuvre=128 target=109
obu-ramp-merge-2-1     | [41.8] Ramp_Merge_2 role=cruise state=CRUISE->CRUISE speed=7.50 target=7.50 neighbors=11
obu-ramp-merge-5-1     | MCM_REQUEST_RETRY_DIAG: vehicle=Ramp_Merge_5 host=109 lead=None manoeuvre=128 retry_count=3 pending_age=1.8 dtm=6.6 own_eta=3.70 host_eta_current=7.08440975706601 host_eta_at_request=5.008673559808904 lead_eta_current=None lead_eta_at_request=None last_response_action=None last_response_age=None host_remote_fsm=CRUISE host_remote_edge=1331698336 host_remote_lane=1 host_remote_merge_committed=False host_remote_merge_completed=True host_remote_active_merge_request=False host_remote_active_station_id=None host_remote_active_manoeuvre_id=None host_remote_active_remaining_s=0.0
obu-ramp-merge-5-1     | MERGE_SLOT_QUALITY_DIAG: vehicle=Ramp_Merge_5 event=REQUEST_RETRY t=41.8 manoeuvre=128 source=retry_request lead=None host=109 own_eta=3.70 lead_eta=None host_eta=7.08 min_eta=None max_eta=5.58 desired_eta=3.70 gap_possible=True dtm=6.6 edge=34126779 lane=0 speed=1.80 lead_speed=None host_speed=7.37 lead_gap=None host_gap=52.10 lead_gap_t1=None lead_gap_t2=None lead_gap_t3=None host_gap_t1=52.10 host_gap_t2=52.10 host_gap_t3=52.10 rel_to_lead=None rel_to_host=-5.57 lead_lat=None host_lat=0.10 pending=True accepted=False authorized=False committed=False pending_age=1.80 accepted_age=None lane_cmd_state=WAIT_EDGE lane_cmd_target=1
obu-ramp-merge-5-1     | [41.8] Ramp_Merge_5 MCM_TX_REQUEST: manoeuvre=128 target=109
obu-ramp-merge-5-1     | [41.8] Ramp_Merge_5 FINAL_GUARD: REJECTED sid=110 gap=22.8 ttc_danger=False
obu-ramp-merge-5-1     | [41.8] Ramp_Merge_5 MERGE_DECISION: auth=False phys=True fgok=False lgok=True hgok=True cok=True esok=False cready=True dtm=6.6 past=False committed=False hid=109 ra=None lclear=True hyok=False
obu-main-back-left-1   | [41.9] Main_Back_Left role=cruise state=CRUISE->CRUISE speed=7.49 target=7.50 neighbors=11
obu-ramp-merge-5-1     | [41.9] Ramp_Merge_5 FINAL_GUARD: REJECTED sid=110 gap=22.6 ttc_danger=False
obu-ramp-merge-5-1     | [41.9] Ramp_Merge_5 MERGE_DECISION: auth=False phys=True fgok=False lgok=True hgok=True cok=True esok=False cready=True dtm=6.5 past=False committed=False hid=109 ra=None lclear=True hyok=False
obu-ramp-merge-5-1     | [42.0] Ramp_Merge_5 FINAL_GUARD: REJECTED sid=110 gap=22.5 ttc_danger=False
obu-ramp-merge-5-1     | [42.0] Ramp_Merge_5 MERGE_DECISION: auth=False phys=True fgok=False lgok=True hgok=True cok=True esok=False cready=True dtm=6.4 past=False committed=False hid=109 ra=None lclear=True hyok=False
obu-ramp-merge-5-1     | MCM_REQUEST_RETRY_DIAG: vehicle=Ramp_Merge_5 host=109 lead=None manoeuvre=128 retry_count=4 pending_age=2.1 dtm=6.3 own_eta=3.61 host_eta_current=7.554238328288223 host_eta_at_request=5.008673559808904 lead_eta_current=None lead_eta_at_request=None last_response_action=None last_response_age=None host_remote_fsm=CRUISE host_remote_edge=1331698336 host_remote_lane=1 host_remote_merge_committed=False host_remote_merge_completed=True host_remote_active_merge_request=False host_remote_active_station_id=None host_remote_active_manoeuvre_id=None host_remote_active_remaining_s=0.0
obu-ramp-merge-5-1     | MERGE_SLOT_QUALITY_DIAG: vehicle=Ramp_Merge_5 event=REQUEST_RETRY t=42.1 manoeuvre=128 source=retry_request lead=None host=109 own_eta=3.61 lead_eta=None host_eta=7.55 min_eta=None max_eta=6.05 desired_eta=3.61 gap_possible=True dtm=6.3 edge=34126779 lane=0 speed=1.74 lead_speed=None host_speed=7.40 lead_gap=None host_gap=55.25 lead_gap_t1=None lead_gap_t2=None lead_gap_t3=None host_gap_t1=55.25 host_gap_t2=55.25 host_gap_t3=55.25 rel_to_lead=None rel_to_host=-5.66 lead_lat=None host_lat=0.12 pending=True accepted=False authorized=False committed=False pending_age=2.10 accepted_age=None lane_cmd_state=WAIT_EDGE lane_cmd_target=1
obu-ramp-merge-5-1     | [42.1] Ramp_Merge_5 MCM_TX_REQUEST: manoeuvre=128 target=109
obu-ramp-merge-5-1     | [42.1] Ramp_Merge_5 FINAL_GUARD: REJECTED sid=110 gap=22.3 ttc_danger=False
obu-ramp-merge-5-1     | [42.1] Ramp_Merge_5 MERGE_DECISION: auth=False phys=True fgok=False lgok=True hgok=True cok=True esok=False cready=True dtm=6.3 past=False committed=False hid=109 ra=None lclear=True hyok=False
obu-merge-car-1        | [42.3] Merge_Car role=cruise state=CRUISE->CRUISE speed=7.50 target=7.50 neighbors=11
obu-ramp-merge-5-1     | [42.3] Ramp_Merge_5 FINAL_GUARD: REJECTED sid=110 gap=21.9 ttc_danger=False
obu-ramp-merge-5-1     | [42.3] Ramp_Merge_5 MERGE_DECISION: auth=False phys=True fgok=False lgok=True hgok=True cok=True esok=False cready=True dtm=6.1 past=False committed=False hid=109 ra=None lclear=True hyok=False
obu-ramp-merge-5-1     | [42.3] Ramp_Merge_5 role=merge state=YIELDING->YIELDING speed=1.70 target=1.25 neighbors=11
obu-ramp-merge-3-1     | [42.4] Ramp_Merge_3 MCM_RX_REQUEST: from=111 manoeuvre=128 target=109
obu-ramp-back-1        | [42.4] Ramp_Back MERGE_PREPARE_WAIT_LANE_AVAILABLE: edge=34126779 lane=0 target_lane=1 lane_count=1 executable=False dtm=18.9 speed=1.80 host=None lead=109
obu-ramp-back-1        | [42.4] Ramp_Back role=merge state=NEGOTIATING->NEGOTIATING speed=1.80 target=1.98 neighbors=11
obu-ramp-merge-3-1     | [42.4] Ramp_Merge_3 MCM_RX_REQUEST: from=111 manoeuvre=128 target=109
obu-main-mid-right-1   | [42.4] Main_Mid_Right role=cruise state=CRUISE->CRUISE speed=7.50 target=7.50 neighbors=11
obu-main-back-right-1  | [42.4] Main_Back_Right role=cruise state=CRUISE->CRUISE speed=7.50 target=7.50 neighbors=11
obu-host-car-1         | [42.4] Host_Car role=cruise state=CRUISE->CRUISE speed=7.50 target=7.50 neighbors=11
obu-lead-car-1         | [42.5] Lead_Car role=cruise state=CRUISE->CRUISE speed=7.50 target=7.50 neighbors=11
obu-ramp-merge-4-1     | [42.4] Ramp_Merge_4 role=cruise state=CRUISE->CRUISE speed=6.93 target=7.50 neighbors=11
obu-ramp-merge-5-1     | MCM_REQUEST_RETRY_DIAG: vehicle=Ramp_Merge_5 host=109 lead=None manoeuvre=128 retry_count=5 pending_age=2.4 dtm=6.0 own_eta=3.55 host_eta_current=8.032976630267912 host_eta_at_request=5.008673559808904 lead_eta_current=None lead_eta_at_request=None last_response_action=None last_response_age=None host_remote_fsm=CRUISE host_remote_edge=1331698336 host_remote_lane=1 host_remote_merge_committed=False host_remote_merge_completed=True host_remote_active_merge_request=False host_remote_active_station_id=None host_remote_active_manoeuvre_id=None host_remote_active_remaining_s=0.0
obu-ramp-merge-5-1     | MERGE_SLOT_QUALITY_DIAG: vehicle=Ramp_Merge_5 event=REQUEST_RETRY t=42.4 manoeuvre=128 source=retry_request lead=None host=109 own_eta=3.55 lead_eta=None host_eta=8.03 min_eta=None max_eta=6.53 desired_eta=3.55 gap_possible=True dtm=6.0 edge=34126779 lane=0 speed=1.68 lead_speed=None host_speed=7.42 lead_gap=None host_gap=58.44 lead_gap_t1=None lead_gap_t2=None lead_gap_t3=None host_gap_t1=58.44 host_gap_t2=58.44 host_gap_t3=58.44 rel_to_lead=None rel_to_host=-5.74 lead_lat=None host_lat=0.34 pending=True accepted=False authorized=False committed=False pending_age=2.40 accepted_age=None lane_cmd_state=WAIT_EDGE lane_cmd_target=1
obu-ramp-merge-5-1     | [42.4] Ramp_Merge_5 MCM_TX_REQUEST: manoeuvre=128 target=109
obu-ramp-merge-5-1     | [42.4] Ramp_Merge_5 MERGE_DECISION: auth=False phys=True fgok=True lgok=True hgok=True cok=True esok=False cready=True dtm=6.0 past=False committed=False hid=109 ra=None lclear=True hyok=False
obu-ramp-merge-5-1     | [42.5] Ramp_Merge_5 MERGE_DECISION: auth=False phys=True fgok=True lgok=True hgok=True cok=True esok=False cready=True dtm=5.9 past=False committed=False hid=109 ra=None lclear=True hyok=False
obu-main-front-left-1  | [42.7] Main_Front_Left role=cruise state=CRUISE->CRUISE speed=7.50 target=7.50 neighbors=11
obu-ramp-merge-5-1     | [42.6] Ramp_Merge_5 MERGE_DECISION: auth=False phys=True fgok=True lgok=True hgok=True cok=True esok=False cready=True dtm=5.8 past=False committed=False hid=109 ra=None lclear=True hyok=False
obu-ramp-merge-3-1     | [42.8] Ramp_Merge_3 role=cruise state=CRUISE->CRUISE speed=7.44 target=7.50 neighbors=11
obu-ramp-merge-5-1     | MCM_REQUEST_RETRY_DIAG: vehicle=Ramp_Merge_5 host=109 lead=None manoeuvre=128 retry_count=6 pending_age=2.8 dtm=5.6 own_eta=3.50 host_eta_current=8.032976630267912 host_eta_at_request=5.008673559808904 lead_eta_current=None lead_eta_at_request=None last_response_action=None last_response_age=None host_remote_fsm=CRUISE host_remote_edge=1331698336 host_remote_lane=1 host_remote_merge_committed=False host_remote_merge_completed=True host_remote_active_merge_request=False host_remote_active_station_id=None host_remote_active_manoeuvre_id=None host_remote_active_remaining_s=0.0
obu-ramp-merge-5-1     | MERGE_SLOT_QUALITY_DIAG: vehicle=Ramp_Merge_5 event=REQUEST_RETRY t=42.8 manoeuvre=128 source=retry_request lead=None host=109 own_eta=3.50 lead_eta=None host_eta=8.03 min_eta=None max_eta=6.53 desired_eta=3.50 gap_possible=True dtm=5.6 edge=34126779 lane=0 speed=1.60 lead_speed=None host_speed=7.42 lead_gap=None host_gap=57.79 lead_gap_t1=None lead_gap_t2=None lead_gap_t3=None host_gap_t1=57.79 host_gap_t2=57.79 host_gap_t3=57.79 rel_to_lead=None rel_to_host=-5.82 lead_lat=None host_lat=0.34 pending=True accepted=False authorized=False committed=False pending_age=2.80 accepted_age=None lane_cmd_state=WAIT_EDGE lane_cmd_target=1
obu-ramp-merge-5-1     | [42.8] Ramp_Merge_5 MCM_TX_REQUEST: manoeuvre=128 target=109
obu-ramp-merge-5-1     | [42.8] Ramp_Merge_5 MERGE_DECISION: auth=False phys=True fgok=True lgok=True hgok=True cok=True esok=False cready=True dtm=5.6 past=False committed=False hid=109 ra=None lclear=True hyok=False
obu-ramp-merge-3-1     | [42.9] Ramp_Merge_3 MCM_RX_REQUEST: from=111 manoeuvre=128 target=109
obu-ramp-merge-2-1     | [42.9] Ramp_Merge_2 role=cruise state=CRUISE->CRUISE speed=7.50 target=7.50 neighbors=11
obu-main-back-left-1   | [43.0] Main_Back_Left role=cruise state=CRUISE->CRUISE speed=7.49 target=7.50 neighbors=11
obu-ramp-merge-5-1     | [42.9] Ramp_Merge_5 MERGE_DECISION: auth=False phys=True fgok=True lgok=True hgok=True cok=True esok=False cready=True dtm=5.5 past=False committed=False hid=109 ra=None lclear=True hyok=False
obu-ramp-merge-5-1     | [43.0] Ramp_Merge_5 MERGE_DECISION: auth=False phys=True fgok=True lgok=True hgok=True cok=True esok=False cready=True dtm=5.5 past=False committed=False hid=109 ra=None lclear=True hyok=False
obu-ramp-merge-5-1     | MCM_REQUEST_RETRY_DIAG: vehicle=Ramp_Merge_5 host=109 lead=None manoeuvre=128 retry_count=7 pending_age=3.1 dtm=5.4 own_eta=3.49 host_eta_current=8.222577907862407 host_eta_at_request=5.008673559808904 lead_eta_current=None lead_eta_at_request=None last_response_action=None last_response_age=None host_remote_fsm=CRUISE host_remote_edge=1331698336 host_remote_lane=1 host_remote_merge_committed=False host_remote_merge_completed=True host_remote_active_merge_request=False host_remote_active_station_id=None host_remote_active_manoeuvre_id=None host_remote_active_remaining_s=0.0
obu-ramp-merge-5-1     | MERGE_SLOT_QUALITY_DIAG: vehicle=Ramp_Merge_5 event=REQUEST_RETRY t=43.1 manoeuvre=128 source=retry_request lead=None host=109 own_eta=3.49 lead_eta=None host_eta=8.22 min_eta=None max_eta=6.72 desired_eta=3.49 gap_possible=True dtm=5.4 edge=34126779 lane=0 speed=1.54 lead_speed=None host_speed=7.43 lead_gap=None host_gap=58.81 lead_gap_t1=None lead_gap_t2=None lead_gap_t3=None host_gap_t1=58.81 host_gap_t2=58.81 host_gap_t3=58.81 rel_to_lead=None rel_to_host=-5.89 lead_lat=None host_lat=0.44 pending=True accepted=False authorized=False committed=False pending_age=3.10 accepted_age=None lane_cmd_state=WAIT_EDGE lane_cmd_target=1
obu-ramp-merge-5-1     | [43.1] Ramp_Merge_5 MCM_TX_REQUEST: manoeuvre=128 target=109
obu-ramp-merge-5-1     | [43.1] Ramp_Merge_5 MERGE_DECISION: auth=False phys=True fgok=True lgok=True hgok=True cok=True esok=False cready=True dtm=5.4 past=False committed=False hid=109 ra=None lclear=True hyok=False
obu-merge-car-1        | [43.3] Merge_Car role=cruise state=CRUISE->CRUISE speed=7.50 target=7.50 neighbors=11
obu-main-mid-right-1   | [43.4] Main_Mid_Right role=cruise state=CRUISE->CRUISE speed=7.50 target=7.50 neighbors=11
obu-ramp-merge-5-1     | [43.3] Ramp_Merge_5 MERGE_DECISION: auth=False phys=True fgok=True lgok=True hgok=True cok=True esok=False cready=True dtm=5.2 past=False committed=False hid=109 ra=None lclear=True hyok=False
obu-ramp-merge-5-1     | [43.3] Ramp_Merge_5 role=merge state=YIELDING->YIELDING speed=1.50 target=1.05 neighbors=11
obu-host-car-1         | [43.4] Host_Car role=cruise state=CRUISE->CRUISE speed=7.50 target=7.50 neighbors=11
obu-ramp-merge-3-1     | [43.4] Ramp_Merge_3 MCM_RX_REQUEST: from=111 manoeuvre=128 target=109
obu-main-back-right-1  | [43.4] Main_Back_Right role=cruise state=CRUISE->CRUISE speed=7.50 target=7.50 neighbors=11
obu-ramp-merge-3-1     | [43.4] Ramp_Merge_3 MCM_RX_REQUEST: from=111 manoeuvre=128 target=109
obu-ramp-merge-5-1     | MCM_REQUEST_RETRY_DIAG: vehicle=Ramp_Merge_5 host=109 lead=None manoeuvre=128 retry_count=8 pending_age=3.4 dtm=5.2 own_eta=3.50 host_eta_current=9.095283464027444 host_eta_at_request=5.008673559808904 lead_eta_current=None lead_eta_at_request=None last_response_action=None last_response_age=None host_remote_fsm=CRUISE host_remote_edge=:1487416310_0 host_remote_lane=0 host_remote_merge_committed=False host_remote_merge_completed=True host_remote_active_merge_request=False host_remote_active_station_id=None host_remote_active_manoeuvre_id=None host_remote_active_remaining_s=0.0
obu-ramp-merge-5-1     | MERGE_SLOT_QUALITY_DIAG: vehicle=Ramp_Merge_5 event=REQUEST_RETRY t=43.4 manoeuvre=128 source=retry_request lead=None host=109 own_eta=3.50 lead_eta=None host_eta=9.10 min_eta=None max_eta=7.60 desired_eta=3.50 gap_possible=True dtm=5.2 edge=34126779 lane=0 speed=1.48 lead_speed=None host_speed=7.45 lead_gap=None host_gap=65.00 lead_gap_t1=None lead_gap_t2=None lead_gap_t3=None host_gap_t1=65.00 host_gap_t2=65.00 host_gap_t3=65.00 rel_to_lead=None rel_to_host=-5.97 lead_lat=None host_lat=0.92 pending=True accepted=False authorized=False committed=False pending_age=3.40 accepted_age=None lane_cmd_state=WAIT_EDGE lane_cmd_target=1
obu-ramp-merge-5-1     | [43.4] Ramp_Merge_5 MCM_TX_REQUEST: manoeuvre=128 target=109
obu-ramp-merge-5-1     | [43.4] Ramp_Merge_5 MERGE_DECISION: auth=False phys=True fgok=True lgok=True hgok=True cok=True esok=False cready=True dtm=5.2 past=False committed=False hid=109 ra=None lclear=True hyok=False
obu-ramp-merge-4-1     | [43.4] Ramp_Merge_4 role=cruise state=CRUISE->CRUISE speed=7.16 target=7.50 neighbors=11
obu-lead-car-1         | [43.5] Lead_Car role=cruise state=CRUISE->CRUISE speed=7.50 target=7.50 neighbors=11
obu-ramp-back-1        | [43.5] Ramp_Back MERGE_PREPARE_WAIT_LANE_AVAILABLE: edge=34126779 lane=0 target_lane=1 lane_count=1 executable=False dtm=17.0 speed=1.60 host=None lead=109
obu-ramp-back-1        | [43.5] Ramp_Back role=merge state=NEGOTIATING->NEGOTIATING speed=1.60 target=1.78 neighbors=11
obu-ramp-merge-5-1     | [43.5] Ramp_Merge_5 MERGE_DECISION: auth=False phys=True fgok=True lgok=True hgok=True cok=True esok=False cready=True dtm=5.1 past=False committed=False hid=109 ra=None lclear=True hyok=False
obu-ramp-merge-5-1     | [43.6] Ramp_Merge_5 MERGE_LANE_WAIT_EDGE_CONFIRMED: edge=:390064918_0 lane=0 target_lane=1 lane_count=1 executable=False
obu-ramp-merge-3-1     | [43.5] Ramp_Merge_3 MCM_RX_REQUEST: from=111 manoeuvre=128 target=109
obu-ramp-back-1        | [43.6] Ramp_Back MERGE_COMMIT_SAFETY_HOLD: lgok=False hgok=True fgok=True edge=34126779 lane=0 target_lane=1 speed=1.59 lane_cmd_state=WAIT_EDGE lane_cmd_executable=False lane_cmd_edge=34126779 lane_cmd_lane_count=1
obu-main-front-left-1  | [43.7] Main_Front_Left role=cruise state=CRUISE->CRUISE speed=7.50 target=7.50 neighbors=11
obu-ramp-merge-5-1     | [43.6] Ramp_Merge_5 MCM_TIMEOUT: host=109 giving up
obu-ramp-back-1        | [43.7] Ramp_Back MERGE_COMMIT_SAFETY_HOLD: lgok=False hgok=True fgok=True edge=34126779 lane=0 target_lane=1 speed=1.58 lane_cmd_state=WAIT_EDGE lane_cmd_executable=False lane_cmd_edge=34126779 lane_cmd_lane_count=1
traci-bridge-1         | LANE_CMD_STATE veh=Ramp_Merge_5 edge=34126779 lane=0 target=1 lane_count=1 recently=False speed=1.82
traci-bridge-1         | LANE_CMD_WAIT_EDGE veh=Ramp_Merge_5 edge=34126779 lane=0 target=1 lane_count=1
traci-bridge-1         | LANE_CMD_STATE veh=Ramp_Back edge=34126779 lane=0 target=1 lane_count=1 recently=False speed=1.96
traci-bridge-1         | LANE_CMD_WAIT_EDGE veh=Ramp_Back edge=34126779 lane=0 target=1 lane_count=1
traci-bridge-1         | LANE_CMD_STATE veh=Ramp_Merge_5 edge=34126779 lane=0 target=1 lane_count=1 recently=False speed=1.80
traci-bridge-1         | LANE_CMD_WAIT_EDGE veh=Ramp_Merge_5 edge=34126779 lane=0 target=1 lane_count=1
traci-bridge-1         | LANE_CMD_STATE veh=Ramp_Back edge=34126779 lane=0 target=1 lane_count=1 recently=False speed=1.91
traci-bridge-1         | LANE_CMD_WAIT_EDGE veh=Ramp_Back edge=34126779 lane=0 target=1 lane_count=1
traci-bridge-1         | LANE_CMD_STATE veh=Ramp_Merge_5 edge=34126779 lane=0 target=1 lane_count=1 recently=False speed=1.78
traci-bridge-1         | LANE_CMD_WAIT_EDGE veh=Ramp_Merge_5 edge=34126779 lane=0 target=1 lane_count=1
traci-bridge-1         | LANE_CMD_STATE veh=Ramp_Back edge=34126779 lane=0 target=1 lane_count=1 recently=False speed=1.92
traci-bridge-1         | LANE_CMD_WAIT_EDGE veh=Ramp_Back edge=34126779 lane=0 target=1 lane_count=1
traci-bridge-1         | LANE_CMD_STATE veh=Ramp_Merge_5 edge=34126779 lane=0 target=1 lane_count=1 recently=False speed=1.76
traci-bridge-1         | LANE_CMD_WAIT_EDGE veh=Ramp_Merge_5 edge=34126779 lane=0 target=1 lane_count=1
traci-bridge-1         | LANE_CMD_STATE veh=Ramp_Back edge=34126779 lane=0 target=1 lane_count=1 recently=False speed=1.87
traci-bridge-1         | LANE_CMD_WAIT_EDGE veh=Ramp_Back edge=34126779 lane=0 target=1 lane_count=1
traci-bridge-1         | LANE_CMD_STATE veh=Ramp_Merge_5 edge=34126779 lane=0 target=1 lane_count=1 recently=False speed=1.74
traci-bridge-1         | LANE_CMD_WAIT_EDGE veh=Ramp_Merge_5 edge=34126779 lane=0 target=1 lane_count=1
traci-bridge-1         | LANE_CMD_STATE veh=Ramp_Back edge=34126779 lane=0 target=1 lane_count=1 recently=False speed=1.88
traci-bridge-1         | LANE_CMD_WAIT_EDGE veh=Ramp_Back edge=34126779 lane=0 target=1 lane_count=1
traci-bridge-1         | LANE_CMD_STATE veh=Ramp_Merge_5 edge=34126779 lane=0 target=1 lane_count=1 recently=False speed=1.72
traci-bridge-1         | LANE_CMD_WAIT_EDGE veh=Ramp_Merge_5 edge=34126779 lane=0 target=1 lane_count=1
traci-bridge-1         | LANE_CMD_STATE veh=Ramp_Back edge=34126779 lane=0 target=1 lane_count=1 recently=False speed=1.83
traci-bridge-1         | LANE_CMD_WAIT_EDGE veh=Ramp_Back edge=34126779 lane=0 target=1 lane_count=1
traci-bridge-1         | LANE_CMD_STATE veh=Ramp_Merge_5 edge=34126779 lane=0 target=1 lane_count=1 recently=False speed=1.70
traci-bridge-1         | LANE_CMD_WAIT_EDGE veh=Ramp_Merge_5 edge=34126779 lane=0 target=1 lane_count=1
traci-bridge-1         | LANE_CMD_STATE veh=Ramp_Back edge=34126779 lane=0 target=1 lane_count=1 recently=False speed=1.85
traci-bridge-1         | LANE_CMD_WAIT_EDGE veh=Ramp_Back edge=34126779 lane=0 target=1 lane_count=1
traci-bridge-1         | LANE_CMD_STATE veh=Ramp_Merge_5 edge=34126779 lane=0 target=1 lane_count=1 recently=False speed=1.68
traci-bridge-1         | LANE_CMD_WAIT_EDGE veh=Ramp_Merge_5 edge=34126779 lane=0 target=1 lane_count=1
traci-bridge-1         | LANE_CMD_STATE veh=Ramp_Back edge=34126779 lane=0 target=1 lane_count=1 recently=False speed=1.80
traci-bridge-1         | LANE_CMD_WAIT_EDGE veh=Ramp_Back edge=34126779 lane=0 target=1 lane_count=1
traci-bridge-1         | LANE_CMD_STATE veh=Ramp_Merge_5 edge=34126779 lane=0 target=1 lane_count=1 recently=False speed=1.66
traci-bridge-1         | LANE_CMD_WAIT_EDGE veh=Ramp_Merge_5 edge=34126779 lane=0 target=1 lane_count=1
traci-bridge-1         | LANE_CMD_STATE veh=Ramp_Back edge=34126779 lane=0 target=1 lane_count=1 recently=False speed=1.82
traci-bridge-1         | LANE_CMD_WAIT_EDGE veh=Ramp_Back edge=34126779 lane=0 target=1 lane_count=1
traci-bridge-1         | LANE_CMD_STATE veh=Ramp_Merge_5 edge=34126779 lane=0 target=1 lane_count=1 recently=False speed=1.64
traci-bridge-1         | LANE_CMD_WAIT_EDGE veh=Ramp_Merge_5 edge=34126779 lane=0 target=1 lane_count=1
traci-bridge-1         | LANE_CMD_STATE veh=Ramp_Back edge=34126779 lane=0 target=1 lane_count=1 recently=False speed=1.78
traci-bridge-1         | LANE_CMD_WAIT_EDGE veh=Ramp_Back edge=34126779 lane=0 target=1 lane_count=1
traci-bridge-1         | LANE_CMD_STATE veh=Ramp_Merge_5 edge=34126779 lane=0 target=1 lane_count=1 recently=False speed=1.62
traci-bridge-1         | LANE_CMD_WAIT_EDGE veh=Ramp_Merge_5 edge=34126779 lane=0 target=1 lane_count=1
traci-bridge-1         | LANE_CMD_STATE veh=Ramp_Back edge=34126779 lane=0 target=1 lane_count=1 recently=False speed=1.74
traci-bridge-1         | LANE_CMD_WAIT_EDGE veh=Ramp_Back edge=34126779 lane=0 target=1 lane_count=1
traci-bridge-1         | LANE_CMD_STATE veh=Ramp_Merge_5 edge=34126779 lane=0 target=1 lane_count=1 recently=False speed=1.60
traci-bridge-1         | LANE_CMD_WAIT_EDGE veh=Ramp_Merge_5 edge=34126779 lane=0 target=1 lane_count=1
traci-bridge-1         | LANE_CMD_STATE veh=Ramp_Back edge=34126779 lane=0 target=1 lane_count=1 recently=False speed=1.76
traci-bridge-1         | LANE_CMD_WAIT_EDGE veh=Ramp_Back edge=34126779 lane=0 target=1 lane_count=1
traci-bridge-1         | LANE_CMD_STATE veh=Ramp_Merge_5 edge=34126779 lane=0 target=1 lane_count=1 recently=False speed=1.58
traci-bridge-1         | LANE_CMD_WAIT_EDGE veh=Ramp_Merge_5 edge=34126779 lane=0 target=1 lane_count=1
traci-bridge-1         | LANE_CMD_STATE veh=Ramp_Back edge=34126779 lane=0 target=1 lane_count=1 recently=False speed=1.72
traci-bridge-1         | LANE_CMD_WAIT_EDGE veh=Ramp_Back edge=34126779 lane=0 target=1 lane_count=1
traci-bridge-1         | LANE_CMD_STATE veh=Ramp_Merge_5 edge=34126779 lane=0 target=1 lane_count=1 recently=False speed=1.56
traci-bridge-1         | LANE_CMD_WAIT_EDGE veh=Ramp_Merge_5 edge=34126779 lane=0 target=1 lane_count=1
traci-bridge-1         | LANE_CMD_STATE veh=Ramp_Back edge=34126779 lane=0 target=1 lane_count=1 recently=False speed=1.70
traci-bridge-1         | LANE_CMD_WAIT_EDGE veh=Ramp_Back edge=34126779 lane=0 target=1 lane_count=1
traci-bridge-1         | LANE_CMD_STATE veh=Ramp_Merge_5 edge=34126779 lane=0 target=1 lane_count=1 recently=False speed=1.54
traci-bridge-1         | LANE_CMD_WAIT_EDGE veh=Ramp_Merge_5 edge=34126779 lane=0 target=1 lane_count=1
traci-bridge-1         | LANE_CMD_STATE veh=Ramp_Back edge=34126779 lane=0 target=1 lane_count=1 recently=False speed=1.67
traci-bridge-1         | LANE_CMD_WAIT_EDGE veh=Ramp_Back edge=34126779 lane=0 target=1 lane_count=1
traci-bridge-1         | LANE_CMD_STATE veh=Ramp_Merge_5 edge=34126779 lane=0 target=1 lane_count=1 recently=False speed=1.52
traci-bridge-1         | LANE_CMD_WAIT_EDGE veh=Ramp_Merge_5 edge=34126779 lane=0 target=1 lane_count=1
traci-bridge-1         | LANE_CMD_STATE veh=Ramp_Back edge=34126779 lane=0 target=1 lane_count=1 recently=False speed=1.65
traci-bridge-1         | LANE_CMD_WAIT_EDGE veh=Ramp_Back edge=34126779 lane=0 target=1 lane_count=1
traci-bridge-1         | LANE_CMD_STATE veh=Ramp_Merge_5 edge=34126779 lane=0 target=1 lane_count=1 recently=False speed=1.50
traci-bridge-1         | LANE_CMD_WAIT_EDGE veh=Ramp_Merge_5 edge=34126779 lane=0 target=1 lane_count=1
traci-bridge-1         | LANE_CMD_STATE veh=Ramp_Back edge=34126779 lane=0 target=1 lane_count=1 recently=False speed=1.63
traci-bridge-1         | LANE_CMD_WAIT_EDGE veh=Ramp_Back edge=34126779 lane=0 target=1 lane_count=1
traci-bridge-1         | LANE_CMD_STATE veh=Ramp_Merge_5 edge=34126779 lane=0 target=1 lane_count=1 recently=False speed=1.48
traci-bridge-1         | LANE_CMD_WAIT_EDGE veh=Ramp_Merge_5 edge=34126779 lane=0 target=1 lane_count=1
traci-bridge-1         | LANE_CMD_STATE veh=Ramp_Back edge=34126779 lane=0 target=1 lane_count=1 recently=False speed=1.61
traci-bridge-1         | LANE_CMD_WAIT_EDGE veh=Ramp_Back edge=34126779 lane=0 target=1 lane_count=1
traci-bridge-1         | LANE_CMD_STATE veh=Ramp_Merge_5 edge=34126779 lane=0 target=1 lane_count=1 recently=False speed=1.46
traci-bridge-1         | LANE_CMD_WAIT_EDGE veh=Ramp_Merge_5 edge=34126779 lane=0 target=1 lane_count=1
traci-bridge-1         | LANE_CMD_STATE veh=Ramp_Back edge=34126779 lane=0 target=1 lane_count=1 recently=False speed=1.60
traci-bridge-1         | LANE_CMD_WAIT_EDGE veh=Ramp_Back edge=34126779 lane=0 target=1 lane_count=1
traci-bridge-1         | LANE_CMD_STATE veh=Ramp_Merge_5 edge=:390064918_0 lane=0 target=1 lane_count=1 recently=False speed=1.44
traci-bridge-1         | LANE_CMD_WAIT_EDGE veh=Ramp_Merge_5 edge=:390064918_0 lane=0 target=1 lane_count=1
traci-bridge-1         | LANE_CMD_STATE veh=Ramp_Back edge=34126779 lane=0 target=1 lane_count=1 recently=False speed=1.59
traci-bridge-1         | LANE_CMD_WAIT_EDGE veh=Ramp_Back edge=34126779 lane=0 target=1 lane_count=1
traci-bridge-1         | LANE_CMD_STATE veh=Ramp_Merge_5 edge=:390064918_0 lane=0 target=1 lane_count=1 recently=False speed=1.42
traci-bridge-1         | LANE_CMD_WAIT_EDGE veh=Ramp_Merge_5 edge=:390064918_0 lane=0 target=1 lane_count=1
traci-bridge-1         | LANE_CMD_STATE veh=Ramp_Back edge=34126779 lane=0 target=1 lane_count=1 recently=False speed=1.58
traci-bridge-1         | LANE_CMD_WAIT_EDGE veh=Ramp_Back edge=34126779 lane=0 target=1 lane_count=1
traci-bridge-1         | LANE_CMD_STATE veh=Ramp_Merge_5 edge=:390064918_0 lane=0 target=1 lane_count=1 recently=False speed=1.40
traci-bridge-1         | LANE_CMD_WAIT_EDGE veh=Ramp_Merge_5 edge=:390064918_0 lane=0 target=1 lane_count=1
traci-bridge-1         | LANE_CMD_STATE veh=Ramp_Back edge=34126779 lane=0 target=1 lane_count=1 recently=False speed=1.57
traci-bridge-1         | LANE_CMD_WAIT_EDGE veh=Ramp_Back edge=34126779 lane=0 target=1 lane_count=1
traci-bridge-1         | LANE_CMD_STATE veh=Ramp_Merge_5 edge=:390064918_0 lane=0 target=1 lane_count=1 recently=False speed=1.41
traci-bridge-1         | LANE_CMD_WAIT_EDGE veh=Ramp_Merge_5 edge=:390064918_0 lane=0 target=1 lane_count=1
traci-bridge-1         | LANE_CMD_STATE veh=Ramp_Back edge=34126779 lane=0 target=1 lane_count=1 recently=False speed=1.56
traci-bridge-1         | LANE_CMD_WAIT_EDGE veh=Ramp_Back edge=34126779 lane=0 target=1 lane_count=1
obu-main-back-left-1   | [44.0] Main_Back_Left role=cruise state=CRUISE->CRUISE speed=7.50 target=7.50 neighbors=11
obu-ramp-merge-2-1     | [44.1] Ramp_Merge_2 role=cruise state=CRUISE->CRUISE speed=7.50 target=7.50 neighbors=11
obu-ramp-merge-3-1     | [44.0] Ramp_Merge_3 role=cruise state=CRUISE->CRUISE speed=7.47 target=7.50 neighbors=11
obu-ramp-back-1        | [44.0] Ramp_Back FINAL_GUARD: REJECTED slot-boundary ETA sid=109
obu-ramp-back-1        | [44.0] Ramp_Back MERGE_COMMIT_SAFETY_HOLD: lgok=False hgok=True fgok=False edge=34126779 lane=0 target_lane=1 speed=1.55 lane_cmd_state=WAIT_EDGE lane_cmd_executable=False lane_cmd_edge=34126779 lane_cmd_lane_count=1
obu-ramp-back-1        | [44.2] Ramp_Back FINAL_GUARD: REJECTED slot-boundary ETA sid=109
obu-ramp-back-1        | [44.2] Ramp_Back MERGE_COMMIT_SAFETY_HOLD: lgok=False hgok=True fgok=False edge=34126779 lane=0 target_lane=1 speed=1.54 lane_cmd_state=WAIT_EDGE lane_cmd_executable=False lane_cmd_edge=34126779 lane_cmd_lane_count=1
obu-main-mid-right-1   | [44.5] Main_Mid_Right role=cruise state=CRUISE->CRUISE speed=7.50 target=7.50 neighbors=11
obu-host-car-1         | [44.6] Host_Car role=cruise state=CRUISE->CRUISE speed=7.50 target=7.50 neighbors=11
obu-ramp-merge-4-1     | [44.6] Ramp_Merge_4 role=cruise state=CRUISE->CRUISE speed=7.32 target=7.50 neighbors=11
obu-ramp-merge-5-1     | [44.6] Ramp_Merge_5 FINAL_GUARD: REJECTED blind merge with main traffic
obu-ramp-merge-5-1     | [44.6] Ramp_Merge_5 MERGE_DECISION: auth=False phys=True fgok=False lgok=True hgok=True cok=True esok=False cready=True dtm=4.8 past=False committed=False hid=None ra=None lclear=True hyok=True
obu-ramp-merge-5-1     | [44.6] Ramp_Merge_5 role=merge state=YIELDING->YIELDING speed=1.47 target=1.02 neighbors=11
obu-merge-car-1        | [44.7] Merge_Car role=cruise state=CRUISE->CRUISE speed=7.50 target=7.50 neighbors=11
obu-ramp-back-1        | [44.6] Ramp_Back MERGE_PREPARE_WAIT_LANE_AVAILABLE: edge=34126779 lane=0 target_lane=1 lane_count=1 executable=False dtm=15.3 speed=1.52 host=None lead=109
obu-ramp-back-1        | [44.6] Ramp_Back FINAL_GUARD: REJECTED slot-boundary ETA sid=109
obu-ramp-back-1        | [44.6] Ramp_Back MERGE_COMMIT_SAFETY_HOLD: lgok=False hgok=True fgok=False edge=34126779 lane=0 target_lane=1 speed=1.52 lane_cmd_state=WAIT_EDGE lane_cmd_executable=False lane_cmd_edge=34126779 lane_cmd_lane_count=1
obu-ramp-back-1        | [44.6] Ramp_Back role=merge state=NEGOTIATING->NEGOTIATING speed=1.52 target=2.25 neighbors=11
obu-main-back-right-1  | [44.6] Main_Back_Right role=cruise state=CRUISE->CRUISE speed=7.50 target=7.50 neighbors=11
obu-main-front-left-1  | [44.7] Main_Front_Left role=cruise state=CRUISE->CRUISE speed=7.50 target=7.50 neighbors=11
obu-lead-car-1         | [44.7] Lead_Car role=cruise state=CRUISE->CRUISE speed=7.50 target=7.50 neighbors=11
obu-ramp-back-1        | [44.7] Ramp_Back FINAL_GUARD: REJECTED slot-boundary ETA sid=109
obu-ramp-back-1        | [44.7] Ramp_Back MERGE_COMMIT_SAFETY_HOLD: lgok=False hgok=True fgok=False edge=34126779 lane=0 target_lane=1 speed=1.52 lane_cmd_state=WAIT_EDGE lane_cmd_executable=False lane_cmd_edge=34126779 lane_cmd_lane_count=1
obu-ramp-back-1        | [44.9] Ramp_Back FINAL_GUARD: REJECTED slot-boundary ETA sid=109
obu-ramp-back-1        | [44.9] Ramp_Back MERGE_COMMIT_SAFETY_HOLD: lgok=False hgok=True fgok=False edge=34126779 lane=0 target_lane=1 speed=1.52 lane_cmd_state=WAIT_EDGE lane_cmd_executable=False lane_cmd_edge=34126779 lane_cmd_lane_count=1
obu-ramp-back-1        | [45.0] Ramp_Back FINAL_GUARD: REJECTED slot-boundary ETA sid=109
obu-ramp-back-1        | [45.0] Ramp_Back MERGE_COMMIT_SAFETY_HOLD: lgok=False hgok=True fgok=False edge=34126779 lane=0 target_lane=1 speed=1.51 lane_cmd_state=WAIT_EDGE lane_cmd_executable=False lane_cmd_edge=34126779 lane_cmd_lane_count=1
obu-ramp-merge-5-1     | [44.8] Ramp_Merge_5 FINAL_GUARD: REJECTED blind merge with main traffic
obu-ramp-merge-5-1     | [44.8] Ramp_Merge_5 MERGE_DECISION: auth=False phys=True fgok=False lgok=True hgok=True cok=True esok=False cready=True dtm=4.8 past=False committed=False hid=None ra=None lclear=True hyok=True
obu-ramp-merge-2-1     | [45.1] Ramp_Merge_2 role=cruise state=CRUISE->CRUISE speed=7.50 target=7.50 neighbors=11
obu-ramp-merge-3-1     | [45.1] Ramp_Merge_3 role=cruise state=CRUISE->CRUISE speed=7.48 target=7.50 neighbors=11
obu-ramp-back-1        | [45.1] Ramp_Back FINAL_GUARD: REJECTED slot-boundary ETA sid=109
obu-ramp-back-1        | [45.1] Ramp_Back MERGE_COMMIT_SAFETY_HOLD: lgok=False hgok=True fgok=False edge=34126779 lane=0 target_lane=1 speed=1.51 lane_cmd_state=WAIT_EDGE lane_cmd_executable=False lane_cmd_edge=34126779 lane_cmd_lane_count=1
obu-main-back-left-1   | [45.2] Main_Back_Left role=cruise state=CRUISE->CRUISE speed=7.50 target=7.50 neighbors=11
obu-ramp-merge-5-1     | [45.1] Ramp_Merge_5 FINAL_GUARD: REJECTED blind merge with main traffic
obu-ramp-merge-5-1     | [45.1] Ramp_Merge_5 MERGE_DECISION: auth=False phys=True fgok=False lgok=True hgok=True cok=True esok=False cready=True dtm=4.9 past=False committed=False hid=None ra=None lclear=True hyok=True
obu-ramp-back-1        | [45.2] Ramp_Back FINAL_GUARD: REJECTED slot-boundary ETA sid=109
obu-ramp-back-1        | [45.2] Ramp_Back MERGE_COMMIT_SAFETY_HOLD: lgok=False hgok=True fgok=False edge=34126779 lane=0 target_lane=1 speed=1.51 lane_cmd_state=WAIT_EDGE lane_cmd_executable=False lane_cmd_edge=34126779 lane_cmd_lane_count=1
obu-ramp-merge-5-1     | [45.3] Ramp_Merge_5 FINAL_GUARD: REJECTED blind merge with main traffic
obu-ramp-merge-5-1     | [45.3] Ramp_Merge_5 MERGE_DECISION: auth=False phys=True fgok=False lgok=True hgok=True cok=True esok=False cready=True dtm=4.9 past=False committed=False hid=None ra=None lclear=True hyok=True
obu-ramp-merge-5-1     | [45.5] Ramp_Merge_5 FINAL_GUARD: REJECTED blind merge with main traffic
obu-ramp-merge-5-1     | [45.5] Ramp_Merge_5 MERGE_DECISION: auth=False phys=True fgok=False lgok=True hgok=True cok=True esok=False cready=True dtm=5.0 past=False committed=False hid=None ra=None lclear=True hyok=True
obu-ramp-merge-5-1     | [45.6] Ramp_Merge_5 FINAL_GUARD: REJECTED blind merge with main traffic
obu-ramp-merge-5-1     | [45.6] Ramp_Merge_5 MERGE_DECISION: auth=False phys=True fgok=False lgok=True hgok=True cok=True esok=False cready=True dtm=5.0 past=False committed=False hid=None ra=None lclear=True hyok=True
obu-ramp-merge-5-1     | [45.6] Ramp_Merge_5 role=merge state=YIELDING->YIELDING speed=1.30 target=0.85 neighbors=11
obu-main-mid-right-1   | [45.8] Main_Mid_Right role=cruise state=CRUISE->CRUISE speed=7.50 target=7.50 neighbors=11
obu-lead-car-1         | [45.8] Lead_Car role=cruise state=CRUISE->CRUISE speed=7.50 target=7.50 neighbors=11
obu-ramp-merge-4-1     | [45.7] Ramp_Merge_4 role=cruise state=CRUISE->CRUISE speed=7.40 target=7.50 neighbors=11
obu-merge-car-1        | [45.7] Merge_Car role=cruise state=CRUISE->CRUISE speed=7.50 target=7.50 neighbors=11
obu-ramp-merge-5-1     | [45.7] Ramp_Merge_5 FINAL_GUARD: REJECTED blind merge with main traffic
obu-ramp-merge-5-1     | [45.7] Ramp_Merge_5 MERGE_DECISION: auth=False phys=True fgok=False lgok=True hgok=True cok=True esok=False cready=True dtm=5.0 past=False committed=False hid=None ra=None lclear=True hyok=True
obu-ramp-merge-5-1     | [45.8] Ramp_Merge_5 MERGE_LANE_APPLY_CONFIRMED: edge=1331698336 lane=0 target_lane=1 lane_count=3 executable=True
obu-ramp-back-1        | [45.7] Ramp_Back MERGE_PREPARE_WAIT_LANE_AVAILABLE: edge=34126779 lane=0 target_lane=1 lane_count=1 executable=False dtm=13.7 speed=1.51 host=None lead=109
obu-main-front-left-1  | [45.8] Main_Front_Left role=cruise state=CRUISE->CRUISE speed=7.50 target=7.50 neighbors=11
obu-main-back-right-1  | [45.7] Main_Back_Right role=cruise state=CRUISE->CRUISE speed=7.50 target=7.50 neighbors=11
obu-ramp-back-1        | [45.7] Ramp_Back MERGE_COMMIT_SAFETY_HOLD: lgok=False hgok=True fgok=True edge=34126779 lane=0 target_lane=1 speed=1.51 lane_cmd_state=WAIT_EDGE lane_cmd_executable=False lane_cmd_edge=34126779 lane_cmd_lane_count=1
obu-ramp-back-1        | [45.7] Ramp_Back role=merge state=NEGOTIATING->NEGOTIATING speed=1.51 target=2.25 neighbors=11
obu-host-car-1         | [45.7] Host_Car role=cruise state=CRUISE->CRUISE speed=7.50 target=7.50 neighbors=11
obu-ramp-merge-5-1     | MERGE_ATTEMPT_TIMELINE: vehicle=Ramp_Merge_5 manoeuvre=128 host=102 lead=106 event=CLEAR t=45.9 edge=1331698336 lane=1 lane_cmd_state=CLEAR speed=1.23 target=0.83 dtm=2.4 lead_gap=78.90 host_gap=212.02 lead_gap_t1=78.90 lead_gap_t2=78.90 lead_gap_t3=78.90 host_gap_t1=212.02 host_gap_t2=212.02 host_gap_t3=212.02
obu-ramp-merge-5-1     | [45.9] Ramp_Merge_5 MERGE_LANE_CLEAR_CONFIRMED: edge=1331698336 lane=1 target_lane=1 lane_count=3 executable=False
obu-ramp-merge-5-1     | [45.9] Ramp_Merge_5 MERGE_PHYSICAL_START_DELAYED_UNTIL_LANE_APPLY: waited_s=0.0 edge=1331698336 lane=1 target_lane=1 lane_count=3 lane_cmd_state=CLEAR executable=False dtm=2.4 speed=1.23 reason=implicit_before_completed
obu-ramp-merge-5-1     | [45.9] Ramp_Merge_5 MERGE_START_GAP_DIAG: event=implicit_before_completed lead=106 host=102 lead_eta=14.604353643434685 own_eta=1.950866528645819 host_eta=38.2791897086352 lead_gap=78.89794160862728 host_gap=212.02223107976005 lead_gap_p1=78.89794160862728 lead_gap_p2=78.89794160862728 lead_gap_p3=78.89794160862728 host_gap_p1=212.02223107976005 host_gap_p2=212.02223107976005 host_gap_p3=212.02223107976005 rel_to_lead=-6.255164035985765 rel_to_host=-6.255164035985765 lead_lat=67.89652081221674 host_lat=185.06698642887432 edge=1331698336 lane=1 lane_cmd_state=CLEAR lane_cmd_edge=1331698336 lane_cmd_target=1 lane_cmd_executable=False dtm=2.4 speed=1.23
obu-ramp-merge-5-1     | MERGE_ATTEMPT_TIMELINE: vehicle=Ramp_Merge_5 manoeuvre=128 host=102 lead=106 event=PHYSICAL_START t=45.9 edge=1331698336 lane=1 lane_cmd_state=CLEAR speed=1.23 target=6.75 dtm=2.4 lead_gap=78.90 host_gap=212.02 lead_gap_t1=78.90 lead_gap_t2=78.90 lead_gap_t3=78.90 host_gap_t1=212.02 host_gap_t2=212.02 host_gap_t3=212.02
obu-ramp-merge-5-1     | [45.9] Ramp_Merge_5 MERGE_PHYSICAL_START: host=102 manoeuvre=0
obu-ramp-merge-5-1     | [45.9] Ramp_Merge_5 MERGING!
obu-ramp-merge-5-1     | MERGE_ATTEMPT_TIMELINE: vehicle=Ramp_Merge_5 manoeuvre=128 host=102 lead=106 event=COMPLETED t=45.9 edge=1331698336 lane=1 lane_cmd_state=CLEAR speed=1.23 target=6.75 dtm=2.4 lead_gap=78.90 host_gap=212.02 lead_gap_t1=78.90 lead_gap_t2=78.90 lead_gap_t3=78.90 host_gap_t1=212.02 host_gap_t2=212.02 host_gap_t3=212.02
obu-ramp-merge-5-1     | [45.9] Ramp_Merge_5 MERGE_COMPLETED: eid=1331698336 lane=1 clean=True
obu-ramp-merge-2-1     | [46.2] Ramp_Merge_2 role=cruise state=CRUISE->CRUISE speed=7.50 target=7.50 neighbors=11
obu-ramp-merge-3-1     | [46.3] Ramp_Merge_3 role=cruise state=CRUISE->CRUISE speed=7.49 target=7.50 neighbors=11
obu-ramp-back-1        | [46.2] Ramp_Back FINAL_GUARD: REJECTED sid=111 gap=14.1 ttc_danger=False
obu-ramp-back-1        | MERGE_ATTEMPT_TIMELINE: vehicle=Ramp_Back manoeuvre=158 host=None lead=109 event=ABORT_SAFETY_HOLD t=46.2 edge=34126779 lane=0 lane_cmd_state=WAIT_EDGE speed=1.50 target=6.75 dtm=13.0 lead_gap=88.68 host_gap= lead_gap_t1=88.68 lead_gap_t2=88.68 lead_gap_t3=88.68 host_gap_t1= host_gap_t2= host_gap_t3=
obu-ramp-back-1        | [46.2] Ramp_Back MERGE_COMMIT_ABORT_SAFETY_HOLD: lgok=False hgok=True fgok=False edge=34126779 lane=0 target_lane=1 speed=1.50 lane_cmd_state=WAIT_EDGE lane_cmd_executable=False lane_cmd_edge=34126779 lane_cmd_lane_count=1
obu-main-back-left-1   | [46.3] Main_Back_Left role=cruise state=CRUISE->CRUISE speed=7.50 target=7.50 neighbors=11
traci-bridge-1         | LANE_CMD_STATE veh=Ramp_Merge_5 edge=:390064918_0 lane=0 target=1 lane_count=1 recently=False speed=1.42
traci-bridge-1         | LANE_CMD_WAIT_EDGE veh=Ramp_Merge_5 edge=:390064918_0 lane=0 target=1 lane_count=1
traci-bridge-1         | LANE_CMD_STATE veh=Ramp_Back edge=34126779 lane=0 target=1 lane_count=1 recently=False speed=1.55
traci-bridge-1         | LANE_CMD_WAIT_EDGE veh=Ramp_Back edge=34126779 lane=0 target=1 lane_count=1
traci-bridge-1         | LANE_CMD_STATE veh=Ramp_Merge_5 edge=:390064918_0 lane=0 target=1 lane_count=1 recently=False speed=1.43
traci-bridge-1         | LANE_CMD_WAIT_EDGE veh=Ramp_Merge_5 edge=:390064918_0 lane=0 target=1 lane_count=1
traci-bridge-1         | LANE_CMD_STATE veh=Ramp_Back edge=34126779 lane=0 target=1 lane_count=1 recently=False speed=1.55
traci-bridge-1         | LANE_CMD_WAIT_EDGE veh=Ramp_Back edge=34126779 lane=0 target=1 lane_count=1
traci-bridge-1         | LANE_CMD_STATE veh=Ramp_Merge_5 edge=:390064918_0 lane=0 target=1 lane_count=1 recently=False speed=1.44
traci-bridge-1         | LANE_CMD_WAIT_EDGE veh=Ramp_Merge_5 edge=:390064918_0 lane=0 target=1 lane_count=1
traci-bridge-1         | LANE_CMD_STATE veh=Ramp_Back edge=34126779 lane=0 target=1 lane_count=1 recently=False speed=1.54
traci-bridge-1         | LANE_CMD_WAIT_EDGE veh=Ramp_Back edge=34126779 lane=0 target=1 lane_count=1
traci-bridge-1         | LANE_CMD_STATE veh=Ramp_Merge_5 edge=:390064918_0 lane=0 target=1 lane_count=1 recently=False speed=1.45
traci-bridge-1         | LANE_CMD_WAIT_EDGE veh=Ramp_Merge_5 edge=:390064918_0 lane=0 target=1 lane_count=1
traci-bridge-1         | LANE_CMD_STATE veh=Ramp_Back edge=34126779 lane=0 target=1 lane_count=1 recently=False speed=1.53
traci-bridge-1         | LANE_CMD_WAIT_EDGE veh=Ramp_Back edge=34126779 lane=0 target=1 lane_count=1
traci-bridge-1         | LANE_CMD_STATE veh=Ramp_Merge_5 edge=:390064918_0 lane=0 target=1 lane_count=1 recently=False speed=1.45
traci-bridge-1         | LANE_CMD_WAIT_EDGE veh=Ramp_Merge_5 edge=:390064918_0 lane=0 target=1 lane_count=1
traci-bridge-1         | LANE_CMD_STATE veh=Ramp_Back edge=34126779 lane=0 target=1 lane_count=1 recently=False speed=1.53
traci-bridge-1         | LANE_CMD_WAIT_EDGE veh=Ramp_Back edge=34126779 lane=0 target=1 lane_count=1
traci-bridge-1         | LANE_CMD_STATE veh=Ramp_Merge_5 edge=:390064918_0 lane=0 target=1 lane_count=1 recently=False speed=1.46
traci-bridge-1         | LANE_CMD_WAIT_EDGE veh=Ramp_Merge_5 edge=:390064918_0 lane=0 target=1 lane_count=1
traci-bridge-1         | LANE_CMD_STATE veh=Ramp_Back edge=34126779 lane=0 target=1 lane_count=1 recently=False speed=1.53
traci-bridge-1         | LANE_CMD_WAIT_EDGE veh=Ramp_Back edge=34126779 lane=0 target=1 lane_count=1
traci-bridge-1         | LANE_CMD_STATE veh=Ramp_Merge_5 edge=:390064918_0 lane=0 target=1 lane_count=1 recently=False speed=1.47
traci-bridge-1         | LANE_CMD_WAIT_EDGE veh=Ramp_Merge_5 edge=:390064918_0 lane=0 target=1 lane_count=1
traci-bridge-1         | LANE_CMD_STATE veh=Ramp_Back edge=34126779 lane=0 target=1 lane_count=1 recently=False speed=1.52
traci-bridge-1         | LANE_CMD_WAIT_EDGE veh=Ramp_Back edge=34126779 lane=0 target=1 lane_count=1
traci-bridge-1         | LANE_CMD_STATE veh=Ramp_Merge_5 edge=:390064918_0 lane=0 target=1 lane_count=1 recently=False speed=1.48
traci-bridge-1         | LANE_CMD_WAIT_EDGE veh=Ramp_Merge_5 edge=:390064918_0 lane=0 target=1 lane_count=1
traci-bridge-1         | LANE_CMD_STATE veh=Ramp_Back edge=34126779 lane=0 target=1 lane_count=1 recently=False speed=1.52
traci-bridge-1         | LANE_CMD_WAIT_EDGE veh=Ramp_Back edge=34126779 lane=0 target=1 lane_count=1
traci-bridge-1         | LANE_CMD_STATE veh=Ramp_Merge_5 edge=:390064918_0 lane=0 target=1 lane_count=1 recently=False speed=1.46
traci-bridge-1         | LANE_CMD_WAIT_EDGE veh=Ramp_Merge_5 edge=:390064918_0 lane=0 target=1 lane_count=1
traci-bridge-1         | LANE_CMD_STATE veh=Ramp_Back edge=34126779 lane=0 target=1 lane_count=1 recently=False speed=1.52
traci-bridge-1         | LANE_CMD_WAIT_EDGE veh=Ramp_Back edge=34126779 lane=0 target=1 lane_count=1
traci-bridge-1         | LANE_CMD_STATE veh=Ramp_Merge_5 edge=:390064918_0 lane=0 target=1 lane_count=1 recently=False speed=1.43
traci-bridge-1         | LANE_CMD_WAIT_EDGE veh=Ramp_Merge_5 edge=:390064918_0 lane=0 target=1 lane_count=1
traci-bridge-1         | LANE_CMD_STATE veh=Ramp_Back edge=34126779 lane=0 target=1 lane_count=1 recently=False speed=1.52
traci-bridge-1         | LANE_CMD_WAIT_EDGE veh=Ramp_Back edge=34126779 lane=0 target=1 lane_count=1
traci-bridge-1         | LANE_CMD_STATE veh=Ramp_Merge_5 edge=:390064918_0 lane=0 target=1 lane_count=1 recently=False speed=1.41
traci-bridge-1         | LANE_CMD_WAIT_EDGE veh=Ramp_Merge_5 edge=:390064918_0 lane=0 target=1 lane_count=1
traci-bridge-1         | LANE_CMD_STATE veh=Ramp_Back edge=34126779 lane=0 target=1 lane_count=1 recently=False speed=1.51
traci-bridge-1         | LANE_CMD_WAIT_EDGE veh=Ramp_Back edge=34126779 lane=0 target=1 lane_count=1
traci-bridge-1         | LANE_CMD_STATE veh=Ramp_Merge_5 edge=:390064918_0 lane=0 target=1 lane_count=1 recently=False speed=1.39
traci-bridge-1         | LANE_CMD_WAIT_EDGE veh=Ramp_Merge_5 edge=:390064918_0 lane=0 target=1 lane_count=1
traci-bridge-1         | LANE_CMD_STATE veh=Ramp_Back edge=34126779 lane=0 target=1 lane_count=1 recently=False speed=1.51
traci-bridge-1         | LANE_CMD_WAIT_EDGE veh=Ramp_Back edge=34126779 lane=0 target=1 lane_count=1
traci-bridge-1         | LANE_CMD_STATE veh=Ramp_Merge_5 edge=:390064918_0 lane=0 target=1 lane_count=1 recently=False speed=1.37
traci-bridge-1         | LANE_CMD_WAIT_EDGE veh=Ramp_Merge_5 edge=:390064918_0 lane=0 target=1 lane_count=1
traci-bridge-1         | LANE_CMD_STATE veh=Ramp_Back edge=34126779 lane=0 target=1 lane_count=1 recently=False speed=1.51
traci-bridge-1         | LANE_CMD_WAIT_EDGE veh=Ramp_Back edge=34126779 lane=0 target=1 lane_count=1
traci-bridge-1         | LANE_CMD_STATE veh=Ramp_Merge_5 edge=:390064918_0 lane=0 target=1 lane_count=1 recently=False speed=1.36
traci-bridge-1         | LANE_CMD_WAIT_EDGE veh=Ramp_Merge_5 edge=:390064918_0 lane=0 target=1 lane_count=1
traci-bridge-1         | LANE_CMD_STATE veh=Ramp_Back edge=34126779 lane=0 target=1 lane_count=1 recently=False speed=1.51
traci-bridge-1         | LANE_CMD_WAIT_EDGE veh=Ramp_Back edge=34126779 lane=0 target=1 lane_count=1
traci-bridge-1         | LANE_CMD_STATE veh=Ramp_Merge_5 edge=:390064918_0 lane=0 target=1 lane_count=1 recently=False speed=1.34
traci-bridge-1         | LANE_CMD_WAIT_EDGE veh=Ramp_Merge_5 edge=:390064918_0 lane=0 target=1 lane_count=1
traci-bridge-1         | LANE_CMD_STATE veh=Ramp_Back edge=34126779 lane=0 target=1 lane_count=1 recently=False speed=1.51
traci-bridge-1         | LANE_CMD_WAIT_EDGE veh=Ramp_Back edge=34126779 lane=0 target=1 lane_count=1
traci-bridge-1         | LANE_CMD_STATE veh=Ramp_Merge_5 edge=:390064918_0 lane=0 target=1 lane_count=1 recently=False speed=1.32
traci-bridge-1         | LANE_CMD_WAIT_EDGE veh=Ramp_Merge_5 edge=:390064918_0 lane=0 target=1 lane_count=1
traci-bridge-1         | LANE_CMD_STATE veh=Ramp_Back edge=34126779 lane=0 target=1 lane_count=1 recently=False speed=1.51
traci-bridge-1         | LANE_CMD_WAIT_EDGE veh=Ramp_Back edge=34126779 lane=0 target=1 lane_count=1
traci-bridge-1         | LANE_CMD_STATE veh=Ramp_Merge_5 edge=:390064918_0 lane=0 target=1 lane_count=1 recently=False speed=1.30
traci-bridge-1         | LANE_CMD_WAIT_EDGE veh=Ramp_Merge_5 edge=:390064918_0 lane=0 target=1 lane_count=1
traci-bridge-1         | LANE_CMD_STATE veh=Ramp_Back edge=34126779 lane=0 target=1 lane_count=1 recently=False speed=1.51
traci-bridge-1         | LANE_CMD_WAIT_EDGE veh=Ramp_Back edge=34126779 lane=0 target=1 lane_count=1
traci-bridge-1         | LANE_CMD_STATE veh=Ramp_Merge_5 edge=:390064918_0 lane=0 target=1 lane_count=1 recently=False speed=1.28
traci-bridge-1         | LANE_CMD_WAIT_EDGE veh=Ramp_Merge_5 edge=:390064918_0 lane=0 target=1 lane_count=1
traci-bridge-1         | LANE_CMD_STATE veh=Ramp_Back edge=34126779 lane=0 target=1 lane_count=1 recently=False speed=1.51
traci-bridge-1         | LANE_CMD_WAIT_EDGE veh=Ramp_Back edge=34126779 lane=0 target=1 lane_count=1
traci-bridge-1         | LANE_CMD_STATE veh=Ramp_Merge_5 edge=1331698336 lane=0 target=1 lane_count=3 recently=False speed=1.26
traci-bridge-1         | LANE_CMD_APPLY veh=Ramp_Merge_5 edge=1331698336 from_lane=0 target=1 duration=2.00 mode=256 speed=1.26
traci-bridge-1         | LANE_CMD_STATE veh=Ramp_Back edge=34126779 lane=0 target=1 lane_count=1 recently=False speed=1.50
traci-bridge-1         | LANE_CMD_WAIT_EDGE veh=Ramp_Back edge=34126779 lane=0 target=1 lane_count=1
traci-bridge-1         | LANE_CMD_STATE veh=Ramp_Merge_5 edge=1331698336 lane=1 target=1 lane_count=3 recently=True speed=1.23
traci-bridge-1         | LANE_CMD_CLEAR veh=Ramp_Merge_5 edge=1331698336 target=1
traci-bridge-1         | LANE_CMD_STATE veh=Ramp_Back edge=34126779 lane=0 target=1 lane_count=1 recently=False speed=1.50
traci-bridge-1         | LANE_CMD_WAIT_EDGE veh=Ramp_Back edge=34126779 lane=0 target=1 lane_count=1
traci-bridge-1         | LANE_CMD_STATE veh=Ramp_Back edge=34126779 lane=0 target=1 lane_count=1 recently=False speed=1.50
traci-bridge-1         | LANE_CMD_WAIT_EDGE veh=Ramp_Back edge=34126779 lane=0 target=1 lane_count=1
traci-bridge-1         | LANE_CMD_STATE veh=Ramp_Back edge=34126779 lane=0 target=1 lane_count=1 recently=False speed=1.50
traci-bridge-1         | LANE_CMD_WAIT_EDGE veh=Ramp_Back edge=34126779 lane=0 target=1 lane_count=1
traci-bridge-1         | LANE_CMD_STATE veh=Ramp_Back edge=34126779 lane=0 target=1 lane_count=1 recently=False speed=1.50
traci-bridge-1         | LANE_CMD_WAIT_EDGE veh=Ramp_Back edge=34126779 lane=0 target=1 lane_count=1
traci-bridge-1         | LANE_CMD_STATE veh=Ramp_Back edge=34126779 lane=0 target=1 lane_count=1 recently=False speed=1.50
traci-bridge-1         | LANE_CMD_WAIT_EDGE veh=Ramp_Back edge=34126779 lane=0 target=1 lane_count=1
traci-bridge-1         | LANE_CMD_STATE veh=Ramp_Back edge=34126779 lane=0 target=1 lane_count=1 recently=False speed=1.50
traci-bridge-1         | LANE_CMD_WAIT_EDGE veh=Ramp_Back edge=34126779 lane=0 target=1 lane_count=1
obu-main-mid-right-1   | [46.8] Main_Mid_Right role=cruise state=CRUISE->CRUISE speed=7.50 target=7.50 neighbors=11
obu-ramp-back-1        | [46.7] Ramp_Back FINAL_GUARD: REJECTED blind merge with main traffic
obu-ramp-back-1        | [46.7] Ramp_Back MERGE_DECISION: auth=False phys=True fgok=False lgok=True hgok=True cok=True esok=False cready=True dtm=12.3 past=False committed=False hid=None ra=None lclear=True hyok=True
obu-ramp-back-1        | [46.7] Ramp_Back role=merge state=NEGOTIATING->CRUISE speed=1.50 target=1.68 neighbors=11
obu-main-back-right-1  | [46.8] Main_Back_Right role=cruise state=CRUISE->CRUISE speed=7.50 target=7.50 neighbors=11
obu-main-front-left-1  | [46.9] Main_Front_Left role=cruise state=CRUISE->CRUISE speed=7.50 target=7.50 neighbors=11
obu-host-car-1         | [46.9] Host_Car role=cruise state=CRUISE->CRUISE speed=7.50 target=7.50 neighbors=11
obu-lead-car-1         | [46.9] Lead_Car role=cruise state=CRUISE->CRUISE speed=7.50 target=7.50 neighbors=10
obu-ramp-merge-4-1     | [46.8] Ramp_Merge_4 role=cruise state=CRUISE->CRUISE speed=7.44 target=7.50 neighbors=11
obu-merge-car-1        | [46.8] Merge_Car role=cruise state=CRUISE->CRUISE speed=7.50 target=7.50 neighbors=11
obu-ramp-merge-5-1     | [46.8] Ramp_Merge_5 role=host state=CRUISE->CRUISE speed=2.38 target=7.50 neighbors=11
obu-ramp-back-1        | [46.9] Ramp_Back MERGE_LCLEAR_BLOCK: sid=111 gap=1.4 neighbor_age=0.1 from_memory=False dtm=12.0
obu-ramp-back-1        | [46.9] Ramp_Back MERGE_DECISION: auth=False phys=True fgok=True lgok=True hgok=True cok=True esok=False cready=True dtm=12.0 past=False committed=False hid=None ra=None lclear=False hyok=True
obu-ramp-merge-2-1     | [47.2] Ramp_Merge_2 role=cruise state=CRUISE->CRUISE speed=7.50 target=7.50 neighbors=11
obu-ramp-back-1        | [47.3] Ramp_Back MERGE_DECISION: auth=False phys=True fgok=True lgok=True hgok=True cok=True esok=False cready=True dtm=11.4 past=False committed=False hid=None ra=None lclear=False hyok=True
obu-main-back-left-1   | [47.4] Main_Back_Left role=cruise state=CRUISE->CRUISE speed=7.50 target=7.50 neighbors=11
obu-ramp-merge-3-1     | [47.4] Ramp_Merge_3 role=cruise state=CRUISE->CRUISE speed=7.49 target=7.50 neighbors=11
obu-lead-car-1         | [47.9] Lead_Car role=cruise state=CRUISE->CRUISE speed=7.50 target=7.50 neighbors=11
obu-ramp-merge-5-1     | [47.8] Ramp_Merge_5 role=host state=CRUISE->CRUISE speed=4.30 target=7.50 neighbors=11
obu-ramp-back-1        | MERGE_SLOT_QUALITY_DIAG: vehicle=Ramp_Back event=REQUEST_NEW t=47.9 manoeuvre=159 source=new_request lead=None host=110 own_eta=6.75 lead_eta=None host_eta=8.44 min_eta=None max_eta=6.94 desired_eta=6.75 gap_possible=True dtm=10.6 edge=34126779 lane=0 speed=1.57 lead_speed=None host_speed=7.45 lead_gap=None host_gap=67.24 lead_gap_t1=None lead_gap_t2=None lead_gap_t3=None host_gap_t1=67.24 host_gap_t2=67.24 host_gap_t3=67.24 rel_to_lead=None rel_to_host=-5.88 lead_lat=None host_lat=6.96 pending=True accepted=False authorized=False committed=False pending_age=0.00 accepted_age=None lane_cmd_state=WAIT_EDGE lane_cmd_target=1
obu-ramp-back-1        | MERGE_ATTEMPT_TIMELINE: vehicle=Ramp_Back manoeuvre=159 host=110 lead=109 event=REQUEST_SENT t=47.9 edge=34126779 lane=0 lane_cmd_state=WAIT_EDGE speed=1.57 target=6.75 dtm=10.6 lead_gap=103.55 host_gap=67.24 lead_gap_t1=103.55 lead_gap_t2=103.55 lead_gap_t3=103.55 host_gap_t1=67.24 host_gap_t2=67.24 host_gap_t3=67.24
obu-main-front-left-1  | [48.0] Main_Front_Left role=cruise state=CRUISE->CRUISE speed=7.50 target=7.50 neighbors=11
obu-host-car-1         | [48.0] Host_Car role=cruise state=CRUISE->CRUISE speed=7.50 target=7.50 neighbors=11
obu-main-back-right-1  | [47.9] Main_Back_Right role=cruise state=CRUISE->CRUISE speed=7.50 target=7.50 neighbors=11
obu-main-mid-right-1   | [48.0] Main_Mid_Right role=cruise state=CRUISE->CRUISE speed=7.50 target=7.50 neighbors=11
obu-ramp-back-1        | [47.9] Ramp_Back MCM_TX_REQUEST: manoeuvre=159 target=110
obu-ramp-back-1        | [47.9] Ramp_Back FINAL_GUARD: REJECTED sid=111 gap=14.1 ttc_danger=False
obu-ramp-back-1        | [47.9] Ramp_Back MERGE_DECISION: auth=False phys=True fgok=False lgok=True hgok=True cok=True esok=False cready=True dtm=10.6 past=False committed=False hid=110 ra=None lclear=True hyok=False
obu-ramp-back-1        | [47.9] Ramp_Back CAR_FOLLOW: sid=110 edge=34126779 lane=0 leader_edge= leader_lane=None leader_role_hint=ramp self_merge_completed=False self_merge_completed_age=-1.0 self_merge_committed=False lane_cmd_state=WAIT_EDGE lane_cmd_edge=34126779 lane_cmd_target=1 lane_cmd_executable=False same_lane=False reason=merge_conflict_eta gap=1.7 follow_spd=4.12 emergency=False target_before=1.1222826168284779 target_after=1.7522826168284777 target_after_raw=4.12
obu-ramp-back-1        | [47.9] Ramp_Back role=merge state=CRUISE->YIELDING speed=1.57 target=1.75 neighbors=11
obu-ramp-merge-4-1     | [47.9] Ramp_Merge_4 role=cruise state=CRUISE->CRUISE speed=7.47 target=7.50 neighbors=11
obu-merge-car-1        | [47.9] Merge_Car role=cruise state=CRUISE->CRUISE speed=7.50 target=7.50 neighbors=11
obu-ramp-back-1        | [48.0] Ramp_Back FINAL_GUARD: REJECTED sid=111 gap=13.9 ttc_danger=False
obu-ramp-back-1        | [48.0] Ramp_Back MERGE_DECISION: auth=False phys=True fgok=False lgok=True hgok=True cok=True esok=False cready=True dtm=10.5 past=False committed=False hid=110 ra=None lclear=True hyok=False
obu-ramp-back-1        | MCM_REQUEST_RETRY_DIAG: vehicle=Ramp_Back host=110 lead=None manoeuvre=159 retry_count=1 pending_age=0.3 dtm=10.2 own_eta=6.39 host_eta_current=8.435316154213341 host_eta_at_request=8.435316154213341 lead_eta_current=None lead_eta_at_request=None last_response_action=None last_response_age=None host_remote_fsm=CRUISE host_remote_edge=:1487416310_0 host_remote_lane=0 host_remote_merge_committed=False host_remote_merge_completed=True host_remote_active_merge_request=False host_remote_active_station_id=None host_remote_active_manoeuvre_id=None host_remote_active_remaining_s=0.0
obu-ramp-back-1        | MERGE_SLOT_QUALITY_DIAG: vehicle=Ramp_Back event=REQUEST_RETRY t=48.2 manoeuvre=159 source=retry_request lead=None host=110 own_eta=6.39 lead_eta=None host_eta=8.44 min_eta=None max_eta=6.94 desired_eta=6.39 gap_possible=True dtm=10.2 edge=34126779 lane=0 speed=1.59 lead_speed=None host_speed=7.45 lead_gap=None host_gap=66.95 lead_gap_t1=None lead_gap_t2=None lead_gap_t3=None host_gap_t1=66.95 host_gap_t2=66.95 host_gap_t3=66.95 rel_to_lead=None rel_to_host=-5.86 lead_lat=None host_lat=4.62 pending=True accepted=False authorized=False committed=False pending_age=0.30 accepted_age=None lane_cmd_state=WAIT_EDGE lane_cmd_target=1
obu-ramp-back-1        | [48.2] Ramp_Back MCM_TX_REQUEST: manoeuvre=159 target=110
obu-ramp-back-1        | [48.2] Ramp_Back FINAL_GUARD: REJECTED sid=111 gap=13.6 ttc_danger=False
obu-ramp-back-1        | [48.2] Ramp_Back MERGE_DECISION: auth=False phys=True fgok=False lgok=True hgok=True cok=True esok=False cready=True dtm=10.2 past=False committed=False hid=110 ra=None lclear=True hyok=False
obu-ramp-merge-4-1     | [48.2] Ramp_Merge_4 MCM_RX_REQUEST: from=112 manoeuvre=159 target=110
obu-ramp-merge-2-1     | [48.2] Ramp_Merge_2 role=cruise state=CRUISE->CRUISE speed=7.50 target=7.50 neighbors=11
obu-ramp-merge-4-1     | [48.3] Ramp_Merge_4 MCM_RX_REQUEST: from=112 manoeuvre=159 target=110
obu-ramp-back-1        | MCM_REQUEST_RETRY_DIAG: vehicle=Ramp_Back host=110 lead=None manoeuvre=159 retry_count=2 pending_age=1.0 dtm=9.3 own_eta=6.36 host_eta_current=9.205950083829848 host_eta_at_request=8.435316154213341 lead_eta_current=None lead_eta_at_request=None last_response_action=None last_response_age=None host_remote_fsm=CRUISE host_remote_edge=:1487416310_0 host_remote_lane=0 host_remote_merge_committed=False host_remote_merge_completed=True host_remote_active_merge_request=False host_remote_active_station_id=None host_remote_active_manoeuvre_id=None host_remote_active_remaining_s=0.0
obu-ramp-back-1        | MERGE_SLOT_QUALITY_DIAG: vehicle=Ramp_Back event=REQUEST_RETRY t=48.9 manoeuvre=159 source=retry_request lead=None host=110 own_eta=6.36 lead_eta=None host_eta=9.21 min_eta=None max_eta=7.71 desired_eta=6.36 gap_possible=True dtm=9.3 edge=34126779 lane=0 speed=1.46 lead_speed=None host_speed=7.47 lead_gap=None host_gap=71.95 lead_gap_t1=None lead_gap_t2=None lead_gap_t3=None host_gap_t1=71.95 host_gap_t2=71.95 host_gap_t3=71.95 rel_to_lead=None rel_to_host=-6.01 lead_lat=None host_lat=1.00 pending=True accepted=False authorized=False committed=False pending_age=1.00 accepted_age=None lane_cmd_state=WAIT_EDGE lane_cmd_target=1
obu-ramp-back-1        | [48.9] Ramp_Back MCM_TX_REQUEST: manoeuvre=159 target=110
obu-ramp-back-1        | [48.9] Ramp_Back MERGE_DECISION: auth=False phys=True fgok=True lgok=True hgok=True cok=True esok=False cready=True dtm=9.3 past=False committed=False hid=110 ra=None lclear=True hyok=False
obu-ramp-back-1        | [48.9] Ramp_Back role=merge state=YIELDING->YIELDING speed=1.46 target=1.01 neighbors=11
obu-main-back-left-1   | [48.9] Main_Back_Left role=cruise state=CRUISE->CRUISE speed=7.50 target=7.50 neighbors=11
obu-merge-car-1        | [49.0] Merge_Car role=cruise state=CRUISE->CRUISE speed=7.50 target=7.50 neighbors=11
obu-ramp-merge-5-1     | [48.9] Ramp_Merge_5 role=cruise state=CRUISE->CRUISE speed=5.68 target=7.50 neighbors=11
obu-ramp-merge-3-1     | [49.0] Ramp_Merge_3 role=cruise state=CRUISE->CRUISE speed=7.50 target=7.50 neighbors=11
obu-main-back-right-1  | [49.0] Main_Back_Right role=cruise state=CRUISE->CRUISE speed=7.50 target=7.50 neighbors=11
obu-main-front-left-1  | [49.0] Main_Front_Left role=cruise state=CRUISE->CRUISE speed=7.50 target=7.50 neighbors=11
obu-host-car-1         | [49.0] Host_Car role=cruise state=CRUISE->CRUISE speed=7.50 target=7.50 neighbors=11
obu-main-mid-right-1   | [49.0] Main_Mid_Right role=cruise state=CRUISE->CRUISE speed=7.50 target=7.50 neighbors=11
obu-lead-car-1         | [49.1] Lead_Car role=cruise state=CRUISE->CRUISE speed=7.50 target=7.50 neighbors=11
obu-ramp-merge-4-1     | [49.0] Ramp_Merge_4 role=cruise state=CRUISE->CRUISE speed=7.48 target=7.50 neighbors=11
obu-ramp-merge-4-1     | [49.5] Ramp_Merge_4 MCM_RX_REQUEST: from=112 manoeuvre=159 target=110
obu-ramp-merge-2-1     | [49.5] Ramp_Merge_2 role=cruise state=CRUISE->CRUISE speed=7.50 target=7.50 neighbors=7
obu-ramp-back-1        | MCM_REQUEST_RETRY_DIAG: vehicle=Ramp_Back host=110 lead=None manoeuvre=159 retry_count=3 pending_age=1.6 dtm=8.6 own_eta=6.37 host_eta_current=10.38693975000738 host_eta_at_request=8.435316154213341 lead_eta_current=None lead_eta_at_request=None last_response_action=None last_response_age=None host_remote_fsm=CRUISE host_remote_edge=135424828 host_remote_lane=0 host_remote_merge_committed=False host_remote_merge_completed=True host_remote_active_merge_request=False host_remote_active_station_id=None host_remote_active_manoeuvre_id=None host_remote_active_remaining_s=0.0
obu-ramp-back-1        | MERGE_SLOT_QUALITY_DIAG: vehicle=Ramp_Back event=REQUEST_RETRY t=49.5 manoeuvre=159 source=retry_request lead=None host=110 own_eta=6.37 lead_eta=None host_eta=10.39 min_eta=None max_eta=8.89 desired_eta=6.37 gap_possible=True dtm=8.6 edge=34126779 lane=0 speed=1.34 lead_speed=None host_speed=7.48 lead_gap=None host_gap=79.99 lead_gap_t1=None lead_gap_t2=None lead_gap_t3=None host_gap_t1=79.99 host_gap_t2=79.99 host_gap_t3=79.99 rel_to_lead=None rel_to_host=-6.14 lead_lat=None host_lat=1.93 pending=True accepted=False authorized=False committed=False pending_age=1.60 accepted_age=None lane_cmd_state=WAIT_EDGE lane_cmd_target=1
obu-ramp-back-1        | [49.5] Ramp_Back MCM_TX_REQUEST: manoeuvre=159 target=110
obu-ramp-back-1        | [49.5] Ramp_Back MERGE_DECISION: auth=False phys=True fgok=True lgok=True hgok=True cok=True esok=False cready=True dtm=8.6 past=False committed=False hid=110 ra=None lclear=True hyok=False
obu-ramp-back-1        | [49.6] Ramp_Back MERGE_DECISION: auth=False phys=True fgok=True lgok=True hgok=True cok=True esok=False cready=True dtm=8.5 past=False committed=False hid=110 ra=None lclear=True hyok=False
obu-ramp-back-1        | [49.7] Ramp_Back MERGE_DECISION: auth=False phys=True fgok=True lgok=True hgok=True cok=True esok=False cready=True dtm=8.3 past=False committed=False hid=110 ra=None lclear=True hyok=False
obu-ramp-back-1        | MCM_REQUEST_RETRY_DIAG: vehicle=Ramp_Back host=110 lead=None manoeuvre=159 retry_count=4 pending_age=2.0 dtm=8.1 own_eta=6.41 host_eta_current=10.38693975000738 host_eta_at_request=8.435316154213341 lead_eta_current=None lead_eta_at_request=None last_response_action=None last_response_age=None host_remote_fsm=CRUISE host_remote_edge=135424828 host_remote_lane=0 host_remote_merge_committed=False host_remote_merge_completed=True host_remote_active_merge_request=False host_remote_active_station_id=None host_remote_active_manoeuvre_id=None host_remote_active_remaining_s=0.0
obu-ramp-back-1        | MERGE_SLOT_QUALITY_DIAG: vehicle=Ramp_Back event=REQUEST_RETRY t=49.9 manoeuvre=159 source=retry_request lead=None host=110 own_eta=6.41 lead_eta=None host_eta=10.39 min_eta=None max_eta=8.89 desired_eta=6.41 gap_possible=True dtm=8.1 edge=34126779 lane=0 speed=1.27 lead_speed=None host_speed=7.48 lead_gap=None host_gap=79.47 lead_gap_t1=None lead_gap_t2=None lead_gap_t3=None host_gap_t1=79.47 host_gap_t2=79.47 host_gap_t3=79.47 rel_to_lead=None rel_to_host=-6.21 lead_lat=None host_lat=1.93 pending=True accepted=False authorized=False committed=False pending_age=2.00 accepted_age=None lane_cmd_state=WAIT_EDGE lane_cmd_target=1
obu-ramp-back-1        | [49.9] Ramp_Back MCM_TX_REQUEST: manoeuvre=159 target=110
obu-ramp-back-1        | [49.9] Ramp_Back MERGE_DECISION: auth=False phys=True fgok=True lgok=True hgok=True cok=True esok=False cready=True dtm=8.1 past=False committed=False hid=110 ra=None lclear=True hyok=False
obu-ramp-back-1        | [49.9] Ramp_Back role=merge state=YIELDING->YIELDING speed=1.27 target=0.82 neighbors=11
obu-ramp-merge-5-1     | [49.9] Ramp_Merge_5 role=cruise state=CRUISE->CRUISE speed=6.41 target=7.50 neighbors=11
obu-main-back-right-1  | [50.1] Main_Back_Right role=cruise state=CRUISE->CRUISE speed=7.50 target=7.50 neighbors=11
obu-main-front-left-1  | [50.1] Main_Front_Left role=cruise state=CRUISE->CRUISE speed=7.50 target=7.50 neighbors=11
obu-host-car-1         | [50.1] Host_Car role=cruise state=CRUISE->CRUISE speed=7.50 target=7.50 neighbors=11
obu-ramp-merge-4-1     | [50.0] Ramp_Merge_4 MCM_RX_REQUEST: from=112 manoeuvre=159 target=110
obu-ramp-merge-4-1     | [50.0] Ramp_Merge_4 MCM_RX_REQUEST: from=112 manoeuvre=159 target=110
obu-main-mid-right-1   | [50.0] Main_Mid_Right role=cruise state=CRUISE->CRUISE speed=7.50 target=7.50 neighbors=11
obu-lead-car-1         | [50.1] Lead_Car role=cruise state=CRUISE->CRUISE speed=7.50 target=7.50 neighbors=11
obu-ramp-merge-4-1     | [50.1] Ramp_Merge_4 role=cruise state=CRUISE->CRUISE speed=7.49 target=7.50 neighbors=11
obu-merge-car-1        | [50.1] Merge_Car role=cruise state=CRUISE->CRUISE speed=7.50 target=7.50 neighbors=11
obu-main-back-left-1   | [50.1] Main_Back_Left role=cruise state=CRUISE->CRUISE speed=7.50 target=7.50 neighbors=11
obu-ramp-back-1        | [50.0] Ramp_Back MERGE_DECISION: auth=False phys=True fgok=True lgok=True hgok=True cok=True esok=False cready=True dtm=8.0 past=False committed=False hid=110 ra=None lclear=True hyok=False
obu-ramp-merge-3-1     | [50.0] Ramp_Merge_3 role=cruise state=CRUISE->CRUISE speed=7.50 target=7.50 neighbors=11
obu-ramp-back-1        | [50.1] Ramp_Back MERGE_DECISION: auth=False phys=True fgok=True lgok=True hgok=True cok=True esok=False cready=True dtm=7.9 past=False committed=False hid=110 ra=None lclear=True hyok=False
obu-ramp-back-1        | MCM_REQUEST_RETRY_DIAG: vehicle=Ramp_Back host=110 lead=None manoeuvre=159 retry_count=5 pending_age=2.3 dtm=7.8 own_eta=6.49 host_eta_current=10.88695552693307 host_eta_at_request=8.435316154213341 lead_eta_current=None lead_eta_at_request=None last_response_action=None last_response_age=None host_remote_fsm=CRUISE host_remote_edge=135424828 host_remote_lane=0 host_remote_merge_committed=False host_remote_merge_completed=True host_remote_active_merge_request=False host_remote_active_station_id=None host_remote_active_manoeuvre_id=None host_remote_active_remaining_s=0.0
obu-ramp-back-1        | MERGE_SLOT_QUALITY_DIAG: vehicle=Ramp_Back event=REQUEST_RETRY t=50.2 manoeuvre=159 source=retry_request lead=None host=110 own_eta=6.49 lead_eta=None host_eta=10.89 min_eta=None max_eta=9.39 desired_eta=6.49 gap_possible=True dtm=7.8 edge=34126779 lane=0 speed=1.21 lead_speed=None host_speed=7.48 lead_gap=None host_gap=82.82 lead_gap_t1=None lead_gap_t2=None lead_gap_t3=None host_gap_t1=82.82 host_gap_t2=82.82 host_gap_t3=82.82 rel_to_lead=None rel_to_host=-6.27 lead_lat=None host_lat=2.38 pending=True accepted=False authorized=False committed=False pending_age=2.30 accepted_age=None lane_cmd_state=WAIT_EDGE lane_cmd_target=1
obu-ramp-back-1        | [50.2] Ramp_Back MCM_TX_REQUEST: manoeuvre=159 target=110
obu-ramp-back-1        | [50.2] Ramp_Back MERGE_DECISION: auth=False phys=True fgok=True lgok=True hgok=True cok=True esok=False cready=True dtm=7.8 past=False committed=False hid=110 ra=None lclear=True hyok=False
obu-ramp-merge-4-1     | [50.5] Ramp_Merge_4 MCM_RX_REQUEST: from=112 manoeuvre=159 target=110
obu-ramp-back-1        | MCM_REQUEST_RETRY_DIAG: vehicle=Ramp_Back host=110 lead=None manoeuvre=159 retry_count=6 pending_age=2.6 dtm=7.6 own_eta=6.59 host_eta_current=11.187304961744527 host_eta_at_request=8.435316154213341 lead_eta_current=None lead_eta_at_request=None last_response_action=None last_response_age=None host_remote_fsm=CRUISE host_remote_edge=135424828 host_remote_lane=0 host_remote_merge_committed=False host_remote_merge_completed=True host_remote_active_merge_request=False host_remote_active_station_id=None host_remote_active_manoeuvre_id=None host_remote_active_remaining_s=0.0
obu-ramp-back-1        | MERGE_SLOT_QUALITY_DIAG: vehicle=Ramp_Back event=REQUEST_RETRY t=50.5 manoeuvre=159 source=retry_request lead=None host=110 own_eta=6.59 lead_eta=None host_eta=11.19 min_eta=None max_eta=9.69 desired_eta=6.59 gap_possible=True dtm=7.6 edge=34126779 lane=0 speed=1.15 lead_speed=None host_speed=7.48 lead_gap=None host_gap=84.70 lead_gap_t1=None lead_gap_t2=None lead_gap_t3=None host_gap_t1=84.70 host_gap_t2=84.70 host_gap_t3=84.70 rel_to_lead=None rel_to_host=-6.33 lead_lat=None host_lat=2.64 pending=True accepted=False authorized=False committed=False pending_age=2.60 accepted_age=None lane_cmd_state=WAIT_EDGE lane_cmd_target=1
obu-ramp-merge-2-1     | [50.6] Ramp_Merge_2 role=cruise state=CRUISE->CRUISE speed=7.50 target=7.50 neighbors=11
obu-ramp-back-1        | [50.5] Ramp_Back MCM_TX_REQUEST: manoeuvre=159 target=110
obu-ramp-back-1        | [50.5] Ramp_Back MERGE_DECISION: auth=False phys=True fgok=True lgok=True hgok=True cok=True esok=False cready=True dtm=7.6 past=False committed=False hid=110 ra=None lclear=True hyok=False
obu-ramp-back-1        | [50.6] Ramp_Back MERGE_DECISION: auth=False phys=True fgok=True lgok=True hgok=True cok=True esok=False cready=True dtm=7.5 past=False committed=False hid=110 ra=None lclear=True hyok=False
obu-ramp-back-1        | MCM_REQUEST_RETRY_DIAG: vehicle=Ramp_Back host=110 lead=None manoeuvre=159 retry_count=7 pending_age=2.9 dtm=7.3 own_eta=6.71 host_eta_current=11.187304961744527 host_eta_at_request=8.435316154213341 lead_eta_current=None lead_eta_at_request=None last_response_action=None last_response_age=None host_remote_fsm=CRUISE host_remote_edge=135424828 host_remote_lane=0 host_remote_merge_committed=False host_remote_merge_completed=True host_remote_active_merge_request=False host_remote_active_station_id=None host_remote_active_manoeuvre_id=None host_remote_active_remaining_s=0.0
obu-ramp-back-1        | MERGE_SLOT_QUALITY_DIAG: vehicle=Ramp_Back event=REQUEST_RETRY t=50.8 manoeuvre=159 source=retry_request lead=None host=110 own_eta=6.71 lead_eta=None host_eta=11.19 min_eta=None max_eta=9.69 desired_eta=6.71 gap_possible=True dtm=7.3 edge=34126779 lane=0 speed=1.09 lead_speed=None host_speed=7.48 lead_gap=None host_gap=84.37 lead_gap_t1=None lead_gap_t2=None lead_gap_t3=None host_gap_t1=84.37 host_gap_t2=84.37 host_gap_t3=84.37 rel_to_lead=None rel_to_host=-6.39 lead_lat=None host_lat=2.64 pending=True accepted=False authorized=False committed=False pending_age=2.90 accepted_age=None lane_cmd_state=WAIT_EDGE lane_cmd_target=1
obu-ramp-back-1        | [50.8] Ramp_Back MCM_TX_REQUEST: manoeuvre=159 target=110
obu-ramp-back-1        | [50.8] Ramp_Back MERGE_DECISION: auth=False phys=True fgok=True lgok=True hgok=True cok=True esok=False cready=True dtm=7.3 past=False committed=False hid=110 ra=None lclear=True hyok=False
obu-ramp-merge-4-1     | [50.8] Ramp_Merge_4 MCM_RX_REQUEST: from=112 manoeuvre=159 target=110
obu-main-mid-right-1   | [51.0] Main_Mid_Right role=cruise state=CRUISE->CRUISE speed=7.50 target=7.50 neighbors=11
obu-main-front-left-1  | [51.1] Main_Front_Left role=cruise state=CRUISE->CRUISE speed=7.50 target=7.50 neighbors=11
obu-host-car-1         | [51.1] Host_Car role=cruise state=CRUISE->CRUISE speed=7.50 target=7.50 neighbors=11
obu-lead-car-1         | [51.1] Lead_Car role=cruise state=CRUISE->CRUISE speed=7.50 target=7.50 neighbors=11
traci-bridge-1         | LANE_CMD_STATE veh=Ramp_Back edge=34126779 lane=0 target=1 lane_count=1 recently=False speed=1.50
traci-bridge-1         | LANE_CMD_WAIT_EDGE veh=Ramp_Back edge=34126779 lane=0 target=1 lane_count=1
traci-bridge-1         | LANE_CMD_STATE veh=Ramp_Back edge=34126779 lane=0 target=1 lane_count=1 recently=False speed=1.50
traci-bridge-1         | LANE_CMD_WAIT_EDGE veh=Ramp_Back edge=34126779 lane=0 target=1 lane_count=1
traci-bridge-1         | LANE_CMD_STATE veh=Ramp_Back edge=34126779 lane=0 target=1 lane_count=1 recently=False speed=1.50
traci-bridge-1         | LANE_CMD_WAIT_EDGE veh=Ramp_Back edge=34126779 lane=0 target=1 lane_count=1
traci-bridge-1         | LANE_CMD_STATE veh=Ramp_Back edge=34126779 lane=0 target=1 lane_count=1 recently=False speed=1.50
traci-bridge-1         | LANE_CMD_WAIT_EDGE veh=Ramp_Back edge=34126779 lane=0 target=1 lane_count=1
traci-bridge-1         | LANE_CMD_STATE veh=Ramp_Back edge=34126779 lane=0 target=1 lane_count=1 recently=False speed=1.50
traci-bridge-1         | LANE_CMD_WAIT_EDGE veh=Ramp_Back edge=34126779 lane=0 target=1 lane_count=1
traci-bridge-1         | LANE_CMD_STATE veh=Ramp_Back edge=34126779 lane=0 target=1 lane_count=1 recently=False speed=1.50
traci-bridge-1         | LANE_CMD_WAIT_EDGE veh=Ramp_Back edge=34126779 lane=0 target=1 lane_count=1
traci-bridge-1         | LANE_CMD_STATE veh=Ramp_Back edge=34126779 lane=0 target=1 lane_count=1 recently=False speed=1.51
traci-bridge-1         | LANE_CMD_WAIT_EDGE veh=Ramp_Back edge=34126779 lane=0 target=1 lane_count=1
traci-bridge-1         | LANE_CMD_STATE veh=Ramp_Back edge=34126779 lane=0 target=1 lane_count=1 recently=False speed=1.52
traci-bridge-1         | LANE_CMD_WAIT_EDGE veh=Ramp_Back edge=34126779 lane=0 target=1 lane_count=1
traci-bridge-1         | LANE_CMD_STATE veh=Ramp_Back edge=34126779 lane=0 target=1 lane_count=1 recently=False speed=1.53
traci-bridge-1         | LANE_CMD_WAIT_EDGE veh=Ramp_Back edge=34126779 lane=0 target=1 lane_count=1
traci-bridge-1         | LANE_CMD_STATE veh=Ramp_Back edge=34126779 lane=0 target=1 lane_count=1 recently=False speed=1.53
traci-bridge-1         | LANE_CMD_WAIT_EDGE veh=Ramp_Back edge=34126779 lane=0 target=1 lane_count=1
traci-bridge-1         | LANE_CMD_STATE veh=Ramp_Back edge=34126779 lane=0 target=1 lane_count=1 recently=False speed=1.54
traci-bridge-1         | LANE_CMD_WAIT_EDGE veh=Ramp_Back edge=34126779 lane=0 target=1 lane_count=1
traci-bridge-1         | LANE_CMD_STATE veh=Ramp_Back edge=34126779 lane=0 target=1 lane_count=1 recently=False speed=1.55
traci-bridge-1         | LANE_CMD_WAIT_EDGE veh=Ramp_Back edge=34126779 lane=0 target=1 lane_count=1
traci-bridge-1         | LANE_CMD_STATE veh=Ramp_Back edge=34126779 lane=0 target=1 lane_count=1 recently=False speed=1.56
traci-bridge-1         | LANE_CMD_WAIT_EDGE veh=Ramp_Back edge=34126779 lane=0 target=1 lane_count=1
traci-bridge-1         | LANE_CMD_STATE veh=Ramp_Back edge=34126779 lane=0 target=1 lane_count=1 recently=False speed=1.57
traci-bridge-1         | LANE_CMD_WAIT_EDGE veh=Ramp_Back edge=34126779 lane=0 target=1 lane_count=1
traci-bridge-1         | LANE_CMD_STATE veh=Ramp_Back edge=34126779 lane=0 target=1 lane_count=1 recently=False speed=1.57
traci-bridge-1         | LANE_CMD_WAIT_EDGE veh=Ramp_Back edge=34126779 lane=0 target=1 lane_count=1
traci-bridge-1         | LANE_CMD_STATE veh=Ramp_Back edge=34126779 lane=0 target=1 lane_count=1 recently=False speed=1.58
traci-bridge-1         | LANE_CMD_WAIT_EDGE veh=Ramp_Back edge=34126779 lane=0 target=1 lane_count=1
traci-bridge-1         | LANE_CMD_STATE veh=Ramp_Back edge=34126779 lane=0 target=1 lane_count=1 recently=False speed=1.59
traci-bridge-1         | LANE_CMD_WAIT_EDGE veh=Ramp_Back edge=34126779 lane=0 target=1 lane_count=1
traci-bridge-1         | LANE_CMD_STATE veh=Ramp_Back edge=34126779 lane=0 target=1 lane_count=1 recently=False speed=1.59
traci-bridge-1         | LANE_CMD_WAIT_EDGE veh=Ramp_Back edge=34126779 lane=0 target=1 lane_count=1
traci-bridge-1         | LANE_CMD_STATE veh=Ramp_Back edge=34126779 lane=0 target=1 lane_count=1 recently=False speed=1.57
traci-bridge-1         | LANE_CMD_WAIT_EDGE veh=Ramp_Back edge=34126779 lane=0 target=1 lane_count=1
traci-bridge-1         | LANE_CMD_STATE veh=Ramp_Back edge=34126779 lane=0 target=1 lane_count=1 recently=False speed=1.55
traci-bridge-1         | LANE_CMD_WAIT_EDGE veh=Ramp_Back edge=34126779 lane=0 target=1 lane_count=1
traci-bridge-1         | LANE_CMD_STATE veh=Ramp_Back edge=34126779 lane=0 target=1 lane_count=1 recently=False speed=1.53
traci-bridge-1         | LANE_CMD_WAIT_EDGE veh=Ramp_Back edge=34126779 lane=0 target=1 lane_count=1
traci-bridge-1         | LANE_CMD_STATE veh=Ramp_Back edge=34126779 lane=0 target=1 lane_count=1 recently=False speed=1.51
traci-bridge-1         | LANE_CMD_WAIT_EDGE veh=Ramp_Back edge=34126779 lane=0 target=1 lane_count=1
traci-bridge-1         | LANE_CMD_STATE veh=Ramp_Back edge=34126779 lane=0 target=1 lane_count=1 recently=False speed=1.49
traci-bridge-1         | LANE_CMD_WAIT_EDGE veh=Ramp_Back edge=34126779 lane=0 target=1 lane_count=1
traci-bridge-1         | LANE_CMD_STATE veh=Ramp_Back edge=34126779 lane=0 target=1 lane_count=1 recently=False speed=1.47
traci-bridge-1         | LANE_CMD_WAIT_EDGE veh=Ramp_Back edge=34126779 lane=0 target=1 lane_count=1
traci-bridge-1         | LANE_CMD_STATE veh=Ramp_Back edge=34126779 lane=0 target=1 lane_count=1 recently=False speed=1.46
traci-bridge-1         | LANE_CMD_WAIT_EDGE veh=Ramp_Back edge=34126779 lane=0 target=1 lane_count=1
traci-bridge-1         | LANE_CMD_STATE veh=Ramp_Back edge=34126779 lane=0 target=1 lane_count=1 recently=False speed=1.44
traci-bridge-1         | LANE_CMD_WAIT_EDGE veh=Ramp_Back edge=34126779 lane=0 target=1 lane_count=1
traci-bridge-1         | LANE_CMD_STATE veh=Ramp_Back edge=34126779 lane=0 target=1 lane_count=1 recently=False speed=1.42
traci-bridge-1         | LANE_CMD_WAIT_EDGE veh=Ramp_Back edge=34126779 lane=0 target=1 lane_count=1
traci-bridge-1         | LANE_CMD_STATE veh=Ramp_Back edge=34126779 lane=0 target=1 lane_count=1 recently=False speed=1.40
traci-bridge-1         | LANE_CMD_WAIT_EDGE veh=Ramp_Back edge=34126779 lane=0 target=1 lane_count=1
traci-bridge-1         | LANE_CMD_STATE veh=Ramp_Back edge=34126779 lane=0 target=1 lane_count=1 recently=False speed=1.38
traci-bridge-1         | LANE_CMD_WAIT_EDGE veh=Ramp_Back edge=34126779 lane=0 target=1 lane_count=1
traci-bridge-1         | LANE_CMD_STATE veh=Ramp_Back edge=34126779 lane=0 target=1 lane_count=1 recently=False speed=1.36
traci-bridge-1         | LANE_CMD_WAIT_EDGE veh=Ramp_Back edge=34126779 lane=0 target=1 lane_count=1
traci-bridge-1         | LANE_CMD_STATE veh=Ramp_Back edge=34126779 lane=0 target=1 lane_count=1 recently=False speed=1.34
traci-bridge-1         | LANE_CMD_WAIT_EDGE veh=Ramp_Back edge=34126779 lane=0 target=1 lane_count=1
traci-bridge-1         | LANE_CMD_STATE veh=Ramp_Back edge=34126779 lane=0 target=1 lane_count=1 recently=False speed=1.33
traci-bridge-1         | LANE_CMD_WAIT_EDGE veh=Ramp_Back edge=34126779 lane=0 target=1 lane_count=1
traci-bridge-1         | LANE_CMD_STATE veh=Ramp_Back edge=34126779 lane=0 target=1 lane_count=1 recently=False speed=1.31
traci-bridge-1         | LANE_CMD_WAIT_EDGE veh=Ramp_Back edge=34126779 lane=0 target=1 lane_count=1
traci-bridge-1         | LANE_CMD_STATE veh=Ramp_Back edge=34126779 lane=0 target=1 lane_count=1 recently=False speed=1.29
traci-bridge-1         | LANE_CMD_WAIT_EDGE veh=Ramp_Back edge=34126779 lane=0 target=1 lane_count=1
traci-bridge-1         | LANE_CMD_STATE veh=Ramp_Back edge=34126779 lane=0 target=1 lane_count=1 recently=False speed=1.27
traci-bridge-1         | LANE_CMD_WAIT_EDGE veh=Ramp_Back edge=34126779 lane=0 target=1 lane_count=1
traci-bridge-1         | LANE_CMD_STATE veh=Ramp_Back edge=34126779 lane=0 target=1 lane_count=1 recently=False speed=1.25
traci-bridge-1         | LANE_CMD_WAIT_EDGE veh=Ramp_Back edge=34126779 lane=0 target=1 lane_count=1
traci-bridge-1         | LANE_CMD_STATE veh=Ramp_Back edge=34126779 lane=0 target=1 lane_count=1 recently=False speed=1.23
traci-bridge-1         | LANE_CMD_WAIT_EDGE veh=Ramp_Back edge=34126779 lane=0 target=1 lane_count=1
traci-bridge-1         | LANE_CMD_STATE veh=Ramp_Back edge=34126779 lane=0 target=1 lane_count=1 recently=False speed=1.21
traci-bridge-1         | LANE_CMD_WAIT_EDGE veh=Ramp_Back edge=34126779 lane=0 target=1 lane_count=1
traci-bridge-1         | LANE_CMD_STATE veh=Ramp_Back edge=34126779 lane=0 target=1 lane_count=1 recently=False speed=1.19
traci-bridge-1         | LANE_CMD_WAIT_EDGE veh=Ramp_Back edge=34126779 lane=0 target=1 lane_count=1
traci-bridge-1         | LANE_CMD_STATE veh=Ramp_Back edge=34126779 lane=0 target=1 lane_count=1 recently=False speed=1.17
traci-bridge-1         | LANE_CMD_WAIT_EDGE veh=Ramp_Back edge=34126779 lane=0 target=1 lane_count=1
traci-bridge-1         | LANE_CMD_STATE veh=Ramp_Back edge=34126779 lane=0 target=1 lane_count=1 recently=False speed=1.15
traci-bridge-1         | LANE_CMD_WAIT_EDGE veh=Ramp_Back edge=34126779 lane=0 target=1 lane_count=1
traci-bridge-1         | LANE_CMD_STATE veh=Ramp_Back edge=34126779 lane=0 target=1 lane_count=1 recently=False speed=1.13
traci-bridge-1         | LANE_CMD_WAIT_EDGE veh=Ramp_Back edge=34126779 lane=0 target=1 lane_count=1
traci-bridge-1         | LANE_CMD_STATE veh=Ramp_Back edge=34126779 lane=0 target=1 lane_count=1 recently=False speed=1.11
traci-bridge-1         | LANE_CMD_WAIT_EDGE veh=Ramp_Back edge=34126779 lane=0 target=1 lane_count=1
traci-bridge-1         | LANE_CMD_STATE veh=Ramp_Back edge=34126779 lane=0 target=1 lane_count=1 recently=False speed=1.09
traci-bridge-1         | LANE_CMD_WAIT_EDGE veh=Ramp_Back edge=34126779 lane=0 target=1 lane_count=1
traci-bridge-1         | LANE_CMD_STATE veh=Ramp_Back edge=34126779 lane=0 target=1 lane_count=1 recently=False speed=1.07
traci-bridge-1         | LANE_CMD_WAIT_EDGE veh=Ramp_Back edge=34126779 lane=0 target=1 lane_count=1
traci-bridge-1         | LANE_CMD_STATE veh=Ramp_Back edge=34126779 lane=0 target=1 lane_count=1 recently=False speed=1.05
traci-bridge-1         | LANE_CMD_WAIT_EDGE veh=Ramp_Back edge=34126779 lane=0 target=1 lane_count=1
traci-bridge-1         | LANE_CMD_STATE veh=Ramp_Back edge=34126779 lane=0 target=1 lane_count=1 recently=False speed=1.03
traci-bridge-1         | LANE_CMD_WAIT_EDGE veh=Ramp_Back edge=34126779 lane=0 target=1 lane_count=1
obu-ramp-merge-4-1     | [51.1] Ramp_Merge_4 role=cruise state=CRUISE->CRUISE speed=7.49 target=7.50 neighbors=11
obu-main-back-left-1   | [51.1] Main_Back_Left role=cruise state=CRUISE->CRUISE speed=7.50 target=7.50 neighbors=11
obu-ramp-merge-4-1     | [51.3] Ramp_Merge_4 MCM_RX_REQUEST: from=112 manoeuvre=159 target=110
obu-merge-car-1        | [51.4] Merge_Car role=cruise state=CRUISE->CRUISE speed=7.50 target=7.50 neighbors=11
obu-ramp-merge-5-1     | [51.4] Ramp_Merge_5 role=cruise state=CRUISE->CRUISE speed=7.00 target=7.50 neighbors=11
obu-ramp-back-1        | MCM_REQUEST_RETRY_DIAG: vehicle=Ramp_Back host=110 lead=None manoeuvre=159 retry_count=8 pending_age=3.4 dtm=6.9 own_eta=7.00 host_eta_current=12.072456291990212 host_eta_at_request=8.435316154213341 lead_eta_current=None lead_eta_at_request=None last_response_action=None last_response_age=None host_remote_fsm=CRUISE host_remote_edge=135424828 host_remote_lane=0 host_remote_merge_committed=False host_remote_merge_completed=True host_remote_active_merge_request=False host_remote_active_station_id=None host_remote_active_manoeuvre_id=None host_remote_active_remaining_s=0.0
obu-ramp-back-1        | MERGE_SLOT_QUALITY_DIAG: vehicle=Ramp_Back event=REQUEST_RETRY t=51.3 manoeuvre=159 source=retry_request lead=None host=110 own_eta=7.00 lead_eta=None host_eta=12.07 min_eta=None max_eta=10.57 desired_eta=7.00 gap_possible=True dtm=6.9 edge=34126779 lane=0 speed=0.99 lead_speed=None host_speed=7.49 lead_gap=None host_gap=90.55 lead_gap_t1=None lead_gap_t2=None lead_gap_t3=None host_gap_t1=90.55 host_gap_t2=90.55 host_gap_t3=90.55 rel_to_lead=None rel_to_host=-6.50 lead_lat=None host_lat=3.43 pending=True accepted=False authorized=False committed=False pending_age=3.40 accepted_age=None lane_cmd_state=WAIT_EDGE lane_cmd_target=1
obu-ramp-back-1        | [51.3] Ramp_Back MCM_TX_REQUEST: manoeuvre=159 target=110
obu-ramp-back-1        | [51.3] Ramp_Back MERGE_DECISION: auth=False phys=True fgok=True lgok=True hgok=True cok=True esok=False cready=True dtm=6.9 past=False committed=False hid=110 ra=None lclear=True hyok=False
obu-ramp-back-1        | [51.3] Ramp_Back role=merge state=YIELDING->YIELDING speed=0.99 target=0.54 neighbors=11
obu-ramp-merge-3-1     | [51.4] Ramp_Merge_3 role=cruise state=CRUISE->CRUISE speed=7.50 target=7.50 neighbors=11
obu-main-back-right-1  | [51.4] Main_Back_Right role=cruise state=CRUISE->CRUISE speed=7.50 target=7.50 neighbors=11
obu-ramp-back-1        | [51.4] Ramp_Back MERGE_DECISION: auth=False phys=True fgok=True lgok=True hgok=True cok=True esok=False cready=True dtm=6.9 past=False committed=False hid=110 ra=None lclear=True hyok=False
obu-ramp-back-1        | [51.5] Ramp_Back MCM_TIMEOUT: host=110 giving up
obu-main-front-left-1  | [52.1] Main_Front_Left role=cruise state=CRUISE->CRUISE speed=7.50 target=7.50 neighbors=11
obu-main-mid-right-1   | [52.0] Main_Mid_Right role=cruise state=CRUISE->CRUISE speed=7.50 target=7.50 neighbors=11
obu-main-back-left-1   | [52.1] Main_Back_Left role=cruise state=CRUISE->CRUISE speed=7.50 target=7.50 neighbors=11
obu-ramp-merge-2-1     | [51.9] Ramp_Merge_2 role=cruise state=CRUISE->CRUISE speed=7.50 target=7.50 neighbors=11
obu-lead-car-1         | [52.2] Lead_Car role=cruise state=CRUISE->CRUISE speed=7.50 target=7.50 neighbors=11
obu-host-car-1         | [52.1] Host_Car role=cruise state=CRUISE->CRUISE speed=7.50 target=7.50 neighbors=11
obu-ramp-back-1        | [52.3] Ramp_Back role=merge state=YIELDING->YIELDING speed=0.94 target=1.12 neighbors=11
obu-ramp-merge-4-1     | [52.0] Ramp_Merge_4 MCM_RX_REQUEST: from=112 manoeuvre=159 target=110
obu-merge-car-1        | [52.4] Merge_Car role=cruise state=CRUISE->CRUISE speed=7.50 target=7.50 neighbors=11
obu-ramp-merge-4-1     | [52.2] Ramp_Merge_4 role=cruise state=CRUISE->CRUISE speed=7.50 target=7.50 neighbors=11
obu-ramp-merge-5-1     | [52.4] Ramp_Merge_5 role=cruise state=CRUISE->CRUISE speed=7.20 target=7.50 neighbors=11
obu-main-back-right-1  | [52.4] Main_Back_Right role=cruise state=CRUISE->CRUISE speed=7.50 target=7.50 neighbors=11
obu-ramp-merge-3-1     | [52.5] Ramp_Merge_3 role=cruise state=CRUISE->CRUISE speed=7.50 target=7.50 neighbors=4
obu-ramp-back-1        | MERGE_SLOT_QUALITY_DIAG: vehicle=Ramp_Back event=REQUEST_NEW t=52.5 manoeuvre=160 source=new_request lead=None host=105 own_eta=6.43 lead_eta=None host_eta=24.94 min_eta=None max_eta=23.44 desired_eta=6.43 gap_possible=True dtm=6.2 edge=34126779 lane=0 speed=0.96 lead_speed=None host_speed=7.49 lead_gap=None host_gap=185.13 lead_gap_t1=None lead_gap_t2=None lead_gap_t3=None host_gap_t1=185.13 host_gap_t2=185.13 host_gap_t3=185.13 rel_to_lead=None rel_to_host=-6.53 lead_lat=None host_lat=14.72 pending=True accepted=False authorized=False committed=False pending_age=0.00 accepted_age=None lane_cmd_state=WAIT_EDGE lane_cmd_target=1
obu-ramp-back-1        | MERGE_ATTEMPT_TIMELINE: vehicle=Ramp_Back manoeuvre=160 host=105 lead=109 event=REQUEST_SENT t=52.5 edge=34126779 lane=0 lane_cmd_state=WAIT_EDGE speed=0.96 target=6.75 dtm=6.2 lead_gap=132.31 host_gap=185.13 lead_gap_t1=132.31 lead_gap_t2=132.31 lead_gap_t3=132.31 host_gap_t1=185.13 host_gap_t2=185.13 host_gap_t3=185.13
obu-ramp-back-1        | [52.5] Ramp_Back MCM_TX_REQUEST: manoeuvre=160 target=105
obu-ramp-back-1        | [52.5] Ramp_Back MERGE_DECISION: auth=False phys=True fgok=True lgok=True hgok=True cok=True esok=False cready=True dtm=6.2 past=False committed=False hid=105 ra=None lclear=True hyok=True
obu-ramp-back-1        | [52.6] Ramp_Back MERGE_DECISION: auth=False phys=True fgok=True lgok=True hgok=True cok=True esok=False cready=True dtm=6.1 past=False committed=False hid=105 ra=None lclear=True hyok=True
obu-ramp-back-1        | [52.7] Ramp_Back MERGE_DECISION: auth=False phys=True fgok=True lgok=True hgok=True cok=True esok=False cready=True dtm=6.1 past=False committed=False hid=105 ra=None lclear=True hyok=True
obu-ramp-back-1        | MCM_REQUEST_RETRY_DIAG: vehicle=Ramp_Back host=105 lead=None manoeuvre=160 retry_count=1 pending_age=0.4 dtm=5.9 own_eta=6.38 host_eta_current=25.335378804915617 host_eta_at_request=24.935578615249923 lead_eta_current=None lead_eta_at_request=None last_response_action=None last_response_age=None host_remote_fsm=CRUISE host_remote_edge=135424828 host_remote_lane=0 host_remote_merge_committed=False host_remote_merge_completed=False host_remote_active_merge_request=False host_remote_active_station_id=None host_remote_active_manoeuvre_id=None host_remote_active_remaining_s=0.0
obu-ramp-back-1        | MERGE_SLOT_QUALITY_DIAG: vehicle=Ramp_Back event=REQUEST_RETRY t=52.9 manoeuvre=160 source=retry_request lead=None host=105 own_eta=6.38 lead_eta=None host_eta=25.34 min_eta=None max_eta=23.84 desired_eta=6.38 gap_possible=True dtm=5.9 edge=34126779 lane=0 speed=0.93 lead_speed=None host_speed=7.49 lead_gap=None host_gap=187.72 lead_gap_t1=None lead_gap_t2=None lead_gap_t3=None host_gap_t1=187.72 host_gap_t2=187.72 host_gap_t3=187.72 rel_to_lead=None rel_to_host=-6.56 lead_lat=None host_lat=15.07 pending=True accepted=False authorized=False committed=False pending_age=0.40 accepted_age=None lane_cmd_state=WAIT_EDGE lane_cmd_target=1
obu-ramp-back-1        | [52.9] Ramp_Back MCM_TX_REQUEST: manoeuvre=160 target=105
obu-ramp-back-1        | [52.9] Ramp_Back MERGE_DECISION: auth=False phys=True fgok=True lgok=True hgok=True cok=True esok=False cready=True dtm=5.9 past=False committed=False hid=105 ra=None lclear=True hyok=True
obu-ramp-back-1        | [53.0] Ramp_Back MERGE_DECISION: auth=False phys=True fgok=True lgok=True hgok=True cok=True esok=False cready=True dtm=5.9 past=False committed=False hid=105 ra=None lclear=True hyok=True
obu-main-mid-right-1   | [53.1] Main_Mid_Right role=cruise state=CRUISE->CRUISE speed=7.50 target=7.50 neighbors=11
obu-host-car-1         | [53.1] Host_Car role=cruise state=CRUISE->CRUISE speed=7.50 target=7.50 neighbors=11
obu-main-front-left-1  | [53.2] Main_Front_Left role=cruise state=CRUISE->CRUISE speed=7.50 target=7.50 neighbors=11
obu-main-back-left-1   | [53.1] Main_Back_Left role=cruise state=CRUISE->CRUISE speed=7.50 target=7.50 neighbors=11
obu-main-back-left-1   | [53.1] Main_Back_Left MCM_RX_REQUEST: from=112 manoeuvre=160 target=105
obu-main-back-left-1   | [53.1] Main_Back_Left MCM_RX_REQUEST: from=112 manoeuvre=160 target=105
obu-ramp-merge-2-1     | [53.2] Ramp_Merge_2 role=cruise state=CRUISE->CRUISE speed=7.50 target=7.50 neighbors=11
obu-ramp-back-1        | MCM_REQUEST_RETRY_DIAG: vehicle=Ramp_Back host=105 lead=None manoeuvre=160 retry_count=2 pending_age=0.7 dtm=5.8 own_eta=6.65 host_eta_current=25.335378804915617 host_eta_at_request=24.935578615249923 lead_eta_current=None lead_eta_at_request=None last_response_action=None last_response_age=None host_remote_fsm=CRUISE host_remote_edge=135424828 host_remote_lane=0 host_remote_merge_committed=False host_remote_merge_completed=False host_remote_active_merge_request=False host_remote_active_station_id=None host_remote_active_manoeuvre_id=None host_remote_active_remaining_s=0.0
obu-ramp-back-1        | MERGE_SLOT_QUALITY_DIAG: vehicle=Ramp_Back event=REQUEST_RETRY t=53.2 manoeuvre=160 source=retry_request lead=None host=105 own_eta=6.65 lead_eta=None host_eta=25.34 min_eta=None max_eta=23.84 desired_eta=6.65 gap_possible=True dtm=5.8 edge=34126779 lane=0 speed=0.87 lead_speed=None host_speed=7.49 lead_gap=None host_gap=187.45 lead_gap_t1=None lead_gap_t2=None lead_gap_t3=None host_gap_t1=187.45 host_gap_t2=187.45 host_gap_t3=187.45 rel_to_lead=None rel_to_host=-6.62 lead_lat=None host_lat=15.07 pending=True accepted=False authorized=False committed=False pending_age=0.70 accepted_age=None lane_cmd_state=WAIT_EDGE lane_cmd_target=1
obu-ramp-back-1        | [53.2] Ramp_Back MCM_TX_REQUEST: manoeuvre=160 target=105
obu-ramp-back-1        | [53.2] Ramp_Back MERGE_DECISION: auth=False phys=True fgok=True lgok=True hgok=True cok=True esok=False cready=True dtm=5.8 past=False committed=False hid=105 ra=None lclear=True hyok=True
obu-lead-car-1         | [53.3] Lead_Car role=cruise state=CRUISE->CRUISE speed=7.50 target=7.50 neighbors=11
obu-main-back-left-1   | HOST_RESERVATION_START: host=Main_Back_Left ramp=112 manoeuvre=160 until=57.2 own_speed=7.50 target_speed=7.50 required_speed=7.50 gap_eta=20.06
obu-main-back-left-1   | [53.2] Main_Back_Left HOST_RESERVED: merge=112 manoeuvre=160 until=57.2 target_spd=7.50
obu-main-back-left-1   | HOST_REQUEST_DECISION: host=Main_Back_Left ramp=112 manoeuvre=160 decision=ACCEPT reason=SAFE_OR_NOMINAL ramp_eta=5.95 host_eta=26.00 required_speed=18.32 current_speed=7.50 active_request_ramp=112 active_request_remaining=4.0 ramp_remote_edge=34126779 ramp_remote_lane=0 ramp_remote_fsm=YIELDING
obu-main-back-left-1   | [53.2] Main_Back_Left MCM_TX_ACCEPT: manoeuvre=160 target=112
obu-ramp-merge-4-1     | [53.2] Ramp_Merge_4 role=cruise state=CRUISE->CRUISE speed=7.50 target=7.50 neighbors=11
obu-ramp-merge-5-1     | [53.4] Ramp_Merge_5 role=cruise state=CRUISE->CRUISE speed=7.32 target=7.50 neighbors=11
obu-main-back-right-1  | [53.4] Main_Back_Right role=cruise state=CRUISE->CRUISE speed=7.50 target=7.50 neighbors=11
obu-merge-car-1        | [53.6] Merge_Car role=cruise state=CRUISE->CRUISE speed=7.50 target=7.50 neighbors=8
obu-main-back-left-1   | HOST_RESERVATION_EXTEND_UNTIL_CLEAR: host=Main_Back_Left ramp=112 manoeuvre=160 new_remaining=4.0 ramp_lcs=WAIT_EDGE ramp_edge=34126779
obu-main-back-left-1   | HOST_RESERVATION_HOLD: host=Main_Back_Left ramp=112 manoeuvre=160 remaining=4.0 own_speed=7.50 target_speed=7.50 ramp_fsm=YIELDING ramp_lane_cmd_state=WAIT_EDGE ramp_edge=34126779 ramp_lane=0 ramp_merge_completed=False ramp_merge_committed=False
obu-main-back-left-1   | [53.7] Main_Back_Left HOST_HOLD_YIELD: for merge=112 spd=7.50
obu-main-back-left-1   | [53.7] Main_Back_Left MCM_TX_ACCEPT: manoeuvre=160 target=112
obu-main-back-left-1   | [53.7] Main_Back_Left MCM_RX_REQUEST: from=112 manoeuvre=160 target=105
obu-ramp-merge-3-1     | [53.6] Ramp_Merge_3 role=cruise state=CRUISE->CRUISE speed=7.50 target=7.50 neighbors=11
obu-ramp-back-1        | MCM_REQUEST_RETRY_DIAG: vehicle=Ramp_Back host=105 lead=None manoeuvre=160 retry_count=3 pending_age=1.1 dtm=5.6 own_eta=7.11 host_eta_current=25.936508584510108 host_eta_at_request=24.935578615249923 lead_eta_current=None lead_eta_at_request=None last_response_action=None last_response_age=None host_remote_fsm=CRUISE host_remote_edge=135424828 host_remote_lane=0 host_remote_merge_committed=False host_remote_merge_completed=False host_remote_active_merge_request=False host_remote_active_station_id=None host_remote_active_manoeuvre_id=None host_remote_active_remaining_s=0.0
obu-ramp-back-1        | MERGE_SLOT_QUALITY_DIAG: vehicle=Ramp_Back event=REQUEST_RETRY t=53.6 manoeuvre=160 source=retry_request lead=None host=105 own_eta=7.11 lead_eta=None host_eta=25.94 min_eta=None max_eta=24.44 desired_eta=7.11 gap_possible=True dtm=5.6 edge=34126779 lane=0 speed=0.79 lead_speed=None host_speed=7.49 lead_gap=None host_gap=191.60 lead_gap_t1=None lead_gap_t2=None lead_gap_t3=None host_gap_t1=191.60 host_gap_t2=191.60 host_gap_t3=191.60 rel_to_lead=None rel_to_host=-6.70 lead_lat=None host_lat=15.60 pending=True accepted=False authorized=False committed=False pending_age=1.10 accepted_age=None lane_cmd_state=WAIT_EDGE lane_cmd_target=1
obu-ramp-back-1        | [53.6] Ramp_Back MCM_TX_REQUEST: manoeuvre=160 target=105
obu-ramp-back-1        | [53.6] Ramp_Back MERGE_DECISION: auth=False phys=True fgok=True lgok=True hgok=True cok=True esok=False cready=True dtm=5.6 past=False committed=False hid=105 ra=None lclear=True hyok=True
obu-ramp-back-1        | [53.6] Ramp_Back role=merge state=YIELDING->YIELDING speed=0.79 target=0.34 neighbors=11
obu-ramp-back-1        | [53.6] Ramp_Back MCM_RX_ACCEPT: from=105 manoeuvre=160 target=112
obu-ramp-back-1        | MERGE_ATTEMPT_TIMELINE: vehicle=Ramp_Back manoeuvre=160 host=105 lead=109 event=ACCEPT_MATCHED t=53.7 edge=34126779 lane=0 lane_cmd_state=WAIT_EDGE speed=0.77 target=6.75 dtm=5.6 lead_gap=139.45 host_gap=192.26 lead_gap_t1=139.45 lead_gap_t2=139.45 lead_gap_t3=139.45 host_gap_t1=192.26 host_gap_t2=192.26 host_gap_t3=192.26
obu-ramp-back-1        | MERGE_SLOT_QUALITY_DIAG: vehicle=Ramp_Back event=ACCEPT_MATCHED t=53.7 manoeuvre=160 source=accept_matched lead=None host=105 own_eta=7.23 lead_eta=None host_eta=27.86 min_eta=None max_eta=26.36 desired_eta=7.23 gap_possible=True dtm=5.6 edge=34126779 lane=0 speed=0.77 lead_speed=None host_speed=7.00 lead_gap=None host_gap=192.26 lead_gap_t1=None lead_gap_t2=None lead_gap_t3=None host_gap_t1=192.26 host_gap_t2=192.26 host_gap_t3=192.26 rel_to_lead=None rel_to_host=-6.23 lead_lat=None host_lat=15.69 pending=True accepted=False authorized=False committed=False pending_age=1.20 accepted_age=None lane_cmd_state=WAIT_EDGE lane_cmd_target=1
obu-ramp-back-1        | [53.7] Ramp_Back MCM_ACCEPT_MATCHED: host=105 manoeuvre=160
obu-ramp-back-1        | MERGE_ATTEMPT_TIMELINE: vehicle=Ramp_Back manoeuvre=160 host=105 lead=109 event=AUTHORIZED t=53.7 edge=34126779 lane=0 lane_cmd_state=WAIT_EDGE speed=0.77 target=0.95 dtm=5.6 lead_gap=139.45 host_gap=192.26 lead_gap_t1=139.45 lead_gap_t2=139.45 lead_gap_t3=139.45 host_gap_t1=192.26 host_gap_t2=192.26 host_gap_t3=192.26
obu-ramp-back-1        | MERGE_SLOT_QUALITY_DIAG: vehicle=Ramp_Back event=AUTHORIZED t=53.7 manoeuvre=160 source=pending_request lead=None host=105 own_eta=7.23 lead_eta=None host_eta=27.86 min_eta=None max_eta=26.36 desired_eta=7.23 gap_possible=True dtm=5.6 edge=34126779 lane=0 speed=0.77 lead_speed=None host_speed=7.00 lead_gap=None host_gap=192.26 lead_gap_t1=None lead_gap_t2=None lead_gap_t3=None host_gap_t1=192.26 host_gap_t2=192.26 host_gap_t3=192.26 rel_to_lead=None rel_to_host=-6.23 lead_lat=None host_lat=15.69 pending=True accepted=True authorized=True committed=False pending_age=1.20 accepted_age=0.00 lane_cmd_state=WAIT_EDGE lane_cmd_target=1
obu-ramp-back-1        | [53.7] Ramp_Back MERGE_AUTHORIZED_BY_MCM: host=105 manoeuvre=160
obu-ramp-back-1        | [53.7] Ramp_Back MERGE_DECISION: auth=True phys=True fgok=True lgok=True hgok=True cok=True esok=False cready=True dtm=5.6 past=False committed=False hid=105 ra=2 lclear=True hyok=True
obu-ramp-back-1        | [53.7] Ramp_Back MERGE_PREPARE_WAIT_LANE_AVAILABLE: edge=34126779 lane=0 target_lane=1 lane_count=1 executable=False dtm=5.6 speed=0.77 host=105 lead=None
obu-ramp-back-1        | MERGE_ATTEMPT_TIMELINE: vehicle=Ramp_Back manoeuvre=160 host=105 lead=None event=WAIT_EDGE t=53.9 edge=34126779 lane=0 lane_cmd_state=WAIT_EDGE speed=0.73 target=6.75 dtm=5.5 lead_gap= host_gap=192.11 lead_gap_t1= lead_gap_t2= lead_gap_t3= host_gap_t1=192.11 host_gap_t2=192.11 host_gap_t3=192.11
obu-main-back-left-1   | [54.1] Main_Back_Left MCM_RX_REQUEST: from=112 manoeuvre=160 target=105
obu-ramp-back-1        | [54.0] Ramp_Back MCM_RX_ACCEPT: from=105 manoeuvre=160 target=112
obu-main-mid-right-1   | [54.1] Main_Mid_Right role=cruise state=CRUISE->CRUISE speed=7.50 target=7.50 neighbors=11
obu-host-car-1         | [54.1] Host_Car role=cruise state=CRUISE->CRUISE speed=7.50 target=7.50 neighbors=11
obu-main-back-left-1   | HOST_RESERVATION_EXTEND_UNTIL_CLEAR: host=Main_Back_Left ramp=112 manoeuvre=160 new_remaining=4.0 ramp_lcs=WAIT_EDGE ramp_edge=34126779
obu-main-back-left-1   | HOST_RESERVATION_HOLD: host=Main_Back_Left ramp=112 manoeuvre=160 remaining=4.0 own_speed=7.50 target_speed=7.50 ramp_fsm=NEGOTIATING ramp_lane_cmd_state=WAIT_EDGE ramp_edge=34126779 ramp_lane=0 ramp_merge_completed=False ramp_merge_committed=True
obu-main-back-left-1   | [54.1] Main_Back_Left HOST_HOLD_YIELD: for merge=112 spd=7.50
obu-main-back-left-1   | [54.1] Main_Back_Left MCM_TX_ACCEPT: manoeuvre=160 target=112
obu-main-back-left-1   | [54.1] Main_Back_Left role=host state=YIELDING->YIELDING speed=7.50 target=7.50 neighbors=11
obu-main-front-left-1  | [54.3] Main_Front_Left role=cruise state=CRUISE->CRUISE speed=7.50 target=7.50 neighbors=11
obu-ramp-merge-4-1     | [54.2] Ramp_Merge_4 role=cruise state=CRUISE->CRUISE speed=7.50 target=7.50 neighbors=11
obu-main-back-left-1   | HOST_RESERVATION_EXTEND_UNTIL_CLEAR: host=Main_Back_Left ramp=112 manoeuvre=160 new_remaining=4.0 ramp_lcs=WAIT_EDGE ramp_edge=34126779
obu-main-back-left-1   | HOST_RESERVATION_HOLD: host=Main_Back_Left ramp=112 manoeuvre=160 remaining=4.0 own_speed=7.50 target_speed=7.50 ramp_fsm=NEGOTIATING ramp_lane_cmd_state=WAIT_EDGE ramp_edge=34126779 ramp_lane=0 ramp_merge_completed=False ramp_merge_committed=True
obu-main-back-left-1   | [54.3] Main_Back_Left HOST_HOLD_YIELD: for merge=112 spd=7.50
obu-ramp-merge-2-1     | [54.2] Ramp_Merge_2 role=cruise state=CRUISE->CRUISE speed=7.50 target=7.50 neighbors=11
obu-ramp-merge-5-1     | [54.4] Ramp_Merge_5 role=cruise state=CRUISE->CRUISE speed=7.39 target=7.50 neighbors=11
obu-ramp-back-1        | [54.6] Ramp_Back MCM_RX_ACCEPT: from=105 manoeuvre=160 target=112
obu-lead-car-1         | [54.6] Lead_Car role=cruise state=CRUISE->CRUISE speed=7.50 target=7.50 neighbors=11
obu-merge-car-1        | [54.6] Merge_Car role=cruise state=CRUISE->CRUISE speed=7.50 target=7.50 neighbors=11
obu-ramp-back-1        | [54.6] Ramp_Back role=merge state=NEGOTIATING->NEGOTIATING speed=0.77 target=0.95 neighbors=11
obu-main-back-left-1   | HOST_RESERVATION_EXTEND_UNTIL_CLEAR: host=Main_Back_Left ramp=112 manoeuvre=160 new_remaining=4.0 ramp_lcs=WAIT_EDGE ramp_edge=34126779
obu-main-back-left-1   | HOST_RESERVATION_HOLD: host=Main_Back_Left ramp=112 manoeuvre=160 remaining=4.0 own_speed=7.50 target_speed=7.50 ramp_fsm=NEGOTIATING ramp_lane_cmd_state=WAIT_EDGE ramp_edge=34126779 ramp_lane=0 ramp_merge_completed=False ramp_merge_committed=True
obu-main-back-left-1   | [54.7] Main_Back_Left HOST_HOLD_YIELD: for merge=112 spd=7.50
obu-main-back-left-1   | [54.7] Main_Back_Left MCM_TX_ACCEPT: manoeuvre=160 target=112
obu-ramp-merge-3-1     | [54.7] Ramp_Merge_3 role=cruise state=CRUISE->CRUISE speed=7.50 target=7.50 neighbors=11
obu-main-back-right-1  | [54.8] Main_Back_Right role=cruise state=CRUISE->CRUISE speed=7.50 target=7.50 neighbors=11
obu-ramp-back-1        | [54.7] Ramp_Back MERGE_PREPARE_WAIT_LANE_AVAILABLE: edge=34126779 lane=0 target_lane=1 lane_count=1 executable=False dtm=5.2 speed=0.77 host=105 lead=None
obu-ramp-merge-4-1     | [55.2] Ramp_Merge_4 role=cruise state=CRUISE->CRUISE speed=7.50 target=7.50 neighbors=11
obu-ramp-back-1        | [55.1] Ramp_Back MERGE_LANE_WAIT_EDGE_CONFIRMED: edge=:390064918_0 lane=0 target_lane=1 lane_count=1 executable=False
obu-ramp-merge-2-1     | [55.2] Ramp_Merge_2 role=cruise state=CRUISE->CRUISE speed=7.50 target=7.50 neighbors=11
obu-ramp-back-1        | [55.2] Ramp_Back MCM_RX_ACCEPT: from=105 manoeuvre=160 target=112
obu-main-mid-right-1   | [55.2] Main_Mid_Right role=cruise state=CRUISE->CRUISE speed=7.50 target=7.50 neighbors=11
obu-host-car-1         | [55.2] Host_Car role=cruise state=CRUISE->CRUISE speed=7.50 target=7.50 neighbors=11
obu-ramp-back-1        | [55.3] Ramp_Back MERGE_PREPARE_WAIT_LANE_AVAILABLE: edge=:390064918_0 lane=0 target_lane=1 lane_count=1 executable=False dtm=5.1 speed=0.82 host=105 lead=None
obu-main-back-left-1   | HOST_RESERVATION_EXTEND_UNTIL_CLEAR: host=Main_Back_Left ramp=112 manoeuvre=160 new_remaining=4.0 ramp_lcs=WAIT_EDGE ramp_edge=34126779
obu-main-back-left-1   | HOST_RESERVATION_HOLD: host=Main_Back_Left ramp=112 manoeuvre=160 remaining=4.0 own_speed=7.50 target_speed=7.50 ramp_fsm=NEGOTIATING ramp_lane_cmd_state=WAIT_EDGE ramp_edge=34126779 ramp_lane=0 ramp_merge_completed=False ramp_merge_committed=True
obu-main-back-left-1   | [55.2] Main_Back_Left HOST_HOLD_YIELD: for merge=112 spd=7.50
obu-main-back-left-1   | [55.2] Main_Back_Left MCM_TX_ACCEPT: manoeuvre=160 target=112
obu-main-back-left-1   | [55.2] Main_Back_Left role=host state=YIELDING->YIELDING speed=7.50 target=7.50 neighbors=11
obu-lead-car-1         | [55.7] Lead_Car role=cruise state=CRUISE->CRUISE speed=7.50 target=7.50 neighbors=11
traci-bridge-1         | LANE_CMD_STATE veh=Ramp_Back edge=34126779 lane=0 target=1 lane_count=1 recently=False speed=1.01
traci-bridge-1         | LANE_CMD_WAIT_EDGE veh=Ramp_Back edge=34126779 lane=0 target=1 lane_count=1
traci-bridge-1         | LANE_CMD_STATE veh=Ramp_Back edge=34126779 lane=0 target=1 lane_count=1 recently=False speed=0.99
traci-bridge-1         | LANE_CMD_WAIT_EDGE veh=Ramp_Back edge=34126779 lane=0 target=1 lane_count=1
traci-bridge-1         | LANE_CMD_STATE veh=Ramp_Back edge=34126779 lane=0 target=1 lane_count=1 recently=False speed=0.97
traci-bridge-1         | LANE_CMD_WAIT_EDGE veh=Ramp_Back edge=34126779 lane=0 target=1 lane_count=1
traci-bridge-1         | LANE_CMD_STATE veh=Ramp_Back edge=34126779 lane=0 target=1 lane_count=1 recently=False speed=0.96
traci-bridge-1         | LANE_CMD_WAIT_EDGE veh=Ramp_Back edge=34126779 lane=0 target=1 lane_count=1
traci-bridge-1         | LANE_CMD_STATE veh=Ramp_Back edge=34126779 lane=0 target=1 lane_count=1 recently=False speed=0.94
traci-bridge-1         | LANE_CMD_WAIT_EDGE veh=Ramp_Back edge=34126779 lane=0 target=1 lane_count=1
traci-bridge-1         | LANE_CMD_STATE veh=Ramp_Back edge=34126779 lane=0 target=1 lane_count=1 recently=False speed=0.91
traci-bridge-1         | LANE_CMD_WAIT_EDGE veh=Ramp_Back edge=34126779 lane=0 target=1 lane_count=1
traci-bridge-1         | LANE_CMD_STATE veh=Ramp_Back edge=34126779 lane=0 target=1 lane_count=1 recently=False speed=0.90
traci-bridge-1         | LANE_CMD_WAIT_EDGE veh=Ramp_Back edge=34126779 lane=0 target=1 lane_count=1
traci-bridge-1         | LANE_CMD_STATE veh=Ramp_Back edge=34126779 lane=0 target=1 lane_count=1 recently=False speed=0.91
traci-bridge-1         | LANE_CMD_WAIT_EDGE veh=Ramp_Back edge=34126779 lane=0 target=1 lane_count=1
traci-bridge-1         | LANE_CMD_STATE veh=Ramp_Back edge=34126779 lane=0 target=1 lane_count=1 recently=False speed=0.92
traci-bridge-1         | LANE_CMD_WAIT_EDGE veh=Ramp_Back edge=34126779 lane=0 target=1 lane_count=1
traci-bridge-1         | LANE_CMD_STATE veh=Ramp_Back edge=34126779 lane=0 target=1 lane_count=1 recently=False speed=0.93
traci-bridge-1         | LANE_CMD_WAIT_EDGE veh=Ramp_Back edge=34126779 lane=0 target=1 lane_count=1
traci-bridge-1         | LANE_CMD_STATE veh=Ramp_Back edge=34126779 lane=0 target=1 lane_count=1 recently=False speed=0.93
traci-bridge-1         | LANE_CMD_WAIT_EDGE veh=Ramp_Back edge=34126779 lane=0 target=1 lane_count=1
traci-bridge-1         | LANE_CMD_STATE veh=Ramp_Back edge=34126779 lane=0 target=1 lane_count=1 recently=False speed=0.94
traci-bridge-1         | LANE_CMD_WAIT_EDGE veh=Ramp_Back edge=34126779 lane=0 target=1 lane_count=1
traci-bridge-1         | LANE_CMD_STATE veh=Ramp_Back edge=34126779 lane=0 target=1 lane_count=1 recently=False speed=0.95
traci-bridge-1         | LANE_CMD_WAIT_EDGE veh=Ramp_Back edge=34126779 lane=0 target=1 lane_count=1
traci-bridge-1         | LANE_CMD_STATE veh=Ramp_Back edge=34126779 lane=0 target=1 lane_count=1 recently=False speed=0.96
traci-bridge-1         | LANE_CMD_WAIT_EDGE veh=Ramp_Back edge=34126779 lane=0 target=1 lane_count=1
traci-bridge-1         | LANE_CMD_STATE veh=Ramp_Back edge=34126779 lane=0 target=1 lane_count=1 recently=False speed=0.97
traci-bridge-1         | LANE_CMD_WAIT_EDGE veh=Ramp_Back edge=34126779 lane=0 target=1 lane_count=1
traci-bridge-1         | LANE_CMD_STATE veh=Ramp_Back edge=34126779 lane=0 target=1 lane_count=1 recently=False speed=0.98
traci-bridge-1         | LANE_CMD_WAIT_EDGE veh=Ramp_Back edge=34126779 lane=0 target=1 lane_count=1
traci-bridge-1         | LANE_CMD_STATE veh=Ramp_Back edge=34126779 lane=0 target=1 lane_count=1 recently=False speed=0.95
traci-bridge-1         | LANE_CMD_WAIT_EDGE veh=Ramp_Back edge=34126779 lane=0 target=1 lane_count=1
traci-bridge-1         | LANE_CMD_STATE veh=Ramp_Back edge=34126779 lane=0 target=1 lane_count=1 recently=False speed=0.93
traci-bridge-1         | LANE_CMD_WAIT_EDGE veh=Ramp_Back edge=34126779 lane=0 target=1 lane_count=1
traci-bridge-1         | LANE_CMD_STATE veh=Ramp_Back edge=34126779 lane=0 target=1 lane_count=1 recently=False speed=0.91
traci-bridge-1         | LANE_CMD_WAIT_EDGE veh=Ramp_Back edge=34126779 lane=0 target=1 lane_count=1
traci-bridge-1         | LANE_CMD_STATE veh=Ramp_Back edge=34126779 lane=0 target=1 lane_count=1 recently=False speed=0.89
traci-bridge-1         | LANE_CMD_WAIT_EDGE veh=Ramp_Back edge=34126779 lane=0 target=1 lane_count=1
traci-bridge-1         | LANE_CMD_STATE veh=Ramp_Back edge=34126779 lane=0 target=1 lane_count=1 recently=False speed=0.87
traci-bridge-1         | LANE_CMD_WAIT_EDGE veh=Ramp_Back edge=34126779 lane=0 target=1 lane_count=1
traci-bridge-1         | LANE_CMD_STATE veh=Ramp_Back edge=34126779 lane=0 target=1 lane_count=1 recently=False speed=0.85
traci-bridge-1         | LANE_CMD_WAIT_EDGE veh=Ramp_Back edge=34126779 lane=0 target=1 lane_count=1
traci-bridge-1         | LANE_CMD_STATE veh=Ramp_Back edge=34126779 lane=0 target=1 lane_count=1 recently=False speed=0.83
traci-bridge-1         | LANE_CMD_WAIT_EDGE veh=Ramp_Back edge=34126779 lane=0 target=1 lane_count=1
traci-bridge-1         | LANE_CMD_STATE veh=Ramp_Back edge=34126779 lane=0 target=1 lane_count=1 recently=False speed=0.81
traci-bridge-1         | LANE_CMD_WAIT_EDGE veh=Ramp_Back edge=34126779 lane=0 target=1 lane_count=1
traci-bridge-1         | LANE_CMD_STATE veh=Ramp_Back edge=34126779 lane=0 target=1 lane_count=1 recently=False speed=0.79
traci-bridge-1         | LANE_CMD_WAIT_EDGE veh=Ramp_Back edge=34126779 lane=0 target=1 lane_count=1
traci-bridge-1         | LANE_CMD_STATE veh=Ramp_Back edge=34126779 lane=0 target=1 lane_count=1 recently=False speed=0.77
traci-bridge-1         | LANE_CMD_WAIT_EDGE veh=Ramp_Back edge=34126779 lane=0 target=1 lane_count=1
traci-bridge-1         | LANE_CMD_STATE veh=Ramp_Back edge=34126779 lane=0 target=1 lane_count=1 recently=False speed=0.75
traci-bridge-1         | LANE_CMD_WAIT_EDGE veh=Ramp_Back edge=34126779 lane=0 target=1 lane_count=1
traci-bridge-1         | LANE_CMD_STATE veh=Ramp_Back edge=34126779 lane=0 target=1 lane_count=1 recently=False speed=0.73
traci-bridge-1         | LANE_CMD_WAIT_EDGE veh=Ramp_Back edge=34126779 lane=0 target=1 lane_count=1
traci-bridge-1         | LANE_CMD_STATE veh=Ramp_Back edge=34126779 lane=0 target=1 lane_count=1 recently=False speed=0.71
traci-bridge-1         | LANE_CMD_WAIT_EDGE veh=Ramp_Back edge=34126779 lane=0 target=1 lane_count=1
traci-bridge-1         | LANE_CMD_STATE veh=Ramp_Back edge=34126779 lane=0 target=1 lane_count=1 recently=False speed=0.72
traci-bridge-1         | LANE_CMD_WAIT_EDGE veh=Ramp_Back edge=34126779 lane=0 target=1 lane_count=1
traci-bridge-1         | LANE_CMD_STATE veh=Ramp_Back edge=34126779 lane=0 target=1 lane_count=1 recently=False speed=0.73
traci-bridge-1         | LANE_CMD_WAIT_EDGE veh=Ramp_Back edge=34126779 lane=0 target=1 lane_count=1
traci-bridge-1         | LANE_CMD_STATE veh=Ramp_Back edge=34126779 lane=0 target=1 lane_count=1 recently=False speed=0.74
traci-bridge-1         | LANE_CMD_WAIT_EDGE veh=Ramp_Back edge=34126779 lane=0 target=1 lane_count=1
traci-bridge-1         | LANE_CMD_STATE veh=Ramp_Back edge=34126779 lane=0 target=1 lane_count=1 recently=False speed=0.75
traci-bridge-1         | LANE_CMD_WAIT_EDGE veh=Ramp_Back edge=34126779 lane=0 target=1 lane_count=1
traci-bridge-1         | LANE_CMD_STATE veh=Ramp_Back edge=34126779 lane=0 target=1 lane_count=1 recently=False speed=0.76
traci-bridge-1         | LANE_CMD_WAIT_EDGE veh=Ramp_Back edge=34126779 lane=0 target=1 lane_count=1
traci-bridge-1         | LANE_CMD_STATE veh=Ramp_Back edge=34126779 lane=0 target=1 lane_count=1 recently=False speed=0.77
traci-bridge-1         | LANE_CMD_WAIT_EDGE veh=Ramp_Back edge=34126779 lane=0 target=1 lane_count=1
traci-bridge-1         | LANE_CMD_STATE veh=Ramp_Back edge=34126779 lane=0 target=1 lane_count=1 recently=False speed=0.77
traci-bridge-1         | LANE_CMD_WAIT_EDGE veh=Ramp_Back edge=34126779 lane=0 target=1 lane_count=1
traci-bridge-1         | LANE_CMD_STATE veh=Ramp_Back edge=34126779 lane=0 target=1 lane_count=1 recently=False speed=0.78
traci-bridge-1         | LANE_CMD_WAIT_EDGE veh=Ramp_Back edge=34126779 lane=0 target=1 lane_count=1
traci-bridge-1         | LANE_CMD_STATE veh=Ramp_Back edge=34126779 lane=0 target=1 lane_count=1 recently=False speed=0.79
traci-bridge-1         | LANE_CMD_WAIT_EDGE veh=Ramp_Back edge=34126779 lane=0 target=1 lane_count=1
traci-bridge-1         | LANE_CMD_STATE veh=Ramp_Back edge=34126779 lane=0 target=1 lane_count=1 recently=False speed=0.80
traci-bridge-1         | LANE_CMD_WAIT_EDGE veh=Ramp_Back edge=34126779 lane=0 target=1 lane_count=1
traci-bridge-1         | LANE_CMD_STATE veh=Ramp_Back edge=:390064918_0 lane=0 target=1 lane_count=1 recently=False speed=0.80
traci-bridge-1         | LANE_CMD_WAIT_EDGE veh=Ramp_Back edge=:390064918_0 lane=0 target=1 lane_count=1
traci-bridge-1         | LANE_CMD_STATE veh=Ramp_Back edge=:390064918_0 lane=0 target=1 lane_count=1 recently=False speed=0.81
traci-bridge-1         | LANE_CMD_WAIT_EDGE veh=Ramp_Back edge=:390064918_0 lane=0 target=1 lane_count=1
traci-bridge-1         | LANE_CMD_STATE veh=Ramp_Back edge=:390064918_0 lane=0 target=1 lane_count=1 recently=False speed=0.82
traci-bridge-1         | LANE_CMD_WAIT_EDGE veh=Ramp_Back edge=:390064918_0 lane=0 target=1 lane_count=1
traci-bridge-1         | LANE_CMD_STATE veh=Ramp_Back edge=:390064918_0 lane=0 target=1 lane_count=1 recently=False speed=0.83
traci-bridge-1         | LANE_CMD_WAIT_EDGE veh=Ramp_Back edge=:390064918_0 lane=0 target=1 lane_count=1
traci-bridge-1         | LANE_CMD_STATE veh=Ramp_Back edge=:390064918_0 lane=0 target=1 lane_count=1 recently=False speed=0.84
traci-bridge-1         | LANE_CMD_WAIT_EDGE veh=Ramp_Back edge=:390064918_0 lane=0 target=1 lane_count=1
traci-bridge-1         | LANE_CMD_STATE veh=Ramp_Back edge=:390064918_0 lane=0 target=1 lane_count=1 recently=False speed=0.84
traci-bridge-1         | LANE_CMD_WAIT_EDGE veh=Ramp_Back edge=:390064918_0 lane=0 target=1 lane_count=1
traci-bridge-1         | LANE_CMD_STATE veh=Ramp_Back edge=:390064918_0 lane=0 target=1 lane_count=1 recently=False speed=0.85
traci-bridge-1         | LANE_CMD_WAIT_EDGE veh=Ramp_Back edge=:390064918_0 lane=0 target=1 lane_count=1
traci-bridge-1         | LANE_CMD_STATE veh=Ramp_Back edge=:390064918_0 lane=0 target=1 lane_count=1 recently=False speed=0.86
obu-ramp-merge-3-1     | [55.7] Ramp_Merge_3 role=cruise state=CRUISE->CRUISE speed=7.50 target=7.50 neighbors=11
obu-main-front-left-1  | [55.9] Main_Front_Left role=cruise state=CRUISE->CRUISE speed=7.50 target=7.50 neighbors=11
obu-merge-car-1        | [55.8] Merge_Car role=cruise state=CRUISE->CRUISE speed=7.50 target=7.50 neighbors=11
obu-ramp-back-1        | [55.7] Ramp_Back MCM_RX_ACCEPT: from=105 manoeuvre=160 target=112
obu-ramp-merge-5-1     | [55.8] Ramp_Merge_5 role=cruise state=CRUISE->CRUISE speed=7.45 target=7.50 neighbors=11
obu-main-back-right-1  | [55.9] Main_Back_Right role=cruise state=CRUISE->CRUISE speed=7.50 target=7.50 neighbors=11
obu-ramp-back-1        | [55.9] Ramp_Back role=merge state=NEGOTIATING->NEGOTIATING speed=0.87 target=1.05 neighbors=11
obu-main-back-left-1   | HOST_RESERVATION_EXTEND_UNTIL_CLEAR: host=Main_Back_Left ramp=112 manoeuvre=160 new_remaining=4.0 ramp_lcs=WAIT_EDGE ramp_edge=:390064918_0
obu-main-back-left-1   | HOST_RESERVATION_HOLD: host=Main_Back_Left ramp=112 manoeuvre=160 remaining=4.0 own_speed=7.50 target_speed=7.50 ramp_fsm=NEGOTIATING ramp_lane_cmd_state=WAIT_EDGE ramp_edge=:390064918_0 ramp_lane=0 ramp_merge_completed=False ramp_merge_committed=True
obu-main-back-left-1   | [55.9] Main_Back_Left HOST_HOLD_YIELD: for merge=112 spd=7.50
obu-main-back-left-1   | [55.9] Main_Back_Left MCM_TX_ACCEPT: manoeuvre=160 target=112
obu-main-back-left-1   | HOST_RESERVATION_EXTEND_UNTIL_CLEAR: host=Main_Back_Left ramp=112 manoeuvre=160 new_remaining=4.0 ramp_lcs=WAIT_EDGE ramp_edge=:390064918_0
obu-main-back-left-1   | HOST_RESERVATION_HOLD: host=Main_Back_Left ramp=112 manoeuvre=160 remaining=4.0 own_speed=7.50 target_speed=7.50 ramp_fsm=NEGOTIATING ramp_lane_cmd_state=WAIT_EDGE ramp_edge=:390064918_0 ramp_lane=0 ramp_merge_completed=False ramp_merge_committed=True
obu-main-back-left-1   | [56.0] Main_Back_Left HOST_HOLD_YIELD: for merge=112 spd=7.50
obu-ramp-merge-4-1     | [56.2] Ramp_Merge_4 role=cruise state=CRUISE->CRUISE speed=7.50 target=7.50 neighbors=11
obu-main-back-left-1   | HOST_RESERVATION_EXTEND_UNTIL_CLEAR: host=Main_Back_Left ramp=112 manoeuvre=160 new_remaining=4.0 ramp_lcs=WAIT_EDGE ramp_edge=:390064918_0
obu-main-back-left-1   | HOST_RESERVATION_HOLD: host=Main_Back_Left ramp=112 manoeuvre=160 remaining=4.0 own_speed=7.50 target_speed=7.50 ramp_fsm=NEGOTIATING ramp_lane_cmd_state=WAIT_EDGE ramp_edge=:390064918_0 ramp_lane=0 ramp_merge_completed=False ramp_merge_committed=True
obu-main-back-left-1   | [56.3] Main_Back_Left HOST_HOLD_YIELD: for merge=112 spd=7.50
obu-main-back-left-1   | [56.3] Main_Back_Left MCM_TX_ACCEPT: manoeuvre=160 target=112
obu-main-back-left-1   | [56.3] Main_Back_Left role=host state=YIELDING->YIELDING speed=7.50 target=7.50 neighbors=11
obu-ramp-merge-2-1     | [56.2] Ramp_Merge_2 role=cruise state=CRUISE->CRUISE speed=7.50 target=7.50 neighbors=11
obu-ramp-back-1        | [56.3] Ramp_Back MCM_RX_ACCEPT: from=105 manoeuvre=160 target=112
obu-main-mid-right-1   | [56.4] Main_Mid_Right role=cruise state=CRUISE->CRUISE speed=7.50 target=7.50 neighbors=11
obu-host-car-1         | [56.3] Host_Car role=cruise state=CRUISE->CRUISE speed=7.50 target=7.50 neighbors=11
obu-ramp-back-1        | [56.3] Ramp_Back MERGE_PREPARE_WAIT_LANE_AVAILABLE: edge=:390064918_0 lane=0 target_lane=1 lane_count=1 executable=False dtm=4.9 speed=0.90 host=105 lead=None
obu-ramp-back-1        | [56.3] Ramp_Back MCM_RX_ACCEPT: from=105 manoeuvre=160 target=112
obu-merge-car-1        | [56.8] Merge_Car role=cruise state=CRUISE->CRUISE speed=7.50 target=7.50 neighbors=11
obu-ramp-merge-3-1     | [56.7] Ramp_Merge_3 role=cruise state=CRUISE->CRUISE speed=7.50 target=7.50 neighbors=11
obu-main-back-right-1  | [56.9] Main_Back_Right role=cruise state=CRUISE->CRUISE speed=7.50 target=7.50 neighbors=10
obu-ramp-merge-5-1     | [56.9] Ramp_Merge_5 role=cruise state=CRUISE->CRUISE speed=7.47 target=7.50 neighbors=11
obu-main-back-left-1   | HOST_RESERVATION_EXTEND_UNTIL_CLEAR: host=Main_Back_Left ramp=112 manoeuvre=160 new_remaining=4.0 ramp_lcs=WAIT_EDGE ramp_edge=:390064918_0
obu-main-back-left-1   | HOST_RESERVATION_HOLD: host=Main_Back_Left ramp=112 manoeuvre=160 remaining=4.0 own_speed=7.50 target_speed=7.50 ramp_fsm=NEGOTIATING ramp_lane_cmd_state=WAIT_EDGE ramp_edge=:390064918_0 ramp_lane=0 ramp_merge_completed=False ramp_merge_committed=True
obu-main-back-left-1   | [56.9] Main_Back_Left HOST_HOLD_YIELD: for merge=112 spd=7.50
obu-main-back-left-1   | [56.9] Main_Back_Left MCM_TX_ACCEPT: manoeuvre=160 target=112
obu-main-front-left-1  | [56.9] Main_Front_Left role=cruise state=CRUISE->CRUISE speed=7.50 target=7.50 neighbors=11
obu-lead-car-1         | [57.1] Lead_Car role=cruise state=CRUISE->CRUISE speed=7.50 target=7.50 neighbors=11
obu-ramp-back-1        | [57.0] Ramp_Back role=merge state=NEGOTIATING->NEGOTIATING speed=0.95 target=1.13 neighbors=11
obu-main-back-left-1   | HOST_RESERVATION_EXTEND_UNTIL_CLEAR: host=Main_Back_Left ramp=112 manoeuvre=160 new_remaining=4.0 ramp_lcs=WAIT_EDGE ramp_edge=:390064918_0
obu-main-back-left-1   | HOST_RESERVATION_HOLD: host=Main_Back_Left ramp=112 manoeuvre=160 remaining=4.0 own_speed=7.50 target_speed=7.50 ramp_fsm=NEGOTIATING ramp_lane_cmd_state=WAIT_EDGE ramp_edge=:390064918_0 ramp_lane=0 ramp_merge_completed=False ramp_merge_committed=True
obu-main-back-left-1   | [57.1] Main_Back_Left HOST_HOLD_YIELD: for merge=112 spd=7.50
obu-ramp-merge-2-1     | [57.2] Ramp_Merge_2 role=cruise state=CRUISE->CRUISE speed=7.50 target=7.50 neighbors=11
obu-main-mid-right-1   | [57.4] Main_Mid_Right role=cruise state=CRUISE->CRUISE speed=7.50 target=7.50 neighbors=11
obu-host-car-1         | [57.4] Host_Car role=cruise state=CRUISE->CRUISE speed=7.50 target=7.50 neighbors=7
obu-main-back-left-1   | HOST_RESERVATION_EXTEND_UNTIL_CLEAR: host=Main_Back_Left ramp=112 manoeuvre=160 new_remaining=4.0 ramp_lcs=WAIT_EDGE ramp_edge=:390064918_0
obu-main-back-left-1   | HOST_RESERVATION_HOLD: host=Main_Back_Left ramp=112 manoeuvre=160 remaining=4.0 own_speed=7.50 target_speed=7.50 ramp_fsm=NEGOTIATING ramp_lane_cmd_state=WAIT_EDGE ramp_edge=:390064918_0 ramp_lane=0 ramp_merge_completed=False ramp_merge_committed=True
obu-main-back-left-1   | [57.3] Main_Back_Left HOST_HOLD_YIELD: for merge=112 spd=7.50
obu-main-back-left-1   | [57.3] Main_Back_Left MCM_TX_ACCEPT: manoeuvre=160 target=112
obu-main-back-left-1   | [57.3] Main_Back_Left role=host state=YIELDING->YIELDING speed=7.50 target=7.50 neighbors=11
obu-ramp-back-1        | [57.4] Ramp_Back MCM_RX_ACCEPT: from=105 manoeuvre=160 target=112
obu-ramp-back-1        | [57.5] Ramp_Back MERGE_PREPARE_WAIT_LANE_AVAILABLE: edge=:390064918_0 lane=0 target_lane=1 lane_count=1 executable=False dtm=4.9 speed=0.99 host=105 lead=None
obu-ramp-merge-4-1     | [57.5] Ramp_Merge_4 role=cruise state=CRUISE->CRUISE speed=7.50 target=7.50 neighbors=11
obu-main-back-left-1   | HOST_RESERVATION_EXTEND_UNTIL_CLEAR: host=Main_Back_Left ramp=112 manoeuvre=160 new_remaining=4.0 ramp_lcs=WAIT_EDGE ramp_edge=:390064918_0
obu-main-back-left-1   | HOST_RESERVATION_HOLD: host=Main_Back_Left ramp=112 manoeuvre=160 remaining=4.0 own_speed=7.50 target_speed=7.50 ramp_fsm=NEGOTIATING ramp_lane_cmd_state=WAIT_EDGE ramp_edge=:390064918_0 ramp_lane=0 ramp_merge_completed=False ramp_merge_committed=True
obu-main-back-left-1   | [57.5] Main_Back_Left HOST_HOLD_YIELD: for merge=112 spd=7.50
obu-main-back-left-1   | HOST_RESERVATION_EXTEND_UNTIL_CLEAR: host=Main_Back_Left ramp=112 manoeuvre=160 new_remaining=4.0 ramp_lcs=WAIT_EDGE ramp_edge=:390064918_0
obu-main-back-left-1   | HOST_RESERVATION_HOLD: host=Main_Back_Left ramp=112 manoeuvre=160 remaining=4.0 own_speed=7.50 target_speed=7.50 ramp_fsm=NEGOTIATING ramp_lane_cmd_state=WAIT_EDGE ramp_edge=:390064918_0 ramp_lane=0 ramp_merge_completed=False ramp_merge_committed=True
obu-main-back-left-1   | [57.7] Main_Back_Left HOST_HOLD_YIELD: for merge=112 spd=7.50
obu-main-back-left-1   | [57.7] Main_Back_Left MCM_TX_ACCEPT: manoeuvre=160 target=112
obu-ramp-back-1        | [57.7] Ramp_Back MCM_RX_ACCEPT: from=105 manoeuvre=160 target=112
obu-ramp-back-1        | [57.7] Ramp_Back MCM_RX_ACCEPT: from=105 manoeuvre=160 target=112
obu-merge-car-1        | [57.8] Merge_Car role=cruise state=CRUISE->CRUISE speed=7.50 target=7.50 neighbors=11
obu-ramp-merge-3-1     | [57.7] Ramp_Merge_3 role=cruise state=CRUISE->CRUISE speed=7.50 target=7.50 neighbors=11
obu-main-front-left-1  | [57.9] Main_Front_Left role=cruise state=CRUISE->CRUISE speed=7.50 target=7.50 neighbors=11
obu-main-back-right-1  | [57.9] Main_Back_Right role=cruise state=CRUISE->CRUISE speed=7.50 target=7.50 neighbors=11
obu-main-back-left-1   | HOST_RESERVATION_EXTEND_UNTIL_CLEAR: host=Main_Back_Left ramp=112 manoeuvre=160 new_remaining=4.0 ramp_lcs=WAIT_EDGE ramp_edge=:390064918_0
obu-main-back-left-1   | HOST_RESERVATION_HOLD: host=Main_Back_Left ramp=112 manoeuvre=160 remaining=4.0 own_speed=7.50 target_speed=7.50 ramp_fsm=NEGOTIATING ramp_lane_cmd_state=WAIT_EDGE ramp_edge=:390064918_0 ramp_lane=0 ramp_merge_completed=False ramp_merge_committed=True
obu-main-back-left-1   | [57.9] Main_Back_Left HOST_HOLD_YIELD: for merge=112 spd=7.50
obu-ramp-merge-5-1     | [57.9] Ramp_Merge_5 role=cruise state=CRUISE->CRUISE speed=7.48 target=7.50 neighbors=11
obu-main-back-left-1   | HOST_RESERVATION_EXTEND_UNTIL_CLEAR: host=Main_Back_Left ramp=112 manoeuvre=160 new_remaining=4.0 ramp_lcs=WAIT_EDGE ramp_edge=:390064918_0
obu-main-back-left-1   | HOST_RESERVATION_HOLD: host=Main_Back_Left ramp=112 manoeuvre=160 remaining=4.0 own_speed=7.50 target_speed=7.50 ramp_fsm=NEGOTIATING ramp_lane_cmd_state=WAIT_EDGE ramp_edge=:390064918_0 ramp_lane=0 ramp_merge_completed=False ramp_merge_committed=True
obu-main-back-left-1   | [58.1] Main_Back_Left HOST_HOLD_YIELD: for merge=112 spd=7.50
obu-main-back-left-1   | [58.1] Main_Back_Left MCM_TX_ACCEPT: manoeuvre=160 target=112
obu-lead-car-1         | [58.1] Lead_Car role=cruise state=CRUISE->CRUISE speed=7.50 target=7.50 neighbors=11
obu-ramp-back-1        | [58.1] Ramp_Back role=merge state=NEGOTIATING->NEGOTIATING speed=1.03 target=1.21 neighbors=11
obu-ramp-merge-2-1     | [58.2] Ramp_Merge_2 role=cruise state=CRUISE->CRUISE speed=7.50 target=7.50 neighbors=11
obu-main-back-left-1   | HOST_RESERVATION_EXTEND_UNTIL_CLEAR: host=Main_Back_Left ramp=112 manoeuvre=160 new_remaining=4.0 ramp_lcs=WAIT_EDGE ramp_edge=:390064918_0
obu-main-back-left-1   | HOST_RESERVATION_HOLD: host=Main_Back_Left ramp=112 manoeuvre=160 remaining=4.0 own_speed=7.50 target_speed=7.50 ramp_fsm=NEGOTIATING ramp_lane_cmd_state=WAIT_EDGE ramp_edge=:390064918_0 ramp_lane=0 ramp_merge_completed=False ramp_merge_committed=True
obu-main-back-left-1   | [58.3] Main_Back_Left HOST_HOLD_YIELD: for merge=112 spd=7.50
obu-main-back-left-1   | [58.3] Main_Back_Left role=host state=YIELDING->YIELDING speed=7.50 target=7.50 neighbors=11
obu-ramp-back-1        | [58.3] Ramp_Back MCM_RX_ACCEPT: from=105 manoeuvre=160 target=112
obu-main-mid-right-1   | [58.4] Main_Mid_Right role=cruise state=CRUISE->CRUISE speed=7.50 target=7.50 neighbors=11
obu-host-car-1         | [58.4] Host_Car role=cruise state=CRUISE->CRUISE speed=7.50 target=7.50 neighbors=11
obu-merge-car-1        | [58.8] Merge_Car role=cruise state=CRUISE->CRUISE speed=7.50 target=7.50 neighbors=11
obu-ramp-back-1        | [58.4] Ramp_Back MERGE_LANE_APPLY_CONFIRMED: edge=1331698336 lane=0 target_lane=1 lane_count=3 executable=True
obu-ramp-back-1        | MERGE_ATTEMPT_TIMELINE: vehicle=Ramp_Back manoeuvre=160 host=105 lead=None event=CLEAR t=58.5 edge=1331698336 lane=1 lane_cmd_state=CLEAR speed=1.07 target=1.23 dtm=2.3 lead_gap= host_gap=181.48 lead_gap_t1= lead_gap_t2= lead_gap_t3= host_gap_t1=181.48 host_gap_t2=181.48 host_gap_t3=181.48
obu-ramp-back-1        | [58.5] Ramp_Back MERGE_LANE_CLEAR_CONFIRMED: edge=1331698336 lane=1 target_lane=1 lane_count=3 executable=False
obu-main-back-left-1   | HOST_RESERVATION_EXTEND_UNTIL_CLEAR: host=Main_Back_Left ramp=112 manoeuvre=160 new_remaining=4.0 ramp_lcs=WAIT_EDGE ramp_edge=:390064918_0
obu-main-back-left-1   | HOST_RESERVATION_HOLD: host=Main_Back_Left ramp=112 manoeuvre=160 remaining=4.0 own_speed=7.50 target_speed=7.50 ramp_fsm=NEGOTIATING ramp_lane_cmd_state=WAIT_EDGE ramp_edge=:390064918_0 ramp_lane=0 ramp_merge_completed=False ramp_merge_committed=True
obu-main-back-left-1   | [58.9] Main_Back_Left HOST_HOLD_YIELD: for merge=112 spd=7.50
obu-main-back-left-1   | [58.9] Main_Back_Left MCM_TX_ACCEPT: manoeuvre=160 target=112
obu-main-front-left-1  | [59.0] Main_Front_Left role=cruise state=CRUISE->CRUISE speed=7.50 target=7.50 neighbors=11
obu-ramp-back-1        | [58.9] Ramp_Back MERGE_PHYSICAL_START_DELAYED_UNTIL_LANE_APPLY: waited_s=5.2 edge=1331698336 lane=1 target_lane=1 lane_count=3 lane_cmd_state=CLEAR executable=False dtm=2.7 speed=1.10 reason=implicit_before_completed
obu-ramp-back-1        | [58.9] Ramp_Back MERGE_START_GAP_DIAG: event=implicit_before_completed lead=None host=105 lead_eta=None own_eta=2.446798320353093 host_eta=31.742215574612025 lead_gap=None host_gap=185.19255014494613 lead_gap_p1=None lead_gap_p2=None lead_gap_p3=None host_gap_p1=185.19255014494613 host_gap_p2=185.19255014494613 host_gap_p3=185.19255014494613 rel_to_lead=None rel_to_host=-6.393976574061931 lead_lat=None host_lat=139.6085095729501 edge=1331698336 lane=1 lane_cmd_state=CLEAR lane_cmd_edge=1331698336 lane_cmd_target=1 lane_cmd_executable=False dtm=2.7 speed=1.10
obu-ramp-back-1        | MERGE_ATTEMPT_TIMELINE: vehicle=Ramp_Back manoeuvre=160 host=105 lead=None event=PHYSICAL_START t=58.9 edge=1331698336 lane=1 lane_cmd_state=CLEAR speed=1.10 target=6.75 dtm=2.7 lead_gap= host_gap=185.19 lead_gap_t1= lead_gap_t2= lead_gap_t3= host_gap_t1=185.19 host_gap_t2=185.19 host_gap_t3=185.19
obu-ramp-back-1        | [58.9] Ramp_Back MERGE_PHYSICAL_START: host=105 manoeuvre=160
obu-ramp-back-1        | [58.9] Ramp_Back MERGING!
obu-ramp-back-1        | MERGE_ATTEMPT_TIMELINE: vehicle=Ramp_Back manoeuvre=160 host=105 lead=None event=COMPLETED t=58.9 edge=1331698336 lane=1 lane_cmd_state=CLEAR speed=1.10 target=6.75 dtm=2.7 lead_gap= host_gap=185.19 lead_gap_t1= lead_gap_t2= lead_gap_t3= host_gap_t1=185.19 host_gap_t2=185.19 host_gap_t3=185.19
obu-ramp-back-1        | [58.9] Ramp_Back MERGE_COMPLETED_AFTER_TIMEOUT: eid=1331698336 lane=1
obu-ramp-back-1        | MERGE_COMPLETION_LATENCY_DIAG: vehicle=Ramp_Back duration_start_to_complete=0.0 start_time=58.9 merging_time=58.9 clear_time=58.5 completed_time=58.9 lane_cmd_state=CLEAR edge=1331698336 lane=1 target_lane=1 speed=1.10 target_speed=6.75
obu-main-back-right-1  | [58.9] Main_Back_Right role=cruise state=CRUISE->CRUISE speed=7.50 target=7.50 neighbors=11
obu-ramp-back-1        | [58.9] Ramp_Back MCM_RX_ACCEPT: from=105 manoeuvre=160 target=112
obu-ramp-merge-5-1     | [58.9] Ramp_Merge_5 role=cruise state=CRUISE->CRUISE speed=7.49 target=7.50 neighbors=11
obu-ramp-merge-4-1     | [58.9] Ramp_Merge_4 role=cruise state=CRUISE->CRUISE speed=7.50 target=7.50 neighbors=11
obu-ramp-merge-3-1     | [58.9] Ramp_Merge_3 role=cruise state=CRUISE->CRUISE speed=7.50 target=7.50 neighbors=11
obu-ramp-back-1        | [59.1] Ramp_Back role=host state=CRUISE->CRUISE speed=1.28 target=7.50 neighbors=11
obu-main-back-left-1   | HOST_RESERVATION_RELEASE_AFTER_CLEAR: host=Main_Back_Left ramp=112 manoeuvre=160 reason=completed ramp_fsm=CRUISE ramp_lcs=CLEAR ramp_edge=1331698336 ramp_merge_completed=True
obu-main-back-left-1   | [59.4] Main_Back_Left role=cruise state=CRUISE->CRUISE speed=7.50 target=7.50 neighbors=11
obu-main-mid-right-1   | [59.5] Main_Mid_Right role=cruise state=CRUISE->CRUISE speed=7.50 target=7.50 neighbors=11
obu-host-car-1         | [59.5] Host_Car role=cruise state=CRUISE->CRUISE speed=7.50 target=7.50 neighbors=11
obu-merge-car-1        | [59.8] Merge_Car role=cruise state=CRUISE->CRUISE speed=7.50 target=7.50 neighbors=11
obu-ramp-merge-2-1     | [59.8] Ramp_Merge_2 role=cruise state=CRUISE->CRUISE speed=7.50 target=7.50 neighbors=11
obu-main-back-right-1  | [59.9] Main_Back_Right role=cruise state=CRUISE->CRUISE speed=7.50 target=7.50 neighbors=11
obu-ramp-merge-3-1     | [59.9] Ramp_Merge_3 role=cruise state=CRUISE->CRUISE speed=7.50 target=7.50 neighbors=11
obu-main-front-left-1  | [60.0] Main_Front_Left role=cruise state=CRUISE->CRUISE speed=7.50 target=7.50 neighbors=11
obu-ramp-merge-4-1     | [60.0] Ramp_Merge_4 role=cruise state=CRUISE->CRUISE speed=7.50 target=7.50 neighbors=10
obu-ramp-merge-5-1     | [60.0] Ramp_Merge_5 role=cruise state=CRUISE->CRUISE speed=7.49 target=7.50 neighbors=10
obu-ramp-back-1        | [60.1] Ramp_Back role=host state=CRUISE->CRUISE speed=3.08 target=7.50 neighbors=10
obu-main-mid-right-1   | [60.6] Main_Mid_Right role=cruise state=CRUISE->CRUISE speed=7.50 target=7.50 neighbors=10
obu-host-car-1         | [60.6] Host_Car role=cruise state=CRUISE->CRUISE speed=7.50 target=7.50 neighbors=10
obu-main-back-left-1   | [60.6] Main_Back_Left role=cruise state=CRUISE->CRUISE speed=7.50 target=7.50 neighbors=10
obu-main-front-left-1  | [61.5] Main_Front_Left role=cruise state=CRUISE->CRUISE speed=7.50 target=7.50 neighbors=10
obu-main-mid-right-1   | [61.6] Main_Mid_Right role=cruise state=CRUISE->CRUISE speed=7.50 target=7.50 neighbors=10
obu-ramp-back-1        | [61.5] Ramp_Back role=cruise state=CRUISE->CRUISE speed=5.28 target=7.50 neighbors=10
obu-main-back-right-1  | [61.5] Main_Back_Right role=cruise state=CRUISE->CRUISE speed=7.50 target=7.50 neighbors=10
obu-ramp-merge-2-1     | [61.5] Ramp_Merge_2 role=cruise state=CRUISE->CRUISE speed=7.50 target=7.50 neighbors=10
obu-merge-car-1        | [61.5] Merge_Car role=cruise state=CRUISE->CRUISE speed=7.50 target=7.50 neighbors=10
obu-ramp-merge-4-1     | [61.5] Ramp_Merge_4 role=cruise state=CRUISE->CRUISE speed=7.50 target=7.50 neighbors=10
obu-ramp-merge-5-1     | [61.5] Ramp_Merge_5 role=cruise state=CRUISE->CRUISE speed=7.50 target=7.50 neighbors=10
obu-ramp-merge-3-1     | [61.5] Ramp_Merge_3 role=cruise state=CRUISE->CRUISE speed=7.50 target=7.50 neighbors=10
obu-main-back-left-1   | [61.6] Main_Back_Left role=cruise state=CRUISE->CRUISE speed=7.50 target=7.50 neighbors=10
obu-host-car-1         | [61.6] Host_Car role=cruise state=CRUISE->CRUISE speed=7.50 target=7.50 neighbors=10
obu-ramp-merge-5-1     | [62.8] Ramp_Merge_5 role=cruise state=CRUISE->CRUISE speed=7.50 target=7.50 neighbors=10
obu-main-back-left-1   | [62.8] Main_Back_Left role=cruise state=CRUISE->CRUISE speed=7.50 target=7.50 neighbors=10
obu-main-mid-right-1   | [63.1] Main_Mid_Right role=cruise state=CRUISE->CRUISE speed=7.50 target=7.50 neighbors=10
obu-host-car-1         | [63.0] Host_Car role=cruise state=CRUISE->CRUISE speed=7.50 target=7.50 neighbors=10
obu-merge-car-1        | [63.0] Merge_Car role=cruise state=CRUISE->CRUISE speed=7.50 target=7.50 neighbors=10
obu-ramp-merge-2-1     | [63.1] Ramp_Merge_2 role=cruise state=CRUISE->CRUISE speed=7.50 target=7.50 neighbors=10
obu-main-back-right-1  | [63.1] Main_Back_Right role=cruise state=CRUISE->CRUISE speed=7.50 target=7.50 neighbors=10
obu-ramp-merge-4-1     | [63.0] Ramp_Merge_4 role=cruise state=CRUISE->CRUISE speed=7.50 target=7.50 neighbors=10
obu-ramp-merge-3-1     | [63.0] Ramp_Merge_3 role=cruise state=CRUISE->CRUISE speed=7.50 target=7.50 neighbors=10
obu-ramp-back-1        | [63.2] Ramp_Back role=cruise state=CRUISE->CRUISE speed=6.57 target=7.50 neighbors=10
obu-ramp-merge-5-1     | [63.8] Ramp_Merge_5 role=cruise state=CRUISE->CRUISE speed=7.50 target=7.50 neighbors=9
obu-main-back-left-1   | [63.8] Main_Back_Left role=cruise state=CRUISE->CRUISE speed=7.50 target=7.50 neighbors=9
obu-host-car-1         | [64.0] Host_Car role=cruise state=CRUISE->CRUISE speed=7.50 target=7.50 neighbors=10
obu-ramp-merge-4-1     | [64.0] Ramp_Merge_4 role=cruise state=CRUISE->CRUISE speed=7.50 target=7.50 neighbors=10
obu-ramp-merge-3-1     | [64.0] Ramp_Merge_3 role=cruise state=CRUISE->CRUISE speed=7.50 target=7.50 neighbors=10
obu-merge-car-1        | [64.0] Merge_Car role=cruise state=CRUISE->CRUISE speed=7.50 target=7.50 neighbors=10
obu-main-back-right-1  | [64.2] Main_Back_Right role=cruise state=CRUISE->CRUISE speed=7.50 target=7.50 neighbors=10
obu-main-mid-right-1   | [64.2] Main_Mid_Right role=cruise state=CRUISE->CRUISE speed=7.50 target=7.50 neighbors=10
obu-ramp-merge-2-1     | [64.2] Ramp_Merge_2 role=cruise state=CRUISE->CRUISE speed=7.50 target=7.50 neighbors=10
obu-ramp-back-1        | [64.2] Ramp_Back role=cruise state=CRUISE->CRUISE speed=6.95 target=7.50 neighbors=10
obu-ramp-merge-5-1     | [64.8] Ramp_Merge_5 role=cruise state=CRUISE->CRUISE speed=7.50 target=7.50 neighbors=9
obu-main-back-left-1   | [64.8] Main_Back_Left role=cruise state=CRUISE->CRUISE speed=7.50 target=7.50 neighbors=10
obu-host-car-1         | [65.0] Host_Car role=cruise state=CRUISE->CRUISE speed=7.50 target=7.50 neighbors=9
obu-merge-car-1        | [65.0] Merge_Car role=cruise state=CRUISE->CRUISE speed=7.50 target=7.50 neighbors=9
obu-main-mid-right-1   | [65.2] Main_Mid_Right role=cruise state=CRUISE->CRUISE speed=7.50 target=7.50 neighbors=9
obu-ramp-merge-4-1     | [65.2] Ramp_Merge_4 role=cruise state=CRUISE->CRUISE speed=7.50 target=7.50 neighbors=9
obu-ramp-merge-3-1     | [65.2] Ramp_Merge_3 role=cruise state=CRUISE->CRUISE speed=7.50 target=7.50 neighbors=9
obu-ramp-merge-2-1     | [65.2] Ramp_Merge_2 role=cruise state=CRUISE->CRUISE speed=7.50 target=7.50 neighbors=9
obu-main-back-right-1  | [65.2] Main_Back_Right role=cruise state=CRUISE->CRUISE speed=7.50 target=7.50 neighbors=9
obu-ramp-back-1        | [65.2] Ramp_Back role=cruise state=CRUISE->CRUISE speed=7.17 target=7.50 neighbors=9
obu-ramp-merge-5-1     | [65.9] Ramp_Merge_5 role=cruise state=CRUISE->CRUISE speed=7.50 target=7.50 neighbors=9
obu-main-back-left-1   | [66.1] Main_Back_Left role=cruise state=CRUISE->CRUISE speed=7.50 target=7.50 neighbors=9
obu-host-car-1         | [66.1] Host_Car role=cruise state=CRUISE->CRUISE speed=7.50 target=7.50 neighbors=9
obu-merge-car-1        | [66.1] Merge_Car role=cruise state=CRUISE->CRUISE speed=7.50 target=7.50 neighbors=9
obu-ramp-merge-2-1     | [66.2] Ramp_Merge_2 role=cruise state=CRUISE->CRUISE speed=7.50 target=7.50 neighbors=9
obu-main-mid-right-1   | [66.3] Main_Mid_Right role=cruise state=CRUISE->CRUISE speed=7.50 target=7.50 neighbors=9
obu-main-back-right-1  | [66.2] Main_Back_Right role=cruise state=CRUISE->CRUISE speed=7.50 target=7.50 neighbors=9
obu-ramp-back-1        | [66.2] Ramp_Back role=cruise state=CRUISE->CRUISE speed=7.30 target=7.50 neighbors=9
obu-ramp-merge-4-1     | [66.2] Ramp_Merge_4 role=cruise state=CRUISE->CRUISE speed=7.50 target=7.50 neighbors=9
obu-ramp-merge-3-1     | [66.2] Ramp_Merge_3 role=cruise state=CRUISE->CRUISE speed=7.50 target=7.50 neighbors=9
obu-host-car-1         | [66.8] Host_Car CAR_FOLLOW: sid=107 edge=135424828 lane=0 leader_edge= leader_lane=None leader_role_hint=ramp self_merge_completed=False self_merge_completed_age=-1.0 self_merge_committed=False lane_cmd_state=None lane_cmd_edge=None lane_cmd_target=None lane_cmd_executable=None same_lane=True reason=same_lane_cam gap=12.0 follow_spd=6.19 emergency=False target_before=7.5 target_after=7.249999999338949 target_after_raw=6.19
obu-main-back-left-1   | [67.5] Main_Back_Left role=cruise state=CRUISE->CRUISE speed=7.50 target=7.50 neighbors=9
obu-ramp-back-1        | [67.5] Ramp_Back role=cruise state=CRUISE->CRUISE speed=7.40 target=7.50 neighbors=9
obu-ramp-merge-2-1     | [67.6] Ramp_Merge_2 role=cruise state=CRUISE->CRUISE speed=7.50 target=7.50 neighbors=9
obu-ramp-merge-5-1     | [67.5] Ramp_Merge_5 role=cruise state=CRUISE->CRUISE speed=7.50 target=7.50 neighbors=9
obu-ramp-merge-4-1     | [67.5] Ramp_Merge_4 role=cruise state=CRUISE->CRUISE speed=7.50 target=7.50 neighbors=9
obu-ramp-merge-3-1     | [67.6] Ramp_Merge_3 role=cruise state=CRUISE->CRUISE speed=7.50 target=7.50 neighbors=9
obu-merge-car-1        | [67.6] Merge_Car role=cruise state=CRUISE->CRUISE speed=7.50 target=7.50 neighbors=9
obu-host-car-1         | [67.8] Host_Car role=cruise state=CRUISE->CRUISE speed=7.49 target=7.50 neighbors=9
obu-main-back-right-1  | [67.8] Main_Back_Right role=cruise state=CRUISE->CRUISE speed=7.50 target=7.50 neighbors=9
obu-host-car-1         | [68.2] Host_Car CAR_FOLLOW: sid=107 edge=135424828 lane=0 leader_edge= leader_lane=None leader_role_hint=ramp self_merge_completed=False self_merge_completed_age=-1.0 self_merge_committed=False lane_cmd_state=None lane_cmd_edge=None lane_cmd_target=None lane_cmd_executable=None same_lane=True reason=same_lane_cam gap=12.0 follow_spd=6.20 emergency=False target_before=7.5 target_after=7.242889998505365 target_after_raw=6.20
obu-main-back-left-1   | [68.3] Main_Back_Left CAR_FOLLOW: sid=108 edge=135424828 lane=0 leader_edge= leader_lane=None leader_role_hint=ramp self_merge_completed=False self_merge_completed_age=-1.0 self_merge_committed=False lane_cmd_state=None lane_cmd_edge=None lane_cmd_target=None lane_cmd_executable=None same_lane=True reason=same_lane_cam gap=12.8 follow_spd=6.69 emergency=False target_before=7.5 target_after=7.24999961887778 target_after_raw=6.69
obu-ramp-merge-2-1     | [68.6] Ramp_Merge_2 role=cruise state=CRUISE->CRUISE speed=7.50 target=7.50 neighbors=9
obu-main-back-right-1  | [68.9] Main_Back_Right role=cruise state=CRUISE->CRUISE speed=7.50 target=7.50 neighbors=9
obu-ramp-merge-4-1     | [69.1] Ramp_Merge_4 role=cruise state=CRUISE->CRUISE speed=7.50 target=7.50 neighbors=9
obu-ramp-merge-3-1     | [69.2] Ramp_Merge_3 role=cruise state=CRUISE->CRUISE speed=7.50 target=7.50 neighbors=9
obu-merge-car-1        | [69.2] Merge_Car role=cruise state=CRUISE->CRUISE speed=7.50 target=7.50 neighbors=9
obu-main-back-left-1   | [69.2] Main_Back_Left role=cruise state=YIELDING->CRUISE speed=7.43 target=7.50 neighbors=9
obu-host-car-1         | [69.4] Host_Car CAR_FOLLOW: sid=107 edge=135424828 lane=0 leader_edge= leader_lane=None leader_role_hint=ramp self_merge_completed=False self_merge_completed_age=-1.0 self_merge_committed=False lane_cmd_state=None lane_cmd_edge=None lane_cmd_target=None lane_cmd_executable=None same_lane=True reason=same_lane_cam gap=12.7 follow_spd=6.69 emergency=False target_before=7.5 target_after=7.237629437565063 target_after_raw=6.69
obu-host-car-1         | [69.4] Host_Car role=cruise state=CRUISE->YIELDING speed=7.49 target=7.24 neighbors=9
obu-ramp-back-1        | [69.3] Ramp_Back role=cruise state=CRUISE->CRUISE speed=7.46 target=7.50 neighbors=9
obu-ramp-merge-5-1     | [69.4] Ramp_Merge_5 role=cruise state=CRUISE->CRUISE speed=7.50 target=7.50 neighbors=6
obu-ramp-merge-2-1     | [69.7] Ramp_Merge_2 role=cruise state=CRUISE->CRUISE speed=7.50 target=7.50 neighbors=6
obu-main-back-right-1  | [70.0] Main_Back_Right role=cruise state=CRUISE->CRUISE speed=7.50 target=7.50 neighbors=8
obu-ramp-merge-3-1     | [70.2] Ramp_Merge_3 role=cruise state=CRUISE->CRUISE speed=7.50 target=7.50 neighbors=8
obu-main-back-left-1   | [70.2] Main_Back_Left role=cruise state=CRUISE->CRUISE speed=7.44 target=7.50 neighbors=8
obu-ramp-back-1        | [70.3] Ramp_Back role=cruise state=CRUISE->CRUISE speed=7.48 target=7.50 neighbors=8
obu-host-car-1         | [70.6] Host_Car CAR_FOLLOW: sid=107 edge=135424828 lane=0 leader_edge= leader_lane=None leader_role_hint=ramp self_merge_completed=False self_merge_completed_age=-1.0 self_merge_committed=False lane_cmd_state=None lane_cmd_edge=None lane_cmd_target=None lane_cmd_executable=None same_lane=True reason=same_lane_cam gap=12.8 follow_spd=6.69 emergency=False target_before=7.5 target_after=7.1636169566992365 target_after_raw=6.69
obu-host-car-1         | [70.6] Host_Car role=cruise state=CRUISE->YIELDING speed=7.41 target=7.16 neighbors=8
obu-merge-car-1        | [70.6] Merge_Car role=cruise state=CRUISE->CRUISE speed=7.50 target=7.50 neighbors=8
obu-host-car-1         | [70.7] Host_Car CAR_FOLLOW: sid=107 edge=135424828 lane=0 leader_edge= leader_lane=None leader_role_hint=ramp self_merge_completed=False self_merge_completed_age=-1.0 self_merge_committed=False lane_cmd_state=None lane_cmd_edge=None lane_cmd_target=None lane_cmd_executable=None same_lane=True reason=same_lane_cam gap=12.1 follow_spd=6.32 emergency=False target_before=7.5 target_after=7.167936108864275 target_after_raw=6.32
obu-ramp-merge-4-1     | [70.9] Ramp_Merge_4 role=cruise state=CRUISE->CRUISE speed=7.50 target=7.50 neighbors=8
obu-ramp-merge-5-1     | [70.9] Ramp_Merge_5 role=cruise state=CRUISE->CRUISE speed=7.50 target=7.50 neighbors=8
obu-ramp-merge-2-1     | [71.1] Ramp_Merge_2 role=cruise state=CRUISE->CRUISE speed=7.50 target=7.50 neighbors=8
obu-main-back-left-1   | [71.2] Main_Back_Left role=cruise state=CRUISE->CRUISE speed=7.46 target=7.50 neighbors=8
obu-ramp-merge-3-1     | [71.2] Ramp_Merge_3 role=cruise state=CRUISE->CRUISE speed=7.50 target=7.50 neighbors=8
obu-ramp-back-1        | [71.9] Ramp_Back role=cruise state=CRUISE->CRUISE speed=7.49 target=7.50 neighbors=8
obu-host-car-1         | [71.9] Host_Car CAR_FOLLOW: sid=107 edge=135424828 lane=0 leader_edge= leader_lane=None leader_role_hint=ramp self_merge_completed=False self_merge_completed_age=-1.0 self_merge_committed=False lane_cmd_state=None lane_cmd_edge=None lane_cmd_target=None lane_cmd_executable=None same_lane=True reason=same_lane_cam gap=12.9 follow_spd=6.69 emergency=False target_before=7.5 target_after=7.162375911693056 target_after_raw=6.69
obu-host-car-1         | [71.9] Host_Car role=cruise state=CRUISE->YIELDING speed=7.41 target=7.16 neighbors=8
obu-main-back-right-1  | [71.9] Main_Back_Right role=cruise state=CRUISE->CRUISE speed=7.50 target=7.50 neighbors=8
obu-merge-car-1        | [72.0] Merge_Car role=cruise state=CRUISE->CRUISE speed=7.50 target=7.50 neighbors=8
obu-ramp-merge-4-1     | [72.2] Ramp_Merge_4 role=cruise state=CRUISE->CRUISE speed=7.50 target=7.50 neighbors=8
obu-main-back-left-1   | [72.3] Main_Back_Left role=cruise state=CRUISE->CRUISE speed=7.48 target=7.50 neighbors=8
obu-ramp-merge-3-1     | [72.7] Ramp_Merge_3 role=cruise state=CRUISE->CRUISE speed=7.50 target=7.50 neighbors=8
obu-ramp-merge-2-1     | [72.7] Ramp_Merge_2 role=cruise state=CRUISE->CRUISE speed=7.50 target=7.50 neighbors=8
obu-ramp-merge-5-1     | [72.9] Ramp_Merge_5 role=cruise state=CRUISE->CRUISE speed=7.50 target=7.50 neighbors=8
obu-ramp-back-1        | [73.1] Ramp_Back role=cruise state=CRUISE->CRUISE speed=7.49 target=7.50 neighbors=8
obu-host-car-1         | [73.1] Host_Car role=cruise state=YIELDING->CRUISE speed=7.33 target=7.50 neighbors=8
obu-main-back-right-1  | [73.1] Main_Back_Right role=cruise state=CRUISE->CRUISE speed=7.50 target=7.50 neighbors=8
obu-ramp-merge-4-1     | [73.4] Ramp_Merge_4 role=cruise state=CRUISE->CRUISE speed=7.50 target=7.50 neighbors=8
obu-host-car-1         | [73.6] Host_Car CAR_FOLLOW: sid=107 edge=135424828 lane=0 leader_edge= leader_lane=None leader_role_hint=ramp self_merge_completed=False self_merge_completed_age=-1.0 self_merge_committed=False lane_cmd_state=None lane_cmd_edge=None lane_cmd_target=None lane_cmd_executable=None same_lane=True reason=same_lane_cam gap=10.2 follow_spd=3.96 emergency=False target_before=7.5 target_after=7.0733076673407975 target_after_raw=3.96
obu-ramp-merge-2-1     | [74.0] Ramp_Merge_2 role=cruise state=CRUISE->CRUISE speed=7.50 target=7.50 neighbors=7
obu-ramp-merge-3-1     | [74.0] Ramp_Merge_3 role=cruise state=CRUISE->CRUISE speed=7.50 target=7.50 neighbors=7
obu-main-back-left-1   | [74.1] Main_Back_Left CAR_FOLLOW: sid=108 edge=135424828 lane=0 leader_edge= leader_lane=None leader_role_hint=ramp self_merge_completed=False self_merge_completed_age=-1.0 self_merge_committed=False lane_cmd_state=None lane_cmd_edge=None lane_cmd_target=None lane_cmd_executable=None same_lane=True reason=same_lane_cam gap=13.0 follow_spd=6.69 emergency=False target_before=7.5 target_after=7.241267544974372 target_after_raw=6.69
obu-main-back-left-1   | [74.1] Main_Back_Left role=cruise state=CRUISE->YIELDING speed=7.49 target=7.24 neighbors=7
obu-ramp-merge-5-1     | [74.1] Ramp_Merge_5 role=cruise state=CRUISE->CRUISE speed=7.50 target=7.50 neighbors=7
obu-main-back-left-1   | [74.2] Main_Back_Left CAR_FOLLOW: sid=108 edge=135424828 lane=0 leader_edge= leader_lane=None leader_role_hint=ramp self_merge_completed=False self_merge_completed_age=-1.0 self_merge_committed=False lane_cmd_state=None lane_cmd_edge=None lane_cmd_target=None lane_cmd_executable=None same_lane=True reason=same_lane_cam gap=12.2 follow_spd=6.51 emergency=False target_before=7.5 target_after=7.241704167725653 target_after_raw=6.51
obu-host-car-1         | [74.2] Host_Car role=cruise state=CRUISE->CRUISE speed=7.33 target=7.50 neighbors=7
obu-main-back-right-1  | [74.3] Main_Back_Right role=cruise state=CRUISE->CRUISE speed=7.50 target=7.50 neighbors=7
obu-main-back-left-1   | [74.4] Main_Back_Left CAR_FOLLOW: sid=108 edge=135424828 lane=0 leader_edge= leader_lane=None leader_role_hint=ramp self_merge_completed=False self_merge_completed_age=-1.0 self_merge_committed=False lane_cmd_state=None lane_cmd_edge=None lane_cmd_target=None lane_cmd_executable=None same_lane=True reason=same_lane_cam gap=10.7 follow_spd=4.64 emergency=False target_before=7.5 target_after=7.22957638862112 target_after_raw=4.64
obu-ramp-merge-4-1     | [74.5] Ramp_Merge_4 role=cruise state=CRUISE->CRUISE speed=7.50 target=7.50 neighbors=7
obu-ramp-back-1        | [74.9] Ramp_Back role=cruise state=CRUISE->CRUISE speed=7.50 target=7.50 neighbors=6
obu-ramp-merge-2-1     | [75.1] Ramp_Merge_2 role=cruise state=CRUISE->CRUISE speed=7.50 target=7.50 neighbors=6
obu-ramp-merge-3-1     | [75.0] Ramp_Merge_3 role=cruise state=CRUISE->CRUISE speed=7.50 target=7.50 neighbors=6
obu-ramp-merge-4-1     | [75.6] Ramp_Merge_4 role=cruise state=CRUISE->CRUISE speed=7.50 target=7.50 neighbors=7
obu-ramp-merge-5-1     | [75.6] Ramp_Merge_5 role=cruise state=CRUISE->CRUISE speed=7.50 target=7.50 neighbors=7
obu-main-back-left-1   | [76.1] Main_Back_Left role=cruise state=CRUISE->CRUISE speed=7.46 target=7.50 neighbors=7
obu-host-car-1         | [75.6] Host_Car role=cruise state=CRUISE->CRUISE speed=7.42 target=7.50 neighbors=7
obu-ramp-back-1        | [76.3] Ramp_Back role=cruise state=CRUISE->CRUISE speed=7.50 target=7.50 neighbors=5
obu-ramp-merge-2-1     | [76.3] Ramp_Merge_2 role=cruise state=CRUISE->CRUISE speed=7.50 target=7.50 neighbors=5
obu-ramp-merge-3-1     | [76.3] Ramp_Merge_3 role=cruise state=CRUISE->CRUISE speed=7.50 target=7.50 neighbors=7
obu-main-back-right-1  | [76.3] Main_Back_Right role=cruise state=CRUISE->CRUISE speed=7.50 target=7.50 neighbors=5
obu-ramp-merge-4-1     | [76.7] Ramp_Merge_4 role=cruise state=CRUISE->CRUISE speed=7.50 target=7.50 neighbors=7
obu-ramp-merge-5-1     | [76.6] Ramp_Merge_5 role=cruise state=CRUISE->CRUISE speed=7.50 target=7.50 neighbors=7
obu-main-back-left-1   | [77.1] Main_Back_Left role=cruise state=CRUISE->CRUISE speed=7.48 target=7.50 neighbors=7
obu-ramp-back-1        | [77.3] Ramp_Back role=cruise state=CRUISE->CRUISE speed=7.50 target=7.50 neighbors=7
obu-main-back-right-1  | [77.4] Main_Back_Right role=cruise state=CRUISE->CRUISE speed=7.50 target=7.50 neighbors=7
obu-ramp-merge-2-1     | [77.8] Ramp_Merge_2 role=cruise state=CRUISE->CRUISE speed=7.50 target=7.50 neighbors=6
obu-ramp-merge-3-1     | [77.8] Ramp_Merge_3 role=cruise state=CRUISE->CRUISE speed=7.50 target=7.50 neighbors=6
obu-ramp-merge-4-1     | [77.8] Ramp_Merge_4 role=cruise state=CRUISE->CRUISE speed=7.50 target=7.50 neighbors=6
obu-ramp-merge-5-1     | [77.7] Ramp_Merge_5 role=cruise state=CRUISE->CRUISE speed=7.50 target=7.50 neighbors=0
obu-ramp-back-1        | [78.3] Ramp_Back role=cruise state=CRUISE->CRUISE speed=7.50 target=7.50 neighbors=6
obu-main-back-right-1  | [78.4] Main_Back_Right role=cruise state=CRUISE->CRUISE speed=7.50 target=7.50 neighbors=6
obu-ramp-merge-4-1     | [78.8] Ramp_Merge_4 role=cruise state=CRUISE->CRUISE speed=7.50 target=7.50 neighbors=6
obu-ramp-merge-5-1     | [78.7] Ramp_Merge_5 role=cruise state=CRUISE->CRUISE speed=7.50 target=7.50 neighbors=6
obu-main-back-left-1   | [78.9] Main_Back_Left role=cruise state=CRUISE->CRUISE speed=7.49 target=7.50 neighbors=6
obu-ramp-merge-2-1     | [78.8] Ramp_Merge_2 role=cruise state=CRUISE->CRUISE speed=7.50 target=7.50 neighbors=6
obu-ramp-merge-3-1     | [78.9] Ramp_Merge_3 role=cruise state=CRUISE->CRUISE speed=7.50 target=7.50 neighbors=6
obu-ramp-back-1        | [79.3] Ramp_Back role=cruise state=CRUISE->CRUISE speed=7.50 target=7.50 neighbors=6
obu-main-back-right-1  | [79.5] Main_Back_Right role=cruise state=CRUISE->CRUISE speed=7.50 target=7.50 neighbors=6
obu-ramp-merge-4-1     | [79.8] Ramp_Merge_4 role=cruise state=CRUISE->CRUISE speed=7.50 target=7.50 neighbors=5
obu-ramp-merge-5-1     | [79.8] Ramp_Merge_5 role=cruise state=CRUISE->CRUISE speed=7.50 target=7.50 neighbors=5
obu-main-back-left-1   | [80.1] Main_Back_Left role=cruise state=CRUISE->CRUISE speed=7.49 target=7.50 neighbors=6
obu-ramp-merge-3-1     | [80.1] Ramp_Merge_3 role=cruise state=CRUISE->CRUISE speed=7.50 target=7.50 neighbors=6
obu-main-back-left-1   | [80.5] Main_Back_Left CAR_FOLLOW: sid=108 edge=135424828 lane=0 leader_edge= leader_lane=None leader_role_hint=ramp self_merge_completed=False self_merge_completed_age=-1.0 self_merge_committed=False lane_cmd_state=None lane_cmd_edge=None lane_cmd_target=None lane_cmd_executable=None same_lane=True reason=same_lane_cam gap=11.6 follow_spd=5.78 emergency=False target_before=7.5 target_after=7.245765852417713 target_after_raw=5.78
obu-ramp-back-1        | [80.4] Ramp_Back role=cruise state=CRUISE->CRUISE speed=7.50 target=7.50 neighbors=6
obu-main-back-right-1  | [80.6] Main_Back_Right role=cruise state=CRUISE->CRUISE speed=7.50 target=7.50 neighbors=6
obu-ramp-merge-4-1     | [80.8] Ramp_Merge_4 role=cruise state=CRUISE->CRUISE speed=7.50 target=7.50 neighbors=6
obu-ramp-merge-5-1     | [80.8] Ramp_Merge_5 role=cruise state=CRUISE->CRUISE speed=7.50 target=7.50 neighbors=6
obu-ramp-merge-3-1     | [81.2] Ramp_Merge_3 role=cruise state=CRUISE->CRUISE speed=7.50 target=7.50 neighbors=5
obu-main-back-left-1   | [81.2] Main_Back_Left role=cruise state=YIELDING->CRUISE speed=7.45 target=7.50 neighbors=5
obu-ramp-back-1        | [81.4] Ramp_Back role=cruise state=CRUISE->CRUISE speed=7.50 target=7.50 neighbors=5
obu-ramp-merge-4-1     | [81.8] Ramp_Merge_4 role=cruise state=CRUISE->CRUISE speed=7.50 target=7.50 neighbors=5
obu-main-back-left-1   | [82.3] Main_Back_Left role=cruise state=CRUISE->CRUISE speed=7.44 target=7.50 neighbors=5
obu-ramp-merge-3-1     | [82.5] Ramp_Merge_3 role=cruise state=CRUISE->CRUISE speed=7.50 target=7.50 neighbors=5
obu-main-back-right-1  | [82.6] Main_Back_Right role=cruise state=CRUISE->CRUISE speed=7.50 target=7.50 neighbors=5
obu-ramp-back-1        | [82.6] Ramp_Back role=cruise state=CRUISE->CRUISE speed=7.50 target=7.50 neighbors=4
obu-ramp-merge-4-1     | [82.8] Ramp_Merge_4 role=cruise state=CRUISE->CRUISE speed=7.50 target=7.50 neighbors=0
obu-ramp-merge-5-1     | [83.2] Ramp_Merge_5 role=cruise state=CRUISE->CRUISE speed=7.50 target=7.50 neighbors=5
obu-ramp-back-1        | [83.6] Ramp_Back role=cruise state=CRUISE->CRUISE speed=7.50 target=7.50 neighbors=5
obu-ramp-merge-3-1     | [83.5] Ramp_Merge_3 role=cruise state=CRUISE->CRUISE speed=7.50 target=7.50 neighbors=5
obu-main-back-right-1  | [83.7] Main_Back_Right role=cruise state=CRUISE->CRUISE speed=7.50 target=7.50 neighbors=5
obu-ramp-merge-4-1     | [84.0] Ramp_Merge_4 role=cruise state=CRUISE->CRUISE speed=7.50 target=7.50 neighbors=0
obu-ramp-merge-5-1     | [84.3] Ramp_Merge_5 role=cruise state=CRUISE->CRUISE speed=7.50 target=7.50 neighbors=5
obu-ramp-merge-3-1     | [84.6] Ramp_Merge_3 role=cruise state=CRUISE->CRUISE speed=7.50 target=7.50 neighbors=5
obu-main-back-right-1  | [84.7] Main_Back_Right role=cruise state=CRUISE->CRUISE speed=7.50 target=7.50 neighbors=5
obu-ramp-back-1        | [84.9] Ramp_Back role=cruise state=CRUISE->CRUISE speed=7.50 target=7.50 neighbors=5
obu-ramp-merge-4-1     | [85.0] Ramp_Merge_4 role=cruise state=CRUISE->CRUISE speed=7.50 target=7.50 neighbors=5
obu-main-back-right-1  | [85.0] Main_Back_Right CAR_FOLLOW: sid=105 edge=135424828 lane=0 leader_edge= leader_lane=None leader_role_hint=main self_merge_completed=False self_merge_completed_age=-1.0 self_merge_committed=False lane_cmd_state=None lane_cmd_edge=None lane_cmd_target=None lane_cmd_executable=None same_lane=True reason=same_lane_cam gap=3.4 follow_spd=2.62 emergency=False target_before=7.5 target_after=7.249999999999571 target_after_raw=2.62
obu-main-back-right-1  | [85.4] Main_Back_Right CAR_FOLLOW: sid=105 edge=135424828 lane=0 leader_edge= leader_lane=None leader_role_hint=main self_merge_completed=False self_merge_completed_age=-1.0 self_merge_committed=False lane_cmd_state=None lane_cmd_edge=None lane_cmd_target=None lane_cmd_executable=None same_lane=True reason=same_lane_cam gap=0.4 follow_spd=2.62 emergency=False target_before=7.5 target_after=7.249999999999651 target_after_raw=2.62
obu-ramp-merge-5-1     | [85.8] Ramp_Merge_5 role=cruise state=CRUISE->CRUISE speed=7.50 target=7.50 neighbors=4
obu-ramp-merge-3-1     | [85.8] Ramp_Merge_3 role=cruise state=CRUISE->CRUISE speed=7.50 target=7.50 neighbors=4
obu-main-back-right-1  | [85.8] Main_Back_Right role=cruise state=YIELDING->CRUISE speed=7.48 target=7.50 neighbors=3
obu-ramp-merge-4-1     | [86.3] Ramp_Merge_4 role=cruise state=CRUISE->CRUISE speed=7.50 target=7.50 neighbors=4
obu-ramp-merge-3-1     | [87.1] Ramp_Merge_3 role=cruise state=CRUISE->CRUISE speed=7.50 target=7.50 neighbors=0
obu-ramp-merge-4-1     | [87.3] Ramp_Merge_4 role=cruise state=CRUISE->CRUISE speed=7.50 target=7.50 neighbors=0
obu-ramp-back-1        | [87.6] Ramp_Back role=cruise state=CRUISE->CRUISE speed=7.50 target=7.50 neighbors=4
obu-ramp-merge-5-1     | [88.1] Ramp_Merge_5 role=cruise state=CRUISE->CRUISE speed=7.50 target=7.50 neighbors=4
obu-ramp-merge-3-1     | [88.5] Ramp_Merge_3 CAR_FOLLOW: sid=106 edge=135424828 lane=0 leader_edge= leader_lane=None leader_role_hint=main self_merge_completed=True self_merge_completed_age=56.3 self_merge_committed=False lane_cmd_state=CLEAR lane_cmd_edge=1331698336 lane_cmd_target=1 lane_cmd_executable=False same_lane=True reason=same_lane_cam gap=2.8 follow_spd=3.38 emergency=False target_before=7.5 target_after=7.249999999996361 target_after_raw=3.38
obu-ramp-merge-3-1     | MERGE_ATTEMPT_TIMELINE: vehicle=Ramp_Merge_3 manoeuvre=66 host=None lead=None event=POST_MERGE_CAR_FOLLOW t=88.5 edge=135424828 lane=0 lane_cmd_state=CLEAR speed=7.50 target=7.25 dtm=406.4 lead_gap= host_gap= lead_gap_t1= lead_gap_t2= lead_gap_t3= host_gap_t1= host_gap_t2= host_gap_t3=
obu-ramp-merge-3-1     | [88.5] Ramp_Merge_3 POST_MERGE_CAR_FOLLOW: age=56.3 sid=106 gap=2.8 reason=same_lane_cam follow_spd=3.38 self_edge=135424828 self_lane=0 leader_edge= leader_lane=None lane_cmd_state=CLEAR
obu-ramp-merge-3-1     | [88.5] Ramp_Merge_3 role=cruise state=CRUISE->YIELDING speed=7.50 target=7.25 neighbors=4
obu-ramp-merge-4-1     | [88.5] Ramp_Merge_4 role=cruise state=CRUISE->CRUISE speed=7.50 target=7.50 neighbors=4
obu-ramp-back-1        | [88.7] Ramp_Back role=cruise state=CRUISE->CRUISE speed=7.50 target=7.50 neighbors=0
obu-ramp-merge-5-1     | [89.1] Ramp_Merge_5 role=cruise state=CRUISE->CRUISE speed=7.50 target=7.50 neighbors=3
obu-ramp-merge-4-1     | [90.0] Ramp_Merge_4 role=cruise state=CRUISE->CRUISE speed=7.50 target=7.50 neighbors=3
obu-ramp-back-1        | [89.8] Ramp_Back role=cruise state=CRUISE->CRUISE speed=7.50 target=7.50 neighbors=3
obu-ramp-merge-5-1     | [90.3] Ramp_Merge_5 role=cruise state=CRUISE->CRUISE speed=7.50 target=7.50 neighbors=0
obu-ramp-merge-4-1     | [91.0] Ramp_Merge_4 role=cruise state=CRUISE->CRUISE speed=7.50 target=7.50 neighbors=0
obu-ramp-back-1        | [91.3] Ramp_Back role=cruise state=CRUISE->CRUISE speed=7.50 target=7.50 neighbors=0
obu-ramp-merge-3-1     | [89.7] Ramp_Merge_3 role=cruise state=CRUISE->CRUISE speed=7.46 target=7.50 neighbors=3
obu-ramp-merge-5-1     | [91.6] Ramp_Merge_5 role=cruise state=CRUISE->CRUISE speed=7.50 target=7.50 neighbors=0
obu-ramp-merge-4-1     | [92.1] Ramp_Merge_4 role=cruise state=CRUISE->CRUISE speed=7.50 target=7.50 neighbors=2
obu-ramp-back-1        | [92.9] Ramp_Back role=cruise state=CRUISE->CRUISE speed=7.50 target=7.50 neighbors=0
obu-ramp-merge-5-1     | [93.2] Ramp_Merge_5 role=cruise state=CRUISE->CRUISE speed=7.50 target=7.50 neighbors=0
obu-ramp-merge-4-1     | [93.3] Ramp_Merge_4 role=cruise state=CRUISE->CRUISE speed=7.50 target=7.50 neighbors=0
obu-ramp-merge-4-1     | [93.9] Ramp_Merge_4 CAR_FOLLOW: sid=109 edge=135424828 lane=0 leader_edge= leader_lane=None leader_role_hint=ramp self_merge_completed=True self_merge_completed_age=56.1 self_merge_committed=False lane_cmd_state=CLEAR lane_cmd_edge=1331698336 lane_cmd_target=1 lane_cmd_executable=False same_lane=True reason=same_lane_cam gap=0.0 follow_spd=3.38 emergency=False target_before=7.5 target_after=7.249999999998085 target_after_raw=3.38
obu-ramp-merge-4-1     | MERGE_ATTEMPT_TIMELINE: vehicle=Ramp_Merge_4 manoeuvre=98 host=None lead=None event=POST_MERGE_CAR_FOLLOW t=93.9 edge=135424828 lane=0 lane_cmd_state=CLEAR speed=7.50 target=7.25 dtm=411.2 lead_gap= host_gap= lead_gap_t1= lead_gap_t2= lead_gap_t3= host_gap_t1= host_gap_t2= host_gap_t3=
obu-ramp-merge-4-1     | [93.9] Ramp_Merge_4 POST_MERGE_CAR_FOLLOW: age=56.1 sid=109 gap=0.0 reason=same_lane_cam follow_spd=3.38 self_edge=135424828 self_lane=0 leader_edge= leader_lane=None lane_cmd_state=CLEAR
obu-ramp-back-1        | [94.0] Ramp_Back role=cruise state=CRUISE->CRUISE speed=7.50 target=7.50 neighbors=3
obu-ramp-merge-5-1     | [94.3] Ramp_Merge_5 role=cruise state=CRUISE->CRUISE speed=7.50 target=7.50 neighbors=3
obu-ramp-merge-4-1     | [94.5] Ramp_Merge_4 role=cruise state=YIELDING->CRUISE speed=7.50 target=7.50 neighbors=3
obu-ramp-back-1        | [95.3] Ramp_Back role=cruise state=CRUISE->CRUISE speed=7.50 target=7.50 neighbors=0
obu-ramp-merge-5-1     | [96.0] Ramp_Merge_5 role=cruise state=CRUISE->CRUISE speed=7.50 target=7.50 neighbors=0
obu-ramp-back-1        | [96.5] Ramp_Back role=cruise state=CRUISE->CRUISE speed=7.50 target=7.50 neighbors=0
obu-ramp-merge-5-1     | [97.6] Ramp_Merge_5 role=cruise state=CRUISE->CRUISE speed=7.50 target=7.50 neighbors=2
obu-ramp-back-1        | [98.0] Ramp_Back role=cruise state=CRUISE->CRUISE speed=7.50 target=7.50 neighbors=2
obu-ramp-back-1        | [99.3] Ramp_Back role=cruise state=CRUISE->CRUISE speed=7.50 target=7.50 neighbors=0
obu-ramp-merge-5-1     | [99.5] Ramp_Merge_5 role=cruise state=CRUISE->CRUISE speed=7.50 target=7.50 neighbors=0
obu-ramp-back-1        | [101.0] Ramp_Back role=cruise state=CRUISE->CRUISE speed=7.50 target=7.50 neighbors=1
obu-ramp-merge-5-1     | [101.2] Ramp_Merge_5 role=cruise state=CRUISE->CRUISE speed=7.50 target=7.50 neighbors=1
obu-ramp-back-1        | [102.0] Ramp_Back role=cruise state=CRUISE->CRUISE speed=7.50 target=7.50 neighbors=0
obu-ramp-merge-5-1     | [103.1] Ramp_Merge_5 role=cruise state=CRUISE->CRUISE speed=7.50 target=7.50 neighbors=0
obu-ramp-back-1        | [104.2] Ramp_Back role=cruise state=CRUISE->CRUISE speed=7.50 target=7.50 neighbors=0
obu-ramp-back-1        | [105.7] Ramp_Back role=cruise state=CRUISE->CRUISE speed=7.50 target=7.50 neighbors=1
obu-ramp-back-1        | [107.8] Ramp_Back role=cruise state=CRUISE->CRUISE speed=7.50 target=7.50 neighbors=0
obu-ramp-back-1        | [109.7] Ramp_Back role=cruise state=CRUISE->CRUISE speed=7.50 target=7.50 neighbors=0
obu-ramp-back-1        | [111.4] Ramp_Back role=cruise state=CRUISE->CRUISE speed=7.50 target=7.50 neighbors=0
obu-ramp-back-1        | [113.4] Ramp_Back role=cruise state=CRUISE->CRUISE speed=7.50 target=7.50 neighbors=0
obu-ramp-back-1        | [114.5] Ramp_Back role=cruise state=CRUISE->CRUISE speed=7.50 target=7.50 neighbors=0
traci-bridge-1         | Step #0.00 (0ms ?*RT. ?UPS, TraCI: 0ms, vehicles TOT 11 ACT 11 BUF 0)                     Step #10.00 (0ms ?*RT. ?UPS, TraCI: 6ms, vehicles TOT 12 ACT 12 BUF 0)                    Step #20.00 (0ms ?*RT. ?UPS, TraCI: 13ms, vehicles TOT 12 ACT 12 BUF 0)                   Step #30.00 (0ms ?*RT. ?UPS, TraCI: 9ms, vehicles TOT 12 ACT 12 BUF 0)                    Step #40.00 (0ms ?*RT. ?UPS, TraCI: 7ms, vehicles TOT 12 ACT 12 BUF 0)                    Step #50.00 (0ms ?*RT. ?UPS, TraCI: 7ms, vehicles TOT 12 ACT 12 BUF 0)                    Step #60.00 (0ms ?*RT. ?UPS, TraCI: 9ms, vehicles TOT 12 ACT 11 BUF 0)                    Step #70.00 (0ms ?*RT. ?UPS, TraCI: 6ms, vehicles TOT 12 ACT 9 BUF 0)                     Step #80.00 (0ms ?*RT. ?UPS, TraCI: 3ms, vehicles TOT 12 ACT 6 BUF 0)                     Step #90.00 (0ms ?*RT. ?UPS, TraCI: 2ms, vehicles TOT 12 ACT 3 BUF 0)                     Step #100.00 (0ms ?*RT. ?UPS, TraCI: 1ms, vehicles TOT 12 ACT 2 BUF 0)                    Step #110.00 (0ms ?*RT. ?UPS, TraCI: 0ms, vehicles TOT 12 ACT 1 BUF 0)                    Step #116.20 (0ms ?*RT. ?UPS, TraCI: 1ms, vehicles TOT 12 ACT 0 BUF 0)                    
obu-ramp-back-1        | [116.0] Ramp_Back role=cruise state=CRUISE->CRUISE speed=7.50 target=7.50 neighbors=0
traci-bridge-1         | LANE_CMD_WAIT_EDGE veh=Ramp_Back edge=:390064918_0 lane=0 target=1 lane_count=1
traci-bridge-1         | LANE_CMD_STATE veh=Ramp_Back edge=:390064918_0 lane=0 target=1 lane_count=1 recently=False speed=0.87
traci-bridge-1         | LANE_CMD_WAIT_EDGE veh=Ramp_Back edge=:390064918_0 lane=0 target=1 lane_count=1
traci-bridge-1         | LANE_CMD_STATE veh=Ramp_Back edge=:390064918_0 lane=0 target=1 lane_count=1 recently=False speed=0.87
traci-bridge-1         | LANE_CMD_WAIT_EDGE veh=Ramp_Back edge=:390064918_0 lane=0 target=1 lane_count=1
traci-bridge-1         | LANE_CMD_STATE veh=Ramp_Back edge=:390064918_0 lane=0 target=1 lane_count=1 recently=False speed=0.88
traci-bridge-1         | LANE_CMD_WAIT_EDGE veh=Ramp_Back edge=:390064918_0 lane=0 target=1 lane_count=1
traci-bridge-1         | LANE_CMD_STATE veh=Ramp_Back edge=:390064918_0 lane=0 target=1 lane_count=1 recently=False speed=0.89
traci-bridge-1         | LANE_CMD_WAIT_EDGE veh=Ramp_Back edge=:390064918_0 lane=0 target=1 lane_count=1
traci-bridge-1         | LANE_CMD_STATE veh=Ramp_Back edge=:390064918_0 lane=0 target=1 lane_count=1 recently=False speed=0.90
traci-bridge-1         | LANE_CMD_WAIT_EDGE veh=Ramp_Back edge=:390064918_0 lane=0 target=1 lane_count=1
traci-bridge-1         | LANE_CMD_STATE veh=Ramp_Back edge=:390064918_0 lane=0 target=1 lane_count=1 recently=False speed=0.90
traci-bridge-1         | LANE_CMD_WAIT_EDGE veh=Ramp_Back edge=:390064918_0 lane=0 target=1 lane_count=1
traci-bridge-1         | LANE_CMD_STATE veh=Ramp_Back edge=:390064918_0 lane=0 target=1 lane_count=1 recently=False speed=0.91
traci-bridge-1         | LANE_CMD_WAIT_EDGE veh=Ramp_Back edge=:390064918_0 lane=0 target=1 lane_count=1
traci-bridge-1         | LANE_CMD_STATE veh=Ramp_Back edge=:390064918_0 lane=0 target=1 lane_count=1 recently=False speed=0.92
traci-bridge-1         | LANE_CMD_WAIT_EDGE veh=Ramp_Back edge=:390064918_0 lane=0 target=1 lane_count=1
traci-bridge-1         | LANE_CMD_STATE veh=Ramp_Back edge=:390064918_0 lane=0 target=1 lane_count=1 recently=False speed=0.93
traci-bridge-1         | LANE_CMD_WAIT_EDGE veh=Ramp_Back edge=:390064918_0 lane=0 target=1 lane_count=1
traci-bridge-1         | LANE_CMD_STATE veh=Ramp_Back edge=:390064918_0 lane=0 target=1 lane_count=1 recently=False speed=0.93
traci-bridge-1         | LANE_CMD_WAIT_EDGE veh=Ramp_Back edge=:390064918_0 lane=0 target=1 lane_count=1
traci-bridge-1         | LANE_CMD_STATE veh=Ramp_Back edge=:390064918_0 lane=0 target=1 lane_count=1 recently=False speed=0.94
traci-bridge-1         | LANE_CMD_WAIT_EDGE veh=Ramp_Back edge=:390064918_0 lane=0 target=1 lane_count=1
traci-bridge-1         | LANE_CMD_STATE veh=Ramp_Back edge=:390064918_0 lane=0 target=1 lane_count=1 recently=False speed=0.95
traci-bridge-1         | LANE_CMD_WAIT_EDGE veh=Ramp_Back edge=:390064918_0 lane=0 target=1 lane_count=1
traci-bridge-1         | LANE_CMD_STATE veh=Ramp_Back edge=:390064918_0 lane=0 target=1 lane_count=1 recently=False speed=0.95
traci-bridge-1         | LANE_CMD_WAIT_EDGE veh=Ramp_Back edge=:390064918_0 lane=0 target=1 lane_count=1
traci-bridge-1         | LANE_CMD_STATE veh=Ramp_Back edge=:390064918_0 lane=0 target=1 lane_count=1 recently=False speed=0.96
traci-bridge-1         | LANE_CMD_WAIT_EDGE veh=Ramp_Back edge=:390064918_0 lane=0 target=1 lane_count=1
traci-bridge-1         | LANE_CMD_STATE veh=Ramp_Back edge=:390064918_0 lane=0 target=1 lane_count=1 recently=False speed=0.97
traci-bridge-1         | LANE_CMD_WAIT_EDGE veh=Ramp_Back edge=:390064918_0 lane=0 target=1 lane_count=1
traci-bridge-1         | LANE_CMD_STATE veh=Ramp_Back edge=:390064918_0 lane=0 target=1 lane_count=1 recently=False speed=0.98
traci-bridge-1         | LANE_CMD_WAIT_EDGE veh=Ramp_Back edge=:390064918_0 lane=0 target=1 lane_count=1
traci-bridge-1         | LANE_CMD_STATE veh=Ramp_Back edge=:390064918_0 lane=0 target=1 lane_count=1 recently=False speed=0.99
traci-bridge-1         | LANE_CMD_WAIT_EDGE veh=Ramp_Back edge=:390064918_0 lane=0 target=1 lane_count=1
traci-bridge-1         | LANE_CMD_STATE veh=Ramp_Back edge=:390064918_0 lane=0 target=1 lane_count=1 recently=False speed=0.99
traci-bridge-1         | LANE_CMD_WAIT_EDGE veh=Ramp_Back edge=:390064918_0 lane=0 target=1 lane_count=1
traci-bridge-1         | LANE_CMD_STATE veh=Ramp_Back edge=:390064918_0 lane=0 target=1 lane_count=1 recently=False speed=1.00
traci-bridge-1         | LANE_CMD_WAIT_EDGE veh=Ramp_Back edge=:390064918_0 lane=0 target=1 lane_count=1
traci-bridge-1         | LANE_CMD_STATE veh=Ramp_Back edge=:390064918_0 lane=0 target=1 lane_count=1 recently=False speed=1.01
traci-bridge-1         | LANE_CMD_WAIT_EDGE veh=Ramp_Back edge=:390064918_0 lane=0 target=1 lane_count=1
traci-bridge-1         | LANE_CMD_STATE veh=Ramp_Back edge=:390064918_0 lane=0 target=1 lane_count=1 recently=False speed=1.02
traci-bridge-1         | LANE_CMD_WAIT_EDGE veh=Ramp_Back edge=:390064918_0 lane=0 target=1 lane_count=1
traci-bridge-1         | LANE_CMD_STATE veh=Ramp_Back edge=:390064918_0 lane=0 target=1 lane_count=1 recently=False speed=1.03
traci-bridge-1         | LANE_CMD_WAIT_EDGE veh=Ramp_Back edge=:390064918_0 lane=0 target=1 lane_count=1
traci-bridge-1         | LANE_CMD_STATE veh=Ramp_Back edge=:390064918_0 lane=0 target=1 lane_count=1 recently=False speed=1.03
traci-bridge-1         | LANE_CMD_WAIT_EDGE veh=Ramp_Back edge=:390064918_0 lane=0 target=1 lane_count=1
traci-bridge-1         | LANE_CMD_STATE veh=Ramp_Back edge=:390064918_0 lane=0 target=1 lane_count=1 recently=False speed=1.04
traci-bridge-1         | LANE_CMD_WAIT_EDGE veh=Ramp_Back edge=:390064918_0 lane=0 target=1 lane_count=1
traci-bridge-1         | LANE_CMD_STATE veh=Ramp_Back edge=:390064918_0 lane=0 target=1 lane_count=1 recently=False speed=1.05
traci-bridge-1         | LANE_CMD_WAIT_EDGE veh=Ramp_Back edge=:390064918_0 lane=0 target=1 lane_count=1
traci-bridge-1         | LANE_CMD_STATE veh=Ramp_Back edge=1331698336 lane=0 target=1 lane_count=3 recently=False speed=1.06
traci-bridge-1         | LANE_CMD_APPLY veh=Ramp_Back edge=1331698336 from_lane=0 target=1 duration=2.00 mode=256 speed=1.06
traci-bridge-1         | LANE_CMD_STATE veh=Ramp_Back edge=1331698336 lane=1 target=1 lane_count=3 recently=True speed=1.07
traci-bridge-1         | LANE_CMD_CLEAR veh=Ramp_Back edge=1331698336 target=1
mqtt-broker-1          | 1779405425: Client traci-bridge [172.18.0.3:43605] disconnected: connection closed by client.
[Ktraci-bridge-1 exited with code 0
 Compose Stopping Aborting on container exit...
 Container rsa-obu-main-front-left-1 Stopping 
 Container rsa-obu-ramp-merge-4-1 Stopping 
 Container rsa-obu-ramp-merge-3-1 Stopping 
 Container rsa-obu-lead-car-1 Stopping 
 Container rsa-obu-merge-car-1 Stopping 
 Container rsa-obu-main-mid-right-1 Stopping 
 Container rsa-traci-bridge-1 Stopping 
 Container rsa-obu-host-car-1 Stopping 
 Container rsa-obu-main-back-right-1 Stopping 
 Container rsa-obu-main-back-left-1 Stopping 
 Container rsa-obu-ramp-back-1 Stopping 
 Container rsa-obu-ramp-merge-5-1 Stopping 
 Container rsa-obu-ramp-merge-2-1 Stopping 
 Container rsa-traci-bridge-1 Stopped 
mqtt-broker-1          | 1779405435: Client 376d9e8785df.bridge_to_remote [172.18.0.9:57102] disconnected: connection closed by client.
mqtt-broker-1          | 1779405435: Client 049c369b131f.bridge_to_remote [172.18.0.8:44742] disconnected: connection closed by client.
obu-main-mid-right-1   | 1779405435: Client obu-Main_Mid_Right-1 closed its connection.
obu-main-front-left-1  | 1779405435: Client obu-Main_Front_Left-1 closed its connection.
obu-ramp-merge-2-1     | 1779405435: Client obu-Ramp_Merge_2-1 closed its connection.
mqtt-broker-1          | 1779405435: Client b7a390f78d74.bridge_to_remote [172.18.0.14:55456] disconnected: connection closed by client.
mqtt-broker-1          | 1779405435: Client 3f444a707a9d.bridge_to_remote [172.18.0.5:57098] disconnected: connection closed by client.
obu-ramp-merge-5-1     | 1779405435: Client obu-Ramp_Merge_5-1 closed its connection.
mqtt-broker-1          | 1779405435: Client 0e6e1bac973d.bridge_to_remote [172.18.0.10:59966] disconnected: connection closed by client.
mqtt-broker-1          | 1779405435: Client auto-99DE6D4D-958F-9B48-E5C6-E70FD65E1791 [172.18.0.9:57118] disconnected: connection closed by client.
mqtt-broker-1          | 1779405435: Client c118eb643964.bridge_to_remote [172.18.0.7:36630] disconnected: connection closed by client.
mqtt-broker-1          | 1779405435: Client auto-4DB40EE5-99B4-00C7-AC7E-AFB06F823356 [172.18.0.8:44748] disconnected: connection closed by client.
obu-merge-car-1        | 1779405435: Client obu-Merge_Car-1 closed its connection.
mqtt-broker-1          | 1779405435: Client d527de4a2f7d.bridge_to_remote [172.18.0.13:52408] disconnected: connection closed by client.
mqtt-broker-1          | 1779405435: Client 71c4612c7f75.bridge_to_remote [172.18.0.12:51272] disconnected: connection closed by client.
mqtt-broker-1          | 1779405435: Client ed54cb20e518.bridge_to_remote [172.18.0.15:43002] disconnected: connection closed by client.
obu-main-back-left-1   | 1779405435: Client obu-Main_Back_Left-1 closed its connection.
obu-ramp-merge-4-1     | 1779405435: Client obu-Ramp_Merge_4-1 closed its connection.
mqtt-broker-1          | 1779405435: Client 7e4eb8bda1e0.bridge_to_remote [172.18.0.4:44728] disconnected: connection closed by client.
mqtt-broker-1          | 1779405435: Client 5c37adc5b990.bridge_to_remote [172.18.0.11:38476] disconnected: connection closed by client.
mqtt-broker-1          | 1779405435: Client auto-050F19C9-271B-494F-81C2-4C51279B89AB [172.18.0.5:57108] disconnected: connection closed by client.
mqtt-broker-1          | 1779405435: Client 9ab9798a4d22.bridge_to_remote [172.18.0.6:56744] disconnected: connection closed by client.
mqtt-broker-1          | 1779405435: Client auto-8AADE2F6-CBB1-9C10-D602-DCD235002879 [172.18.0.14:55460] disconnected: connection closed by client.
mqtt-broker-1          | 1779405435: Client auto-1CD18801-79FB-1DDA-FFE2-36E2AD4A200B [172.18.0.10:59970] disconnected: connection closed by client.
mqtt-broker-1          | 1779405435: Client auto-79AD7CBD-28AE-B705-62F1-5F185642B054 [172.18.0.12:51286] disconnected: connection closed by client.
mqtt-broker-1          | 1779405435: Client auto-5666F6E3-CE5C-225B-F864-40CE3D7D802C [172.18.0.7:36644] disconnected: connection closed by client.
mqtt-broker-1          | 1779405435: Client auto-13A90317-6FAB-DA2F-387F-5D83E57232A0 [172.18.0.15:43018] disconnected: connection closed by client.
mqtt-broker-1          | 1779405435: Client auto-42BB459A-9BEB-87F9-FBC1-1F9CB2E4F8B4 [172.18.0.13:52418] disconnected: connection closed by client.
mqtt-broker-1          | 1779405435: Client auto-17F42FE3-F8B7-C97A-96EE-D3CF5A9417C7 [172.18.0.4:44736] disconnected: connection closed by client.
mqtt-broker-1          | 1779405435: Client auto-3652C188-9FAD-5E55-CBCD-D3A43638A985 [172.18.0.6:56750] disconnected: connection closed by client.
mqtt-broker-1          | 1779405435: Client auto-48FD5133-8528-9721-302D-DBADD9C23C61 [172.18.0.11:38482] disconnected: connection closed by client.
 Container rsa-obu-ramp-merge-4-1 Stopped 
[Kobu-ramp-merge-4-1 exited with code 137
 Container rsa-obu-ramp-merge-3-1 Stopped 
[Kobu-ramp-merge-3-1 exited with code 137
 Container rsa-obu-ramp-merge-2-1 Stopped 
[Kobu-ramp-merge-2-1 exited with code 137
 Container rsa-obu-main-front-left-1 Stopped 
[Kobu-main-front-left-1 exited with code 137
 Container rsa-obu-main-mid-right-1 Stopped 
[Kobu-main-mid-right-1 exited with code 137
 Container rsa-obu-merge-car-1 Stopped 
[Kobu-merge-car-1 exited with code 137
 Container rsa-obu-host-car-1 Stopped 
[Kobu-host-car-1 exited with code 137
 Container rsa-obu-ramp-back-1 Stopped 
[Kobu-ramp-back-1 exited with code 137
 Container rsa-obu-main-back-right-1 Stopped 
[Kobu-main-back-right-1 exited with code 137
 Container rsa-obu-lead-car-1 Stopped 
[Kobu-lead-car-1 exited with code 137
 Container rsa-obu-main-back-left-1 Stopped 
[Kobu-main-back-left-1 exited with code 137
 Container rsa-obu-ramp-merge-5-1 Stopped 
 Container rsa-mqtt-broker-1 Stopping 
[Kobu-ramp-merge-5-1 exited with code 137
mqtt-broker-1          | 1779405437: mosquitto version 2.1.2 terminating
 Container rsa-mqtt-broker-1 Stopped 
[Kmqtt-broker-1 exited with code 0
