 Image rsa-obu:latest Building 
 Image rsa-obu:latest Building 
 Image rsa-obu:latest Building 
 Image rsa-obu:latest Building 
 Image rsa-obu:latest Building 
 Image rsa-obu:latest Building 
 Image rsa-obu:latest Building 
 Image rsa-obu:latest Building 
 Image rsa-obu:latest Building 
 Image rsa-obu:latest Building 
 Image rsa-obu:latest Building 
 Image rsa-traci-bridge:latest Building 
 Image rsa-obu:latest Building 
#1 [internal] load local bake definitions
#1 reading from stdin 5.71kB done
#1 DONE 0.0s

#2 [obu-ramp-merge-2 internal] load build definition from Dockerfile
#2 transferring dockerfile: 499B done
#2 DONE 0.0s

#3 [traci-bridge internal] load build definition from Dockerfile
#3 transferring dockerfile: 997B done
#3 DONE 0.0s

#4 [obu-ramp-back internal] load metadata for ghcr.io/nap-it/vanetza-nap:latest
#4 DONE 0.0s

#5 [traci-bridge internal] load metadata for ghcr.io/eclipse-sumo/sumo:latest
#5 DONE 0.0s

#6 [obu-ramp-merge-3 internal] load .dockerignore
#6 transferring context: 2B done
#6 DONE 0.0s

#7 [obu-main-mid-right 1/9] FROM ghcr.io/nap-it/vanetza-nap:latest
#7 DONE 0.0s

#8 [traci-bridge 1/6] FROM ghcr.io/eclipse-sumo/sumo:latest
#8 DONE 0.0s

#9 [obu-ramp-merge-2 internal] load build context
#9 transferring context: 681B done
#9 DONE 0.0s

#10 [traci-bridge internal] load build context
#10 transferring context: 148B done
#10 DONE 0.0s

#11 [traci-bridge 2/6] RUN apt-get update     && apt-get install -y --no-install-recommends         ca-certificates         curl         gnupg         python3         python3-pip     && curl -fsSL https://downloads.apache.org/arrow/KEYS         | gpg --dearmor -o /usr/share/keyrings/apache-arrow-apt-source.gpg     && echo "deb [signed-by=/usr/share/keyrings/apache-arrow-apt-source.gpg] https://apache.jfrog.io/artifactory/arrow/ubuntu jammy main"         > /etc/apt/sources.list.d/apache-arrow.list     && apt-get update     && apt-get install -y --no-install-recommends         libarrow2300         libparquet2300     && rm -rf /var/lib/apt/lists/*
#11 CACHED

#12 [traci-bridge 4/6] COPY sim/bridge/requirements.txt /app/requirements.txt
#12 CACHED

#13 [traci-bridge 3/6] WORKDIR /app
#13 CACHED

#14 [traci-bridge 5/6] RUN pip3 install --no-cache-dir -r /app/requirements.txt
#14 CACHED

#15 [traci-bridge 6/6] COPY sim/bridge/traci_bridge.py /app/traci_bridge.py
#15 CACHED

#16 [obu-main-mid-right 6/9] COPY obu/app /app
#16 CACHED

#17 [obu-main-mid-right 3/9] WORKDIR /app
#17 CACHED

#18 [obu-main-mid-right 7/9] COPY obu/entrypoint.sh /entrypoint-obu.sh
#18 CACHED

#19 [obu-main-mid-right 4/9] COPY obu/requirements.txt /app/requirements.txt
#19 CACHED

#20 [obu-main-mid-right 5/9] RUN pip3 install --no-cache-dir -r /app/requirements.txt
#20 CACHED

#21 [obu-main-mid-right 8/9] COPY obu/config/vanetza-obu.ini /config.ini
#21 CACHED

#22 [obu-main-mid-right 2/9] RUN apt-get update     && apt-get install -y --no-install-recommends python3 python3-pip     && rm -rf /var/lib/apt/lists/*
#22 CACHED

#23 [obu-main-front-left 9/9] RUN chmod +x /entrypoint-obu.sh
#23 CACHED

#24 [traci-bridge] exporting to image
#24 exporting layers done
#24 writing image sha256:09bbbc681925a8676dfbf46c2de0284b3238a2a1a3c8d59bd19068b541c32cf2 done
#24 naming to docker.io/library/rsa-traci-bridge:latest done
#24 DONE 0.0s

#25 [obu-ramp-merge-2] exporting to image
#25 exporting layers done
#25 writing image sha256:949b49161738f26b0e7db32842c4b6d7a00776b17bc8b13ce96d424b302175be done
#25 naming to docker.io/library/rsa-obu:latest done
#25 DONE 0.0s

#26 [obu-ramp-merge-4] exporting to image
#26 exporting layers done
#26 writing image sha256:303acf6f2da7ef4a89e8200b48dc8c2cd4612f0a332c605b135cb85ce30b520c done
#26 naming to docker.io/library/rsa-obu:latest 0.0s done
#26 DONE 0.0s

#27 [obu-main-back-right] exporting to image
#27 exporting layers done
#27 writing image sha256:18c1139384e91dd877b29f491f3ffcb35c89ff591688aad8f68af1d180ae7100 done
#27 naming to docker.io/library/rsa-obu:latest 0.0s done
#27 DONE 0.0s

#28 [obu-ramp-back] exporting to image
#28 exporting layers done
#28 writing image sha256:828b705e7d7aeee1bc4ed640212747d078d618ac391b8f3c9c15ded5709c77d1 done
#28 naming to docker.io/library/rsa-obu:latest 0.0s done
#28 DONE 0.0s

#29 [obu-main-mid-right] exporting to image
#29 exporting layers done
#29 writing image sha256:bfefa3a71b775ba5abf40761487820d9e6fc19df89b04d14b288552a98fa8c73 done
#29 naming to docker.io/library/rsa-obu:latest 0.0s done
#29 DONE 0.0s

#30 [obu-lead-car] exporting to image
#30 exporting layers done
#30 writing image sha256:c83dcecb621223e65d2eb4a688a60272b120a704c7396142db83e17e920ab716 done
#30 naming to docker.io/library/rsa-obu:latest 0.0s done
#30 DONE 0.0s

#31 [obu-main-back-left] exporting to image
#31 exporting layers done
#31 writing image sha256:00d09c099cb551215f0d7e58b2b5438de3a21f11c15f438eeeec7574878883bd done
#31 naming to docker.io/library/rsa-obu:latest 0.0s done
#31 DONE 0.0s

#32 [obu-ramp-merge-5] exporting to image
#32 exporting layers done
#32 writing image sha256:af66388ca9bc3e86bd37ded6319664067e2e518ab5737d315131543add6876af done
#32 naming to docker.io/library/rsa-obu:latest 0.0s done
#32 DONE 0.0s

#33 [obu-ramp-merge-3] exporting to image
#33 exporting layers done
#33 writing image sha256:892fbb09c533279b95aa4a1d446585ccae5ac14969621606dcfe1f33658bac5b 0.0s done
#33 naming to docker.io/library/rsa-obu:latest 0.0s done
#33 DONE 0.0s

#34 [obu-merge-car] exporting to image
#34 exporting layers done
#34 writing image sha256:0c8388c4299262922fbbbaa73c0c9fc5b792504fc9ad57fda51c72d084b0a739 0.0s done
#34 naming to docker.io/library/rsa-obu:latest 0.0s done
#34 DONE 0.0s

#35 [obu-host-car] exporting to image
#35 exporting layers done
#35 writing image sha256:000c297e42d37fd90409d747285c57403b3ab3750bf946a6230a9325cb467067 0.0s done
#35 naming to docker.io/library/rsa-obu:latest 0.0s done
#35 DONE 0.0s

#36 [obu-main-front-left] exporting to image
#36 exporting layers done
#36 writing image sha256:eddec8deacbe236c4256e31713fb9dbf15507840a39d9114914f19ae0faccf6e 0.0s done
#36 naming to docker.io/library/rsa-obu:latest 0.0s done
#36 DONE 0.0s

#37 [traci-bridge] resolving provenance for metadata file
#37 DONE 0.0s

#38 [obu-lead-car] resolving provenance for metadata file
#38 DONE 0.0s

#39 [obu-main-back-right] resolving provenance for metadata file
#39 DONE 0.0s

#40 [obu-main-back-left] resolving provenance for metadata file
#40 DONE 0.0s

#41 [obu-merge-car] resolving provenance for metadata file
#41 DONE 0.0s

#42 [obu-host-car] resolving provenance for metadata file
#42 DONE 0.0s

#43 [obu-main-mid-right] resolving provenance for metadata file
#43 DONE 0.0s

#44 [obu-ramp-merge-3] resolving provenance for metadata file
#44 DONE 0.0s

#45 [obu-ramp-merge-4] resolving provenance for metadata file
#45 DONE 0.0s

#46 [obu-ramp-merge-2] resolving provenance for metadata file
#46 DONE 0.0s

#47 [obu-main-front-left] resolving provenance for metadata file
#47 DONE 0.0s

#48 [obu-ramp-back] resolving provenance for metadata file
#48 DONE 0.0s

#49 [obu-ramp-merge-5] resolving provenance for metadata file
#49 DONE 0.0s
 Image rsa-obu:latest Built 
 Image rsa-obu:latest Built 
 Image rsa-obu:latest Built 
 Image rsa-obu:latest Built 
 Image rsa-obu:latest Built 
 Image rsa-obu:latest Built 
 Image rsa-obu:latest Built 
 Image rsa-traci-bridge:latest Built 
 Image rsa-obu:latest Built 
 Image rsa-obu:latest Built 
 Image rsa-obu:latest Built 
 Image rsa-obu:latest Built 
 Image rsa-obu:latest Built 
 Network rsa_v2x_net Creating 
 Network rsa_v2x_net Created 
 Container rsa-mqtt-broker-1 Creating 
 Container rsa-mqtt-broker-1 Created 
 Container rsa-obu-main-mid-right-1 Creating 
 Container rsa-traci-bridge-1 Creating 
 Container rsa-obu-ramp-merge-5-1 Creating 
 Container rsa-obu-host-car-1 Creating 
 Container rsa-obu-merge-car-1 Creating 
 Container rsa-obu-ramp-merge-3-1 Creating 
 Container rsa-obu-ramp-back-1 Creating 
 Container rsa-obu-lead-car-1 Creating 
 Container rsa-obu-main-front-left-1 Creating 
 Container rsa-obu-main-back-right-1 Creating 
 Container rsa-obu-main-back-left-1 Creating 
 Container rsa-obu-ramp-merge-4-1 Creating 
 Container rsa-obu-ramp-merge-2-1 Creating 
 Container rsa-obu-main-mid-right-1 Created 
 Container rsa-obu-merge-car-1 Created 
 Container rsa-obu-ramp-back-1 Created 
 Container rsa-obu-main-back-right-1 Created 
 Container rsa-obu-ramp-merge-4-1 Created 
 Container rsa-obu-main-front-left-1 Created 
 Container rsa-obu-host-car-1 Created 
 Container rsa-obu-ramp-merge-2-1 Created 
 Container rsa-obu-ramp-merge-5-1 Created 
 Container rsa-traci-bridge-1 Created 
 Container rsa-obu-lead-car-1 Created 
 Container rsa-obu-main-back-left-1 Created 
 Container rsa-obu-ramp-merge-3-1 Created 
Attaching to mqtt-broker-1, obu-host-car-1, obu-lead-car-1, obu-main-back-left-1, obu-main-back-right-1, obu-main-front-left-1, obu-main-mid-right-1, obu-merge-car-1, obu-ramp-back-1, obu-ramp-merge-2-1, obu-ramp-merge-3-1, obu-ramp-merge-4-1, obu-ramp-merge-5-1, traci-bridge-1
 Container rsa-mqtt-broker-1 Starting 
 Container rsa-mqtt-broker-1 Started 
 Container rsa-obu-ramp-merge-2-1 Starting 
 Container rsa-obu-merge-car-1 Starting 
 Container rsa-obu-ramp-merge-3-1 Starting 
 Container rsa-obu-main-back-right-1 Starting 
 Container rsa-obu-ramp-back-1 Starting 
 Container rsa-obu-lead-car-1 Starting 
 Container rsa-obu-host-car-1 Starting 
 Container rsa-obu-ramp-merge-5-1 Starting 
 Container rsa-obu-main-back-left-1 Starting 
 Container rsa-obu-main-mid-right-1 Starting 
 Container rsa-obu-main-front-left-1 Starting 
 Container rsa-traci-bridge-1 Starting 
 Container rsa-obu-ramp-merge-4-1 Starting 
mqtt-broker-1  | 1779121501: Info: running mosquitto as user: mosquitto.
mqtt-broker-1  | 1779121501: mosquitto version 2.1.2 starting
mqtt-broker-1  | 1779121501: Config loaded from /mosquitto/config/mosquitto.conf.
mqtt-broker-1  | 1779121501: Bridge support available.
mqtt-broker-1  | 1779121501: Persistence support available.
mqtt-broker-1  | 1779121501: TLS support available.
mqtt-broker-1  | 1779121501: TLS-PSK support available.
mqtt-broker-1  | 1779121501: Websockets support available.
mqtt-broker-1  | 1779121501: Opening ipv4 listen socket on port 1883.
mqtt-broker-1  | 1779121501: mosquitto version 2.1.2 running
obu-merge-car-1  | No global board config file found. Skipping config update process
 Container rsa-obu-merge-car-1 Started 
obu-ramp-back-1  | No global board config file found. Skipping config update process
 Container rsa-obu-ramp-back-1 Started 
obu-main-mid-right-1  | No global board config file found. Skipping config update process
 Container rsa-obu-main-mid-right-1 Started 
obu-merge-car-1       | 1779121501: mosquitto version 2.0.11 starting
obu-merge-car-1       | 1779121501: Config loaded from /mosquitto.conf.
obu-merge-car-1       | 1779121501: Opening ipv4 listen socket on port 1883.
obu-merge-car-1       | 1779121501: Connecting bridge (step 1) bridge_to_remote (mqtt-broker:1883)
obu-merge-car-1       | 1779121501: mosquitto version 2.0.11 running
obu-ramp-merge-3-1    | No global board config file found. Skipping config update process
 Container rsa-obu-ramp-merge-3-1 Started 
obu-ramp-back-1       | 1779121501: mosquitto version 2.0.11 starting
obu-ramp-back-1       | 1779121501: Config loaded from /mosquitto.conf.
obu-ramp-back-1       | 1779121501: Opening ipv4 listen socket on port 1883.
obu-ramp-back-1       | 1779121501: Connecting bridge (step 1) bridge_to_remote (mqtt-broker:1883)
obu-ramp-back-1       | 1779121501: mosquitto version 2.0.11 running
obu-main-mid-right-1  | 1779121501: mosquitto version 2.0.11 starting
obu-main-mid-right-1  | 1779121501: Config loaded from /mosquitto.conf.
obu-main-mid-right-1  | 1779121501: Opening ipv4 listen socket on port 1883.
obu-main-mid-right-1  | 1779121501: Connecting bridge (step 1) bridge_to_remote (mqtt-broker:1883)
obu-main-mid-right-1  | 1779121501: mosquitto version 2.0.11 running
obu-lead-car-1        | No global board config file found. Skipping config update process
 Container rsa-obu-lead-car-1 Started 
obu-ramp-merge-3-1    | 1779121501: mosquitto version 2.0.11 starting
obu-ramp-merge-3-1    | 1779121501: Config loaded from /mosquitto.conf.
obu-ramp-merge-3-1    | 1779121501: Opening ipv4 listen socket on port 1883.
obu-ramp-merge-3-1    | 1779121501: Connecting bridge (step 1) bridge_to_remote (mqtt-broker:1883)
obu-ramp-merge-3-1    | 1779121501: mosquitto version 2.0.11 running
 Container rsa-traci-bridge-1 Started 
obu-lead-car-1        | 1779121501: mosquitto version 2.0.11 starting
obu-lead-car-1        | 1779121501: Config loaded from /mosquitto.conf.
obu-lead-car-1        | 1779121501: Opening ipv4 listen socket on port 1883.
obu-lead-car-1        | 1779121501: Connecting bridge (step 1) bridge_to_remote (mqtt-broker:1883)
obu-lead-car-1        | 1779121501: mosquitto version 2.0.11 running
obu-ramp-merge-2-1    | No global board config file found. Skipping config update process
 Container rsa-obu-ramp-merge-2-1 Started 
obu-merge-car-1       | 1779121501: Connecting bridge (step 2) bridge_to_remote (mqtt-broker:1883)
mqtt-broker-1         | 1779121501: New connection from 172.18.0.3:42296 on port 1883.
mqtt-broker-1         | 1779121501: New bridge connected from 172.18.0.3:42296 as 0ae0266a940b.bridge_to_remote (p4, c0, k60).
obu-main-back-right-1  | No global board config file found. Skipping config update process
 Container rsa-obu-main-back-right-1 Started 
obu-ramp-back-1        | 1779121501: Connecting bridge (step 2) bridge_to_remote (mqtt-broker:1883)
mqtt-broker-1          | 1779121501: New connection from 172.18.0.4:49716 on port 1883.
mqtt-broker-1          | 1779121501: New bridge connected from 172.18.0.4:49716 as 433b3a4d63d7.bridge_to_remote (p4, c0, k60).
obu-main-mid-right-1   | 1779121501: Connecting bridge (step 2) bridge_to_remote (mqtt-broker:1883)
mqtt-broker-1          | 1779121501: New connection from 172.18.0.5:57450 on port 1883.
mqtt-broker-1          | 1779121501: New bridge connected from 172.18.0.5:57450 as e605af1791e2.bridge_to_remote (p4, c0, k60).
obu-ramp-merge-2-1     | 1779121501: mosquitto version 2.0.11 starting
obu-ramp-merge-2-1     | 1779121501: Config loaded from /mosquitto.conf.
obu-ramp-merge-2-1     | 1779121501: Opening ipv4 listen socket on port 1883.
obu-ramp-merge-2-1     | 1779121501: Connecting bridge (step 1) bridge_to_remote (mqtt-broker:1883)
obu-ramp-merge-2-1     | 1779121501: mosquitto version 2.0.11 running
obu-main-back-left-1   | No global board config file found. Skipping config update process
 Container rsa-obu-main-back-left-1 Started 
obu-ramp-merge-3-1     | 1779121501: Connecting bridge (step 2) bridge_to_remote (mqtt-broker:1883)
mqtt-broker-1          | 1779121501: New connection from 172.18.0.6:44092 on port 1883.
mqtt-broker-1          | 1779121501: New bridge connected from 172.18.0.6:44092 as 158a24865f13.bridge_to_remote (p4, c0, k60).
obu-main-back-right-1  | 1779121501: mosquitto version 2.0.11 starting
obu-main-back-right-1  | 1779121501: Config loaded from /mosquitto.conf.
obu-main-back-right-1  | 1779121501: Opening ipv4 listen socket on port 1883.
obu-main-back-right-1  | 1779121501: Connecting bridge (step 1) bridge_to_remote (mqtt-broker:1883)
obu-main-back-right-1  | 1779121501: mosquitto version 2.0.11 running
obu-host-car-1         | No global board config file found. Skipping config update process
 Container rsa-obu-host-car-1 Started 
obu-lead-car-1         | 1779121501: Connecting bridge (step 2) bridge_to_remote (mqtt-broker:1883)
mqtt-broker-1          | 1779121501: New connection from 172.18.0.7:48984 on port 1883.
mqtt-broker-1          | 1779121501: New bridge connected from 172.18.0.7:48984 as 2c97a5a38a1b.bridge_to_remote (p4, c0, k60).
obu-main-back-left-1   | 1779121501: mosquitto version 2.0.11 starting
obu-main-back-left-1   | 1779121501: Config loaded from /mosquitto.conf.
obu-main-back-left-1   | 1779121501: Opening ipv4 listen socket on port 1883.
obu-main-back-left-1   | 1779121501: Connecting bridge (step 1) bridge_to_remote (mqtt-broker:1883)
obu-main-back-left-1   | 1779121501: mosquitto version 2.0.11 running
 Container rsa-obu-ramp-merge-5-1 Started 
obu-ramp-merge-5-1     | No global board config file found. Skipping config update process
obu-ramp-merge-2-1     | 1779121501: Connecting bridge (step 2) bridge_to_remote (mqtt-broker:1883)
mqtt-broker-1          | 1779121501: New connection from 172.18.0.9:45338 on port 1883.
mqtt-broker-1          | 1779121501: New bridge connected from 172.18.0.9:45338 as 18ebc49a02e6.bridge_to_remote (p4, c0, k60).
obu-host-car-1         | 1779121501: mosquitto version 2.0.11 starting
obu-host-car-1         | 1779121501: Config loaded from /mosquitto.conf.
obu-host-car-1         | 1779121501: Opening ipv4 listen socket on port 1883.
obu-host-car-1         | 1779121501: Connecting bridge (step 1) bridge_to_remote (mqtt-broker:1883)
obu-host-car-1         | 1779121501: mosquitto version 2.0.11 running
obu-main-back-right-1  | 1779121501: Connecting bridge (step 2) bridge_to_remote (mqtt-broker:1883)
mqtt-broker-1          | 1779121501: New connection from 172.18.0.10:37292 on port 1883.
mqtt-broker-1          | 1779121501: New bridge connected from 172.18.0.10:37292 as 51d87937785d.bridge_to_remote (p4, c0, k60).
obu-main-front-left-1  | No global board config file found. Skipping config update process
 Container rsa-obu-main-front-left-1 Started 
mqtt-broker-1          | 1779121502: New connection from 172.18.0.8:44399 on port 1883.
mqtt-broker-1          | 1779121502: New client connected from 172.18.0.8:44399 as traci-bridge (p4, c1, k60).
obu-ramp-merge-5-1     | 1779121502: mosquitto version 2.0.11 starting
obu-ramp-merge-5-1     | 1779121502: Config loaded from /mosquitto.conf.
obu-ramp-merge-5-1     | 1779121502: Opening ipv4 listen socket on port 1883.
obu-ramp-merge-5-1     | 1779121502: Connecting bridge (step 1) bridge_to_remote (mqtt-broker:1883)
obu-ramp-merge-5-1     | 1779121502: mosquitto version 2.0.11 running
obu-main-front-left-1  | 1779121502: mosquitto version 2.0.11 starting
obu-main-front-left-1  | 1779121502: Config loaded from /mosquitto.conf.
obu-main-front-left-1  | 1779121502: Opening ipv4 listen socket on port 1883.
obu-main-front-left-1  | 1779121502: Connecting bridge (step 1) bridge_to_remote (mqtt-broker:1883)
obu-main-front-left-1  | 1779121502: mosquitto version 2.0.11 running
obu-ramp-merge-4-1     | No global board config file found. Skipping config update process
 Container rsa-obu-ramp-merge-4-1 Started 
obu-ramp-merge-4-1     | 1779121502: mosquitto version 2.0.11 starting
obu-ramp-merge-4-1     | 1779121502: Config loaded from /mosquitto.conf.
obu-ramp-merge-4-1     | 1779121502: Opening ipv4 listen socket on port 1883.
obu-ramp-merge-4-1     | 1779121502: Connecting bridge (step 1) bridge_to_remote (mqtt-broker:1883)
obu-ramp-merge-4-1     | 1779121502: mosquitto version 2.0.11 running
obu-main-back-left-1   | 1779121502: Connecting bridge (step 2) bridge_to_remote (mqtt-broker:1883)
mqtt-broker-1          | 1779121502: New connection from 172.18.0.11:41520 on port 1883.
mqtt-broker-1          | 1779121502: New bridge connected from 172.18.0.11:41520 as 104161046b62.bridge_to_remote (p4, c0, k60).
obu-host-car-1         | 1779121502: Connecting bridge (step 2) bridge_to_remote (mqtt-broker:1883)
mqtt-broker-1          | 1779121502: New connection from 172.18.0.12:59660 on port 1883.
mqtt-broker-1          | 1779121502: New bridge connected from 172.18.0.12:59660 as b867748f8a36.bridge_to_remote (p4, c0, k60).
obu-ramp-merge-5-1     | 1779121502: Connecting bridge (step 2) bridge_to_remote (mqtt-broker:1883)
mqtt-broker-1          | 1779121502: New connection from 172.18.0.13:45718 on port 1883.
mqtt-broker-1          | 1779121502: New bridge connected from 172.18.0.13:45718 as 4dfcf26eede1.bridge_to_remote (p4, c0, k60).
obu-main-front-left-1  | 1779121502: Connecting bridge (step 2) bridge_to_remote (mqtt-broker:1883)
mqtt-broker-1          | 1779121502: New connection from 172.18.0.14:35982 on port 1883.
mqtt-broker-1          | 1779121502: New bridge connected from 172.18.0.14:35982 as e3c992347572.bridge_to_remote (p4, c0, k60).
obu-ramp-merge-4-1     | 1779121502: Connecting bridge (step 2) bridge_to_remote (mqtt-broker:1883)
mqtt-broker-1          | 1779121502: New connection from 172.18.0.15:44206 on port 1883.
mqtt-broker-1          | 1779121502: New bridge connected from 172.18.0.15:44206 as bafab88d11e9.bridge_to_remote (p4, c0, k60).
obu-merge-car-1        | Using MAC address: 6e:06:e0:03:00:17.
obu-ramp-back-1        | Using MAC address: 6e:06:e0:03:00:1c.
obu-main-mid-right-1   | Using MAC address: 6e:06:e0:03:00:13.
obu-merge-car-1        | 1779121502: New connection from 127.0.0.1:34350 on port 1883.
obu-merge-car-1        | 1779121502: New client connected from 127.0.0.1:34350 as 0ae0266a940b_67 (p2, c1, k60).
obu-merge-car-1        | mqtt.cpp: connected with server
mqtt-broker-1          | 1779121502: New connection from 172.18.0.3:42306 on port 1883.
mqtt-broker-1          | 1779121502: New client connected from 172.18.0.3:42306 as auto-C0263D6E-0C8C-7F4B-1A8C-9CA2AFAFDDD5 (p4, c1, k60, u'""').
obu-merge-car-1        | mqtt.cpp: connected with server
obu-ramp-merge-3-1     | Using MAC address: 6e:06:e0:03:00:19.
obu-merge-car-1        | 1779121502: New connection from 127.0.0.1:44309 on port 1883.
obu-merge-car-1        | 1779121502: New client connected from 127.0.0.1:44309 as obu-Merge_Car-1 (p2, c1, k60).
obu-main-mid-right-1   | 1779121502: New connection from 127.0.0.1:34360 on port 1883.
obu-main-mid-right-1   | 1779121502: New client connected from 127.0.0.1:34360 as e605af1791e2_870 (p2, c1, k60).
obu-main-mid-right-1   | mqtt.cpp: connected with server
mqtt-broker-1          | 1779121502: New connection from 172.18.0.5:57456 on port 1883.
mqtt-broker-1          | 1779121502: New client connected from 172.18.0.5:57456 as auto-C96FEDA8-A483-6643-F3A6-860ED0C726E8 (p4, c1, k60, u'""').
obu-main-mid-right-1   | mqtt.cpp: connected with server
obu-ramp-back-1        | 1779121502: New connection from 127.0.0.1:34362 on port 1883.
obu-ramp-back-1        | 1779121502: New client connected from 127.0.0.1:34362 as 433b3a4d63d7_937 (p2, c1, k60).
obu-ramp-back-1        | mqtt.cpp: connected with server
mqtt-broker-1          | 1779121502: New connection from 172.18.0.4:49732 on port 1883.
mqtt-broker-1          | 1779121502: New client connected from 172.18.0.4:49732 as auto-1FA2D8C2-B01C-0006-0FFD-D85FCE174FBA (p4, c1, k60, u'""').
obu-ramp-back-1        | mqtt.cpp: connected with server
obu-ramp-merge-3-1     | 1779121502: New connection from 127.0.0.1:34370 on port 1883.
obu-ramp-merge-3-1     | 1779121502: New client connected from 127.0.0.1:34370 as 158a24865f13_559 (p2, c1, k60).
obu-ramp-merge-3-1     | mqtt.cpp: connected with server
mqtt-broker-1          | 1779121502: New connection from 172.18.0.6:44096 on port 1883.
mqtt-broker-1          | 1779121502: New client connected from 172.18.0.6:44096 as auto-230AC95E-2CCE-140A-BBC7-98BDB190210A (p4, c1, k60, u'""').
obu-ramp-merge-3-1     | mqtt.cpp: connected with server
obu-ramp-back-1        | 1779121502: New connection from 127.0.0.1:59715 on port 1883.
obu-ramp-back-1        | 1779121502: New client connected from 127.0.0.1:59715 as obu-Ramp_Back-1 (p2, c1, k60).
obu-main-mid-right-1   | 1779121502: New connection from 127.0.0.1:41457 on port 1883.
obu-main-mid-right-1   | 1779121502: New client connected from 127.0.0.1:41457 as obu-Main_Mid_Right-1 (p2, c1, k60).
obu-ramp-merge-3-1     | 1779121502: New connection from 127.0.0.1:49585 on port 1883.
obu-ramp-merge-3-1     | 1779121502: New client connected from 127.0.0.1:49585 as obu-Ramp_Merge_3-1 (p2, c1, k60).
obu-lead-car-1         | Using MAC address: 6e:06:e0:03:00:11.
obu-lead-car-1         | 1779121502: New connection from 127.0.0.1:34378 on port 1883.
obu-lead-car-1         | 1779121502: New client connected from 127.0.0.1:34378 as 2c97a5a38a1b_681 (p2, c1, k60).
obu-lead-car-1         | mqtt.cpp: connected with server
mqtt-broker-1          | 1779121502: New connection from 172.18.0.7:48990 on port 1883.
mqtt-broker-1          | 1779121502: New client connected from 172.18.0.7:48990 as auto-CB5CA024-F63D-BD35-A762-179253B5F788 (p4, c1, k60, u'""').
obu-lead-car-1         | mqtt.cpp: connected with server
obu-lead-car-1         | 1779121502: New connection from 127.0.0.1:39341 on port 1883.
obu-lead-car-1         | 1779121502: New client connected from 127.0.0.1:39341 as obu-Lead_Car-1 (p2, c1, k60).
obu-ramp-merge-2-1     | Using MAC address: 6e:06:e0:03:00:18.
obu-ramp-merge-2-1     | 1779121502: New connection from 127.0.0.1:34380 on port 1883.
obu-ramp-merge-2-1     | 1779121502: New client connected from 127.0.0.1:34380 as 18ebc49a02e6_814 (p2, c1, k60).
obu-ramp-merge-2-1     | mqtt.cpp: connected with server
mqtt-broker-1          | 1779121502: New connection from 172.18.0.9:45342 on port 1883.
mqtt-broker-1          | 1779121502: New client connected from 172.18.0.9:45342 as auto-F472648F-EEDA-34F5-44EE-DD3C57A6D025 (p4, c1, k60, u'""').
obu-ramp-merge-2-1     | mqtt.cpp: connected with server
obu-main-back-right-1  | Using MAC address: 6e:06:e0:03:00:16.
obu-ramp-merge-2-1     | 1779121502: New connection from 127.0.0.1:38949 on port 1883.
obu-ramp-merge-2-1     | 1779121502: New client connected from 127.0.0.1:38949 as obu-Ramp_Merge_2-1 (p2, c1, k60).
obu-main-back-right-1  | 1779121502: New connection from 127.0.0.1:34392 on port 1883.
obu-main-back-right-1  | 1779121502: New client connected from 127.0.0.1:34392 as 51d87937785d_887 (p2, c1, k60).
obu-main-back-right-1  | mqtt.cpp: connected with server
mqtt-broker-1          | 1779121502: New connection from 172.18.0.10:37296 on port 1883.
mqtt-broker-1          | 1779121502: New client connected from 172.18.0.10:37296 as auto-579A9D77-12FD-EB01-23E8-CF244DF68A6F (p4, c1, k60, u'""').
obu-main-back-right-1  | mqtt.cpp: connected with server
obu-main-back-right-1  | 1779121502: New connection from 127.0.0.1:59647 on port 1883.
obu-main-back-right-1  | 1779121502: New client connected from 127.0.0.1:59647 as obu-Main_Back_Right-1 (p2, c1, k60).
obu-main-back-left-1   | Using MAC address: 6e:06:e0:03:00:15.
obu-main-back-left-1   | 1779121502: New connection from 127.0.0.1:34396 on port 1883.
obu-main-back-left-1   | 1779121502: New client connected from 127.0.0.1:34396 as 104161046b62_430 (p2, c1, k60).
obu-main-back-left-1   | mqtt.cpp: connected with server
mqtt-broker-1          | 1779121502: New connection from 172.18.0.11:41526 on port 1883.
mqtt-broker-1          | 1779121502: New client connected from 172.18.0.11:41526 as auto-C9C8CA70-98CF-CA08-AF31-0E20B8BF66F9 (p4, c1, k60, u'""').
obu-main-back-left-1   | mqtt.cpp: connected with server
obu-main-back-left-1   | 1779121502: New connection from 127.0.0.1:41259 on port 1883.
obu-main-back-left-1   | 1779121502: New client connected from 127.0.0.1:41259 as obu-Main_Back_Left-1 (p2, c1, k60).
obu-host-car-1         | Using MAC address: 6e:06:e0:03:00:14.
obu-host-car-1         | 1779121503: New connection from 127.0.0.1:34402 on port 1883.
obu-host-car-1         | 1779121503: New client connected from 127.0.0.1:34402 as b867748f8a36_180 (p2, c1, k60).
obu-host-car-1         | mqtt.cpp: connected with server
mqtt-broker-1          | 1779121503: New connection from 172.18.0.12:59666 on port 1883.
mqtt-broker-1          | 1779121503: New client connected from 172.18.0.12:59666 as auto-85C24D25-2CCF-6324-12E2-4AFA75658F57 (p4, c1, k60, u'""').
obu-host-car-1         | mqtt.cpp: connected with server
obu-ramp-merge-5-1     | Using MAC address: 6e:06:e0:03:00:1b.
obu-main-front-left-1  | Using MAC address: 6e:06:e0:03:00:12.
obu-host-car-1         | 1779121503: New connection from 127.0.0.1:39269 on port 1883.
obu-host-car-1         | 1779121503: New client connected from 127.0.0.1:39269 as obu-Host_Car-1 (p2, c1, k60).
obu-ramp-merge-4-1     | Using MAC address: 6e:06:e0:03:00:1a.
obu-ramp-merge-5-1     | 1779121503: New connection from 127.0.0.1:34412 on port 1883.
obu-ramp-merge-5-1     | 1779121503: New client connected from 127.0.0.1:34412 as 4dfcf26eede1_296 (p2, c1, k60).
obu-ramp-merge-5-1     | mqtt.cpp: connected with server
mqtt-broker-1          | 1779121503: New connection from 172.18.0.13:45720 on port 1883.
mqtt-broker-1          | 1779121503: New client connected from 172.18.0.13:45720 as auto-CE982766-E36A-B873-E5E8-201BB233E747 (p4, c1, k60, u'""').
obu-ramp-merge-5-1     | mqtt.cpp: connected with server
obu-main-front-left-1  | 1779121503: New connection from 127.0.0.1:34424 on port 1883.
obu-main-front-left-1  | 1779121503: New client connected from 127.0.0.1:34424 as e3c992347572_632 (p2, c1, k60).
obu-main-front-left-1  | mqtt.cpp: connected with server
mqtt-broker-1          | 1779121503: New connection from 172.18.0.14:35986 on port 1883.
mqtt-broker-1          | 1779121503: New client connected from 172.18.0.14:35986 as auto-5715767B-6107-FF9F-FCD4-37E761C3B4C4 (p4, c1, k60, u'""').
obu-main-front-left-1  | mqtt.cpp: connected with server
obu-main-front-left-1  | 1779121503: New connection from 127.0.0.1:54819 on port 1883.
obu-main-front-left-1  | 1779121503: New client connected from 127.0.0.1:54819 as obu-Main_Front_Left-1 (p2, c1, k60).
obu-ramp-merge-4-1     | 1779121503: New connection from 127.0.0.1:34430 on port 1883.
obu-ramp-merge-4-1     | 1779121503: New client connected from 127.0.0.1:34430 as bafab88d11e9_488 (p2, c1, k60).
obu-ramp-merge-4-1     | mqtt.cpp: connected with server
obu-ramp-merge-5-1     | 1779121503: New connection from 127.0.0.1:40505 on port 1883.
obu-ramp-merge-5-1     | 1779121503: New client connected from 127.0.0.1:40505 as obu-Ramp_Merge_5-1 (p2, c1, k60).
mqtt-broker-1          | 1779121503: New connection from 172.18.0.15:44210 on port 1883.
mqtt-broker-1          | 1779121503: New client connected from 172.18.0.15:44210 as auto-8D72DE76-9C78-EA6F-196C-42129DC2253D (p4, c1, k60, u'""').
obu-ramp-merge-4-1     | mqtt.cpp: connected with server
obu-ramp-merge-4-1     | 1779121503: New connection from 127.0.0.1:58547 on port 1883.
obu-ramp-merge-4-1     | 1779121503: New client connected from 127.0.0.1:58547 as obu-Ramp_Merge_4-1 (p2, c1, k60).
obu-merge-car-1        | Zenoh session established locally
obu-ramp-back-1        | Zenoh session established locally
obu-main-mid-right-1   | Zenoh session established locally
obu-ramp-merge-3-1     | Zenoh session established locally
obu-lead-car-1         | Zenoh session established locally
obu-ramp-merge-2-1     | Zenoh session established locally
obu-main-back-right-1  | Zenoh session established locally
obu-main-back-left-1   | Zenoh session established locally
obu-merge-car-1        | MERGE_ATTEMPT_TIMELINE: vehicle=Merge_Car manoeuvre=3 host=106 lead=101 event=REQUEST_SENT t=0.3 edge=34126779 lane=0 lane_cmd_state=NONE speed=9.42 target=6.75 dtm=90.3 lead_gap=49.08 host_gap=143.36 lead_gap_t1=48.38 lead_gap_t2=47.68 lead_gap_t3=46.98 host_gap_t1=141.94 host_gap_t2=140.52 host_gap_t3=139.10
obu-merge-car-1        | [0.3] Merge_Car MCM_TX_REQUEST: manoeuvre=3 target=106
obu-merge-car-1        | [0.3] Merge_Car MERGE_DECISION: auth=False phys=False fgok=True lgok=True hgok=True cok=True esok=True cready=False dtm=90.3 past=False committed=False hid=106 ra=None lclear=True hyok=True
obu-merge-car-1        | [0.4] Merge_Car MERGE_DECISION: auth=False phys=False fgok=True lgok=True hgok=True cok=True esok=True cready=False dtm=89.8 past=False committed=False hid=106 ra=None lclear=True hyok=True
obu-host-car-1         | Zenoh session established locally
obu-main-back-right-1  | [1.1] Main_Back_Right MCM_RX_REQUEST: from=107 manoeuvre=3 target=106
obu-ramp-back-1        | [1.1] Ramp_Back role=merge state=CRUISE->CRUISE speed=8.00 target=6.75 neighbors=2
obu-host-car-1         | [1.1] Host_Car role=host state=CRUISE->CRUISE speed=8.27 target=7.50 neighbors=7
obu-main-back-left-1   | [1.1] Main_Back_Left role=host state=CRUISE->CRUISE speed=8.53 target=7.50 neighbors=6
obu-ramp-merge-3-1     | [1.1] Ramp_Merge_3 role=merge state=YIELDING->YIELDING speed=8.49 target=8.24 neighbors=6
obu-merge-car-1        | [1.1] Merge_Car MCM_TX_REQUEST: manoeuvre=3 target=106
obu-merge-car-1        | [1.1] Merge_Car MERGE_DECISION: auth=False phys=False fgok=True lgok=True hgok=True cok=True esok=True cready=False dtm=86.0 past=False committed=False hid=106 ra=None lclear=True hyok=True
obu-merge-car-1        | [1.1] Merge_Car role=merge state=NEGOTIATING->NEGOTIATING speed=9.71 target=9.46 neighbors=6
obu-main-mid-right-1   | [1.1] Main_Mid_Right role=lead state=CRUISE->CRUISE speed=8.95 target=8.95 neighbors=6
obu-main-back-right-1  | HOST_RESERVATION_START: host=Main_Back_Right ramp=107 manoeuvre=3 until=5.1 own_speed=8.07 target_speed=8.07 required_speed=8.07 gap_eta=13.00
obu-main-back-right-1  | [1.1] Main_Back_Right HOST_RESERVED: merge=107 manoeuvre=3 until=5.1 target_spd=8.07
obu-main-back-right-1  | [1.1] Main_Back_Right MCM_TX_ACCEPT: manoeuvre=3 target=107
obu-main-back-right-1  | [1.1] Main_Back_Right role=host state=CRUISE->CRUISE speed=8.07 target=7.50 neighbors=6
obu-lead-car-1         | [1.1] Lead_Car role=lead state=CRUISE->CRUISE speed=8.64 target=8.64 neighbors=6
obu-ramp-merge-2-1     | [1.1] Ramp_Merge_2 role=merge state=CRUISE->CRUISE speed=8.18 target=6.75 neighbors=4
obu-ramp-merge-5-1     | Zenoh session established locally
obu-main-front-left-1  | Zenoh session established locally
obu-main-front-left-1  | [1.4] Main_Front_Left role=host state=CRUISE->CRUISE speed=8.34 target=7.50 neighbors=0
obu-ramp-merge-5-1     | [1.3] Ramp_Merge_5 role=merge state=CRUISE->CRUISE speed=7.92 target=6.75 neighbors=0
obu-ramp-merge-4-1     | Zenoh session established locally
obu-ramp-merge-4-1     | [1.6] Ramp_Merge_4 role=merge state=CRUISE->CRUISE speed=7.92 target=6.75 neighbors=0
obu-main-back-right-1  | [1.9] Main_Back_Right MCM_RX_REQUEST: from=107 manoeuvre=3 target=106
obu-merge-car-1        | [1.9] Merge_Car MCM_RX_ACCEPT: from=106 manoeuvre=3 target=107
obu-merge-car-1        | [1.9] Merge_Car MCM_TX_REQUEST: manoeuvre=3 target=106
obu-merge-car-1        | MERGE_ATTEMPT_TIMELINE: vehicle=Merge_Car manoeuvre=3 host=106 lead=101 event=ACCEPT_MATCHED t=1.9 edge=34126779 lane=0 lane_cmd_state=NONE speed=9.62 target=6.75 dtm=81.0 lead_gap=49.97 host_gap=84.25 lead_gap_t1=48.99 lead_gap_t2=48.01 lead_gap_t3=47.03 host_gap_t1=82.63 host_gap_t2=81.01 host_gap_t3=79.39
obu-merge-car-1        | [1.9] Merge_Car MCM_ACCEPT_MATCHED: host=106 manoeuvre=3
obu-merge-car-1        | MERGE_ATTEMPT_TIMELINE: vehicle=Merge_Car manoeuvre=3 host=106 lead=101 event=AUTHORIZED t=1.9 edge=34126779 lane=0 lane_cmd_state=NONE speed=9.62 target=6.38 dtm=81.0 lead_gap=49.97 host_gap=84.25 lead_gap_t1=48.99 lead_gap_t2=48.01 lead_gap_t3=47.03 host_gap_t1=82.63 host_gap_t2=81.01 host_gap_t3=79.39
obu-merge-car-1        | [1.9] Merge_Car MERGE_AUTHORIZED_BY_MCM: host=106 manoeuvre=3
obu-merge-car-1        | [1.9] Merge_Car MERGE_DECISION: auth=True phys=False fgok=True lgok=True hgok=True cok=True esok=True cready=False dtm=81.0 past=False committed=False hid=106 ra=2 lclear=True hyok=True
obu-merge-car-1        | [1.9] Merge_Car MERGE_PREPARE_WAIT_PHYSICAL: dtm=81.0
obu-main-back-right-1  | HOST_RESERVATION_HOLD: host=Main_Back_Right ramp=107 manoeuvre=3 remaining=3.2 own_speed=7.88 target_speed=8.07 ramp_fsm=NEGOTIATING ramp_lane_cmd_state=NONE ramp_edge=34126779 ramp_lane=0 ramp_merge_completed=False ramp_merge_committed=False
obu-main-back-right-1  | [1.9] Main_Back_Right HOST_HOLD_YIELD: for merge=107 spd=8.07
obu-main-back-right-1  | [1.9] Main_Back_Right MCM_TX_ACCEPT: manoeuvre=3 target=107
obu-ramp-back-1        | [1.9] Ramp_Back CAR_FOLLOW: sid=111 edge=34126779 lane=0 leader_edge= leader_lane=None leader_role_hint=ramp self_merge_completed=False self_merge_completed_age=-1.0 self_merge_committed=False lane_cmd_state=None lane_cmd_edge=None lane_cmd_target=None lane_cmd_executable=None same_lane=True reason=same_lane_cam gap=11.4 follow_spd=5.44 emergency=False target_before=6.637816409818111 target_after=6.637816409818111
obu-merge-car-1        | [2.0] Merge_Car MERGE_DECISION: auth=True phys=False fgok=True lgok=True hgok=True cok=True esok=True cready=False dtm=80.4 past=False committed=False hid=106 ra=2 lclear=True hyok=True
obu-merge-car-1        | [2.0] Merge_Car MERGE_PREPARE_WAIT_PHYSICAL: dtm=80.4
obu-main-mid-right-1   | [2.1] Main_Mid_Right role=lead state=CRUISE->CRUISE speed=8.95 target=8.95 neighbors=11
obu-main-back-right-1  | HOST_RESERVATION_HOLD: host=Main_Back_Right ramp=107 manoeuvre=3 remaining=3.0 own_speed=7.84 target_speed=8.07 ramp_fsm=NEGOTIATING ramp_lane_cmd_state=NONE ramp_edge=34126779 ramp_lane=0 ramp_merge_completed=False ramp_merge_committed=False
obu-main-back-right-1  | [2.1] Main_Back_Right HOST_HOLD_YIELD: for merge=107 spd=8.07
obu-main-back-right-1  | [2.1] Main_Back_Right role=host state=YIELDING->YIELDING speed=7.84 target=8.07 neighbors=11
obu-lead-car-1         | [2.1] Lead_Car role=lead state=CRUISE->CRUISE speed=8.64 target=8.64 neighbors=11
obu-ramp-merge-2-1     | [2.1] Ramp_Merge_2 role=merge state=CRUISE->CRUISE speed=7.60 target=6.75 neighbors=11
obu-ramp-back-1        | [2.1] Ramp_Back CAR_FOLLOW: sid=111 edge=34126779 lane=0 leader_edge= leader_lane=None leader_role_hint=ramp self_merge_completed=False self_merge_completed_age=-1.0 self_merge_committed=False lane_cmd_state=None lane_cmd_edge=None lane_cmd_target=None lane_cmd_executable=None same_lane=True reason=same_lane_cam gap=10.0 follow_spd=3.72 emergency=False target_before=6.624379309860845 target_after=6.624379309860845
obu-ramp-back-1        | [2.1] Ramp_Back role=merge state=YIELDING->YIELDING speed=6.87 target=6.62 neighbors=11
obu-host-car-1         | [2.2] Host_Car role=host state=CRUISE->CRUISE speed=7.94 target=7.50 neighbors=11
obu-ramp-merge-3-1     | [2.2] Ramp_Merge_3 role=merge state=CRUISE->CRUISE speed=8.32 target=6.75 neighbors=11
obu-merge-car-1        | [2.2] Merge_Car MERGE_DECISION: auth=True phys=False fgok=True lgok=True hgok=True cok=True esok=True cready=False dtm=79.1 past=False committed=False hid=106 ra=2 lclear=True hyok=True
obu-merge-car-1        | [2.2] Merge_Car MERGE_PREPARE_WAIT_PHYSICAL: dtm=79.1
obu-merge-car-1        | [2.2] Merge_Car role=merge state=NEGOTIATING->NEGOTIATING speed=9.60 target=6.38 neighbors=11
obu-main-back-right-1  | HOST_RESERVATION_HOLD: host=Main_Back_Right ramp=107 manoeuvre=3 remaining=2.8 own_speed=7.84 target_speed=8.07 ramp_fsm=NEGOTIATING ramp_lane_cmd_state=NONE ramp_edge=34126779 ramp_lane=0 ramp_merge_completed=False ramp_merge_committed=False
obu-main-back-right-1  | [2.3] Main_Back_Right HOST_HOLD_YIELD: for merge=107 spd=8.07
obu-main-back-right-1  | [2.3] Main_Back_Right MCM_TX_ACCEPT: manoeuvre=3 target=107
obu-ramp-back-1        | [2.3] Ramp_Back CAR_FOLLOW: sid=111 edge=34126779 lane=0 leader_edge= leader_lane=None leader_role_hint=ramp self_merge_completed=False self_merge_completed_age=-1.0 self_merge_committed=False lane_cmd_state=None lane_cmd_edge=None lane_cmd_target=None lane_cmd_executable=None same_lane=True reason=same_lane_cam gap=8.6 follow_spd=2.62 emergency=False target_before=6.606643147640318 target_after=6.606643147640318
obu-merge-car-1        | [2.4] Merge_Car MERGE_DECISION: auth=True phys=False fgok=True lgok=True hgok=True cok=True esok=True cready=False dtm=77.8 past=False committed=False hid=106 ra=2 lclear=True hyok=True
obu-merge-car-1        | [2.4] Merge_Car MERGE_PREPARE_WAIT_PHYSICAL: dtm=77.8
obu-main-back-right-1  | HOST_RESERVATION_HOLD: host=Main_Back_Right ramp=107 manoeuvre=3 remaining=2.7 own_speed=7.85 target_speed=8.07 ramp_fsm=NEGOTIATING ramp_lane_cmd_state=NONE ramp_edge=34126779 ramp_lane=0 ramp_merge_completed=False ramp_merge_committed=False
obu-main-back-right-1  | [2.4] Main_Back_Right HOST_HOLD_YIELD: for merge=107 spd=8.07
obu-main-mid-right-1   | Enable application 'cam'...
obu-main-mid-right-1   | Enable application 'denm'...
obu-main-mid-right-1   | Enable application 'mcm'...
obu-main-mid-right-1   | [DEBUG] - Runtime queue corruption was detected and cleared
obu-ramp-back-1        | [2.5] Ramp_Back CAR_FOLLOW: sid=111 edge=34126779 lane=0 leader_edge= leader_lane=None leader_role_hint=ramp self_merge_completed=False self_merge_completed_age=-1.0 self_merge_committed=False lane_cmd_state=None lane_cmd_edge=None lane_cmd_target=None lane_cmd_executable=None same_lane=True reason=same_lane_cam gap=7.2 follow_spd=2.62 emergency=False target_before=6.584635685704789 target_after=6.584635685704789
obu-main-back-right-1  | [2.7] Main_Back_Right MCM_RX_REQUEST: from=107 manoeuvre=3 target=106
obu-merge-car-1        | [2.6] Merge_Car MERGE_DECISION: auth=True phys=False fgok=True lgok=True hgok=True cok=True esok=True cready=False dtm=76.5 past=False committed=False hid=106 ra=2 lclear=True hyok=True
obu-merge-car-1        | [2.6] Merge_Car MERGE_PREPARE_WAIT_PHYSICAL: dtm=76.5
obu-merge-car-1        | [2.7] Merge_Car MCM_RX_ACCEPT: from=106 manoeuvre=3 target=107
obu-merge-car-1        | [2.7] Merge_Car MCM_RX_ACCEPT: from=106 manoeuvre=3 target=107
obu-ramp-merge-4-1     | [2.7] Ramp_Merge_4 role=merge state=YIELDING->YIELDING speed=7.60 target=7.35 neighbors=11
obu-main-back-right-1  | HOST_RESERVATION_HOLD: host=Main_Back_Right ramp=107 manoeuvre=3 remaining=2.4 own_speed=7.88 target_speed=8.07 ramp_fsm=NEGOTIATING ramp_lane_cmd_state=NONE ramp_edge=34126779 ramp_lane=0 ramp_merge_completed=False ramp_merge_committed=False
obu-main-back-right-1  | [2.7] Main_Back_Right HOST_HOLD_YIELD: for merge=107 spd=8.07
obu-main-back-right-1  | [2.7] Main_Back_Right MCM_TX_ACCEPT: manoeuvre=3 target=107
obu-main-front-left-1  | [2.7] Main_Front_Left role=lead state=CRUISE->CRUISE speed=8.04 target=8.04 neighbors=11
obu-ramp-back-1        | [2.6] Ramp_Back CAR_FOLLOW: sid=111 edge=34126779 lane=0 leader_edge= leader_lane=None leader_role_hint=ramp self_merge_completed=False self_merge_completed_age=-1.0 self_merge_committed=False lane_cmd_state=None lane_cmd_edge=None lane_cmd_target=None lane_cmd_executable=None same_lane=True reason=same_lane_cam gap=9.6 follow_spd=3.28 emergency=False target_before=6.574122866912592 target_after=6.574122866912592
obu-main-back-left-1   | [2.7] Main_Back_Left role=host state=CRUISE->CRUISE speed=7.95 target=7.50 neighbors=11
obu-ramp-merge-5-1     | [2.8] Ramp_Merge_5 role=merge state=YIELDING->YIELDING speed=7.47 target=7.22 neighbors=11
obu-merge-car-1        | [2.7] Merge_Car MERGE_DECISION: auth=True phys=False fgok=True lgok=False hgok=True cok=True esok=True cready=False dtm=75.8 past=False committed=False hid=106 ra=2 lclear=True hyok=True
obu-merge-car-1        | [2.7] Merge_Car MERGE_PREPARE_WAIT_PHYSICAL: dtm=75.8
obu-ramp-back-1        | [2.8] Ramp_Back CAR_FOLLOW: sid=111 edge=34126779 lane=0 leader_edge= leader_lane=None leader_role_hint=ramp self_merge_completed=False self_merge_completed_age=-1.0 self_merge_committed=False lane_cmd_state=None lane_cmd_edge=None lane_cmd_target=None lane_cmd_executable=None same_lane=True reason=same_lane_cam gap=8.3 follow_spd=2.62 emergency=False target_before=6.552918594283545 target_after=6.552918594283545
obu-merge-car-1        | [2.9] Merge_Car MERGE_DECISION: auth=True phys=False fgok=True lgok=False hgok=True cok=True esok=True cready=False dtm=74.6 past=False committed=False hid=106 ra=2 lclear=True hyok=True
obu-merge-car-1        | [2.9] Merge_Car MERGE_PREPARE_WAIT_PHYSICAL: dtm=74.6
obu-ramp-back-1        | [3.1] Ramp_Back CAR_FOLLOW: sid=111 edge=34126779 lane=0 leader_edge= leader_lane=None leader_role_hint=ramp self_merge_completed=False self_merge_completed_age=-1.0 self_merge_committed=False lane_cmd_state=None lane_cmd_edge=None lane_cmd_target=None lane_cmd_executable=None same_lane=True reason=same_lane_cam gap=6.2 follow_spd=2.62 emergency=False target_before=6.5207609946152605 target_after=6.5207609946152605
obu-ramp-back-1        | [3.1] Ramp_Back role=merge state=YIELDING->YIELDING speed=6.77 target=6.52 neighbors=11
obu-merge-car-1        | [3.1] Merge_Car MERGE_DECISION: auth=True phys=False fgok=True lgok=False hgok=True cok=True esok=True cready=False dtm=73.4 past=False committed=False hid=106 ra=2 lclear=True hyok=True
obu-merge-car-1        | [3.1] Merge_Car MERGE_PREPARE_WAIT_PHYSICAL: dtm=73.4
obu-ramp-merge-2-1     | [3.1] Ramp_Merge_2 role=merge state=CRUISE->CRUISE speed=7.26 target=6.75 neighbors=11
obu-host-car-1         | [3.3] Host_Car role=host state=CRUISE->CRUISE speed=7.75 target=7.50 neighbors=11
obu-ramp-back-1        | [3.2] Ramp_Back CAR_FOLLOW: sid=111 edge=34126779 lane=0 leader_edge= leader_lane=None leader_role_hint=ramp self_merge_completed=False self_merge_completed_age=-1.0 self_merge_committed=False lane_cmd_state=None lane_cmd_edge=None lane_cmd_target=None lane_cmd_executable=None same_lane=True reason=same_lane_cam gap=5.6 follow_spd=2.62 emergency=False target_before=6.509868874598674 target_after=6.509868874598674
obu-merge-car-1        | [3.3] Merge_Car MERGE_DECISION: auth=True phys=False fgok=True lgok=False hgok=True cok=True esok=True cready=False dtm=72.2 past=False committed=False hid=106 ra=2 lclear=True hyok=True
obu-merge-car-1        | [3.3] Merge_Car MERGE_PREPARE_WAIT_PHYSICAL: dtm=72.2
obu-merge-car-1        | [3.3] Merge_Car role=merge state=NEGOTIATING->NEGOTIATING speed=8.21 target=6.38 neighbors=11
obu-merge-car-1        | [3.5] Merge_Car MCM_RX_ACCEPT: from=106 manoeuvre=3 target=107
obu-ramp-back-1        | [3.5] Ramp_Back CAR_FOLLOW: sid=111 edge=34126779 lane=0 leader_edge= leader_lane=None leader_role_hint=ramp self_merge_completed=False self_merge_completed_age=-1.0 self_merge_committed=False lane_cmd_state=None lane_cmd_edge=None lane_cmd_target=None lane_cmd_executable=None same_lane=True reason=same_lane_cam gap=10.3 follow_spd=4.11 emergency=False target_before=6.477217224901071 target_after=6.477217224901071
obu-ramp-merge-3-1     | [3.5] Ramp_Merge_3 role=merge state=YIELDING->YIELDING speed=7.81 target=7.56 neighbors=11
obu-main-mid-right-1   | [3.7] Main_Mid_Right role=lead state=CRUISE->CRUISE speed=8.95 target=8.95 neighbors=11
obu-merge-car-1        | [3.5] Merge_Car MERGE_DECISION: auth=True phys=False fgok=True lgok=False hgok=True cok=True esok=True cready=False dtm=71.1 past=False committed=False hid=106 ra=2 lclear=True hyok=True
obu-merge-car-1        | [3.5] Merge_Car MERGE_PREPARE_WAIT_PHYSICAL: dtm=71.1
obu-main-back-right-1  | HOST_RESERVATION_HOLD: host=Main_Back_Right ramp=107 manoeuvre=3 remaining=1.5 own_speed=7.95 target_speed=8.07 ramp_fsm=NEGOTIATING ramp_lane_cmd_state=NONE ramp_edge=34126779 ramp_lane=0 ramp_merge_completed=False ramp_merge_committed=False
obu-main-back-right-1  | [3.6] Main_Back_Right HOST_HOLD_YIELD: for merge=107 spd=8.07
obu-main-back-right-1  | [3.6] Main_Back_Right MCM_TX_ACCEPT: manoeuvre=3 target=107
obu-main-back-right-1  | [3.6] Main_Back_Right role=host state=YIELDING->YIELDING speed=7.95 target=8.07 neighbors=11
obu-lead-car-1         | [3.7] Lead_Car role=lead state=CRUISE->CRUISE speed=8.64 target=8.64 neighbors=11
obu-ramp-merge-2-1     | MERGE_ATTEMPT_TIMELINE: vehicle=Ramp_Merge_2 manoeuvre=34 host=105 lead=103 event=REQUEST_SENT t=3.6 edge=34126779 lane=0 lane_cmd_state=NONE speed=7.15 target=6.75 dtm=94.8 lead_gap=79.32 host_gap=126.72 lead_gap_t1=79.32 lead_gap_t2=79.32 lead_gap_t3=79.32 host_gap_t1=126.72 host_gap_t2=126.72 host_gap_t3=126.72
obu-ramp-merge-2-1     | [3.6] Ramp_Merge_2 MCM_TX_REQUEST: manoeuvre=34 target=105
obu-ramp-merge-2-1     | [3.6] Ramp_Merge_2 MERGE_DECISION: auth=False phys=False fgok=True lgok=True hgok=True cok=True esok=True cready=False dtm=94.8 past=False committed=False hid=105 ra=None lclear=False hyok=True
obu-main-front-left-1  | [3.7] Main_Front_Left role=lead state=CRUISE->CRUISE speed=8.04 target=8.04 neighbors=11
obu-main-back-left-1   | [3.7] Main_Back_Left role=host state=CRUISE->CRUISE speed=7.77 target=7.50 neighbors=11
obu-merge-car-1        | [3.8] Merge_Car MERGE_DECISION: auth=True phys=True fgok=True lgok=True hgok=True cok=True esok=True cready=True dtm=69.3 past=False committed=False hid=106 ra=2 lclear=True hyok=True
obu-merge-car-1        | [3.8] Merge_Car MERGE_START_GAP_DIAG: event=start lead=102 host=106 lead_eta=3.135672232831917 own_eta=8.886257432211009 host_eta=21.65586848357522 lead_gap=42.680962719780716 host_gap=34.916829425774345 lead_gap_p1=42.680962719780716 lead_gap_p2=42.680962719780716 lead_gap_p3=42.680962719780716 host_gap_p1=34.916829425774345 host_gap_p2=34.916829425774345 host_gap_p3=34.916829425774345 rel_to_lead=-0.23677958567215196 rel_to_host=-0.2067795856721526 lead_lat=22.803748945769172 host_lat=125.10369172051807 edge=34126779 lane=0 lane_cmd_state=None lane_cmd_edge=None lane_cmd_target=None lane_cmd_executable=None dtm=69.3 speed=7.79
obu-merge-car-1        | MERGE_ATTEMPT_TIMELINE: vehicle=Merge_Car manoeuvre=3 host=106 lead=102 event=PHYSICAL_START t=3.8 edge=34126779 lane=0 lane_cmd_state=NONE speed=7.79 target=7.54 dtm=69.3 lead_gap=42.68 host_gap=34.92 lead_gap_t1=42.68 lead_gap_t2=42.68 lead_gap_t3=42.68 host_gap_t1=34.92 host_gap_t2=34.92 host_gap_t3=34.92
obu-merge-car-1        | [3.8] Merge_Car MERGE_PHYSICAL_START: host=106 manoeuvre=3
obu-merge-car-1        | [3.8] Merge_Car MERGING!
obu-ramp-merge-4-1     | [3.7] Ramp_Merge_4 role=merge state=YIELDING->YIELDING speed=7.50 target=7.25 neighbors=11
obu-main-back-right-1  | HOST_RESERVATION_HOLD: host=Main_Back_Right ramp=107 manoeuvre=3 remaining=1.4 own_speed=7.96 target_speed=8.07 ramp_fsm=NEGOTIATING ramp_lane_cmd_state=NONE ramp_edge=34126779 ramp_lane=0 ramp_merge_completed=False ramp_merge_committed=False
obu-main-back-right-1  | [3.7] Main_Back_Right HOST_HOLD_YIELD: for merge=107 spd=8.07
obu-ramp-merge-2-1     | [3.9] Ramp_Merge_2 MCM_TX_REQUEST: manoeuvre=34 target=105
obu-ramp-merge-2-1     | [3.9] Ramp_Merge_2 MERGE_DECISION: auth=False phys=False fgok=True lgok=True hgok=True cok=True esok=True cready=False dtm=93.8 past=False committed=False hid=105 ra=None lclear=False hyok=True
obu-ramp-merge-5-1     | [3.8] Ramp_Merge_5 CAR_FOLLOW: sid=110 edge=34126779 lane=0 leader_edge= leader_lane=None leader_role_hint=ramp self_merge_completed=False self_merge_completed_age=-1.0 self_merge_committed=False lane_cmd_state=None lane_cmd_edge=None lane_cmd_target=None lane_cmd_executable=None same_lane=True reason=same_lane_cam gap=12.7 follow_spd=6.79 emergency=False target_before=7.1283867112294255 target_after=7.1283867112294255
obu-ramp-merge-5-1     | [3.8] Ramp_Merge_5 role=merge state=YIELDING->YIELDING speed=7.38 target=7.13 neighbors=10
obu-merge-car-1        | [4.1] Merge_Car MERGE_LANE_WAIT_EDGE_CONFIRMED: edge=34126779 lane=0 target_lane=1 lane_count=1 executable=False
obu-main-back-right-1  | HOST_RESERVATION_HOLD: host=Main_Back_Right ramp=107 manoeuvre=3 remaining=1.1 own_speed=7.97 target_speed=8.07 ramp_fsm=NEGOTIATING ramp_lane_cmd_state=NONE ramp_edge=34126779 ramp_lane=0 ramp_merge_completed=False ramp_merge_committed=False
obu-main-back-right-1  | [4.0] Main_Back_Right HOST_HOLD_YIELD: for merge=107 spd=8.07
obu-main-back-right-1  | [4.0] Main_Back_Right MCM_TX_ACCEPT: manoeuvre=3 target=107
obu-ramp-merge-2-1     | [4.0] Ramp_Merge_2 MERGE_DECISION: auth=False phys=False fgok=True lgok=True hgok=True cok=True esok=True cready=False dtm=93.4 past=False committed=False hid=105 ra=None lclear=False hyok=True
obu-ramp-merge-5-1     | [4.0] Ramp_Merge_5 CAR_FOLLOW: sid=110 edge=34126779 lane=0 leader_edge= leader_lane=None leader_role_hint=ramp self_merge_completed=False self_merge_completed_age=-1.0 self_merge_committed=False lane_cmd_state=None lane_cmd_edge=None lane_cmd_target=None lane_cmd_executable=None same_lane=True reason=same_lane_cam gap=11.3 follow_spd=5.34 emergency=False target_before=7.106436572883184 target_after=7.106436572883184
obu-ramp-back-1        | [4.0] Ramp_Back CAR_FOLLOW: sid=111 edge=34126779 lane=0 leader_edge= leader_lane=None leader_role_hint=ramp self_merge_completed=False self_merge_completed_age=-1.0 self_merge_committed=False lane_cmd_state=None lane_cmd_edge=None lane_cmd_target=None lane_cmd_executable=None same_lane=True reason=same_lane_cam gap=12.1 follow_spd=6.43 emergency=False target_before=6.422848572445864 target_after=6.434313635644964
obu-merge-car-1        | MERGE_ATTEMPT_TIMELINE: vehicle=Merge_Car manoeuvre=3 host=106 lead=102 event=WAIT_EDGE t=4.2 edge=34126779 lane=0 lane_cmd_state=WAIT_EDGE speed=7.64 target=6.75 dtm=66.7 lead_gap=42.62 host_gap=11.66 lead_gap_t1=42.62 lead_gap_t2=42.62 lead_gap_t3=42.62 host_gap_t1=11.66 host_gap_t2=11.66 host_gap_t3=11.66
obu-merge-car-1        | [4.2] Merge_Car MERGE_COMMIT_WAIT_LANE_AVAILABLE: edge=34126779 lane=0 target_lane=1 lane_count=1 executable=False speed=7.64 dtm=66.7
obu-main-back-right-1  | HOST_RESERVATION_EXTEND_UNTIL_CLEAR: host=Main_Back_Right ramp=107 manoeuvre=3 new_remaining=4.0 ramp_lcs=NONE ramp_edge=34126779
obu-main-back-right-1  | HOST_RESERVATION_HOLD: host=Main_Back_Right ramp=107 manoeuvre=3 remaining=4.0 own_speed=7.98 target_speed=8.07 ramp_fsm=MERGING ramp_lane_cmd_state=NONE ramp_edge=34126779 ramp_lane=0 ramp_merge_completed=False ramp_merge_committed=True
obu-main-back-right-1  | [4.2] Main_Back_Right HOST_HOLD_YIELD: for merge=107 spd=8.07
obu-ramp-merge-2-1     | [4.2] Ramp_Merge_2 MCM_TX_REQUEST: manoeuvre=34 target=105
obu-ramp-merge-2-1     | [4.2] Ramp_Merge_2 MERGE_DECISION: auth=False phys=False fgok=True lgok=True hgok=True cok=True esok=True cready=False dtm=92.7 past=False committed=False hid=105 ra=None lclear=False hyok=True
obu-ramp-merge-2-1     | [4.2] Ramp_Merge_2 role=merge state=NEGOTIATING->NEGOTIATING speed=7.06 target=6.81 neighbors=10
obu-host-car-1         | [4.3] Host_Car role=host state=CRUISE->CRUISE speed=7.65 target=7.50 neighbors=10
obu-ramp-back-1        | [4.2] Ramp_Back CAR_FOLLOW: sid=111 edge=34126779 lane=0 leader_edge= leader_lane=None leader_role_hint=ramp self_merge_completed=False self_merge_completed_age=-1.0 self_merge_committed=False lane_cmd_state=None lane_cmd_edge=None lane_cmd_target=None lane_cmd_executable=None same_lane=True reason=same_lane_cam gap=10.8 follow_spd=4.77 emergency=False target_before=6.401083298908307 target_after=6.401083298908307
obu-ramp-back-1        | [4.2] Ramp_Back role=merge state=YIELDING->YIELDING speed=6.65 target=6.40 neighbors=10
obu-main-back-left-1   | [4.4] Main_Back_Left MCM_RX_REQUEST: from=108 manoeuvre=34 target=105
obu-merge-car-1        | [4.4] Merge_Car MCM_RX_ACCEPT: from=106 manoeuvre=3 target=107
obu-main-back-right-1  | HOST_RESERVATION_EXTEND_UNTIL_CLEAR: host=Main_Back_Right ramp=107 manoeuvre=3 new_remaining=4.0 ramp_lcs=WAIT_EDGE ramp_edge=34126779
obu-main-back-right-1  | HOST_RESERVATION_HOLD: host=Main_Back_Right ramp=107 manoeuvre=3 remaining=4.0 own_speed=7.99 target_speed=8.07 ramp_fsm=MERGING ramp_lane_cmd_state=WAIT_EDGE ramp_edge=34126779 ramp_lane=0 ramp_merge_completed=False ramp_merge_committed=True
obu-main-back-right-1  | [4.4] Main_Back_Right HOST_HOLD_YIELD: for merge=107 spd=8.07
obu-merge-car-1        | [4.4] Merge_Car MCM_RX_ACCEPT: from=106 manoeuvre=3 target=107
obu-main-back-right-1  | [4.4] Main_Back_Right MCM_TX_ACCEPT: manoeuvre=3 target=107
obu-main-back-left-1   | [4.4] Main_Back_Left MCM_RX_REQUEST: from=108 manoeuvre=34 target=105
obu-main-back-left-1   | [4.4] Main_Back_Left MCM_RX_REQUEST: from=108 manoeuvre=34 target=105
obu-ramp-merge-2-1     | [4.4] Ramp_Merge_2 MERGE_DECISION: auth=False phys=False fgok=True lgok=True hgok=True cok=True esok=True cready=False dtm=92.1 past=False committed=False hid=105 ra=None lclear=True hyok=True
obu-main-back-left-1   | HOST_RESERVATION_START: host=Main_Back_Left ramp=108 manoeuvre=34 until=8.4 own_speed=7.69 target_speed=6.69 required_speed=7.19 gap_eta=3.54
obu-main-back-left-1   | [4.4] Main_Back_Left HOST_RESERVED: merge=108 manoeuvre=34 until=8.4 target_spd=6.69
obu-main-back-left-1   | [4.4] Main_Back_Left HOST_YIELD: for merge=108 req_spd=6.69
obu-main-back-left-1   | [4.4] Main_Back_Left MCM_TX_ACCEPT: manoeuvre=34 target=108
obu-merge-car-1        | [4.4] Merge_Car MERGE_COMMIT_WAIT_LANE_AVAILABLE: edge=34126779 lane=0 target_lane=1 lane_count=1 executable=False speed=7.63 dtm=65.5
obu-merge-car-1        | [4.4] Merge_Car role=merge state=MERGING->MERGING speed=7.63 target=7.38 neighbors=11
obu-merge-car-1        | [4.6] Merge_Car MCM_RX_ACCEPT: from=106 manoeuvre=3 target=107
obu-ramp-merge-2-1     | [4.5] Ramp_Merge_2 MCM_RX_ACCEPT: from=105 manoeuvre=34 target=108
obu-main-back-left-1   | HOST_RESERVATION_HOLD: host=Main_Back_Left ramp=108 manoeuvre=34 remaining=3.8 own_speed=7.67 target_speed=6.69 ramp_fsm=NEGOTIATING ramp_lane_cmd_state=NONE ramp_edge=34126779 ramp_lane=0 ramp_merge_completed=False ramp_merge_committed=False
obu-main-back-left-1   | [4.6] Main_Back_Left HOST_HOLD_YIELD: for merge=108 spd=6.69
obu-merge-car-1        | [4.6] Merge_Car MERGE_COMMIT_WAIT_LANE_AVAILABLE: edge=34126779 lane=0 target_lane=1 lane_count=1 executable=False speed=7.60 dtm=64.3
obu-lead-car-1         | [4.7] Lead_Car role=cruise state=CRUISE->CRUISE speed=8.64 target=7.50 neighbors=11
obu-ramp-merge-2-1     | [4.6] Ramp_Merge_2 MCM_TX_REQUEST: manoeuvre=34 target=105
obu-ramp-merge-2-1     | MERGE_ATTEMPT_TIMELINE: vehicle=Ramp_Merge_2 manoeuvre=34 host=105 lead=103 event=ACCEPT_MATCHED t=4.6 edge=34126779 lane=0 lane_cmd_state=NONE speed=7.02 target=6.75 dtm=91.4 lead_gap=65.68 host_gap=109.26 lead_gap_t1=65.68 lead_gap_t2=65.68 lead_gap_t3=65.68 host_gap_t1=109.26 host_gap_t2=109.26 host_gap_t3=109.26
obu-ramp-merge-2-1     | [4.6] Ramp_Merge_2 MCM_ACCEPT_MATCHED: host=105 manoeuvre=34
obu-ramp-merge-2-1     | [4.6] Ramp_Merge_2 MERGE_ACCEPTED_WAIT_SLOT_VALID: reason=lgok=False(gap=92.06),lclear=False
obu-ramp-merge-2-1     | [4.6] Ramp_Merge_2 MERGE_DECISION: auth=False phys=False fgok=True lgok=False hgok=True cok=True esok=True cready=False dtm=91.4 past=False committed=False hid=105 ra=2 lclear=False hyok=True
obu-main-back-left-1   | HOST_RESERVATION_HOLD: host=Main_Back_Left ramp=108 manoeuvre=34 remaining=3.7 own_speed=7.66 target_speed=6.69 ramp_fsm=NEGOTIATING ramp_lane_cmd_state=NONE ramp_edge=34126779 ramp_lane=0 ramp_merge_completed=False ramp_merge_committed=False
obu-main-back-left-1   | [4.7] Main_Back_Left HOST_HOLD_YIELD: for merge=108 spd=6.69
obu-main-back-left-1   | [4.7] Main_Back_Left MCM_TX_ACCEPT: manoeuvre=34 target=108
obu-main-back-left-1   | [4.7] Main_Back_Left role=host state=YIELDING->YIELDING speed=7.66 target=6.69 neighbors=11
obu-merge-car-1        | [4.8] Merge_Car MERGE_COMMIT_WAIT_LANE_AVAILABLE: edge=34126779 lane=0 target_lane=1 lane_count=1 executable=False speed=7.58 dtm=63.1
obu-ramp-merge-2-1     | [4.8] Ramp_Merge_2 MERGE_DECISION: auth=False phys=False fgok=True lgok=False hgok=True cok=True esok=True cready=False dtm=90.8 past=False committed=False hid=105 ra=2 lclear=False hyok=True
obu-main-back-left-1   | HOST_RESERVATION_HOLD: host=Main_Back_Left ramp=108 manoeuvre=34 remaining=3.5 own_speed=7.57 target_speed=6.69 ramp_fsm=NEGOTIATING ramp_lane_cmd_state=NONE ramp_edge=34126779 ramp_lane=0 ramp_merge_completed=False ramp_merge_committed=False
obu-main-back-left-1   | [4.9] Main_Back_Left HOST_HOLD_YIELD: for merge=108 spd=6.69
obu-merge-car-1        | [5.0] Merge_Car MERGE_COMMIT_WAIT_LANE_AVAILABLE: edge=34126779 lane=0 target_lane=1 lane_count=1 executable=False speed=7.56 dtm=61.9
obu-ramp-merge-2-1     | MERGE_ATTEMPT_TIMELINE: vehicle=Ramp_Merge_2 manoeuvre=34 host=105 lead=103 event=AUTHORIZED t=5.0 edge=34126779 lane=0 lane_cmd_state=NONE speed=6.95 target=6.38 dtm=90.1 lead_gap=63.72 host_gap=105.87 lead_gap_t1=63.72 lead_gap_t2=63.72 lead_gap_t3=63.72 host_gap_t1=105.87 host_gap_t2=105.87 host_gap_t3=105.87
obu-ramp-merge-2-1     | [5.0] Ramp_Merge_2 MERGE_AUTHORIZED_BY_MCM: host=105 manoeuvre=34
obu-ramp-merge-2-1     | [5.0] Ramp_Merge_2 MERGE_DECISION: auth=True phys=False fgok=True lgok=True hgok=True cok=True esok=True cready=False dtm=90.1 past=False committed=False hid=105 ra=2 lclear=True hyok=True
obu-ramp-merge-2-1     | [5.0] Ramp_Merge_2 MERGE_PREPARE_WAIT_PHYSICAL: dtm=90.1
obu-main-back-left-1   | HOST_RESERVATION_HOLD: host=Main_Back_Left ramp=108 manoeuvre=34 remaining=3.2 own_speed=7.44 target_speed=6.69 ramp_fsm=NEGOTIATING ramp_lane_cmd_state=NONE ramp_edge=34126779 ramp_lane=0 ramp_merge_completed=False ramp_merge_committed=False
obu-main-back-left-1   | [5.2] Main_Back_Left HOST_HOLD_YIELD: for merge=108 spd=6.69
obu-main-back-left-1   | [5.2] Main_Back_Left MCM_TX_ACCEPT: manoeuvre=34 target=108
obu-ramp-back-1        | [5.0] Ramp_Back CAR_FOLLOW: sid=111 edge=34126779 lane=0 leader_edge= leader_lane=None leader_role_hint=ramp self_merge_completed=False self_merge_completed_age=-1.0 self_merge_committed=False lane_cmd_state=None lane_cmd_edge=None lane_cmd_target=None lane_cmd_executable=None same_lane=True reason=same_lane_cam gap=12.1 follow_spd=6.34 emergency=False target_before=6.316659212584886 target_after=6.338132701004899
obu-merge-car-1        | [5.2] Merge_Car MERGE_COMMIT_WAIT_LANE_AVAILABLE: edge=34126779 lane=0 target_lane=1 lane_count=1 executable=False speed=7.54 dtm=60.6
obu-ramp-merge-4-1     | [5.3] Ramp_Merge_4 role=merge state=YIELDING->YIELDING speed=7.34 target=7.09 neighbors=11
obu-main-back-right-1  | HOST_RESERVATION_EXTEND_UNTIL_CLEAR: host=Main_Back_Right ramp=107 manoeuvre=3 new_remaining=4.0 ramp_lcs=WAIT_EDGE ramp_edge=34126779
obu-main-back-right-1  | HOST_RESERVATION_HOLD: host=Main_Back_Right ramp=107 manoeuvre=3 remaining=4.0 own_speed=8.02 target_speed=8.07 ramp_fsm=MERGING ramp_lane_cmd_state=WAIT_EDGE ramp_edge=34126779 ramp_lane=0 ramp_merge_completed=False ramp_merge_committed=True
obu-main-back-right-1  | [5.4] Main_Back_Right HOST_HOLD_YIELD: for merge=107 spd=8.07
obu-main-back-right-1  | [5.4] Main_Back_Right MCM_TX_ACCEPT: manoeuvre=3 target=107
obu-main-back-right-1  | [5.4] Main_Back_Right role=host state=YIELDING->YIELDING speed=8.02 target=8.07 neighbors=11
obu-ramp-merge-2-1     | [5.3] Ramp_Merge_2 MCM_RX_ACCEPT: from=105 manoeuvre=34 target=108
obu-ramp-merge-2-1     | [5.3] Ramp_Merge_2 MCM_RX_ACCEPT: from=105 manoeuvre=34 target=108
obu-main-front-left-1  | [5.4] Main_Front_Left role=lead state=CRUISE->CRUISE speed=8.04 target=8.04 neighbors=11
obu-ramp-merge-2-1     | [5.4] Ramp_Merge_2 MERGE_DECISION: auth=True phys=False fgok=True lgok=True hgok=True cok=True esok=True cready=False dtm=88.6 past=False committed=False hid=105 ra=2 lclear=True hyok=True
obu-ramp-merge-2-1     | [5.4] Ramp_Merge_2 MERGE_PREPARE_WAIT_PHYSICAL: dtm=88.6
obu-ramp-merge-2-1     | [5.4] Ramp_Merge_2 role=merge state=NEGOTIATING->NEGOTIATING speed=6.85 target=6.38 neighbors=11
obu-ramp-merge-5-1     | [5.3] Ramp_Merge_5 role=merge state=YIELDING->YIELDING speed=7.22 target=6.97 neighbors=11
obu-ramp-merge-3-1     | [5.3] Ramp_Merge_3 role=merge state=CRUISE->CRUISE speed=7.42 target=6.75 neighbors=11
obu-main-back-left-1   | [5.4] Main_Back_Left MCM_RX_REQUEST: from=108 manoeuvre=34 target=105
obu-host-car-1         | [5.4] Host_Car role=host state=CRUISE->CRUISE speed=7.61 target=7.50 neighbors=11
obu-main-mid-right-1   | [5.5] Main_Mid_Right role=lead state=CRUISE->CRUISE speed=8.95 target=8.95 neighbors=11
obu-ramp-back-1        | [5.3] Ramp_Back CAR_FOLLOW: sid=111 edge=34126779 lane=0 leader_edge= leader_lane=None leader_role_hint=ramp self_merge_completed=False self_merge_completed_age=-1.0 self_merge_committed=False lane_cmd_state=None lane_cmd_edge=None lane_cmd_target=None lane_cmd_executable=None same_lane=True reason=same_lane_cam gap=10.1 follow_spd=3.88 emergency=False target_before=6.285950781498003 target_after=6.285950781498003
obu-ramp-back-1        | [5.3] Ramp_Back role=merge state=YIELDING->YIELDING speed=6.54 target=6.29 neighbors=11
obu-merge-car-1        | [5.4] Merge_Car MERGE_COMMIT_WAIT_LANE_AVAILABLE: edge=34126779 lane=0 target_lane=1 lane_count=1 executable=False speed=7.52 dtm=59.2
obu-merge-car-1        | [5.4] Merge_Car role=merge state=MERGING->MERGING speed=7.52 target=7.27 neighbors=11
obu-main-back-left-1   | HOST_RESERVATION_HOLD: host=Main_Back_Left ramp=108 manoeuvre=34 remaining=2.9 own_speed=7.33 target_speed=6.69 ramp_fsm=NEGOTIATING ramp_lane_cmd_state=NONE ramp_edge=34126779 ramp_lane=0 ramp_merge_completed=False ramp_merge_committed=False
obu-main-back-left-1   | [5.5] Main_Back_Left HOST_HOLD_YIELD: for merge=108 spd=6.69
obu-main-back-left-1   | [5.5] Main_Back_Left MCM_TX_ACCEPT: manoeuvre=34 target=108
obu-ramp-back-1        | [5.4] Ramp_Back CAR_FOLLOW: sid=111 edge=34126779 lane=0 leader_edge= leader_lane=None leader_role_hint=ramp self_merge_completed=False self_merge_completed_age=-1.0 self_merge_committed=False lane_cmd_state=None lane_cmd_edge=None lane_cmd_target=None lane_cmd_executable=None same_lane=True reason=same_lane_cam gap=9.5 follow_spd=3.07 emergency=False target_before=6.275994905639318 target_after=6.275994905639318
obu-merge-car-1        | [5.6] Merge_Car MERGE_COMMIT_WAIT_LANE_AVAILABLE: edge=34126779 lane=0 target_lane=1 lane_count=1 executable=False speed=7.50 dtm=57.8
obu-main-back-left-1   | HOST_RESERVATION_HOLD: host=Main_Back_Left ramp=108 manoeuvre=34 remaining=2.7 own_speed=7.27 target_speed=6.69 ramp_fsm=NEGOTIATING ramp_lane_cmd_state=NONE ramp_edge=34126779 ramp_lane=0 ramp_merge_completed=False ramp_merge_committed=False
obu-main-back-left-1   | [5.7] Main_Back_Left HOST_HOLD_YIELD: for merge=108 spd=6.69
obu-main-back-left-1   | [5.7] Main_Back_Left role=host state=YIELDING->YIELDING speed=7.27 target=6.69 neighbors=6
obu-merge-car-1        | [5.8] Merge_Car MERGE_COMMIT_WAIT_LANE_AVAILABLE: edge=34126779 lane=0 target_lane=1 lane_count=1 executable=False speed=7.48 dtm=56.5
obu-main-back-left-1   | HOST_RESERVATION_HOLD: host=Main_Back_Left ramp=108 manoeuvre=34 remaining=2.5 own_speed=7.22 target_speed=6.69 ramp_fsm=NEGOTIATING ramp_lane_cmd_state=NONE ramp_edge=34126779 ramp_lane=0 ramp_merge_completed=False ramp_merge_committed=False
obu-main-back-left-1   | [5.9] Main_Back_Left HOST_HOLD_YIELD: for merge=108 spd=6.69
obu-main-back-left-1   | [5.9] Main_Back_Left MCM_TX_ACCEPT: manoeuvre=34 target=108
obu-merge-car-1        | [5.9] Merge_Car MERGE_COMMIT_WAIT_LANE_AVAILABLE: edge=34126779 lane=0 target_lane=1 lane_count=1 executable=False speed=7.47 dtm=55.8
obu-ramp-merge-2-1     | [5.7] Ramp_Merge_2 MERGE_DECISION: auth=True phys=False fgok=True lgok=True hgok=True cok=True esok=True cready=False dtm=87.4 past=False committed=False hid=105 ra=2 lclear=True hyok=True
obu-ramp-merge-2-1     | [5.7] Ramp_Merge_2 MERGE_PREPARE_WAIT_PHYSICAL: dtm=87.4
obu-merge-car-1        | [6.1] Merge_Car MCM_RX_ACCEPT: from=106 manoeuvre=3 target=107
obu-ramp-merge-2-1     | [6.1] Ramp_Merge_2 MCM_RX_ACCEPT: from=105 manoeuvre=34 target=108
obu-ramp-merge-2-1     | [6.1] Ramp_Merge_2 MCM_RX_ACCEPT: from=105 manoeuvre=34 target=108
obu-main-back-left-1   | HOST_RESERVATION_HOLD: host=Main_Back_Left ramp=108 manoeuvre=34 remaining=2.2 own_speed=7.14 target_speed=6.69 ramp_fsm=NEGOTIATING ramp_lane_cmd_state=NONE ramp_edge=34126779 ramp_lane=0 ramp_merge_completed=False ramp_merge_committed=False
obu-main-back-left-1   | [6.2] Main_Back_Left HOST_HOLD_YIELD: for merge=108 spd=6.69
obu-main-back-left-1   | [6.2] Main_Back_Left MCM_TX_ACCEPT: manoeuvre=34 target=108
obu-merge-car-1        | [6.2] Merge_Car MERGE_COMMIT_WAIT_LANE_AVAILABLE: edge=34126779 lane=0 target_lane=1 lane_count=1 executable=False speed=7.43 dtm=53.8
obu-main-back-right-1  | HOST_RESERVATION_EXTEND_UNTIL_CLEAR: host=Main_Back_Right ramp=107 manoeuvre=3 new_remaining=4.0 ramp_lcs=WAIT_EDGE ramp_edge=34126779
obu-main-back-right-1  | HOST_RESERVATION_HOLD: host=Main_Back_Right ramp=107 manoeuvre=3 remaining=4.0 own_speed=8.04 target_speed=8.07 ramp_fsm=MERGING ramp_lane_cmd_state=WAIT_EDGE ramp_edge=34126779 ramp_lane=0 ramp_merge_completed=False ramp_merge_committed=True
obu-main-back-right-1  | [6.1] Main_Back_Right HOST_HOLD_YIELD: for merge=107 spd=8.07
obu-lead-car-1         | [6.2] Lead_Car role=cruise state=CRUISE->CRUISE speed=8.06 target=7.50 neighbors=9
obu-main-back-right-1  | [6.1] Main_Back_Right MCM_TX_ACCEPT: manoeuvre=3 target=107
obu-ramp-merge-2-1     | [6.3] Ramp_Merge_2 MERGE_DECISION: auth=True phys=False fgok=True lgok=False hgok=True cok=True esok=True cready=False dtm=85.2 past=False committed=False hid=105 ra=2 lclear=False hyok=True
obu-ramp-merge-2-1     | [6.3] Ramp_Merge_2 MERGE_PREPARE_WAIT_PHYSICAL: dtm=85.2
obu-ramp-merge-3-1     | [6.3] Ramp_Merge_3 role=merge state=CRUISE->CRUISE speed=7.15 target=6.75 neighbors=11
obu-ramp-merge-4-1     | [6.3] Ramp_Merge_4 role=merge state=CRUISE->CRUISE speed=7.17 target=6.75 neighbors=11
obu-main-back-right-1  | HOST_RESERVATION_EXTEND_UNTIL_CLEAR: host=Main_Back_Right ramp=107 manoeuvre=3 new_remaining=4.0 ramp_lcs=WAIT_EDGE ramp_edge=34126779
obu-main-back-right-1  | HOST_RESERVATION_HOLD: host=Main_Back_Right ramp=107 manoeuvre=3 remaining=4.0 own_speed=8.04 target_speed=8.07 ramp_fsm=MERGING ramp_lane_cmd_state=WAIT_EDGE ramp_edge=34126779 ramp_lane=0 ramp_merge_completed=False ramp_merge_committed=True
obu-main-back-right-1  | [6.3] Main_Back_Right HOST_HOLD_YIELD: for merge=107 spd=8.07
obu-ramp-merge-5-1     | [6.4] Ramp_Merge_5 role=merge state=YIELDING->YIELDING speed=7.11 target=6.86 neighbors=11
obu-ramp-back-1        | [6.5] Ramp_Back role=merge state=YIELDING->YIELDING speed=6.50 target=6.25 neighbors=11
obu-main-back-right-1  | HOST_RESERVATION_EXTEND_UNTIL_CLEAR: host=Main_Back_Right ramp=107 manoeuvre=3 new_remaining=4.0 ramp_lcs=WAIT_EDGE ramp_edge=34126779
obu-main-back-right-1  | HOST_RESERVATION_HOLD: host=Main_Back_Right ramp=107 manoeuvre=3 remaining=4.0 own_speed=8.04 target_speed=8.07 ramp_fsm=MERGING ramp_lane_cmd_state=WAIT_EDGE ramp_edge=34126779 ramp_lane=0 ramp_merge_completed=False ramp_merge_committed=True
obu-main-back-right-1  | [6.4] Main_Back_Right HOST_HOLD_YIELD: for merge=107 spd=8.07
obu-main-back-right-1  | [6.4] Main_Back_Right MCM_TX_ACCEPT: manoeuvre=3 target=107
obu-main-back-right-1  | [6.4] Main_Back_Right role=host state=YIELDING->YIELDING speed=8.04 target=8.07 neighbors=11
obu-main-back-right-1  | HOST_RESERVATION_EXTEND_UNTIL_CLEAR: host=Main_Back_Right ramp=107 manoeuvre=3 new_remaining=4.0 ramp_lcs=WAIT_EDGE ramp_edge=34126779
obu-main-back-right-1  | HOST_RESERVATION_HOLD: host=Main_Back_Right ramp=107 manoeuvre=3 remaining=4.0 own_speed=8.05 target_speed=8.07 ramp_fsm=MERGING ramp_lane_cmd_state=WAIT_EDGE ramp_edge=34126779 ramp_lane=0 ramp_merge_completed=False ramp_merge_committed=True
obu-main-back-right-1  | [6.7] Main_Back_Right HOST_HOLD_YIELD: for merge=107 spd=8.07
obu-main-back-right-1  | [6.7] Main_Back_Right MCM_TX_ACCEPT: manoeuvre=3 target=107
obu-main-back-left-1   | HOST_RESERVATION_HOLD: host=Main_Back_Left ramp=108 manoeuvre=34 remaining=1.4 own_speed=6.99 target_speed=6.69 ramp_fsm=NEGOTIATING ramp_lane_cmd_state=NONE ramp_edge=34126779 ramp_lane=0 ramp_merge_completed=False ramp_merge_committed=False
obu-main-back-left-1   | [7.0] Main_Back_Left HOST_HOLD_YIELD: for merge=108 spd=6.69
obu-main-back-left-1   | [7.0] Main_Back_Left MCM_TX_ACCEPT: manoeuvre=34 target=108
obu-main-back-left-1   | [7.0] Main_Back_Left role=host state=YIELDING->YIELDING speed=6.99 target=6.69 neighbors=11
obu-ramp-merge-2-1     | [6.9] Ramp_Merge_2 MCM_RX_ACCEPT: from=105 manoeuvre=34 target=108
obu-merge-car-1        | [6.9] Merge_Car MCM_RX_ACCEPT: from=106 manoeuvre=3 target=107
obu-merge-car-1        | [6.9] Merge_Car MERGE_COMMIT_WAIT_LANE_AVAILABLE: edge=34126779 lane=0 target_lane=1 lane_count=1 executable=False speed=7.36 dtm=49.0
obu-merge-car-1        | [6.9] Merge_Car role=merge state=MERGING->MERGING speed=7.36 target=7.11 neighbors=11
obu-merge-car-1        | [6.9] Merge_Car MCM_RX_ACCEPT: from=106 manoeuvre=3 target=107
obu-merge-car-1        | [6.9] Merge_Car MCM_RX_ACCEPT: from=106 manoeuvre=3 target=107
obu-main-back-right-1  | HOST_RESERVATION_EXTEND_UNTIL_CLEAR: host=Main_Back_Right ramp=107 manoeuvre=3 new_remaining=4.0 ramp_lcs=WAIT_EDGE ramp_edge=34126779
obu-main-back-right-1  | HOST_RESERVATION_HOLD: host=Main_Back_Right ramp=107 manoeuvre=3 remaining=4.0 own_speed=8.05 target_speed=8.07 ramp_fsm=MERGING ramp_lane_cmd_state=WAIT_EDGE ramp_edge=34126779 ramp_lane=0 ramp_merge_completed=False ramp_merge_committed=True
obu-main-back-right-1  | [7.0] Main_Back_Right HOST_HOLD_YIELD: for merge=107 spd=8.07
obu-main-front-left-1  | [7.0] Main_Front_Left role=lead state=CRUISE->CRUISE speed=8.04 target=8.04 neighbors=11
obu-main-back-right-1  | [7.0] Main_Back_Right MCM_TX_ACCEPT: manoeuvre=3 target=107
obu-ramp-merge-2-1     | [6.9] Ramp_Merge_2 MERGE_DECISION: auth=True phys=False fgok=True lgok=False hgok=True cok=True esok=True cready=False dtm=82.5 past=False committed=False hid=105 ra=2 lclear=False hyok=True
obu-ramp-merge-2-1     | [6.9] Ramp_Merge_2 MERGE_PREPARE_WAIT_PHYSICAL: dtm=82.5
obu-ramp-merge-2-1     | [6.9] Ramp_Merge_2 role=merge state=NEGOTIATING->NEGOTIATING speed=6.59 target=6.38 neighbors=11
obu-host-car-1         | [7.0] Host_Car role=lead state=CRUISE->CRUISE speed=7.57 target=7.57 neighbors=11
obu-main-mid-right-1   | [7.0] Main_Mid_Right role=lead state=CRUISE->CRUISE speed=8.95 target=8.95 neighbors=11
obu-main-back-right-1  | HOST_RESERVATION_EXTEND_UNTIL_CLEAR: host=Main_Back_Right ramp=107 manoeuvre=3 new_remaining=3.9 ramp_lcs=WAIT_EDGE ramp_edge=34126779
obu-main-back-right-1  | HOST_RESERVATION_HOLD: host=Main_Back_Right ramp=107 manoeuvre=3 remaining=3.9 own_speed=8.05 target_speed=8.07 ramp_fsm=MERGING ramp_lane_cmd_state=WAIT_EDGE ramp_edge=34126779 ramp_lane=0 ramp_merge_completed=False ramp_merge_committed=True
obu-main-back-right-1  | [7.2] Main_Back_Right HOST_HOLD_YIELD: for merge=107 spd=8.07
obu-ramp-merge-2-1     | [7.1] Ramp_Merge_2 MERGE_DECISION: auth=True phys=False fgok=True lgok=False hgok=True cok=True esok=True cready=False dtm=81.7 past=False committed=False hid=105 ra=2 lclear=False hyok=True
obu-ramp-merge-2-1     | [7.1] Ramp_Merge_2 MERGE_PREPARE_WAIT_PHYSICAL: dtm=81.7
obu-ramp-merge-2-1     | [7.4] Ramp_Merge_2 MERGE_DECISION: auth=True phys=False fgok=True lgok=False hgok=True cok=True esok=True cready=False dtm=80.4 past=False committed=False hid=105 ra=2 lclear=False hyok=True
obu-ramp-merge-2-1     | [7.4] Ramp_Merge_2 MERGE_PREPARE_WAIT_PHYSICAL: dtm=80.4
obu-ramp-merge-5-1     | [7.4] Ramp_Merge_5 role=merge state=YIELDING->YIELDING speed=7.01 target=6.76 neighbors=11
obu-ramp-merge-3-1     | [7.4] Ramp_Merge_3 role=merge state=CRUISE->CRUISE speed=6.98 target=6.75 neighbors=11
obu-ramp-merge-4-1     | [7.4] Ramp_Merge_4 role=merge state=YIELDING->YIELDING speed=7.00 target=6.75 neighbors=11
obu-main-back-right-1  | HOST_RESERVATION_HOLD: host=Main_Back_Right ramp=107 manoeuvre=3 remaining=3.7 own_speed=8.05 target_speed=8.07 ramp_fsm=MERGING ramp_lane_cmd_state=WAIT_EDGE ramp_edge=34126779 ramp_lane=0 ramp_merge_completed=False ramp_merge_committed=True
obu-main-back-right-1  | [7.4] Main_Back_Right HOST_HOLD_YIELD: for merge=107 spd=8.07
obu-main-back-right-1  | [7.4] Main_Back_Right MCM_TX_ACCEPT: manoeuvre=3 target=107
obu-main-back-right-1  | [7.4] Main_Back_Right role=host state=YIELDING->YIELDING speed=8.05 target=8.07 neighbors=11
obu-ramp-merge-2-1     | [7.7] Ramp_Merge_2 MCM_RX_ACCEPT: from=105 manoeuvre=34 target=108
obu-merge-car-1        | [7.2] Merge_Car MERGE_COMMIT_WAIT_LANE_AVAILABLE: edge=34126779 lane=0 target_lane=1 lane_count=1 executable=False speed=7.33 dtm=46.9
obu-lead-car-1         | [7.7] Lead_Car role=cruise state=CRUISE->CRUISE speed=7.76 target=7.50 neighbors=11
obu-merge-car-1        | [7.7] Merge_Car MCM_RX_ACCEPT: from=106 manoeuvre=3 target=107
obu-merge-car-1        | [7.7] Merge_Car MCM_RX_ACCEPT: from=106 manoeuvre=3 target=107
obu-main-back-right-1  | HOST_RESERVATION_HOLD: host=Main_Back_Right ramp=107 manoeuvre=3 remaining=3.4 own_speed=8.06 target_speed=8.07 ramp_fsm=MERGING ramp_lane_cmd_state=WAIT_EDGE ramp_edge=34126779 ramp_lane=0 ramp_merge_completed=False ramp_merge_committed=True
obu-main-back-right-1  | [7.7] Main_Back_Right HOST_HOLD_YIELD: for merge=107 spd=8.07
obu-main-back-right-1  | [7.7] Main_Back_Right MCM_TX_ACCEPT: manoeuvre=3 target=107
obu-ramp-merge-2-1     | [7.7] Ramp_Merge_2 MERGE_DECISION: auth=True phys=False fgok=True lgok=True hgok=True cok=True esok=True cready=False dtm=79.2 past=False committed=False hid=105 ra=2 lclear=True hyok=True
obu-ramp-merge-2-1     | [7.7] Ramp_Merge_2 MERGE_PREPARE_WAIT_PHYSICAL: dtm=79.2
obu-ramp-merge-3-1     | MERGE_ATTEMPT_TIMELINE: vehicle=Ramp_Merge_3 manoeuvre=65 host=105 lead=104 event=REQUEST_SENT t=7.7 edge=34126779 lane=0 lane_cmd_state=NONE speed=6.95 target=6.75 dtm=94.0 lead_gap=83.81 host_gap=104.16 lead_gap_t1=83.81 lead_gap_t2=83.81 lead_gap_t3=83.81 host_gap_t1=104.16 host_gap_t2=104.16 host_gap_t3=104.16
obu-ramp-merge-3-1     | [7.7] Ramp_Merge_3 MCM_TX_REQUEST: manoeuvre=65 target=105
obu-ramp-merge-3-1     | [7.7] Ramp_Merge_3 MERGE_DECISION: auth=False phys=False fgok=True lgok=True hgok=True cok=True esok=True cready=False dtm=94.0 past=False committed=False hid=105 ra=None lclear=False hyok=False
obu-main-back-left-1   | HOST_RESERVATION_HOLD: host=Main_Back_Left ramp=108 manoeuvre=34 remaining=0.7 own_speed=6.90 target_speed=6.69 ramp_fsm=NEGOTIATING ramp_lane_cmd_state=NONE ramp_edge=34126779 ramp_lane=0 ramp_merge_completed=False ramp_merge_committed=False
obu-main-back-left-1   | [7.7] Main_Back_Left HOST_HOLD_YIELD: for merge=108 spd=6.69
obu-main-back-left-1   | [7.7] Main_Back_Left MCM_TX_ACCEPT: manoeuvre=34 target=108
obu-ramp-back-1        | [7.7] Ramp_Back role=merge state=YIELDING->YIELDING speed=6.37 target=6.12 neighbors=11
obu-merge-car-1        | [7.8] Merge_Car MERGE_COMMIT_WAIT_LANE_AVAILABLE: edge=34126779 lane=0 target_lane=1 lane_count=1 executable=False speed=7.27 dtm=42.8
obu-main-back-right-1  | HOST_RESERVATION_HOLD: host=Main_Back_Right ramp=107 manoeuvre=3 remaining=3.2 own_speed=8.06 target_speed=8.07 ramp_fsm=MERGING ramp_lane_cmd_state=WAIT_EDGE ramp_edge=34126779 ramp_lane=0 ramp_merge_completed=False ramp_merge_committed=True
obu-main-back-right-1  | [7.9] Main_Back_Right HOST_HOLD_YIELD: for merge=107 spd=8.07
obu-main-back-left-1   | HOST_RESERVATION_HOLD: host=Main_Back_Left ramp=108 manoeuvre=34 remaining=0.5 own_speed=6.88 target_speed=6.69 ramp_fsm=NEGOTIATING ramp_lane_cmd_state=NONE ramp_edge=34126779 ramp_lane=0 ramp_merge_completed=False ramp_merge_committed=False
obu-main-back-left-1   | [7.9] Main_Back_Left HOST_HOLD_YIELD: for merge=108 spd=6.69
obu-merge-car-1        | [7.9] Merge_Car MERGE_COMMIT_WAIT_LANE_AVAILABLE: edge=34126779 lane=0 target_lane=1 lane_count=1 executable=False speed=7.26 dtm=42.1
obu-merge-car-1        | [7.9] Merge_Car role=merge state=MERGING->MERGING speed=7.26 target=7.01 neighbors=11
obu-main-back-right-1  | HOST_RESERVATION_HOLD: host=Main_Back_Right ramp=107 manoeuvre=3 remaining=3.0 own_speed=8.06 target_speed=8.07 ramp_fsm=MERGING ramp_lane_cmd_state=WAIT_EDGE ramp_edge=34126779 ramp_lane=0 ramp_merge_completed=False ramp_merge_committed=True
obu-main-back-right-1  | [8.1] Main_Back_Right HOST_HOLD_YIELD: for merge=107 spd=8.07
obu-main-back-right-1  | [8.1] Main_Back_Right MCM_TX_ACCEPT: manoeuvre=3 target=107
obu-host-car-1         | [8.2] Host_Car role=host state=CRUISE->CRUISE speed=7.55 target=7.50 neighbors=11
obu-merge-car-1        | [8.1] Merge_Car MERGE_COMMIT_WAIT_LANE_AVAILABLE: edge=34126779 lane=0 target_lane=1 lane_count=1 executable=False speed=7.24 dtm=40.7
obu-main-back-left-1   | HOST_RESERVATION_HOLD: host=Main_Back_Left ramp=108 manoeuvre=34 remaining=0.2 own_speed=6.85 target_speed=6.69 ramp_fsm=NEGOTIATING ramp_lane_cmd_state=NONE ramp_edge=34126779 ramp_lane=0 ramp_merge_completed=False ramp_merge_committed=False
obu-main-back-left-1   | [8.2] Main_Back_Left HOST_HOLD_YIELD: for merge=108 spd=6.69
obu-main-back-left-1   | [8.2] Main_Back_Left MCM_TX_ACCEPT: manoeuvre=34 target=108
obu-main-back-left-1   | [8.2] Main_Back_Left role=host state=YIELDING->YIELDING speed=6.85 target=6.69 neighbors=11
obu-merge-car-1        | [8.3] Merge_Car MERGE_COMMIT_WAIT_LANE_AVAILABLE: edge=34126779 lane=0 target_lane=1 lane_count=1 executable=False speed=7.22 dtm=39.3
obu-merge-car-1        | [8.5] Merge_Car MCM_RX_ACCEPT: from=106 manoeuvre=3 target=107
obu-main-back-left-1   | [8.5] Main_Back_Left MCM_RX_REQUEST: from=109 manoeuvre=65 target=105
obu-merge-car-1        | [8.5] Merge_Car MCM_RX_ACCEPT: from=106 manoeuvre=3 target=107
obu-main-front-left-1  | [8.5] Main_Front_Left role=cruise state=CRUISE->CRUISE speed=7.92 target=7.50 neighbors=11
obu-main-back-right-1  | HOST_RESERVATION_HOLD: host=Main_Back_Right ramp=107 manoeuvre=3 remaining=2.6 own_speed=8.06 target_speed=8.07 ramp_fsm=MERGING ramp_lane_cmd_state=WAIT_EDGE ramp_edge=34126779 ramp_lane=0 ramp_merge_completed=False ramp_merge_committed=True
obu-main-back-right-1  | [8.5] Main_Back_Right HOST_HOLD_YIELD: for merge=107 spd=8.07
obu-main-back-right-1  | [8.5] Main_Back_Right MCM_TX_ACCEPT: manoeuvre=3 target=107
obu-main-back-right-1  | [8.5] Main_Back_Right role=host state=YIELDING->YIELDING speed=8.06 target=8.07 neighbors=11
obu-ramp-merge-2-1     | [8.5] Ramp_Merge_2 MERGE_DECISION: auth=True phys=False fgok=True lgok=True hgok=True cok=True esok=True cready=False dtm=75.4 past=False committed=False hid=105 ra=2 lclear=True hyok=True
obu-ramp-merge-2-1     | [8.5] Ramp_Merge_2 MERGE_PREPARE_WAIT_PHYSICAL: dtm=75.4
obu-ramp-merge-2-1     | [8.5] Ramp_Merge_2 role=merge state=NEGOTIATING->NEGOTIATING speed=6.47 target=6.38 neighbors=11
obu-ramp-merge-2-1     | [8.5] Ramp_Merge_2 MCM_RX_ACCEPT: from=105 manoeuvre=34 target=108
obu-ramp-merge-5-1     | [8.5] Ramp_Merge_5 role=merge state=YIELDING->YIELDING speed=6.89 target=6.64 neighbors=11
obu-ramp-merge-2-1     | [8.5] Ramp_Merge_2 MCM_RX_ACCEPT: from=105 manoeuvre=34 target=108
obu-ramp-merge-3-1     | [8.5] Ramp_Merge_3 MCM_TX_REQUEST: manoeuvre=65 target=105
obu-ramp-merge-3-1     | [8.5] Ramp_Merge_3 MERGE_DECISION: auth=False phys=False fgok=True lgok=True hgok=True cok=True esok=True cready=False dtm=91.4 past=False committed=False hid=105 ra=None lclear=False hyok=False
obu-ramp-merge-3-1     | [8.5] Ramp_Merge_3 role=merge state=NEGOTIATING->NEGOTIATING speed=6.88 target=6.75 neighbors=11
obu-main-mid-right-1   | [8.6] Main_Mid_Right role=lead state=CRUISE->CRUISE speed=8.95 target=8.95 neighbors=11
obu-ramp-back-1        | [8.5] Ramp_Back CAR_FOLLOW: sid=111 edge=34126779 lane=0 leader_edge= leader_lane=None leader_role_hint=ramp self_merge_completed=False self_merge_completed_age=-1.0 self_merge_committed=False lane_cmd_state=None lane_cmd_edge=None lane_cmd_target=None lane_cmd_executable=None same_lane=True reason=same_lane_cam gap=11.1 follow_spd=5.09 emergency=False target_before=6.0437526700868895 target_after=6.0437526700868895
obu-main-back-left-1   | HOST_RELEASE_BEFORE_CLEAR: host=Main_Back_Left ramp=108 manoeuvre=34 reason=timeout ramp_fsm=NEGOTIATING ramp_lane_cmd_state=NONE ramp_edge=34126779 ramp_lane=0 ramp_merge_completed=False ramp_merge_committed=False
obu-main-back-left-1   | HOST_RESERVATION_START: host=Main_Back_Left ramp=109 manoeuvre=65 until=12.5 own_speed=6.83 target_speed=5.50 required_speed=5.50 gap_eta=1.18
obu-main-back-left-1   | [8.5] Main_Back_Left HOST_RESERVED: merge=109 manoeuvre=65 until=12.5 target_spd=5.50
obu-main-back-left-1   | [8.5] Main_Back_Left HOST_YIELD: for merge=109 req_spd=5.50
obu-main-back-left-1   | [8.5] Main_Back_Left MCM_TX_ACCEPT: manoeuvre=65 target=109
traci-bridge-1         |  Retrying in 1 seconds
traci-bridge-1         | LANE_CMD_STATE veh=Merge_Car edge=34126779 lane=0 target=1 lane_count=1 recently=False speed=7.65
traci-bridge-1         | LANE_CMD_WAIT_EDGE veh=Merge_Car edge=34126779 lane=0 target=1 lane_count=1
traci-bridge-1         | LANE_CMD_STATE veh=Merge_Car edge=34126779 lane=0 target=1 lane_count=1 recently=False speed=7.64
traci-bridge-1         | LANE_CMD_WAIT_EDGE veh=Merge_Car edge=34126779 lane=0 target=1 lane_count=1
traci-bridge-1         | LANE_CMD_STATE veh=Merge_Car edge=34126779 lane=0 target=1 lane_count=1 recently=False speed=7.64
traci-bridge-1         | LANE_CMD_WAIT_EDGE veh=Merge_Car edge=34126779 lane=0 target=1 lane_count=1
traci-bridge-1         | LANE_CMD_STATE veh=Merge_Car edge=34126779 lane=0 target=1 lane_count=1 recently=False speed=7.63
traci-bridge-1         | LANE_CMD_WAIT_EDGE veh=Merge_Car edge=34126779 lane=0 target=1 lane_count=1
traci-bridge-1         | LANE_CMD_STATE veh=Merge_Car edge=34126779 lane=0 target=1 lane_count=1 recently=False speed=7.62
traci-bridge-1         | LANE_CMD_WAIT_EDGE veh=Merge_Car edge=34126779 lane=0 target=1 lane_count=1
traci-bridge-1         | LANE_CMD_STATE veh=Merge_Car edge=34126779 lane=0 target=1 lane_count=1 recently=False speed=7.60
traci-bridge-1         | LANE_CMD_WAIT_EDGE veh=Merge_Car edge=34126779 lane=0 target=1 lane_count=1
traci-bridge-1         | LANE_CMD_STATE veh=Merge_Car edge=34126779 lane=0 target=1 lane_count=1 recently=False speed=7.59
traci-bridge-1         | LANE_CMD_WAIT_EDGE veh=Merge_Car edge=34126779 lane=0 target=1 lane_count=1
traci-bridge-1         | LANE_CMD_STATE veh=Merge_Car edge=34126779 lane=0 target=1 lane_count=1 recently=False speed=7.58
traci-bridge-1         | LANE_CMD_WAIT_EDGE veh=Merge_Car edge=34126779 lane=0 target=1 lane_count=1
traci-bridge-1         | LANE_CMD_STATE veh=Merge_Car edge=34126779 lane=0 target=1 lane_count=1 recently=False speed=7.57
traci-bridge-1         | LANE_CMD_WAIT_EDGE veh=Merge_Car edge=34126779 lane=0 target=1 lane_count=1
traci-bridge-1         | LANE_CMD_STATE veh=Merge_Car edge=34126779 lane=0 target=1 lane_count=1 recently=False speed=7.56
traci-bridge-1         | LANE_CMD_WAIT_EDGE veh=Merge_Car edge=34126779 lane=0 target=1 lane_count=1
traci-bridge-1         | LANE_CMD_STATE veh=Merge_Car edge=34126779 lane=0 target=1 lane_count=1 recently=False speed=7.55
traci-bridge-1         | LANE_CMD_WAIT_EDGE veh=Merge_Car edge=34126779 lane=0 target=1 lane_count=1
traci-bridge-1         | LANE_CMD_STATE veh=Merge_Car edge=34126779 lane=0 target=1 lane_count=1 recently=False speed=7.54
traci-bridge-1         | LANE_CMD_WAIT_EDGE veh=Merge_Car edge=34126779 lane=0 target=1 lane_count=1
traci-bridge-1         | LANE_CMD_STATE veh=Merge_Car edge=34126779 lane=0 target=1 lane_count=1 recently=False speed=7.53
traci-bridge-1         | LANE_CMD_WAIT_EDGE veh=Merge_Car edge=34126779 lane=0 target=1 lane_count=1
traci-bridge-1         | LANE_CMD_STATE veh=Merge_Car edge=34126779 lane=0 target=1 lane_count=1 recently=False speed=7.52
traci-bridge-1         | LANE_CMD_WAIT_EDGE veh=Merge_Car edge=34126779 lane=0 target=1 lane_count=1
traci-bridge-1         | LANE_CMD_STATE veh=Merge_Car edge=34126779 lane=0 target=1 lane_count=1 recently=False speed=7.51
traci-bridge-1         | LANE_CMD_WAIT_EDGE veh=Merge_Car edge=34126779 lane=0 target=1 lane_count=1
traci-bridge-1         | LANE_CMD_STATE veh=Merge_Car edge=34126779 lane=0 target=1 lane_count=1 recently=False speed=7.50
traci-bridge-1         | LANE_CMD_WAIT_EDGE veh=Merge_Car edge=34126779 lane=0 target=1 lane_count=1
traci-bridge-1         | LANE_CMD_STATE veh=Merge_Car edge=34126779 lane=0 target=1 lane_count=1 recently=False speed=7.49
traci-bridge-1         | LANE_CMD_WAIT_EDGE veh=Merge_Car edge=34126779 lane=0 target=1 lane_count=1
traci-bridge-1         | LANE_CMD_STATE veh=Merge_Car edge=34126779 lane=0 target=1 lane_count=1 recently=False speed=7.48
traci-bridge-1         | LANE_CMD_WAIT_EDGE veh=Merge_Car edge=34126779 lane=0 target=1 lane_count=1
traci-bridge-1         | LANE_CMD_STATE veh=Merge_Car edge=34126779 lane=0 target=1 lane_count=1 recently=False speed=7.47
traci-bridge-1         | LANE_CMD_WAIT_EDGE veh=Merge_Car edge=34126779 lane=0 target=1 lane_count=1
traci-bridge-1         | LANE_CMD_STATE veh=Merge_Car edge=34126779 lane=0 target=1 lane_count=1 recently=False speed=7.45
traci-bridge-1         | LANE_CMD_WAIT_EDGE veh=Merge_Car edge=34126779 lane=0 target=1 lane_count=1
traci-bridge-1         | LANE_CMD_STATE veh=Merge_Car edge=34126779 lane=0 target=1 lane_count=1 recently=False speed=7.44
traci-bridge-1         | LANE_CMD_WAIT_EDGE veh=Merge_Car edge=34126779 lane=0 target=1 lane_count=1
traci-bridge-1         | LANE_CMD_STATE veh=Merge_Car edge=34126779 lane=0 target=1 lane_count=1 recently=False speed=7.43
traci-bridge-1         | LANE_CMD_WAIT_EDGE veh=Merge_Car edge=34126779 lane=0 target=1 lane_count=1
traci-bridge-1         | LANE_CMD_STATE veh=Merge_Car edge=34126779 lane=0 target=1 lane_count=1 recently=False speed=7.42
traci-bridge-1         | LANE_CMD_WAIT_EDGE veh=Merge_Car edge=34126779 lane=0 target=1 lane_count=1
traci-bridge-1         | LANE_CMD_STATE veh=Merge_Car edge=34126779 lane=0 target=1 lane_count=1 recently=False speed=7.41
traci-bridge-1         | LANE_CMD_WAIT_EDGE veh=Merge_Car edge=34126779 lane=0 target=1 lane_count=1
traci-bridge-1         | LANE_CMD_STATE veh=Merge_Car edge=34126779 lane=0 target=1 lane_count=1 recently=False speed=7.40
traci-bridge-1         | LANE_CMD_WAIT_EDGE veh=Merge_Car edge=34126779 lane=0 target=1 lane_count=1
traci-bridge-1         | LANE_CMD_STATE veh=Merge_Car edge=34126779 lane=0 target=1 lane_count=1 recently=False speed=7.39
traci-bridge-1         | LANE_CMD_WAIT_EDGE veh=Merge_Car edge=34126779 lane=0 target=1 lane_count=1
traci-bridge-1         | LANE_CMD_STATE veh=Merge_Car edge=34126779 lane=0 target=1 lane_count=1 recently=False speed=7.38
traci-bridge-1         | LANE_CMD_WAIT_EDGE veh=Merge_Car edge=34126779 lane=0 target=1 lane_count=1
traci-bridge-1         | LANE_CMD_STATE veh=Merge_Car edge=34126779 lane=0 target=1 lane_count=1 recently=False speed=7.37
traci-bridge-1         | LANE_CMD_WAIT_EDGE veh=Merge_Car edge=34126779 lane=0 target=1 lane_count=1
traci-bridge-1         | LANE_CMD_STATE veh=Merge_Car edge=34126779 lane=0 target=1 lane_count=1 recently=False speed=7.36
traci-bridge-1         | LANE_CMD_WAIT_EDGE veh=Merge_Car edge=34126779 lane=0 target=1 lane_count=1
traci-bridge-1         | LANE_CMD_STATE veh=Merge_Car edge=34126779 lane=0 target=1 lane_count=1 recently=False speed=7.35
traci-bridge-1         | LANE_CMD_WAIT_EDGE veh=Merge_Car edge=34126779 lane=0 target=1 lane_count=1
traci-bridge-1         | LANE_CMD_STATE veh=Merge_Car edge=34126779 lane=0 target=1 lane_count=1 recently=False speed=7.34
traci-bridge-1         | LANE_CMD_WAIT_EDGE veh=Merge_Car edge=34126779 lane=0 target=1 lane_count=1
traci-bridge-1         | LANE_CMD_STATE veh=Merge_Car edge=34126779 lane=0 target=1 lane_count=1 recently=False speed=7.33
traci-bridge-1         | LANE_CMD_WAIT_EDGE veh=Merge_Car edge=34126779 lane=0 target=1 lane_count=1
traci-bridge-1         | LANE_CMD_STATE veh=Merge_Car edge=34126779 lane=0 target=1 lane_count=1 recently=False speed=7.32
traci-bridge-1         | LANE_CMD_WAIT_EDGE veh=Merge_Car edge=34126779 lane=0 target=1 lane_count=1
traci-bridge-1         | LANE_CMD_STATE veh=Merge_Car edge=34126779 lane=0 target=1 lane_count=1 recently=False speed=7.31
traci-bridge-1         | LANE_CMD_WAIT_EDGE veh=Merge_Car edge=34126779 lane=0 target=1 lane_count=1
traci-bridge-1         | LANE_CMD_STATE veh=Merge_Car edge=34126779 lane=0 target=1 lane_count=1 recently=False speed=7.30
traci-bridge-1         | LANE_CMD_WAIT_EDGE veh=Merge_Car edge=34126779 lane=0 target=1 lane_count=1
traci-bridge-1         | LANE_CMD_STATE veh=Merge_Car edge=34126779 lane=0 target=1 lane_count=1 recently=False speed=7.29
traci-bridge-1         | LANE_CMD_WAIT_EDGE veh=Merge_Car edge=34126779 lane=0 target=1 lane_count=1
traci-bridge-1         | LANE_CMD_STATE veh=Merge_Car edge=34126779 lane=0 target=1 lane_count=1 recently=False speed=7.28
traci-bridge-1         | LANE_CMD_WAIT_EDGE veh=Merge_Car edge=34126779 lane=0 target=1 lane_count=1
traci-bridge-1         | LANE_CMD_STATE veh=Merge_Car edge=34126779 lane=0 target=1 lane_count=1 recently=False speed=7.27
traci-bridge-1         | LANE_CMD_WAIT_EDGE veh=Merge_Car edge=34126779 lane=0 target=1 lane_count=1
traci-bridge-1         | LANE_CMD_STATE veh=Merge_Car edge=34126779 lane=0 target=1 lane_count=1 recently=False speed=7.26
traci-bridge-1         | LANE_CMD_WAIT_EDGE veh=Merge_Car edge=34126779 lane=0 target=1 lane_count=1
traci-bridge-1         | LANE_CMD_STATE veh=Merge_Car edge=34126779 lane=0 target=1 lane_count=1 recently=False speed=7.25
traci-bridge-1         | LANE_CMD_WAIT_EDGE veh=Merge_Car edge=34126779 lane=0 target=1 lane_count=1
traci-bridge-1         | LANE_CMD_STATE veh=Merge_Car edge=34126779 lane=0 target=1 lane_count=1 recently=False speed=7.24
traci-bridge-1         | LANE_CMD_WAIT_EDGE veh=Merge_Car edge=34126779 lane=0 target=1 lane_count=1
traci-bridge-1         | LANE_CMD_STATE veh=Merge_Car edge=34126779 lane=0 target=1 lane_count=1 recently=False speed=7.23
traci-bridge-1         | LANE_CMD_WAIT_EDGE veh=Merge_Car edge=34126779 lane=0 target=1 lane_count=1
traci-bridge-1         | LANE_CMD_STATE veh=Merge_Car edge=34126779 lane=0 target=1 lane_count=1 recently=False speed=7.22
traci-bridge-1         | LANE_CMD_WAIT_EDGE veh=Merge_Car edge=34126779 lane=0 target=1 lane_count=1
traci-bridge-1         | LANE_CMD_STATE veh=Merge_Car edge=34126779 lane=0 target=1 lane_count=1 recently=False speed=7.21
traci-bridge-1         | LANE_CMD_WAIT_EDGE veh=Merge_Car edge=34126779 lane=0 target=1 lane_count=1
traci-bridge-1         | LANE_CMD_STATE veh=Merge_Car edge=34126779 lane=0 target=1 lane_count=1 recently=False speed=7.20
traci-bridge-1         | LANE_CMD_WAIT_EDGE veh=Merge_Car edge=34126779 lane=0 target=1 lane_count=1
traci-bridge-1         | LANE_CMD_STATE veh=Merge_Car edge=34126779 lane=0 target=1 lane_count=1 recently=False speed=7.19
traci-bridge-1         | LANE_CMD_WAIT_EDGE veh=Merge_Car edge=34126779 lane=0 target=1 lane_count=1
traci-bridge-1         | LANE_CMD_STATE veh=Merge_Car edge=34126779 lane=0 target=1 lane_count=1 recently=False speed=7.18
obu-ramp-merge-4-1     | [8.5] Ramp_Merge_4 role=merge state=CRUISE->CRUISE speed=6.89 target=6.75 neighbors=11
obu-merge-car-1        | [8.5] Merge_Car MERGE_COMMIT_WAIT_LANE_AVAILABLE: edge=34126779 lane=0 target_lane=1 lane_count=1 executable=False speed=7.20 dtm=37.9
obu-merge-car-1        | [8.7] Merge_Car MERGE_COMMIT_WAIT_LANE_AVAILABLE: edge=34126779 lane=0 target_lane=1 lane_count=1 executable=False speed=7.18 dtm=36.5
obu-merge-car-1        | [8.9] Merge_Car MERGE_COMMIT_WAIT_LANE_AVAILABLE: edge=34126779 lane=0 target_lane=1 lane_count=1 executable=False speed=7.16 dtm=35.1
obu-merge-car-1        | [8.9] Merge_Car role=merge state=MERGING->MERGING speed=7.16 target=6.91 neighbors=11
obu-merge-car-1        | [9.1] Merge_Car MERGE_COMMIT_WAIT_LANE_AVAILABLE: edge=34126779 lane=0 target_lane=1 lane_count=1 executable=False speed=7.14 dtm=33.7
obu-ramp-merge-3-1     | [9.3] Ramp_Merge_3 MCM_RX_ACCEPT: from=105 manoeuvre=65 target=109
obu-ramp-merge-3-1     | [9.4] Ramp_Merge_3 MCM_TX_REQUEST: manoeuvre=65 target=105
obu-ramp-merge-3-1     | MERGE_ATTEMPT_TIMELINE: vehicle=Ramp_Merge_3 manoeuvre=65 host=105 lead=104 event=ACCEPT_MATCHED t=9.4 edge=34126779 lane=0 lane_cmd_state=NONE speed=6.83 target=6.75 dtm=88.2 lead_gap=71.43 host_gap=84.82 lead_gap_t1=71.43 lead_gap_t2=71.43 lead_gap_t3=71.43 host_gap_t1=84.82 host_gap_t2=84.82 host_gap_t3=84.82
obu-ramp-merge-3-1     | [9.4] Ramp_Merge_3 MCM_ACCEPT_MATCHED: host=105 manoeuvre=65
obu-main-back-left-1   | [9.4] Main_Back_Left MCM_RX_REQUEST: from=109 manoeuvre=65 target=105
obu-lead-car-1         | [9.5] Lead_Car role=cruise state=CRUISE->CRUISE speed=7.60 target=7.50 neighbors=11
obu-merge-car-1        | [9.3] Merge_Car MERGE_COMMIT_WAIT_LANE_AVAILABLE: edge=34126779 lane=0 target_lane=1 lane_count=1 executable=False speed=7.12 dtm=32.3
obu-merge-car-1        | [9.3] Merge_Car MCM_RX_ACCEPT: from=106 manoeuvre=3 target=107
obu-main-back-right-1  | HOST_RESERVATION_HOLD: host=Main_Back_Right ramp=107 manoeuvre=3 remaining=1.6 own_speed=8.06 target_speed=8.07 ramp_fsm=MERGING ramp_lane_cmd_state=WAIT_EDGE ramp_edge=34126779 ramp_lane=0 ramp_merge_completed=False ramp_merge_committed=True
obu-main-back-right-1  | [9.5] Main_Back_Right HOST_HOLD_YIELD: for merge=107 spd=8.07
obu-main-back-right-1  | [9.5] Main_Back_Right MCM_TX_ACCEPT: manoeuvre=3 target=107
obu-main-back-right-1  | [9.5] Main_Back_Right role=host state=YIELDING->YIELDING speed=8.06 target=8.07 neighbors=11
obu-ramp-merge-2-1     | [9.5] Ramp_Merge_2 MERGE_DECISION: auth=True phys=False fgok=True lgok=True hgok=True cok=True esok=True cready=False dtm=70.8 past=False committed=False hid=105 ra=2 lclear=True hyok=True
obu-ramp-merge-2-1     | [9.5] Ramp_Merge_2 MERGE_PREPARE_WAIT_PHYSICAL: dtm=70.8
obu-ramp-merge-2-1     | [9.5] Ramp_Merge_2 role=merge state=NEGOTIATING->NEGOTIATING speed=6.43 target=6.38 neighbors=11
obu-host-car-1         | [9.5] Host_Car role=host state=CRUISE->CRUISE speed=7.52 target=7.50 neighbors=11
obu-ramp-back-1        | [9.4] Ramp_Back role=merge state=YIELDING->YIELDING speed=6.21 target=5.96 neighbors=11
obu-main-back-left-1   | HOST_RESERVATION_HOLD: host=Main_Back_Left ramp=109 manoeuvre=65 remaining=2.9 own_speed=6.37 target_speed=5.50 ramp_fsm=NEGOTIATING ramp_lane_cmd_state=NONE ramp_edge=34126779 ramp_lane=0 ramp_merge_completed=False ramp_merge_committed=False
obu-main-back-left-1   | [9.6] Main_Back_Left HOST_HOLD_YIELD: for merge=109 spd=5.50
obu-main-back-left-1   | [9.6] Main_Back_Left MCM_TX_ACCEPT: manoeuvre=65 target=109
obu-main-back-left-1   | [9.6] Main_Back_Left role=host state=YIELDING->YIELDING speed=6.37 target=5.50 neighbors=10
obu-merge-car-1        | [9.6] Merge_Car MERGE_COMMIT_WAIT_LANE_AVAILABLE: edge=34126779 lane=0 target_lane=1 lane_count=1 executable=False speed=7.08 dtm=30.3
obu-main-front-left-1  | [9.6] Main_Front_Left role=cruise state=CRUISE->CRUISE speed=7.74 target=7.50 neighbors=10
obu-ramp-merge-2-1     | [9.7] Ramp_Merge_2 MCM_ACCEPT_STALE: host=105 manoeuvre=34
obu-ramp-merge-2-1     | [9.7] Ramp_Merge_2 MERGE_DECISION: auth=True phys=True fgok=True lgok=True hgok=True cok=True esok=True cready=True dtm=69.8 past=False committed=False hid=105 ra=2 lclear=True hyok=True
obu-ramp-merge-2-1     | [9.7] Ramp_Merge_2 MERGE_START_GAP_DIAG: event=start lead=104 host=105 lead_eta=9.11029391759904 own_eta=10.86654571157352 host_eta=14.634810263377753 lead_gap=41.78264484372073 host_gap=41.23448126727949 lead_gap_p1=41.78264484372073 lead_gap_p2=41.78264484372073 lead_gap_p3=41.78264484372073 host_gap_p1=41.23448126727949 host_gap_p2=41.23448126727949 host_gap_p3=41.23448126727949 rel_to_lead=-1.1131613187965845 rel_to_host=-0.3931613187965848 lead_lat=18.963159778001025 host_lat=50.08193791050106 edge=34126779 lane=0 lane_cmd_state=None lane_cmd_edge=None lane_cmd_target=None lane_cmd_executable=None dtm=69.8 speed=6.43
obu-ramp-merge-2-1     | MERGE_ATTEMPT_TIMELINE: vehicle=Ramp_Merge_2 manoeuvre=34 host=105 lead=104 event=PHYSICAL_START t=9.7 edge=34126779 lane=0 lane_cmd_state=NONE speed=6.43 target=6.61 dtm=69.8 lead_gap=41.78 host_gap=41.23 lead_gap_t1=41.78 lead_gap_t2=41.78 lead_gap_t3=41.78 host_gap_t1=41.23 host_gap_t2=41.23 host_gap_t3=41.23
obu-ramp-merge-2-1     | [9.7] Ramp_Merge_2 MERGE_PHYSICAL_START: host=105 manoeuvre=34
obu-ramp-merge-2-1     | [9.7] Ramp_Merge_2 MERGING!
obu-ramp-back-1        | [9.6] Ramp_Back CAR_FOLLOW: sid=111 edge=34126779 lane=0 leader_edge= leader_lane=None leader_role_hint=ramp self_merge_completed=False self_merge_completed_age=-1.0 self_merge_committed=False lane_cmd_state=None lane_cmd_edge=None lane_cmd_target=None lane_cmd_executable=None same_lane=True reason=same_lane_cam gap=11.9 follow_spd=6.07 emergency=False target_before=5.940766993794561 target_after=6.0666742056628475
obu-ramp-merge-2-1     | [9.9] Ramp_Merge_2 MERGE_LANE_WAIT_EDGE_CONFIRMED: edge=34126779 lane=0 target_lane=1 lane_count=1 executable=False
obu-main-back-left-1   | [10.0] Main_Back_Left MCM_RX_REQUEST: from=109 manoeuvre=65 target=105
obu-main-mid-right-1   | [9.7] Main_Mid_Right role=lead state=CRUISE->CRUISE speed=8.95 target=8.95 neighbors=10
obu-merge-car-1        | [10.0] Merge_Car MCM_RX_ACCEPT: from=106 manoeuvre=3 target=107
obu-ramp-merge-3-1     | [9.7] Ramp_Merge_3 role=merge state=NEGOTIATING->NEGOTIATING speed=6.80 target=6.38 neighbors=10
obu-main-back-left-1   | HOST_RESERVATION_HOLD: host=Main_Back_Left ramp=109 manoeuvre=65 remaining=2.5 own_speed=6.21 target_speed=5.50 ramp_fsm=NEGOTIATING ramp_lane_cmd_state=NONE ramp_edge=34126779 ramp_lane=0 ramp_merge_completed=False ramp_merge_committed=False
obu-main-back-left-1   | [10.0] Main_Back_Left HOST_HOLD_YIELD: for merge=109 spd=5.50
obu-main-back-left-1   | [10.0] Main_Back_Left MCM_TX_ACCEPT: manoeuvre=65 target=109
obu-ramp-merge-3-1     | [9.9] Ramp_Merge_3 MCM_RX_ACCEPT: from=105 manoeuvre=65 target=109
obu-ramp-merge-4-1     | [9.9] Ramp_Merge_4 role=merge state=CRUISE->CRUISE speed=6.82 target=6.75 neighbors=11
obu-merge-car-1        | [10.0] Merge_Car MERGE_COMMIT_WAIT_LANE_AVAILABLE: edge=34126779 lane=0 target_lane=1 lane_count=1 executable=False speed=7.04 dtm=27.5
obu-merge-car-1        | [10.0] Merge_Car FINAL_GUARD: REJECTED slot-boundary ETA sid=102
obu-merge-car-1        | [10.0] Merge_Car MERGE_COMMIT_SAFETY_HOLD: lgok=False hgok=True fgok=False edge=34126779 lane=0 target_lane=1 speed=7.04 lane_cmd_state=WAIT_EDGE lane_cmd_executable=False lane_cmd_edge=34126779 lane_cmd_lane_count=1
obu-merge-car-1        | [10.0] Merge_Car role=merge state=MERGING->MERGING speed=7.04 target=2.25 neighbors=11
obu-main-back-right-1  | HOST_RESERVATION_HOLD: host=Main_Back_Right ramp=107 manoeuvre=3 remaining=1.1 own_speed=8.07 target_speed=8.07 ramp_fsm=MERGING ramp_lane_cmd_state=WAIT_EDGE ramp_edge=34126779 ramp_lane=0 ramp_merge_completed=False ramp_merge_committed=True
obu-main-back-right-1  | [10.0] Main_Back_Right HOST_HOLD_YIELD: for merge=107 spd=8.07
obu-main-back-right-1  | [10.0] Main_Back_Right MCM_TX_ACCEPT: manoeuvre=3 target=107
obu-ramp-merge-5-1     | [9.9] Ramp_Merge_5 role=merge state=YIELDING->YIELDING speed=6.75 target=6.50 neighbors=11
obu-ramp-merge-3-1     | MERGE_ATTEMPT_TIMELINE: vehicle=Ramp_Merge_3 manoeuvre=65 host=105 lead=104 event=AUTHORIZED t=10.0 edge=34126779 lane=0 lane_cmd_state=NONE speed=6.74 target=6.38 dtm=86.0 lead_gap=63.69 host_gap=77.49 lead_gap_t1=63.69 lead_gap_t2=63.69 lead_gap_t3=63.69 host_gap_t1=76.75 host_gap_t2=76.01 host_gap_t3=75.27
obu-ramp-merge-3-1     | [10.0] Ramp_Merge_3 MERGE_AUTHORIZED_BY_MCM: host=105 manoeuvre=65
obu-ramp-merge-3-1     | [10.0] Ramp_Merge_3 MERGE_DECISION: auth=True phys=False fgok=True lgok=True hgok=True cok=True esok=True cready=False dtm=86.0 past=False committed=False hid=105 ra=2 lclear=True hyok=True
obu-ramp-merge-3-1     | [10.0] Ramp_Merge_3 MERGE_PREPARE_WAIT_PHYSICAL: dtm=86.0
obu-lead-car-1         | [10.6] Lead_Car role=cruise state=CRUISE->CRUISE speed=7.56 target=7.50 neighbors=11
obu-ramp-merge-3-1     | [10.6] Ramp_Merge_3 MCM_RX_ACCEPT: from=105 manoeuvre=65 target=109
obu-merge-car-1        | [10.6] Merge_Car MCM_RX_ACCEPT: from=106 manoeuvre=3 target=107
obu-merge-car-1        | [10.6] Merge_Car MERGE_COMMIT_WAIT_LANE_AVAILABLE: edge=34126779 lane=0 target_lane=1 lane_count=1 executable=False speed=5.95 dtm=23.7
obu-merge-car-1        | [10.6] Merge_Car FINAL_GUARD: REJECTED slot-boundary ETA sid=102
obu-merge-car-1        | [10.6] Merge_Car MERGE_COMMIT_SAFETY_HOLD: lgok=False hgok=True fgok=False edge=34126779 lane=0 target_lane=1 speed=5.95 lane_cmd_state=WAIT_EDGE lane_cmd_executable=False lane_cmd_edge=34126779 lane_cmd_lane_count=1
obu-main-front-left-1  | [10.6] Main_Front_Left role=cruise state=CRUISE->CRUISE speed=7.64 target=7.50 neighbors=11
obu-main-back-right-1  | HOST_RESERVATION_HOLD: host=Main_Back_Right ramp=107 manoeuvre=3 remaining=0.5 own_speed=8.07 target_speed=8.07 ramp_fsm=MERGING ramp_lane_cmd_state=WAIT_EDGE ramp_edge=34126779 ramp_lane=0 ramp_merge_completed=False ramp_merge_committed=True
obu-main-back-right-1  | [10.6] Main_Back_Right HOST_HOLD_YIELD: for merge=107 spd=8.07
obu-main-back-right-1  | [10.6] Main_Back_Right MCM_TX_ACCEPT: manoeuvre=3 target=107
obu-main-back-right-1  | [10.6] Main_Back_Right role=host state=YIELDING->YIELDING speed=8.07 target=8.07 neighbors=11
obu-ramp-merge-2-1     | MERGE_ATTEMPT_TIMELINE: vehicle=Ramp_Merge_2 manoeuvre=34 host=105 lead=104 event=WAIT_EDGE t=10.6 edge=34126779 lane=0 lane_cmd_state=WAIT_EDGE speed=6.48 target=6.75 dtm=65.1 lead_gap=33.77 host_gap=26.80 lead_gap_t1=33.77 lead_gap_t2=33.77 lead_gap_t3=33.77 host_gap_t1=26.53 host_gap_t2=26.25 host_gap_t3=25.97
obu-ramp-merge-2-1     | [10.6] Ramp_Merge_2 MERGE_COMMIT_WAIT_LANE_AVAILABLE: edge=34126779 lane=0 target_lane=1 lane_count=1 executable=False speed=6.48 dtm=65.1
obu-ramp-merge-2-1     | [10.6] Ramp_Merge_2 role=merge state=MERGING->MERGING speed=6.48 target=6.66 neighbors=11
obu-host-car-1         | [10.6] Host_Car role=host state=CRUISE->CRUISE speed=7.51 target=7.50 neighbors=11
obu-ramp-back-1        | [10.5] Ramp_Back CAR_FOLLOW: sid=111 edge=34126779 lane=0 leader_edge= leader_lane=None leader_role_hint=ramp self_merge_completed=False self_merge_completed_age=-1.0 self_merge_committed=False lane_cmd_state=None lane_cmd_edge=None lane_cmd_target=None lane_cmd_executable=None same_lane=True reason=same_lane_cam gap=11.8 follow_spd=6.00 emergency=False target_before=5.857417908434529 target_after=6.004541850670595
obu-ramp-back-1        | [10.5] Ramp_Back role=merge state=YIELDING->YIELDING speed=6.11 target=6.00 neighbors=11
obu-main-mid-right-1   | [10.7] Main_Mid_Right role=lead state=CRUISE->CRUISE speed=8.95 target=8.95 neighbors=11
obu-ramp-merge-3-1     | [10.6] Ramp_Merge_3 MERGE_DECISION: auth=True phys=False fgok=True lgok=True hgok=True cok=True esok=True cready=False dtm=83.4 past=False committed=False hid=105 ra=2 lclear=True hyok=True
obu-ramp-merge-3-1     | [10.6] Ramp_Merge_3 MERGE_PREPARE_WAIT_PHYSICAL: dtm=83.4
obu-main-back-left-1   | HOST_RESERVATION_HOLD: host=Main_Back_Left ramp=109 manoeuvre=65 remaining=1.9 own_speed=6.02 target_speed=5.50 ramp_fsm=NEGOTIATING ramp_lane_cmd_state=NONE ramp_edge=34126779 ramp_lane=0 ramp_merge_completed=False ramp_merge_committed=False
obu-main-back-left-1   | [10.6] Main_Back_Left HOST_HOLD_YIELD: for merge=109 spd=5.50
obu-main-back-left-1   | [10.6] Main_Back_Left MCM_TX_ACCEPT: manoeuvre=65 target=109
obu-main-back-left-1   | [10.6] Main_Back_Left role=host state=YIELDING->YIELDING speed=6.02 target=5.50 neighbors=11
obu-merge-car-1        | [11.1] Merge_Car MCM_RX_ACCEPT: from=106 manoeuvre=3 target=107
obu-merge-car-1        | [11.2] Merge_Car MERGE_COMMIT_WAIT_LANE_AVAILABLE: edge=34126779 lane=0 target_lane=1 lane_count=1 executable=False speed=4.97 dtm=20.4
obu-merge-car-1        | [11.2] Merge_Car FINAL_GUARD: REJECTED slot-boundary ETA sid=102
obu-merge-car-1        | [11.2] Merge_Car MERGE_COMMIT_SAFETY_HOLD: lgok=False hgok=True fgok=False edge=34126779 lane=0 target_lane=1 speed=4.97 lane_cmd_state=WAIT_EDGE lane_cmd_executable=False lane_cmd_edge=34126779 lane_cmd_lane_count=1
obu-merge-car-1        | [11.2] Merge_Car role=merge state=MERGING->MERGING speed=4.97 target=2.25 neighbors=11
obu-ramp-merge-3-1     | [11.1] Ramp_Merge_3 MCM_RX_ACCEPT: from=105 manoeuvre=65 target=109
obu-ramp-merge-2-1     | [11.2] Ramp_Merge_2 MERGE_COMMIT_WAIT_LANE_AVAILABLE: edge=34126779 lane=0 target_lane=1 lane_count=1 executable=False speed=6.52 dtm=62.0
obu-ramp-merge-5-1     | [11.2] Ramp_Merge_5 role=merge state=CRUISE->YIELDING speed=6.68 target=6.43 neighbors=11
obu-ramp-merge-3-1     | [11.2] Ramp_Merge_3 MERGE_DECISION: auth=True phys=False fgok=True lgok=True hgok=True cok=True esok=True cready=False dtm=80.8 past=False committed=False hid=105 ra=2 lclear=True hyok=True
obu-ramp-merge-3-1     | [11.2] Ramp_Merge_3 MERGE_PREPARE_WAIT_PHYSICAL: dtm=80.8
obu-ramp-merge-3-1     | [11.2] Ramp_Merge_3 role=merge state=NEGOTIATING->NEGOTIATING speed=6.57 target=6.38 neighbors=11
obu-merge-car-1        | [11.3] Merge_Car MERGE_COMMIT_WAIT_LANE_AVAILABLE: edge=34126779 lane=0 target_lane=1 lane_count=1 executable=False speed=4.83 dtm=20.0
obu-merge-car-1        | [11.3] Merge_Car FINAL_GUARD: REJECTED slot-boundary ETA sid=102
obu-merge-car-1        | [11.3] Merge_Car MERGE_COMMIT_SAFETY_HOLD: lgok=False hgok=True fgok=False edge=34126779 lane=0 target_lane=1 speed=4.83 lane_cmd_state=WAIT_EDGE lane_cmd_executable=False lane_cmd_edge=34126779 lane_cmd_lane_count=1
obu-ramp-merge-3-1     | [11.3] Ramp_Merge_3 MERGE_DECISION: auth=True phys=False fgok=True lgok=True hgok=True cok=True esok=True cready=False dtm=80.4 past=False committed=False hid=105 ra=2 lclear=True hyok=True
obu-ramp-merge-3-1     | [11.3] Ramp_Merge_3 MERGE_PREPARE_WAIT_PHYSICAL: dtm=80.4
obu-main-back-left-1   | HOST_RESERVATION_HOLD: host=Main_Back_Left ramp=109 manoeuvre=65 remaining=1.0 own_speed=5.83 target_speed=5.50 ramp_fsm=NEGOTIATING ramp_lane_cmd_state=NONE ramp_edge=34126779 ramp_lane=0 ramp_merge_completed=False ramp_merge_committed=False
obu-main-back-left-1   | [11.5] Main_Back_Left HOST_HOLD_YIELD: for merge=109 spd=5.50
obu-main-back-left-1   | [11.5] Main_Back_Left MCM_TX_ACCEPT: manoeuvre=65 target=109
obu-ramp-merge-4-1     | [11.4] Ramp_Merge_4 role=merge state=CRUISE->CRUISE speed=6.78 target=6.75 neighbors=11
traci-bridge-1         | LANE_CMD_WAIT_EDGE veh=Merge_Car edge=34126779 lane=0 target=1 lane_count=1
traci-bridge-1         | LANE_CMD_STATE veh=Merge_Car edge=34126779 lane=0 target=1 lane_count=1 recently=False speed=7.17
traci-bridge-1         | LANE_CMD_WAIT_EDGE veh=Merge_Car edge=34126779 lane=0 target=1 lane_count=1
traci-bridge-1         | LANE_CMD_STATE veh=Merge_Car edge=34126779 lane=0 target=1 lane_count=1 recently=False speed=7.16
traci-bridge-1         | LANE_CMD_WAIT_EDGE veh=Merge_Car edge=34126779 lane=0 target=1 lane_count=1
traci-bridge-1         | LANE_CMD_STATE veh=Merge_Car edge=34126779 lane=0 target=1 lane_count=1 recently=False speed=7.15
traci-bridge-1         | LANE_CMD_WAIT_EDGE veh=Merge_Car edge=34126779 lane=0 target=1 lane_count=1
traci-bridge-1         | LANE_CMD_STATE veh=Merge_Car edge=34126779 lane=0 target=1 lane_count=1 recently=False speed=7.14
traci-bridge-1         | LANE_CMD_WAIT_EDGE veh=Merge_Car edge=34126779 lane=0 target=1 lane_count=1
traci-bridge-1         | LANE_CMD_STATE veh=Merge_Car edge=34126779 lane=0 target=1 lane_count=1 recently=False speed=7.13
traci-bridge-1         | LANE_CMD_WAIT_EDGE veh=Merge_Car edge=34126779 lane=0 target=1 lane_count=1
traci-bridge-1         | LANE_CMD_STATE veh=Merge_Car edge=34126779 lane=0 target=1 lane_count=1 recently=False speed=7.12
traci-bridge-1         | LANE_CMD_WAIT_EDGE veh=Merge_Car edge=34126779 lane=0 target=1 lane_count=1
traci-bridge-1         | LANE_CMD_STATE veh=Merge_Car edge=34126779 lane=0 target=1 lane_count=1 recently=False speed=7.11
traci-bridge-1         | LANE_CMD_WAIT_EDGE veh=Merge_Car edge=34126779 lane=0 target=1 lane_count=1
traci-bridge-1         | LANE_CMD_STATE veh=Merge_Car edge=34126779 lane=0 target=1 lane_count=1 recently=False speed=7.09
traci-bridge-1         | LANE_CMD_WAIT_EDGE veh=Merge_Car edge=34126779 lane=0 target=1 lane_count=1
traci-bridge-1         | LANE_CMD_STATE veh=Merge_Car edge=34126779 lane=0 target=1 lane_count=1 recently=False speed=7.08
traci-bridge-1         | LANE_CMD_WAIT_EDGE veh=Merge_Car edge=34126779 lane=0 target=1 lane_count=1
traci-bridge-1         | LANE_CMD_STATE veh=Merge_Car edge=34126779 lane=0 target=1 lane_count=1 recently=False speed=7.07
traci-bridge-1         | LANE_CMD_WAIT_EDGE veh=Merge_Car edge=34126779 lane=0 target=1 lane_count=1
traci-bridge-1         | LANE_CMD_STATE veh=Merge_Car edge=34126779 lane=0 target=1 lane_count=1 recently=False speed=7.06
traci-bridge-1         | LANE_CMD_WAIT_EDGE veh=Merge_Car edge=34126779 lane=0 target=1 lane_count=1
traci-bridge-1         | LANE_CMD_STATE veh=Merge_Car edge=34126779 lane=0 target=1 lane_count=1 recently=False speed=7.05
traci-bridge-1         | LANE_CMD_WAIT_EDGE veh=Merge_Car edge=34126779 lane=0 target=1 lane_count=1
traci-bridge-1         | LANE_CMD_STATE veh=Ramp_Merge_2 edge=34126779 lane=0 target=1 lane_count=1 recently=False speed=6.42
traci-bridge-1         | LANE_CMD_WAIT_EDGE veh=Ramp_Merge_2 edge=34126779 lane=0 target=1 lane_count=1
traci-bridge-1         | LANE_CMD_STATE veh=Merge_Car edge=34126779 lane=0 target=1 lane_count=1 recently=False speed=7.04
traci-bridge-1         | LANE_CMD_WAIT_EDGE veh=Merge_Car edge=34126779 lane=0 target=1 lane_count=1
traci-bridge-1         | LANE_CMD_STATE veh=Ramp_Merge_2 edge=34126779 lane=0 target=1 lane_count=1 recently=False speed=6.43
traci-bridge-1         | LANE_CMD_WAIT_EDGE veh=Ramp_Merge_2 edge=34126779 lane=0 target=1 lane_count=1
traci-bridge-1         | LANE_CMD_STATE veh=Merge_Car edge=34126779 lane=0 target=1 lane_count=1 recently=False speed=7.03
traci-bridge-1         | LANE_CMD_WAIT_EDGE veh=Merge_Car edge=34126779 lane=0 target=1 lane_count=1
traci-bridge-1         | LANE_CMD_STATE veh=Ramp_Merge_2 edge=34126779 lane=0 target=1 lane_count=1 recently=False speed=6.44
traci-bridge-1         | LANE_CMD_WAIT_EDGE veh=Ramp_Merge_2 edge=34126779 lane=0 target=1 lane_count=1
traci-bridge-1         | LANE_CMD_STATE veh=Merge_Car edge=34126779 lane=0 target=1 lane_count=1 recently=False speed=6.79
traci-bridge-1         | LANE_CMD_WAIT_EDGE veh=Merge_Car edge=34126779 lane=0 target=1 lane_count=1
traci-bridge-1         | LANE_CMD_STATE veh=Ramp_Merge_2 edge=34126779 lane=0 target=1 lane_count=1 recently=False speed=6.45
traci-bridge-1         | LANE_CMD_WAIT_EDGE veh=Ramp_Merge_2 edge=34126779 lane=0 target=1 lane_count=1
traci-bridge-1         | LANE_CMD_STATE veh=Merge_Car edge=34126779 lane=0 target=1 lane_count=1 recently=False speed=6.56
traci-bridge-1         | LANE_CMD_WAIT_EDGE veh=Merge_Car edge=34126779 lane=0 target=1 lane_count=1
traci-bridge-1         | LANE_CMD_STATE veh=Ramp_Merge_2 edge=34126779 lane=0 target=1 lane_count=1 recently=False speed=6.46
traci-bridge-1         | LANE_CMD_WAIT_EDGE veh=Ramp_Merge_2 edge=34126779 lane=0 target=1 lane_count=1
traci-bridge-1         | LANE_CMD_STATE veh=Merge_Car edge=34126779 lane=0 target=1 lane_count=1 recently=False speed=6.35
traci-bridge-1         | LANE_CMD_WAIT_EDGE veh=Merge_Car edge=34126779 lane=0 target=1 lane_count=1
traci-bridge-1         | LANE_CMD_STATE veh=Ramp_Merge_2 edge=34126779 lane=0 target=1 lane_count=1 recently=False speed=6.46
traci-bridge-1         | LANE_CMD_WAIT_EDGE veh=Ramp_Merge_2 edge=34126779 lane=0 target=1 lane_count=1
traci-bridge-1         | LANE_CMD_STATE veh=Merge_Car edge=34126779 lane=0 target=1 lane_count=1 recently=False speed=6.14
traci-bridge-1         | LANE_CMD_WAIT_EDGE veh=Merge_Car edge=34126779 lane=0 target=1 lane_count=1
traci-bridge-1         | LANE_CMD_STATE veh=Ramp_Merge_2 edge=34126779 lane=0 target=1 lane_count=1 recently=False speed=6.47
traci-bridge-1         | LANE_CMD_WAIT_EDGE veh=Ramp_Merge_2 edge=34126779 lane=0 target=1 lane_count=1
traci-bridge-1         | LANE_CMD_STATE veh=Merge_Car edge=34126779 lane=0 target=1 lane_count=1 recently=False speed=5.95
traci-bridge-1         | LANE_CMD_WAIT_EDGE veh=Merge_Car edge=34126779 lane=0 target=1 lane_count=1
traci-bridge-1         | LANE_CMD_STATE veh=Ramp_Merge_2 edge=34126779 lane=0 target=1 lane_count=1 recently=False speed=6.48
traci-bridge-1         | LANE_CMD_WAIT_EDGE veh=Ramp_Merge_2 edge=34126779 lane=0 target=1 lane_count=1
traci-bridge-1         | LANE_CMD_STATE veh=Merge_Car edge=34126779 lane=0 target=1 lane_count=1 recently=False speed=5.76
traci-bridge-1         | LANE_CMD_WAIT_EDGE veh=Merge_Car edge=34126779 lane=0 target=1 lane_count=1
traci-bridge-1         | LANE_CMD_STATE veh=Ramp_Merge_2 edge=34126779 lane=0 target=1 lane_count=1 recently=False speed=6.48
traci-bridge-1         | LANE_CMD_WAIT_EDGE veh=Ramp_Merge_2 edge=34126779 lane=0 target=1 lane_count=1
traci-bridge-1         | LANE_CMD_STATE veh=Merge_Car edge=34126779 lane=0 target=1 lane_count=1 recently=False speed=5.59
traci-bridge-1         | LANE_CMD_WAIT_EDGE veh=Merge_Car edge=34126779 lane=0 target=1 lane_count=1
traci-bridge-1         | LANE_CMD_STATE veh=Ramp_Merge_2 edge=34126779 lane=0 target=1 lane_count=1 recently=False speed=6.49
traci-bridge-1         | LANE_CMD_WAIT_EDGE veh=Ramp_Merge_2 edge=34126779 lane=0 target=1 lane_count=1
traci-bridge-1         | LANE_CMD_STATE veh=Merge_Car edge=34126779 lane=0 target=1 lane_count=1 recently=False speed=5.42
traci-bridge-1         | LANE_CMD_WAIT_EDGE veh=Merge_Car edge=34126779 lane=0 target=1 lane_count=1
traci-bridge-1         | LANE_CMD_STATE veh=Ramp_Merge_2 edge=34126779 lane=0 target=1 lane_count=1 recently=False speed=6.50
traci-bridge-1         | LANE_CMD_WAIT_EDGE veh=Ramp_Merge_2 edge=34126779 lane=0 target=1 lane_count=1
traci-bridge-1         | LANE_CMD_STATE veh=Merge_Car edge=34126779 lane=0 target=1 lane_count=1 recently=False speed=5.26
traci-bridge-1         | LANE_CMD_WAIT_EDGE veh=Merge_Car edge=34126779 lane=0 target=1 lane_count=1
traci-bridge-1         | LANE_CMD_STATE veh=Ramp_Merge_2 edge=34126779 lane=0 target=1 lane_count=1 recently=False speed=6.51
traci-bridge-1         | LANE_CMD_WAIT_EDGE veh=Ramp_Merge_2 edge=34126779 lane=0 target=1 lane_count=1
traci-bridge-1         | LANE_CMD_STATE veh=Merge_Car edge=34126779 lane=0 target=1 lane_count=1 recently=False speed=5.11
traci-bridge-1         | LANE_CMD_WAIT_EDGE veh=Merge_Car edge=34126779 lane=0 target=1 lane_count=1
traci-bridge-1         | LANE_CMD_STATE veh=Ramp_Merge_2 edge=34126779 lane=0 target=1 lane_count=1 recently=False speed=6.51
traci-bridge-1         | LANE_CMD_WAIT_EDGE veh=Ramp_Merge_2 edge=34126779 lane=0 target=1 lane_count=1
traci-bridge-1         | LANE_CMD_STATE veh=Merge_Car edge=34126779 lane=0 target=1 lane_count=1 recently=False speed=4.97
traci-bridge-1         | LANE_CMD_WAIT_EDGE veh=Merge_Car edge=34126779 lane=0 target=1 lane_count=1
traci-bridge-1         | LANE_CMD_STATE veh=Ramp_Merge_2 edge=34126779 lane=0 target=1 lane_count=1 recently=False speed=6.52
traci-bridge-1         | LANE_CMD_WAIT_EDGE veh=Ramp_Merge_2 edge=34126779 lane=0 target=1 lane_count=1
traci-bridge-1         | LANE_CMD_STATE veh=Merge_Car edge=34126779 lane=0 target=1 lane_count=1 recently=False speed=4.83
traci-bridge-1         | LANE_CMD_WAIT_EDGE veh=Merge_Car edge=34126779 lane=0 target=1 lane_count=1
traci-bridge-1         | LANE_CMD_STATE veh=Ramp_Merge_2 edge=34126779 lane=0 target=1 lane_count=1 recently=False speed=6.53
traci-bridge-1         | LANE_CMD_WAIT_EDGE veh=Ramp_Merge_2 edge=34126779 lane=0 target=1 lane_count=1
traci-bridge-1         | LANE_CMD_STATE veh=Merge_Car edge=34126779 lane=0 target=1 lane_count=1 recently=False speed=4.70
traci-bridge-1         | LANE_CMD_WAIT_EDGE veh=Merge_Car edge=34126779 lane=0 target=1 lane_count=1
traci-bridge-1         | LANE_CMD_STATE veh=Ramp_Merge_2 edge=34126779 lane=0 target=1 lane_count=1 recently=False speed=6.53
traci-bridge-1         | LANE_CMD_WAIT_EDGE veh=Ramp_Merge_2 edge=34126779 lane=0 target=1 lane_count=1
traci-bridge-1         | LANE_CMD_STATE veh=Merge_Car edge=34126779 lane=0 target=1 lane_count=1 recently=False speed=4.58
traci-bridge-1         | LANE_CMD_WAIT_EDGE veh=Merge_Car edge=34126779 lane=0 target=1 lane_count=1
traci-bridge-1         | LANE_CMD_STATE veh=Ramp_Merge_2 edge=34126779 lane=0 target=1 lane_count=1 recently=False speed=6.54
traci-bridge-1         | LANE_CMD_WAIT_EDGE veh=Ramp_Merge_2 edge=34126779 lane=0 target=1 lane_count=1
traci-bridge-1         | LANE_CMD_STATE veh=Merge_Car edge=34126779 lane=0 target=1 lane_count=1 recently=False speed=4.46
traci-bridge-1         | LANE_CMD_WAIT_EDGE veh=Merge_Car edge=34126779 lane=0 target=1 lane_count=1
obu-merge-car-1        | [11.5] Merge_Car MERGE_COMMIT_WAIT_LANE_AVAILABLE: edge=34126779 lane=0 target_lane=1 lane_count=1 executable=False speed=4.58 dtm=19.0
obu-merge-car-1        | [11.5] Merge_Car FINAL_GUARD: REJECTED slot-boundary ETA sid=102
obu-merge-car-1        | [11.5] Merge_Car MERGE_COMMIT_SAFETY_HOLD: lgok=False hgok=True fgok=False edge=34126779 lane=0 target_lane=1 speed=4.58 lane_cmd_state=WAIT_EDGE lane_cmd_executable=False lane_cmd_edge=34126779 lane_cmd_lane_count=1
obu-main-back-right-1  | HOST_RESERVATION_RELEASE_MAX_TIMEOUT: host=Main_Back_Right ramp=107 manoeuvre=3 duration=10.5 ramp_fsm=MERGING ramp_lcs=WAIT_EDGE ramp_edge=34126779 ramp_merge_completed=False
obu-main-back-right-1  | [11.6] Main_Back_Right role=host state=YIELDING->CRUISE speed=8.00 target=7.50 neighbors=11
obu-ramp-merge-3-1     | [11.6] Ramp_Merge_3 MERGE_DECISION: auth=True phys=False fgok=True lgok=True hgok=True cok=True esok=True cready=False dtm=79.1 past=False committed=False hid=105 ra=2 lclear=True hyok=True
obu-ramp-merge-3-1     | [11.6] Ramp_Merge_3 MERGE_PREPARE_WAIT_PHYSICAL: dtm=79.1
obu-host-car-1         | [11.6] Host_Car role=host state=CRUISE->CRUISE speed=7.51 target=7.50 neighbors=11
obu-main-mid-right-1   | [11.7] Main_Mid_Right role=cruise state=CRUISE->CRUISE speed=8.95 target=7.50 neighbors=11
obu-ramp-back-1        | [11.6] Ramp_Back role=merge state=YIELDING->YIELDING speed=6.01 target=5.76 neighbors=11
obu-ramp-merge-3-1     | [11.9] Ramp_Merge_3 MCM_RX_ACCEPT: from=105 manoeuvre=65 target=109
obu-merge-car-1        | [11.9] Merge_Car MERGE_COMMIT_WAIT_LANE_AVAILABLE: edge=34126779 lane=0 target_lane=1 lane_count=1 executable=False speed=4.15 dtm=17.3
obu-merge-car-1        | [11.9] Merge_Car FINAL_GUARD: REJECTED slot-boundary ETA sid=102
obu-merge-car-1        | [11.9] Merge_Car MERGE_COMMIT_SAFETY_HOLD: lgok=False hgok=True fgok=False edge=34126779 lane=0 target_lane=1 speed=4.15 lane_cmd_state=WAIT_EDGE lane_cmd_executable=False lane_cmd_edge=34126779 lane_cmd_lane_count=1
obu-main-front-left-1  | [12.0] Main_Front_Left role=cruise state=CRUISE->CRUISE speed=7.57 target=7.50 neighbors=11
obu-ramp-merge-2-1     | [11.9] Ramp_Merge_2 MERGE_COMMIT_WAIT_LANE_AVAILABLE: edge=34126779 lane=0 target_lane=1 lane_count=1 executable=False speed=6.57 dtm=57.9
obu-ramp-merge-2-1     | [11.9] Ramp_Merge_2 role=merge state=MERGING->MERGING speed=6.57 target=6.75 neighbors=11
obu-ramp-merge-3-1     | [11.9] Ramp_Merge_3 MERGE_DECISION: auth=True phys=False fgok=True lgok=True hgok=True cok=True esok=True cready=False dtm=77.7 past=False committed=False hid=105 ra=2 lclear=True hyok=True
obu-ramp-merge-3-1     | [11.9] Ramp_Merge_3 MERGE_PREPARE_WAIT_PHYSICAL: dtm=77.7
obu-main-back-left-1   | HOST_RESERVATION_HOLD: host=Main_Back_Left ramp=109 manoeuvre=65 remaining=0.5 own_speed=5.76 target_speed=5.50 ramp_fsm=NEGOTIATING ramp_lane_cmd_state=NONE ramp_edge=34126779 ramp_lane=0 ramp_merge_completed=False ramp_merge_committed=False
obu-main-back-left-1   | [12.0] Main_Back_Left HOST_HOLD_YIELD: for merge=109 spd=5.50
obu-main-back-left-1   | [12.0] Main_Back_Left MCM_TX_ACCEPT: manoeuvre=65 target=109
obu-main-back-left-1   | [12.0] Main_Back_Left role=host state=YIELDING->YIELDING speed=5.76 target=5.50 neighbors=11
obu-lead-car-1         | [12.0] Lead_Car role=cruise state=CRUISE->CRUISE speed=7.53 target=7.50 neighbors=11
obu-ramp-merge-4-1     | [12.1] Ramp_Merge_4 MERGE_DECISION: auth=False phys=False fgok=True lgok=False hgok=True cok=True esok=True cready=False dtm=94.7 past=False committed=False hid=None ra=None lclear=False hyok=True
obu-ramp-merge-4-1     | [12.4] Ramp_Merge_4 MERGE_DECISION: auth=False phys=False fgok=True lgok=False hgok=True cok=True esok=True cready=False dtm=93.7 past=False committed=False hid=None ra=None lclear=False hyok=True
obu-ramp-merge-4-1     | [12.4] Ramp_Merge_4 role=merge state=CRUISE->CRUISE speed=6.77 target=6.52 neighbors=11
obu-ramp-merge-3-1     | [12.0] Ramp_Merge_3 MCM_RX_ACCEPT: from=105 manoeuvre=65 target=109
obu-merge-car-1        | [12.9] Merge_Car MERGE_COMMIT_WAIT_LANE_AVAILABLE: edge=34126779 lane=0 target_lane=1 lane_count=1 executable=False speed=3.39 dtm=13.6
obu-merge-car-1        | MERGE_ATTEMPT_TIMELINE: vehicle=Merge_Car manoeuvre=3 host=106 lead=102 event=ABORT_SAFETY_HOLD t=12.9 edge=34126779 lane=0 lane_cmd_state=WAIT_EDGE speed=3.39 target=6.75 dtm=13.6 lead_gap=46.88 host_gap=73.72 lead_gap_t1=46.88 lead_gap_t2=46.88 lead_gap_t3=46.88 host_gap_t1=69.50 host_gap_t2=65.27 host_gap_t3=61.05
obu-merge-car-1        | [12.9] Merge_Car MERGE_COMMIT_ABORT_SAFETY_HOLD: lgok=False hgok=True fgok=True edge=34126779 lane=0 target_lane=1 speed=3.39 lane_cmd_state=WAIT_EDGE lane_cmd_executable=False lane_cmd_edge=34126779 lane_cmd_lane_count=1
obu-merge-car-1        | [12.9] Merge_Car CAR_FOLLOW: sid=104 edge=34126779 lane=0 leader_edge= leader_lane=None leader_role_hint=main self_merge_completed=False self_merge_completed_age=-1.0 self_merge_committed=False lane_cmd_state=WAIT_EDGE lane_cmd_edge=34126779 lane_cmd_target=1 lane_cmd_executable=False same_lane=False reason=merge_conflict_eta gap=1.6 follow_spd=4.12 emergency=False target_before=6.75 target_after=3.566781596984299
obu-merge-car-1        | [12.9] Merge_Car role=merge state=MERGING->NEGOTIATING speed=3.39 target=3.57 neighbors=11
obu-ramp-merge-2-1     | [12.7] Ramp_Merge_2 MERGE_COMMIT_WAIT_LANE_AVAILABLE: edge=34126779 lane=0 target_lane=1 lane_count=1 executable=False speed=6.63 dtm=53.1
obu-ramp-merge-5-1     | [12.5] Ramp_Merge_5 role=merge state=YIELDING->YIELDING speed=6.55 target=6.30 neighbors=11
obu-host-car-1         | [12.6] Host_Car role=host state=CRUISE->CRUISE speed=7.51 target=7.50 neighbors=11
obu-main-mid-right-1   | [12.9] Main_Mid_Right role=cruise state=CRUISE->CRUISE speed=8.41 target=7.50 neighbors=11
obu-ramp-back-1        | [12.9] Ramp_Back role=merge state=YIELDING->YIELDING speed=5.88 target=5.63 neighbors=11
obu-ramp-merge-3-1     | [12.8] Ramp_Merge_3 MERGE_DECISION: auth=True phys=False fgok=True lgok=True hgok=True cok=True esok=True cready=False dtm=73.5 past=False committed=False hid=105 ra=2 lclear=True hyok=True
obu-ramp-merge-3-1     | [12.8] Ramp_Merge_3 MERGE_PREPARE_WAIT_PHYSICAL: dtm=73.5
obu-ramp-merge-3-1     | [12.8] Ramp_Merge_3 role=merge state=NEGOTIATING->NEGOTIATING speed=6.46 target=6.38 neighbors=11
obu-main-back-left-1   | HOST_RELEASE_BEFORE_CLEAR: host=Main_Back_Left ramp=109 manoeuvre=65 reason=timeout ramp_fsm=NEGOTIATING ramp_lane_cmd_state=NONE ramp_edge=34126779 ramp_lane=0 ramp_merge_completed=False ramp_merge_committed=False
obu-ramp-merge-2-1     | [13.0] Ramp_Merge_2 MERGE_COMMIT_WAIT_LANE_AVAILABLE: edge=34126779 lane=0 target_lane=1 lane_count=1 executable=False speed=6.65 dtm=51.3
obu-ramp-merge-2-1     | [13.0] Ramp_Merge_2 role=merge state=MERGING->MERGING speed=6.65 target=6.75 neighbors=11
obu-ramp-merge-3-1     | [13.0] Ramp_Merge_3 MERGE_DECISION: auth=True phys=False fgok=True lgok=True hgok=True cok=True esok=True cready=False dtm=72.5 past=False committed=False hid=105 ra=2 lclear=True hyok=True
obu-ramp-merge-3-1     | [13.0] Ramp_Merge_3 MERGE_PREPARE_WAIT_PHYSICAL: dtm=72.5
obu-main-back-left-1   | [13.0] Main_Back_Left role=host state=CRUISE->CRUISE speed=5.66 target=7.50 neighbors=11
obu-main-back-right-1  | [13.3] Main_Back_Right role=lead state=CRUISE->CRUISE speed=6.89 target=7.50 neighbors=2
obu-ramp-merge-3-1     | [13.2] Ramp_Merge_3 MCM_ACCEPT_STALE: host=105 manoeuvre=65
obu-lead-car-1         | [13.3] Lead_Car role=cruise state=CRUISE->CRUISE speed=7.51 target=7.50 neighbors=2
obu-ramp-merge-4-1     | [13.4] Ramp_Merge_4 MERGE_DECISION: auth=False phys=False fgok=True lgok=False hgok=True cok=True esok=True cready=False dtm=90.6 past=False committed=False hid=None ra=None lclear=False hyok=True
obu-ramp-merge-4-1     | [13.4] Ramp_Merge_4 role=merge state=CRUISE->CRUISE speed=6.67 target=6.42 neighbors=2
obu-ramp-merge-2-1     | [13.6] Ramp_Merge_2 MERGE_COMMIT_WAIT_LANE_AVAILABLE: edge=34126779 lane=0 target_lane=1 lane_count=1 executable=False speed=6.67 dtm=47.5
obu-ramp-merge-5-1     | [13.6] Ramp_Merge_5 role=merge state=YIELDING->CRUISE speed=6.45 target=6.75 neighbors=11
obu-ramp-merge-3-1     | [13.6] Ramp_Merge_3 MERGE_DECISION: auth=True phys=True fgok=True lgok=True hgok=True cok=True esok=True cready=True dtm=69.8 past=False committed=False hid=105 ra=2 lclear=True hyok=True
obu-ramp-merge-3-1     | [13.6] Ramp_Merge_3 MERGE_START_GAP_DIAG: event=start lead=102 host=105 lead_eta=6.359261368381225 own_eta=10.84536656015496 host_eta=12.425388267773657 lead_gap=44.17468317081051 host_gap=41.55307721355753 lead_gap_p1=44.17468317081051 lead_gap_p2=44.17468317081051 lead_gap_p3=44.17468317081051 host_gap_p1=40.86042336485103 host_gap_p2=40.16776951614454 host_gap_p3=39.47511566743804 rel_to_lead=-1.1073461512935037 rel_to_host=0.6926538487064962 lead_lat=97.36629643848354 host_lat=21.829641226753523 edge=34126779 lane=0 lane_cmd_state=None lane_cmd_edge=None lane_cmd_target=None lane_cmd_executable=None dtm=69.8 speed=6.43
obu-ramp-merge-3-1     | MERGE_ATTEMPT_TIMELINE: vehicle=Ramp_Merge_3 manoeuvre=65 host=105 lead=102 event=PHYSICAL_START t=13.6 edge=34126779 lane=0 lane_cmd_state=NONE speed=6.43 target=6.61 dtm=69.8 lead_gap=44.17 host_gap=41.55 lead_gap_t1=44.17 lead_gap_t2=44.17 lead_gap_t3=44.17 host_gap_t1=40.86 host_gap_t2=40.17 host_gap_t3=39.48
obu-ramp-merge-3-1     | [13.6] Ramp_Merge_3 MERGE_PHYSICAL_START: host=105 manoeuvre=65
obu-ramp-merge-3-1     | [13.6] Ramp_Merge_3 MERGING!
obu-ramp-merge-4-1     | [13.6] Ramp_Merge_4 MERGE_DECISION: auth=False phys=False fgok=True lgok=False hgok=True cok=True esok=True cready=False dtm=89.9 past=False committed=False hid=None ra=None lclear=False hyok=True
obu-merge-car-1        | MERGE_ATTEMPT_TIMELINE: vehicle=Merge_Car manoeuvre=4 host=104 lead=102 event=REQUEST_SENT t=13.6 edge=34126779 lane=0 lane_cmd_state=WAIT_EDGE speed=3.34 target=6.75 dtm=11.5 lead_gap=53.20 host_gap=17.52 lead_gap_t1=53.20 lead_gap_t2=53.20 lead_gap_t3=53.20 host_gap_t1=13.36 host_gap_t2=9.20 host_gap_t3=5.04
obu-main-front-left-1  | [13.7] Main_Front_Left role=cruise state=CRUISE->CRUISE speed=7.53 target=7.50 neighbors=11
obu-merge-car-1        | [13.6] Merge_Car MCM_TX_REQUEST: manoeuvre=4 target=104
obu-merge-car-1        | [13.6] Merge_Car FINAL_GUARD: REJECTED slot-boundary ETA sid=104
obu-merge-car-1        | [13.6] Merge_Car MERGE_DECISION: auth=False phys=True fgok=False lgok=True hgok=False cok=True esok=False cready=True dtm=11.5 past=False committed=False hid=104 ra=None lclear=True hyok=False
obu-merge-car-1        | [13.6] Merge_Car CAR_FOLLOW: sid=104 edge=34126779 lane=0 leader_edge= leader_lane=None leader_role_hint=main self_merge_completed=False self_merge_completed_age=-1.0 self_merge_committed=False lane_cmd_state=WAIT_EDGE lane_cmd_edge=34126779 lane_cmd_target=1 lane_cmd_executable=False same_lane=False reason=merge_conflict_eta gap=1.0 follow_spd=4.12 emergency=False target_before=3.5217380850741913 target_after=3.5217380850741913
traci-bridge-1         | LANE_CMD_STATE veh=Ramp_Merge_2 edge=34126779 lane=0 target=1 lane_count=1 recently=False speed=6.55
traci-bridge-1         | LANE_CMD_WAIT_EDGE veh=Ramp_Merge_2 edge=34126779 lane=0 target=1 lane_count=1
traci-bridge-1         | LANE_CMD_STATE veh=Merge_Car edge=34126779 lane=0 target=1 lane_count=1 recently=False speed=4.35
traci-bridge-1         | LANE_CMD_WAIT_EDGE veh=Merge_Car edge=34126779 lane=0 target=1 lane_count=1
traci-bridge-1         | LANE_CMD_STATE veh=Ramp_Merge_2 edge=34126779 lane=0 target=1 lane_count=1 recently=False speed=6.56
traci-bridge-1         | LANE_CMD_WAIT_EDGE veh=Ramp_Merge_2 edge=34126779 lane=0 target=1 lane_count=1
traci-bridge-1         | LANE_CMD_STATE veh=Merge_Car edge=34126779 lane=0 target=1 lane_count=1 recently=False speed=4.25
traci-bridge-1         | LANE_CMD_WAIT_EDGE veh=Merge_Car edge=34126779 lane=0 target=1 lane_count=1
traci-bridge-1         | LANE_CMD_STATE veh=Ramp_Merge_2 edge=34126779 lane=0 target=1 lane_count=1 recently=False speed=6.56
traci-bridge-1         | LANE_CMD_WAIT_EDGE veh=Ramp_Merge_2 edge=34126779 lane=0 target=1 lane_count=1
traci-bridge-1         | LANE_CMD_STATE veh=Merge_Car edge=34126779 lane=0 target=1 lane_count=1 recently=False speed=4.15
traci-bridge-1         | LANE_CMD_WAIT_EDGE veh=Merge_Car edge=34126779 lane=0 target=1 lane_count=1
traci-bridge-1         | LANE_CMD_STATE veh=Ramp_Merge_2 edge=34126779 lane=0 target=1 lane_count=1 recently=False speed=6.57
traci-bridge-1         | LANE_CMD_WAIT_EDGE veh=Ramp_Merge_2 edge=34126779 lane=0 target=1 lane_count=1
traci-bridge-1         | LANE_CMD_STATE veh=Merge_Car edge=34126779 lane=0 target=1 lane_count=1 recently=False speed=4.05
traci-bridge-1         | LANE_CMD_WAIT_EDGE veh=Merge_Car edge=34126779 lane=0 target=1 lane_count=1
traci-bridge-1         | LANE_CMD_STATE veh=Ramp_Merge_2 edge=34126779 lane=0 target=1 lane_count=1 recently=False speed=6.58
traci-bridge-1         | LANE_CMD_WAIT_EDGE veh=Ramp_Merge_2 edge=34126779 lane=0 target=1 lane_count=1
traci-bridge-1         | LANE_CMD_STATE veh=Merge_Car edge=34126779 lane=0 target=1 lane_count=1 recently=False speed=3.96
traci-bridge-1         | LANE_CMD_WAIT_EDGE veh=Merge_Car edge=34126779 lane=0 target=1 lane_count=1
traci-bridge-1         | LANE_CMD_STATE veh=Ramp_Merge_2 edge=34126779 lane=0 target=1 lane_count=1 recently=False speed=6.58
traci-bridge-1         | LANE_CMD_WAIT_EDGE veh=Ramp_Merge_2 edge=34126779 lane=0 target=1 lane_count=1
traci-bridge-1         | LANE_CMD_STATE veh=Merge_Car edge=34126779 lane=0 target=1 lane_count=1 recently=False speed=3.88
traci-bridge-1         | LANE_CMD_WAIT_EDGE veh=Merge_Car edge=34126779 lane=0 target=1 lane_count=1
traci-bridge-1         | LANE_CMD_STATE veh=Ramp_Merge_2 edge=34126779 lane=0 target=1 lane_count=1 recently=False speed=6.59
traci-bridge-1         | LANE_CMD_WAIT_EDGE veh=Ramp_Merge_2 edge=34126779 lane=0 target=1 lane_count=1
traci-bridge-1         | LANE_CMD_STATE veh=Merge_Car edge=34126779 lane=0 target=1 lane_count=1 recently=False speed=3.80
traci-bridge-1         | LANE_CMD_WAIT_EDGE veh=Merge_Car edge=34126779 lane=0 target=1 lane_count=1
traci-bridge-1         | LANE_CMD_STATE veh=Ramp_Merge_2 edge=34126779 lane=0 target=1 lane_count=1 recently=False speed=6.60
traci-bridge-1         | LANE_CMD_WAIT_EDGE veh=Ramp_Merge_2 edge=34126779 lane=0 target=1 lane_count=1
traci-bridge-1         | LANE_CMD_STATE veh=Merge_Car edge=34126779 lane=0 target=1 lane_count=1 recently=False speed=3.72
traci-bridge-1         | LANE_CMD_WAIT_EDGE veh=Merge_Car edge=34126779 lane=0 target=1 lane_count=1
traci-bridge-1         | LANE_CMD_STATE veh=Ramp_Merge_2 edge=34126779 lane=0 target=1 lane_count=1 recently=False speed=6.61
traci-bridge-1         | LANE_CMD_WAIT_EDGE veh=Ramp_Merge_2 edge=34126779 lane=0 target=1 lane_count=1
traci-bridge-1         | LANE_CMD_STATE veh=Merge_Car edge=34126779 lane=0 target=1 lane_count=1 recently=False speed=3.65
traci-bridge-1         | LANE_CMD_WAIT_EDGE veh=Merge_Car edge=34126779 lane=0 target=1 lane_count=1
traci-bridge-1         | LANE_CMD_STATE veh=Ramp_Merge_2 edge=34126779 lane=0 target=1 lane_count=1 recently=False speed=6.61
traci-bridge-1         | LANE_CMD_WAIT_EDGE veh=Ramp_Merge_2 edge=34126779 lane=0 target=1 lane_count=1
traci-bridge-1         | LANE_CMD_STATE veh=Merge_Car edge=34126779 lane=0 target=1 lane_count=1 recently=False speed=3.58
traci-bridge-1         | LANE_CMD_WAIT_EDGE veh=Merge_Car edge=34126779 lane=0 target=1 lane_count=1
traci-bridge-1         | LANE_CMD_STATE veh=Ramp_Merge_2 edge=34126779 lane=0 target=1 lane_count=1 recently=False speed=6.62
traci-bridge-1         | LANE_CMD_WAIT_EDGE veh=Ramp_Merge_2 edge=34126779 lane=0 target=1 lane_count=1
traci-bridge-1         | LANE_CMD_STATE veh=Merge_Car edge=34126779 lane=0 target=1 lane_count=1 recently=False speed=3.51
traci-bridge-1         | LANE_CMD_WAIT_EDGE veh=Merge_Car edge=34126779 lane=0 target=1 lane_count=1
traci-bridge-1         | LANE_CMD_STATE veh=Ramp_Merge_2 edge=34126779 lane=0 target=1 lane_count=1 recently=False speed=6.63
traci-bridge-1         | LANE_CMD_WAIT_EDGE veh=Ramp_Merge_2 edge=34126779 lane=0 target=1 lane_count=1
traci-bridge-1         | LANE_CMD_STATE veh=Merge_Car edge=34126779 lane=0 target=1 lane_count=1 recently=False speed=3.45
traci-bridge-1         | LANE_CMD_WAIT_EDGE veh=Merge_Car edge=34126779 lane=0 target=1 lane_count=1
traci-bridge-1         | LANE_CMD_STATE veh=Ramp_Merge_2 edge=34126779 lane=0 target=1 lane_count=1 recently=False speed=6.63
traci-bridge-1         | LANE_CMD_WAIT_EDGE veh=Ramp_Merge_2 edge=34126779 lane=0 target=1 lane_count=1
traci-bridge-1         | LANE_CMD_STATE veh=Merge_Car edge=34126779 lane=0 target=1 lane_count=1 recently=False speed=3.39
traci-bridge-1         | LANE_CMD_WAIT_EDGE veh=Merge_Car edge=34126779 lane=0 target=1 lane_count=1
traci-bridge-1         | LANE_CMD_STATE veh=Ramp_Merge_2 edge=34126779 lane=0 target=1 lane_count=1 recently=False speed=6.64
traci-bridge-1         | LANE_CMD_WAIT_EDGE veh=Ramp_Merge_2 edge=34126779 lane=0 target=1 lane_count=1
traci-bridge-1         | LANE_CMD_STATE veh=Merge_Car edge=34126779 lane=0 target=1 lane_count=1 recently=False speed=3.33
traci-bridge-1         | LANE_CMD_WAIT_EDGE veh=Merge_Car edge=34126779 lane=0 target=1 lane_count=1
traci-bridge-1         | LANE_CMD_STATE veh=Ramp_Merge_2 edge=34126779 lane=0 target=1 lane_count=1 recently=False speed=6.65
traci-bridge-1         | LANE_CMD_WAIT_EDGE veh=Ramp_Merge_2 edge=34126779 lane=0 target=1 lane_count=1
traci-bridge-1         | LANE_CMD_STATE veh=Merge_Car edge=34126779 lane=0 target=1 lane_count=1 recently=False speed=3.28
traci-bridge-1         | LANE_CMD_WAIT_EDGE veh=Merge_Car edge=34126779 lane=0 target=1 lane_count=1
traci-bridge-1         | LANE_CMD_STATE veh=Ramp_Merge_2 edge=34126779 lane=0 target=1 lane_count=1 recently=False speed=6.65
traci-bridge-1         | LANE_CMD_WAIT_EDGE veh=Ramp_Merge_2 edge=34126779 lane=0 target=1 lane_count=1
traci-bridge-1         | LANE_CMD_STATE veh=Merge_Car edge=34126779 lane=0 target=1 lane_count=1 recently=False speed=3.29
traci-bridge-1         | LANE_CMD_WAIT_EDGE veh=Merge_Car edge=34126779 lane=0 target=1 lane_count=1
traci-bridge-1         | LANE_CMD_STATE veh=Ramp_Merge_2 edge=34126779 lane=0 target=1 lane_count=1 recently=False speed=6.66
traci-bridge-1         | LANE_CMD_WAIT_EDGE veh=Ramp_Merge_2 edge=34126779 lane=0 target=1 lane_count=1
traci-bridge-1         | LANE_CMD_STATE veh=Merge_Car edge=34126779 lane=0 target=1 lane_count=1 recently=False speed=3.30
traci-bridge-1         | LANE_CMD_WAIT_EDGE veh=Merge_Car edge=34126779 lane=0 target=1 lane_count=1
traci-bridge-1         | LANE_CMD_STATE veh=Ramp_Merge_2 edge=34126779 lane=0 target=1 lane_count=1 recently=False speed=6.66
traci-bridge-1         | LANE_CMD_WAIT_EDGE veh=Ramp_Merge_2 edge=34126779 lane=0 target=1 lane_count=1
traci-bridge-1         | LANE_CMD_STATE veh=Merge_Car edge=34126779 lane=0 target=1 lane_count=1 recently=False speed=3.32
traci-bridge-1         | LANE_CMD_WAIT_EDGE veh=Merge_Car edge=34126779 lane=0 target=1 lane_count=1
traci-bridge-1         | LANE_CMD_STATE veh=Ramp_Merge_2 edge=34126779 lane=0 target=1 lane_count=1 recently=False speed=6.66
traci-bridge-1         | LANE_CMD_WAIT_EDGE veh=Ramp_Merge_2 edge=34126779 lane=0 target=1 lane_count=1
traci-bridge-1         | LANE_CMD_STATE veh=Merge_Car edge=34126779 lane=0 target=1 lane_count=1 recently=False speed=3.33
traci-bridge-1         | LANE_CMD_WAIT_EDGE veh=Merge_Car edge=34126779 lane=0 target=1 lane_count=1
traci-bridge-1         | LANE_CMD_STATE veh=Ramp_Merge_2 edge=34126779 lane=0 target=1 lane_count=1 recently=False speed=6.67
traci-bridge-1         | LANE_CMD_WAIT_EDGE veh=Ramp_Merge_2 edge=34126779 lane=0 target=1 lane_count=1
traci-bridge-1         | LANE_CMD_STATE veh=Merge_Car edge=34126779 lane=0 target=1 lane_count=1 recently=False speed=3.34
traci-bridge-1         | LANE_CMD_WAIT_EDGE veh=Merge_Car edge=34126779 lane=0 target=1 lane_count=1
traci-bridge-1         | LANE_CMD_STATE veh=Ramp_Merge_2 edge=34126779 lane=0 target=1 lane_count=1 recently=False speed=6.67
traci-bridge-1         | LANE_CMD_WAIT_EDGE veh=Ramp_Merge_2 edge=34126779 lane=0 target=1 lane_count=1
traci-bridge-1         | LANE_CMD_STATE veh=Merge_Car edge=34126779 lane=0 target=1 lane_count=1 recently=False speed=3.35
traci-bridge-1         | LANE_CMD_WAIT_EDGE veh=Merge_Car edge=34126779 lane=0 target=1 lane_count=1
traci-bridge-1         | LANE_CMD_STATE veh=Ramp_Merge_2 edge=34126779 lane=0 target=1 lane_count=1 recently=False speed=6.68
traci-bridge-1         | LANE_CMD_WAIT_EDGE veh=Ramp_Merge_2 edge=34126779 lane=0 target=1 lane_count=1
traci-bridge-1         | LANE_CMD_STATE veh=Merge_Car edge=34126779 lane=0 target=1 lane_count=1 recently=False speed=3.36
traci-bridge-1         | LANE_CMD_WAIT_EDGE veh=Merge_Car edge=34126779 lane=0 target=1 lane_count=1
traci-bridge-1         | LANE_CMD_STATE veh=Ramp_Merge_2 edge=34126779 lane=0 target=1 lane_count=1 recently=False speed=6.68
traci-bridge-1         | LANE_CMD_WAIT_EDGE veh=Ramp_Merge_2 edge=34126779 lane=0 target=1 lane_count=1
traci-bridge-1         | LANE_CMD_STATE veh=Ramp_Merge_3 edge=34126779 lane=0 target=1 lane_count=1 recently=False speed=6.43
traci-bridge-1         | LANE_CMD_WAIT_EDGE veh=Ramp_Merge_3 edge=34126779 lane=0 target=1 lane_count=1
obu-ramp-merge-4-1     | [13.8] Ramp_Merge_4 MERGE_DECISION: auth=False phys=False fgok=True lgok=False hgok=True cok=True esok=True cready=False dtm=89.1 past=False committed=False hid=None ra=None lclear=False hyok=True
obu-merge-car-1        | [13.8] Merge_Car FINAL_GUARD: REJECTED slot-boundary ETA sid=104
obu-merge-car-1        | [13.8] Merge_Car MERGE_DECISION: auth=False phys=True fgok=False lgok=True hgok=False cok=True esok=False cready=True dtm=10.9 past=False committed=False hid=104 ra=None lclear=True hyok=False
obu-merge-car-1        | [13.8] Merge_Car CAR_FOLLOW: sid=104 edge=34126779 lane=0 leader_edge= leader_lane=None leader_role_hint=main self_merge_completed=False self_merge_completed_age=-1.0 self_merge_committed=False lane_cmd_state=WAIT_EDGE lane_cmd_edge=34126779 lane_cmd_target=1 lane_cmd_executable=False same_lane=False reason=merge_conflict_eta gap=0.9 follow_spd=4.12 emergency=False target_before=2.9136798274854265 target_after=3.543679827485427
obu-main-mid-right-1   | [14.0] Main_Mid_Right role=cruise state=CRUISE->CRUISE speed=8.02 target=7.50 neighbors=11
obu-merge-car-1        | [14.0] Merge_Car MCM_TX_REQUEST: manoeuvre=4 target=104
obu-merge-car-1        | [14.0] Merge_Car FINAL_GUARD: REJECTED slot-boundary ETA sid=104
obu-merge-car-1        | [14.0] Merge_Car MERGE_DECISION: auth=False phys=True fgok=False lgok=True hgok=False cok=True esok=False cready=True dtm=10.3 past=False committed=False hid=104 ra=None lclear=True hyok=False
obu-merge-car-1        | [14.0] Merge_Car CAR_FOLLOW: sid=104 edge=34126779 lane=0 leader_edge= leader_lane=None leader_role_hint=main self_merge_completed=False self_merge_completed_age=-1.0 self_merge_committed=False lane_cmd_state=WAIT_EDGE lane_cmd_edge=34126779 lane_cmd_target=1 lane_cmd_executable=False same_lane=False reason=merge_conflict_eta gap=1.1 follow_spd=4.12 emergency=False target_before=2.931230074416061 target_after=3.5612300744160614
obu-merge-car-1        | [14.0] Merge_Car role=merge state=YIELDING->YIELDING speed=3.38 target=3.56 neighbors=11
obu-merge-car-1        | [14.2] Merge_Car FINAL_GUARD: REJECTED sid=103 gap=30.4
obu-merge-car-1        | [14.2] Merge_Car MERGE_DECISION: auth=False phys=True fgok=False lgok=True hgok=False cok=True esok=False cready=True dtm=9.7 past=False committed=False hid=104 ra=None lclear=True hyok=False
obu-merge-car-1        | [14.2] Merge_Car CAR_FOLLOW: sid=104 edge=34126779 lane=0 leader_edge= leader_lane=None leader_role_hint=main self_merge_completed=False self_merge_completed_age=-1.0 self_merge_committed=False lane_cmd_state=WAIT_EDGE lane_cmd_edge=34126779 lane_cmd_target=1 lane_cmd_executable=False same_lane=False reason=merge_conflict_eta gap=1.3 follow_spd=4.12 emergency=False target_before=2.9460266925757903 target_after=3.5760266925757906
obu-ramp-merge-3-1     | [13.8] Ramp_Merge_3 MERGE_LANE_WAIT_EDGE_CONFIRMED: edge=34126779 lane=0 target_lane=1 lane_count=1 executable=False
obu-host-car-1         | [14.4] Host_Car MCM_RX_REQUEST: from=107 manoeuvre=4 target=104
obu-host-car-1         | [14.4] Host_Car MCM_RX_REQUEST: from=107 manoeuvre=4 target=104
obu-host-car-1         | HOST_RESERVATION_START: host=Host_Car ramp=107 manoeuvre=4 until=18.4 own_speed=7.51 target_speed=4.88 required_speed=4.88 gap_eta=-0.18
obu-host-car-1         | [14.4] Host_Car HOST_RESERVED: merge=107 manoeuvre=4 until=18.4 target_spd=4.88
obu-host-car-1         | [14.4] Host_Car HOST_YIELD: for merge=107 req_spd=4.88
obu-host-car-1         | [14.4] Host_Car MCM_TX_ACCEPT: manoeuvre=4 target=107
obu-host-car-1         | [14.4] Host_Car role=host state=CRUISE->YIELDING speed=7.51 target=4.88 neighbors=11
obu-ramp-back-1        | [14.3] Ramp_Back role=merge state=YIELDING->YIELDING speed=5.74 target=5.49 neighbors=11
obu-main-back-left-1   | [14.4] Main_Back_Left role=host state=CRUISE->CRUISE speed=6.55 target=7.50 neighbors=11
obu-ramp-merge-3-1     | MERGE_ATTEMPT_TIMELINE: vehicle=Ramp_Merge_3 manoeuvre=65 host=105 lead=102 event=WAIT_EDGE t=14.4 edge=34126779 lane=0 lane_cmd_state=WAIT_EDGE speed=6.48 target=6.75 dtm=65.6 lead_gap=58.07 host_gap=31.73 lead_gap_t1=58.07 lead_gap_t2=58.07 lead_gap_t3=58.07 host_gap_t1=31.24 host_gap_t2=30.75 host_gap_t3=30.27
obu-ramp-merge-3-1     | [14.4] Ramp_Merge_3 MERGE_COMMIT_WAIT_LANE_AVAILABLE: edge=34126779 lane=0 target_lane=1 lane_count=1 executable=False speed=6.48 dtm=65.6
obu-ramp-merge-3-1     | [14.4] Ramp_Merge_3 MERGE_COMMIT_SAFETY_HOLD: lgok=True hgok=False fgok=True edge=34126779 lane=0 target_lane=1 speed=6.48 lane_cmd_state=WAIT_EDGE lane_cmd_executable=False lane_cmd_edge=34126779 lane_cmd_lane_count=1
obu-ramp-merge-3-1     | [14.4] Ramp_Merge_3 role=merge state=MERGING->MERGING speed=6.48 target=2.25 neighbors=11
obu-lead-car-1         | [14.5] Lead_Car role=cruise state=CRUISE->CRUISE speed=7.51 target=7.50 neighbors=11
obu-ramp-merge-4-1     | [14.4] Ramp_Merge_4 MERGE_DECISION: auth=False phys=False fgok=True lgok=False hgok=True cok=True esok=True cready=False dtm=87.0 past=False committed=False hid=None ra=None lclear=False hyok=True
obu-ramp-merge-4-1     | [14.4] Ramp_Merge_4 role=merge state=CRUISE->CRUISE speed=6.56 target=6.31 neighbors=11
obu-merge-car-1        | [14.5] Merge_Car MCM_TX_REQUEST: manoeuvre=4 target=104
obu-merge-car-1        | [14.5] Merge_Car MERGE_DECISION: auth=False phys=True fgok=True lgok=True hgok=True cok=True esok=False cready=True dtm=8.8 past=False committed=False hid=104 ra=None lclear=True hyok=False
obu-merge-car-1        | [14.5] Merge_Car CAR_FOLLOW: sid=104 edge=34126779 lane=0 leader_edge= leader_lane=None leader_role_hint=main self_merge_completed=False self_merge_completed_age=-1.0 self_merge_committed=False lane_cmd_state=WAIT_EDGE lane_cmd_edge=34126779 lane_cmd_target=1 lane_cmd_executable=False same_lane=False reason=merge_conflict_eta gap=1.6 follow_spd=4.12 emergency=False target_before=2.9687968700180143 target_after=3.5987968700180146
obu-ramp-merge-2-1     | [14.4] Ramp_Merge_2 MERGE_COMMIT_WAIT_LANE_AVAILABLE: edge=34126779 lane=0 target_lane=1 lane_count=1 executable=False speed=6.70 dtm=42.5
obu-ramp-merge-2-1     | [14.4] Ramp_Merge_2 role=merge state=MERGING->MERGING speed=6.70 target=6.75 neighbors=11
obu-main-back-right-1  | [14.5] Main_Back_Right role=host state=CRUISE->CRUISE speed=6.66 target=7.50 neighbors=11
obu-host-car-1         | [15.1] Host_Car MCM_RX_REQUEST: from=107 manoeuvre=4 target=104
obu-merge-car-1        | [15.0] Merge_Car MCM_RX_ACCEPT: from=104 manoeuvre=4 target=107
obu-ramp-merge-5-1     | [15.1] Ramp_Merge_5 role=merge state=CRUISE->CRUISE speed=6.58 target=6.75 neighbors=11
obu-host-car-1         | HOST_RESERVATION_EXTEND_UNTIL_CLEAR: host=Host_Car ramp=107 manoeuvre=4 new_remaining=4.0 ramp_lcs=WAIT_EDGE ramp_edge=34126779
obu-host-car-1         | HOST_RESERVATION_HOLD: host=Host_Car ramp=107 manoeuvre=4 remaining=4.0 own_speed=6.81 target_speed=4.88 ramp_fsm=YIELDING ramp_lane_cmd_state=WAIT_EDGE ramp_edge=34126779 ramp_lane=0 ramp_merge_completed=False ramp_merge_committed=False
obu-host-car-1         | [15.2] Host_Car HOST_HOLD_YIELD: for merge=107 spd=4.88
obu-main-mid-right-1   | [15.2] Main_Mid_Right role=cruise state=CRUISE->CRUISE speed=7.78 target=7.50 neighbors=11
obu-host-car-1         | [15.2] Host_Car MCM_TX_ACCEPT: manoeuvre=4 target=107
obu-ramp-merge-3-1     | [15.1] Ramp_Merge_3 MERGE_COMMIT_WAIT_LANE_AVAILABLE: edge=34126779 lane=0 target_lane=1 lane_count=1 executable=False speed=5.53 dtm=62.2
obu-ramp-merge-3-1     | [15.1] Ramp_Merge_3 MERGE_COMMIT_SAFETY_HOLD: lgok=True hgok=False fgok=True edge=34126779 lane=0 target_lane=1 speed=5.53 lane_cmd_state=WAIT_EDGE lane_cmd_executable=False lane_cmd_edge=34126779 lane_cmd_lane_count=1
obu-ramp-merge-4-1     | [15.3] Ramp_Merge_4 MERGE_DECISION: auth=False phys=False fgok=True lgok=False hgok=True cok=True esok=True cready=False dtm=83.4 past=False committed=False hid=None ra=None lclear=True hyok=True
obu-main-front-left-1  | [15.3] Main_Front_Left role=cruise state=CRUISE->CRUISE speed=7.51 target=7.50 neighbors=11
traci-bridge-1         | LANE_CMD_STATE veh=Merge_Car edge=34126779 lane=0 target=1 lane_count=1 recently=False speed=3.37
traci-bridge-1         | LANE_CMD_WAIT_EDGE veh=Merge_Car edge=34126779 lane=0 target=1 lane_count=1
traci-bridge-1         | LANE_CMD_STATE veh=Ramp_Merge_2 edge=34126779 lane=0 target=1 lane_count=1 recently=False speed=6.68
traci-bridge-1         | LANE_CMD_WAIT_EDGE veh=Ramp_Merge_2 edge=34126779 lane=0 target=1 lane_count=1
traci-bridge-1         | LANE_CMD_STATE veh=Ramp_Merge_3 edge=34126779 lane=0 target=1 lane_count=1 recently=False speed=6.44
traci-bridge-1         | LANE_CMD_WAIT_EDGE veh=Ramp_Merge_3 edge=34126779 lane=0 target=1 lane_count=1
traci-bridge-1         | LANE_CMD_STATE veh=Merge_Car edge=34126779 lane=0 target=1 lane_count=1 recently=False speed=3.38
traci-bridge-1         | LANE_CMD_WAIT_EDGE veh=Merge_Car edge=34126779 lane=0 target=1 lane_count=1
traci-bridge-1         | LANE_CMD_STATE veh=Ramp_Merge_2 edge=34126779 lane=0 target=1 lane_count=1 recently=False speed=6.69
traci-bridge-1         | LANE_CMD_WAIT_EDGE veh=Ramp_Merge_2 edge=34126779 lane=0 target=1 lane_count=1
traci-bridge-1         | LANE_CMD_STATE veh=Ramp_Merge_3 edge=34126779 lane=0 target=1 lane_count=1 recently=False speed=6.45
traci-bridge-1         | LANE_CMD_WAIT_EDGE veh=Ramp_Merge_3 edge=34126779 lane=0 target=1 lane_count=1
traci-bridge-1         | LANE_CMD_STATE veh=Merge_Car edge=34126779 lane=0 target=1 lane_count=1 recently=False speed=3.39
traci-bridge-1         | LANE_CMD_WAIT_EDGE veh=Merge_Car edge=34126779 lane=0 target=1 lane_count=1
traci-bridge-1         | LANE_CMD_STATE veh=Ramp_Merge_2 edge=34126779 lane=0 target=1 lane_count=1 recently=False speed=6.69
traci-bridge-1         | LANE_CMD_WAIT_EDGE veh=Ramp_Merge_2 edge=34126779 lane=0 target=1 lane_count=1
traci-bridge-1         | LANE_CMD_STATE veh=Ramp_Merge_3 edge=34126779 lane=0 target=1 lane_count=1 recently=False speed=6.45
traci-bridge-1         | LANE_CMD_WAIT_EDGE veh=Ramp_Merge_3 edge=34126779 lane=0 target=1 lane_count=1
traci-bridge-1         | LANE_CMD_STATE veh=Merge_Car edge=34126779 lane=0 target=1 lane_count=1 recently=False speed=3.40
traci-bridge-1         | LANE_CMD_WAIT_EDGE veh=Merge_Car edge=34126779 lane=0 target=1 lane_count=1
traci-bridge-1         | LANE_CMD_STATE veh=Ramp_Merge_2 edge=34126779 lane=0 target=1 lane_count=1 recently=False speed=6.69
traci-bridge-1         | LANE_CMD_WAIT_EDGE veh=Ramp_Merge_2 edge=34126779 lane=0 target=1 lane_count=1
traci-bridge-1         | LANE_CMD_STATE veh=Ramp_Merge_3 edge=34126779 lane=0 target=1 lane_count=1 recently=False speed=6.46
traci-bridge-1         | LANE_CMD_WAIT_EDGE veh=Ramp_Merge_3 edge=34126779 lane=0 target=1 lane_count=1
traci-bridge-1         | LANE_CMD_STATE veh=Merge_Car edge=34126779 lane=0 target=1 lane_count=1 recently=False speed=3.40
traci-bridge-1         | LANE_CMD_WAIT_EDGE veh=Merge_Car edge=34126779 lane=0 target=1 lane_count=1
traci-bridge-1         | LANE_CMD_STATE veh=Ramp_Merge_2 edge=34126779 lane=0 target=1 lane_count=1 recently=False speed=6.70
traci-bridge-1         | LANE_CMD_WAIT_EDGE veh=Ramp_Merge_2 edge=34126779 lane=0 target=1 lane_count=1
traci-bridge-1         | LANE_CMD_STATE veh=Ramp_Merge_3 edge=34126779 lane=0 target=1 lane_count=1 recently=False speed=6.47
traci-bridge-1         | LANE_CMD_WAIT_EDGE veh=Ramp_Merge_3 edge=34126779 lane=0 target=1 lane_count=1
traci-bridge-1         | LANE_CMD_STATE veh=Merge_Car edge=34126779 lane=0 target=1 lane_count=1 recently=False speed=3.41
traci-bridge-1         | LANE_CMD_WAIT_EDGE veh=Merge_Car edge=34126779 lane=0 target=1 lane_count=1
traci-bridge-1         | LANE_CMD_STATE veh=Ramp_Merge_2 edge=34126779 lane=0 target=1 lane_count=1 recently=False speed=6.70
traci-bridge-1         | LANE_CMD_WAIT_EDGE veh=Ramp_Merge_2 edge=34126779 lane=0 target=1 lane_count=1
traci-bridge-1         | LANE_CMD_STATE veh=Ramp_Merge_3 edge=34126779 lane=0 target=1 lane_count=1 recently=False speed=6.48
traci-bridge-1         | LANE_CMD_WAIT_EDGE veh=Ramp_Merge_3 edge=34126779 lane=0 target=1 lane_count=1
traci-bridge-1         | LANE_CMD_STATE veh=Merge_Car edge=34126779 lane=0 target=1 lane_count=1 recently=False speed=3.42
traci-bridge-1         | LANE_CMD_WAIT_EDGE veh=Merge_Car edge=34126779 lane=0 target=1 lane_count=1
traci-bridge-1         | LANE_CMD_STATE veh=Ramp_Merge_2 edge=34126779 lane=0 target=1 lane_count=1 recently=False speed=6.70
traci-bridge-1         | LANE_CMD_WAIT_EDGE veh=Ramp_Merge_2 edge=34126779 lane=0 target=1 lane_count=1
traci-bridge-1         | LANE_CMD_STATE veh=Ramp_Merge_3 edge=34126779 lane=0 target=1 lane_count=1 recently=False speed=6.48
traci-bridge-1         | LANE_CMD_WAIT_EDGE veh=Ramp_Merge_3 edge=34126779 lane=0 target=1 lane_count=1
traci-bridge-1         | LANE_CMD_STATE veh=Merge_Car edge=34126779 lane=0 target=1 lane_count=1 recently=False speed=3.43
traci-bridge-1         | LANE_CMD_WAIT_EDGE veh=Merge_Car edge=34126779 lane=0 target=1 lane_count=1
traci-bridge-1         | LANE_CMD_STATE veh=Ramp_Merge_2 edge=34126779 lane=0 target=1 lane_count=1 recently=False speed=6.70
traci-bridge-1         | LANE_CMD_WAIT_EDGE veh=Ramp_Merge_2 edge=34126779 lane=0 target=1 lane_count=1
traci-bridge-1         | LANE_CMD_STATE veh=Ramp_Merge_3 edge=34126779 lane=0 target=1 lane_count=1 recently=False speed=6.49
traci-bridge-1         | LANE_CMD_WAIT_EDGE veh=Ramp_Merge_3 edge=34126779 lane=0 target=1 lane_count=1
traci-bridge-1         | LANE_CMD_STATE veh=Merge_Car edge=34126779 lane=0 target=1 lane_count=1 recently=False speed=3.44
traci-bridge-1         | LANE_CMD_WAIT_EDGE veh=Merge_Car edge=34126779 lane=0 target=1 lane_count=1
traci-bridge-1         | LANE_CMD_STATE veh=Ramp_Merge_2 edge=34126779 lane=0 target=1 lane_count=1 recently=False speed=6.71
traci-bridge-1         | LANE_CMD_WAIT_EDGE veh=Ramp_Merge_2 edge=34126779 lane=0 target=1 lane_count=1
traci-bridge-1         | LANE_CMD_STATE veh=Ramp_Merge_3 edge=34126779 lane=0 target=1 lane_count=1 recently=False speed=6.28
traci-bridge-1         | LANE_CMD_WAIT_EDGE veh=Ramp_Merge_3 edge=34126779 lane=0 target=1 lane_count=1
traci-bridge-1         | LANE_CMD_STATE veh=Merge_Car edge=34126779 lane=0 target=1 lane_count=1 recently=False speed=3.44
traci-bridge-1         | LANE_CMD_WAIT_EDGE veh=Merge_Car edge=34126779 lane=0 target=1 lane_count=1
traci-bridge-1         | LANE_CMD_STATE veh=Ramp_Merge_2 edge=34126779 lane=0 target=1 lane_count=1 recently=False speed=6.71
traci-bridge-1         | LANE_CMD_WAIT_EDGE veh=Ramp_Merge_2 edge=34126779 lane=0 target=1 lane_count=1
traci-bridge-1         | LANE_CMD_STATE veh=Ramp_Merge_3 edge=34126779 lane=0 target=1 lane_count=1 recently=False speed=6.08
traci-bridge-1         | LANE_CMD_WAIT_EDGE veh=Ramp_Merge_3 edge=34126779 lane=0 target=1 lane_count=1
traci-bridge-1         | LANE_CMD_STATE veh=Merge_Car edge=34126779 lane=0 target=1 lane_count=1 recently=False speed=3.45
traci-bridge-1         | LANE_CMD_WAIT_EDGE veh=Merge_Car edge=34126779 lane=0 target=1 lane_count=1
traci-bridge-1         | LANE_CMD_STATE veh=Ramp_Merge_2 edge=34126779 lane=0 target=1 lane_count=1 recently=False speed=6.71
traci-bridge-1         | LANE_CMD_WAIT_EDGE veh=Ramp_Merge_2 edge=34126779 lane=0 target=1 lane_count=1
traci-bridge-1         | LANE_CMD_STATE veh=Ramp_Merge_3 edge=34126779 lane=0 target=1 lane_count=1 recently=False speed=5.88
traci-bridge-1         | LANE_CMD_WAIT_EDGE veh=Ramp_Merge_3 edge=34126779 lane=0 target=1 lane_count=1
traci-bridge-1         | LANE_CMD_STATE veh=Merge_Car edge=34126779 lane=0 target=1 lane_count=1 recently=False speed=3.46
traci-bridge-1         | LANE_CMD_WAIT_EDGE veh=Merge_Car edge=34126779 lane=0 target=1 lane_count=1
traci-bridge-1         | LANE_CMD_STATE veh=Ramp_Merge_2 edge=34126779 lane=0 target=1 lane_count=1 recently=False speed=6.71
traci-bridge-1         | LANE_CMD_WAIT_EDGE veh=Ramp_Merge_2 edge=34126779 lane=0 target=1 lane_count=1
traci-bridge-1         | LANE_CMD_STATE veh=Ramp_Merge_3 edge=34126779 lane=0 target=1 lane_count=1 recently=False speed=5.70
traci-bridge-1         | LANE_CMD_WAIT_EDGE veh=Ramp_Merge_3 edge=34126779 lane=0 target=1 lane_count=1
traci-bridge-1         | LANE_CMD_STATE veh=Merge_Car edge=34126779 lane=0 target=1 lane_count=1 recently=False speed=3.47
traci-bridge-1         | LANE_CMD_WAIT_EDGE veh=Merge_Car edge=34126779 lane=0 target=1 lane_count=1
traci-bridge-1         | LANE_CMD_STATE veh=Ramp_Merge_2 edge=34126779 lane=0 target=1 lane_count=1 recently=False speed=6.71
traci-bridge-1         | LANE_CMD_WAIT_EDGE veh=Ramp_Merge_2 edge=34126779 lane=0 target=1 lane_count=1
traci-bridge-1         | LANE_CMD_STATE veh=Ramp_Merge_3 edge=34126779 lane=0 target=1 lane_count=1 recently=False speed=5.53
traci-bridge-1         | LANE_CMD_WAIT_EDGE veh=Ramp_Merge_3 edge=34126779 lane=0 target=1 lane_count=1
traci-bridge-1         | LANE_CMD_STATE veh=Merge_Car edge=34126779 lane=0 target=1 lane_count=1 recently=False speed=3.47
traci-bridge-1         | LANE_CMD_WAIT_EDGE veh=Merge_Car edge=34126779 lane=0 target=1 lane_count=1
traci-bridge-1         | LANE_CMD_STATE veh=Ramp_Merge_2 edge=34126779 lane=0 target=1 lane_count=1 recently=False speed=6.72
traci-bridge-1         | LANE_CMD_WAIT_EDGE veh=Ramp_Merge_2 edge=34126779 lane=0 target=1 lane_count=1
traci-bridge-1         | LANE_CMD_STATE veh=Ramp_Merge_3 edge=34126779 lane=0 target=1 lane_count=1 recently=False speed=5.37
traci-bridge-1         | LANE_CMD_WAIT_EDGE veh=Ramp_Merge_3 edge=34126779 lane=0 target=1 lane_count=1
traci-bridge-1         | LANE_CMD_STATE veh=Merge_Car edge=34126779 lane=0 target=1 lane_count=1 recently=False speed=3.48
traci-bridge-1         | LANE_CMD_WAIT_EDGE veh=Merge_Car edge=34126779 lane=0 target=1 lane_count=1
traci-bridge-1         | LANE_CMD_STATE veh=Ramp_Merge_2 edge=34126779 lane=0 target=1 lane_count=1 recently=False speed=6.72
traci-bridge-1         | LANE_CMD_WAIT_EDGE veh=Ramp_Merge_2 edge=34126779 lane=0 target=1 lane_count=1
traci-bridge-1         | LANE_CMD_STATE veh=Ramp_Merge_3 edge=34126779 lane=0 target=1 lane_count=1 recently=False speed=5.21
traci-bridge-1         | LANE_CMD_WAIT_EDGE veh=Ramp_Merge_3 edge=34126779 lane=0 target=1 lane_count=1
traci-bridge-1         | LANE_CMD_STATE veh=Merge_Car edge=34126779 lane=0 target=1 lane_count=1 recently=False speed=3.48
traci-bridge-1         | LANE_CMD_WAIT_EDGE veh=Merge_Car edge=34126779 lane=0 target=1 lane_count=1
obu-merge-car-1        | [15.3] Merge_Car MCM_TX_REQUEST: manoeuvre=4 target=104
obu-merge-car-1        | MERGE_ATTEMPT_TIMELINE: vehicle=Merge_Car manoeuvre=4 host=104 lead=102 event=ACCEPT_MATCHED t=15.3 edge=34126779 lane=0 lane_cmd_state=WAIT_EDGE speed=3.48 target=6.75 dtm=6.7 lead_gap=59.16 host_gap=15.26 lead_gap_t1=59.16 lead_gap_t2=59.16 lead_gap_t3=59.16 host_gap_t1=10.74 host_gap_t2=6.21 host_gap_t3=1.69
obu-merge-car-1        | [15.3] Merge_Car MCM_ACCEPT_MATCHED: host=104 manoeuvre=4
obu-ramp-merge-2-1     | [15.3] Ramp_Merge_2 MERGE_COMMIT_WAIT_LANE_AVAILABLE: edge=34126779 lane=0 target_lane=1 lane_count=1 executable=False speed=6.72 dtm=36.7
obu-merge-car-1        | [15.3] Merge_Car CAR_FOLLOW: sid=104 edge=34126779 lane=0 leader_edge= leader_lane=None leader_role_hint=main self_merge_completed=False self_merge_completed_age=-1.0 self_merge_committed=False lane_cmd_state=WAIT_EDGE lane_cmd_edge=34126779 lane_cmd_target=1 lane_cmd_executable=False same_lane=False reason=merge_conflict_eta gap=1.1 follow_spd=4.12 emergency=False target_before=3.4785861291786544 target_after=3.6585861291786546
obu-merge-car-1        | [15.3] Merge_Car role=merge state=YIELDING->NEGOTIATING speed=3.48 target=3.66 neighbors=11
obu-host-car-1         | HOST_RESERVATION_EXTEND_UNTIL_CLEAR: host=Host_Car ramp=107 manoeuvre=4 new_remaining=4.0 ramp_lcs=WAIT_EDGE ramp_edge=34126779
obu-host-car-1         | HOST_RESERVATION_HOLD: host=Host_Car ramp=107 manoeuvre=4 remaining=4.0 own_speed=6.71 target_speed=4.88 ramp_fsm=YIELDING ramp_lane_cmd_state=WAIT_EDGE ramp_edge=34126779 ramp_lane=0 ramp_merge_completed=False ramp_merge_committed=False
obu-host-car-1         | [15.3] Host_Car HOST_HOLD_YIELD: for merge=107 spd=4.88
obu-main-back-left-1   | [15.5] Main_Back_Left role=host state=CRUISE->CRUISE speed=6.96 target=7.50 neighbors=11
obu-merge-car-1        | [15.7] Merge_Car MCM_RX_ACCEPT: from=104 manoeuvre=4 target=107
obu-ramp-merge-3-1     | [15.7] Ramp_Merge_3 MERGE_COMMIT_WAIT_LANE_AVAILABLE: edge=34126779 lane=0 target_lane=1 lane_count=1 executable=False speed=4.66 dtm=59.5
obu-ramp-merge-3-1     | [15.7] Ramp_Merge_3 MERGE_COMMIT_SAFETY_HOLD: lgok=True hgok=False fgok=True edge=34126779 lane=0 target_lane=1 speed=4.66 lane_cmd_state=WAIT_EDGE lane_cmd_executable=False lane_cmd_edge=34126779 lane_cmd_lane_count=1
obu-ramp-merge-3-1     | [15.7] Ramp_Merge_3 role=merge state=MERGING->MERGING speed=4.66 target=2.25 neighbors=11
obu-lead-car-1         | [15.8] Lead_Car role=cruise state=CRUISE->CRUISE speed=7.50 target=7.50 neighbors=11
obu-ramp-merge-4-1     | [15.7] Ramp_Merge_4 MERGE_DECISION: auth=False phys=False fgok=True lgok=False hgok=True cok=True esok=True cready=False dtm=81.7 past=False committed=False hid=None ra=None lclear=True hyok=True
obu-ramp-merge-4-1     | [15.7] Ramp_Merge_4 role=merge state=CRUISE->CRUISE speed=6.44 target=6.36 neighbors=11
obu-main-back-right-1  | [15.8] Main_Back_Right role=host state=CRUISE->CRUISE speed=6.75 target=7.50 neighbors=11
obu-host-car-1         | [15.8] Host_Car MCM_RX_REQUEST: from=107 manoeuvre=4 target=104
obu-ramp-merge-2-1     | [15.7] Ramp_Merge_2 MERGE_COMMIT_WAIT_LANE_AVAILABLE: edge=34126779 lane=0 target_lane=1 lane_count=1 executable=False speed=6.72 dtm=34.0
obu-ramp-merge-2-1     | [15.7] Ramp_Merge_2 role=merge state=MERGING->MERGING speed=6.72 target=6.75 neighbors=11
obu-merge-car-1        | [15.7] Merge_Car FINAL_GUARD: REJECTED slot-boundary ETA sid=104
obu-merge-car-1        | [15.7] Merge_Car CAR_FOLLOW: sid=104 edge=34126779 lane=0 leader_edge= leader_lane=None leader_role_hint=main self_merge_completed=False self_merge_completed_age=-1.0 self_merge_committed=False lane_cmd_state=WAIT_EDGE lane_cmd_edge=34126779 lane_cmd_target=1 lane_cmd_executable=False same_lane=False reason=merge_conflict_eta gap=1.0 follow_spd=4.12 emergency=False target_before=3.5067139230553876 target_after=3.686713923055388
obu-ramp-back-1        | [15.7] Ramp_Back role=merge state=YIELDING->YIELDING speed=5.60 target=5.35 neighbors=11
obu-host-car-1         | HOST_RESERVATION_EXTEND_UNTIL_CLEAR: host=Host_Car ramp=107 manoeuvre=4 new_remaining=4.0 ramp_lcs=WAIT_EDGE ramp_edge=34126779
obu-host-car-1         | HOST_RESERVATION_HOLD: host=Host_Car ramp=107 manoeuvre=4 remaining=4.0 own_speed=6.23 target_speed=4.88 ramp_fsm=NEGOTIATING ramp_lane_cmd_state=WAIT_EDGE ramp_edge=34126779 ramp_lane=0 ramp_merge_completed=False ramp_merge_committed=False
obu-host-car-1         | [15.9] Host_Car HOST_HOLD_YIELD: for merge=107 spd=4.88
obu-host-car-1         | [15.9] Host_Car MCM_TX_ACCEPT: manoeuvre=4 target=107
obu-host-car-1         | [15.9] Host_Car role=host state=YIELDING->YIELDING speed=6.23 target=4.88 neighbors=11
obu-ramp-merge-3-1     | [15.8] Ramp_Merge_3 MERGE_COMMIT_WAIT_LANE_AVAILABLE: edge=34126779 lane=0 target_lane=1 lane_count=1 executable=False speed=4.54 dtm=59.1
obu-ramp-merge-3-1     | [15.8] Ramp_Merge_3 MERGE_COMMIT_SAFETY_HOLD: lgok=True hgok=False fgok=True edge=34126779 lane=0 target_lane=1 speed=4.54 lane_cmd_state=WAIT_EDGE lane_cmd_executable=False lane_cmd_edge=34126779 lane_cmd_lane_count=1
obu-ramp-merge-4-1     | [15.8] Ramp_Merge_4 MERGE_DECISION: auth=False phys=False fgok=True lgok=False hgok=True cok=True esok=True cready=False dtm=81.2 past=False committed=False hid=None ra=None lclear=True hyok=True
obu-ramp-merge-2-1     | [15.9] Ramp_Merge_2 MERGE_COMMIT_WAIT_LANE_AVAILABLE: edge=34126779 lane=0 target_lane=1 lane_count=1 executable=False speed=6.73 dtm=32.7
obu-merge-car-1        | [15.9] Merge_Car CAR_FOLLOW: sid=104 edge=34126779 lane=0 leader_edge= leader_lane=None leader_role_hint=main self_merge_completed=False self_merge_completed_age=-1.0 self_merge_committed=False lane_cmd_state=WAIT_EDGE lane_cmd_edge=34126779 lane_cmd_target=1 lane_cmd_executable=False same_lane=False reason=merge_conflict_eta gap=1.1 follow_spd=4.12 emergency=False target_before=3.521521463152406 target_after=3.7015214631524063
obu-merge-car-1        | [16.1] Merge_Car MERGE_LANE_WAIT_EDGE_CONFIRMED: edge=:390064918_0 lane=0 target_lane=1 lane_count=1 executable=False
obu-ramp-merge-3-1     | [16.0] Ramp_Merge_3 MERGE_COMMIT_WAIT_LANE_AVAILABLE: edge=34126779 lane=0 target_lane=1 lane_count=1 executable=False speed=4.32 dtm=58.3
obu-ramp-merge-3-1     | [16.0] Ramp_Merge_3 MERGE_COMMIT_SAFETY_HOLD: lgok=True hgok=False fgok=True edge=34126779 lane=0 target_lane=1 speed=4.32 lane_cmd_state=WAIT_EDGE lane_cmd_executable=False lane_cmd_edge=34126779 lane_cmd_lane_count=1
obu-ramp-merge-4-1     | [16.0] Ramp_Merge_4 MERGE_DECISION: auth=False phys=False fgok=True lgok=False hgok=True cok=True esok=True cready=False dtm=80.4 past=False committed=False hid=None ra=None lclear=True hyok=True
obu-merge-car-1        | [16.1] Merge_Car CAR_FOLLOW: sid=104 edge=:390064918_0 lane=0 leader_edge= leader_lane=None leader_role_hint=main self_merge_completed=False self_merge_completed_age=-1.0 self_merge_committed=False lane_cmd_state=WAIT_EDGE lane_cmd_edge=:390064918_0 lane_cmd_target=1 lane_cmd_executable=False same_lane=False reason=merge_conflict_eta gap=1.2 follow_spd=4.12 emergency=False target_before=3.536291657783802 target_after=3.716291657783802
obu-ramp-merge-2-1     | [16.1] Ramp_Merge_2 MERGE_COMMIT_WAIT_LANE_AVAILABLE: edge=34126779 lane=0 target_lane=1 lane_count=1 executable=False speed=6.73 dtm=31.4
obu-ramp-merge-5-1     | [16.1] Ramp_Merge_5 MERGE_DECISION: auth=False phys=False fgok=True lgok=True hgok=True cok=True esok=True cready=False dtm=94.7 past=False committed=False hid=None ra=None lclear=False hyok=True
obu-ramp-merge-5-1     | [16.1] Ramp_Merge_5 role=merge state=CRUISE->CRUISE speed=6.65 target=6.75 neighbors=11
obu-ramp-merge-3-1     | [16.1] Ramp_Merge_3 MERGE_COMMIT_WAIT_LANE_AVAILABLE: edge=34126779 lane=0 target_lane=1 lane_count=1 executable=False speed=4.21 dtm=57.9
obu-ramp-merge-3-1     | [16.1] Ramp_Merge_3 MERGE_COMMIT_SAFETY_HOLD: lgok=True hgok=False fgok=True edge=34126779 lane=0 target_lane=1 speed=4.21 lane_cmd_state=WAIT_EDGE lane_cmd_executable=False lane_cmd_edge=34126779 lane_cmd_lane_count=1
obu-ramp-merge-4-1     | [16.1] Ramp_Merge_4 MERGE_DECISION: auth=False phys=False fgok=True lgok=False hgok=True cok=True esok=True cready=False dtm=80.0 past=False committed=False hid=None ra=None lclear=True hyok=True
obu-merge-car-1        | [16.3] Merge_Car CAR_FOLLOW: sid=104 edge=:390064918_0 lane=0 leader_edge= leader_lane=None leader_role_hint=main self_merge_completed=False self_merge_completed_age=-1.0 self_merge_committed=False lane_cmd_state=WAIT_EDGE lane_cmd_edge=:390064918_0 lane_cmd_target=1 lane_cmd_executable=False same_lane=False reason=merge_conflict_eta gap=1.3 follow_spd=4.12 emergency=False target_before=3.5516982056526327 target_after=3.731698205652633
obu-merge-car-1        | [16.3] Merge_Car role=merge state=NEGOTIATING->NEGOTIATING speed=3.55 target=3.73 neighbors=11
obu-main-mid-right-1   | [16.4] Main_Mid_Right role=cruise state=CRUISE->CRUISE speed=7.65 target=7.50 neighbors=11
obu-merge-car-1        | [16.4] Merge_Car MCM_RX_ACCEPT: from=104 manoeuvre=4 target=107
obu-ramp-merge-3-1     | [16.4] Ramp_Merge_3 MERGE_COMMIT_WAIT_LANE_AVAILABLE: edge=34126779 lane=0 target_lane=1 lane_count=1 executable=False speed=3.93 dtm=56.8
obu-ramp-merge-3-1     | [16.4] Ramp_Merge_3 MERGE_COMMIT_SAFETY_HOLD: lgok=True hgok=False fgok=True edge=34126779 lane=0 target_lane=1 speed=3.93 lane_cmd_state=WAIT_EDGE lane_cmd_executable=False lane_cmd_edge=34126779 lane_cmd_lane_count=1
obu-ramp-merge-4-1     | [16.4] Ramp_Merge_4 MERGE_DECISION: auth=False phys=False fgok=True lgok=True hgok=True cok=True esok=True cready=False dtm=78.8 past=False committed=False hid=None ra=None lclear=True hyok=True
obu-main-front-left-1  | [16.5] Main_Front_Left role=cruise state=CRUISE->CRUISE speed=7.51 target=7.50 neighbors=11
obu-ramp-merge-2-1     | [16.4] Ramp_Merge_2 MERGE_COMMIT_WAIT_LANE_AVAILABLE: edge=34126779 lane=0 target_lane=1 lane_count=1 executable=False speed=6.73 dtm=29.4
obu-ramp-merge-5-1     | [16.4] Ramp_Merge_5 MERGE_DECISION: auth=False phys=False fgok=True lgok=True hgok=True cok=True esok=True cready=False dtm=93.7 past=False committed=False hid=None ra=None lclear=False hyok=True
obu-host-car-1         | HOST_RESERVATION_EXTEND_UNTIL_CLEAR: host=Host_Car ramp=107 manoeuvre=4 new_remaining=4.0 ramp_lcs=WAIT_EDGE ramp_edge=:390064918_0
obu-host-car-1         | HOST_RESERVATION_HOLD: host=Host_Car ramp=107 manoeuvre=4 remaining=4.0 own_speed=5.87 target_speed=4.88 ramp_fsm=NEGOTIATING ramp_lane_cmd_state=WAIT_EDGE ramp_edge=:390064918_0 ramp_lane=0 ramp_merge_completed=False ramp_merge_committed=False
obu-host-car-1         | [16.5] Host_Car HOST_HOLD_YIELD: for merge=107 spd=4.88
obu-host-car-1         | [16.5] Host_Car MCM_TX_ACCEPT: manoeuvre=4 target=107
obu-main-back-left-1   | [16.5] Main_Back_Left role=host state=CRUISE->CRUISE speed=7.18 target=7.50 neighbors=11
obu-ramp-merge-4-1     | [16.5] Ramp_Merge_4 MERGE_DECISION: auth=False phys=False fgok=True lgok=True hgok=True cok=True esok=True cready=False dtm=78.4 past=False committed=False hid=None ra=None lclear=True hyok=True
obu-merge-car-1        | [16.5] Merge_Car FINAL_GUARD: REJECTED slot-boundary ETA sid=104
obu-ramp-merge-2-1     | [16.5] Ramp_Merge_2 MERGE_COMMIT_WAIT_LANE_AVAILABLE: edge=34126779 lane=0 target_lane=1 lane_count=1 executable=False speed=6.73 dtm=28.8
obu-merge-car-1        | [16.5] Merge_Car CAR_FOLLOW: sid=104 edge=:390064918_0 lane=0 leader_edge= leader_lane=None leader_role_hint=main self_merge_completed=False self_merge_completed_age=-1.0 self_merge_committed=False lane_cmd_state=WAIT_EDGE lane_cmd_edge=:390064918_0 lane_cmd_target=1 lane_cmd_executable=False same_lane=False reason=merge_conflict_eta gap=1.0 follow_spd=4.12 emergency=False target_before=3.5677460672354218 target_after=3.747746067235422
obu-ramp-merge-5-1     | [16.5] Ramp_Merge_5 MERGE_DECISION: auth=False phys=False fgok=True lgok=True hgok=True cok=True esok=True cready=False dtm=93.4 past=False committed=False hid=None ra=None lclear=False hyok=True
obu-host-car-1         | HOST_RESERVATION_EXTEND_UNTIL_CLEAR: host=Host_Car ramp=107 manoeuvre=4 new_remaining=4.0 ramp_lcs=WAIT_EDGE ramp_edge=:390064918_0
obu-host-car-1         | HOST_RESERVATION_HOLD: host=Host_Car ramp=107 manoeuvre=4 remaining=4.0 own_speed=5.82 target_speed=4.88 ramp_fsm=NEGOTIATING ramp_lane_cmd_state=WAIT_EDGE ramp_edge=:390064918_0 ramp_lane=0 ramp_merge_completed=False ramp_merge_committed=False
obu-host-car-1         | [16.6] Host_Car HOST_HOLD_YIELD: for merge=107 spd=4.88
obu-lead-car-1         | [16.8] Lead_Car role=cruise state=CRUISE->CRUISE speed=7.50 target=7.50 neighbors=11
obu-ramp-merge-4-1     | [16.8] Ramp_Merge_4 MERGE_DECISION: auth=False phys=False fgok=True lgok=True hgok=True cok=True esok=True cready=False dtm=76.9 past=False committed=False hid=None ra=None lclear=True hyok=True
obu-ramp-merge-4-1     | [16.8] Ramp_Merge_4 role=merge state=CRUISE->CRUISE speed=6.40 target=6.58 neighbors=11
obu-main-back-right-1  | [16.8] Main_Back_Right role=host state=CRUISE->CRUISE speed=6.89 target=7.50 neighbors=11
traci-bridge-1         | LANE_CMD_STATE veh=Ramp_Merge_2 edge=34126779 lane=0 target=1 lane_count=1 recently=False speed=6.72
traci-bridge-1         | LANE_CMD_WAIT_EDGE veh=Ramp_Merge_2 edge=34126779 lane=0 target=1 lane_count=1
traci-bridge-1         | LANE_CMD_STATE veh=Ramp_Merge_3 edge=34126779 lane=0 target=1 lane_count=1 recently=False speed=5.06
traci-bridge-1         | LANE_CMD_WAIT_EDGE veh=Ramp_Merge_3 edge=34126779 lane=0 target=1 lane_count=1
traci-bridge-1         | LANE_CMD_STATE veh=Merge_Car edge=34126779 lane=0 target=1 lane_count=1 recently=False speed=3.49
traci-bridge-1         | LANE_CMD_WAIT_EDGE veh=Merge_Car edge=34126779 lane=0 target=1 lane_count=1
traci-bridge-1         | LANE_CMD_STATE veh=Ramp_Merge_2 edge=34126779 lane=0 target=1 lane_count=1 recently=False speed=6.72
traci-bridge-1         | LANE_CMD_WAIT_EDGE veh=Ramp_Merge_2 edge=34126779 lane=0 target=1 lane_count=1
traci-bridge-1         | LANE_CMD_STATE veh=Ramp_Merge_3 edge=34126779 lane=0 target=1 lane_count=1 recently=False speed=4.92
traci-bridge-1         | LANE_CMD_WAIT_EDGE veh=Ramp_Merge_3 edge=34126779 lane=0 target=1 lane_count=1
traci-bridge-1         | LANE_CMD_STATE veh=Merge_Car edge=34126779 lane=0 target=1 lane_count=1 recently=False speed=3.50
traci-bridge-1         | LANE_CMD_WAIT_EDGE veh=Merge_Car edge=34126779 lane=0 target=1 lane_count=1
traci-bridge-1         | LANE_CMD_STATE veh=Ramp_Merge_2 edge=34126779 lane=0 target=1 lane_count=1 recently=False speed=6.72
traci-bridge-1         | LANE_CMD_WAIT_EDGE veh=Ramp_Merge_2 edge=34126779 lane=0 target=1 lane_count=1
traci-bridge-1         | LANE_CMD_STATE veh=Ramp_Merge_3 edge=34126779 lane=0 target=1 lane_count=1 recently=False speed=4.79
traci-bridge-1         | LANE_CMD_WAIT_EDGE veh=Ramp_Merge_3 edge=34126779 lane=0 target=1 lane_count=1
traci-bridge-1         | LANE_CMD_STATE veh=Merge_Car edge=34126779 lane=0 target=1 lane_count=1 recently=False speed=3.51
traci-bridge-1         | LANE_CMD_WAIT_EDGE veh=Merge_Car edge=34126779 lane=0 target=1 lane_count=1
traci-bridge-1         | LANE_CMD_STATE veh=Ramp_Merge_2 edge=34126779 lane=0 target=1 lane_count=1 recently=False speed=6.72
traci-bridge-1         | LANE_CMD_WAIT_EDGE veh=Ramp_Merge_2 edge=34126779 lane=0 target=1 lane_count=1
traci-bridge-1         | LANE_CMD_STATE veh=Ramp_Merge_3 edge=34126779 lane=0 target=1 lane_count=1 recently=False speed=4.66
traci-bridge-1         | LANE_CMD_WAIT_EDGE veh=Ramp_Merge_3 edge=34126779 lane=0 target=1 lane_count=1
traci-bridge-1         | LANE_CMD_STATE veh=Merge_Car edge=34126779 lane=0 target=1 lane_count=1 recently=False speed=3.51
traci-bridge-1         | LANE_CMD_WAIT_EDGE veh=Merge_Car edge=34126779 lane=0 target=1 lane_count=1
traci-bridge-1         | LANE_CMD_STATE veh=Ramp_Merge_2 edge=34126779 lane=0 target=1 lane_count=1 recently=False speed=6.73
traci-bridge-1         | LANE_CMD_WAIT_EDGE veh=Ramp_Merge_2 edge=34126779 lane=0 target=1 lane_count=1
traci-bridge-1         | LANE_CMD_STATE veh=Ramp_Merge_3 edge=34126779 lane=0 target=1 lane_count=1 recently=False speed=4.54
traci-bridge-1         | LANE_CMD_WAIT_EDGE veh=Ramp_Merge_3 edge=34126779 lane=0 target=1 lane_count=1
traci-bridge-1         | LANE_CMD_STATE veh=Merge_Car edge=34126779 lane=0 target=1 lane_count=1 recently=False speed=3.52
traci-bridge-1         | LANE_CMD_WAIT_EDGE veh=Merge_Car edge=34126779 lane=0 target=1 lane_count=1
traci-bridge-1         | LANE_CMD_STATE veh=Ramp_Merge_2 edge=34126779 lane=0 target=1 lane_count=1 recently=False speed=6.73
traci-bridge-1         | LANE_CMD_WAIT_EDGE veh=Ramp_Merge_2 edge=34126779 lane=0 target=1 lane_count=1
traci-bridge-1         | LANE_CMD_STATE veh=Ramp_Merge_3 edge=34126779 lane=0 target=1 lane_count=1 recently=False speed=4.43
traci-bridge-1         | LANE_CMD_WAIT_EDGE veh=Ramp_Merge_3 edge=34126779 lane=0 target=1 lane_count=1
traci-bridge-1         | LANE_CMD_STATE veh=Merge_Car edge=34126779 lane=0 target=1 lane_count=1 recently=False speed=3.53
traci-bridge-1         | LANE_CMD_WAIT_EDGE veh=Merge_Car edge=34126779 lane=0 target=1 lane_count=1
traci-bridge-1         | LANE_CMD_STATE veh=Ramp_Merge_2 edge=34126779 lane=0 target=1 lane_count=1 recently=False speed=6.73
traci-bridge-1         | LANE_CMD_WAIT_EDGE veh=Ramp_Merge_2 edge=34126779 lane=0 target=1 lane_count=1
traci-bridge-1         | LANE_CMD_STATE veh=Ramp_Merge_3 edge=34126779 lane=0 target=1 lane_count=1 recently=False speed=4.32
traci-bridge-1         | LANE_CMD_WAIT_EDGE veh=Ramp_Merge_3 edge=34126779 lane=0 target=1 lane_count=1
traci-bridge-1         | LANE_CMD_STATE veh=Merge_Car edge=:390064918_0 lane=0 target=1 lane_count=1 recently=False speed=3.54
traci-bridge-1         | LANE_CMD_WAIT_EDGE veh=Merge_Car edge=:390064918_0 lane=0 target=1 lane_count=1
traci-bridge-1         | LANE_CMD_STATE veh=Ramp_Merge_2 edge=34126779 lane=0 target=1 lane_count=1 recently=False speed=6.73
traci-bridge-1         | LANE_CMD_WAIT_EDGE veh=Ramp_Merge_2 edge=34126779 lane=0 target=1 lane_count=1
traci-bridge-1         | LANE_CMD_STATE veh=Ramp_Merge_3 edge=34126779 lane=0 target=1 lane_count=1 recently=False speed=4.21
traci-bridge-1         | LANE_CMD_WAIT_EDGE veh=Ramp_Merge_3 edge=34126779 lane=0 target=1 lane_count=1
traci-bridge-1         | LANE_CMD_STATE veh=Merge_Car edge=:390064918_0 lane=0 target=1 lane_count=1 recently=False speed=3.54
traci-bridge-1         | LANE_CMD_WAIT_EDGE veh=Merge_Car edge=:390064918_0 lane=0 target=1 lane_count=1
traci-bridge-1         | LANE_CMD_STATE veh=Ramp_Merge_2 edge=34126779 lane=0 target=1 lane_count=1 recently=False speed=6.73
traci-bridge-1         | LANE_CMD_WAIT_EDGE veh=Ramp_Merge_2 edge=34126779 lane=0 target=1 lane_count=1
traci-bridge-1         | LANE_CMD_STATE veh=Ramp_Merge_3 edge=34126779 lane=0 target=1 lane_count=1 recently=False speed=4.12
traci-bridge-1         | LANE_CMD_WAIT_EDGE veh=Ramp_Merge_3 edge=34126779 lane=0 target=1 lane_count=1
traci-bridge-1         | LANE_CMD_STATE veh=Merge_Car edge=:390064918_0 lane=0 target=1 lane_count=1 recently=False speed=3.55
traci-bridge-1         | LANE_CMD_WAIT_EDGE veh=Merge_Car edge=:390064918_0 lane=0 target=1 lane_count=1
traci-bridge-1         | LANE_CMD_STATE veh=Ramp_Merge_2 edge=34126779 lane=0 target=1 lane_count=1 recently=False speed=6.73
traci-bridge-1         | LANE_CMD_WAIT_EDGE veh=Ramp_Merge_2 edge=34126779 lane=0 target=1 lane_count=1
traci-bridge-1         | LANE_CMD_STATE veh=Ramp_Merge_3 edge=34126779 lane=0 target=1 lane_count=1 recently=False speed=4.02
traci-bridge-1         | LANE_CMD_WAIT_EDGE veh=Ramp_Merge_3 edge=34126779 lane=0 target=1 lane_count=1
traci-bridge-1         | LANE_CMD_STATE veh=Merge_Car edge=:390064918_0 lane=0 target=1 lane_count=1 recently=False speed=3.56
traci-bridge-1         | LANE_CMD_WAIT_EDGE veh=Merge_Car edge=:390064918_0 lane=0 target=1 lane_count=1
traci-bridge-1         | LANE_CMD_STATE veh=Ramp_Merge_2 edge=34126779 lane=0 target=1 lane_count=1 recently=False speed=6.73
traci-bridge-1         | LANE_CMD_WAIT_EDGE veh=Ramp_Merge_2 edge=34126779 lane=0 target=1 lane_count=1
traci-bridge-1         | LANE_CMD_STATE veh=Ramp_Merge_3 edge=34126779 lane=0 target=1 lane_count=1 recently=False speed=3.93
traci-bridge-1         | LANE_CMD_WAIT_EDGE veh=Ramp_Merge_3 edge=34126779 lane=0 target=1 lane_count=1
traci-bridge-1         | LANE_CMD_STATE veh=Merge_Car edge=:390064918_0 lane=0 target=1 lane_count=1 recently=False speed=3.57
traci-bridge-1         | LANE_CMD_WAIT_EDGE veh=Merge_Car edge=:390064918_0 lane=0 target=1 lane_count=1
traci-bridge-1         | LANE_CMD_STATE veh=Ramp_Merge_2 edge=34126779 lane=0 target=1 lane_count=1 recently=False speed=6.73
traci-bridge-1         | LANE_CMD_WAIT_EDGE veh=Ramp_Merge_2 edge=34126779 lane=0 target=1 lane_count=1
traci-bridge-1         | LANE_CMD_STATE veh=Ramp_Merge_3 edge=34126779 lane=0 target=1 lane_count=1 recently=False speed=3.85
traci-bridge-1         | LANE_CMD_WAIT_EDGE veh=Ramp_Merge_3 edge=34126779 lane=0 target=1 lane_count=1
traci-bridge-1         | LANE_CMD_STATE veh=Merge_Car edge=:390064918_0 lane=0 target=1 lane_count=1 recently=False speed=3.58
traci-bridge-1         | LANE_CMD_WAIT_EDGE veh=Merge_Car edge=:390064918_0 lane=0 target=1 lane_count=1
traci-bridge-1         | LANE_CMD_STATE veh=Ramp_Merge_2 edge=34126779 lane=0 target=1 lane_count=1 recently=False speed=6.73
traci-bridge-1         | LANE_CMD_WAIT_EDGE veh=Ramp_Merge_2 edge=34126779 lane=0 target=1 lane_count=1
traci-bridge-1         | LANE_CMD_STATE veh=Ramp_Merge_3 edge=34126779 lane=0 target=1 lane_count=1 recently=False speed=3.77
traci-bridge-1         | LANE_CMD_WAIT_EDGE veh=Ramp_Merge_3 edge=34126779 lane=0 target=1 lane_count=1
traci-bridge-1         | LANE_CMD_STATE veh=Merge_Car edge=:390064918_0 lane=0 target=1 lane_count=1 recently=False speed=3.58
traci-bridge-1         | LANE_CMD_WAIT_EDGE veh=Merge_Car edge=:390064918_0 lane=0 target=1 lane_count=1
traci-bridge-1         | LANE_CMD_STATE veh=Ramp_Merge_2 edge=34126779 lane=0 target=1 lane_count=1 recently=False speed=6.73
traci-bridge-1         | LANE_CMD_WAIT_EDGE veh=Ramp_Merge_2 edge=34126779 lane=0 target=1 lane_count=1
traci-bridge-1         | LANE_CMD_STATE veh=Ramp_Merge_3 edge=34126779 lane=0 target=1 lane_count=1 recently=False speed=3.69
traci-bridge-1         | LANE_CMD_WAIT_EDGE veh=Ramp_Merge_3 edge=34126779 lane=0 target=1 lane_count=1
traci-bridge-1         | LANE_CMD_STATE veh=Merge_Car edge=:390064918_0 lane=0 target=1 lane_count=1 recently=False speed=3.59
traci-bridge-1         | LANE_CMD_WAIT_EDGE veh=Merge_Car edge=:390064918_0 lane=0 target=1 lane_count=1
traci-bridge-1         | LANE_CMD_STATE veh=Ramp_Merge_2 edge=34126779 lane=0 target=1 lane_count=1 recently=False speed=6.74
traci-bridge-1         | LANE_CMD_WAIT_EDGE veh=Ramp_Merge_2 edge=34126779 lane=0 target=1 lane_count=1
traci-bridge-1         | LANE_CMD_STATE veh=Ramp_Merge_3 edge=34126779 lane=0 target=1 lane_count=1 recently=False speed=3.62
traci-bridge-1         | LANE_CMD_WAIT_EDGE veh=Ramp_Merge_3 edge=34126779 lane=0 target=1 lane_count=1
traci-bridge-1         | LANE_CMD_STATE veh=Merge_Car edge=:390064918_0 lane=0 target=1 lane_count=1 recently=False speed=3.60
traci-bridge-1         | LANE_CMD_WAIT_EDGE veh=Merge_Car edge=:390064918_0 lane=0 target=1 lane_count=1
traci-bridge-1         | LANE_CMD_STATE veh=Ramp_Merge_2 edge=34126779 lane=0 target=1 lane_count=1 recently=False speed=6.74
obu-ramp-merge-2-1     | [16.7] Ramp_Merge_2 MERGE_COMMIT_WAIT_LANE_AVAILABLE: edge=34126779 lane=0 target_lane=1 lane_count=1 executable=False speed=6.73 dtm=27.5
obu-ramp-merge-2-1     | [16.7] Ramp_Merge_2 role=merge state=MERGING->MERGING speed=6.73 target=6.75 neighbors=11
obu-merge-car-1        | [16.7] Merge_Car FINAL_GUARD: REJECTED slot-boundary ETA sid=104
obu-merge-car-1        | [16.7] Merge_Car CAR_FOLLOW: sid=104 edge=:390064918_0 lane=0 leader_edge= leader_lane=None leader_role_hint=main self_merge_completed=False self_merge_completed_age=-1.0 self_merge_committed=False lane_cmd_state=WAIT_EDGE lane_cmd_edge=:390064918_0 lane_cmd_target=1 lane_cmd_executable=False same_lane=False reason=merge_conflict_eta gap=1.0 follow_spd=4.12 emergency=False target_before=3.5837314007311 target_after=3.7637314007311002
obu-ramp-merge-5-1     | [16.7] Ramp_Merge_5 MERGE_DECISION: auth=False phys=False fgok=True lgok=True hgok=True cok=True esok=True cready=False dtm=92.7 past=False committed=False hid=None ra=None lclear=False hyok=True
obu-merge-car-1        | [16.7] Merge_Car MCM_RX_ACCEPT: from=104 manoeuvre=4 target=107
obu-ramp-back-1        | [16.8] Ramp_Back role=merge state=YIELDING->CRUISE speed=5.48 target=6.75 neighbors=11
obu-host-car-1         | HOST_RESERVATION_EXTEND_UNTIL_CLEAR: host=Host_Car ramp=107 manoeuvre=4 new_remaining=4.0 ramp_lcs=WAIT_EDGE ramp_edge=:390064918_0
obu-host-car-1         | HOST_RESERVATION_HOLD: host=Host_Car ramp=107 manoeuvre=4 remaining=4.0 own_speed=5.68 target_speed=4.88 ramp_fsm=NEGOTIATING ramp_lane_cmd_state=WAIT_EDGE ramp_edge=:390064918_0 ramp_lane=0 ramp_merge_completed=False ramp_merge_committed=False
obu-host-car-1         | [16.9] Host_Car HOST_HOLD_YIELD: for merge=107 spd=4.88
obu-host-car-1         | [16.9] Host_Car MCM_TX_ACCEPT: manoeuvre=4 target=107
obu-ramp-merge-3-1     | [16.8] Ramp_Merge_3 MERGE_COMMIT_WAIT_LANE_AVAILABLE: edge=34126779 lane=0 target_lane=1 lane_count=1 executable=False speed=3.62 dtm=55.5
obu-ramp-merge-3-1     | [16.8] Ramp_Merge_3 MERGE_COMMIT_SAFETY_HOLD: lgok=True hgok=False fgok=True edge=34126779 lane=0 target_lane=1 speed=3.62 lane_cmd_state=WAIT_EDGE lane_cmd_executable=False lane_cmd_edge=34126779 lane_cmd_lane_count=1
obu-ramp-merge-3-1     | [16.8] Ramp_Merge_3 role=merge state=MERGING->MERGING speed=3.62 target=2.25 neighbors=11
obu-ramp-merge-2-1     | [16.9] Ramp_Merge_2 MERGE_COMMIT_WAIT_LANE_AVAILABLE: edge=34126779 lane=0 target_lane=1 lane_count=1 executable=False speed=6.74 dtm=26.1
obu-merge-car-1        | [16.9] Merge_Car FINAL_GUARD: REJECTED slot-boundary ETA sid=104
obu-merge-car-1        | [16.9] Merge_Car CAR_FOLLOW: sid=104 edge=:390064918_0 lane=0 leader_edge= leader_lane=None leader_role_hint=main self_merge_completed=False self_merge_completed_age=-1.0 self_merge_committed=False lane_cmd_state=WAIT_EDGE lane_cmd_edge=:390064918_0 lane_cmd_target=1 lane_cmd_executable=False same_lane=False reason=merge_conflict_eta gap=0.4 follow_spd=4.12 emergency=False target_before=3.5989605572900887 target_after=3.778960557290089
obu-ramp-merge-5-1     | [16.8] Ramp_Merge_5 MERGE_DECISION: auth=False phys=False fgok=True lgok=True hgok=True cok=True esok=True cready=False dtm=92.4 past=False committed=False hid=None ra=None lclear=False hyok=True
obu-ramp-merge-2-1     | [17.0] Ramp_Merge_2 MERGE_COMMIT_WAIT_LANE_AVAILABLE: edge=34126779 lane=0 target_lane=1 lane_count=1 executable=False speed=6.74 dtm=25.5
obu-merge-car-1        | [17.0] Merge_Car FINAL_GUARD: REJECTED slot-boundary ETA sid=104
obu-merge-car-1        | [17.0] Merge_Car CAR_FOLLOW: sid=104 edge=1331698336 lane=0 leader_edge= leader_lane=None leader_role_hint=main self_merge_completed=False self_merge_completed_age=-1.0 self_merge_committed=False lane_cmd_state=WAIT_EDGE lane_cmd_edge=:390064918_0 lane_cmd_target=1 lane_cmd_executable=False same_lane=False reason=merge_conflict_eta gap=0.4 follow_spd=4.12 emergency=False target_before=3.606399832787355 target_after=3.7863998327873554
obu-merge-car-1        | [17.0] Merge_Car MERGE_LANE_APPLY_CONFIRMED: edge=1331698336 lane=0 target_lane=1 lane_count=3 executable=True
obu-ramp-merge-5-1     | [17.1] Ramp_Merge_5 MERGE_DECISION: auth=False phys=False fgok=True lgok=True hgok=True cok=True esok=True cready=False dtm=91.5 past=False committed=False hid=None ra=None lclear=False hyok=True
obu-ramp-merge-5-1     | [17.1] Ramp_Merge_5 role=merge state=CRUISE->CRUISE speed=6.69 target=6.75 neighbors=11
obu-merge-car-1        | MERGE_ATTEMPT_TIMELINE: vehicle=Merge_Car manoeuvre=4 host=106 lead=102 event=CLEAR t=17.1 edge=1331698336 lane=1 lane_cmd_state=CLEAR speed=3.61 target=3.79 dtm=2.6 lead_gap=54.33 host_gap=51.52 lead_gap_t1=54.33 lead_gap_t2=54.33 lead_gap_t3=54.33 host_gap_t1=48.30 host_gap_t2=45.07 host_gap_t3=41.85
obu-merge-car-1        | [17.1] Merge_Car MERGE_LANE_CLEAR_CONFIRMED: edge=1331698336 lane=1 target_lane=1 lane_count=3 executable=False
obu-ramp-merge-2-1     | [17.2] Ramp_Merge_2 MERGE_COMMIT_WAIT_LANE_AVAILABLE: edge=34126779 lane=0 target_lane=1 lane_count=1 executable=False speed=6.74 dtm=24.1
obu-merge-car-1        | MERGE_ATTEMPT_TIMELINE: vehicle=Merge_Car manoeuvre=4 host=106 lead=102 event=COMPLETED t=17.2 edge=1331698336 lane=1 lane_cmd_state=CLEAR speed=3.62 target=6.75 dtm=2.9 lead_gap=54.18 host_gap=51.94 lead_gap_t1=54.18 lead_gap_t2=54.18 lead_gap_t3=54.18 host_gap_t1=48.73 host_gap_t2=45.51 host_gap_t3=42.29
obu-merge-car-1        | [17.2] Merge_Car MERGE_COMPLETED: eid=1331698336 lane=1 clean=True
obu-merge-car-1        | [17.4] Merge_Car MCM_RX_ACCEPT: from=104 manoeuvre=4 target=107
obu-ramp-merge-3-1     | [17.3] Ramp_Merge_3 MERGE_COMMIT_WAIT_LANE_AVAILABLE: edge=34126779 lane=0 target_lane=1 lane_count=1 executable=False speed=3.31 dtm=54.0
obu-ramp-merge-3-1     | MERGE_ATTEMPT_TIMELINE: vehicle=Ramp_Merge_3 manoeuvre=65 host=105 lead=102 event=ABORT_SAFETY_HOLD t=17.3 edge=34126779 lane=0 lane_cmd_state=WAIT_EDGE speed=3.31 target=6.75 dtm=54.0 lead_gap=78.31 host_gap=19.43 lead_gap_t1=78.31 lead_gap_t2=78.31 lead_gap_t3=78.31 host_gap_t1=19.43 host_gap_t2=19.43 host_gap_t3=19.43
obu-ramp-merge-3-1     | [17.3] Ramp_Merge_3 MERGE_COMMIT_ABORT_SAFETY_HOLD: lgok=True hgok=False fgok=True edge=34126779 lane=0 target_lane=1 speed=3.31 lane_cmd_state=WAIT_EDGE lane_cmd_executable=False lane_cmd_edge=34126779 lane_cmd_lane_count=1
obu-main-front-left-1  | [17.5] Main_Front_Left role=cruise state=CRUISE->CRUISE speed=7.50 target=7.50 neighbors=11
obu-ramp-merge-4-1     | [17.4] Ramp_Merge_4 MERGE_DECISION: auth=False phys=False fgok=True lgok=True hgok=True cok=True esok=True cready=False dtm=74.1 past=False committed=False hid=None ra=None lclear=True hyok=True
obu-ramp-merge-2-1     | [17.5] Ramp_Merge_2 MERGE_COMMIT_WAIT_LANE_AVAILABLE: edge=34126779 lane=0 target_lane=1 lane_count=1 executable=False speed=6.74 dtm=22.1
obu-merge-car-1        | [17.5] Merge_Car role=host state=CRUISE->CRUISE speed=3.64 target=7.50 neighbors=11
obu-ramp-merge-5-1     | [17.4] Ramp_Merge_5 MERGE_DECISION: auth=False phys=False fgok=True lgok=True hgok=True cok=True esok=True cready=False dtm=90.6 past=False committed=False hid=None ra=None lclear=True hyok=True
obu-main-mid-right-1   | [17.5] Main_Mid_Right role=cruise state=CRUISE->CRUISE speed=7.59 target=7.50 neighbors=11
obu-host-car-1         | HOST_RESERVATION_EXTEND_UNTIL_CLEAR: host=Host_Car ramp=107 manoeuvre=4 new_remaining=4.0 ramp_lcs=WAIT_EDGE ramp_edge=1331698336
obu-host-car-1         | HOST_RESERVATION_HOLD: host=Host_Car ramp=107 manoeuvre=4 remaining=4.0 own_speed=3.80 target_speed=4.88 ramp_fsm=NEGOTIATING ramp_lane_cmd_state=WAIT_EDGE ramp_edge=1331698336 ramp_lane=0 ramp_merge_completed=False ramp_merge_committed=False
obu-host-car-1         | [17.5] Host_Car HOST_HOLD_YIELD: for merge=107 spd=4.88
obu-host-car-1         | [17.5] Host_Car MCM_TX_ACCEPT: manoeuvre=4 target=107
obu-host-car-1         | [17.5] Host_Car role=host state=YIELDING->YIELDING speed=3.80 target=4.88 neighbors=11
obu-main-back-left-1   | [17.5] Main_Back_Left role=host state=CRUISE->CRUISE speed=7.31 target=7.50 neighbors=11
obu-ramp-merge-3-1     | [17.5] Ramp_Merge_3 MERGE_DECISION: auth=False phys=True fgok=True lgok=True hgok=True cok=True esok=True cready=True dtm=53.4 past=False committed=False hid=None ra=None lclear=True hyok=True
obu-ramp-merge-4-1     | [17.5] Ramp_Merge_4 MERGE_DECISION: auth=False phys=False fgok=True lgok=True hgok=True cok=True esok=True cready=False dtm=73.6 past=False committed=False hid=None ra=None lclear=True hyok=True
obu-ramp-merge-2-1     | [17.6] Ramp_Merge_2 MERGE_COMMIT_WAIT_LANE_AVAILABLE: edge=34126779 lane=0 target_lane=1 lane_count=1 executable=False speed=6.74 dtm=21.4
obu-ramp-merge-5-1     | [17.5] Ramp_Merge_5 MERGE_DECISION: auth=False phys=False fgok=True lgok=True hgok=True cok=True esok=True cready=False dtm=90.3 past=False committed=False hid=None ra=None lclear=True hyok=True
obu-merge-car-1        | [17.6] Merge_Car MCM_RX_ACCEPT: from=104 manoeuvre=4 target=107
obu-host-car-1         | HOST_RESERVATION_RELEASE_AFTER_CLEAR: host=Host_Car ramp=107 manoeuvre=4 reason=completed ramp_fsm=CRUISE ramp_lcs=CLEAR ramp_edge=1331698336 ramp_merge_completed=True
obu-host-car-1         | [17.6] Host_Car CAR_FOLLOW: sid=107 edge=560761994 lane=0 leader_edge= leader_lane=None leader_role_hint=ramp self_merge_completed=False self_merge_completed_age=-1.0 self_merge_committed=False lane_cmd_state=None lane_cmd_edge=None lane_cmd_target=None lane_cmd_executable=None same_lane=True reason=same_lane_cam gap=3.9 follow_spd=2.25 emergency=False target_before=7.5 target_after=3.10461937759694
obu-ramp-merge-3-1     | [17.6] Ramp_Merge_3 MERGE_DECISION: auth=False phys=True fgok=True lgok=True hgok=True cok=True esok=True cready=True dtm=53.1 past=False committed=False hid=None ra=None lclear=True hyok=True
obu-ramp-merge-4-1     | [17.7] Ramp_Merge_4 MERGE_DECISION: auth=False phys=False fgok=True lgok=True hgok=True cok=True esok=True cready=False dtm=72.7 past=False committed=False hid=None ra=None lclear=True hyok=True
obu-ramp-merge-5-1     | [17.7] Ramp_Merge_5 MERGE_DECISION: auth=False phys=False fgok=True lgok=True hgok=True cok=True esok=True cready=False dtm=89.5 past=False committed=False hid=None ra=None lclear=True hyok=True
obu-host-car-1         | [17.8] Host_Car CAR_FOLLOW: sid=107 edge=560761994 lane=0 leader_edge= leader_lane=None leader_role_hint=ramp self_merge_completed=False self_merge_completed_age=-1.0 self_merge_committed=False lane_cmd_state=None lane_cmd_edge=None lane_cmd_target=None lane_cmd_executable=None same_lane=True reason=same_lane_cam gap=3.4 follow_spd=2.25 emergency=False target_before=7.5 target_after=2.25
obu-ramp-merge-4-1     | [17.8] Ramp_Merge_4 MERGE_DECISION: auth=False phys=False fgok=True lgok=True hgok=True cok=True esok=True cready=False dtm=72.3 past=False committed=False hid=None ra=None lclear=True hyok=True
obu-ramp-merge-4-1     | [17.8] Ramp_Merge_4 role=merge state=CRUISE->CRUISE speed=6.47 target=6.65 neighbors=11
obu-ramp-merge-5-1     | [17.9] Ramp_Merge_5 MERGE_DECISION: auth=False phys=False fgok=True lgok=True hgok=True cok=True esok=True cready=False dtm=88.7 past=False committed=False hid=None ra=None lclear=True hyok=True
obu-ramp-back-1        | [17.9] Ramp_Back role=merge state=CRUISE->CRUISE speed=5.94 target=6.75 neighbors=11
obu-host-car-1         | [18.0] Host_Car CAR_FOLLOW: sid=107 edge=560761994 lane=0 leader_edge= leader_lane=None leader_role_hint=ramp self_merge_completed=False self_merge_completed_age=-1.0 self_merge_committed=False lane_cmd_state=None lane_cmd_edge=None lane_cmd_target=None lane_cmd_executable=None same_lane=True reason=same_lane_cam gap=3.0 follow_spd=2.25 emergency=False target_before=7.5 target_after=2.1215419553973223
obu-ramp-merge-4-1     | [18.0] Ramp_Merge_4 MERGE_DECISION: auth=False phys=False fgok=True lgok=True hgok=True cok=True esok=True cready=False dtm=71.4 past=False committed=False hid=None ra=None lclear=True hyok=True
obu-ramp-merge-5-1     | [18.1] Ramp_Merge_5 MERGE_DECISION: auth=False phys=False fgok=True lgok=True hgok=True cok=True esok=True cready=False dtm=88.0 past=False committed=False hid=None ra=None lclear=True hyok=True
obu-ramp-merge-5-1     | [18.1] Ramp_Merge_5 role=merge state=CRUISE->CRUISE speed=6.71 target=6.75 neighbors=11
obu-host-car-1         | [18.3] Host_Car CAR_FOLLOW: sid=107 edge=560761994 lane=0 leader_edge= leader_lane=None leader_role_hint=ramp self_merge_completed=False self_merge_completed_age=-1.0 self_merge_committed=False lane_cmd_state=None lane_cmd_edge=None lane_cmd_target=None lane_cmd_executable=None same_lane=True reason=same_lane_cam gap=2.4 follow_spd=2.25 emergency=False target_before=7.5 target_after=1.9757986146509403
obu-ramp-merge-4-1     | [18.3] Ramp_Merge_4 MERGE_DECISION: auth=False phys=True fgok=True lgok=True hgok=True cok=True esok=True cready=True dtm=69.9 past=False committed=False hid=None ra=None lclear=True hyok=True
obu-main-back-right-1  | [18.3] Main_Back_Right role=host state=CRUISE->CRUISE speed=7.09 target=7.50 neighbors=11
obu-ramp-merge-2-1     | [18.3] Ramp_Merge_2 MERGE_COMMIT_WAIT_LANE_AVAILABLE: edge=34126779 lane=0 target_lane=1 lane_count=1 executable=False speed=6.74 dtm=16.7
obu-ramp-merge-2-1     | [18.3] Ramp_Merge_2 FINAL_GUARD: REJECTED slot-boundary ETA sid=104
obu-ramp-merge-2-1     | [18.3] Ramp_Merge_2 MERGE_COMMIT_SAFETY_HOLD: lgok=False hgok=True fgok=False edge=34126779 lane=0 target_lane=1 speed=6.74 lane_cmd_state=WAIT_EDGE lane_cmd_executable=False lane_cmd_edge=34126779 lane_cmd_lane_count=1
obu-ramp-merge-2-1     | [18.3] Ramp_Merge_2 CAR_FOLLOW: sid=104 edge=34126779 lane=0 leader_edge= leader_lane=None leader_role_hint=main self_merge_completed=False self_merge_completed_age=-1.0 self_merge_committed=True lane_cmd_state=WAIT_EDGE lane_cmd_edge=34126779 lane_cmd_target=1 lane_cmd_executable=False same_lane=True reason=same_lane_cam gap=7.9 follow_spd=2.62 emergency=False target_before=2.25 target_after=6.493073528320129
obu-ramp-merge-2-1     | [18.3] Ramp_Merge_2 role=merge state=MERGING->MERGING speed=6.74 target=6.49 neighbors=11
obu-ramp-merge-5-1     | [18.3] Ramp_Merge_5 MERGE_DECISION: auth=False phys=False fgok=True lgok=True hgok=True cok=True esok=True cready=False dtm=87.3 past=False committed=False hid=None ra=None lclear=True hyok=True
obu-ramp-merge-3-1     | [18.3] Ramp_Merge_3 MERGE_DECISION: auth=False phys=True fgok=True lgok=True hgok=True cok=True esok=True cready=True dtm=50.9 past=False committed=False hid=None ra=None lclear=True hyok=True
obu-ramp-merge-3-1     | [18.3] Ramp_Merge_3 role=merge state=CRUISE->CRUISE speed=3.34 target=3.52 neighbors=11
obu-lead-car-1         | [18.4] Lead_Car role=cruise state=CRUISE->CRUISE speed=7.50 target=7.50 neighbors=11
obu-main-mid-right-1   | [18.5] Main_Mid_Right role=cruise state=CRUISE->CRUISE speed=7.55 target=7.50 neighbors=11
obu-main-back-left-1   | [18.5] Main_Back_Left role=host state=CRUISE->CRUISE speed=7.38 target=7.50 neighbors=11
obu-ramp-merge-3-1     | [18.5] Ramp_Merge_3 MERGE_DECISION: auth=False phys=True fgok=True lgok=True hgok=True cok=True esok=True cready=True dtm=50.3 past=False committed=False hid=None ra=None lclear=True hyok=True
obu-main-front-left-1  | [18.7] Main_Front_Left role=cruise state=CRUISE->CRUISE speed=7.50 target=7.50 neighbors=11
obu-ramp-merge-3-1     | [18.6] Ramp_Merge_3 MERGE_DECISION: auth=False phys=True fgok=True lgok=True hgok=True cok=True esok=True cready=True dtm=50.0 past=False committed=False hid=None ra=None lclear=True hyok=True
traci-bridge-1         | LANE_CMD_WAIT_EDGE veh=Ramp_Merge_2 edge=34126779 lane=0 target=1 lane_count=1
traci-bridge-1         | LANE_CMD_STATE veh=Ramp_Merge_3 edge=34126779 lane=0 target=1 lane_count=1 recently=False speed=3.55
traci-bridge-1         | LANE_CMD_WAIT_EDGE veh=Ramp_Merge_3 edge=34126779 lane=0 target=1 lane_count=1
traci-bridge-1         | LANE_CMD_STATE veh=Merge_Car edge=1331698336 lane=0 target=1 lane_count=3 recently=False speed=3.61
traci-bridge-1         | LANE_CMD_APPLY veh=Merge_Car edge=1331698336 from_lane=0 target=1 duration=2.00 mode=256 speed=3.61
traci-bridge-1         | LANE_CMD_STATE veh=Ramp_Merge_2 edge=34126779 lane=0 target=1 lane_count=1 recently=False speed=6.74
traci-bridge-1         | LANE_CMD_WAIT_EDGE veh=Ramp_Merge_2 edge=34126779 lane=0 target=1 lane_count=1
traci-bridge-1         | LANE_CMD_STATE veh=Ramp_Merge_3 edge=34126779 lane=0 target=1 lane_count=1 recently=False speed=3.49
traci-bridge-1         | LANE_CMD_WAIT_EDGE veh=Ramp_Merge_3 edge=34126779 lane=0 target=1 lane_count=1
traci-bridge-1         | LANE_CMD_STATE veh=Merge_Car edge=1331698336 lane=1 target=1 lane_count=3 recently=True speed=3.61
traci-bridge-1         | LANE_CMD_CLEAR veh=Merge_Car edge=1331698336 target=1
traci-bridge-1         | LANE_CMD_STATE veh=Ramp_Merge_2 edge=34126779 lane=0 target=1 lane_count=1 recently=False speed=6.74
traci-bridge-1         | LANE_CMD_WAIT_EDGE veh=Ramp_Merge_2 edge=34126779 lane=0 target=1 lane_count=1
traci-bridge-1         | LANE_CMD_STATE veh=Ramp_Merge_3 edge=34126779 lane=0 target=1 lane_count=1 recently=False speed=3.43
traci-bridge-1         | LANE_CMD_WAIT_EDGE veh=Ramp_Merge_3 edge=34126779 lane=0 target=1 lane_count=1
traci-bridge-1         | LANE_CMD_STATE veh=Ramp_Merge_2 edge=34126779 lane=0 target=1 lane_count=1 recently=False speed=6.74
traci-bridge-1         | LANE_CMD_WAIT_EDGE veh=Ramp_Merge_2 edge=34126779 lane=0 target=1 lane_count=1
traci-bridge-1         | LANE_CMD_STATE veh=Ramp_Merge_3 edge=34126779 lane=0 target=1 lane_count=1 recently=False speed=3.37
traci-bridge-1         | LANE_CMD_WAIT_EDGE veh=Ramp_Merge_3 edge=34126779 lane=0 target=1 lane_count=1
traci-bridge-1         | LANE_CMD_STATE veh=Ramp_Merge_2 edge=34126779 lane=0 target=1 lane_count=1 recently=False speed=6.74
traci-bridge-1         | LANE_CMD_WAIT_EDGE veh=Ramp_Merge_2 edge=34126779 lane=0 target=1 lane_count=1
traci-bridge-1         | LANE_CMD_STATE veh=Ramp_Merge_3 edge=34126779 lane=0 target=1 lane_count=1 recently=False speed=3.31
traci-bridge-1         | LANE_CMD_WAIT_EDGE veh=Ramp_Merge_3 edge=34126779 lane=0 target=1 lane_count=1
traci-bridge-1         | LANE_CMD_STATE veh=Ramp_Merge_2 edge=34126779 lane=0 target=1 lane_count=1 recently=False speed=6.74
traci-bridge-1         | LANE_CMD_WAIT_EDGE veh=Ramp_Merge_2 edge=34126779 lane=0 target=1 lane_count=1
traci-bridge-1         | LANE_CMD_STATE veh=Ramp_Merge_3 edge=34126779 lane=0 target=1 lane_count=1 recently=False speed=3.26
traci-bridge-1         | LANE_CMD_WAIT_EDGE veh=Ramp_Merge_3 edge=34126779 lane=0 target=1 lane_count=1
traci-bridge-1         | LANE_CMD_STATE veh=Ramp_Merge_2 edge=34126779 lane=0 target=1 lane_count=1 recently=False speed=6.74
traci-bridge-1         | LANE_CMD_WAIT_EDGE veh=Ramp_Merge_2 edge=34126779 lane=0 target=1 lane_count=1
traci-bridge-1         | LANE_CMD_STATE veh=Ramp_Merge_3 edge=34126779 lane=0 target=1 lane_count=1 recently=False speed=3.21
traci-bridge-1         | LANE_CMD_WAIT_EDGE veh=Ramp_Merge_3 edge=34126779 lane=0 target=1 lane_count=1
traci-bridge-1         | LANE_CMD_STATE veh=Ramp_Merge_2 edge=34126779 lane=0 target=1 lane_count=1 recently=False speed=6.74
traci-bridge-1         | LANE_CMD_WAIT_EDGE veh=Ramp_Merge_2 edge=34126779 lane=0 target=1 lane_count=1
traci-bridge-1         | LANE_CMD_STATE veh=Ramp_Merge_3 edge=34126779 lane=0 target=1 lane_count=1 recently=False speed=3.16
traci-bridge-1         | LANE_CMD_WAIT_EDGE veh=Ramp_Merge_3 edge=34126779 lane=0 target=1 lane_count=1
traci-bridge-1         | LANE_CMD_STATE veh=Ramp_Merge_2 edge=34126779 lane=0 target=1 lane_count=1 recently=False speed=6.74
traci-bridge-1         | LANE_CMD_WAIT_EDGE veh=Ramp_Merge_2 edge=34126779 lane=0 target=1 lane_count=1
traci-bridge-1         | LANE_CMD_STATE veh=Ramp_Merge_3 edge=34126779 lane=0 target=1 lane_count=1 recently=False speed=3.34
traci-bridge-1         | LANE_CMD_WAIT_EDGE veh=Ramp_Merge_3 edge=34126779 lane=0 target=1 lane_count=1
traci-bridge-1         | LANE_CMD_STATE veh=Ramp_Merge_2 edge=34126779 lane=0 target=1 lane_count=1 recently=False speed=6.74
traci-bridge-1         | LANE_CMD_WAIT_EDGE veh=Ramp_Merge_2 edge=34126779 lane=0 target=1 lane_count=1
traci-bridge-1         | LANE_CMD_STATE veh=Ramp_Merge_3 edge=34126779 lane=0 target=1 lane_count=1 recently=False speed=3.34
traci-bridge-1         | LANE_CMD_WAIT_EDGE veh=Ramp_Merge_3 edge=34126779 lane=0 target=1 lane_count=1
traci-bridge-1         | LANE_CMD_STATE veh=Ramp_Merge_2 edge=34126779 lane=0 target=1 lane_count=1 recently=False speed=6.74
traci-bridge-1         | LANE_CMD_WAIT_EDGE veh=Ramp_Merge_2 edge=34126779 lane=0 target=1 lane_count=1
traci-bridge-1         | LANE_CMD_STATE veh=Ramp_Merge_3 edge=34126779 lane=0 target=1 lane_count=1 recently=False speed=3.34
traci-bridge-1         | LANE_CMD_WAIT_EDGE veh=Ramp_Merge_3 edge=34126779 lane=0 target=1 lane_count=1
traci-bridge-1         | LANE_CMD_STATE veh=Ramp_Merge_2 edge=34126779 lane=0 target=1 lane_count=1 recently=False speed=6.74
traci-bridge-1         | LANE_CMD_WAIT_EDGE veh=Ramp_Merge_2 edge=34126779 lane=0 target=1 lane_count=1
traci-bridge-1         | LANE_CMD_STATE veh=Ramp_Merge_3 edge=34126779 lane=0 target=1 lane_count=1 recently=False speed=3.34
traci-bridge-1         | LANE_CMD_WAIT_EDGE veh=Ramp_Merge_3 edge=34126779 lane=0 target=1 lane_count=1
traci-bridge-1         | LANE_CMD_STATE veh=Ramp_Merge_2 edge=34126779 lane=0 target=1 lane_count=1 recently=False speed=6.74
traci-bridge-1         | LANE_CMD_WAIT_EDGE veh=Ramp_Merge_2 edge=34126779 lane=0 target=1 lane_count=1
traci-bridge-1         | LANE_CMD_STATE veh=Ramp_Merge_3 edge=34126779 lane=0 target=1 lane_count=1 recently=False speed=3.34
traci-bridge-1         | LANE_CMD_WAIT_EDGE veh=Ramp_Merge_3 edge=34126779 lane=0 target=1 lane_count=1
traci-bridge-1         | LANE_CMD_STATE veh=Ramp_Merge_2 edge=34126779 lane=0 target=1 lane_count=1 recently=False speed=6.74
traci-bridge-1         | LANE_CMD_WAIT_EDGE veh=Ramp_Merge_2 edge=34126779 lane=0 target=1 lane_count=1
traci-bridge-1         | LANE_CMD_STATE veh=Ramp_Merge_3 edge=34126779 lane=0 target=1 lane_count=1 recently=False speed=3.34
traci-bridge-1         | LANE_CMD_WAIT_EDGE veh=Ramp_Merge_3 edge=34126779 lane=0 target=1 lane_count=1
traci-bridge-1         | LANE_CMD_STATE veh=Ramp_Merge_2 edge=34126779 lane=0 target=1 lane_count=1 recently=False speed=6.74
traci-bridge-1         | LANE_CMD_WAIT_EDGE veh=Ramp_Merge_2 edge=34126779 lane=0 target=1 lane_count=1
traci-bridge-1         | LANE_CMD_STATE veh=Ramp_Merge_3 edge=34126779 lane=0 target=1 lane_count=1 recently=False speed=3.34
traci-bridge-1         | LANE_CMD_WAIT_EDGE veh=Ramp_Merge_3 edge=34126779 lane=0 target=1 lane_count=1
traci-bridge-1         | LANE_CMD_STATE veh=Ramp_Merge_2 edge=34126779 lane=0 target=1 lane_count=1 recently=False speed=6.74
traci-bridge-1         | LANE_CMD_WAIT_EDGE veh=Ramp_Merge_2 edge=34126779 lane=0 target=1 lane_count=1
traci-bridge-1         | LANE_CMD_STATE veh=Ramp_Merge_3 edge=34126779 lane=0 target=1 lane_count=1 recently=False speed=3.34
traci-bridge-1         | LANE_CMD_WAIT_EDGE veh=Ramp_Merge_3 edge=34126779 lane=0 target=1 lane_count=1
traci-bridge-1         | LANE_CMD_STATE veh=Ramp_Merge_2 edge=34126779 lane=0 target=1 lane_count=1 recently=False speed=6.74
traci-bridge-1         | LANE_CMD_WAIT_EDGE veh=Ramp_Merge_2 edge=34126779 lane=0 target=1 lane_count=1
traci-bridge-1         | LANE_CMD_STATE veh=Ramp_Merge_3 edge=34126779 lane=0 target=1 lane_count=1 recently=False speed=3.34
traci-bridge-1         | LANE_CMD_WAIT_EDGE veh=Ramp_Merge_3 edge=34126779 lane=0 target=1 lane_count=1
traci-bridge-1         | LANE_CMD_STATE veh=Ramp_Merge_2 edge=34126779 lane=0 target=1 lane_count=1 recently=False speed=6.73
traci-bridge-1         | LANE_CMD_WAIT_EDGE veh=Ramp_Merge_2 edge=34126779 lane=0 target=1 lane_count=1
traci-bridge-1         | LANE_CMD_STATE veh=Ramp_Merge_3 edge=34126779 lane=0 target=1 lane_count=1 recently=False speed=3.34
traci-bridge-1         | LANE_CMD_WAIT_EDGE veh=Ramp_Merge_3 edge=34126779 lane=0 target=1 lane_count=1
traci-bridge-1         | LANE_CMD_STATE veh=Ramp_Merge_2 edge=34126779 lane=0 target=1 lane_count=1 recently=False speed=6.72
traci-bridge-1         | LANE_CMD_WAIT_EDGE veh=Ramp_Merge_2 edge=34126779 lane=0 target=1 lane_count=1
traci-bridge-1         | LANE_CMD_STATE veh=Ramp_Merge_3 edge=34126779 lane=0 target=1 lane_count=1 recently=False speed=3.35
traci-bridge-1         | LANE_CMD_WAIT_EDGE veh=Ramp_Merge_3 edge=34126779 lane=0 target=1 lane_count=1
traci-bridge-1         | LANE_CMD_STATE veh=Ramp_Merge_2 edge=34126779 lane=0 target=1 lane_count=1 recently=False speed=6.71
traci-bridge-1         | LANE_CMD_WAIT_EDGE veh=Ramp_Merge_2 edge=34126779 lane=0 target=1 lane_count=1
traci-bridge-1         | LANE_CMD_STATE veh=Ramp_Merge_3 edge=34126779 lane=0 target=1 lane_count=1 recently=False speed=3.36
traci-bridge-1         | LANE_CMD_WAIT_EDGE veh=Ramp_Merge_3 edge=34126779 lane=0 target=1 lane_count=1
traci-bridge-1         | LANE_CMD_STATE veh=Ramp_Merge_2 edge=34126779 lane=0 target=1 lane_count=1 recently=False speed=6.70
traci-bridge-1         | LANE_CMD_WAIT_EDGE veh=Ramp_Merge_2 edge=34126779 lane=0 target=1 lane_count=1
traci-bridge-1         | LANE_CMD_STATE veh=Ramp_Merge_3 edge=34126779 lane=0 target=1 lane_count=1 recently=False speed=3.37
traci-bridge-1         | LANE_CMD_WAIT_EDGE veh=Ramp_Merge_3 edge=34126779 lane=0 target=1 lane_count=1
traci-bridge-1         | LANE_CMD_STATE veh=Ramp_Merge_2 edge=34126779 lane=0 target=1 lane_count=1 recently=False speed=6.69
traci-bridge-1         | LANE_CMD_WAIT_EDGE veh=Ramp_Merge_2 edge=34126779 lane=0 target=1 lane_count=1
traci-bridge-1         | LANE_CMD_STATE veh=Ramp_Merge_3 edge=34126779 lane=0 target=1 lane_count=1 recently=False speed=3.38
traci-bridge-1         | LANE_CMD_WAIT_EDGE veh=Ramp_Merge_3 edge=34126779 lane=0 target=1 lane_count=1
obu-ramp-merge-3-1     | [18.8] Ramp_Merge_3 MERGE_DECISION: auth=False phys=True fgok=True lgok=True hgok=True cok=True esok=True cready=True dtm=49.3 past=False committed=False hid=None ra=None lclear=True hyok=True
obu-ramp-merge-4-1     | [18.8] Ramp_Merge_4 MERGE_DECISION: auth=False phys=True fgok=True lgok=True hgok=True cok=True esok=True cready=True dtm=67.3 past=False committed=False hid=None ra=None lclear=True hyok=True
obu-ramp-merge-4-1     | [18.8] Ramp_Merge_4 role=merge state=CRUISE->CRUISE speed=6.55 target=6.73 neighbors=11
obu-merge-car-1        | [19.1] Merge_Car role=cruise state=CRUISE->CRUISE speed=5.80 target=7.50 neighbors=11
obu-ramp-merge-2-1     | [19.1] Ramp_Merge_2 MERGE_COMMIT_WAIT_LANE_AVAILABLE: edge=34126779 lane=0 target_lane=1 lane_count=1 executable=False speed=6.68 dtm=11.5
obu-ramp-merge-2-1     | [19.1] Ramp_Merge_2 FINAL_GUARD: REJECTED slot-boundary sid=104 gap=7.8
obu-ramp-merge-2-1     | [19.1] Ramp_Merge_2 MERGE_COMMIT_SAFETY_HOLD: lgok=False hgok=True fgok=False edge=34126779 lane=0 target_lane=1 speed=6.68 lane_cmd_state=WAIT_EDGE lane_cmd_executable=False lane_cmd_edge=34126779 lane_cmd_lane_count=1
obu-ramp-merge-2-1     | [19.1] Ramp_Merge_2 CAR_FOLLOW: sid=104 edge=34126779 lane=0 leader_edge= leader_lane=None leader_role_hint=main self_merge_completed=False self_merge_completed_age=-1.0 self_merge_committed=True lane_cmd_state=WAIT_EDGE lane_cmd_edge=34126779 lane_cmd_target=1 lane_cmd_executable=False same_lane=False reason=merge_conflict_eta gap=0.4 follow_spd=4.12 emergency=False target_before=2.25 target_after=6.427342931309724
obu-ramp-back-1        | [19.0] Ramp_Back role=merge state=CRUISE->CRUISE speed=6.29 target=6.75 neighbors=11
obu-ramp-merge-5-1     | MERGE_ATTEMPT_TIMELINE: vehicle=Ramp_Merge_5 manoeuvre=127 host=101 lead=103 event=REQUEST_SENT t=19.0 edge=34126779 lane=0 lane_cmd_state=NONE speed=6.73 target=6.75 dtm=84.5 lead_gap=19.70 host_gap=0.00 lead_gap_t1=19.70 lead_gap_t2=19.70 lead_gap_t3=19.70 host_gap_t1=0.00 host_gap_t2=0.00 host_gap_t3=0.00
obu-ramp-merge-5-1     | [19.0] Ramp_Merge_5 MCM_TX_REQUEST: manoeuvre=127 target=101
obu-ramp-merge-5-1     | [19.0] Ramp_Merge_5 MERGE_DECISION: auth=False phys=False fgok=True lgok=True hgok=True cok=True esok=True cready=False dtm=84.5 past=False committed=False hid=101 ra=None lclear=True hyok=False
obu-host-car-1         | [19.1] Host_Car CAR_FOLLOW: sid=107 edge=560761994 lane=0 leader_edge= leader_lane=None leader_role_hint=ramp self_merge_completed=False self_merge_completed_age=-1.0 self_merge_committed=False lane_cmd_state=None lane_cmd_edge=None lane_cmd_target=None lane_cmd_executable=None same_lane=True reason=same_lane_cam gap=4.6 follow_spd=2.25 emergency=False target_before=7.5 target_after=1.7816390412770722
obu-host-car-1         | [19.1] Host_Car role=lead state=YIELDING->YIELDING speed=1.60 target=1.78 neighbors=11
obu-ramp-merge-3-1     | MERGE_ATTEMPT_TIMELINE: vehicle=Ramp_Merge_3 manoeuvre=66 host=101 lead=102 event=REQUEST_SENT t=19.1 edge=34126779 lane=0 lane_cmd_state=WAIT_EDGE speed=3.38 target=6.75 dtm=48.4 lead_gap=94.45 host_gap=109.95 lead_gap_t1=94.45 lead_gap_t2=94.45 lead_gap_t3=94.45 host_gap_t1=109.95 host_gap_t2=109.95 host_gap_t3=109.95
obu-ramp-merge-3-1     | [19.1] Ramp_Merge_3 MCM_TX_REQUEST: manoeuvre=66 target=101
obu-ramp-merge-3-1     | [19.1] Ramp_Merge_3 MERGE_DECISION: auth=False phys=True fgok=True lgok=True hgok=True cok=True esok=True cready=True dtm=48.4 past=False committed=False hid=101 ra=None lclear=True hyok=False
obu-ramp-merge-3-1     | [19.1] Ramp_Merge_3 CAR_FOLLOW: sid=101 edge=34126779 lane=0 leader_edge= leader_lane=None leader_role_hint=main self_merge_completed=False self_merge_completed_age=-1.0 self_merge_committed=False lane_cmd_state=WAIT_EDGE lane_cmd_edge=34126779 lane_cmd_target=1 lane_cmd_executable=False same_lane=False reason=merge_conflict_eta gap=1.6 follow_spd=4.12 emergency=False target_before=3.563670326915968 target_after=3.563670326915968
obu-ramp-merge-4-1     | MERGE_ATTEMPT_TIMELINE: vehicle=Ramp_Merge_4 manoeuvre=96 host=101 lead=103 event=REQUEST_SENT t=19.1 edge=34126779 lane=0 lane_cmd_state=NONE speed=6.57 target=6.75 dtm=65.7 lead_gap=60.38 host_gap=69.18 lead_gap_t1=60.38 lead_gap_t2=60.38 lead_gap_t3=60.38 host_gap_t1=69.18 host_gap_t2=69.18 host_gap_t3=69.18
obu-ramp-merge-4-1     | [19.1] Ramp_Merge_4 MCM_TX_REQUEST: manoeuvre=96 target=101
obu-ramp-merge-4-1     | [19.1] Ramp_Merge_4 MERGE_DECISION: auth=False phys=True fgok=True lgok=False hgok=True cok=True esok=True cready=True dtm=65.7 past=False committed=False hid=101 ra=None lclear=True hyok=True
obu-ramp-merge-5-1     | [19.1] Ramp_Merge_5 MERGE_DECISION: auth=False phys=False fgok=True lgok=True hgok=True cok=True esok=True cready=False dtm=84.1 past=False committed=False hid=101 ra=None lclear=True hyok=False
obu-ramp-merge-5-1     | [19.1] Ramp_Merge_5 role=merge state=NEGOTIATING->NEGOTIATING speed=6.73 target=6.75 neighbors=11
obu-ramp-merge-5-1     | [19.3] Ramp_Merge_5 MCM_TX_REQUEST: manoeuvre=127 target=101
obu-ramp-merge-5-1     | [19.3] Ramp_Merge_5 MERGE_DECISION: auth=False phys=False fgok=True lgok=True hgok=True cok=True esok=True cready=False dtm=83.2 past=False committed=False hid=101 ra=None lclear=True hyok=False
obu-ramp-merge-5-1     | [19.6] Ramp_Merge_5 MCM_TX_REQUEST: manoeuvre=127 target=101
obu-ramp-merge-5-1     | [19.6] Ramp_Merge_5 MERGE_DECISION: auth=False phys=False fgok=True lgok=True hgok=True cok=True esok=True cready=False dtm=81.8 past=False committed=False hid=101 ra=None lclear=True hyok=False
obu-lead-car-1         | [19.9] Lead_Car MCM_RX_REQUEST: from=109 manoeuvre=66 target=101
obu-lead-car-1         | [19.9] Lead_Car MCM_RX_REQUEST: from=110 manoeuvre=96 target=101
obu-ramp-merge-2-1     | [19.8] Ramp_Merge_2 MERGE_COMMIT_WAIT_LANE_AVAILABLE: edge=34126779 lane=0 target_lane=1 lane_count=1 executable=False speed=6.61 dtm=7.6
obu-ramp-merge-2-1     | [19.8] Ramp_Merge_2 FINAL_GUARD: REJECTED slot-boundary sid=104 gap=5.0
obu-ramp-merge-2-1     | [19.8] Ramp_Merge_2 MERGE_COMMIT_SAFETY_HOLD: lgok=False hgok=True fgok=False edge=34126779 lane=0 target_lane=1 speed=6.61 lane_cmd_state=WAIT_EDGE lane_cmd_executable=False lane_cmd_edge=34126779 lane_cmd_lane_count=1
obu-ramp-merge-2-1     | [19.8] Ramp_Merge_2 CAR_FOLLOW: sid=104 edge=34126779 lane=0 leader_edge= leader_lane=None leader_role_hint=main self_merge_completed=False self_merge_completed_age=-1.0 self_merge_committed=True lane_cmd_state=WAIT_EDGE lane_cmd_edge=34126779 lane_cmd_target=1 lane_cmd_executable=False same_lane=False reason=merge_conflict_eta gap=0.5 follow_spd=4.12 emergency=False target_before=2.25 target_after=6.356886210923433
obu-ramp-merge-2-1     | [19.8] Ramp_Merge_2 role=merge state=MERGING->MERGING speed=6.61 target=6.36 neighbors=11
obu-main-mid-right-1   | [19.9] Main_Mid_Right role=cruise state=CRUISE->CRUISE speed=7.53 target=7.50 neighbors=11
obu-main-back-left-1   | [19.8] Main_Back_Left role=host state=CRUISE->CRUISE speed=7.44 target=7.50 neighbors=11
obu-ramp-merge-5-1     | [19.8] Ramp_Merge_5 MERGE_DECISION: auth=False phys=False fgok=True lgok=True hgok=True cok=True esok=True cready=False dtm=81.0 past=False committed=False hid=101 ra=None lclear=True hyok=False
obu-lead-car-1         | HOST_RESERVATION_START: host=Lead_Car ramp=110 manoeuvre=96 until=23.9 own_speed=7.50 target_speed=7.50 required_speed=7.50 gap_eta=7.67
obu-lead-car-1         | [19.9] Lead_Car HOST_RESERVED: merge=110 manoeuvre=96 until=23.9 target_spd=7.50
obu-lead-car-1         | [19.9] Lead_Car MCM_TX_ACCEPT: manoeuvre=96 target=110
obu-lead-car-1         | [19.9] Lead_Car role=host state=CRUISE->CRUISE speed=7.50 target=7.50 neighbors=11
obu-lead-car-1         | [19.9] Lead_Car MCM_RX_REQUEST: from=111 manoeuvre=127 target=101
obu-ramp-merge-3-1     | [19.8] Ramp_Merge_3 MCM_TX_REQUEST: manoeuvre=66 target=101
obu-lead-car-1         | [19.9] Lead_Car MCM_RX_REQUEST: from=111 manoeuvre=127 target=101
obu-lead-car-1         | [19.9] Lead_Car MCM_RX_REQUEST: from=111 manoeuvre=127 target=101
obu-ramp-merge-3-1     | [19.8] Ramp_Merge_3 MERGE_DECISION: auth=False phys=True fgok=True lgok=True hgok=True cok=True esok=True cready=True dtm=46.1 past=False committed=False hid=101 ra=None lclear=True hyok=False
obu-ramp-merge-3-1     | [19.8] Ramp_Merge_3 role=merge state=NEGOTIATING->NEGOTIATING speed=3.44 target=3.62 neighbors=11
obu-main-front-left-1  | [19.9] Main_Front_Left role=cruise state=CRUISE->CRUISE speed=7.50 target=7.50 neighbors=11
obu-ramp-merge-4-1     | [19.8] Ramp_Merge_4 MCM_TX_REQUEST: manoeuvre=96 target=101
obu-ramp-merge-4-1     | [19.8] Ramp_Merge_4 MERGE_DECISION: auth=False phys=True fgok=True lgok=True hgok=True cok=True esok=True cready=True dtm=62.0 past=False committed=False hid=101 ra=None lclear=True hyok=True
obu-ramp-merge-4-1     | [19.8] Ramp_Merge_4 role=merge state=NEGOTIATING->NEGOTIATING speed=6.48 target=6.66 neighbors=11
obu-main-back-right-1  | [19.8] Main_Back_Right role=host state=CRUISE->CRUISE speed=7.24 target=7.50 neighbors=11
obu-lead-car-1         | HOST_RESERVATION_HOLD: host=Lead_Car ramp=110 manoeuvre=96 remaining=3.9 own_speed=7.50 target_speed=7.50 ramp_fsm=NEGOTIATING ramp_lane_cmd_state=NONE ramp_edge=34126779 ramp_lane=0 ramp_merge_completed=False ramp_merge_committed=False
obu-lead-car-1         | [20.0] Lead_Car HOST_HOLD_YIELD: for merge=110 spd=7.50
obu-ramp-merge-4-1     | [20.1] Ramp_Merge_4 MCM_RX_ACCEPT: from=101 manoeuvre=96 target=110
obu-lead-car-1         | [20.1] Lead_Car MCM_RX_REQUEST: from=110 manoeuvre=96 target=101
obu-ramp-merge-4-1     | [20.1] Ramp_Merge_4 MCM_TX_REQUEST: manoeuvre=96 target=101
obu-ramp-merge-4-1     | MERGE_ATTEMPT_TIMELINE: vehicle=Ramp_Merge_4 manoeuvre=96 host=101 lead=103 event=ACCEPT_MATCHED t=20.1 edge=34126779 lane=0 lane_cmd_state=NONE speed=5.43 target=6.75 dtm=60.5 lead_gap=65.79 host_gap=78.16 lead_gap_t1=65.79 lead_gap_t2=65.79 lead_gap_t3=65.79 host_gap_t1=78.16 host_gap_t2=78.16 host_gap_t3=78.16
obu-ramp-merge-4-1     | [20.1] Ramp_Merge_4 MCM_ACCEPT_MATCHED: host=101 manoeuvre=96
obu-ramp-merge-4-1     | MERGE_ATTEMPT_TIMELINE: vehicle=Ramp_Merge_4 manoeuvre=96 host=101 lead=103 event=AUTHORIZED t=20.1 edge=34126779 lane=0 lane_cmd_state=NONE speed=5.43 target=5.61 dtm=60.5 lead_gap=65.79 host_gap=78.16 lead_gap_t1=65.79 lead_gap_t2=65.79 lead_gap_t3=65.79 host_gap_t1=78.16 host_gap_t2=78.16 host_gap_t3=78.16
obu-ramp-merge-4-1     | [20.1] Ramp_Merge_4 MERGE_AUTHORIZED_BY_MCM: host=101 manoeuvre=96
obu-ramp-merge-4-1     | [20.1] Ramp_Merge_4 MERGE_DECISION: auth=True phys=True fgok=True lgok=True hgok=True cok=True esok=True cready=True dtm=60.5 past=False committed=False hid=101 ra=2 lclear=True hyok=True
obu-ramp-merge-4-1     | [20.1] Ramp_Merge_4 MERGE_START_GAP_DIAG: event=start lead=106 host=101 lead_eta=6.145916477770536 own_eta=11.142447608030588 host_eta=17.15529930228653 lead_gap=30.446565497082354 host_gap=78.16125209031719 lead_gap_p1=30.446565497082354 lead_gap_p2=30.446565497082354 lead_gap_p3=30.446565497082354 host_gap_p1=78.16125209031719 host_gap_p2=78.16125209031719 host_gap_p3=78.16125209031719 rel_to_lead=-1.8009283715188698 rel_to_host=-2.0709283715188693 lead_lat=7.32001963156881 host_lat=158.97376308340546 edge=34126779 lane=0 lane_cmd_state=None lane_cmd_edge=None lane_cmd_target=None lane_cmd_executable=None dtm=60.5 speed=5.43
obu-ramp-merge-4-1     | MERGE_ATTEMPT_TIMELINE: vehicle=Ramp_Merge_4 manoeuvre=96 host=101 lead=106 event=PHYSICAL_START t=20.1 edge=34126779 lane=0 lane_cmd_state=NONE speed=5.43 target=5.61 dtm=60.5 lead_gap=30.45 host_gap=78.16 lead_gap_t1=30.45 lead_gap_t2=30.45 lead_gap_t3=30.45 host_gap_t1=78.16 host_gap_t2=78.16 host_gap_t3=78.16
obu-ramp-merge-4-1     | [20.1] Ramp_Merge_4 MERGE_PHYSICAL_START: host=101 manoeuvre=96
obu-ramp-merge-4-1     | [20.1] Ramp_Merge_4 MERGING!
obu-merge-car-1        | [20.1] Merge_Car role=cruise state=CRUISE->CRUISE speed=6.48 target=7.50 neighbors=11
obu-ramp-merge-2-1     | [20.1] Ramp_Merge_2 MERGE_COMMIT_WAIT_LANE_AVAILABLE: edge=34126779 lane=0 target_lane=1 lane_count=1 executable=False speed=6.58 dtm=6.2
obu-ramp-merge-2-1     | [20.1] Ramp_Merge_2 FINAL_GUARD: REJECTED slot-boundary sid=104 gap=4.3
obu-ramp-merge-2-1     | [20.1] Ramp_Merge_2 MERGE_COMMIT_SAFETY_HOLD: lgok=False hgok=True fgok=False edge=34126779 lane=0 target_lane=1 speed=6.58 lane_cmd_state=WAIT_EDGE lane_cmd_executable=False lane_cmd_edge=34126779 lane_cmd_lane_count=1
obu-ramp-back-1        | [20.1] Ramp_Back role=merge state=CRUISE->CRUISE speed=6.49 target=6.75 neighbors=11
obu-host-car-1         | [20.1] Host_Car role=lead state=CRUISE->CRUISE speed=1.83 target=7.50 neighbors=11
obu-ramp-merge-5-1     | [20.0] Ramp_Merge_5 MCM_TX_REQUEST: manoeuvre=127 target=101
obu-ramp-merge-5-1     | [20.0] Ramp_Merge_5 MERGE_DECISION: auth=False phys=False fgok=True lgok=True hgok=True cok=True esok=True cready=False dtm=80.1 past=False committed=False hid=101 ra=None lclear=True hyok=False
obu-lead-car-1         | HOST_RESERVATION_HOLD: host=Lead_Car ramp=110 manoeuvre=96 remaining=3.8 own_speed=7.50 target_speed=7.50 ramp_fsm=NEGOTIATING ramp_lane_cmd_state=NONE ramp_edge=34126779 ramp_lane=0 ramp_merge_completed=False ramp_merge_committed=False
obu-lead-car-1         | [20.1] Lead_Car HOST_HOLD_YIELD: for merge=110 spd=7.50
obu-lead-car-1         | [20.1] Lead_Car MCM_RX_REQUEST: from=109 manoeuvre=66 target=101
obu-ramp-merge-3-1     | [20.2] Ramp_Merge_3 MCM_TX_REQUEST: manoeuvre=66 target=101
obu-ramp-merge-3-1     | [20.2] Ramp_Merge_3 MERGE_DECISION: auth=False phys=True fgok=True lgok=True hgok=True cok=True esok=True cready=True dtm=44.8 past=False committed=False hid=101 ra=None lclear=True hyok=False
obu-ramp-merge-5-1     | [20.2] Ramp_Merge_5 MERGE_DECISION: auth=False phys=False fgok=True lgok=True hgok=True cok=True esok=True cready=False dtm=79.2 past=False committed=False hid=101 ra=None lclear=True hyok=False
obu-ramp-merge-5-1     | [20.2] Ramp_Merge_5 role=merge state=NEGOTIATING->NEGOTIATING speed=6.74 target=6.75 neighbors=11
obu-lead-car-1         | HOST_RESERVATION_HOLD: host=Lead_Car ramp=110 manoeuvre=96 remaining=3.6 own_speed=7.50 target_speed=7.50 ramp_fsm=NEGOTIATING ramp_lane_cmd_state=NONE ramp_edge=34126779 ramp_lane=0 ramp_merge_completed=False ramp_merge_committed=False
obu-lead-car-1         | [20.3] Lead_Car HOST_HOLD_YIELD: for merge=110 spd=7.50
obu-lead-car-1         | [20.3] Lead_Car MCM_TX_ACCEPT: manoeuvre=96 target=110
obu-ramp-merge-3-1     | [20.3] Ramp_Merge_3 MERGE_DECISION: auth=False phys=True fgok=True lgok=True hgok=True cok=True esok=True cready=True dtm=44.5 past=False committed=False hid=101 ra=None lclear=True hyok=False
obu-ramp-merge-5-1     | [20.4] Ramp_Merge_5 MCM_TX_REQUEST: manoeuvre=127 target=101
obu-ramp-merge-5-1     | [20.4] Ramp_Merge_5 MERGE_DECISION: auth=False phys=False fgok=True lgok=True hgok=True cok=True esok=True cready=False dtm=78.4 past=False committed=False hid=101 ra=None lclear=True hyok=False
obu-lead-car-1         | HOST_RESERVATION_EXTEND_UNTIL_CLEAR: host=Lead_Car ramp=110 manoeuvre=96 new_remaining=4.0 ramp_lcs=NONE ramp_edge=34126779
obu-lead-car-1         | HOST_RESERVATION_HOLD: host=Lead_Car ramp=110 manoeuvre=96 remaining=4.0 own_speed=7.50 target_speed=7.50 ramp_fsm=MERGING ramp_lane_cmd_state=NONE ramp_edge=34126779 ramp_lane=0 ramp_merge_completed=False ramp_merge_committed=True
obu-lead-car-1         | [20.5] Lead_Car HOST_HOLD_YIELD: for merge=110 spd=7.50
obu-ramp-merge-3-1     | [20.5] Ramp_Merge_3 MCM_TX_REQUEST: manoeuvre=66 target=101
obu-ramp-merge-3-1     | [20.5] Ramp_Merge_3 MERGE_DECISION: auth=False phys=True fgok=True lgok=True hgok=True cok=True esok=True cready=True dtm=43.9 past=False committed=False hid=101 ra=None lclear=True hyok=False
obu-ramp-merge-5-1     | [20.6] Ramp_Merge_5 MERGE_DECISION: auth=False phys=False fgok=True lgok=True hgok=True cok=True esok=True cready=False dtm=77.3 past=False committed=False hid=101 ra=None lclear=True hyok=False
obu-lead-car-1         | HOST_RESERVATION_EXTEND_UNTIL_CLEAR: host=Lead_Car ramp=110 manoeuvre=96 new_remaining=4.0 ramp_lcs=NONE ramp_edge=34126779
obu-lead-car-1         | HOST_RESERVATION_HOLD: host=Lead_Car ramp=110 manoeuvre=96 remaining=4.0 own_speed=7.50 target_speed=7.50 ramp_fsm=MERGING ramp_lane_cmd_state=NONE ramp_edge=34126779 ramp_lane=0 ramp_merge_completed=False ramp_merge_committed=True
obu-lead-car-1         | [20.7] Lead_Car HOST_HOLD_YIELD: for merge=110 spd=7.50
obu-ramp-merge-3-1     | [20.6] Ramp_Merge_3 MERGE_DECISION: auth=False phys=True fgok=True lgok=True hgok=True cok=True esok=True cready=True dtm=43.5 past=False committed=False hid=101 ra=None lclear=True hyok=False
obu-lead-car-1         | [20.7] Lead_Car MCM_TX_ACCEPT: manoeuvre=96 target=110
obu-ramp-merge-4-1     | [20.3] Ramp_Merge_4 MERGE_LANE_WAIT_EDGE_CONFIRMED: edge=34126779 lane=0 target_lane=1 lane_count=1 executable=False
obu-ramp-merge-4-1     | MERGE_ATTEMPT_TIMELINE: vehicle=Ramp_Merge_4 manoeuvre=96 host=101 lead=106 event=WAIT_EDGE t=20.3 edge=34126779 lane=0 lane_cmd_state=WAIT_EDGE speed=4.78 target=6.75 dtm=59.6 lead_gap=28.91 host_gap=87.47 lead_gap_t1=28.91 lead_gap_t2=28.91 lead_gap_t3=28.91 host_gap_t1=87.47 host_gap_t2=87.47 host_gap_t3=87.47
obu-ramp-merge-4-1     | [20.3] Ramp_Merge_4 MERGE_COMMIT_WAIT_LANE_AVAILABLE: edge=34126779 lane=0 target_lane=1 lane_count=1 executable=False speed=4.78 dtm=59.6
obu-ramp-merge-2-1     | [20.5] Ramp_Merge_2 MERGE_LANE_WAIT_EDGE_CONFIRMED: edge=:390064918_0 lane=0 target_lane=1 lane_count=1 executable=False
obu-lead-car-1         | [20.8] Lead_Car MCM_RX_REQUEST: from=109 manoeuvre=66 target=101
obu-lead-car-1         | [20.8] Lead_Car MCM_RX_REQUEST: from=110 manoeuvre=96 target=101
obu-lead-car-1         | [20.8] Lead_Car MCM_RX_REQUEST: from=111 manoeuvre=127 target=101
obu-lead-car-1         | [20.8] Lead_Car MCM_RX_REQUEST: from=109 manoeuvre=66 target=101
obu-lead-car-1         | [20.8] Lead_Car MCM_RX_REQUEST: from=111 manoeuvre=127 target=101
obu-ramp-merge-2-1     | [20.8] Ramp_Merge_2 MERGE_COMMIT_WAIT_LANE_AVAILABLE: edge=:390064918_0 lane=0 target_lane=1 lane_count=1 executable=False speed=5.58 dtm=4.9
obu-ramp-merge-2-1     | [20.8] Ramp_Merge_2 FINAL_GUARD: REJECTED slot-boundary sid=104 gap=3.4
obu-ramp-merge-2-1     | [20.8] Ramp_Merge_2 MERGE_COMMIT_SAFETY_HOLD: lgok=False hgok=True fgok=False edge=:390064918_0 lane=0 target_lane=1 speed=5.58 lane_cmd_state=WAIT_EDGE lane_cmd_executable=False lane_cmd_edge=:390064918_0 lane_cmd_lane_count=1
obu-ramp-merge-2-1     | [20.8] Ramp_Merge_2 CAR_FOLLOW: sid=105 edge=:390064918_0 lane=0 leader_edge= leader_lane=None leader_role_hint=main self_merge_completed=False self_merge_completed_age=-1.0 self_merge_committed=True lane_cmd_state=WAIT_EDGE lane_cmd_edge=:390064918_0 lane_cmd_target=1 lane_cmd_executable=False same_lane=False reason=merge_conflict_eta gap=1.8 follow_spd=4.12 emergency=False target_before=2.25 target_after=5.332071884016776
obu-ramp-merge-2-1     | [20.8] Ramp_Merge_2 role=merge state=MERGING->MERGING speed=5.58 target=5.33 neighbors=11
obu-ramp-merge-4-1     | [20.8] Ramp_Merge_4 MCM_RX_ACCEPT: from=101 manoeuvre=96 target=110
obu-ramp-merge-4-1     | [20.8] Ramp_Merge_4 MCM_RX_ACCEPT: from=101 manoeuvre=96 target=110
obu-main-back-left-1   | [20.8] Main_Back_Left role=host state=CRUISE->CRUISE speed=7.08 target=7.50 neighbors=11
obu-lead-car-1         | HOST_RESERVATION_EXTEND_UNTIL_CLEAR: host=Lead_Car ramp=110 manoeuvre=96 new_remaining=4.0 ramp_lcs=NONE ramp_edge=34126779
obu-lead-car-1         | HOST_RESERVATION_HOLD: host=Lead_Car ramp=110 manoeuvre=96 remaining=4.0 own_speed=7.50 target_speed=7.50 ramp_fsm=MERGING ramp_lane_cmd_state=NONE ramp_edge=34126779 ramp_lane=0 ramp_merge_completed=False ramp_merge_committed=True
obu-lead-car-1         | [20.8] Lead_Car HOST_HOLD_YIELD: for merge=110 spd=7.50
obu-lead-car-1         | [20.8] Lead_Car MCM_TX_REJECT: manoeuvre=127 target=111
obu-ramp-merge-3-1     | [20.8] Ramp_Merge_3 MCM_TX_REQUEST: manoeuvre=66 target=101
obu-ramp-merge-3-1     | [20.8] Ramp_Merge_3 MERGE_DECISION: auth=False phys=True fgok=True lgok=True hgok=True cok=True esok=True cready=True dtm=42.9 past=False committed=False hid=101 ra=None lclear=True hyok=False
obu-ramp-merge-3-1     | [20.8] Ramp_Merge_3 role=merge state=NEGOTIATING->NEGOTIATING speed=3.51 target=3.69 neighbors=11
obu-main-back-right-1  | [20.8] Main_Back_Right role=host state=CRUISE->CRUISE speed=7.29 target=7.50 neighbors=11
obu-ramp-merge-4-1     | [20.9] Ramp_Merge_4 MERGE_COMMIT_WAIT_LANE_AVAILABLE: edge=34126779 lane=0 target_lane=1 lane_count=1 executable=False speed=4.03 dtm=57.3
obu-ramp-merge-4-1     | [20.9] Ramp_Merge_4 role=merge state=MERGING->MERGING speed=4.03 target=4.21 neighbors=11
traci-bridge-1         | LANE_CMD_STATE veh=Ramp_Merge_2 edge=34126779 lane=0 target=1 lane_count=1 recently=False speed=6.68
traci-bridge-1         | LANE_CMD_WAIT_EDGE veh=Ramp_Merge_2 edge=34126779 lane=0 target=1 lane_count=1
traci-bridge-1         | LANE_CMD_STATE veh=Ramp_Merge_3 edge=34126779 lane=0 target=1 lane_count=1 recently=False speed=3.38
traci-bridge-1         | LANE_CMD_WAIT_EDGE veh=Ramp_Merge_3 edge=34126779 lane=0 target=1 lane_count=1
traci-bridge-1         | LANE_CMD_STATE veh=Ramp_Merge_2 edge=34126779 lane=0 target=1 lane_count=1 recently=False speed=6.67
traci-bridge-1         | LANE_CMD_WAIT_EDGE veh=Ramp_Merge_2 edge=34126779 lane=0 target=1 lane_count=1
traci-bridge-1         | LANE_CMD_STATE veh=Ramp_Merge_3 edge=34126779 lane=0 target=1 lane_count=1 recently=False speed=3.39
traci-bridge-1         | LANE_CMD_WAIT_EDGE veh=Ramp_Merge_3 edge=34126779 lane=0 target=1 lane_count=1
traci-bridge-1         | LANE_CMD_STATE veh=Ramp_Merge_2 edge=34126779 lane=0 target=1 lane_count=1 recently=False speed=6.66
traci-bridge-1         | LANE_CMD_WAIT_EDGE veh=Ramp_Merge_2 edge=34126779 lane=0 target=1 lane_count=1
traci-bridge-1         | LANE_CMD_STATE veh=Ramp_Merge_3 edge=34126779 lane=0 target=1 lane_count=1 recently=False speed=3.40
traci-bridge-1         | LANE_CMD_WAIT_EDGE veh=Ramp_Merge_3 edge=34126779 lane=0 target=1 lane_count=1
traci-bridge-1         | LANE_CMD_STATE veh=Ramp_Merge_2 edge=34126779 lane=0 target=1 lane_count=1 recently=False speed=6.65
traci-bridge-1         | LANE_CMD_WAIT_EDGE veh=Ramp_Merge_2 edge=34126779 lane=0 target=1 lane_count=1
traci-bridge-1         | LANE_CMD_STATE veh=Ramp_Merge_3 edge=34126779 lane=0 target=1 lane_count=1 recently=False speed=3.41
traci-bridge-1         | LANE_CMD_WAIT_EDGE veh=Ramp_Merge_3 edge=34126779 lane=0 target=1 lane_count=1
traci-bridge-1         | LANE_CMD_STATE veh=Ramp_Merge_2 edge=34126779 lane=0 target=1 lane_count=1 recently=False speed=6.64
traci-bridge-1         | LANE_CMD_WAIT_EDGE veh=Ramp_Merge_2 edge=34126779 lane=0 target=1 lane_count=1
traci-bridge-1         | LANE_CMD_STATE veh=Ramp_Merge_3 edge=34126779 lane=0 target=1 lane_count=1 recently=False speed=3.41
traci-bridge-1         | LANE_CMD_WAIT_EDGE veh=Ramp_Merge_3 edge=34126779 lane=0 target=1 lane_count=1
traci-bridge-1         | LANE_CMD_STATE veh=Ramp_Merge_2 edge=34126779 lane=0 target=1 lane_count=1 recently=False speed=6.63
traci-bridge-1         | LANE_CMD_WAIT_EDGE veh=Ramp_Merge_2 edge=34126779 lane=0 target=1 lane_count=1
traci-bridge-1         | LANE_CMD_STATE veh=Ramp_Merge_3 edge=34126779 lane=0 target=1 lane_count=1 recently=False speed=3.42
traci-bridge-1         | LANE_CMD_WAIT_EDGE veh=Ramp_Merge_3 edge=34126779 lane=0 target=1 lane_count=1
traci-bridge-1         | LANE_CMD_STATE veh=Ramp_Merge_2 edge=34126779 lane=0 target=1 lane_count=1 recently=False speed=6.62
traci-bridge-1         | LANE_CMD_WAIT_EDGE veh=Ramp_Merge_2 edge=34126779 lane=0 target=1 lane_count=1
traci-bridge-1         | LANE_CMD_STATE veh=Ramp_Merge_3 edge=34126779 lane=0 target=1 lane_count=1 recently=False speed=3.43
traci-bridge-1         | LANE_CMD_WAIT_EDGE veh=Ramp_Merge_3 edge=34126779 lane=0 target=1 lane_count=1
traci-bridge-1         | LANE_CMD_STATE veh=Ramp_Merge_2 edge=34126779 lane=0 target=1 lane_count=1 recently=False speed=6.61
traci-bridge-1         | LANE_CMD_WAIT_EDGE veh=Ramp_Merge_2 edge=34126779 lane=0 target=1 lane_count=1
traci-bridge-1         | LANE_CMD_STATE veh=Ramp_Merge_3 edge=34126779 lane=0 target=1 lane_count=1 recently=False speed=3.44
traci-bridge-1         | LANE_CMD_WAIT_EDGE veh=Ramp_Merge_3 edge=34126779 lane=0 target=1 lane_count=1
traci-bridge-1         | LANE_CMD_STATE veh=Ramp_Merge_2 edge=34126779 lane=0 target=1 lane_count=1 recently=False speed=6.60
traci-bridge-1         | LANE_CMD_WAIT_EDGE veh=Ramp_Merge_2 edge=34126779 lane=0 target=1 lane_count=1
traci-bridge-1         | LANE_CMD_STATE veh=Ramp_Merge_3 edge=34126779 lane=0 target=1 lane_count=1 recently=False speed=3.44
traci-bridge-1         | LANE_CMD_WAIT_EDGE veh=Ramp_Merge_3 edge=34126779 lane=0 target=1 lane_count=1
traci-bridge-1         | LANE_CMD_STATE veh=Ramp_Merge_2 edge=34126779 lane=0 target=1 lane_count=1 recently=False speed=6.59
traci-bridge-1         | LANE_CMD_WAIT_EDGE veh=Ramp_Merge_2 edge=34126779 lane=0 target=1 lane_count=1
traci-bridge-1         | LANE_CMD_STATE veh=Ramp_Merge_3 edge=34126779 lane=0 target=1 lane_count=1 recently=False speed=3.45
traci-bridge-1         | LANE_CMD_WAIT_EDGE veh=Ramp_Merge_3 edge=34126779 lane=0 target=1 lane_count=1
traci-bridge-1         | LANE_CMD_STATE veh=Ramp_Merge_2 edge=34126779 lane=0 target=1 lane_count=1 recently=False speed=6.58
traci-bridge-1         | LANE_CMD_WAIT_EDGE veh=Ramp_Merge_2 edge=34126779 lane=0 target=1 lane_count=1
traci-bridge-1         | LANE_CMD_STATE veh=Ramp_Merge_3 edge=34126779 lane=0 target=1 lane_count=1 recently=False speed=3.46
traci-bridge-1         | LANE_CMD_WAIT_EDGE veh=Ramp_Merge_3 edge=34126779 lane=0 target=1 lane_count=1
traci-bridge-1         | LANE_CMD_STATE veh=Ramp_Merge_2 edge=34126779 lane=0 target=1 lane_count=1 recently=False speed=6.57
traci-bridge-1         | LANE_CMD_WAIT_EDGE veh=Ramp_Merge_2 edge=34126779 lane=0 target=1 lane_count=1
traci-bridge-1         | LANE_CMD_STATE veh=Ramp_Merge_3 edge=34126779 lane=0 target=1 lane_count=1 recently=False speed=3.46
traci-bridge-1         | LANE_CMD_WAIT_EDGE veh=Ramp_Merge_3 edge=34126779 lane=0 target=1 lane_count=1
traci-bridge-1         | LANE_CMD_STATE veh=Ramp_Merge_2 edge=34126779 lane=0 target=1 lane_count=1 recently=False speed=6.56
traci-bridge-1         | LANE_CMD_WAIT_EDGE veh=Ramp_Merge_2 edge=34126779 lane=0 target=1 lane_count=1
traci-bridge-1         | LANE_CMD_STATE veh=Ramp_Merge_3 edge=34126779 lane=0 target=1 lane_count=1 recently=False speed=3.47
traci-bridge-1         | LANE_CMD_WAIT_EDGE veh=Ramp_Merge_3 edge=34126779 lane=0 target=1 lane_count=1
traci-bridge-1         | LANE_CMD_STATE veh=Ramp_Merge_4 edge=34126779 lane=0 target=1 lane_count=1 recently=False speed=4.78
traci-bridge-1         | LANE_CMD_WAIT_EDGE veh=Ramp_Merge_4 edge=34126779 lane=0 target=1 lane_count=1
traci-bridge-1         | LANE_CMD_STATE veh=Ramp_Merge_2 edge=34126779 lane=0 target=1 lane_count=1 recently=False speed=6.34
traci-bridge-1         | LANE_CMD_WAIT_EDGE veh=Ramp_Merge_2 edge=34126779 lane=0 target=1 lane_count=1
traci-bridge-1         | LANE_CMD_STATE veh=Ramp_Merge_3 edge=34126779 lane=0 target=1 lane_count=1 recently=False speed=3.48
traci-bridge-1         | LANE_CMD_WAIT_EDGE veh=Ramp_Merge_3 edge=34126779 lane=0 target=1 lane_count=1
traci-bridge-1         | LANE_CMD_STATE veh=Ramp_Merge_4 edge=34126779 lane=0 target=1 lane_count=1 recently=False speed=4.52
traci-bridge-1         | LANE_CMD_WAIT_EDGE veh=Ramp_Merge_4 edge=34126779 lane=0 target=1 lane_count=1
traci-bridge-1         | LANE_CMD_STATE veh=Ramp_Merge_2 edge=:390064918_0 lane=0 target=1 lane_count=1 recently=False speed=6.14
traci-bridge-1         | LANE_CMD_WAIT_EDGE veh=Ramp_Merge_2 edge=:390064918_0 lane=0 target=1 lane_count=1
traci-bridge-1         | LANE_CMD_STATE veh=Ramp_Merge_3 edge=34126779 lane=0 target=1 lane_count=1 recently=False speed=3.49
traci-bridge-1         | LANE_CMD_WAIT_EDGE veh=Ramp_Merge_3 edge=34126779 lane=0 target=1 lane_count=1
traci-bridge-1         | LANE_CMD_STATE veh=Ramp_Merge_4 edge=34126779 lane=0 target=1 lane_count=1 recently=False speed=4.29
traci-bridge-1         | LANE_CMD_WAIT_EDGE veh=Ramp_Merge_4 edge=34126779 lane=0 target=1 lane_count=1
traci-bridge-1         | LANE_CMD_STATE veh=Ramp_Merge_2 edge=:390064918_0 lane=0 target=1 lane_count=1 recently=False speed=5.94
traci-bridge-1         | LANE_CMD_WAIT_EDGE veh=Ramp_Merge_2 edge=:390064918_0 lane=0 target=1 lane_count=1
traci-bridge-1         | LANE_CMD_STATE veh=Ramp_Merge_3 edge=34126779 lane=0 target=1 lane_count=1 recently=False speed=3.50
traci-bridge-1         | LANE_CMD_WAIT_EDGE veh=Ramp_Merge_3 edge=34126779 lane=0 target=1 lane_count=1
traci-bridge-1         | LANE_CMD_STATE veh=Ramp_Merge_4 edge=34126779 lane=0 target=1 lane_count=1 recently=False speed=4.35
traci-bridge-1         | LANE_CMD_WAIT_EDGE veh=Ramp_Merge_4 edge=34126779 lane=0 target=1 lane_count=1
traci-bridge-1         | LANE_CMD_STATE veh=Ramp_Merge_2 edge=:390064918_0 lane=0 target=1 lane_count=1 recently=False speed=5.76
traci-bridge-1         | LANE_CMD_WAIT_EDGE veh=Ramp_Merge_2 edge=:390064918_0 lane=0 target=1 lane_count=1
traci-bridge-1         | LANE_CMD_STATE veh=Ramp_Merge_3 edge=34126779 lane=0 target=1 lane_count=1 recently=False speed=3.50
traci-bridge-1         | LANE_CMD_WAIT_EDGE veh=Ramp_Merge_3 edge=34126779 lane=0 target=1 lane_count=1
traci-bridge-1         | LANE_CMD_STATE veh=Ramp_Merge_4 edge=34126779 lane=0 target=1 lane_count=1 recently=False speed=4.15
traci-bridge-1         | LANE_CMD_WAIT_EDGE veh=Ramp_Merge_4 edge=34126779 lane=0 target=1 lane_count=1
traci-bridge-1         | LANE_CMD_STATE veh=Ramp_Merge_2 edge=:390064918_0 lane=0 target=1 lane_count=1 recently=False speed=5.58
traci-bridge-1         | LANE_CMD_WAIT_EDGE veh=Ramp_Merge_2 edge=:390064918_0 lane=0 target=1 lane_count=1
traci-bridge-1         | LANE_CMD_STATE veh=Ramp_Merge_3 edge=34126779 lane=0 target=1 lane_count=1 recently=False speed=3.51
traci-bridge-1         | LANE_CMD_WAIT_EDGE veh=Ramp_Merge_3 edge=34126779 lane=0 target=1 lane_count=1
traci-bridge-1         | LANE_CMD_STATE veh=Ramp_Merge_4 edge=34126779 lane=0 target=1 lane_count=1 recently=False speed=4.22
traci-bridge-1         | LANE_CMD_WAIT_EDGE veh=Ramp_Merge_4 edge=34126779 lane=0 target=1 lane_count=1
traci-bridge-1         | LANE_CMD_STATE veh=Ramp_Merge_2 edge=:390064918_0 lane=0 target=1 lane_count=1 recently=False speed=5.42
traci-bridge-1         | LANE_CMD_WAIT_EDGE veh=Ramp_Merge_2 edge=:390064918_0 lane=0 target=1 lane_count=1
traci-bridge-1         | LANE_CMD_STATE veh=Ramp_Merge_3 edge=34126779 lane=0 target=1 lane_count=1 recently=False speed=3.52
traci-bridge-1         | LANE_CMD_WAIT_EDGE veh=Ramp_Merge_3 edge=34126779 lane=0 target=1 lane_count=1
traci-bridge-1         | LANE_CMD_STATE veh=Ramp_Merge_4 edge=34126779 lane=0 target=1 lane_count=1 recently=False speed=4.03
traci-bridge-1         | LANE_CMD_WAIT_EDGE veh=Ramp_Merge_4 edge=34126779 lane=0 target=1 lane_count=1
obu-main-front-left-1  | [21.0] Main_Front_Left role=cruise state=CRUISE->CRUISE speed=7.50 target=7.50 neighbors=11
obu-lead-car-1         | HOST_RESERVATION_EXTEND_UNTIL_CLEAR: host=Lead_Car ramp=110 manoeuvre=96 new_remaining=4.0 ramp_lcs=NONE ramp_edge=34126779
obu-lead-car-1         | HOST_RESERVATION_HOLD: host=Lead_Car ramp=110 manoeuvre=96 remaining=4.0 own_speed=7.50 target_speed=7.50 ramp_fsm=MERGING ramp_lane_cmd_state=NONE ramp_edge=34126779 ramp_lane=0 ramp_merge_completed=False ramp_merge_committed=True
obu-lead-car-1         | [21.0] Lead_Car HOST_HOLD_YIELD: for merge=110 spd=7.50
obu-lead-car-1         | [21.0] Lead_Car MCM_TX_ACCEPT: manoeuvre=96 target=110
obu-lead-car-1         | [21.0] Lead_Car role=host state=YIELDING->YIELDING speed=7.50 target=7.50 neighbors=11
obu-ramp-merge-4-1     | [21.0] Ramp_Merge_4 MERGE_COMMIT_WAIT_LANE_AVAILABLE: edge=34126779 lane=0 target_lane=1 lane_count=1 executable=False speed=3.87 dtm=56.9
obu-lead-car-1         | HOST_RESERVATION_EXTEND_UNTIL_CLEAR: host=Lead_Car ramp=110 manoeuvre=96 new_remaining=4.0 ramp_lcs=WAIT_EDGE ramp_edge=34126779
obu-lead-car-1         | HOST_RESERVATION_HOLD: host=Lead_Car ramp=110 manoeuvre=96 remaining=4.0 own_speed=7.50 target_speed=7.50 ramp_fsm=MERGING ramp_lane_cmd_state=WAIT_EDGE ramp_edge=34126779 ramp_lane=0 ramp_merge_completed=False ramp_merge_committed=True
obu-lead-car-1         | [21.1] Lead_Car HOST_HOLD_YIELD: for merge=110 spd=7.50
obu-lead-car-1         | [21.1] Lead_Car MCM_TX_REJECT: manoeuvre=127 target=111
obu-ramp-merge-4-1     | [21.2] Ramp_Merge_4 MERGE_COMMIT_WAIT_LANE_AVAILABLE: edge=34126779 lane=0 target_lane=1 lane_count=1 executable=False speed=3.74 dtm=56.2
obu-lead-car-1         | HOST_RESERVATION_EXTEND_UNTIL_CLEAR: host=Lead_Car ramp=110 manoeuvre=96 new_remaining=4.0 ramp_lcs=WAIT_EDGE ramp_edge=34126779
obu-lead-car-1         | HOST_RESERVATION_HOLD: host=Lead_Car ramp=110 manoeuvre=96 remaining=4.0 own_speed=7.50 target_speed=7.50 ramp_fsm=MERGING ramp_lane_cmd_state=WAIT_EDGE ramp_edge=34126779 ramp_lane=0 ramp_merge_completed=False ramp_merge_committed=True
obu-lead-car-1         | [21.4] Lead_Car HOST_HOLD_YIELD: for merge=110 spd=7.50
obu-lead-car-1         | [21.4] Lead_Car MCM_TX_REJECT: manoeuvre=127 target=111
obu-lead-car-1         | [21.4] Lead_Car MCM_TX_ACCEPT: manoeuvre=96 target=110
obu-ramp-merge-4-1     | [21.3] Ramp_Merge_4 MERGE_COMMIT_WAIT_LANE_AVAILABLE: edge=34126779 lane=0 target_lane=1 lane_count=1 executable=False speed=3.76 dtm=55.9
obu-ramp-merge-2-1     | [21.0] Ramp_Merge_2 MERGE_LANE_APPLY_CONFIRMED: edge=1331698336 lane=0 target_lane=1 lane_count=3 executable=True
obu-ramp-back-1        | [21.5] Ramp_Back MERGE_DECISION: auth=False phys=False fgok=True lgok=True hgok=True cok=True esok=True cready=False dtm=92.5 past=False committed=False hid=None ra=None lclear=True hyok=True
obu-ramp-merge-5-1     | [21.5] Ramp_Merge_5 MCM_RX_REJECT: from=101 manoeuvre=127 target=111
obu-ramp-back-1        | [21.5] Ramp_Back role=merge state=CRUISE->CRUISE speed=6.62 target=6.75 neighbors=11
obu-ramp-merge-5-1     | [21.5] Ramp_Merge_5 MCM_RX_REJECT: from=101 manoeuvre=127 target=111
obu-host-car-1         | [21.2] Host_Car role=lead state=CRUISE->CRUISE speed=4.01 target=7.50 neighbors=11
obu-ramp-merge-5-1     | [21.5] Ramp_Merge_5 MCM_RX_REJECT: from=101 manoeuvre=127 target=111
obu-ramp-merge-4-1     | [21.5] Ramp_Merge_4 MCM_RX_ACCEPT: from=101 manoeuvre=96 target=110
obu-ramp-merge-4-1     | [21.5] Ramp_Merge_4 MCM_RX_ACCEPT: from=101 manoeuvre=96 target=110
obu-ramp-merge-5-1     | [21.5] Ramp_Merge_5 MCM_TX_REQUEST: manoeuvre=127 target=101
obu-ramp-merge-5-1     | [21.5] Ramp_Merge_5 MCM_REJECT: host=101 manoeuvre=127
obu-ramp-merge-5-1     | [21.5] Ramp_Merge_5 role=merge state=NEGOTIATING->NEGOTIATING speed=6.74 target=6.75 neighbors=11
obu-ramp-merge-3-1     | [21.5] Ramp_Merge_3 MCM_TX_REQUEST: manoeuvre=66 target=101
obu-ramp-merge-3-1     | [21.5] Ramp_Merge_3 MERGE_DECISION: auth=False phys=True fgok=True lgok=True hgok=True cok=True esok=True cready=True dtm=40.5 past=False committed=False hid=101 ra=None lclear=True hyok=False
obu-lead-car-1         | HOST_RESERVATION_EXTEND_UNTIL_CLEAR: host=Lead_Car ramp=110 manoeuvre=96 new_remaining=4.0 ramp_lcs=WAIT_EDGE ramp_edge=34126779
obu-lead-car-1         | HOST_RESERVATION_HOLD: host=Lead_Car ramp=110 manoeuvre=96 remaining=4.0 own_speed=7.50 target_speed=7.50 ramp_fsm=MERGING ramp_lane_cmd_state=WAIT_EDGE ramp_edge=34126779 ramp_lane=0 ramp_merge_completed=False ramp_merge_committed=True
obu-lead-car-1         | [21.5] Lead_Car HOST_HOLD_YIELD: for merge=110 spd=7.50
obu-lead-car-1         | [21.6] Lead_Car MCM_RX_REQUEST: from=109 manoeuvre=66 target=101
obu-ramp-merge-4-1     | [21.5] Ramp_Merge_4 MERGE_COMMIT_WAIT_LANE_AVAILABLE: edge=34126779 lane=0 target_lane=1 lane_count=1 executable=False speed=3.64 dtm=55.2
obu-merge-car-1        | [21.5] Merge_Car role=cruise state=CRUISE->CRUISE speed=7.00 target=7.50 neighbors=11
obu-ramp-merge-2-1     | MERGE_ATTEMPT_TIMELINE: vehicle=Ramp_Merge_2 manoeuvre=34 host=105 lead=104 event=APPLY t=21.5 edge=1331698336 lane=0 lane_cmd_state=APPLY speed=5.27 target=6.75 dtm=6.5 lead_gap=0.00 host_gap=17.50 lead_gap_t1=0.00 lead_gap_t2=0.00 lead_gap_t3=0.00 host_gap_t1=15.71 host_gap_t2=13.91 host_gap_t3=12.11
obu-ramp-merge-2-1     | [21.5] Ramp_Merge_2 MERGE_COMMIT_LANE_APPLY_ACTIVE: edge=1331698336 lane=0 target_lane=1 lane_count=3 executable=True speed=5.27 dtm=6.5
obu-main-mid-right-1   | [21.6] Main_Mid_Right role=cruise state=CRUISE->CRUISE speed=7.51 target=7.50 neighbors=11
obu-ramp-back-1        | [21.6] Ramp_Back MERGE_DECISION: auth=False phys=False fgok=True lgok=True hgok=True cok=True esok=True cready=False dtm=92.2 past=False committed=False hid=None ra=None lclear=True hyok=True
obu-ramp-merge-5-1     | [21.6] Ramp_Merge_5 MERGE_DECISION: auth=False phys=False fgok=True lgok=True hgok=True cok=True esok=True cready=False dtm=72.4 past=False committed=False hid=101 ra=None lclear=True hyok=False
obu-ramp-merge-3-1     | [21.6] Ramp_Merge_3 MERGE_DECISION: auth=False phys=True fgok=True lgok=True hgok=True cok=True esok=True cready=True dtm=40.2 past=False committed=False hid=101 ra=None lclear=True hyok=False
obu-lead-car-1         | HOST_RESERVATION_EXTEND_UNTIL_CLEAR: host=Lead_Car ramp=110 manoeuvre=96 new_remaining=4.0 ramp_lcs=WAIT_EDGE ramp_edge=34126779
obu-lead-car-1         | HOST_RESERVATION_HOLD: host=Lead_Car ramp=110 manoeuvre=96 remaining=4.0 own_speed=7.50 target_speed=7.50 ramp_fsm=MERGING ramp_lane_cmd_state=WAIT_EDGE ramp_edge=34126779 ramp_lane=0 ramp_merge_completed=False ramp_merge_committed=True
obu-lead-car-1         | [21.6] Lead_Car HOST_HOLD_YIELD: for merge=110 spd=7.50
obu-lead-car-1         | [21.6] Lead_Car MCM_TX_REJECT: manoeuvre=66 target=109
obu-ramp-merge-4-1     | [21.6] Ramp_Merge_4 MERGE_COMMIT_WAIT_LANE_AVAILABLE: edge=34126779 lane=0 target_lane=1 lane_count=1 executable=False speed=3.66 dtm=54.9
obu-ramp-merge-3-1     | [21.8] Ramp_Merge_3 MCM_TX_REQUEST: manoeuvre=66 target=101
obu-ramp-merge-3-1     | [21.8] Ramp_Merge_3 MERGE_DECISION: auth=False phys=True fgok=True lgok=True hgok=True cok=True esok=True cready=True dtm=39.5 past=False committed=False hid=101 ra=None lclear=True hyok=False
obu-ramp-merge-3-1     | [21.8] Ramp_Merge_3 role=merge state=NEGOTIATING->NEGOTIATING speed=3.59 target=3.77 neighbors=11
obu-main-back-right-1  | [21.8] Main_Back_Right role=host state=CRUISE->CRUISE speed=6.88 target=7.50 neighbors=11
obu-lead-car-1         | HOST_RESERVATION_EXTEND_UNTIL_CLEAR: host=Lead_Car ramp=110 manoeuvre=96 new_remaining=4.0 ramp_lcs=WAIT_EDGE ramp_edge=34126779
obu-lead-car-1         | HOST_RESERVATION_HOLD: host=Lead_Car ramp=110 manoeuvre=96 remaining=4.0 own_speed=7.50 target_speed=7.50 ramp_fsm=MERGING ramp_lane_cmd_state=WAIT_EDGE ramp_edge=34126779 ramp_lane=0 ramp_merge_completed=False ramp_merge_committed=True
obu-lead-car-1         | [22.0] Lead_Car HOST_HOLD_YIELD: for merge=110 spd=7.50
obu-lead-car-1         | [22.0] Lead_Car MCM_TX_REJECT: manoeuvre=66 target=109
obu-lead-car-1         | [22.0] Lead_Car MCM_TX_ACCEPT: manoeuvre=96 target=110
obu-lead-car-1         | [22.0] Lead_Car role=host state=YIELDING->YIELDING speed=7.50 target=7.50 neighbors=9
obu-ramp-merge-4-1     | [21.8] Ramp_Merge_4 MERGE_COMMIT_WAIT_LANE_AVAILABLE: edge=34126779 lane=0 target_lane=1 lane_count=1 executable=False speed=3.68 dtm=54.2
obu-ramp-merge-2-1     | [21.8] Ramp_Merge_2 role=merge state=MERGING->MERGING speed=5.28 target=6.75 neighbors=11
obu-lead-car-1         | HOST_RESERVATION_EXTEND_UNTIL_CLEAR: host=Lead_Car ramp=110 manoeuvre=96 new_remaining=4.0 ramp_lcs=WAIT_EDGE ramp_edge=34126779
obu-lead-car-1         | HOST_RESERVATION_HOLD: host=Lead_Car ramp=110 manoeuvre=96 remaining=4.0 own_speed=7.50 target_speed=7.50 ramp_fsm=MERGING ramp_lane_cmd_state=WAIT_EDGE ramp_edge=34126779 ramp_lane=0 ramp_merge_completed=False ramp_merge_committed=True
obu-lead-car-1         | [22.1] Lead_Car HOST_HOLD_YIELD: for merge=110 spd=7.50
obu-ramp-merge-4-1     | [22.0] Ramp_Merge_4 MERGE_COMMIT_WAIT_LANE_AVAILABLE: edge=34126779 lane=0 target_lane=1 lane_count=1 executable=False speed=3.69 dtm=53.6
obu-ramp-merge-4-1     | [22.0] Ramp_Merge_4 role=merge state=MERGING->MERGING speed=3.69 target=3.87 neighbors=9
obu-ramp-merge-5-1     | [21.8] Ramp_Merge_5 MERGE_DECISION: auth=False phys=False fgok=True lgok=True hgok=True cok=True esok=True cready=False dtm=71.5 past=False committed=False hid=101 ra=None lclear=True hyok=False
obu-lead-car-1         | [22.3] Lead_Car MCM_RX_REQUEST: from=109 manoeuvre=66 target=101
obu-lead-car-1         | [22.3] Lead_Car MCM_RX_REQUEST: from=111 manoeuvre=127 target=101
obu-ramp-merge-3-1     | [22.2] Ramp_Merge_3 MCM_RX_REJECT: from=101 manoeuvre=66 target=109
obu-lead-car-1         | [22.3] Lead_Car MCM_RX_REQUEST: from=109 manoeuvre=66 target=101
obu-main-front-left-1  | [22.3] Main_Front_Left role=cruise state=CRUISE->CRUISE speed=7.50 target=7.50 neighbors=11
obu-ramp-merge-3-1     | [22.2] Ramp_Merge_3 MCM_RX_REJECT: from=101 manoeuvre=66 target=109
obu-ramp-merge-3-1     | [22.2] Ramp_Merge_3 MCM_TX_REQUEST: manoeuvre=66 target=101
obu-ramp-merge-3-1     | [22.2] Ramp_Merge_3 MCM_REJECT: host=101 manoeuvre=66
obu-lead-car-1         | HOST_RESERVATION_EXTEND_UNTIL_CLEAR: host=Lead_Car ramp=110 manoeuvre=96 new_remaining=4.0 ramp_lcs=WAIT_EDGE ramp_edge=34126779
obu-lead-car-1         | HOST_RESERVATION_HOLD: host=Lead_Car ramp=110 manoeuvre=96 remaining=4.0 own_speed=7.50 target_speed=7.50 ramp_fsm=MERGING ramp_lane_cmd_state=WAIT_EDGE ramp_edge=34126779 ramp_lane=0 ramp_merge_completed=False ramp_merge_committed=True
obu-lead-car-1         | [22.3] Lead_Car HOST_HOLD_YIELD: for merge=110 spd=7.50
obu-lead-car-1         | [22.3] Lead_Car MCM_TX_REJECT: manoeuvre=127 target=111
obu-lead-car-1         | [22.3] Lead_Car MCM_TX_ACCEPT: manoeuvre=96 target=110
obu-ramp-merge-4-1     | [22.2] Ramp_Merge_4 MERGE_COMMIT_WAIT_LANE_AVAILABLE: edge=34126779 lane=0 target_lane=1 lane_count=1 executable=False speed=3.60 dtm=52.9
obu-ramp-merge-4-1     | [22.2] Ramp_Merge_4 MCM_RX_ACCEPT: from=101 manoeuvre=96 target=110
obu-host-car-1         | [22.3] Host_Car role=cruise state=CRUISE->CRUISE speed=5.51 target=7.50 neighbors=11
obu-ramp-back-1        | [22.2] Ramp_Back MERGE_DECISION: auth=False phys=False fgok=True lgok=True hgok=True cok=True esok=True cready=False dtm=90.3 past=False committed=False hid=None ra=None lclear=False hyok=True
obu-main-back-left-1   | [22.3] Main_Back_Left role=host state=CRUISE->CRUISE speed=5.33 target=7.50 neighbors=11
obu-ramp-merge-5-1     | [22.2] Ramp_Merge_5 MERGE_DECISION: auth=False phys=True fgok=True lgok=True hgok=True cok=True esok=True cready=True dtm=69.5 past=False committed=False hid=None ra=None lclear=False hyok=True
obu-ramp-merge-3-1     | [22.3] Ramp_Merge_3 MERGE_DECISION: auth=False phys=True fgok=True lgok=True hgok=True cok=True esok=True cready=True dtm=37.7 past=False committed=False hid=None ra=None lclear=True hyok=True
obu-ramp-merge-4-1     | [22.3] Ramp_Merge_4 MERGE_COMMIT_WAIT_LANE_AVAILABLE: edge=34126779 lane=0 target_lane=1 lane_count=1 executable=False speed=3.61 dtm=52.6
obu-ramp-back-1        | [22.3] Ramp_Back MERGE_DECISION: auth=False phys=False fgok=True lgok=True hgok=True cok=True esok=True cready=False dtm=90.0 past=False committed=False hid=None ra=None lclear=False hyok=True
obu-ramp-merge-5-1     | [22.3] Ramp_Merge_5 MERGE_DECISION: auth=False phys=True fgok=True lgok=True hgok=True cok=True esok=True cready=True dtm=68.9 past=False committed=False hid=None ra=None lclear=False hyok=True
obu-ramp-merge-3-1     | [22.5] Ramp_Merge_3 MERGE_DECISION: auth=False phys=True fgok=True lgok=True hgok=True cok=True esok=True cready=True dtm=37.0 past=False committed=False hid=None ra=None lclear=True hyok=True
obu-ramp-merge-4-1     | [22.5] Ramp_Merge_4 MERGE_COMMIT_WAIT_LANE_AVAILABLE: edge=34126779 lane=0 target_lane=1 lane_count=1 executable=False speed=3.63 dtm=51.9
obu-merge-car-1        | [22.5] Merge_Car role=cruise state=CRUISE->CRUISE speed=7.20 target=7.50 neighbors=11
traci-bridge-1         | LANE_CMD_STATE veh=Ramp_Merge_2 edge=1331698336 lane=0 target=1 lane_count=3 recently=False speed=5.26
traci-bridge-1         | LANE_CMD_APPLY veh=Ramp_Merge_2 edge=1331698336 from_lane=0 target=1 duration=2.00 mode=256 speed=5.26
traci-bridge-1         | LANE_CMD_STATE veh=Ramp_Merge_3 edge=34126779 lane=0 target=1 lane_count=1 recently=False speed=3.53
traci-bridge-1         | LANE_CMD_WAIT_EDGE veh=Ramp_Merge_3 edge=34126779 lane=0 target=1 lane_count=1
traci-bridge-1         | LANE_CMD_STATE veh=Ramp_Merge_4 edge=34126779 lane=0 target=1 lane_count=1 recently=False speed=3.87
traci-bridge-1         | LANE_CMD_WAIT_EDGE veh=Ramp_Merge_4 edge=34126779 lane=0 target=1 lane_count=1
traci-bridge-1         | LANE_CMD_STATE veh=Ramp_Merge_2 edge=1331698336 lane=0 target=1 lane_count=3 recently=True speed=5.26
traci-bridge-1         | LANE_CMD_STATE veh=Ramp_Merge_3 edge=34126779 lane=0 target=1 lane_count=1 recently=False speed=3.54
traci-bridge-1         | LANE_CMD_WAIT_EDGE veh=Ramp_Merge_3 edge=34126779 lane=0 target=1 lane_count=1
traci-bridge-1         | LANE_CMD_STATE veh=Ramp_Merge_4 edge=34126779 lane=0 target=1 lane_count=1 recently=False speed=3.88
traci-bridge-1         | LANE_CMD_WAIT_EDGE veh=Ramp_Merge_4 edge=34126779 lane=0 target=1 lane_count=1
traci-bridge-1         | LANE_CMD_STATE veh=Ramp_Merge_2 edge=1331698336 lane=0 target=1 lane_count=3 recently=True speed=5.26
traci-bridge-1         | LANE_CMD_STATE veh=Ramp_Merge_3 edge=34126779 lane=0 target=1 lane_count=1 recently=False speed=3.54
traci-bridge-1         | LANE_CMD_WAIT_EDGE veh=Ramp_Merge_3 edge=34126779 lane=0 target=1 lane_count=1
traci-bridge-1         | LANE_CMD_STATE veh=Ramp_Merge_4 edge=34126779 lane=0 target=1 lane_count=1 recently=False speed=3.74
traci-bridge-1         | LANE_CMD_WAIT_EDGE veh=Ramp_Merge_4 edge=34126779 lane=0 target=1 lane_count=1
traci-bridge-1         | LANE_CMD_STATE veh=Ramp_Merge_2 edge=1331698336 lane=0 target=1 lane_count=3 recently=True speed=5.27
traci-bridge-1         | LANE_CMD_STATE veh=Ramp_Merge_3 edge=34126779 lane=0 target=1 lane_count=1 recently=False speed=3.55
traci-bridge-1         | LANE_CMD_WAIT_EDGE veh=Ramp_Merge_3 edge=34126779 lane=0 target=1 lane_count=1
traci-bridge-1         | LANE_CMD_STATE veh=Ramp_Merge_4 edge=34126779 lane=0 target=1 lane_count=1 recently=False speed=3.76
traci-bridge-1         | LANE_CMD_WAIT_EDGE veh=Ramp_Merge_4 edge=34126779 lane=0 target=1 lane_count=1
traci-bridge-1         | LANE_CMD_STATE veh=Ramp_Merge_2 edge=1331698336 lane=0 target=1 lane_count=3 recently=True speed=5.27
traci-bridge-1         | LANE_CMD_STATE veh=Ramp_Merge_3 edge=34126779 lane=0 target=1 lane_count=1 recently=False speed=3.56
traci-bridge-1         | LANE_CMD_WAIT_EDGE veh=Ramp_Merge_3 edge=34126779 lane=0 target=1 lane_count=1
traci-bridge-1         | LANE_CMD_STATE veh=Ramp_Merge_4 edge=34126779 lane=0 target=1 lane_count=1 recently=False speed=3.77
traci-bridge-1         | LANE_CMD_WAIT_EDGE veh=Ramp_Merge_4 edge=34126779 lane=0 target=1 lane_count=1
traci-bridge-1         | LANE_CMD_STATE veh=Ramp_Merge_2 edge=1331698336 lane=0 target=1 lane_count=3 recently=True speed=5.27
traci-bridge-1         | LANE_CMD_STATE veh=Ramp_Merge_3 edge=34126779 lane=0 target=1 lane_count=1 recently=False speed=3.56
traci-bridge-1         | LANE_CMD_WAIT_EDGE veh=Ramp_Merge_3 edge=34126779 lane=0 target=1 lane_count=1
traci-bridge-1         | LANE_CMD_STATE veh=Ramp_Merge_4 edge=34126779 lane=0 target=1 lane_count=1 recently=False speed=3.64
traci-bridge-1         | LANE_CMD_WAIT_EDGE veh=Ramp_Merge_4 edge=34126779 lane=0 target=1 lane_count=1
traci-bridge-1         | LANE_CMD_STATE veh=Ramp_Merge_2 edge=1331698336 lane=0 target=1 lane_count=3 recently=True speed=5.28
traci-bridge-1         | LANE_CMD_STATE veh=Ramp_Merge_3 edge=34126779 lane=0 target=1 lane_count=1 recently=False speed=3.57
traci-bridge-1         | LANE_CMD_WAIT_EDGE veh=Ramp_Merge_3 edge=34126779 lane=0 target=1 lane_count=1
traci-bridge-1         | LANE_CMD_STATE veh=Ramp_Merge_4 edge=34126779 lane=0 target=1 lane_count=1 recently=False speed=3.66
traci-bridge-1         | LANE_CMD_WAIT_EDGE veh=Ramp_Merge_4 edge=34126779 lane=0 target=1 lane_count=1
traci-bridge-1         | LANE_CMD_STATE veh=Ramp_Merge_2 edge=1331698336 lane=0 target=1 lane_count=3 recently=True speed=5.28
traci-bridge-1         | LANE_CMD_STATE veh=Ramp_Merge_3 edge=34126779 lane=0 target=1 lane_count=1 recently=False speed=3.58
traci-bridge-1         | LANE_CMD_WAIT_EDGE veh=Ramp_Merge_3 edge=34126779 lane=0 target=1 lane_count=1
traci-bridge-1         | LANE_CMD_STATE veh=Ramp_Merge_4 edge=34126779 lane=0 target=1 lane_count=1 recently=False speed=3.67
traci-bridge-1         | LANE_CMD_WAIT_EDGE veh=Ramp_Merge_4 edge=34126779 lane=0 target=1 lane_count=1
traci-bridge-1         | LANE_CMD_STATE veh=Ramp_Merge_2 edge=1331698336 lane=0 target=1 lane_count=3 recently=True speed=5.28
traci-bridge-1         | LANE_CMD_STATE veh=Ramp_Merge_3 edge=34126779 lane=0 target=1 lane_count=1 recently=False speed=3.59
traci-bridge-1         | LANE_CMD_WAIT_EDGE veh=Ramp_Merge_3 edge=34126779 lane=0 target=1 lane_count=1
traci-bridge-1         | LANE_CMD_STATE veh=Ramp_Merge_4 edge=34126779 lane=0 target=1 lane_count=1 recently=False speed=3.68
traci-bridge-1         | LANE_CMD_WAIT_EDGE veh=Ramp_Merge_4 edge=34126779 lane=0 target=1 lane_count=1
traci-bridge-1         | LANE_CMD_STATE veh=Ramp_Merge_2 edge=1331698336 lane=0 target=1 lane_count=3 recently=True speed=5.36
traci-bridge-1         | LANE_CMD_STATE veh=Ramp_Merge_3 edge=34126779 lane=0 target=1 lane_count=1 recently=False speed=3.59
traci-bridge-1         | LANE_CMD_WAIT_EDGE veh=Ramp_Merge_3 edge=34126779 lane=0 target=1 lane_count=1
traci-bridge-1         | LANE_CMD_STATE veh=Ramp_Merge_4 edge=34126779 lane=0 target=1 lane_count=1 recently=False speed=3.69
traci-bridge-1         | LANE_CMD_WAIT_EDGE veh=Ramp_Merge_4 edge=34126779 lane=0 target=1 lane_count=1
traci-bridge-1         | LANE_CMD_STATE veh=Ramp_Merge_2 edge=1331698336 lane=0 target=1 lane_count=3 recently=True speed=5.43
traci-bridge-1         | LANE_CMD_STATE veh=Ramp_Merge_3 edge=34126779 lane=0 target=1 lane_count=1 recently=False speed=3.60
traci-bridge-1         | LANE_CMD_WAIT_EDGE veh=Ramp_Merge_3 edge=34126779 lane=0 target=1 lane_count=1
traci-bridge-1         | LANE_CMD_STATE veh=Ramp_Merge_4 edge=34126779 lane=0 target=1 lane_count=1 recently=False speed=3.69
traci-bridge-1         | LANE_CMD_WAIT_EDGE veh=Ramp_Merge_4 edge=34126779 lane=0 target=1 lane_count=1
traci-bridge-1         | LANE_CMD_STATE veh=Ramp_Merge_2 edge=1331698336 lane=0 target=1 lane_count=3 recently=True speed=5.49
traci-bridge-1         | LANE_CMD_STATE veh=Ramp_Merge_3 edge=34126779 lane=0 target=1 lane_count=1 recently=False speed=3.61
traci-bridge-1         | LANE_CMD_WAIT_EDGE veh=Ramp_Merge_3 edge=34126779 lane=0 target=1 lane_count=1
traci-bridge-1         | LANE_CMD_STATE veh=Ramp_Merge_4 edge=34126779 lane=0 target=1 lane_count=1 recently=False speed=3.58
traci-bridge-1         | LANE_CMD_WAIT_EDGE veh=Ramp_Merge_4 edge=34126779 lane=0 target=1 lane_count=1
traci-bridge-1         | LANE_CMD_STATE veh=Ramp_Merge_2 edge=1331698336 lane=0 target=1 lane_count=3 recently=True speed=5.55
traci-bridge-1         | LANE_CMD_STATE veh=Ramp_Merge_3 edge=34126779 lane=0 target=1 lane_count=1 recently=False speed=3.62
traci-bridge-1         | LANE_CMD_WAIT_EDGE veh=Ramp_Merge_3 edge=34126779 lane=0 target=1 lane_count=1
traci-bridge-1         | LANE_CMD_STATE veh=Ramp_Merge_4 edge=34126779 lane=0 target=1 lane_count=1 recently=False speed=3.60
traci-bridge-1         | LANE_CMD_WAIT_EDGE veh=Ramp_Merge_4 edge=34126779 lane=0 target=1 lane_count=1
traci-bridge-1         | LANE_CMD_STATE veh=Ramp_Merge_2 edge=1331698336 lane=0 target=1 lane_count=3 recently=True speed=5.61
traci-bridge-1         | LANE_CMD_STATE veh=Ramp_Merge_3 edge=34126779 lane=0 target=1 lane_count=1 recently=False speed=3.62
traci-bridge-1         | LANE_CMD_WAIT_EDGE veh=Ramp_Merge_3 edge=34126779 lane=0 target=1 lane_count=1
traci-bridge-1         | LANE_CMD_STATE veh=Ramp_Merge_4 edge=34126779 lane=0 target=1 lane_count=1 recently=False speed=3.61
traci-bridge-1         | LANE_CMD_WAIT_EDGE veh=Ramp_Merge_4 edge=34126779 lane=0 target=1 lane_count=1
traci-bridge-1         | LANE_CMD_STATE veh=Ramp_Merge_2 edge=1331698336 lane=0 target=1 lane_count=3 recently=True speed=5.67
traci-bridge-1         | LANE_CMD_STATE veh=Ramp_Merge_3 edge=34126779 lane=0 target=1 lane_count=1 recently=False speed=3.63
traci-bridge-1         | LANE_CMD_WAIT_EDGE veh=Ramp_Merge_3 edge=34126779 lane=0 target=1 lane_count=1
traci-bridge-1         | LANE_CMD_STATE veh=Ramp_Merge_4 edge=34126779 lane=0 target=1 lane_count=1 recently=False speed=3.62
traci-bridge-1         | LANE_CMD_WAIT_EDGE veh=Ramp_Merge_4 edge=34126779 lane=0 target=1 lane_count=1
traci-bridge-1         | LANE_CMD_STATE veh=Ramp_Merge_2 edge=1331698336 lane=0 target=1 lane_count=3 recently=True speed=5.73
traci-bridge-1         | LANE_CMD_STATE veh=Ramp_Merge_3 edge=34126779 lane=0 target=1 lane_count=1 recently=False speed=3.64
traci-bridge-1         | LANE_CMD_WAIT_EDGE veh=Ramp_Merge_3 edge=34126779 lane=0 target=1 lane_count=1
traci-bridge-1         | LANE_CMD_STATE veh=Ramp_Merge_4 edge=34126779 lane=0 target=1 lane_count=1 recently=False speed=3.63
traci-bridge-1         | LANE_CMD_WAIT_EDGE veh=Ramp_Merge_4 edge=34126779 lane=0 target=1 lane_count=1
traci-bridge-1         | LANE_CMD_STATE veh=Ramp_Merge_2 edge=1331698336 lane=0 target=1 lane_count=3 recently=True speed=5.78
traci-bridge-1         | LANE_CMD_STATE veh=Ramp_Merge_3 edge=34126779 lane=0 target=1 lane_count=1 recently=False speed=3.65
traci-bridge-1         | LANE_CMD_WAIT_EDGE veh=Ramp_Merge_3 edge=34126779 lane=0 target=1 lane_count=1
traci-bridge-1         | LANE_CMD_STATE veh=Ramp_Merge_4 edge=34126779 lane=0 target=1 lane_count=1 recently=False speed=3.64
traci-bridge-1         | LANE_CMD_WAIT_EDGE veh=Ramp_Merge_4 edge=34126779 lane=0 target=1 lane_count=1
traci-bridge-1         | LANE_CMD_STATE veh=Ramp_Merge_2 edge=1331698336 lane=0 target=1 lane_count=3 recently=True speed=5.83
traci-bridge-1         | LANE_CMD_STATE veh=Ramp_Merge_3 edge=34126779 lane=0 target=1 lane_count=1 recently=False speed=3.66
obu-ramp-back-1        | [22.5] Ramp_Back MERGE_DECISION: auth=False phys=False fgok=True lgok=True hgok=True cok=True esok=True cready=False dtm=89.2 past=False committed=False hid=None ra=None lclear=False hyok=True
obu-ramp-back-1        | [22.5] Ramp_Back role=merge state=CRUISE->CRUISE speed=6.67 target=6.75 neighbors=11
obu-ramp-merge-5-1     | [22.6] Ramp_Merge_5 MERGE_DECISION: auth=False phys=True fgok=True lgok=True hgok=True cok=True esok=True cready=True dtm=67.3 past=False committed=False hid=None ra=None lclear=False hyok=True
obu-ramp-merge-5-1     | [22.6] Ramp_Merge_5 role=merge state=CRUISE->CRUISE speed=6.75 target=6.75 neighbors=11
obu-ramp-merge-3-1     | [22.6] Ramp_Merge_3 MERGE_DECISION: auth=False phys=True fgok=True lgok=True hgok=True cok=True esok=True cready=True dtm=36.6 past=False committed=False hid=None ra=None lclear=True hyok=True
obu-ramp-merge-4-1     | [22.6] Ramp_Merge_4 MERGE_COMMIT_WAIT_LANE_AVAILABLE: edge=34126779 lane=0 target_lane=1 lane_count=1 executable=False speed=3.64 dtm=51.6
obu-ramp-back-1        | [22.7] Ramp_Back MERGE_DECISION: auth=False phys=False fgok=True lgok=True hgok=True cok=True esok=True cready=False dtm=88.4 past=False committed=False hid=None ra=None lclear=False hyok=True
obu-ramp-merge-3-1     | [22.9] Ramp_Merge_3 MERGE_DECISION: auth=False phys=True fgok=True lgok=True hgok=True cok=True esok=True cready=True dtm=35.6 past=False committed=False hid=None ra=None lclear=True hyok=True
obu-ramp-merge-3-1     | [22.9] Ramp_Merge_3 role=merge state=CRUISE->CRUISE speed=3.67 target=3.85 neighbors=11
obu-main-back-right-1  | [22.9] Main_Back_Right role=lead state=CRUISE->CRUISE speed=6.19 target=7.50 neighbors=11
obu-ramp-merge-4-1     | [22.9] Ramp_Merge_4 MCM_RX_ACCEPT: from=101 manoeuvre=96 target=110
obu-lead-car-1         | HOST_RESERVATION_EXTEND_UNTIL_CLEAR: host=Lead_Car ramp=110 manoeuvre=96 new_remaining=4.0 ramp_lcs=WAIT_EDGE ramp_edge=34126779
obu-lead-car-1         | HOST_RESERVATION_HOLD: host=Lead_Car ramp=110 manoeuvre=96 remaining=4.0 own_speed=7.50 target_speed=7.50 ramp_fsm=MERGING ramp_lane_cmd_state=WAIT_EDGE ramp_edge=34126779 ramp_lane=0 ramp_merge_completed=False ramp_merge_committed=True
obu-lead-car-1         | [22.8] Lead_Car HOST_HOLD_YIELD: for merge=110 spd=7.50
obu-lead-car-1         | [22.8] Lead_Car MCM_TX_REJECT: manoeuvre=127 target=111
obu-lead-car-1         | [22.8] Lead_Car MCM_TX_ACCEPT: manoeuvre=96 target=110
obu-ramp-merge-5-1     | [22.9] Ramp_Merge_5 MCM_RX_REJECT: from=101 manoeuvre=127 target=111
obu-ramp-merge-4-1     | [22.9] Ramp_Merge_4 MERGE_COMMIT_WAIT_LANE_AVAILABLE: edge=34126779 lane=0 target_lane=1 lane_count=1 executable=False speed=3.66 dtm=50.6
obu-lead-car-1         | [23.0] Lead_Car MCM_RX_REQUEST: from=109 manoeuvre=66 target=101
obu-main-mid-right-1   | [22.9] Main_Mid_Right role=cruise state=CRUISE->CRUISE speed=7.51 target=7.50 neighbors=11
obu-ramp-merge-2-1     | [22.9] Ramp_Merge_2 role=merge state=MERGING->MERGING speed=5.92 target=6.75 neighbors=11
obu-ramp-back-1        | [22.9] Ramp_Back MERGE_DECISION: auth=False phys=False fgok=True lgok=True hgok=True cok=True esok=True cready=False dtm=87.7 past=False committed=False hid=None ra=None lclear=True hyok=True
obu-ramp-merge-5-1     | [22.9] Ramp_Merge_5 MERGE_DECISION: auth=False phys=True fgok=True lgok=True hgok=True cok=True esok=True cready=True dtm=65.7 past=False committed=False hid=101 ra=None lclear=False hyok=False
obu-ramp-merge-3-1     | [23.0] Ramp_Merge_3 MERGE_DECISION: auth=False phys=True fgok=True lgok=True hgok=True cok=True esok=True cready=True dtm=35.2 past=False committed=False hid=None ra=None lclear=True hyok=True
obu-lead-car-1         | HOST_RESERVATION_EXTEND_UNTIL_CLEAR: host=Lead_Car ramp=110 manoeuvre=96 new_remaining=4.0 ramp_lcs=WAIT_EDGE ramp_edge=34126779
obu-lead-car-1         | HOST_RESERVATION_HOLD: host=Lead_Car ramp=110 manoeuvre=96 remaining=4.0 own_speed=7.50 target_speed=7.50 ramp_fsm=MERGING ramp_lane_cmd_state=WAIT_EDGE ramp_edge=34126779 ramp_lane=0 ramp_merge_completed=False ramp_merge_committed=True
obu-lead-car-1         | [23.0] Lead_Car HOST_HOLD_YIELD: for merge=110 spd=7.50
obu-lead-car-1         | [23.0] Lead_Car role=host state=YIELDING->YIELDING speed=7.50 target=7.50 neighbors=11
obu-ramp-merge-4-1     | [23.0] Ramp_Merge_4 MERGE_COMMIT_WAIT_LANE_AVAILABLE: edge=34126779 lane=0 target_lane=1 lane_count=1 executable=False speed=3.67 dtm=50.2
obu-ramp-merge-4-1     | [23.0] Ramp_Merge_4 role=merge state=MERGING->MERGING speed=3.67 target=3.85 neighbors=11
obu-ramp-back-1        | [23.0] Ramp_Back MERGE_DECISION: auth=False phys=False fgok=True lgok=True hgok=True cok=True esok=True cready=False dtm=87.3 past=False committed=False hid=None ra=None lclear=True hyok=True
obu-ramp-merge-5-1     | MERGE_ATTEMPT_TIMELINE: vehicle=Ramp_Merge_5 manoeuvre=128 host=101 lead=105 event=REQUEST_SENT t=23.0 edge=34126779 lane=0 lane_cmd_state=NONE speed=5.87 target=6.75 dtm=65.2 lead_gap=44.29 host_gap=72.85 lead_gap_t1=43.74 lead_gap_t2=43.20 lead_gap_t3=42.66 host_gap_t1=72.85 host_gap_t2=72.85 host_gap_t3=72.85
obu-ramp-merge-5-1     | [23.0] Ramp_Merge_5 MCM_TX_REQUEST: manoeuvre=128 target=101
obu-ramp-merge-5-1     | [23.0] Ramp_Merge_5 MERGE_DECISION: auth=False phys=True fgok=True lgok=True hgok=True cok=True esok=True cready=True dtm=65.2 past=False committed=False hid=101 ra=None lclear=False hyok=True
obu-ramp-merge-3-1     | [23.1] Ramp_Merge_3 MERGE_DECISION: auth=False phys=True fgok=True lgok=True hgok=True cok=True esok=False cready=True dtm=34.9 past=False committed=False hid=None ra=None lclear=True hyok=True
obu-lead-car-1         | HOST_RESERVATION_EXTEND_UNTIL_CLEAR: host=Lead_Car ramp=110 manoeuvre=96 new_remaining=4.0 ramp_lcs=WAIT_EDGE ramp_edge=34126779
obu-lead-car-1         | HOST_RESERVATION_HOLD: host=Lead_Car ramp=110 manoeuvre=96 remaining=4.0 own_speed=7.50 target_speed=7.50 ramp_fsm=MERGING ramp_lane_cmd_state=WAIT_EDGE ramp_edge=34126779 ramp_lane=0 ramp_merge_completed=False ramp_merge_committed=True
obu-lead-car-1         | [23.2] Lead_Car HOST_HOLD_YIELD: for merge=110 spd=7.50
obu-lead-car-1         | [23.2] Lead_Car MCM_TX_REJECT: manoeuvre=127 target=111
obu-lead-car-1         | [23.2] Lead_Car MCM_TX_ACCEPT: manoeuvre=96 target=110
obu-ramp-merge-4-1     | [23.2] Ramp_Merge_4 MERGE_COMMIT_WAIT_LANE_AVAILABLE: edge=34126779 lane=0 target_lane=1 lane_count=1 executable=False speed=3.69 dtm=49.5
obu-host-car-1         | [23.3] Host_Car role=cruise state=CRUISE->CRUISE speed=6.31 target=7.50 neighbors=11
obu-ramp-back-1        | [23.3] Ramp_Back MERGE_DECISION: auth=False phys=False fgok=True lgok=True hgok=True cok=True esok=True cready=False dtm=86.3 past=False committed=False hid=None ra=None lclear=True hyok=True
obu-ramp-merge-5-1     | [23.3] Ramp_Merge_5 MCM_TX_REQUEST: manoeuvre=128 target=101
obu-ramp-merge-5-1     | [23.3] Ramp_Merge_5 MERGE_DECISION: auth=False phys=True fgok=True lgok=True hgok=True cok=True esok=True cready=True dtm=63.9 past=False committed=False hid=101 ra=None lclear=False hyok=True
obu-main-front-left-1  | [23.3] Main_Front_Left role=cruise state=CRUISE->CRUISE speed=7.50 target=7.50 neighbors=11
obu-lead-car-1         | HOST_RESERVATION_EXTEND_UNTIL_CLEAR: host=Lead_Car ramp=110 manoeuvre=96 new_remaining=4.0 ramp_lcs=WAIT_EDGE ramp_edge=34126779
obu-lead-car-1         | HOST_RESERVATION_HOLD: host=Lead_Car ramp=110 manoeuvre=96 remaining=4.0 own_speed=7.50 target_speed=7.50 ramp_fsm=MERGING ramp_lane_cmd_state=WAIT_EDGE ramp_edge=34126779 ramp_lane=0 ramp_merge_completed=False ramp_merge_committed=True
obu-lead-car-1         | [23.3] Lead_Car HOST_HOLD_YIELD: for merge=110 spd=7.50
obu-ramp-merge-4-1     | [23.3] Ramp_Merge_4 MERGE_COMMIT_WAIT_LANE_AVAILABLE: edge=34126779 lane=0 target_lane=1 lane_count=1 executable=False speed=3.69 dtm=49.2
obu-main-back-left-1   | [23.4] Main_Back_Left role=lead state=CRUISE->CRUISE speed=5.91 target=7.50 neighbors=11
obu-ramp-merge-3-1     | [23.4] Ramp_Merge_3 MERGE_DECISION: auth=False phys=True fgok=True lgok=True hgok=True cok=True esok=False cready=True dtm=33.8 past=False committed=False hid=None ra=None lclear=True hyok=True
obu-ramp-merge-5-1     | [23.5] Ramp_Merge_5 MCM_RX_REJECT: from=101 manoeuvre=127 target=111
obu-merge-car-1        | [23.6] Merge_Car role=cruise state=CRUISE->CRUISE speed=7.33 target=7.50 neighbors=11
obu-lead-car-1         | HOST_RESERVATION_EXTEND_UNTIL_CLEAR: host=Lead_Car ramp=110 manoeuvre=96 new_remaining=4.0 ramp_lcs=WAIT_EDGE ramp_edge=34126779
obu-lead-car-1         | HOST_RESERVATION_HOLD: host=Lead_Car ramp=110 manoeuvre=96 remaining=4.0 own_speed=7.50 target_speed=7.50 ramp_fsm=MERGING ramp_lane_cmd_state=WAIT_EDGE ramp_edge=34126779 ramp_lane=0 ramp_merge_completed=False ramp_merge_committed=True
obu-ramp-merge-4-1     | [23.6] Ramp_Merge_4 MERGE_COMMIT_WAIT_LANE_AVAILABLE: edge=34126779 lane=0 target_lane=1 lane_count=1 executable=False speed=3.61 dtm=48.1
obu-lead-car-1         | [23.6] Lead_Car HOST_HOLD_YIELD: for merge=110 spd=7.50
obu-ramp-merge-5-1     | [23.5] Ramp_Merge_5 MCM_RX_REJECT: from=101 manoeuvre=127 target=111
obu-lead-car-1         | [23.6] Lead_Car MCM_TX_REJECT: manoeuvre=66 target=109
obu-lead-car-1         | [23.6] Lead_Car MCM_TX_ACCEPT: manoeuvre=96 target=110
obu-ramp-merge-4-1     | [23.6] Ramp_Merge_4 MCM_RX_ACCEPT: from=101 manoeuvre=96 target=110
obu-ramp-merge-4-1     | [23.6] Ramp_Merge_4 MCM_RX_ACCEPT: from=101 manoeuvre=96 target=110
obu-lead-car-1         | [23.6] Lead_Car MCM_RX_REQUEST: from=111 manoeuvre=128 target=101
obu-lead-car-1         | [23.6] Lead_Car MCM_RX_REQUEST: from=111 manoeuvre=128 target=101
obu-ramp-back-1        | MERGE_ATTEMPT_TIMELINE: vehicle=Ramp_Back manoeuvre=158 host=103 lead=106 event=REQUEST_SENT t=23.5 edge=34126779 lane=0 lane_cmd_state=NONE speed=6.70 target=6.75 dtm=85.6 lead_gap=46.49 host_gap=0.00 lead_gap_t1=45.62 lead_gap_t2=44.74 lead_gap_t3=43.87 host_gap_t1=0.00 host_gap_t2=0.00 host_gap_t3=0.00
obu-ramp-back-1        | [23.5] Ramp_Back MCM_TX_REQUEST: manoeuvre=158 target=103
obu-ramp-back-1        | [23.5] Ramp_Back MERGE_DECISION: auth=False phys=False fgok=True lgok=True hgok=False cok=True esok=True cready=False dtm=85.6 past=False committed=False hid=103 ra=None lclear=True hyok=False
obu-ramp-back-1        | [23.5] Ramp_Back role=merge state=CRUISE->NEGOTIATING speed=6.70 target=6.88 neighbors=11
obu-ramp-merge-5-1     | [23.6] Ramp_Merge_5 MCM_TX_REQUEST: manoeuvre=128 target=101
obu-ramp-merge-5-1     | [23.6] Ramp_Merge_5 MCM_ACCEPT_WRONG_MANOEUVRE: host=101 got=127 expected=128
obu-ramp-merge-5-1     | [23.6] Ramp_Merge_5 MERGE_DECISION: auth=False phys=True fgok=True lgok=True hgok=True cok=True esok=True cready=True dtm=62.8 past=False committed=False hid=101 ra=None lclear=True hyok=True
obu-ramp-merge-5-1     | [23.6] Ramp_Merge_5 role=merge state=NEGOTIATING->NEGOTIATING speed=4.46 target=4.64 neighbors=11
obu-ramp-merge-3-1     | [23.6] Ramp_Merge_3 MERGE_DECISION: auth=False phys=True fgok=True lgok=True hgok=True cok=True esok=False cready=True dtm=33.1 past=False committed=False hid=None ra=None lclear=True hyok=True
obu-ramp-merge-3-1     | [23.6] Ramp_Merge_3 MCM_RX_REJECT: from=101 manoeuvre=66 target=109
obu-ramp-back-1        | [23.7] Ramp_Back MERGE_DECISION: auth=False phys=False fgok=True lgok=True hgok=False cok=True esok=True cready=False dtm=84.7 past=False committed=False hid=103 ra=None lclear=True hyok=False
obu-ramp-back-1        | [23.8] Ramp_Back MCM_TX_REQUEST: manoeuvre=158 target=103
obu-ramp-back-1        | [23.8] Ramp_Back MERGE_DECISION: auth=False phys=False fgok=True lgok=True hgok=False cok=True esok=True cready=False dtm=84.2 past=False committed=False hid=103 ra=None lclear=True hyok=False
obu-ramp-back-1        | [24.2] Ramp_Back MCM_TX_REQUEST: manoeuvre=158 target=103
obu-ramp-back-1        | [24.2] Ramp_Back MERGE_DECISION: auth=False phys=False fgok=True lgok=True hgok=True cok=True esok=True cready=False dtm=82.4 past=False committed=False hid=103 ra=None lclear=True hyok=False
obu-ramp-merge-4-1     | [23.6] Ramp_Merge_4 MCM_RX_ACCEPT: from=101 manoeuvre=96 target=110
obu-main-mid-right-1   | [24.3] Main_Mid_Right MCM_RX_REQUEST: from=112 manoeuvre=158 target=103
obu-main-mid-right-1   | [24.3] Main_Mid_Right MCM_RX_REQUEST: from=112 manoeuvre=158 target=103
obu-main-mid-right-1   | [24.3] Main_Mid_Right MCM_RX_REQUEST: from=112 manoeuvre=158 target=103
obu-ramp-back-1        | [24.3] Ramp_Back MERGE_DECISION: auth=False phys=False fgok=True lgok=True hgok=True cok=True esok=True cready=False dtm=82.0 past=False committed=False hid=103 ra=None lclear=True hyok=False
traci-bridge-1         | LANE_CMD_WAIT_EDGE veh=Ramp_Merge_3 edge=34126779 lane=0 target=1 lane_count=1
traci-bridge-1         | LANE_CMD_STATE veh=Ramp_Merge_4 edge=34126779 lane=0 target=1 lane_count=1 recently=False speed=3.65
traci-bridge-1         | LANE_CMD_WAIT_EDGE veh=Ramp_Merge_4 edge=34126779 lane=0 target=1 lane_count=1
traci-bridge-1         | LANE_CMD_STATE veh=Ramp_Merge_2 edge=1331698336 lane=0 target=1 lane_count=3 recently=True speed=5.87
traci-bridge-1         | LANE_CMD_STATE veh=Ramp_Merge_3 edge=34126779 lane=0 target=1 lane_count=1 recently=False speed=3.66
traci-bridge-1         | LANE_CMD_WAIT_EDGE veh=Ramp_Merge_3 edge=34126779 lane=0 target=1 lane_count=1
traci-bridge-1         | LANE_CMD_STATE veh=Ramp_Merge_4 edge=34126779 lane=0 target=1 lane_count=1 recently=False speed=3.65
traci-bridge-1         | LANE_CMD_WAIT_EDGE veh=Ramp_Merge_4 edge=34126779 lane=0 target=1 lane_count=1
traci-bridge-1         | LANE_CMD_STATE veh=Ramp_Merge_2 edge=1331698336 lane=0 target=1 lane_count=3 recently=True speed=5.92
traci-bridge-1         | LANE_CMD_STATE veh=Ramp_Merge_3 edge=34126779 lane=0 target=1 lane_count=1 recently=False speed=3.67
traci-bridge-1         | LANE_CMD_WAIT_EDGE veh=Ramp_Merge_3 edge=34126779 lane=0 target=1 lane_count=1
traci-bridge-1         | LANE_CMD_STATE veh=Ramp_Merge_4 edge=34126779 lane=0 target=1 lane_count=1 recently=False speed=3.66
traci-bridge-1         | LANE_CMD_WAIT_EDGE veh=Ramp_Merge_4 edge=34126779 lane=0 target=1 lane_count=1
traci-bridge-1         | LANE_CMD_STATE veh=Ramp_Merge_2 edge=1331698336 lane=0 target=1 lane_count=3 recently=True speed=5.96
traci-bridge-1         | LANE_CMD_STATE veh=Ramp_Merge_3 edge=34126779 lane=0 target=1 lane_count=1 recently=False speed=3.68
traci-bridge-1         | LANE_CMD_WAIT_EDGE veh=Ramp_Merge_3 edge=34126779 lane=0 target=1 lane_count=1
traci-bridge-1         | LANE_CMD_STATE veh=Ramp_Merge_4 edge=34126779 lane=0 target=1 lane_count=1 recently=False speed=3.67
traci-bridge-1         | LANE_CMD_WAIT_EDGE veh=Ramp_Merge_4 edge=34126779 lane=0 target=1 lane_count=1
traci-bridge-1         | LANE_CMD_STATE veh=Ramp_Merge_2 edge=1331698336 lane=0 target=1 lane_count=3 recently=True speed=6.00
traci-bridge-1         | LANE_CMD_STATE veh=Ramp_Merge_3 edge=34126779 lane=0 target=1 lane_count=1 recently=False speed=3.69
traci-bridge-1         | LANE_CMD_WAIT_EDGE veh=Ramp_Merge_3 edge=34126779 lane=0 target=1 lane_count=1
traci-bridge-1         | LANE_CMD_STATE veh=Ramp_Merge_4 edge=34126779 lane=0 target=1 lane_count=1 recently=False speed=3.68
traci-bridge-1         | LANE_CMD_WAIT_EDGE veh=Ramp_Merge_4 edge=34126779 lane=0 target=1 lane_count=1
traci-bridge-1         | LANE_CMD_STATE veh=Ramp_Merge_2 edge=1331698336 lane=0 target=1 lane_count=3 recently=True speed=6.03
traci-bridge-1         | LANE_CMD_STATE veh=Ramp_Merge_3 edge=34126779 lane=0 target=1 lane_count=1 recently=False speed=3.69
traci-bridge-1         | LANE_CMD_WAIT_EDGE veh=Ramp_Merge_3 edge=34126779 lane=0 target=1 lane_count=1
traci-bridge-1         | LANE_CMD_STATE veh=Ramp_Merge_4 edge=34126779 lane=0 target=1 lane_count=1 recently=False speed=3.69
traci-bridge-1         | LANE_CMD_WAIT_EDGE veh=Ramp_Merge_4 edge=34126779 lane=0 target=1 lane_count=1
traci-bridge-1         | LANE_CMD_STATE veh=Ramp_Merge_2 edge=1331698336 lane=0 target=1 lane_count=3 recently=True speed=6.07
traci-bridge-1         | LANE_CMD_STATE veh=Ramp_Merge_3 edge=34126779 lane=0 target=1 lane_count=1 recently=False speed=3.70
traci-bridge-1         | LANE_CMD_WAIT_EDGE veh=Ramp_Merge_3 edge=34126779 lane=0 target=1 lane_count=1
traci-bridge-1         | LANE_CMD_STATE veh=Ramp_Merge_4 edge=34126779 lane=0 target=1 lane_count=1 recently=False speed=3.69
traci-bridge-1         | LANE_CMD_WAIT_EDGE veh=Ramp_Merge_4 edge=34126779 lane=0 target=1 lane_count=1
traci-bridge-1         | LANE_CMD_STATE veh=Ramp_Merge_2 edge=1331698336 lane=0 target=1 lane_count=3 recently=True speed=6.10
traci-bridge-1         | LANE_CMD_STATE veh=Ramp_Merge_3 edge=34126779 lane=0 target=1 lane_count=1 recently=False speed=3.71
traci-bridge-1         | LANE_CMD_WAIT_EDGE veh=Ramp_Merge_3 edge=34126779 lane=0 target=1 lane_count=1
traci-bridge-1         | LANE_CMD_STATE veh=Ramp_Merge_4 edge=34126779 lane=0 target=1 lane_count=1 recently=False speed=3.70
traci-bridge-1         | LANE_CMD_WAIT_EDGE veh=Ramp_Merge_4 edge=34126779 lane=0 target=1 lane_count=1
traci-bridge-1         | LANE_CMD_STATE veh=Ramp_Merge_2 edge=1331698336 lane=0 target=1 lane_count=3 recently=True speed=6.14
traci-bridge-1         | LANE_CMD_STATE veh=Ramp_Merge_3 edge=34126779 lane=0 target=1 lane_count=1 recently=False speed=3.72
traci-bridge-1         | LANE_CMD_WAIT_EDGE veh=Ramp_Merge_3 edge=34126779 lane=0 target=1 lane_count=1
traci-bridge-1         | LANE_CMD_STATE veh=Ramp_Merge_4 edge=34126779 lane=0 target=1 lane_count=1 recently=False speed=3.71
traci-bridge-1         | LANE_CMD_WAIT_EDGE veh=Ramp_Merge_4 edge=34126779 lane=0 target=1 lane_count=1
traci-bridge-1         | LANE_CMD_STATE veh=Ramp_Merge_2 edge=1331698336 lane=0 target=1 lane_count=3 recently=True speed=6.17
traci-bridge-1         | LANE_CMD_STATE veh=Ramp_Merge_3 edge=34126779 lane=0 target=1 lane_count=1 recently=False speed=3.73
traci-bridge-1         | LANE_CMD_WAIT_EDGE veh=Ramp_Merge_3 edge=34126779 lane=0 target=1 lane_count=1
traci-bridge-1         | LANE_CMD_STATE veh=Ramp_Merge_4 edge=34126779 lane=0 target=1 lane_count=1 recently=False speed=3.61
traci-bridge-1         | LANE_CMD_WAIT_EDGE veh=Ramp_Merge_4 edge=34126779 lane=0 target=1 lane_count=1
traci-bridge-1         | LANE_CMD_STATE veh=Ramp_Merge_2 edge=1331698336 lane=0 target=1 lane_count=3 recently=True speed=6.20
traci-bridge-1         | LANE_CMD_STATE veh=Ramp_Merge_3 edge=34126779 lane=0 target=1 lane_count=1 recently=False speed=3.73
traci-bridge-1         | LANE_CMD_WAIT_EDGE veh=Ramp_Merge_3 edge=34126779 lane=0 target=1 lane_count=1
traci-bridge-1         | LANE_CMD_STATE veh=Ramp_Merge_4 edge=34126779 lane=0 target=1 lane_count=1 recently=False speed=3.62
traci-bridge-1         | LANE_CMD_WAIT_EDGE veh=Ramp_Merge_4 edge=34126779 lane=0 target=1 lane_count=1
traci-bridge-1         | LANE_CMD_STATE veh=Ramp_Merge_2 edge=1331698336 lane=0 target=1 lane_count=3 recently=True speed=6.22
traci-bridge-1         | LANE_CMD_STATE veh=Ramp_Merge_3 edge=34126779 lane=0 target=1 lane_count=1 recently=False speed=3.74
traci-bridge-1         | LANE_CMD_WAIT_EDGE veh=Ramp_Merge_3 edge=34126779 lane=0 target=1 lane_count=1
traci-bridge-1         | LANE_CMD_STATE veh=Ramp_Merge_4 edge=34126779 lane=0 target=1 lane_count=1 recently=False speed=3.64
traci-bridge-1         | LANE_CMD_WAIT_EDGE veh=Ramp_Merge_4 edge=34126779 lane=0 target=1 lane_count=1
traci-bridge-1         | LANE_CMD_STATE veh=Ramp_Merge_2 edge=1331698336 lane=0 target=1 lane_count=3 recently=True speed=6.25
traci-bridge-1         | LANE_CMD_STATE veh=Ramp_Merge_3 edge=34126779 lane=0 target=1 lane_count=1 recently=False speed=3.75
traci-bridge-1         | LANE_CMD_WAIT_EDGE veh=Ramp_Merge_3 edge=34126779 lane=0 target=1 lane_count=1
traci-bridge-1         | LANE_CMD_STATE veh=Ramp_Merge_4 edge=34126779 lane=0 target=1 lane_count=1 recently=False speed=3.64
traci-bridge-1         | LANE_CMD_WAIT_EDGE veh=Ramp_Merge_4 edge=34126779 lane=0 target=1 lane_count=1
traci-bridge-1         | LANE_CMD_STATE veh=Ramp_Merge_2 edge=1331698336 lane=0 target=1 lane_count=3 recently=True speed=6.28
traci-bridge-1         | LANE_CMD_STATE veh=Ramp_Merge_3 edge=34126779 lane=0 target=1 lane_count=1 recently=False speed=3.76
traci-bridge-1         | LANE_CMD_WAIT_EDGE veh=Ramp_Merge_3 edge=34126779 lane=0 target=1 lane_count=1
traci-bridge-1         | LANE_CMD_STATE veh=Ramp_Merge_4 edge=34126779 lane=0 target=1 lane_count=1 recently=False speed=3.65
traci-bridge-1         | LANE_CMD_WAIT_EDGE veh=Ramp_Merge_4 edge=34126779 lane=0 target=1 lane_count=1
traci-bridge-1         | LANE_CMD_STATE veh=Ramp_Merge_2 edge=1331698336 lane=0 target=1 lane_count=3 recently=True speed=6.30
traci-bridge-1         | LANE_CMD_STATE veh=Ramp_Merge_3 edge=34126779 lane=0 target=1 lane_count=1 recently=False speed=3.76
traci-bridge-1         | LANE_CMD_WAIT_EDGE veh=Ramp_Merge_3 edge=34126779 lane=0 target=1 lane_count=1
traci-bridge-1         | LANE_CMD_STATE veh=Ramp_Merge_4 edge=34126779 lane=0 target=1 lane_count=1 recently=False speed=3.66
traci-bridge-1         | LANE_CMD_WAIT_EDGE veh=Ramp_Merge_4 edge=34126779 lane=0 target=1 lane_count=1
traci-bridge-1         | LANE_CMD_STATE veh=Ramp_Merge_2 edge=1331698336 lane=0 target=1 lane_count=3 recently=True speed=6.32
traci-bridge-1         | LANE_CMD_STATE veh=Ramp_Merge_3 edge=34126779 lane=0 target=1 lane_count=1 recently=False speed=3.77
traci-bridge-1         | LANE_CMD_WAIT_EDGE veh=Ramp_Merge_3 edge=34126779 lane=0 target=1 lane_count=1
traci-bridge-1         | LANE_CMD_STATE veh=Ramp_Merge_4 edge=34126779 lane=0 target=1 lane_count=1 recently=False speed=3.66
traci-bridge-1         | LANE_CMD_WAIT_EDGE veh=Ramp_Merge_4 edge=34126779 lane=0 target=1 lane_count=1
traci-bridge-1         | LANE_CMD_STATE veh=Ramp_Merge_2 edge=1331698336 lane=0 target=1 lane_count=3 recently=True speed=6.34
traci-bridge-1         | LANE_CMD_STATE veh=Ramp_Merge_3 edge=34126779 lane=0 target=1 lane_count=1 recently=False speed=3.78
traci-bridge-1         | LANE_CMD_WAIT_EDGE veh=Ramp_Merge_3 edge=34126779 lane=0 target=1 lane_count=1
traci-bridge-1         | LANE_CMD_STATE veh=Ramp_Merge_4 edge=34126779 lane=0 target=1 lane_count=1 recently=False speed=3.67
traci-bridge-1         | LANE_CMD_WAIT_EDGE veh=Ramp_Merge_4 edge=34126779 lane=0 target=1 lane_count=1
traci-bridge-1         | LANE_CMD_STATE veh=Ramp_Merge_2 edge=1331698336 lane=0 target=1 lane_count=3 recently=True speed=6.36
traci-bridge-1         | LANE_CMD_STATE veh=Ramp_Merge_3 edge=34126779 lane=0 target=1 lane_count=1 recently=False speed=3.78
traci-bridge-1         | LANE_CMD_WAIT_EDGE veh=Ramp_Merge_3 edge=34126779 lane=0 target=1 lane_count=1
traci-bridge-1         | LANE_CMD_STATE veh=Ramp_Merge_4 edge=34126779 lane=0 target=1 lane_count=1 recently=False speed=3.68
traci-bridge-1         | LANE_CMD_WAIT_EDGE veh=Ramp_Merge_4 edge=34126779 lane=0 target=1 lane_count=1
obu-ramp-merge-4-1     | [24.4] Ramp_Merge_4 MERGE_COMMIT_WAIT_LANE_AVAILABLE: edge=34126779 lane=0 target_lane=1 lane_count=1 executable=False speed=3.68 dtm=45.4
obu-ramp-merge-4-1     | [24.4] Ramp_Merge_4 role=merge state=MERGING->MERGING speed=3.68 target=3.86 neighbors=11
obu-main-mid-right-1   | HOST_RESERVATION_START: host=Main_Mid_Right ramp=112 manoeuvre=158 until=28.5 own_speed=7.50 target_speed=6.50 required_speed=6.72 gap_eta=2.99
obu-main-mid-right-1   | [24.5] Main_Mid_Right HOST_RESERVED: merge=112 manoeuvre=158 until=28.5 target_spd=6.50
obu-main-mid-right-1   | [24.5] Main_Mid_Right HOST_YIELD: for merge=112 req_spd=6.50
obu-main-mid-right-1   | [24.5] Main_Mid_Right MCM_TX_ACCEPT: manoeuvre=158 target=112
obu-main-mid-right-1   | [24.5] Main_Mid_Right role=host state=CRUISE->YIELDING speed=7.50 target=6.50 neighbors=11
obu-lead-car-1         | HOST_RESERVATION_EXTEND_UNTIL_CLEAR: host=Lead_Car ramp=110 manoeuvre=96 new_remaining=4.0 ramp_lcs=WAIT_EDGE ramp_edge=34126779
obu-lead-car-1         | HOST_RESERVATION_HOLD: host=Lead_Car ramp=110 manoeuvre=96 remaining=4.0 own_speed=7.50 target_speed=7.50 ramp_fsm=MERGING ramp_lane_cmd_state=WAIT_EDGE ramp_edge=34126779 ramp_lane=0 ramp_merge_completed=False ramp_merge_committed=True
obu-lead-car-1         | [24.1] Lead_Car HOST_HOLD_YIELD: for merge=110 spd=7.50
obu-lead-car-1         | [24.1] Lead_Car MCM_TX_REJECT: manoeuvre=128 target=111
obu-ramp-merge-2-1     | [24.4] Ramp_Merge_2 role=merge state=MERGING->MERGING speed=6.36 target=6.75 neighbors=11
obu-lead-car-1         | [24.1] Lead_Car MCM_TX_ACCEPT: manoeuvre=96 target=110
obu-lead-car-1         | [24.1] Lead_Car role=host state=YIELDING->YIELDING speed=7.50 target=7.50 neighbors=11
obu-lead-car-1         | [24.4] Lead_Car MCM_RX_REQUEST: from=111 manoeuvre=128 target=101
obu-host-car-1         | [24.5] Host_Car role=cruise state=CRUISE->CRUISE speed=6.86 target=7.50 neighbors=11
obu-main-back-left-1   | [24.5] Main_Back_Left role=lead state=CRUISE->CRUISE speed=6.53 target=7.50 neighbors=11
obu-ramp-merge-5-1     | [24.4] Ramp_Merge_5 MCM_TX_REQUEST: manoeuvre=128 target=101
obu-ramp-merge-5-1     | [24.4] Ramp_Merge_5 MCM_ACCEPT_WRONG_MANOEUVRE: host=101 got=127 expected=128
obu-ramp-merge-5-1     | [24.4] Ramp_Merge_5 MERGE_DECISION: auth=False phys=True fgok=True lgok=True hgok=True cok=True esok=True cready=True dtm=60.0 past=False committed=False hid=101 ra=None lclear=True hyok=True
obu-main-front-left-1  | [24.6] Main_Front_Left role=cruise state=CRUISE->CRUISE speed=7.50 target=7.50 neighbors=11
obu-main-back-right-1  | [24.6] Main_Back_Right role=lead state=CRUISE->CRUISE speed=6.31 target=7.50 neighbors=11
obu-ramp-merge-3-1     | MERGE_ATTEMPT_TIMELINE: vehicle=Ramp_Merge_3 manoeuvre=67 host=101 lead=102 event=REQUEST_SENT t=24.6 edge=34126779 lane=0 lane_cmd_state=WAIT_EDGE speed=3.80 target=6.75 dtm=29.4 lead_gap=122.18 host_gap=142.90 lead_gap_t1=122.18 lead_gap_t2=122.18 lead_gap_t3=122.18 host_gap_t1=142.90 host_gap_t2=142.90 host_gap_t3=142.90
obu-ramp-merge-3-1     | [24.6] Ramp_Merge_3 MCM_TX_REQUEST: manoeuvre=67 target=101
obu-ramp-merge-3-1     | [24.6] Ramp_Merge_3 MERGE_DECISION: auth=False phys=True fgok=True lgok=True hgok=True cok=True esok=False cready=True dtm=29.4 past=False committed=False hid=101 ra=None lclear=True hyok=True
obu-ramp-merge-3-1     | [24.6] Ramp_Merge_3 role=merge state=CRUISE->NEGOTIATING speed=3.80 target=3.98 neighbors=11
obu-lead-car-1         | HOST_RESERVATION_EXTEND_UNTIL_CLEAR: host=Lead_Car ramp=110 manoeuvre=96 new_remaining=4.0 ramp_lcs=WAIT_EDGE ramp_edge=34126779
obu-lead-car-1         | HOST_RESERVATION_HOLD: host=Lead_Car ramp=110 manoeuvre=96 remaining=4.0 own_speed=7.50 target_speed=7.50 ramp_fsm=MERGING ramp_lane_cmd_state=WAIT_EDGE ramp_edge=34126779 ramp_lane=0 ramp_merge_completed=False ramp_merge_committed=True
obu-lead-car-1         | [24.6] Lead_Car HOST_HOLD_YIELD: for merge=110 spd=7.50
obu-lead-car-1         | [24.6] Lead_Car MCM_TX_REJECT: manoeuvre=128 target=111
obu-lead-car-1         | [24.6] Lead_Car MCM_TX_ACCEPT: manoeuvre=96 target=110
obu-ramp-merge-5-1     | [24.5] Ramp_Merge_5 MCM_ACCEPT_WRONG_MANOEUVRE: host=101 got=127 expected=128
obu-ramp-merge-5-1     | [24.5] Ramp_Merge_5 MERGE_DECISION: auth=False phys=True fgok=True lgok=True hgok=True cok=True esok=True cready=True dtm=59.6 past=False committed=False hid=101 ra=None lclear=True hyok=True
obu-merge-car-1        | [24.7] Merge_Car role=cruise state=CRUISE->CRUISE speed=7.40 target=7.50 neighbors=7
obu-ramp-merge-5-1     | [24.7] Ramp_Merge_5 MCM_TX_REQUEST: manoeuvre=128 target=101
obu-ramp-merge-5-1     | [24.7] Ramp_Merge_5 MCM_PENDING_HOLD_LATE_HOST: host=101 age=0.0 dtm=58.9 lead_gap=44.97 host_gap=103.38 pending_age=1.7 accepted_at=None reason=lost
obu-ramp-merge-5-1     | [24.7] Ramp_Merge_5 role=merge state=NEGOTIATING->NEGOTIATING speed=3.81 target=3.81 neighbors=6
obu-lead-car-1         | [25.1] Lead_Car MCM_RX_REQUEST: from=111 manoeuvre=128 target=101
obu-lead-car-1         | [25.1] Lead_Car MCM_RX_REQUEST: from=109 manoeuvre=67 target=101
obu-ramp-merge-5-1     | [25.0] Ramp_Merge_5 MCM_TX_REQUEST: manoeuvre=128 target=101
obu-ramp-merge-5-1     | [25.0] Ramp_Merge_5 MCM_PENDING_HOLD_LATE_HOST: host=101 age=0.3 dtm=57.9 lead_gap=45.79 host_gap=115.02 pending_age=2.0 accepted_at=None reason=lost
obu-ramp-merge-5-1     | [25.0] Ramp_Merge_5 CAR_FOLLOW: sid=110 edge=34126779 lane=0 leader_edge= leader_lane=None leader_role_hint=ramp self_merge_completed=False self_merge_completed_age=-1.0 self_merge_committed=False lane_cmd_state=None lane_cmd_edge=None lane_cmd_target=None lane_cmd_executable=None same_lane=True reason=same_lane_cam gap=8.9 follow_spd=2.62 emergency=False target_before=3.722726258072415 target_after=3.472726258072415
obu-lead-car-1         | [25.1] Lead_Car MCM_RX_REQUEST: from=111 manoeuvre=128 target=101
obu-ramp-back-1        | [25.0] Ramp_Back MCM_RX_ACCEPT: from=103 manoeuvre=158 target=112
obu-ramp-merge-5-1     | [25.0] Ramp_Merge_5 MCM_RX_REJECT: from=101 manoeuvre=128 target=111
obu-ramp-merge-5-1     | [25.0] Ramp_Merge_5 MCM_RX_REJECT: from=101 manoeuvre=128 target=111
obu-ramp-merge-3-1     | [25.1] Ramp_Merge_3 MCM_TX_REQUEST: manoeuvre=67 target=101
obu-ramp-merge-3-1     | [25.1] Ramp_Merge_3 MERGE_DECISION: auth=False phys=True fgok=True lgok=True hgok=True cok=True esok=False cready=True dtm=27.5 past=False committed=False hid=101 ra=None lclear=True hyok=True
obu-ramp-merge-4-1     | [25.0] Ramp_Merge_4 MERGE_COMMIT_WAIT_LANE_AVAILABLE: edge=34126779 lane=0 target_lane=1 lane_count=1 executable=False speed=3.72 dtm=43.3
obu-main-mid-right-1   | HOST_RESERVATION_HOLD: host=Main_Mid_Right ramp=112 manoeuvre=158 remaining=3.4 own_speed=7.28 target_speed=6.50 ramp_fsm=NEGOTIATING ramp_lane_cmd_state=NONE ramp_edge=34126779 ramp_lane=0 ramp_merge_completed=False ramp_merge_committed=False
obu-main-mid-right-1   | [25.1] Main_Mid_Right HOST_HOLD_YIELD: for merge=112 spd=6.50
obu-main-mid-right-1   | [25.1] Main_Mid_Right MCM_TX_ACCEPT: manoeuvre=158 target=112
obu-ramp-merge-4-1     | [25.0] Ramp_Merge_4 MCM_RX_ACCEPT: from=101 manoeuvre=96 target=110
obu-ramp-merge-4-1     | [25.0] Ramp_Merge_4 MCM_RX_ACCEPT: from=101 manoeuvre=96 target=110
obu-lead-car-1         | HOST_RESERVATION_EXTEND_UNTIL_CLEAR: host=Lead_Car ramp=110 manoeuvre=96 new_remaining=4.0 ramp_lcs=WAIT_EDGE ramp_edge=34126779
obu-lead-car-1         | HOST_RESERVATION_HOLD: host=Lead_Car ramp=110 manoeuvre=96 remaining=4.0 own_speed=7.50 target_speed=7.50 ramp_fsm=MERGING ramp_lane_cmd_state=WAIT_EDGE ramp_edge=34126779 ramp_lane=0 ramp_merge_completed=False ramp_merge_committed=True
obu-lead-car-1         | [25.1] Lead_Car HOST_HOLD_YIELD: for merge=110 spd=7.50
obu-lead-car-1         | [25.1] Lead_Car MCM_TX_REJECT: manoeuvre=67 target=109
obu-lead-car-1         | [25.1] Lead_Car MCM_TX_ACCEPT: manoeuvre=96 target=110
obu-lead-car-1         | [25.1] Lead_Car role=host state=YIELDING->YIELDING speed=7.50 target=7.50 neighbors=10
obu-ramp-back-1        | [25.0] Ramp_Back MCM_TX_REQUEST: manoeuvre=158 target=103
obu-ramp-back-1        | MERGE_ATTEMPT_TIMELINE: vehicle=Ramp_Back manoeuvre=158 host=103 lead=106 event=ACCEPT_MATCHED t=25.0 edge=34126779 lane=0 lane_cmd_state=NONE speed=6.75 target=6.75 dtm=78.9 lead_gap=46.95 host_gap=18.15 lead_gap_t1=46.10 lead_gap_t2=45.24 lead_gap_t3=44.38 host_gap_t1=18.15 host_gap_t2=18.15 host_gap_t3=18.15
obu-ramp-back-1        | [25.0] Ramp_Back MCM_ACCEPT_MATCHED: host=103 manoeuvre=158
obu-ramp-back-1        | [25.0] Ramp_Back role=merge state=NEGOTIATING->NEGOTIATING speed=6.75 target=6.38 neighbors=10
obu-ramp-merge-5-1     | [25.1] Ramp_Merge_5 MCM_REJECT: host=101 manoeuvre=128
obu-ramp-merge-5-1     | [25.1] Ramp_Merge_5 CAR_FOLLOW: sid=110 edge=34126779 lane=0 leader_edge= leader_lane=None leader_role_hint=ramp self_merge_completed=False self_merge_completed_age=-1.0 self_merge_committed=False lane_cmd_state=None lane_cmd_edge=None lane_cmd_target=None lane_cmd_executable=None same_lane=True reason=same_lane_cam gap=8.6 follow_spd=2.62 emergency=False target_before=3.5387745892276237 target_after=3.477136731443757
obu-ramp-merge-4-1     | [25.1] Ramp_Merge_4 MERGE_COMMIT_WAIT_LANE_AVAILABLE: edge=34126779 lane=0 target_lane=1 lane_count=1 executable=False speed=3.73 dtm=42.9
obu-ramp-merge-4-1     | [25.7] Ramp_Merge_4 MCM_RX_ACCEPT: from=101 manoeuvre=96 target=110
obu-main-mid-right-1   | [25.7] Main_Mid_Right MCM_RX_REQUEST: from=112 manoeuvre=158 target=103
obu-ramp-merge-3-1     | [25.5] Ramp_Merge_3 MCM_TX_REQUEST: manoeuvre=67 target=101
obu-ramp-merge-3-1     | [25.5] Ramp_Merge_3 MERGE_DECISION: auth=False phys=True fgok=True lgok=True hgok=True cok=True esok=False cready=True dtm=26.0 past=False committed=False hid=101 ra=None lclear=True hyok=True
obu-ramp-merge-3-1     | [25.5] Ramp_Merge_3 CAR_FOLLOW: sid=106 edge=34126779 lane=0 leader_edge= leader_lane=None leader_role_hint=main self_merge_completed=False self_merge_completed_age=-1.0 self_merge_committed=False lane_cmd_state=WAIT_EDGE lane_cmd_edge=34126779 lane_cmd_target=1 lane_cmd_executable=False same_lane=True reason=same_lane_cam gap=9.7 follow_spd=3.41 emergency=False target_before=4.0425913951963 target_after=3.6125913951963002
obu-merge-car-1        | [25.7] Merge_Car role=cruise state=CRUISE->CRUISE speed=7.44 target=7.50 neighbors=11
obu-ramp-merge-4-1     | [25.7] Ramp_Merge_4 MERGE_COMMIT_WAIT_LANE_AVAILABLE: edge=34126779 lane=0 target_lane=1 lane_count=1 executable=False speed=3.77 dtm=40.8
obu-ramp-merge-4-1     | [25.7] Ramp_Merge_4 role=merge state=MERGING->MERGING speed=3.77 target=3.95 neighbors=11
obu-ramp-merge-3-1     | [25.7] Ramp_Merge_3 MCM_RX_REJECT: from=101 manoeuvre=67 target=109
obu-main-mid-right-1   | HOST_RESERVATION_HOLD: host=Main_Mid_Right ramp=112 manoeuvre=158 remaining=2.8 own_speed=7.07 target_speed=6.50 ramp_fsm=NEGOTIATING ramp_lane_cmd_state=NONE ramp_edge=34126779 ramp_lane=0 ramp_merge_completed=False ramp_merge_committed=False
obu-main-mid-right-1   | [25.7] Main_Mid_Right HOST_HOLD_YIELD: for merge=112 spd=6.50
obu-lead-car-1         | [25.8] Lead_Car MCM_RX_REQUEST: from=109 manoeuvre=67 target=101
obu-main-mid-right-1   | [25.7] Main_Mid_Right MCM_TX_ACCEPT: manoeuvre=158 target=112
obu-main-mid-right-1   | [25.7] Main_Mid_Right role=host state=YIELDING->YIELDING speed=7.07 target=6.50 neighbors=11
obu-lead-car-1         | [25.8] Lead_Car MCM_RX_REQUEST: from=111 manoeuvre=128 target=101
obu-ramp-merge-2-1     | [25.7] Ramp_Merge_2 role=merge state=MERGING->MERGING speed=6.55 target=6.75 neighbors=11
obu-lead-car-1         | HOST_RESERVATION_EXTEND_UNTIL_CLEAR: host=Lead_Car ramp=110 manoeuvre=96 new_remaining=4.0 ramp_lcs=WAIT_EDGE ramp_edge=34126779
obu-lead-car-1         | HOST_RESERVATION_HOLD: host=Lead_Car ramp=110 manoeuvre=96 remaining=4.0 own_speed=7.50 target_speed=7.50 ramp_fsm=MERGING ramp_lane_cmd_state=WAIT_EDGE ramp_edge=34126779 ramp_lane=0 ramp_merge_completed=False ramp_merge_committed=True
obu-lead-car-1         | [25.8] Lead_Car HOST_HOLD_YIELD: for merge=110 spd=7.50
obu-lead-car-1         | [25.8] Lead_Car MCM_TX_REJECT: manoeuvre=67 target=109
obu-lead-car-1         | [25.8] Lead_Car MCM_TX_ACCEPT: manoeuvre=96 target=110
obu-host-car-1         | [25.7] Host_Car role=cruise state=CRUISE->CRUISE speed=7.15 target=7.50 neighbors=11
obu-main-back-left-1   | [25.7] Main_Back_Left role=cruise state=CRUISE->CRUISE speed=6.73 target=7.50 neighbors=11
obu-ramp-back-1        | [25.7] Ramp_Back MCM_RX_ACCEPT: from=103 manoeuvre=158 target=112
obu-ramp-back-1        | [25.8] Ramp_Back MCM_RX_ACCEPT: from=103 manoeuvre=158 target=112
obu-main-front-left-1  | [25.9] Main_Front_Left role=cruise state=CRUISE->CRUISE speed=7.50 target=7.50 neighbors=11
obu-ramp-merge-5-1     | [25.7] Ramp_Merge_5 MERGE_DECISION: auth=False phys=True fgok=True lgok=True hgok=True cok=True esok=True cready=True dtm=55.5 past=False committed=False hid=None ra=None lclear=False hyok=True
obu-ramp-merge-5-1     | [25.7] Ramp_Merge_5 CAR_FOLLOW: sid=110 edge=34126779 lane=0 leader_edge= leader_lane=None leader_role_hint=ramp self_merge_completed=False self_merge_completed_age=-1.0 self_merge_committed=False lane_cmd_state=None lane_cmd_edge=None lane_cmd_target=None lane_cmd_executable=None same_lane=True reason=same_lane_cam gap=8.9 follow_spd=2.62 emergency=False target_before=3.8536444511215273 target_after=3.423644451121527
obu-ramp-merge-5-1     | [25.7] Ramp_Merge_5 role=merge state=NEGOTIATING->YIELDING speed=3.67 target=3.42 neighbors=11
obu-main-back-right-1  | [25.8] Main_Back_Right role=lead state=CRUISE->CRUISE speed=6.55 target=7.50 neighbors=11
obu-ramp-merge-3-1     | [25.8] Ramp_Merge_3 MCM_TX_REQUEST: manoeuvre=67 target=101
obu-ramp-merge-3-1     | [25.8] Ramp_Merge_3 MCM_REJECT: host=101 manoeuvre=67
obu-ramp-merge-3-1     | [25.8] Ramp_Merge_3 role=merge state=NEGOTIATING->NEGOTIATING speed=3.88 target=4.06 neighbors=11
obu-ramp-merge-4-1     | [25.8] Ramp_Merge_4 MERGE_COMMIT_WAIT_LANE_AVAILABLE: edge=34126779 lane=0 target_lane=1 lane_count=1 executable=False speed=3.78 dtm=40.4
obu-ramp-merge-3-1     | [25.8] Ramp_Merge_3 MCM_RX_REJECT: from=101 manoeuvre=67 target=109
obu-ramp-merge-4-1     | [25.8] Ramp_Merge_4 MCM_RX_ACCEPT: from=101 manoeuvre=96 target=110
obu-main-mid-right-1   | HOST_RESERVATION_HOLD: host=Main_Mid_Right ramp=112 manoeuvre=158 remaining=2.7 own_speed=7.04 target_speed=6.50 ramp_fsm=NEGOTIATING ramp_lane_cmd_state=NONE ramp_edge=34126779 ramp_lane=0 ramp_merge_completed=False ramp_merge_committed=False
obu-main-mid-right-1   | [25.8] Main_Mid_Right HOST_HOLD_YIELD: for merge=112 spd=6.50
obu-ramp-merge-5-1     | [25.8] Ramp_Merge_5 MERGE_DECISION: auth=False phys=True fgok=True lgok=True hgok=True cok=True esok=True cready=True dtm=55.2 past=False committed=False hid=None ra=None lclear=False hyok=True
obu-main-mid-right-1   | HOST_RESERVATION_HOLD: host=Main_Mid_Right ramp=112 manoeuvre=158 remaining=2.5 own_speed=6.99 target_speed=6.50 ramp_fsm=NEGOTIATING ramp_lane_cmd_state=NONE ramp_edge=34126779 ramp_lane=0 ramp_merge_completed=False ramp_merge_committed=False
obu-main-mid-right-1   | [26.0] Main_Mid_Right HOST_HOLD_YIELD: for merge=112 spd=6.50
obu-main-mid-right-1   | [26.0] Main_Mid_Right MCM_TX_ACCEPT: manoeuvre=158 target=112
traci-bridge-1         | LANE_CMD_STATE veh=Ramp_Merge_2 edge=1331698336 lane=0 target=1 lane_count=3 recently=True speed=6.38
traci-bridge-1         | LANE_CMD_STATE veh=Ramp_Merge_3 edge=34126779 lane=0 target=1 lane_count=1 recently=False speed=3.79
traci-bridge-1         | LANE_CMD_WAIT_EDGE veh=Ramp_Merge_3 edge=34126779 lane=0 target=1 lane_count=1
traci-bridge-1         | LANE_CMD_STATE veh=Ramp_Merge_4 edge=34126779 lane=0 target=1 lane_count=1 recently=False speed=3.68
traci-bridge-1         | LANE_CMD_WAIT_EDGE veh=Ramp_Merge_4 edge=34126779 lane=0 target=1 lane_count=1
traci-bridge-1         | LANE_CMD_STATE veh=Ramp_Merge_2 edge=1331698336 lane=0 target=1 lane_count=3 recently=True speed=6.40
traci-bridge-1         | LANE_CMD_STATE veh=Ramp_Merge_3 edge=34126779 lane=0 target=1 lane_count=1 recently=False speed=3.80
traci-bridge-1         | LANE_CMD_WAIT_EDGE veh=Ramp_Merge_3 edge=34126779 lane=0 target=1 lane_count=1
traci-bridge-1         | LANE_CMD_STATE veh=Ramp_Merge_4 edge=34126779 lane=0 target=1 lane_count=1 recently=False speed=3.69
traci-bridge-1         | LANE_CMD_WAIT_EDGE veh=Ramp_Merge_4 edge=34126779 lane=0 target=1 lane_count=1
traci-bridge-1         | LANE_CMD_STATE veh=Ramp_Merge_2 edge=1331698336 lane=0 target=1 lane_count=3 recently=True speed=6.42
traci-bridge-1         | LANE_CMD_STATE veh=Ramp_Merge_3 edge=34126779 lane=0 target=1 lane_count=1 recently=False speed=3.80
traci-bridge-1         | LANE_CMD_WAIT_EDGE veh=Ramp_Merge_3 edge=34126779 lane=0 target=1 lane_count=1
traci-bridge-1         | LANE_CMD_STATE veh=Ramp_Merge_4 edge=34126779 lane=0 target=1 lane_count=1 recently=False speed=3.70
traci-bridge-1         | LANE_CMD_WAIT_EDGE veh=Ramp_Merge_4 edge=34126779 lane=0 target=1 lane_count=1
traci-bridge-1         | LANE_CMD_STATE veh=Ramp_Merge_2 edge=1331698336 lane=0 target=1 lane_count=3 recently=True speed=6.43
traci-bridge-1         | LANE_CMD_STATE veh=Ramp_Merge_3 edge=34126779 lane=0 target=1 lane_count=1 recently=False speed=3.81
traci-bridge-1         | LANE_CMD_WAIT_EDGE veh=Ramp_Merge_3 edge=34126779 lane=0 target=1 lane_count=1
traci-bridge-1         | LANE_CMD_STATE veh=Ramp_Merge_4 edge=34126779 lane=0 target=1 lane_count=1 recently=False speed=3.71
traci-bridge-1         | LANE_CMD_WAIT_EDGE veh=Ramp_Merge_4 edge=34126779 lane=0 target=1 lane_count=1
traci-bridge-1         | LANE_CMD_STATE veh=Ramp_Merge_2 edge=1331698336 lane=0 target=1 lane_count=3 recently=True speed=6.45
traci-bridge-1         | LANE_CMD_STATE veh=Ramp_Merge_3 edge=34126779 lane=0 target=1 lane_count=1 recently=False speed=3.82
traci-bridge-1         | LANE_CMD_WAIT_EDGE veh=Ramp_Merge_3 edge=34126779 lane=0 target=1 lane_count=1
traci-bridge-1         | LANE_CMD_STATE veh=Ramp_Merge_4 edge=34126779 lane=0 target=1 lane_count=1 recently=False speed=3.72
traci-bridge-1         | LANE_CMD_WAIT_EDGE veh=Ramp_Merge_4 edge=34126779 lane=0 target=1 lane_count=1
traci-bridge-1         | LANE_CMD_STATE veh=Ramp_Merge_2 edge=1331698336 lane=0 target=1 lane_count=3 recently=True speed=6.47
traci-bridge-1         | LANE_CMD_STATE veh=Ramp_Merge_3 edge=34126779 lane=0 target=1 lane_count=1 recently=False speed=3.82
traci-bridge-1         | LANE_CMD_WAIT_EDGE veh=Ramp_Merge_3 edge=34126779 lane=0 target=1 lane_count=1
traci-bridge-1         | LANE_CMD_STATE veh=Ramp_Merge_4 edge=34126779 lane=0 target=1 lane_count=1 recently=False speed=3.72
traci-bridge-1         | LANE_CMD_WAIT_EDGE veh=Ramp_Merge_4 edge=34126779 lane=0 target=1 lane_count=1
traci-bridge-1         | LANE_CMD_STATE veh=Ramp_Merge_2 edge=1331698336 lane=0 target=1 lane_count=3 recently=True speed=6.48
traci-bridge-1         | LANE_CMD_STATE veh=Ramp_Merge_3 edge=34126779 lane=0 target=1 lane_count=1 recently=False speed=3.83
traci-bridge-1         | LANE_CMD_WAIT_EDGE veh=Ramp_Merge_3 edge=34126779 lane=0 target=1 lane_count=1
traci-bridge-1         | LANE_CMD_STATE veh=Ramp_Merge_4 edge=34126779 lane=0 target=1 lane_count=1 recently=False speed=3.73
traci-bridge-1         | LANE_CMD_WAIT_EDGE veh=Ramp_Merge_4 edge=34126779 lane=0 target=1 lane_count=1
traci-bridge-1         | LANE_CMD_STATE veh=Ramp_Merge_2 edge=1331698336 lane=0 target=1 lane_count=3 recently=True speed=6.49
traci-bridge-1         | LANE_CMD_STATE veh=Ramp_Merge_3 edge=34126779 lane=0 target=1 lane_count=1 recently=False speed=3.84
traci-bridge-1         | LANE_CMD_WAIT_EDGE veh=Ramp_Merge_3 edge=34126779 lane=0 target=1 lane_count=1
traci-bridge-1         | LANE_CMD_STATE veh=Ramp_Merge_4 edge=34126779 lane=0 target=1 lane_count=1 recently=False speed=3.74
traci-bridge-1         | LANE_CMD_WAIT_EDGE veh=Ramp_Merge_4 edge=34126779 lane=0 target=1 lane_count=1
traci-bridge-1         | LANE_CMD_STATE veh=Ramp_Merge_2 edge=1331698336 lane=0 target=1 lane_count=3 recently=True speed=6.51
traci-bridge-1         | LANE_CMD_STATE veh=Ramp_Merge_3 edge=34126779 lane=0 target=1 lane_count=1 recently=False speed=3.85
traci-bridge-1         | LANE_CMD_WAIT_EDGE veh=Ramp_Merge_3 edge=34126779 lane=0 target=1 lane_count=1
traci-bridge-1         | LANE_CMD_STATE veh=Ramp_Merge_4 edge=34126779 lane=0 target=1 lane_count=1 recently=False speed=3.74
traci-bridge-1         | LANE_CMD_WAIT_EDGE veh=Ramp_Merge_4 edge=34126779 lane=0 target=1 lane_count=1
traci-bridge-1         | LANE_CMD_STATE veh=Ramp_Merge_2 edge=1331698336 lane=0 target=1 lane_count=3 recently=True speed=6.52
traci-bridge-1         | LANE_CMD_STATE veh=Ramp_Merge_3 edge=34126779 lane=0 target=1 lane_count=1 recently=False speed=3.85
traci-bridge-1         | LANE_CMD_WAIT_EDGE veh=Ramp_Merge_3 edge=34126779 lane=0 target=1 lane_count=1
traci-bridge-1         | LANE_CMD_STATE veh=Ramp_Merge_4 edge=34126779 lane=0 target=1 lane_count=1 recently=False speed=3.75
traci-bridge-1         | LANE_CMD_WAIT_EDGE veh=Ramp_Merge_4 edge=34126779 lane=0 target=1 lane_count=1
traci-bridge-1         | LANE_CMD_STATE veh=Ramp_Merge_2 edge=1331698336 lane=0 target=1 lane_count=3 recently=True speed=6.53
traci-bridge-1         | LANE_CMD_STATE veh=Ramp_Merge_3 edge=34126779 lane=0 target=1 lane_count=1 recently=False speed=3.86
traci-bridge-1         | LANE_CMD_WAIT_EDGE veh=Ramp_Merge_3 edge=34126779 lane=0 target=1 lane_count=1
traci-bridge-1         | LANE_CMD_STATE veh=Ramp_Merge_4 edge=34126779 lane=0 target=1 lane_count=1 recently=False speed=3.76
traci-bridge-1         | LANE_CMD_WAIT_EDGE veh=Ramp_Merge_4 edge=34126779 lane=0 target=1 lane_count=1
traci-bridge-1         | LANE_CMD_STATE veh=Ramp_Merge_2 edge=1331698336 lane=0 target=1 lane_count=3 recently=True speed=6.54
traci-bridge-1         | LANE_CMD_STATE veh=Ramp_Merge_3 edge=34126779 lane=0 target=1 lane_count=1 recently=False speed=3.87
traci-bridge-1         | LANE_CMD_WAIT_EDGE veh=Ramp_Merge_3 edge=34126779 lane=0 target=1 lane_count=1
traci-bridge-1         | LANE_CMD_STATE veh=Ramp_Merge_4 edge=34126779 lane=0 target=1 lane_count=1 recently=False speed=3.77
traci-bridge-1         | LANE_CMD_WAIT_EDGE veh=Ramp_Merge_4 edge=34126779 lane=0 target=1 lane_count=1
traci-bridge-1         | LANE_CMD_STATE veh=Ramp_Merge_2 edge=1331698336 lane=0 target=1 lane_count=3 recently=True speed=6.55
traci-bridge-1         | LANE_CMD_STATE veh=Ramp_Merge_3 edge=34126779 lane=0 target=1 lane_count=1 recently=False speed=3.88
traci-bridge-1         | LANE_CMD_WAIT_EDGE veh=Ramp_Merge_3 edge=34126779 lane=0 target=1 lane_count=1
traci-bridge-1         | LANE_CMD_STATE veh=Ramp_Merge_4 edge=34126779 lane=0 target=1 lane_count=1 recently=False speed=3.77
traci-bridge-1         | LANE_CMD_WAIT_EDGE veh=Ramp_Merge_4 edge=34126779 lane=0 target=1 lane_count=1
traci-bridge-1         | LANE_CMD_STATE veh=Ramp_Merge_2 edge=1331698336 lane=0 target=1 lane_count=3 recently=True speed=6.56
traci-bridge-1         | LANE_CMD_STATE veh=Ramp_Merge_3 edge=34126779 lane=0 target=1 lane_count=1 recently=False speed=3.88
traci-bridge-1         | LANE_CMD_WAIT_EDGE veh=Ramp_Merge_3 edge=34126779 lane=0 target=1 lane_count=1
traci-bridge-1         | LANE_CMD_STATE veh=Ramp_Merge_4 edge=34126779 lane=0 target=1 lane_count=1 recently=False speed=3.78
traci-bridge-1         | LANE_CMD_WAIT_EDGE veh=Ramp_Merge_4 edge=34126779 lane=0 target=1 lane_count=1
traci-bridge-1         | LANE_CMD_STATE veh=Ramp_Merge_2 edge=1331698336 lane=0 target=1 lane_count=3 recently=True speed=6.57
traci-bridge-1         | LANE_CMD_STATE veh=Ramp_Merge_3 edge=34126779 lane=0 target=1 lane_count=1 recently=False speed=3.89
traci-bridge-1         | LANE_CMD_WAIT_EDGE veh=Ramp_Merge_3 edge=34126779 lane=0 target=1 lane_count=1
traci-bridge-1         | LANE_CMD_STATE veh=Ramp_Merge_4 edge=34126779 lane=0 target=1 lane_count=1 recently=False speed=3.79
traci-bridge-1         | LANE_CMD_WAIT_EDGE veh=Ramp_Merge_4 edge=34126779 lane=0 target=1 lane_count=1
traci-bridge-1         | LANE_CMD_STATE veh=Ramp_Merge_2 edge=1331698336 lane=0 target=1 lane_count=3 recently=False speed=6.58
traci-bridge-1         | LANE_CMD_APPLY veh=Ramp_Merge_2 edge=1331698336 from_lane=0 target=1 duration=2.00 mode=256 speed=6.58
traci-bridge-1         | LANE_CMD_STATE veh=Ramp_Merge_3 edge=34126779 lane=0 target=1 lane_count=1 recently=False speed=3.88
traci-bridge-1         | LANE_CMD_WAIT_EDGE veh=Ramp_Merge_3 edge=34126779 lane=0 target=1 lane_count=1
traci-bridge-1         | LANE_CMD_STATE veh=Ramp_Merge_4 edge=34126779 lane=0 target=1 lane_count=1 recently=False speed=3.80
traci-bridge-1         | LANE_CMD_WAIT_EDGE veh=Ramp_Merge_4 edge=34126779 lane=0 target=1 lane_count=1
traci-bridge-1         | LANE_CMD_STATE veh=Ramp_Merge_2 edge=1331698336 lane=0 target=1 lane_count=3 recently=True speed=6.59
traci-bridge-1         | LANE_CMD_STATE veh=Ramp_Merge_3 edge=34126779 lane=0 target=1 lane_count=1 recently=False speed=3.89
traci-bridge-1         | LANE_CMD_WAIT_EDGE veh=Ramp_Merge_3 edge=34126779 lane=0 target=1 lane_count=1
traci-bridge-1         | LANE_CMD_STATE veh=Ramp_Merge_4 edge=34126779 lane=0 target=1 lane_count=1 recently=False speed=3.80
traci-bridge-1         | LANE_CMD_WAIT_EDGE veh=Ramp_Merge_4 edge=34126779 lane=0 target=1 lane_count=1
traci-bridge-1         | LANE_CMD_STATE veh=Ramp_Merge_2 edge=1331698336 lane=0 target=1 lane_count=3 recently=True speed=6.60
traci-bridge-1         | LANE_CMD_STATE veh=Ramp_Merge_3 edge=34126779 lane=0 target=1 lane_count=1 recently=False speed=3.89
obu-ramp-merge-5-1     | [26.0] Ramp_Merge_5 MERGE_DECISION: auth=False phys=True fgok=True lgok=True hgok=True cok=True esok=True cready=True dtm=54.6 past=False committed=False hid=None ra=None lclear=False hyok=True
obu-main-mid-right-1   | HOST_RESERVATION_HOLD: host=Main_Mid_Right ramp=112 manoeuvre=158 remaining=2.3 own_speed=6.94 target_speed=6.50 ramp_fsm=NEGOTIATING ramp_lane_cmd_state=NONE ramp_edge=34126779 ramp_lane=0 ramp_merge_completed=False ramp_merge_committed=False
obu-main-mid-right-1   | [26.2] Main_Mid_Right HOST_HOLD_YIELD: for merge=112 spd=6.50
obu-ramp-merge-5-1     | [26.2] Ramp_Merge_5 MERGE_DECISION: auth=False phys=True fgok=True lgok=True hgok=True cok=True esok=True cready=True dtm=53.9 past=False committed=False hid=None ra=None lclear=False hyok=True
obu-main-mid-right-1   | HOST_RESERVATION_HOLD: host=Main_Mid_Right ramp=112 manoeuvre=158 remaining=2.2 own_speed=6.92 target_speed=6.50 ramp_fsm=NEGOTIATING ramp_lane_cmd_state=NONE ramp_edge=34126779 ramp_lane=0 ramp_merge_completed=False ramp_merge_committed=False
obu-main-mid-right-1   | [26.3] Main_Mid_Right HOST_HOLD_YIELD: for merge=112 spd=6.50
obu-main-mid-right-1   | [26.3] Main_Mid_Right MCM_TX_ACCEPT: manoeuvre=158 target=112
obu-lead-car-1         | [25.9] Lead_Car MCM_RX_REQUEST: from=109 manoeuvre=67 target=101
obu-lead-car-1         | [26.6] Lead_Car MCM_RX_REQUEST: from=109 manoeuvre=67 target=101
obu-ramp-merge-5-1     | [26.5] Ramp_Merge_5 MERGE_DECISION: auth=False phys=True fgok=True lgok=True hgok=True cok=True esok=True cready=True dtm=52.9 past=False committed=False hid=None ra=None lclear=True hyok=True
obu-ramp-merge-3-1     | [26.5] Ramp_Merge_3 MERGE_DECISION: auth=False phys=True fgok=True lgok=True hgok=True cok=True esok=False cready=True dtm=22.1 past=False committed=False hid=101 ra=None lclear=False hyok=False
obu-ramp-merge-4-1     | [26.5] Ramp_Merge_4 MERGE_COMMIT_WAIT_LANE_AVAILABLE: edge=34126779 lane=0 target_lane=1 lane_count=1 executable=False speed=3.83 dtm=37.8
obu-ramp-back-1        | [26.5] Ramp_Back MCM_RX_ACCEPT: from=103 manoeuvre=158 target=112
obu-lead-car-1         | HOST_RESERVATION_EXTEND_UNTIL_CLEAR: host=Lead_Car ramp=110 manoeuvre=96 new_remaining=3.3 ramp_lcs=WAIT_EDGE ramp_edge=34126779
obu-lead-car-1         | HOST_RESERVATION_HOLD: host=Lead_Car ramp=110 manoeuvre=96 remaining=3.3 own_speed=7.50 target_speed=7.50 ramp_fsm=MERGING ramp_lane_cmd_state=WAIT_EDGE ramp_edge=34126779 ramp_lane=0 ramp_merge_completed=False ramp_merge_committed=True
obu-lead-car-1         | [26.6] Lead_Car HOST_HOLD_YIELD: for merge=110 spd=7.50
obu-main-mid-right-1   | HOST_RESERVATION_HOLD: host=Main_Mid_Right ramp=112 manoeuvre=158 remaining=1.9 own_speed=6.86 target_speed=6.50 ramp_fsm=NEGOTIATING ramp_lane_cmd_state=NONE ramp_edge=34126779 ramp_lane=0 ramp_merge_completed=False ramp_merge_committed=False
obu-main-mid-right-1   | [26.6] Main_Mid_Right HOST_HOLD_YIELD: for merge=112 spd=6.50
obu-ramp-back-1        | [26.5] Ramp_Back MCM_RX_ACCEPT: from=103 manoeuvre=158 target=112
obu-lead-car-1         | [26.6] Lead_Car MCM_TX_REJECT: manoeuvre=67 target=109
obu-main-mid-right-1   | [26.6] Main_Mid_Right MCM_TX_ACCEPT: manoeuvre=158 target=112
obu-lead-car-1         | [26.6] Lead_Car MCM_TX_ACCEPT: manoeuvre=96 target=110
obu-lead-car-1         | [26.6] Lead_Car role=host state=YIELDING->YIELDING speed=7.50 target=7.50 neighbors=11
obu-ramp-back-1        | [26.5] Ramp_Back role=merge state=NEGOTIATING->NEGOTIATING speed=6.57 target=6.38 neighbors=11
obu-ramp-merge-3-1     | [26.6] Ramp_Merge_3 FINAL_GUARD: REJECTED slot-boundary ETA sid=104
obu-ramp-merge-3-1     | [26.6] Ramp_Merge_3 MERGE_DECISION: auth=False phys=True fgok=False lgok=False hgok=True cok=True esok=False cready=True dtm=21.7 past=False committed=False hid=101 ra=None lclear=True hyok=False
obu-ramp-merge-3-1     | [26.6] Ramp_Merge_3 CAR_FOLLOW: sid=104 edge=34126779 lane=0 leader_edge= leader_lane=None leader_role_hint=main self_merge_completed=False self_merge_completed_age=-1.0 self_merge_committed=False lane_cmd_state=WAIT_EDGE lane_cmd_edge=34126779 lane_cmd_target=1 lane_cmd_executable=False same_lane=False reason=merge_conflict_eta gap=0.8 follow_spd=4.12 emergency=False target_before=3.675867268442577 target_after=4.1058672684425765
obu-main-back-left-1   | [26.9] Main_Back_Left role=cruise state=CRUISE->CRUISE speed=6.94 target=7.50 neighbors=10
obu-ramp-merge-4-1     | [27.3] Ramp_Merge_4 MCM_RX_ACCEPT: from=101 manoeuvre=96 target=110
obu-ramp-merge-3-1     | [27.3] Ramp_Merge_3 MCM_RX_REJECT: from=101 manoeuvre=67 target=109
obu-main-front-left-1  | [27.4] Main_Front_Left role=cruise state=CRUISE->CRUISE speed=7.50 target=7.50 neighbors=11
obu-main-back-right-1  | [27.3] Main_Back_Right role=lead state=CRUISE->CRUISE speed=6.72 target=7.50 neighbors=11
obu-ramp-merge-5-1     | [27.3] Ramp_Merge_5 MERGE_DECISION: auth=False phys=True fgok=True lgok=True hgok=True cok=True esok=True cready=True dtm=50.2 past=False committed=False hid=None ra=None lclear=True hyok=True
obu-ramp-merge-5-1     | [27.3] Ramp_Merge_5 CAR_FOLLOW: sid=110 edge=34126779 lane=0 leader_edge= leader_lane=None leader_role_hint=ramp self_merge_completed=False self_merge_completed_age=-1.0 self_merge_committed=False lane_cmd_state=None lane_cmd_edge=None lane_cmd_target=None lane_cmd_executable=None same_lane=True reason=same_lane_cam gap=8.3 follow_spd=2.62 emergency=False target_before=3.9079107779526874 target_after=3.477910777952687
obu-ramp-merge-5-1     | [27.3] Ramp_Merge_5 role=merge state=CRUISE->YIELDING speed=3.73 target=3.48 neighbors=11
obu-ramp-back-1        | [27.3] Ramp_Back MCM_RX_ACCEPT: from=103 manoeuvre=158 target=112
obu-ramp-merge-4-1     | [27.4] Ramp_Merge_4 MERGE_COMMIT_WAIT_LANE_AVAILABLE: edge=34126779 lane=0 target_lane=1 lane_count=1 executable=False speed=3.90 dtm=34.4
obu-ramp-merge-4-1     | [27.4] Ramp_Merge_4 role=merge state=MERGING->MERGING speed=3.90 target=4.08 neighbors=11
obu-merge-car-1        | [27.3] Merge_Car role=cruise state=CRUISE->CRUISE speed=7.47 target=7.50 neighbors=11
obu-ramp-merge-3-1     | MERGE_ATTEMPT_TIMELINE: vehicle=Ramp_Merge_3 manoeuvre=68 host=101 lead=102 event=REQUEST_SENT t=27.3 edge=34126779 lane=0 lane_cmd_state=WAIT_EDGE speed=3.98 target=6.75 dtm=19.0 lead_gap=152.12 host_gap=175.46 lead_gap_t1=152.12 lead_gap_t2=152.12 lead_gap_t3=152.12 host_gap_t1=175.46 host_gap_t2=175.46 host_gap_t3=175.46
obu-ramp-merge-3-1     | [27.3] Ramp_Merge_3 MCM_TX_REQUEST: manoeuvre=68 target=101
obu-ramp-merge-3-1     | [27.3] Ramp_Merge_3 MERGE_DECISION: auth=False phys=True fgok=True lgok=True hgok=True cok=True esok=False cready=True dtm=19.0 past=False committed=False hid=101 ra=None lclear=False hyok=True
obu-ramp-merge-3-1     | [27.3] Ramp_Merge_3 role=merge state=NEGOTIATING->NEGOTIATING speed=3.98 target=4.16 neighbors=11
obu-ramp-merge-2-1     | [27.3] Ramp_Merge_2 role=merge state=MERGING->MERGING speed=6.66 target=6.75 neighbors=11
obu-main-mid-right-1   | HOST_RESERVATION_HOLD: host=Main_Mid_Right ramp=112 manoeuvre=158 remaining=1.0 own_speed=6.73 target_speed=6.50 ramp_fsm=NEGOTIATING ramp_lane_cmd_state=NONE ramp_edge=34126779 ramp_lane=0 ramp_merge_completed=False ramp_merge_committed=False
obu-main-mid-right-1   | [27.5] Main_Mid_Right HOST_HOLD_YIELD: for merge=112 spd=6.50
obu-main-mid-right-1   | [27.5] Main_Mid_Right MCM_TX_ACCEPT: manoeuvre=158 target=112
obu-main-mid-right-1   | [27.5] Main_Mid_Right role=host state=YIELDING->YIELDING speed=6.73 target=6.50 neighbors=11
obu-lead-car-1         | HOST_RESERVATION_HOLD: host=Lead_Car ramp=110 manoeuvre=96 remaining=2.4 own_speed=7.50 target_speed=7.50 ramp_fsm=MERGING ramp_lane_cmd_state=WAIT_EDGE ramp_edge=34126779 ramp_lane=0 ramp_merge_completed=False ramp_merge_committed=True
obu-lead-car-1         | [27.5] Lead_Car HOST_HOLD_YIELD: for merge=110 spd=7.50
obu-lead-car-1         | [27.5] Lead_Car MCM_TX_REJECT: manoeuvre=67 target=109
obu-host-car-1         | [27.5] Host_Car role=cruise state=CRUISE->CRUISE speed=7.36 target=7.50 neighbors=11
obu-lead-car-1         | [27.5] Lead_Car MCM_TX_ACCEPT: manoeuvre=96 target=110
obu-main-mid-right-1   | HOST_RESERVATION_HOLD: host=Main_Mid_Right ramp=112 manoeuvre=158 remaining=0.9 own_speed=6.72 target_speed=6.50 ramp_fsm=NEGOTIATING ramp_lane_cmd_state=NONE ramp_edge=34126779 ramp_lane=0 ramp_merge_completed=False ramp_merge_committed=False
obu-main-mid-right-1   | [27.6] Main_Mid_Right HOST_HOLD_YIELD: for merge=112 spd=6.50
obu-lead-car-1         | HOST_RESERVATION_HOLD: host=Lead_Car ramp=110 manoeuvre=96 remaining=2.3 own_speed=7.50 target_speed=7.50 ramp_fsm=MERGING ramp_lane_cmd_state=WAIT_EDGE ramp_edge=34126779 ramp_lane=0 ramp_merge_completed=False ramp_merge_committed=True
obu-lead-car-1         | [27.6] Lead_Car HOST_HOLD_YIELD: for merge=110 spd=7.50
obu-lead-car-1         | [27.6] Lead_Car role=host state=YIELDING->YIELDING speed=7.50 target=7.50 neighbors=11
obu-ramp-back-1        | [27.5] Ramp_Back role=merge state=NEGOTIATING->NEGOTIATING speed=6.49 target=6.38 neighbors=11
traci-bridge-1         | LANE_CMD_WAIT_EDGE veh=Ramp_Merge_3 edge=34126779 lane=0 target=1 lane_count=1
traci-bridge-1         | LANE_CMD_STATE veh=Ramp_Merge_4 edge=34126779 lane=0 target=1 lane_count=1 recently=False speed=3.81
traci-bridge-1         | LANE_CMD_WAIT_EDGE veh=Ramp_Merge_4 edge=34126779 lane=0 target=1 lane_count=1
traci-bridge-1         | LANE_CMD_STATE veh=Ramp_Merge_2 edge=1331698336 lane=0 target=1 lane_count=3 recently=True speed=6.60
traci-bridge-1         | LANE_CMD_STATE veh=Ramp_Merge_3 edge=34126779 lane=0 target=1 lane_count=1 recently=False speed=3.90
traci-bridge-1         | LANE_CMD_WAIT_EDGE veh=Ramp_Merge_3 edge=34126779 lane=0 target=1 lane_count=1
traci-bridge-1         | LANE_CMD_STATE veh=Ramp_Merge_4 edge=34126779 lane=0 target=1 lane_count=1 recently=False speed=3.82
traci-bridge-1         | LANE_CMD_WAIT_EDGE veh=Ramp_Merge_4 edge=34126779 lane=0 target=1 lane_count=1
traci-bridge-1         | LANE_CMD_STATE veh=Ramp_Merge_2 edge=1331698336 lane=0 target=1 lane_count=3 recently=True speed=6.61
traci-bridge-1         | LANE_CMD_STATE veh=Ramp_Merge_3 edge=34126779 lane=0 target=1 lane_count=1 recently=False speed=3.91
traci-bridge-1         | LANE_CMD_WAIT_EDGE veh=Ramp_Merge_3 edge=34126779 lane=0 target=1 lane_count=1
traci-bridge-1         | LANE_CMD_STATE veh=Ramp_Merge_4 edge=34126779 lane=0 target=1 lane_count=1 recently=False speed=3.83
traci-bridge-1         | LANE_CMD_WAIT_EDGE veh=Ramp_Merge_4 edge=34126779 lane=0 target=1 lane_count=1
traci-bridge-1         | LANE_CMD_STATE veh=Ramp_Merge_2 edge=1331698336 lane=0 target=1 lane_count=3 recently=True speed=6.62
traci-bridge-1         | LANE_CMD_STATE veh=Ramp_Merge_3 edge=34126779 lane=0 target=1 lane_count=1 recently=False speed=3.92
traci-bridge-1         | LANE_CMD_WAIT_EDGE veh=Ramp_Merge_3 edge=34126779 lane=0 target=1 lane_count=1
traci-bridge-1         | LANE_CMD_STATE veh=Ramp_Merge_4 edge=34126779 lane=0 target=1 lane_count=1 recently=False speed=3.83
traci-bridge-1         | LANE_CMD_WAIT_EDGE veh=Ramp_Merge_4 edge=34126779 lane=0 target=1 lane_count=1
traci-bridge-1         | LANE_CMD_STATE veh=Ramp_Merge_2 edge=1331698336 lane=0 target=1 lane_count=3 recently=True speed=6.62
traci-bridge-1         | LANE_CMD_STATE veh=Ramp_Merge_3 edge=34126779 lane=0 target=1 lane_count=1 recently=False speed=3.93
traci-bridge-1         | LANE_CMD_WAIT_EDGE veh=Ramp_Merge_3 edge=34126779 lane=0 target=1 lane_count=1
traci-bridge-1         | LANE_CMD_STATE veh=Ramp_Merge_4 edge=34126779 lane=0 target=1 lane_count=1 recently=False speed=3.84
traci-bridge-1         | LANE_CMD_WAIT_EDGE veh=Ramp_Merge_4 edge=34126779 lane=0 target=1 lane_count=1
traci-bridge-1         | LANE_CMD_STATE veh=Ramp_Merge_2 edge=1331698336 lane=0 target=1 lane_count=3 recently=True speed=6.63
traci-bridge-1         | LANE_CMD_STATE veh=Ramp_Merge_3 edge=34126779 lane=0 target=1 lane_count=1 recently=False speed=3.93
traci-bridge-1         | LANE_CMD_WAIT_EDGE veh=Ramp_Merge_3 edge=34126779 lane=0 target=1 lane_count=1
traci-bridge-1         | LANE_CMD_STATE veh=Ramp_Merge_4 edge=34126779 lane=0 target=1 lane_count=1 recently=False speed=3.85
traci-bridge-1         | LANE_CMD_WAIT_EDGE veh=Ramp_Merge_4 edge=34126779 lane=0 target=1 lane_count=1
traci-bridge-1         | LANE_CMD_STATE veh=Ramp_Merge_2 edge=1331698336 lane=0 target=1 lane_count=3 recently=True speed=6.64
traci-bridge-1         | LANE_CMD_STATE veh=Ramp_Merge_3 edge=34126779 lane=0 target=1 lane_count=1 recently=False speed=3.94
traci-bridge-1         | LANE_CMD_WAIT_EDGE veh=Ramp_Merge_3 edge=34126779 lane=0 target=1 lane_count=1
traci-bridge-1         | LANE_CMD_STATE veh=Ramp_Merge_4 edge=34126779 lane=0 target=1 lane_count=1 recently=False speed=3.85
traci-bridge-1         | LANE_CMD_WAIT_EDGE veh=Ramp_Merge_4 edge=34126779 lane=0 target=1 lane_count=1
traci-bridge-1         | LANE_CMD_STATE veh=Ramp_Merge_2 edge=1331698336 lane=0 target=1 lane_count=3 recently=True speed=6.64
traci-bridge-1         | LANE_CMD_STATE veh=Ramp_Merge_3 edge=34126779 lane=0 target=1 lane_count=1 recently=False speed=3.95
traci-bridge-1         | LANE_CMD_WAIT_EDGE veh=Ramp_Merge_3 edge=34126779 lane=0 target=1 lane_count=1
traci-bridge-1         | LANE_CMD_STATE veh=Ramp_Merge_4 edge=34126779 lane=0 target=1 lane_count=1 recently=False speed=3.86
traci-bridge-1         | LANE_CMD_WAIT_EDGE veh=Ramp_Merge_4 edge=34126779 lane=0 target=1 lane_count=1
traci-bridge-1         | LANE_CMD_STATE veh=Ramp_Merge_2 edge=1331698336 lane=0 target=1 lane_count=3 recently=True speed=6.65
traci-bridge-1         | LANE_CMD_STATE veh=Ramp_Merge_3 edge=34126779 lane=0 target=1 lane_count=1 recently=False speed=3.96
traci-bridge-1         | LANE_CMD_WAIT_EDGE veh=Ramp_Merge_3 edge=34126779 lane=0 target=1 lane_count=1
traci-bridge-1         | LANE_CMD_STATE veh=Ramp_Merge_4 edge=34126779 lane=0 target=1 lane_count=1 recently=False speed=3.87
traci-bridge-1         | LANE_CMD_WAIT_EDGE veh=Ramp_Merge_4 edge=34126779 lane=0 target=1 lane_count=1
traci-bridge-1         | LANE_CMD_STATE veh=Ramp_Merge_2 edge=1331698336 lane=0 target=1 lane_count=3 recently=True speed=6.65
traci-bridge-1         | LANE_CMD_STATE veh=Ramp_Merge_3 edge=34126779 lane=0 target=1 lane_count=1 recently=False speed=3.96
traci-bridge-1         | LANE_CMD_WAIT_EDGE veh=Ramp_Merge_3 edge=34126779 lane=0 target=1 lane_count=1
traci-bridge-1         | LANE_CMD_STATE veh=Ramp_Merge_4 edge=34126779 lane=0 target=1 lane_count=1 recently=False speed=3.88
traci-bridge-1         | LANE_CMD_WAIT_EDGE veh=Ramp_Merge_4 edge=34126779 lane=0 target=1 lane_count=1
traci-bridge-1         | LANE_CMD_STATE veh=Ramp_Merge_2 edge=1331698336 lane=0 target=1 lane_count=3 recently=True speed=6.66
traci-bridge-1         | LANE_CMD_STATE veh=Ramp_Merge_3 edge=34126779 lane=0 target=1 lane_count=1 recently=False speed=3.97
traci-bridge-1         | LANE_CMD_WAIT_EDGE veh=Ramp_Merge_3 edge=34126779 lane=0 target=1 lane_count=1
traci-bridge-1         | LANE_CMD_STATE veh=Ramp_Merge_4 edge=34126779 lane=0 target=1 lane_count=1 recently=False speed=3.88
traci-bridge-1         | LANE_CMD_WAIT_EDGE veh=Ramp_Merge_4 edge=34126779 lane=0 target=1 lane_count=1
traci-bridge-1         | LANE_CMD_STATE veh=Ramp_Merge_2 edge=1331698336 lane=0 target=1 lane_count=3 recently=True speed=6.66
traci-bridge-1         | LANE_CMD_STATE veh=Ramp_Merge_3 edge=34126779 lane=0 target=1 lane_count=1 recently=False speed=3.98
traci-bridge-1         | LANE_CMD_WAIT_EDGE veh=Ramp_Merge_3 edge=34126779 lane=0 target=1 lane_count=1
traci-bridge-1         | LANE_CMD_STATE veh=Ramp_Merge_4 edge=34126779 lane=0 target=1 lane_count=1 recently=False speed=3.89
traci-bridge-1         | LANE_CMD_WAIT_EDGE veh=Ramp_Merge_4 edge=34126779 lane=0 target=1 lane_count=1
traci-bridge-1         | LANE_CMD_STATE veh=Ramp_Merge_2 edge=1331698336 lane=0 target=1 lane_count=3 recently=True speed=6.67
traci-bridge-1         | LANE_CMD_STATE veh=Ramp_Merge_3 edge=34126779 lane=0 target=1 lane_count=1 recently=False speed=3.98
traci-bridge-1         | LANE_CMD_WAIT_EDGE veh=Ramp_Merge_3 edge=34126779 lane=0 target=1 lane_count=1
traci-bridge-1         | LANE_CMD_STATE veh=Ramp_Merge_4 edge=34126779 lane=0 target=1 lane_count=1 recently=False speed=3.90
traci-bridge-1         | LANE_CMD_WAIT_EDGE veh=Ramp_Merge_4 edge=34126779 lane=0 target=1 lane_count=1
traci-bridge-1         | LANE_CMD_STATE veh=Ramp_Merge_2 edge=1331698336 lane=0 target=1 lane_count=3 recently=True speed=6.67
traci-bridge-1         | LANE_CMD_STATE veh=Ramp_Merge_3 edge=34126779 lane=0 target=1 lane_count=1 recently=False speed=3.99
traci-bridge-1         | LANE_CMD_WAIT_EDGE veh=Ramp_Merge_3 edge=34126779 lane=0 target=1 lane_count=1
traci-bridge-1         | LANE_CMD_STATE veh=Ramp_Merge_4 edge=34126779 lane=0 target=1 lane_count=1 recently=False speed=3.90
traci-bridge-1         | LANE_CMD_WAIT_EDGE veh=Ramp_Merge_4 edge=34126779 lane=0 target=1 lane_count=1
traci-bridge-1         | LANE_CMD_STATE veh=Ramp_Merge_2 edge=1331698336 lane=0 target=1 lane_count=3 recently=True speed=6.68
traci-bridge-1         | LANE_CMD_STATE veh=Ramp_Merge_3 edge=34126779 lane=0 target=1 lane_count=1 recently=False speed=4.00
traci-bridge-1         | LANE_CMD_WAIT_EDGE veh=Ramp_Merge_3 edge=34126779 lane=0 target=1 lane_count=1
traci-bridge-1         | LANE_CMD_STATE veh=Ramp_Merge_4 edge=34126779 lane=0 target=1 lane_count=1 recently=False speed=3.91
traci-bridge-1         | LANE_CMD_WAIT_EDGE veh=Ramp_Merge_4 edge=34126779 lane=0 target=1 lane_count=1
traci-bridge-1         | LANE_CMD_STATE veh=Ramp_Merge_2 edge=1331698336 lane=0 target=1 lane_count=3 recently=True speed=6.68
traci-bridge-1         | LANE_CMD_STATE veh=Ramp_Merge_3 edge=34126779 lane=0 target=1 lane_count=1 recently=False speed=4.01
traci-bridge-1         | LANE_CMD_WAIT_EDGE veh=Ramp_Merge_3 edge=34126779 lane=0 target=1 lane_count=1
traci-bridge-1         | LANE_CMD_STATE veh=Ramp_Merge_4 edge=34126779 lane=0 target=1 lane_count=1 recently=False speed=3.92
traci-bridge-1         | LANE_CMD_WAIT_EDGE veh=Ramp_Merge_4 edge=34126779 lane=0 target=1 lane_count=1
traci-bridge-1         | LANE_CMD_STATE veh=Ramp_Merge_2 edge=1331698336 lane=0 target=1 lane_count=3 recently=True speed=6.68
traci-bridge-1         | LANE_CMD_STATE veh=Ramp_Merge_3 edge=34126779 lane=0 target=1 lane_count=1 recently=False speed=4.01
traci-bridge-1         | LANE_CMD_WAIT_EDGE veh=Ramp_Merge_3 edge=34126779 lane=0 target=1 lane_count=1
traci-bridge-1         | LANE_CMD_STATE veh=Ramp_Merge_4 edge=34126779 lane=0 target=1 lane_count=1 recently=False speed=3.93
traci-bridge-1         | LANE_CMD_WAIT_EDGE veh=Ramp_Merge_4 edge=34126779 lane=0 target=1 lane_count=1
traci-bridge-1         | LANE_CMD_STATE veh=Ramp_Merge_2 edge=1331698336 lane=0 target=1 lane_count=3 recently=True speed=6.69
traci-bridge-1         | LANE_CMD_STATE veh=Ramp_Merge_3 edge=34126779 lane=0 target=1 lane_count=1 recently=False speed=4.02
traci-bridge-1         | LANE_CMD_WAIT_EDGE veh=Ramp_Merge_3 edge=34126779 lane=0 target=1 lane_count=1
traci-bridge-1         | LANE_CMD_STATE veh=Ramp_Merge_4 edge=34126779 lane=0 target=1 lane_count=1 recently=False speed=3.93
traci-bridge-1         | LANE_CMD_WAIT_EDGE veh=Ramp_Merge_4 edge=34126779 lane=0 target=1 lane_count=1
obu-ramp-merge-4-1     | [27.9] Ramp_Merge_4 MCM_RX_ACCEPT: from=101 manoeuvre=96 target=110
obu-lead-car-1         | [28.0] Lead_Car MCM_RX_REQUEST: from=109 manoeuvre=68 target=101
obu-ramp-back-1        | [27.9] Ramp_Back MCM_RX_ACCEPT: from=103 manoeuvre=158 target=112
obu-ramp-merge-3-1     | [27.9] Ramp_Merge_3 MCM_RX_REJECT: from=101 manoeuvre=67 target=109
obu-ramp-merge-5-1     | [27.9] Ramp_Merge_5 MERGE_DECISION: auth=False phys=True fgok=True lgok=True hgok=True cok=True esok=True cready=True dtm=48.1 past=False committed=False hid=None ra=None lclear=True hyok=True
obu-ramp-merge-4-1     | [27.9] Ramp_Merge_4 MERGE_COMMIT_WAIT_LANE_AVAILABLE: edge=34126779 lane=0 target_lane=1 lane_count=1 executable=False speed=3.93 dtm=32.5
obu-ramp-merge-3-1     | [28.0] Ramp_Merge_3 MCM_TX_REQUEST: manoeuvre=68 target=101
obu-ramp-merge-3-1     | [28.0] Ramp_Merge_3 MCM_ACCEPT_WRONG_MANOEUVRE: host=101 got=67 expected=68
obu-ramp-merge-3-1     | [28.0] Ramp_Merge_3 MERGE_DECISION: auth=False phys=True fgok=True lgok=True hgok=True cok=True esok=False cready=True dtm=16.1 past=False committed=False hid=101 ra=None lclear=False hyok=True
obu-main-mid-right-1   | HOST_RESERVATION_HOLD: host=Main_Mid_Right ramp=112 manoeuvre=158 remaining=0.5 own_speed=6.68 target_speed=6.50 ramp_fsm=NEGOTIATING ramp_lane_cmd_state=NONE ramp_edge=34126779 ramp_lane=0 ramp_merge_completed=False ramp_merge_committed=False
obu-main-mid-right-1   | [28.0] Main_Mid_Right HOST_HOLD_YIELD: for merge=112 spd=6.50
obu-lead-car-1         | HOST_RESERVATION_HOLD: host=Lead_Car ramp=110 manoeuvre=96 remaining=1.9 own_speed=7.50 target_speed=7.50 ramp_fsm=MERGING ramp_lane_cmd_state=WAIT_EDGE ramp_edge=34126779 ramp_lane=0 ramp_merge_completed=False ramp_merge_committed=True
obu-lead-car-1         | [28.0] Lead_Car HOST_HOLD_YIELD: for merge=110 spd=7.50
obu-main-mid-right-1   | [28.0] Main_Mid_Right MCM_TX_ACCEPT: manoeuvre=158 target=112
obu-lead-car-1         | [28.0] Lead_Car MCM_TX_REJECT: manoeuvre=68 target=109
obu-lead-car-1         | [28.0] Lead_Car MCM_TX_ACCEPT: manoeuvre=96 target=110
obu-main-back-left-1   | [28.0] Main_Back_Left role=cruise state=CRUISE->CRUISE speed=7.09 target=7.50 neighbors=10
obu-ramp-merge-5-1     | MERGE_ATTEMPT_TIMELINE: vehicle=Ramp_Merge_5 manoeuvre=129 host=102 lead=None event=REQUEST_SENT t=28.0 edge=34126779 lane=0 lane_cmd_state=NONE speed=3.68 target=6.75 dtm=47.7 lead_gap= host_gap=133.48 lead_gap_t1= lead_gap_t2= lead_gap_t3= host_gap_t1=133.48 host_gap_t2=133.48 host_gap_t3=133.48
obu-ramp-merge-5-1     | [28.0] Ramp_Merge_5 MCM_TX_REQUEST: manoeuvre=129 target=102
obu-ramp-merge-5-1     | [28.0] Ramp_Merge_5 MERGE_DECISION: auth=False phys=True fgok=True lgok=True hgok=True cok=True esok=True cready=True dtm=47.7 past=False committed=False hid=102 ra=None lclear=True hyok=True
obu-ramp-merge-5-1     | [28.0] Ramp_Merge_5 CAR_FOLLOW: sid=110 edge=34126779 lane=0 leader_edge= leader_lane=None leader_role_hint=ramp self_merge_completed=False self_merge_completed_age=-1.0 self_merge_committed=False lane_cmd_state=None lane_cmd_edge=None lane_cmd_target=None lane_cmd_executable=None same_lane=True reason=same_lane_cam gap=9.2 follow_spd=2.78 emergency=False target_before=3.860509362389373 target_after=3.430509362389373
obu-ramp-merge-4-1     | [28.0] Ramp_Merge_4 MERGE_COMMIT_WAIT_LANE_AVAILABLE: edge=34126779 lane=0 target_lane=1 lane_count=1 executable=False speed=3.94 dtm=32.1
obu-ramp-merge-3-1     | [28.1] Ramp_Merge_3 MCM_ACCEPT_WRONG_MANOEUVRE: host=101 got=67 expected=68
obu-ramp-merge-3-1     | [28.1] Ramp_Merge_3 MERGE_DECISION: auth=False phys=True fgok=True lgok=True hgok=True cok=True esok=False cready=True dtm=15.7 past=False committed=False hid=101 ra=None lclear=False hyok=True
obu-main-mid-right-1   | HOST_RESERVATION_HOLD: host=Main_Mid_Right ramp=112 manoeuvre=158 remaining=0.3 own_speed=6.66 target_speed=6.50 ramp_fsm=NEGOTIATING ramp_lane_cmd_state=NONE ramp_edge=34126779 ramp_lane=0 ramp_merge_completed=False ramp_merge_committed=False
obu-main-mid-right-1   | [28.2] Main_Mid_Right HOST_HOLD_YIELD: for merge=112 spd=6.50
obu-lead-car-1         | HOST_RESERVATION_HOLD: host=Lead_Car ramp=110 manoeuvre=96 remaining=1.7 own_speed=7.50 target_speed=7.50 ramp_fsm=MERGING ramp_lane_cmd_state=WAIT_EDGE ramp_edge=34126779 ramp_lane=0 ramp_merge_completed=False ramp_merge_committed=True
obu-lead-car-1         | [28.2] Lead_Car HOST_HOLD_YIELD: for merge=110 spd=7.50
obu-ramp-merge-5-1     | [28.2] Ramp_Merge_5 MERGE_DECISION: auth=False phys=True fgok=True lgok=True hgok=True cok=True esok=True cready=True dtm=47.0 past=False committed=False hid=102 ra=None lclear=True hyok=True
obu-ramp-merge-5-1     | [28.2] Ramp_Merge_5 CAR_FOLLOW: sid=110 edge=34126779 lane=0 leader_edge= leader_lane=None leader_role_hint=ramp self_merge_completed=False self_merge_completed_age=-1.0 self_merge_committed=False lane_cmd_state=None lane_cmd_edge=None lane_cmd_target=None lane_cmd_executable=None same_lane=True reason=same_lane_cam gap=8.5 follow_spd=2.62 emergency=False target_before=3.860419083798201 target_after=3.430419083798201
obu-merge-car-1        | [28.4] Merge_Car role=cruise state=CRUISE->CRUISE speed=7.49 target=7.50 neighbors=11
obu-ramp-merge-4-1     | [28.3] Ramp_Merge_4 MERGE_COMMIT_WAIT_LANE_AVAILABLE: edge=34126779 lane=0 target_lane=1 lane_count=1 executable=False speed=3.96 dtm=31.0
obu-ramp-merge-4-1     | MERGE_ATTEMPT_TIMELINE: vehicle=Ramp_Merge_4 manoeuvre=96 host=101 lead=106 event=TIMEOUT t=28.3 edge=34126779 lane=0 lane_cmd_state=WAIT_EDGE speed=3.96 target=4.14 dtm=31.0 lead_gap=28.52 host_gap=162.90 lead_gap_t1=28.52 lead_gap_t2=28.52 lead_gap_t3=28.52 host_gap_t1=162.90 host_gap_t2=162.90 host_gap_t3=162.90
obu-ramp-merge-4-1     | [28.3] Ramp_Merge_4 MERGE_COMMIT_TIMEOUT
obu-ramp-merge-3-1     | [28.3] Ramp_Merge_3 MCM_TX_REQUEST: manoeuvre=68 target=101
obu-ramp-merge-3-1     | [28.3] Ramp_Merge_3 MCM_ACCEPT_WRONG_MANOEUVRE: host=101 got=67 expected=68
obu-ramp-merge-2-1     | [28.3] Ramp_Merge_2 role=merge state=MERGING->MERGING speed=6.70 target=6.75 neighbors=11
obu-ramp-merge-3-1     | [28.3] Ramp_Merge_3 MERGE_DECISION: auth=False phys=True fgok=True lgok=True hgok=True cok=True esok=False cready=True dtm=14.9 past=False committed=False hid=101 ra=None lclear=False hyok=True
obu-ramp-merge-3-1     | [28.3] Ramp_Merge_3 role=merge state=NEGOTIATING->NEGOTIATING speed=4.05 target=4.23 neighbors=11
obu-main-mid-right-1   | HOST_RESERVATION_HOLD: host=Main_Mid_Right ramp=112 manoeuvre=158 remaining=0.1 own_speed=6.64 target_speed=6.50 ramp_fsm=NEGOTIATING ramp_lane_cmd_state=NONE ramp_edge=34126779 ramp_lane=0 ramp_merge_completed=False ramp_merge_committed=False
obu-main-mid-right-1   | [28.4] Main_Mid_Right HOST_HOLD_YIELD: for merge=112 spd=6.50
obu-main-mid-right-1   | [28.4] Main_Mid_Right MCM_TX_ACCEPT: manoeuvre=158 target=112
obu-lead-car-1         | HOST_RESERVATION_HOLD: host=Lead_Car ramp=110 manoeuvre=96 remaining=1.5 own_speed=7.50 target_speed=7.50 ramp_fsm=MERGING ramp_lane_cmd_state=WAIT_EDGE ramp_edge=34126779 ramp_lane=0 ramp_merge_completed=False ramp_merge_committed=True
obu-lead-car-1         | [28.4] Lead_Car HOST_HOLD_YIELD: for merge=110 spd=7.50
obu-lead-car-1         | [28.4] Lead_Car MCM_TX_REJECT: manoeuvre=68 target=109
obu-lead-car-1         | [28.5] Lead_Car MCM_TX_ACCEPT: manoeuvre=96 target=110
obu-lead-car-1         | [28.5] Lead_Car MCM_RX_REQUEST: from=109 manoeuvre=68 target=101
obu-ramp-merge-4-1     | [28.4] Ramp_Merge_4 MCM_RX_ACCEPT: from=101 manoeuvre=96 target=110
obu-ramp-merge-3-1     | [28.4] Ramp_Merge_3 MCM_RX_REJECT: from=101 manoeuvre=68 target=109
obu-main-back-right-1  | [28.5] Main_Back_Right role=cruise state=CRUISE->CRUISE speed=6.86 target=7.50 neighbors=11
obu-main-front-left-1  | [28.5] Main_Front_Left role=cruise state=CRUISE->CRUISE speed=7.50 target=7.50 neighbors=11
obu-ramp-merge-3-1     | [28.4] Ramp_Merge_3 MCM_RX_REJECT: from=101 manoeuvre=68 target=109
obu-ramp-back-1        | [28.4] Ramp_Back MCM_RX_ACCEPT: from=103 manoeuvre=158 target=112
obu-ramp-back-1        | [28.4] Ramp_Back MCM_RX_ACCEPT: from=103 manoeuvre=158 target=112
obu-main-front-left-1  | [28.5] Main_Front_Left MCM_RX_REQUEST: from=111 manoeuvre=129 target=102
obu-ramp-merge-5-1     | [28.4] Ramp_Merge_5 MCM_TX_REQUEST: manoeuvre=129 target=102
obu-ramp-merge-5-1     | [28.4] Ramp_Merge_5 MERGE_DECISION: auth=False phys=True fgok=True lgok=True hgok=True cok=True esok=True cready=True dtm=46.3 past=False committed=False hid=102 ra=None lclear=True hyok=True
obu-ramp-merge-5-1     | [28.4] Ramp_Merge_5 role=merge state=NEGOTIATING->NEGOTIATING speed=3.68 target=3.86 neighbors=11
obu-host-car-1         | [28.5] Host_Car role=cruise state=CRUISE->CRUISE speed=7.42 target=7.50 neighbors=11
obu-main-mid-right-1   | [28.5] Main_Mid_Right role=cruise state=YIELDING->CRUISE speed=6.64 target=7.50 neighbors=11
obu-lead-car-1         | HOST_RESERVATION_HOLD: host=Lead_Car ramp=110 manoeuvre=96 remaining=1.4 own_speed=7.50 target_speed=7.50 ramp_fsm=NEGOTIATING ramp_lane_cmd_state=WAIT_EDGE ramp_edge=34126779 ramp_lane=0 ramp_merge_completed=False ramp_merge_committed=False
obu-lead-car-1         | [28.5] Lead_Car HOST_HOLD_YIELD: for merge=110 spd=7.50
obu-lead-car-1         | [28.5] Lead_Car MCM_RX_REQUEST: from=109 manoeuvre=68 target=101
obu-lead-car-1         | HOST_RESERVATION_HOLD: host=Lead_Car ramp=110 manoeuvre=96 remaining=1.3 own_speed=7.50 target_speed=7.50 ramp_fsm=NEGOTIATING ramp_lane_cmd_state=WAIT_EDGE ramp_edge=34126779 ramp_lane=0 ramp_merge_completed=False ramp_merge_committed=False
obu-lead-car-1         | [28.6] Lead_Car HOST_HOLD_YIELD: for merge=110 spd=7.50
obu-lead-car-1         | [28.6] Lead_Car role=host state=YIELDING->YIELDING speed=7.50 target=7.50 neighbors=11
obu-ramp-back-1        | [28.5] Ramp_Back role=merge state=NEGOTIATING->NEGOTIATING speed=5.75 target=5.75 neighbors=11
obu-lead-car-1         | HOST_RESERVATION_HOLD: host=Lead_Car ramp=110 manoeuvre=96 remaining=0.9 own_speed=7.50 target_speed=7.50 ramp_fsm=NEGOTIATING ramp_lane_cmd_state=WAIT_EDGE ramp_edge=34126779 ramp_lane=0 ramp_merge_completed=False ramp_merge_committed=False
obu-lead-car-1         | [29.0] Lead_Car HOST_HOLD_YIELD: for merge=110 spd=7.50
obu-lead-car-1         | [29.0] Lead_Car MCM_TX_REJECT: manoeuvre=68 target=109
obu-lead-car-1         | [29.0] Lead_Car MCM_TX_ACCEPT: manoeuvre=96 target=110
obu-ramp-merge-4-1     | [28.4] Ramp_Merge_4 MCM_RX_ACCEPT: from=101 manoeuvre=96 target=110
obu-ramp-merge-3-1     | [29.1] Ramp_Merge_3 MCM_RX_REJECT: from=101 manoeuvre=68 target=109
obu-ramp-merge-4-1     | [29.1] Ramp_Merge_4 MCM_RX_ACCEPT: from=101 manoeuvre=96 target=110
obu-ramp-merge-4-1     | MERGE_ATTEMPT_TIMELINE: vehicle=Ramp_Merge_4 manoeuvre=97 host=101 lead=106 event=REQUEST_SENT t=29.1 edge=34126779 lane=0 lane_cmd_state=WAIT_EDGE speed=4.02 target=6.75 dtm=27.8 lead_gap=32.47 host_gap=175.13 lead_gap_t1=32.47 lead_gap_t2=32.47 lead_gap_t3=32.47 host_gap_t1=175.13 host_gap_t2=175.13 host_gap_t3=175.13
obu-ramp-merge-4-1     | [29.1] Ramp_Merge_4 MCM_TX_REQUEST: manoeuvre=97 target=101
obu-ramp-merge-4-1     | [29.1] Ramp_Merge_4 MERGE_DECISION: auth=False phys=True fgok=True lgok=True hgok=True cok=True esok=False cready=True dtm=27.8 past=False committed=False hid=101 ra=None lclear=True hyok=True
obu-ramp-merge-4-1     | [29.1] Ramp_Merge_4 role=merge state=NEGOTIATING->NEGOTIATING speed=4.02 target=4.20 neighbors=11
obu-main-front-left-1  | [29.2] Main_Front_Left MCM_RX_REQUEST: from=111 manoeuvre=129 target=102
obu-ramp-merge-3-1     | [29.2] Ramp_Merge_3 MCM_TX_REQUEST: manoeuvre=68 target=101
obu-ramp-merge-3-1     | [29.2] Ramp_Merge_3 MCM_REJECT: host=101 manoeuvre=68
obu-ramp-merge-3-1     | [29.2] Ramp_Merge_3 FINAL_GUARD: REJECTED slot-boundary ETA sid=106
obu-lead-car-1         | HOST_RESERVATION_HOLD: host=Lead_Car ramp=110 manoeuvre=96 remaining=0.8 own_speed=7.50 target_speed=7.50 ramp_fsm=NEGOTIATING ramp_lane_cmd_state=WAIT_EDGE ramp_edge=34126779 ramp_lane=0 ramp_merge_completed=False ramp_merge_committed=False
obu-lead-car-1         | [29.1] Lead_Car HOST_HOLD_YIELD: for merge=110 spd=7.50
obu-main-front-left-1  | HOST_RESERVATION_START: host=Main_Front_Left ramp=111 manoeuvre=129 until=33.3 own_speed=7.50 target_speed=7.50 required_speed=7.50 gap_eta=10.16
obu-main-front-left-1  | [29.3] Main_Front_Left HOST_RESERVED: merge=111 manoeuvre=129 until=33.3 target_spd=7.50
obu-main-front-left-1  | [29.3] Main_Front_Left MCM_TX_ACCEPT: manoeuvre=129 target=111
obu-ramp-merge-5-1     | [29.2] Ramp_Merge_5 MCM_TX_REQUEST: manoeuvre=129 target=102
obu-ramp-merge-5-1     | [29.2] Ramp_Merge_5 MERGE_DECISION: auth=False phys=True fgok=True lgok=True hgok=True cok=True esok=True cready=True dtm=43.6 past=False committed=False hid=102 ra=None lclear=True hyok=True
obu-ramp-merge-5-1     | [29.2] Ramp_Merge_5 CAR_FOLLOW: sid=110 edge=34126779 lane=0 leader_edge= leader_lane=None leader_role_hint=ramp self_merge_completed=False self_merge_completed_age=-1.0 self_merge_committed=False lane_cmd_state=None lane_cmd_edge=None lane_cmd_target=None lane_cmd_executable=None same_lane=True reason=same_lane_cam gap=7.1 follow_spd=2.62 emergency=False target_before=3.886996147335468 target_after=3.456996147335468
obu-lead-car-1         | HOST_RESERVATION_HOLD: host=Lead_Car ramp=110 manoeuvre=96 remaining=0.4 own_speed=7.50 target_speed=7.50 ramp_fsm=NEGOTIATING ramp_lane_cmd_state=WAIT_EDGE ramp_edge=34126779 ramp_lane=0 ramp_merge_completed=False ramp_merge_committed=False
obu-lead-car-1         | [29.5] Lead_Car HOST_HOLD_YIELD: for merge=110 spd=7.50
obu-lead-car-1         | [29.5] Lead_Car MCM_TX_REJECT: manoeuvre=68 target=109
obu-lead-car-1         | [29.5] Lead_Car MCM_TX_ACCEPT: manoeuvre=96 target=110
obu-ramp-back-1        | [29.4] Ramp_Back CAR_FOLLOW: sid=111 edge=34126779 lane=0 leader_edge= leader_lane=None leader_role_hint=ramp self_merge_completed=False self_merge_completed_age=-1.0 self_merge_committed=False lane_cmd_state=None lane_cmd_edge=None lane_cmd_target=None lane_cmd_executable=None same_lane=True reason=same_lane_cam gap=7.7 follow_spd=2.62 emergency=False target_before=4.257408396690531 target_after=4.007408396690531
obu-ramp-merge-5-1     | [29.3] Ramp_Merge_5 MERGE_DECISION: auth=False phys=True fgok=True lgok=True hgok=True cok=True esok=True cready=True dtm=43.2 past=False committed=False hid=102 ra=None lclear=True hyok=True
obu-ramp-merge-5-1     | [29.3] Ramp_Merge_5 CAR_FOLLOW: sid=110 edge=34126779 lane=0 leader_edge= leader_lane=None leader_role_hint=ramp self_merge_completed=False self_merge_completed_age=-1.0 self_merge_committed=False lane_cmd_state=None lane_cmd_edge=None lane_cmd_target=None lane_cmd_executable=None same_lane=True reason=same_lane_cam gap=6.8 follow_spd=2.62 emergency=False target_before=3.8944955590897914 target_after=3.4644955590897912
traci-bridge-1         | LANE_CMD_STATE veh=Ramp_Merge_2 edge=1331698336 lane=0 target=1 lane_count=3 recently=True speed=6.69
traci-bridge-1         | LANE_CMD_STATE veh=Ramp_Merge_3 edge=34126779 lane=0 target=1 lane_count=1 recently=False speed=4.03
traci-bridge-1         | LANE_CMD_WAIT_EDGE veh=Ramp_Merge_3 edge=34126779 lane=0 target=1 lane_count=1
traci-bridge-1         | LANE_CMD_STATE veh=Ramp_Merge_4 edge=34126779 lane=0 target=1 lane_count=1 recently=False speed=3.94
traci-bridge-1         | LANE_CMD_WAIT_EDGE veh=Ramp_Merge_4 edge=34126779 lane=0 target=1 lane_count=1
traci-bridge-1         | LANE_CMD_STATE veh=Ramp_Merge_2 edge=1331698336 lane=0 target=1 lane_count=3 recently=True speed=6.69
traci-bridge-1         | LANE_CMD_STATE veh=Ramp_Merge_3 edge=34126779 lane=0 target=1 lane_count=1 recently=False speed=4.04
traci-bridge-1         | LANE_CMD_WAIT_EDGE veh=Ramp_Merge_3 edge=34126779 lane=0 target=1 lane_count=1
traci-bridge-1         | LANE_CMD_STATE veh=Ramp_Merge_4 edge=34126779 lane=0 target=1 lane_count=1 recently=False speed=3.95
traci-bridge-1         | LANE_CMD_WAIT_EDGE veh=Ramp_Merge_4 edge=34126779 lane=0 target=1 lane_count=1
traci-bridge-1         | LANE_CMD_STATE veh=Ramp_Merge_2 edge=1331698336 lane=0 target=1 lane_count=3 recently=True speed=6.69
traci-bridge-1         | LANE_CMD_STATE veh=Ramp_Merge_3 edge=34126779 lane=0 target=1 lane_count=1 recently=False speed=4.04
traci-bridge-1         | LANE_CMD_WAIT_EDGE veh=Ramp_Merge_3 edge=34126779 lane=0 target=1 lane_count=1
traci-bridge-1         | LANE_CMD_STATE veh=Ramp_Merge_4 edge=34126779 lane=0 target=1 lane_count=1 recently=False speed=3.96
traci-bridge-1         | LANE_CMD_WAIT_EDGE veh=Ramp_Merge_4 edge=34126779 lane=0 target=1 lane_count=1
traci-bridge-1         | LANE_CMD_STATE veh=Ramp_Merge_2 edge=1331698336 lane=0 target=1 lane_count=3 recently=True speed=6.70
traci-bridge-1         | LANE_CMD_STATE veh=Ramp_Merge_3 edge=34126779 lane=0 target=1 lane_count=1 recently=False speed=4.05
traci-bridge-1         | LANE_CMD_WAIT_EDGE veh=Ramp_Merge_3 edge=34126779 lane=0 target=1 lane_count=1
traci-bridge-1         | LANE_CMD_STATE veh=Ramp_Merge_4 edge=34126779 lane=0 target=1 lane_count=1 recently=False speed=3.96
traci-bridge-1         | LANE_CMD_WAIT_EDGE veh=Ramp_Merge_4 edge=34126779 lane=0 target=1 lane_count=1
traci-bridge-1         | LANE_CMD_STATE veh=Ramp_Merge_2 edge=1331698336 lane=0 target=1 lane_count=3 recently=True speed=6.70
traci-bridge-1         | LANE_CMD_STATE veh=Ramp_Merge_3 edge=34126779 lane=0 target=1 lane_count=1 recently=False speed=4.06
traci-bridge-1         | LANE_CMD_WAIT_EDGE veh=Ramp_Merge_3 edge=34126779 lane=0 target=1 lane_count=1
traci-bridge-1         | LANE_CMD_STATE veh=Ramp_Merge_4 edge=34126779 lane=0 target=1 lane_count=1 recently=False speed=3.97
traci-bridge-1         | LANE_CMD_WAIT_EDGE veh=Ramp_Merge_4 edge=34126779 lane=0 target=1 lane_count=1
traci-bridge-1         | LANE_CMD_STATE veh=Ramp_Merge_2 edge=1331698336 lane=0 target=1 lane_count=3 recently=True speed=6.70
traci-bridge-1         | LANE_CMD_STATE veh=Ramp_Merge_3 edge=34126779 lane=0 target=1 lane_count=1 recently=False speed=4.07
traci-bridge-1         | LANE_CMD_WAIT_EDGE veh=Ramp_Merge_3 edge=34126779 lane=0 target=1 lane_count=1
traci-bridge-1         | LANE_CMD_STATE veh=Ramp_Merge_4 edge=34126779 lane=0 target=1 lane_count=1 recently=False speed=3.98
traci-bridge-1         | LANE_CMD_WAIT_EDGE veh=Ramp_Merge_4 edge=34126779 lane=0 target=1 lane_count=1
traci-bridge-1         | LANE_CMD_STATE veh=Ramp_Merge_2 edge=1331698336 lane=0 target=1 lane_count=3 recently=True speed=6.71
traci-bridge-1         | LANE_CMD_STATE veh=Ramp_Merge_3 edge=34126779 lane=0 target=1 lane_count=1 recently=False speed=4.07
traci-bridge-1         | LANE_CMD_WAIT_EDGE veh=Ramp_Merge_3 edge=34126779 lane=0 target=1 lane_count=1
traci-bridge-1         | LANE_CMD_STATE veh=Ramp_Merge_4 edge=34126779 lane=0 target=1 lane_count=1 recently=False speed=3.99
traci-bridge-1         | LANE_CMD_WAIT_EDGE veh=Ramp_Merge_4 edge=34126779 lane=0 target=1 lane_count=1
traci-bridge-1         | LANE_CMD_STATE veh=Ramp_Merge_2 edge=1331698336 lane=0 target=1 lane_count=3 recently=True speed=6.71
traci-bridge-1         | LANE_CMD_STATE veh=Ramp_Merge_3 edge=34126779 lane=0 target=1 lane_count=1 recently=False speed=4.08
traci-bridge-1         | LANE_CMD_WAIT_EDGE veh=Ramp_Merge_3 edge=34126779 lane=0 target=1 lane_count=1
traci-bridge-1         | LANE_CMD_STATE veh=Ramp_Merge_4 edge=34126779 lane=0 target=1 lane_count=1 recently=False speed=4.00
traci-bridge-1         | LANE_CMD_WAIT_EDGE veh=Ramp_Merge_4 edge=34126779 lane=0 target=1 lane_count=1
traci-bridge-1         | LANE_CMD_STATE veh=Ramp_Merge_2 edge=1331698336 lane=0 target=1 lane_count=3 recently=True speed=6.71
traci-bridge-1         | LANE_CMD_STATE veh=Ramp_Merge_3 edge=34126779 lane=0 target=1 lane_count=1 recently=False speed=4.09
traci-bridge-1         | LANE_CMD_WAIT_EDGE veh=Ramp_Merge_3 edge=34126779 lane=0 target=1 lane_count=1
traci-bridge-1         | LANE_CMD_STATE veh=Ramp_Merge_4 edge=34126779 lane=0 target=1 lane_count=1 recently=False speed=4.00
traci-bridge-1         | LANE_CMD_WAIT_EDGE veh=Ramp_Merge_4 edge=34126779 lane=0 target=1 lane_count=1
traci-bridge-1         | LANE_CMD_STATE veh=Ramp_Merge_2 edge=1331698336 lane=0 target=1 lane_count=3 recently=True speed=6.71
traci-bridge-1         | LANE_CMD_STATE veh=Ramp_Merge_3 edge=34126779 lane=0 target=1 lane_count=1 recently=False speed=4.10
traci-bridge-1         | LANE_CMD_WAIT_EDGE veh=Ramp_Merge_3 edge=34126779 lane=0 target=1 lane_count=1
traci-bridge-1         | LANE_CMD_STATE veh=Ramp_Merge_4 edge=34126779 lane=0 target=1 lane_count=1 recently=False speed=4.01
traci-bridge-1         | LANE_CMD_WAIT_EDGE veh=Ramp_Merge_4 edge=34126779 lane=0 target=1 lane_count=1
traci-bridge-1         | LANE_CMD_STATE veh=Ramp_Merge_2 edge=1331698336 lane=0 target=1 lane_count=3 recently=True speed=6.71
traci-bridge-1         | LANE_CMD_STATE veh=Ramp_Merge_3 edge=34126779 lane=0 target=1 lane_count=1 recently=False speed=4.10
traci-bridge-1         | LANE_CMD_WAIT_EDGE veh=Ramp_Merge_3 edge=34126779 lane=0 target=1 lane_count=1
traci-bridge-1         | LANE_CMD_STATE veh=Ramp_Merge_4 edge=34126779 lane=0 target=1 lane_count=1 recently=False speed=4.02
traci-bridge-1         | LANE_CMD_WAIT_EDGE veh=Ramp_Merge_4 edge=34126779 lane=0 target=1 lane_count=1
traci-bridge-1         | LANE_CMD_STATE veh=Ramp_Merge_2 edge=1331698336 lane=0 target=1 lane_count=3 recently=True speed=6.72
traci-bridge-1         | LANE_CMD_STATE veh=Ramp_Merge_3 edge=34126779 lane=0 target=1 lane_count=1 recently=False speed=4.11
traci-bridge-1         | LANE_CMD_WAIT_EDGE veh=Ramp_Merge_3 edge=34126779 lane=0 target=1 lane_count=1
traci-bridge-1         | LANE_CMD_STATE veh=Ramp_Merge_4 edge=34126779 lane=0 target=1 lane_count=1 recently=False speed=4.02
traci-bridge-1         | LANE_CMD_WAIT_EDGE veh=Ramp_Merge_4 edge=34126779 lane=0 target=1 lane_count=1
traci-bridge-1         | LANE_CMD_STATE veh=Ramp_Merge_2 edge=1331698336 lane=0 target=1 lane_count=3 recently=True speed=6.72
traci-bridge-1         | LANE_CMD_STATE veh=Ramp_Merge_3 edge=34126779 lane=0 target=1 lane_count=1 recently=False speed=4.12
traci-bridge-1         | LANE_CMD_WAIT_EDGE veh=Ramp_Merge_3 edge=34126779 lane=0 target=1 lane_count=1
traci-bridge-1         | LANE_CMD_STATE veh=Ramp_Merge_4 edge=34126779 lane=0 target=1 lane_count=1 recently=False speed=4.03
traci-bridge-1         | LANE_CMD_WAIT_EDGE veh=Ramp_Merge_4 edge=34126779 lane=0 target=1 lane_count=1
traci-bridge-1         | LANE_CMD_STATE veh=Ramp_Merge_2 edge=1331698336 lane=0 target=1 lane_count=3 recently=True speed=6.72
traci-bridge-1         | LANE_CMD_STATE veh=Ramp_Merge_3 edge=34126779 lane=0 target=1 lane_count=1 recently=False speed=4.12
traci-bridge-1         | LANE_CMD_WAIT_EDGE veh=Ramp_Merge_3 edge=34126779 lane=0 target=1 lane_count=1
traci-bridge-1         | LANE_CMD_STATE veh=Ramp_Merge_4 edge=34126779 lane=0 target=1 lane_count=1 recently=False speed=4.04
traci-bridge-1         | LANE_CMD_WAIT_EDGE veh=Ramp_Merge_4 edge=34126779 lane=0 target=1 lane_count=1
traci-bridge-1         | LANE_CMD_STATE veh=Ramp_Merge_2 edge=1331698336 lane=0 target=1 lane_count=3 recently=True speed=6.72
traci-bridge-1         | LANE_CMD_STATE veh=Ramp_Merge_3 edge=34126779 lane=0 target=1 lane_count=1 recently=False speed=4.13
traci-bridge-1         | LANE_CMD_WAIT_EDGE veh=Ramp_Merge_3 edge=34126779 lane=0 target=1 lane_count=1
traci-bridge-1         | LANE_CMD_STATE veh=Ramp_Merge_4 edge=34126779 lane=0 target=1 lane_count=1 recently=False speed=4.04
traci-bridge-1         | LANE_CMD_WAIT_EDGE veh=Ramp_Merge_4 edge=34126779 lane=0 target=1 lane_count=1
traci-bridge-1         | LANE_CMD_STATE veh=Ramp_Merge_2 edge=1331698336 lane=0 target=1 lane_count=3 recently=True speed=6.72
traci-bridge-1         | LANE_CMD_STATE veh=Ramp_Merge_3 edge=34126779 lane=0 target=1 lane_count=1 recently=False speed=4.14
traci-bridge-1         | LANE_CMD_WAIT_EDGE veh=Ramp_Merge_3 edge=34126779 lane=0 target=1 lane_count=1
traci-bridge-1         | LANE_CMD_STATE veh=Ramp_Merge_4 edge=34126779 lane=0 target=1 lane_count=1 recently=False speed=4.05
traci-bridge-1         | LANE_CMD_WAIT_EDGE veh=Ramp_Merge_4 edge=34126779 lane=0 target=1 lane_count=1
traci-bridge-1         | LANE_CMD_STATE veh=Ramp_Merge_2 edge=1331698336 lane=0 target=1 lane_count=3 recently=True speed=6.72
traci-bridge-1         | LANE_CMD_STATE veh=Ramp_Merge_3 edge=34126779 lane=0 target=1 lane_count=1 recently=False speed=4.15
traci-bridge-1         | LANE_CMD_WAIT_EDGE veh=Ramp_Merge_3 edge=34126779 lane=0 target=1 lane_count=1
traci-bridge-1         | LANE_CMD_STATE veh=Ramp_Merge_4 edge=34126779 lane=0 target=1 lane_count=1 recently=False speed=4.06
traci-bridge-1         | LANE_CMD_WAIT_EDGE veh=Ramp_Merge_4 edge=34126779 lane=0 target=1 lane_count=1
traci-bridge-1         | LANE_CMD_STATE veh=Ramp_Merge_2 edge=1331698336 lane=0 target=1 lane_count=3 recently=True speed=6.72
traci-bridge-1         | LANE_CMD_STATE veh=Ramp_Merge_3 edge=34126779 lane=0 target=1 lane_count=1 recently=False speed=4.15
traci-bridge-1         | LANE_CMD_WAIT_EDGE veh=Ramp_Merge_3 edge=34126779 lane=0 target=1 lane_count=1
obu-ramp-merge-5-1     | [29.6] Ramp_Merge_5 MCM_TX_REQUEST: manoeuvre=129 target=102
obu-ramp-merge-5-1     | [29.6] Ramp_Merge_5 MERGE_DECISION: auth=False phys=True fgok=True lgok=True hgok=True cok=True esok=True cready=True dtm=42.2 past=False committed=False hid=102 ra=None lclear=True hyok=True
obu-ramp-merge-5-1     | [29.6] Ramp_Merge_5 role=merge state=NEGOTIATING->NEGOTIATING speed=3.70 target=3.88 neighbors=7
obu-main-back-left-1   | [29.6] Main_Back_Left role=cruise state=CRUISE->CRUISE speed=7.25 target=7.50 neighbors=7
obu-merge-car-1        | [29.6] Merge_Car role=cruise state=CRUISE->CRUISE speed=7.49 target=7.50 neighbors=8
obu-lead-car-1         | [29.9] Lead_Car MCM_RX_REQUEST: from=109 manoeuvre=68 target=101
obu-ramp-merge-5-1     | [29.8] Ramp_Merge_5 MCM_RX_ACCEPT: from=102 manoeuvre=129 target=111
obu-ramp-merge-4-1     | [29.4] Ramp_Merge_4 MCM_TX_REQUEST: manoeuvre=97 target=101
obu-ramp-merge-4-1     | [29.4] Ramp_Merge_4 MERGE_DECISION: auth=False phys=True fgok=True lgok=True hgok=True cok=True esok=False cready=True dtm=26.7 past=False committed=False hid=101 ra=None lclear=True hyok=True
obu-ramp-merge-2-1     | [29.9] Ramp_Merge_2 role=merge state=MERGING->MERGING speed=6.73 target=6.75 neighbors=10
obu-ramp-merge-3-1     | [29.9] Ramp_Merge_3 MCM_RX_REJECT: from=101 manoeuvre=68 target=109
obu-ramp-merge-5-1     | MERGE_ATTEMPT_TIMELINE: vehicle=Ramp_Merge_5 manoeuvre=129 host=102 lead=None event=ACCEPT_MATCHED t=29.8 edge=34126779 lane=0 lane_cmd_state=NONE speed=3.67 target=6.75 dtm=41.5 lead_gap= host_gap=136.37 lead_gap_t1= lead_gap_t2= lead_gap_t3= host_gap_t1=136.37 host_gap_t2=136.37 host_gap_t3=136.37
obu-ramp-merge-5-1     | [29.8] Ramp_Merge_5 MCM_ACCEPT_MATCHED: host=102 manoeuvre=129
obu-main-front-left-1  | [29.9] Main_Front_Left MCM_RX_REQUEST: from=111 manoeuvre=129 target=102
obu-ramp-merge-5-1     | MERGE_ATTEMPT_TIMELINE: vehicle=Ramp_Merge_5 manoeuvre=129 host=102 lead=None event=AUTHORIZED t=29.8 edge=34126779 lane=0 lane_cmd_state=NONE speed=3.67 target=3.85 dtm=41.5 lead_gap= host_gap=136.37 lead_gap_t1= lead_gap_t2= lead_gap_t3= host_gap_t1=136.37 host_gap_t2=136.37 host_gap_t3=136.37
obu-ramp-merge-5-1     | [29.8] Ramp_Merge_5 MERGE_AUTHORIZED_BY_MCM: host=102 manoeuvre=129
obu-ramp-merge-5-1     | [29.8] Ramp_Merge_5 MERGE_DECISION: auth=True phys=True fgok=True lgok=True hgok=True cok=True esok=True cready=True dtm=41.5 past=False committed=False hid=102 ra=2 lclear=True hyok=True
obu-ramp-merge-5-1     | [29.8] Ramp_Merge_5 MERGE_START_GAP_DIAG: event=start lead=None host=102 lead_eta=None own_eta=11.293247970633905 host_eta=21.361220345935948 lead_gap=None host_gap=136.3708408702382 lead_gap_p1=None lead_gap_p2=None lead_gap_p3=None host_gap_p1=136.3708408702382 host_gap_p2=136.3708408702382 host_gap_p3=136.3708408702382 rel_to_lead=None rel_to_host=-4.326734877915307 lead_lat=None host_lat=152.10055648339767 edge=34126779 lane=0 lane_cmd_state=None lane_cmd_edge=None lane_cmd_target=None lane_cmd_executable=None dtm=41.5 speed=3.67
obu-ramp-merge-5-1     | MERGE_ATTEMPT_TIMELINE: vehicle=Ramp_Merge_5 manoeuvre=129 host=102 lead=None event=PHYSICAL_START t=29.8 edge=34126779 lane=0 lane_cmd_state=NONE speed=3.67 target=3.85 dtm=41.5 lead_gap= host_gap=136.37 lead_gap_t1= lead_gap_t2= lead_gap_t3= host_gap_t1=136.37 host_gap_t2=136.37 host_gap_t3=136.37
obu-ramp-merge-5-1     | [29.8] Ramp_Merge_5 MERGE_PHYSICAL_START: host=102 manoeuvre=129
obu-ramp-merge-5-1     | [29.8] Ramp_Merge_5 MERGING!
obu-ramp-merge-3-1     | [29.9] Ramp_Merge_3 FINAL_GUARD: REJECTED sid=106 gap=26.3
obu-ramp-merge-3-1     | [29.9] Ramp_Merge_3 MERGE_DECISION: auth=False phys=True fgok=False lgok=True hgok=True cok=True esok=False cready=True dtm=8.9 past=False committed=False hid=101 ra=None lclear=True hyok=False
obu-ramp-merge-3-1     | [29.9] Ramp_Merge_3 role=merge state=NEGOTIATING->YIELDING speed=4.17 target=3.72 neighbors=9
obu-host-car-1         | [29.9] Host_Car role=cruise state=CRUISE->CRUISE speed=7.46 target=7.50 neighbors=9
obu-ramp-merge-4-1     | [29.8] Ramp_Merge_4 MCM_RX_ACCEPT: from=101 manoeuvre=96 target=110
obu-main-mid-right-1   | [29.9] Main_Mid_Right role=cruise state=CRUISE->CRUISE speed=7.03 target=7.50 neighbors=11
obu-lead-car-1         | HOST_RESERVATION_HOLD: host=Lead_Car ramp=110 manoeuvre=96 remaining=0.0 own_speed=7.50 target_speed=7.50 ramp_fsm=NEGOTIATING ramp_lane_cmd_state=WAIT_EDGE ramp_edge=34126779 ramp_lane=0 ramp_merge_completed=False ramp_merge_committed=False
obu-lead-car-1         | [29.9] Lead_Car HOST_HOLD_YIELD: for merge=110 spd=7.50
obu-lead-car-1         | [29.9] Lead_Car MCM_TX_REJECT: manoeuvre=68 target=109
obu-lead-car-1         | [29.9] Lead_Car MCM_TX_ACCEPT: manoeuvre=96 target=110
obu-lead-car-1         | [29.9] Lead_Car role=host state=YIELDING->YIELDING speed=7.50 target=7.50 neighbors=10
obu-ramp-back-1        | [29.8] Ramp_Back MCM_ACCEPT_STALE: host=103 manoeuvre=158
obu-ramp-back-1        | [29.8] Ramp_Back role=merge state=NEGOTIATING->NEGOTIATING speed=3.94 target=3.94 neighbors=11
obu-lead-car-1         | [29.9] Lead_Car MCM_RX_REQUEST: from=110 manoeuvre=97 target=101
obu-main-back-right-1  | [29.9] Main_Back_Right role=cruise state=CRUISE->CRUISE speed=7.02 target=7.50 neighbors=9
obu-main-front-left-1  | HOST_RESERVATION_HOLD: host=Main_Front_Left ramp=111 manoeuvre=129 remaining=3.4 own_speed=7.50 target_speed=7.50 ramp_fsm=NEGOTIATING ramp_lane_cmd_state=NONE ramp_edge=34126779 ramp_lane=0 ramp_merge_completed=False ramp_merge_committed=False
obu-main-front-left-1  | [29.9] Main_Front_Left HOST_HOLD_YIELD: for merge=111 spd=7.50
obu-main-front-left-1  | [29.9] Main_Front_Left MCM_TX_ACCEPT: manoeuvre=129 target=111
obu-main-front-left-1  | [29.9] Main_Front_Left role=host state=CRUISE->YIELDING speed=7.50 target=7.50 neighbors=9
obu-main-front-left-1  | [29.9] Main_Front_Left MCM_RX_REQUEST: from=111 manoeuvre=129 target=102
obu-ramp-merge-4-1     | [29.9] Ramp_Merge_4 MCM_TX_REQUEST: manoeuvre=97 target=101
obu-ramp-merge-4-1     | [29.9] Ramp_Merge_4 MCM_ACCEPT_WRONG_MANOEUVRE: host=101 got=96 expected=97
obu-ramp-merge-4-1     | [29.9] Ramp_Merge_4 MERGE_DECISION: auth=False phys=True fgok=True lgok=True hgok=True cok=True esok=False cready=True dtm=24.7 past=False committed=False hid=101 ra=None lclear=True hyok=True
obu-lead-car-1         | HOST_RESERVATION_RELEASE_MAX_TIMEOUT: host=Lead_Car ramp=110 manoeuvre=96 duration=10.2 ramp_fsm=NEGOTIATING ramp_lcs=WAIT_EDGE ramp_edge=34126779 ramp_merge_completed=False
obu-lead-car-1         | HOST_RESERVATION_START: host=Lead_Car ramp=109 manoeuvre=68 until=34.1 own_speed=7.50 target_speed=7.50 required_speed=7.50 gap_eta=24.38
obu-lead-car-1         | [30.1] Lead_Car HOST_RESERVED: merge=109 manoeuvre=68 until=34.1 target_spd=7.50
obu-ramp-back-1        | [30.0] Ramp_Back CAR_FOLLOW: sid=111 edge=34126779 lane=0 leader_edge= leader_lane=None leader_role_hint=ramp self_merge_completed=False self_merge_completed_age=-1.0 self_merge_committed=False lane_cmd_state=None lane_cmd_edge=None lane_cmd_target=None lane_cmd_executable=None same_lane=True reason=same_lane_cam gap=9.7 follow_spd=2.89 emergency=False target_before=3.947449662981878 target_after=3.697449662981878
obu-main-front-left-1  | HOST_RESERVATION_HOLD: host=Main_Front_Left ramp=111 manoeuvre=129 remaining=3.2 own_speed=7.50 target_speed=7.50 ramp_fsm=NEGOTIATING ramp_lane_cmd_state=NONE ramp_edge=34126779 ramp_lane=0 ramp_merge_completed=False ramp_merge_committed=False
obu-main-front-left-1  | [30.1] Main_Front_Left HOST_HOLD_YIELD: for merge=111 spd=7.50
obu-ramp-merge-4-1     | [30.0] Ramp_Merge_4 MCM_ACCEPT_WRONG_MANOEUVRE: host=101 got=96 expected=97
obu-ramp-merge-4-1     | [30.0] Ramp_Merge_4 MERGE_DECISION: auth=False phys=True fgok=True lgok=True hgok=True cok=True esok=False cready=True dtm=24.2 past=False committed=False hid=101 ra=None lclear=True hyok=True
obu-lead-car-1         | HOST_RESERVATION_EXTEND_UNTIL_CLEAR: host=Lead_Car ramp=109 manoeuvre=68 new_remaining=4.0 ramp_lcs=WAIT_EDGE ramp_edge=34126779
obu-lead-car-1         | HOST_RESERVATION_HOLD: host=Lead_Car ramp=109 manoeuvre=68 remaining=4.0 own_speed=7.50 target_speed=7.50 ramp_fsm=YIELDING ramp_lane_cmd_state=WAIT_EDGE ramp_edge=34126779 ramp_lane=0 ramp_merge_completed=False ramp_merge_committed=False
obu-lead-car-1         | [30.3] Lead_Car HOST_HOLD_YIELD: for merge=109 spd=7.50
obu-lead-car-1         | [30.3] Lead_Car MCM_TX_ACCEPT: manoeuvre=68 target=109
obu-ramp-back-1        | [30.2] Ramp_Back CAR_FOLLOW: sid=111 edge=34126779 lane=0 leader_edge= leader_lane=None leader_role_hint=ramp self_merge_completed=False self_merge_completed_age=-1.0 self_merge_committed=False lane_cmd_state=None lane_cmd_edge=None lane_cmd_target=None lane_cmd_executable=None same_lane=True reason=same_lane_cam gap=8.9 follow_spd=2.62 emergency=False target_before=3.819591445804427 target_after=3.569591445804427
obu-main-front-left-1  | HOST_RESERVATION_EXTEND_UNTIL_CLEAR: host=Main_Front_Left ramp=111 manoeuvre=129 new_remaining=4.0 ramp_lcs=NONE ramp_edge=34126779
obu-main-front-left-1  | HOST_RESERVATION_HOLD: host=Main_Front_Left ramp=111 manoeuvre=129 remaining=4.0 own_speed=7.50 target_speed=7.50 ramp_fsm=MERGING ramp_lane_cmd_state=NONE ramp_edge=34126779 ramp_lane=0 ramp_merge_completed=False ramp_merge_committed=True
obu-main-front-left-1  | [30.3] Main_Front_Left HOST_HOLD_YIELD: for merge=111 spd=7.50
obu-main-front-left-1  | [30.3] Main_Front_Left MCM_TX_ACCEPT: manoeuvre=129 target=111
obu-ramp-merge-4-1     | [30.1] Ramp_Merge_4 MCM_ACCEPT_WRONG_MANOEUVRE: host=101 got=96 expected=97
obu-ramp-merge-4-1     | [30.1] Ramp_Merge_4 MERGE_DECISION: auth=False phys=True fgok=True lgok=True hgok=True cok=True esok=False cready=True dtm=23.8 past=False committed=False hid=101 ra=None lclear=True hyok=True
obu-ramp-merge-4-1     | [30.1] Ramp_Merge_4 role=merge state=NEGOTIATING->NEGOTIATING speed=4.09 target=4.27 neighbors=11
obu-ramp-back-1        | [30.3] Ramp_Back CAR_FOLLOW: sid=111 edge=34126779 lane=0 leader_edge= leader_lane=None leader_role_hint=ramp self_merge_completed=False self_merge_completed_age=-1.0 self_merge_committed=False lane_cmd_state=None lane_cmd_edge=None lane_cmd_target=None lane_cmd_executable=None same_lane=True reason=same_lane_cam gap=8.6 follow_spd=2.62 emergency=False target_before=3.8134843566632997 target_after=3.5634843566632997
obu-ramp-merge-4-1     | [30.5] Ramp_Merge_4 MCM_TX_REQUEST: manoeuvre=97 target=101
obu-ramp-merge-4-1     | [30.5] Ramp_Merge_4 MCM_ACCEPT_WRONG_MANOEUVRE: host=101 got=96 expected=97
obu-lead-car-1         | [30.5] Lead_Car MCM_RX_REQUEST: from=110 manoeuvre=97 target=101
obu-ramp-merge-4-1     | [30.5] Ramp_Merge_4 MERGE_DECISION: auth=False phys=True fgok=True lgok=True hgok=True cok=True esok=False cready=True dtm=22.2 past=False committed=False hid=101 ra=None lclear=True hyok=True
obu-ramp-merge-5-1     | [30.0] Ramp_Merge_5 MERGE_LANE_WAIT_EDGE_CONFIRMED: edge=34126779 lane=0 target_lane=1 lane_count=1 executable=False
obu-lead-car-1         | [30.5] Lead_Car MCM_RX_REQUEST: from=110 manoeuvre=97 target=101
obu-ramp-merge-4-1     | [30.5] Ramp_Merge_4 MCM_RX_ACCEPT: from=101 manoeuvre=96 target=110
obu-ramp-merge-5-1     | [30.5] Ramp_Merge_5 MCM_RX_ACCEPT: from=102 manoeuvre=129 target=111
obu-ramp-merge-5-1     | [30.5] Ramp_Merge_5 MCM_RX_ACCEPT: from=102 manoeuvre=129 target=111
obu-ramp-merge-3-1     | [30.5] Ramp_Merge_3 MCM_RX_REJECT: from=101 manoeuvre=68 target=109
obu-ramp-merge-3-1     | [30.5] Ramp_Merge_3 MCM_RX_ACCEPT: from=101 manoeuvre=68 target=109
obu-lead-car-1         | HOST_RESERVATION_EXTEND_UNTIL_CLEAR: host=Lead_Car ramp=109 manoeuvre=68 new_remaining=4.0 ramp_lcs=WAIT_EDGE ramp_edge=34126779
obu-lead-car-1         | HOST_RESERVATION_HOLD: host=Lead_Car ramp=109 manoeuvre=68 remaining=4.0 own_speed=7.50 target_speed=7.50 ramp_fsm=YIELDING ramp_lane_cmd_state=WAIT_EDGE ramp_edge=34126779 ramp_lane=0 ramp_merge_completed=False ramp_merge_committed=False
obu-lead-car-1         | [30.5] Lead_Car HOST_HOLD_YIELD: for merge=109 spd=7.50
obu-ramp-back-1        | MERGE_ATTEMPT_TIMELINE: vehicle=Ramp_Back manoeuvre=158 host=103 lead=106 event=AUTHORIZED t=30.5 edge=34126779 lane=0 lane_cmd_state=NONE speed=3.80 target=3.98 dtm=53.8 lead_gap=54.64 host_gap=110.35 lead_gap_t1=54.64 lead_gap_t2=54.64 lead_gap_t3=54.64 host_gap_t1=110.35 host_gap_t2=110.35 host_gap_t3=110.35
obu-ramp-back-1        | [30.5] Ramp_Back MERGE_AUTHORIZED_BY_MCM: host=103 manoeuvre=158
obu-ramp-back-1        | [30.5] Ramp_Back MERGE_DECISION: auth=True phys=True fgok=True lgok=True hgok=True cok=True esok=True cready=True dtm=53.8 past=False committed=False hid=103 ra=2 lclear=True hyok=True
obu-ramp-back-1        | [30.5] Ramp_Back MERGE_START_GAP_DIAG: event=start lead=104 host=103 lead_eta=8.553234083692457 own_eta=14.180637010999762 host_eta=21.21752484742748 lead_gap=72.83927224356947 host_gap=110.34522950777759 lead_gap_p1=72.83927224356947 lead_gap_p2=72.83927224356947 lead_gap_p3=72.83927224356947 host_gap_p1=110.34522950777759 host_gap_p2=110.34522950777759 host_gap_p3=110.34522950777759 rel_to_lead=-3.6642219368295113 rel_to_host=-3.3142219368295116 lead_lat=80.78616049678692 host_lat=159.35923979750828 edge=34126779 lane=0 lane_cmd_state=None lane_cmd_edge=None lane_cmd_target=None lane_cmd_executable=None dtm=53.8 speed=3.80
obu-ramp-back-1        | MERGE_ATTEMPT_TIMELINE: vehicle=Ramp_Back manoeuvre=158 host=103 lead=104 event=PHYSICAL_START t=30.5 edge=34126779 lane=0 lane_cmd_state=NONE speed=3.80 target=3.98 dtm=53.8 lead_gap=72.84 host_gap=110.35 lead_gap_t1=72.84 lead_gap_t2=72.84 lead_gap_t3=72.84 host_gap_t1=110.35 host_gap_t2=110.35 host_gap_t3=110.35
obu-ramp-back-1        | [30.5] Ramp_Back MERGE_PHYSICAL_START: host=103 manoeuvre=158
obu-ramp-back-1        | [30.5] Ramp_Back MERGING!
obu-ramp-back-1        | [30.5] Ramp_Back CAR_FOLLOW: sid=111 edge=34126779 lane=0 leader_edge= leader_lane=None leader_role_hint=ramp self_merge_completed=False self_merge_completed_age=-1.0 self_merge_committed=True lane_cmd_state=None lane_cmd_edge=None lane_cmd_target=None lane_cmd_executable=None same_lane=True reason=same_lane_cam gap=8.5 follow_spd=2.62 emergency=False target_before=3.975778063170489 target_after=3.5457780631704887
obu-main-front-left-1  | HOST_RESERVATION_EXTEND_UNTIL_CLEAR: host=Main_Front_Left ramp=111 manoeuvre=129 new_remaining=4.0 ramp_lcs=NONE ramp_edge=34126779
obu-main-front-left-1  | HOST_RESERVATION_HOLD: host=Main_Front_Left ramp=111 manoeuvre=129 remaining=4.0 own_speed=7.50 target_speed=7.50 ramp_fsm=MERGING ramp_lane_cmd_state=NONE ramp_edge=34126779 ramp_lane=0 ramp_merge_completed=False ramp_merge_committed=True
obu-main-front-left-1  | [30.5] Main_Front_Left HOST_HOLD_YIELD: for merge=111 spd=7.50
obu-ramp-merge-3-1     | MERGE_ATTEMPT_TIMELINE: vehicle=Ramp_Merge_3 manoeuvre=69 host=104 lead=102 event=REQUEST_SENT t=30.5 edge=34126779 lane=0 lane_cmd_state=WAIT_EDGE speed=4.09 target=6.75 dtm=6.9 lead_gap=177.94 host_gap=64.10 lead_gap_t1=177.94 lead_gap_t2=177.94 lead_gap_t3=177.94 host_gap_t1=64.10 host_gap_t2=64.10 host_gap_t3=64.10
obu-ramp-merge-3-1     | [30.5] Ramp_Merge_3 MCM_TX_REQUEST: manoeuvre=69 target=104
obu-ramp-merge-3-1     | [30.5] Ramp_Merge_3 MERGE_DECISION: auth=False phys=True fgok=True lgok=True hgok=True cok=True esok=False cready=True dtm=6.9 past=False committed=False hid=104 ra=None lclear=True hyok=True
obu-ramp-merge-5-1     | MERGE_ATTEMPT_TIMELINE: vehicle=Ramp_Merge_5 manoeuvre=129 host=102 lead=None event=WAIT_EDGE t=30.5 edge=34126779 lane=0 lane_cmd_state=WAIT_EDGE speed=3.71 target=6.75 dtm=39.0 lead_gap= host_gap=155.05 lead_gap_t1= lead_gap_t2= lead_gap_t3= host_gap_t1=155.05 host_gap_t2=155.05 host_gap_t3=155.05
obu-ramp-merge-5-1     | [30.5] Ramp_Merge_5 MERGE_COMMIT_WAIT_LANE_AVAILABLE: edge=34126779 lane=0 target_lane=1 lane_count=1 executable=False speed=3.71 dtm=39.0
obu-ramp-merge-4-1     | [30.6] Ramp_Merge_4 MCM_ACCEPT_WRONG_MANOEUVRE: host=101 got=96 expected=97
obu-ramp-merge-4-1     | [30.6] Ramp_Merge_4 MERGE_DECISION: auth=False phys=True fgok=True lgok=True hgok=True cok=True esok=False cready=True dtm=21.8 past=False committed=False hid=101 ra=None lclear=True hyok=True
obu-main-back-left-1   | [30.6] Main_Back_Left role=cruise state=CRUISE->CRUISE speed=7.32 target=7.50 neighbors=11
obu-lead-car-1         | HOST_RESERVATION_EXTEND_UNTIL_CLEAR: host=Lead_Car ramp=109 manoeuvre=68 new_remaining=4.0 ramp_lcs=WAIT_EDGE ramp_edge=34126779
obu-lead-car-1         | HOST_RESERVATION_HOLD: host=Lead_Car ramp=109 manoeuvre=68 remaining=4.0 own_speed=7.50 target_speed=7.50 ramp_fsm=YIELDING ramp_lane_cmd_state=WAIT_EDGE ramp_edge=34126779 ramp_lane=0 ramp_merge_completed=False ramp_merge_committed=False
obu-lead-car-1         | [30.6] Lead_Car HOST_HOLD_YIELD: for merge=109 spd=7.50
obu-lead-car-1         | [30.6] Lead_Car MCM_TX_ACCEPT: manoeuvre=68 target=109
obu-lead-car-1         | [30.6] Lead_Car MCM_RX_REQUEST: from=110 manoeuvre=97 target=101
obu-main-front-left-1  | HOST_RESERVATION_EXTEND_UNTIL_CLEAR: host=Main_Front_Left ramp=111 manoeuvre=129 new_remaining=4.0 ramp_lcs=NONE ramp_edge=34126779
obu-main-front-left-1  | HOST_RESERVATION_HOLD: host=Main_Front_Left ramp=111 manoeuvre=129 remaining=4.0 own_speed=7.50 target_speed=7.50 ramp_fsm=MERGING ramp_lane_cmd_state=NONE ramp_edge=34126779 ramp_lane=0 ramp_merge_completed=False ramp_merge_committed=True
obu-main-front-left-1  | [30.6] Main_Front_Left HOST_HOLD_YIELD: for merge=111 spd=7.50
obu-main-front-left-1  | [30.6] Main_Front_Left MCM_TX_ACCEPT: manoeuvre=129 target=111
obu-merge-car-1        | [30.6] Merge_Car role=cruise state=CRUISE->CRUISE speed=7.50 target=7.50 neighbors=11
obu-ramp-merge-3-1     | [30.6] Ramp_Merge_3 MERGE_DECISION: auth=False phys=True fgok=True lgok=True hgok=True cok=True esok=False cready=True dtm=6.7 past=False committed=False hid=104 ra=None lclear=True hyok=True
obu-ramp-merge-5-1     | [30.6] Ramp_Merge_5 MERGE_COMMIT_WAIT_LANE_AVAILABLE: edge=34126779 lane=0 target_lane=1 lane_count=1 executable=False speed=3.72 dtm=38.6
obu-ramp-merge-5-1     | [30.6] Ramp_Merge_5 role=merge state=MERGING->MERGING speed=3.72 target=3.90 neighbors=11
obu-lead-car-1         | HOST_RESERVATION_EXTEND_UNTIL_CLEAR: host=Lead_Car ramp=109 manoeuvre=68 new_remaining=4.0 ramp_lcs=WAIT_EDGE ramp_edge=34126779
obu-lead-car-1         | HOST_RESERVATION_HOLD: host=Lead_Car ramp=109 manoeuvre=68 remaining=4.0 own_speed=7.50 target_speed=7.50 ramp_fsm=YIELDING ramp_lane_cmd_state=WAIT_EDGE ramp_edge=34126779 ramp_lane=0 ramp_merge_completed=False ramp_merge_committed=False
obu-lead-car-1         | [30.8] Lead_Car HOST_HOLD_YIELD: for merge=109 spd=7.50
obu-main-front-left-1  | HOST_RESERVATION_EXTEND_UNTIL_CLEAR: host=Main_Front_Left ramp=111 manoeuvre=129 new_remaining=4.0 ramp_lcs=WAIT_EDGE ramp_edge=34126779
obu-main-front-left-1  | HOST_RESERVATION_HOLD: host=Main_Front_Left ramp=111 manoeuvre=129 remaining=4.0 own_speed=7.50 target_speed=7.50 ramp_fsm=MERGING ramp_lane_cmd_state=WAIT_EDGE ramp_edge=34126779 ramp_lane=0 ramp_merge_completed=False ramp_merge_committed=True
obu-main-front-left-1  | [30.8] Main_Front_Left HOST_HOLD_YIELD: for merge=111 spd=7.50
obu-ramp-merge-3-1     | [30.8] Ramp_Merge_3 MCM_TX_REQUEST: manoeuvre=69 target=104
obu-ramp-merge-5-1     | [30.8] Ramp_Merge_5 MERGE_COMMIT_WAIT_LANE_AVAILABLE: edge=34126779 lane=0 target_lane=1 lane_count=1 executable=False speed=3.74 dtm=37.9
obu-ramp-merge-3-1     | [30.8] Ramp_Merge_3 MERGE_DECISION: auth=False phys=True fgok=True lgok=True hgok=True cok=True esok=False cready=True dtm=6.1 past=False committed=False hid=104 ra=None lclear=True hyok=True
traci-bridge-1         | LANE_CMD_STATE veh=Ramp_Merge_4 edge=34126779 lane=0 target=1 lane_count=1 recently=False speed=4.07
traci-bridge-1         | LANE_CMD_WAIT_EDGE veh=Ramp_Merge_4 edge=34126779 lane=0 target=1 lane_count=1
traci-bridge-1         | LANE_CMD_STATE veh=Ramp_Merge_2 edge=1331698336 lane=0 target=1 lane_count=3 recently=True speed=6.73
traci-bridge-1         | LANE_CMD_STATE veh=Ramp_Merge_3 edge=34126779 lane=0 target=1 lane_count=1 recently=False speed=4.16
traci-bridge-1         | LANE_CMD_WAIT_EDGE veh=Ramp_Merge_3 edge=34126779 lane=0 target=1 lane_count=1
traci-bridge-1         | LANE_CMD_STATE veh=Ramp_Merge_4 edge=34126779 lane=0 target=1 lane_count=1 recently=False speed=4.07
traci-bridge-1         | LANE_CMD_WAIT_EDGE veh=Ramp_Merge_4 edge=34126779 lane=0 target=1 lane_count=1
traci-bridge-1         | LANE_CMD_STATE veh=Ramp_Merge_2 edge=1331698336 lane=0 target=1 lane_count=3 recently=True speed=6.73
traci-bridge-1         | LANE_CMD_STATE veh=Ramp_Merge_3 edge=34126779 lane=0 target=1 lane_count=1 recently=False speed=4.17
traci-bridge-1         | LANE_CMD_WAIT_EDGE veh=Ramp_Merge_3 edge=34126779 lane=0 target=1 lane_count=1
traci-bridge-1         | LANE_CMD_STATE veh=Ramp_Merge_4 edge=34126779 lane=0 target=1 lane_count=1 recently=False speed=4.08
traci-bridge-1         | LANE_CMD_WAIT_EDGE veh=Ramp_Merge_4 edge=34126779 lane=0 target=1 lane_count=1
traci-bridge-1         | LANE_CMD_STATE veh=Ramp_Merge_2 edge=1331698336 lane=0 target=1 lane_count=3 recently=True speed=6.73
traci-bridge-1         | LANE_CMD_STATE veh=Ramp_Merge_3 edge=34126779 lane=0 target=1 lane_count=1 recently=False speed=4.17
traci-bridge-1         | LANE_CMD_WAIT_EDGE veh=Ramp_Merge_3 edge=34126779 lane=0 target=1 lane_count=1
traci-bridge-1         | LANE_CMD_STATE veh=Ramp_Merge_4 edge=34126779 lane=0 target=1 lane_count=1 recently=False speed=4.09
traci-bridge-1         | LANE_CMD_WAIT_EDGE veh=Ramp_Merge_4 edge=34126779 lane=0 target=1 lane_count=1
traci-bridge-1         | LANE_CMD_STATE veh=Ramp_Merge_5 edge=34126779 lane=0 target=1 lane_count=1 recently=False speed=3.67
traci-bridge-1         | LANE_CMD_WAIT_EDGE veh=Ramp_Merge_5 edge=34126779 lane=0 target=1 lane_count=1
traci-bridge-1         | LANE_CMD_STATE veh=Ramp_Merge_2 edge=1331698336 lane=0 target=1 lane_count=3 recently=True speed=6.73
traci-bridge-1         | LANE_CMD_STATE veh=Ramp_Merge_3 edge=34126779 lane=0 target=1 lane_count=1 recently=False speed=4.18
traci-bridge-1         | LANE_CMD_WAIT_EDGE veh=Ramp_Merge_3 edge=34126779 lane=0 target=1 lane_count=1
traci-bridge-1         | LANE_CMD_STATE veh=Ramp_Merge_4 edge=34126779 lane=0 target=1 lane_count=1 recently=False speed=4.09
traci-bridge-1         | LANE_CMD_WAIT_EDGE veh=Ramp_Merge_4 edge=34126779 lane=0 target=1 lane_count=1
traci-bridge-1         | LANE_CMD_STATE veh=Ramp_Merge_5 edge=34126779 lane=0 target=1 lane_count=1 recently=False speed=3.68
traci-bridge-1         | LANE_CMD_WAIT_EDGE veh=Ramp_Merge_5 edge=34126779 lane=0 target=1 lane_count=1
traci-bridge-1         | LANE_CMD_STATE veh=Ramp_Merge_2 edge=1331698336 lane=0 target=1 lane_count=3 recently=True speed=6.73
traci-bridge-1         | LANE_CMD_STATE veh=Ramp_Merge_3 edge=34126779 lane=0 target=1 lane_count=1 recently=False speed=4.16
traci-bridge-1         | LANE_CMD_WAIT_EDGE veh=Ramp_Merge_3 edge=34126779 lane=0 target=1 lane_count=1
traci-bridge-1         | LANE_CMD_STATE veh=Ramp_Merge_4 edge=34126779 lane=0 target=1 lane_count=1 recently=False speed=4.10
traci-bridge-1         | LANE_CMD_WAIT_EDGE veh=Ramp_Merge_4 edge=34126779 lane=0 target=1 lane_count=1
traci-bridge-1         | LANE_CMD_STATE veh=Ramp_Merge_5 edge=34126779 lane=0 target=1 lane_count=1 recently=False speed=3.69
traci-bridge-1         | LANE_CMD_WAIT_EDGE veh=Ramp_Merge_5 edge=34126779 lane=0 target=1 lane_count=1
traci-bridge-1         | LANE_CMD_STATE veh=Ramp_Merge_2 edge=1331698336 lane=0 target=1 lane_count=3 recently=True speed=6.38
traci-bridge-1         | LANE_CMD_STATE veh=Ramp_Merge_3 edge=34126779 lane=0 target=1 lane_count=1 recently=False speed=4.13
traci-bridge-1         | LANE_CMD_WAIT_EDGE veh=Ramp_Merge_3 edge=34126779 lane=0 target=1 lane_count=1
traci-bridge-1         | LANE_CMD_STATE veh=Ramp_Merge_4 edge=34126779 lane=0 target=1 lane_count=1 recently=False speed=4.11
traci-bridge-1         | LANE_CMD_WAIT_EDGE veh=Ramp_Merge_4 edge=34126779 lane=0 target=1 lane_count=1
traci-bridge-1         | LANE_CMD_STATE veh=Ramp_Merge_5 edge=34126779 lane=0 target=1 lane_count=1 recently=False speed=3.70
traci-bridge-1         | LANE_CMD_WAIT_EDGE veh=Ramp_Merge_5 edge=34126779 lane=0 target=1 lane_count=1
traci-bridge-1         | LANE_CMD_STATE veh=Ramp_Merge_2 edge=1331698336 lane=0 target=1 lane_count=3 recently=True speed=5.93
traci-bridge-1         | LANE_CMD_STATE veh=Ramp_Merge_3 edge=34126779 lane=0 target=1 lane_count=1 recently=False speed=4.11
traci-bridge-1         | LANE_CMD_WAIT_EDGE veh=Ramp_Merge_3 edge=34126779 lane=0 target=1 lane_count=1
traci-bridge-1         | LANE_CMD_STATE veh=Ramp_Merge_4 edge=34126779 lane=0 target=1 lane_count=1 recently=False speed=4.12
traci-bridge-1         | LANE_CMD_WAIT_EDGE veh=Ramp_Merge_4 edge=34126779 lane=0 target=1 lane_count=1
traci-bridge-1         | LANE_CMD_STATE veh=Ramp_Merge_5 edge=34126779 lane=0 target=1 lane_count=1 recently=False speed=3.71
traci-bridge-1         | LANE_CMD_WAIT_EDGE veh=Ramp_Merge_5 edge=34126779 lane=0 target=1 lane_count=1
traci-bridge-1         | LANE_CMD_STATE veh=Ramp_Merge_2 edge=1331698336 lane=0 target=1 lane_count=3 recently=True speed=5.48
traci-bridge-1         | LANE_CMD_STATE veh=Ramp_Merge_3 edge=34126779 lane=0 target=1 lane_count=1 recently=False speed=4.09
traci-bridge-1         | LANE_CMD_WAIT_EDGE veh=Ramp_Merge_3 edge=34126779 lane=0 target=1 lane_count=1
traci-bridge-1         | LANE_CMD_STATE veh=Ramp_Merge_4 edge=34126779 lane=0 target=1 lane_count=1 recently=False speed=4.12
traci-bridge-1         | LANE_CMD_WAIT_EDGE veh=Ramp_Merge_4 edge=34126779 lane=0 target=1 lane_count=1
traci-bridge-1         | LANE_CMD_STATE veh=Ramp_Merge_5 edge=34126779 lane=0 target=1 lane_count=1 recently=False speed=3.71
traci-bridge-1         | LANE_CMD_WAIT_EDGE veh=Ramp_Merge_5 edge=34126779 lane=0 target=1 lane_count=1
traci-bridge-1         | LANE_CMD_STATE veh=Ramp_Merge_2 edge=1331698336 lane=0 target=1 lane_count=3 recently=True speed=5.03
traci-bridge-1         | LANE_CMD_STATE veh=Ramp_Merge_3 edge=34126779 lane=0 target=1 lane_count=1 recently=False speed=4.08
traci-bridge-1         | LANE_CMD_WAIT_EDGE veh=Ramp_Merge_3 edge=34126779 lane=0 target=1 lane_count=1
traci-bridge-1         | LANE_CMD_STATE veh=Ramp_Merge_4 edge=34126779 lane=0 target=1 lane_count=1 recently=False speed=4.13
traci-bridge-1         | LANE_CMD_WAIT_EDGE veh=Ramp_Merge_4 edge=34126779 lane=0 target=1 lane_count=1
traci-bridge-1         | LANE_CMD_STATE veh=Ramp_Merge_5 edge=34126779 lane=0 target=1 lane_count=1 recently=False speed=3.72
traci-bridge-1         | LANE_CMD_WAIT_EDGE veh=Ramp_Merge_5 edge=34126779 lane=0 target=1 lane_count=1
traci-bridge-1         | LANE_CMD_STATE veh=Ramp_Merge_2 edge=1331698336 lane=0 target=1 lane_count=3 recently=True speed=4.58
traci-bridge-1         | LANE_CMD_STATE veh=Ramp_Merge_3 edge=34126779 lane=0 target=1 lane_count=1 recently=False speed=4.06
traci-bridge-1         | LANE_CMD_WAIT_EDGE veh=Ramp_Merge_3 edge=34126779 lane=0 target=1 lane_count=1
traci-bridge-1         | LANE_CMD_STATE veh=Ramp_Merge_4 edge=34126779 lane=0 target=1 lane_count=1 recently=False speed=4.14
traci-bridge-1         | LANE_CMD_WAIT_EDGE veh=Ramp_Merge_4 edge=34126779 lane=0 target=1 lane_count=1
traci-bridge-1         | LANE_CMD_STATE veh=Ramp_Merge_5 edge=34126779 lane=0 target=1 lane_count=1 recently=False speed=3.73
traci-bridge-1         | LANE_CMD_WAIT_EDGE veh=Ramp_Merge_5 edge=34126779 lane=0 target=1 lane_count=1
traci-bridge-1         | LANE_CMD_STATE veh=Ramp_Back edge=34126779 lane=0 target=1 lane_count=1 recently=False speed=3.77
traci-bridge-1         | LANE_CMD_WAIT_EDGE veh=Ramp_Back edge=34126779 lane=0 target=1 lane_count=1
traci-bridge-1         | LANE_CMD_STATE veh=Ramp_Merge_2 edge=1331698336 lane=0 target=1 lane_count=3 recently=True speed=4.13
traci-bridge-1         | LANE_CMD_STATE veh=Ramp_Merge_3 edge=34126779 lane=0 target=1 lane_count=1 recently=False speed=4.04
traci-bridge-1         | LANE_CMD_WAIT_EDGE veh=Ramp_Merge_3 edge=34126779 lane=0 target=1 lane_count=1
traci-bridge-1         | LANE_CMD_STATE veh=Ramp_Merge_4 edge=34126779 lane=0 target=1 lane_count=1 recently=False speed=4.15
traci-bridge-1         | LANE_CMD_WAIT_EDGE veh=Ramp_Merge_4 edge=34126779 lane=0 target=1 lane_count=1
traci-bridge-1         | LANE_CMD_STATE veh=Ramp_Merge_5 edge=34126779 lane=0 target=1 lane_count=1 recently=False speed=3.74
traci-bridge-1         | LANE_CMD_WAIT_EDGE veh=Ramp_Merge_5 edge=34126779 lane=0 target=1 lane_count=1
traci-bridge-1         | LANE_CMD_STATE veh=Ramp_Back edge=34126779 lane=0 target=1 lane_count=1 recently=False speed=3.76
traci-bridge-1         | LANE_CMD_WAIT_EDGE veh=Ramp_Back edge=34126779 lane=0 target=1 lane_count=1
traci-bridge-1         | LANE_CMD_STATE veh=Ramp_Merge_2 edge=1331698336 lane=0 target=1 lane_count=3 recently=True speed=3.68
traci-bridge-1         | LANE_CMD_STATE veh=Ramp_Merge_3 edge=34126779 lane=0 target=1 lane_count=1 recently=False speed=4.02
traci-bridge-1         | LANE_CMD_WAIT_EDGE veh=Ramp_Merge_3 edge=34126779 lane=0 target=1 lane_count=1
traci-bridge-1         | LANE_CMD_STATE veh=Ramp_Merge_4 edge=34126779 lane=0 target=1 lane_count=1 recently=False speed=4.16
traci-bridge-1         | LANE_CMD_WAIT_EDGE veh=Ramp_Merge_4 edge=34126779 lane=0 target=1 lane_count=1
traci-bridge-1         | LANE_CMD_STATE veh=Ramp_Merge_5 edge=34126779 lane=0 target=1 lane_count=1 recently=False speed=3.74
traci-bridge-1         | LANE_CMD_WAIT_EDGE veh=Ramp_Merge_5 edge=34126779 lane=0 target=1 lane_count=1
traci-bridge-1         | LANE_CMD_STATE veh=Ramp_Back edge=34126779 lane=0 target=1 lane_count=1 recently=False speed=3.75
traci-bridge-1         | LANE_CMD_WAIT_EDGE veh=Ramp_Back edge=34126779 lane=0 target=1 lane_count=1
traci-bridge-1         | LANE_CMD_STATE veh=Ramp_Merge_2 edge=1331698336 lane=0 target=1 lane_count=3 recently=False speed=3.23
obu-main-front-left-1  | HOST_RESERVATION_EXTEND_UNTIL_CLEAR: host=Main_Front_Left ramp=111 manoeuvre=129 new_remaining=4.0 ramp_lcs=WAIT_EDGE ramp_edge=34126779
obu-main-front-left-1  | HOST_RESERVATION_HOLD: host=Main_Front_Left ramp=111 manoeuvre=129 remaining=4.0 own_speed=7.50 target_speed=7.50 ramp_fsm=MERGING ramp_lane_cmd_state=WAIT_EDGE ramp_edge=34126779 ramp_lane=0 ramp_merge_completed=False ramp_merge_committed=True
obu-main-front-left-1  | [31.0] Main_Front_Left HOST_HOLD_YIELD: for merge=111 spd=7.50
obu-main-front-left-1  | [31.0] Main_Front_Left MCM_TX_ACCEPT: manoeuvre=129 target=111
obu-main-front-left-1  | [31.0] Main_Front_Left role=host state=YIELDING->YIELDING speed=7.50 target=7.50 neighbors=11
obu-lead-car-1         | HOST_RESERVATION_EXTEND_UNTIL_CLEAR: host=Lead_Car ramp=109 manoeuvre=68 new_remaining=4.0 ramp_lcs=WAIT_EDGE ramp_edge=34126779
obu-lead-car-1         | HOST_RESERVATION_HOLD: host=Lead_Car ramp=109 manoeuvre=68 remaining=4.0 own_speed=7.50 target_speed=7.50 ramp_fsm=YIELDING ramp_lane_cmd_state=WAIT_EDGE ramp_edge=34126779 ramp_lane=0 ramp_merge_completed=False ramp_merge_committed=False
obu-lead-car-1         | [31.0] Lead_Car HOST_HOLD_YIELD: for merge=109 spd=7.50
obu-lead-car-1         | [31.0] Lead_Car MCM_TX_REJECT: manoeuvre=97 target=110
obu-lead-car-1         | [31.0] Lead_Car MCM_TX_ACCEPT: manoeuvre=68 target=109
obu-lead-car-1         | [31.0] Lead_Car role=host state=YIELDING->YIELDING speed=7.50 target=7.50 neighbors=11
obu-main-front-left-1  | HOST_RESERVATION_EXTEND_UNTIL_CLEAR: host=Main_Front_Left ramp=111 manoeuvre=129 new_remaining=4.0 ramp_lcs=WAIT_EDGE ramp_edge=34126779
obu-main-front-left-1  | HOST_RESERVATION_HOLD: host=Main_Front_Left ramp=111 manoeuvre=129 remaining=4.0 own_speed=7.50 target_speed=7.50 ramp_fsm=MERGING ramp_lane_cmd_state=WAIT_EDGE ramp_edge=34126779 ramp_lane=0 ramp_merge_completed=False ramp_merge_committed=True
obu-main-front-left-1  | [31.1] Main_Front_Left HOST_HOLD_YIELD: for merge=111 spd=7.50
obu-ramp-back-1        | [30.7] Ramp_Back MERGE_LANE_WAIT_EDGE_CONFIRMED: edge=34126779 lane=0 target_lane=1 lane_count=1 executable=False
obu-ramp-merge-5-1     | [31.2] Ramp_Merge_5 MCM_RX_ACCEPT: from=102 manoeuvre=129 target=111
obu-ramp-merge-5-1     | [31.2] Ramp_Merge_5 MCM_RX_ACCEPT: from=102 manoeuvre=129 target=111
obu-ramp-merge-3-1     | [31.2] Ramp_Merge_3 MCM_RX_ACCEPT: from=101 manoeuvre=68 target=109
obu-ramp-merge-5-1     | [31.2] Ramp_Merge_5 MERGE_COMMIT_WAIT_LANE_AVAILABLE: edge=34126779 lane=0 target_lane=1 lane_count=1 executable=False speed=3.77 dtm=36.4
obu-host-car-1         | [31.2] Host_Car MCM_RX_REQUEST: from=109 manoeuvre=69 target=104
obu-ramp-merge-3-1     | [31.2] Ramp_Merge_3 MCM_TX_REQUEST: manoeuvre=69 target=104
obu-ramp-merge-4-1     | [30.9] Ramp_Merge_4 MCM_TX_REQUEST: manoeuvre=97 target=101
obu-ramp-merge-4-1     | [30.9] Ramp_Merge_4 MCM_ACCEPT_WRONG_MANOEUVRE: host=101 got=96 expected=97
obu-ramp-merge-3-1     | [31.2] Ramp_Merge_3 MERGE_DECISION: auth=False phys=True fgok=True lgok=True hgok=True cok=True esok=False cready=True dtm=5.3 past=False committed=False hid=104 ra=None lclear=True hyok=True
obu-host-car-1         | HOST_RESERVATION_START: host=Host_Car ramp=109 manoeuvre=69 until=35.2 own_speed=7.48 target_speed=7.48 required_speed=7.48 gap_eta=8.00
obu-host-car-1         | [31.2] Host_Car HOST_RESERVED: merge=109 manoeuvre=69 until=35.2 target_spd=7.48
obu-ramp-merge-4-1     | [30.9] Ramp_Merge_4 MERGE_DECISION: auth=False phys=True fgok=True lgok=True hgok=True cok=True esok=False cready=True dtm=20.5 past=False committed=False hid=101 ra=None lclear=True hyok=True
obu-ramp-merge-4-1     | [30.9] Ramp_Merge_4 CAR_FOLLOW: sid=109 edge=34126779 lane=0 leader_edge= leader_lane=None leader_role_hint=ramp self_merge_completed=False self_merge_completed_age=-1.0 self_merge_committed=False lane_cmd_state=WAIT_EDGE lane_cmd_edge=34126779 lane_cmd_target=1 lane_cmd_executable=False same_lane=True reason=same_lane_cam gap=7.4 follow_spd=2.62 emergency=False target_before=4.335624144405166 target_after=3.9056241444051665
obu-ramp-merge-3-1     | [31.2] Ramp_Merge_3 role=merge state=YIELDING->YIELDING speed=3.96 target=3.51 neighbors=11
obu-host-car-1         | [31.2] Host_Car MCM_TX_ACCEPT: manoeuvre=69 target=109
obu-host-car-1         | [31.2] Host_Car role=host state=CRUISE->CRUISE speed=7.48 target=7.50 neighbors=11
obu-main-mid-right-1   | [31.2] Main_Mid_Right role=cruise state=CRUISE->CRUISE speed=7.26 target=7.50 neighbors=11
obu-ramp-merge-3-1     | [31.2] Ramp_Merge_3 MCM_RX_ACCEPT: from=101 manoeuvre=68 target=109
obu-host-car-1         | [31.2] Host_Car MCM_RX_REQUEST: from=109 manoeuvre=69 target=104
obu-ramp-merge-4-1     | [31.2] Ramp_Merge_4 MCM_RX_REJECT: from=101 manoeuvre=97 target=110
obu-ramp-merge-3-1     | [31.3] Ramp_Merge_3 MERGE_LANE_WAIT_EDGE_CONFIRMED: edge=:390064918_0 lane=0 target_lane=1 lane_count=1 executable=False
obu-main-back-right-1  | [31.2] Main_Back_Right role=cruise state=CRUISE->CRUISE speed=7.15 target=7.50 neighbors=11
obu-ramp-back-1        | MERGE_ATTEMPT_TIMELINE: vehicle=Ramp_Back manoeuvre=158 host=103 lead=104 event=WAIT_EDGE t=31.3 edge=34126779 lane=0 lane_cmd_state=WAIT_EDGE speed=3.71 target=6.75 dtm=51.1 lead_gap=74.10 host_gap=113.86 lead_gap_t1=74.10 lead_gap_t2=74.10 lead_gap_t3=74.10 host_gap_t1=113.86 host_gap_t2=113.86 host_gap_t3=113.86
obu-ramp-back-1        | [31.3] Ramp_Back MERGE_COMMIT_WAIT_LANE_AVAILABLE: edge=34126779 lane=0 target_lane=1 lane_count=1 executable=False speed=3.71 dtm=51.1
obu-ramp-back-1        | [31.3] Ramp_Back role=merge state=MERGING->MERGING speed=3.71 target=3.89 neighbors=11
obu-lead-car-1         | HOST_RESERVATION_EXTEND_UNTIL_CLEAR: host=Lead_Car ramp=109 manoeuvre=68 new_remaining=4.0 ramp_lcs=WAIT_EDGE ramp_edge=34126779
obu-lead-car-1         | HOST_RESERVATION_HOLD: host=Lead_Car ramp=109 manoeuvre=68 remaining=4.0 own_speed=7.50 target_speed=7.50 ramp_fsm=YIELDING ramp_lane_cmd_state=WAIT_EDGE ramp_edge=34126779 ramp_lane=0 ramp_merge_completed=False ramp_merge_committed=False
obu-lead-car-1         | [31.3] Lead_Car HOST_HOLD_YIELD: for merge=109 spd=7.50
obu-lead-car-1         | [31.3] Lead_Car MCM_TX_REJECT: manoeuvre=97 target=110
obu-lead-car-1         | [31.3] Lead_Car MCM_TX_ACCEPT: manoeuvre=68 target=109
obu-main-front-left-1  | HOST_RESERVATION_EXTEND_UNTIL_CLEAR: host=Main_Front_Left ramp=111 manoeuvre=129 new_remaining=4.0 ramp_lcs=WAIT_EDGE ramp_edge=34126779
obu-main-front-left-1  | HOST_RESERVATION_HOLD: host=Main_Front_Left ramp=111 manoeuvre=129 remaining=4.0 own_speed=7.50 target_speed=7.50 ramp_fsm=MERGING ramp_lane_cmd_state=WAIT_EDGE ramp_edge=34126779 ramp_lane=0 ramp_merge_completed=False ramp_merge_committed=True
obu-main-front-left-1  | [31.3] Main_Front_Left HOST_HOLD_YIELD: for merge=111 spd=7.50
obu-main-front-left-1  | [31.3] Main_Front_Left MCM_TX_ACCEPT: manoeuvre=129 target=111
obu-ramp-merge-2-1     | [31.2] Ramp_Merge_2 role=merge state=MERGING->MERGING speed=2.33 target=6.75 neighbors=11
obu-ramp-merge-2-1     | MERGE_ATTEMPT_TIMELINE: vehicle=Ramp_Merge_2 manoeuvre=34 host=105 lead=104 event=CLEAR t=31.3 edge=1331698336 lane=1 lane_cmd_state=CLEAR speed=1.88 target=6.75 dtm=64.5 lead_gap=0.00 host_gap=12.99 lead_gap_t1=0.00 lead_gap_t2=0.00 lead_gap_t3=0.00 host_gap_t1=7.55 host_gap_t2=2.11 host_gap_t3=0.00
obu-ramp-merge-2-1     | [31.3] Ramp_Merge_2 MERGE_LANE_CLEAR_CONFIRMED: edge=1331698336 lane=1 target_lane=1 lane_count=3 executable=False
obu-ramp-merge-5-1     | [31.3] Ramp_Merge_5 MERGE_COMMIT_WAIT_LANE_AVAILABLE: edge=34126779 lane=0 target_lane=1 lane_count=1 executable=False speed=3.78 dtm=36.0
obu-ramp-merge-3-1     | [31.3] Ramp_Merge_3 MERGE_DECISION: auth=False phys=True fgok=True lgok=True hgok=True cok=True esok=False cready=True dtm=5.1 past=False committed=False hid=104 ra=None lclear=True hyok=True
obu-host-car-1         | HOST_RESERVATION_EXTEND_UNTIL_CLEAR: host=Host_Car ramp=109 manoeuvre=69 new_remaining=4.0 ramp_lcs=WAIT_EDGE ramp_edge=34126779
obu-host-car-1         | HOST_RESERVATION_HOLD: host=Host_Car ramp=109 manoeuvre=69 remaining=4.0 own_speed=7.48 target_speed=7.48 ramp_fsm=YIELDING ramp_lane_cmd_state=WAIT_EDGE ramp_edge=34126779 ramp_lane=0 ramp_merge_completed=False ramp_merge_committed=False
obu-host-car-1         | [31.3] Host_Car HOST_HOLD_YIELD: for merge=109 spd=7.48
obu-ramp-merge-4-1     | [31.3] Ramp_Merge_4 MCM_TX_REQUEST: manoeuvre=97 target=101
obu-ramp-merge-4-1     | [31.3] Ramp_Merge_4 MCM_REJECT: host=101 manoeuvre=97
obu-ramp-merge-4-1     | [31.3] Ramp_Merge_4 role=merge state=NEGOTIATING->NEGOTIATING speed=4.18 target=4.36 neighbors=11
obu-ramp-merge-2-1     | MERGE_ATTEMPT_TIMELINE: vehicle=Ramp_Merge_2 manoeuvre=34 host=105 lead=104 event=COMPLETED t=31.4 edge=1331698336 lane=1 lane_cmd_state=CLEAR speed=1.43 target=6.75 dtm=64.6 lead_gap=0.00 host_gap=13.13 lead_gap_t1=0.00 lead_gap_t2=0.00 lead_gap_t3=0.00 host_gap_t1=7.24 host_gap_t2=1.35 host_gap_t3=0.00
obu-ramp-merge-2-1     | [31.4] Ramp_Merge_2 MERGE_COMPLETED: eid=1331698336 lane=1 clean=True
obu-ramp-merge-2-1     | [31.4] Ramp_Merge_2 CAR_FOLLOW: sid=104 edge=1331698336 lane=1 leader_edge= leader_lane=None leader_role_hint=main self_merge_completed=True self_merge_completed_age=0.0 self_merge_committed=False lane_cmd_state=CLEAR lane_cmd_edge=1331698336 lane_cmd_target=1 lane_cmd_executable=False same_lane=True reason=same_lane_cam gap=0.0 follow_spd=2.25 emergency=False target_before=7.5 target_after=1.609314364070049
obu-ramp-merge-2-1     | MERGE_ATTEMPT_TIMELINE: vehicle=Ramp_Merge_2 manoeuvre=34 host=None lead=None event=POST_MERGE_CAR_FOLLOW t=31.4 edge=1331698336 lane=1 lane_cmd_state=CLEAR speed=1.43 target=1.61 dtm=64.6 lead_gap= host_gap= lead_gap_t1= lead_gap_t2= lead_gap_t3= host_gap_t1= host_gap_t2= host_gap_t3=
obu-ramp-merge-2-1     | [31.4] Ramp_Merge_2 POST_MERGE_CAR_FOLLOW: age=0.0 sid=104 gap=0.0 reason=same_lane_cam follow_spd=2.25 self_edge=1331698336 self_lane=1 leader_edge= leader_lane=None lane_cmd_state=CLEAR
obu-ramp-merge-2-1     | MERGE_ATTEMPT_TIMELINE: vehicle=Ramp_Merge_2 manoeuvre=34 host=None lead=None event=POST_CLEAR_CAR_FOLLOW t=31.4 edge=1331698336 lane=1 lane_cmd_state=CLEAR speed=1.43 target=1.61 dtm=64.6 lead_gap= host_gap= lead_gap_t1= lead_gap_t2= lead_gap_t3= host_gap_t1= host_gap_t2= host_gap_t3=
obu-ramp-merge-2-1     | [31.4] Ramp_Merge_2 POST_CLEAR_CAR_FOLLOW: age=0.1 sid=104 gap=0.0 reason=same_lane_cam follow_spd=2.25 self_edge=1331698336 self_lane=1 leader_edge= leader_lane=None lane_cmd_state=CLEAR
obu-host-car-1         | HOST_RESERVATION_EXTEND_UNTIL_CLEAR: host=Host_Car ramp=109 manoeuvre=69 new_remaining=4.0 ramp_lcs=WAIT_EDGE ramp_edge=34126779
obu-host-car-1         | HOST_RESERVATION_HOLD: host=Host_Car ramp=109 manoeuvre=69 remaining=4.0 own_speed=7.48 target_speed=7.48 ramp_fsm=YIELDING ramp_lane_cmd_state=WAIT_EDGE ramp_edge=34126779 ramp_lane=0 ramp_merge_completed=False ramp_merge_committed=False
obu-host-car-1         | [31.5] Host_Car HOST_HOLD_YIELD: for merge=109 spd=7.48
obu-host-car-1         | [31.5] Host_Car MCM_TX_ACCEPT: manoeuvre=69 target=109
obu-ramp-merge-2-1     | [31.5] Ramp_Merge_2 CAR_FOLLOW: sid=104 edge=1331698336 lane=1 leader_edge= leader_lane=None leader_role_hint=main self_merge_completed=True self_merge_completed_age=0.1 self_merge_committed=False lane_cmd_state=CLEAR lane_cmd_edge=1331698336 lane_cmd_target=1 lane_cmd_executable=False same_lane=True reason=same_lane_cam gap=0.0 follow_spd=2.25 emergency=False target_before=7.5 target_after=1.362275089192656
obu-ramp-merge-2-1     | MERGE_ATTEMPT_TIMELINE: vehicle=Ramp_Merge_2 manoeuvre=34 host=None lead=None event=POST_MERGE_CAR_FOLLOW t=31.5 edge=1331698336 lane=1 lane_cmd_state=CLEAR speed=1.18 target=1.36 dtm=64.8 lead_gap= host_gap= lead_gap_t1= lead_gap_t2= lead_gap_t3= host_gap_t1= host_gap_t2= host_gap_t3=
obu-ramp-merge-2-1     | [31.5] Ramp_Merge_2 POST_MERGE_CAR_FOLLOW: age=0.1 sid=104 gap=0.0 reason=same_lane_cam follow_spd=2.25 self_edge=1331698336 self_lane=1 leader_edge= leader_lane=None lane_cmd_state=CLEAR
obu-ramp-merge-2-1     | MERGE_ATTEMPT_TIMELINE: vehicle=Ramp_Merge_2 manoeuvre=34 host=None lead=None event=POST_CLEAR_CAR_FOLLOW t=31.5 edge=1331698336 lane=1 lane_cmd_state=CLEAR speed=1.18 target=1.36 dtm=64.8 lead_gap= host_gap= lead_gap_t1= lead_gap_t2= lead_gap_t3= host_gap_t1= host_gap_t2= host_gap_t3=
obu-ramp-merge-2-1     | [31.5] Ramp_Merge_2 POST_CLEAR_CAR_FOLLOW: age=0.2 sid=104 gap=0.0 reason=same_lane_cam follow_spd=2.25 self_edge=1331698336 self_lane=1 leader_edge= leader_lane=None lane_cmd_state=CLEAR
obu-host-car-1         | HOST_RESERVATION_EXTEND_UNTIL_CLEAR: host=Host_Car ramp=109 manoeuvre=69 new_remaining=4.0 ramp_lcs=WAIT_EDGE ramp_edge=34126779
obu-host-car-1         | HOST_RESERVATION_HOLD: host=Host_Car ramp=109 manoeuvre=69 remaining=4.0 own_speed=7.48 target_speed=7.48 ramp_fsm=YIELDING ramp_lane_cmd_state=WAIT_EDGE ramp_edge=34126779 ramp_lane=0 ramp_merge_completed=False ramp_merge_committed=False
obu-host-car-1         | [31.6] Host_Car HOST_HOLD_YIELD: for merge=109 spd=7.48
obu-main-back-left-1   | [31.6] Main_Back_Left role=cruise state=CRUISE->CRUISE speed=6.01 target=7.50 neighbors=11
obu-merge-car-1        | [31.6] Merge_Car role=cruise state=CRUISE->CRUISE speed=7.50 target=7.50 neighbors=11
obu-ramp-merge-2-1     | [31.7] Ramp_Merge_2 CAR_FOLLOW: sid=104 edge=:1487416310_0 lane=0 leader_edge= leader_lane=None leader_role_hint=main self_merge_completed=True self_merge_completed_age=0.3 self_merge_committed=False lane_cmd_state=CLEAR lane_cmd_edge=1331698336 lane_cmd_target=1 lane_cmd_executable=False same_lane=True reason=same_lane_cam gap=0.0 follow_spd=2.25 emergency=False target_before=7.5 target_after=1.362275089192656
obu-ramp-merge-2-1     | MERGE_ATTEMPT_TIMELINE: vehicle=Ramp_Merge_2 manoeuvre=34 host=None lead=None event=POST_MERGE_CAR_FOLLOW t=31.7 edge=:1487416310_0 lane=0 lane_cmd_state=CLEAR speed=1.18 target=1.36 dtm=65.0 lead_gap= host_gap= lead_gap_t1= lead_gap_t2= lead_gap_t3= host_gap_t1= host_gap_t2= host_gap_t3=
obu-ramp-merge-2-1     | [31.7] Ramp_Merge_2 POST_MERGE_CAR_FOLLOW: age=0.3 sid=104 gap=0.0 reason=same_lane_cam follow_spd=2.25 self_edge=:1487416310_0 self_lane=0 leader_edge= leader_lane=None lane_cmd_state=CLEAR
obu-ramp-merge-2-1     | MERGE_ATTEMPT_TIMELINE: vehicle=Ramp_Merge_2 manoeuvre=34 host=None lead=None event=POST_CLEAR_CAR_FOLLOW t=31.7 edge=:1487416310_0 lane=0 lane_cmd_state=CLEAR speed=1.18 target=1.36 dtm=65.0 lead_gap= host_gap= lead_gap_t1= lead_gap_t2= lead_gap_t3= host_gap_t1= host_gap_t2= host_gap_t3=
obu-ramp-merge-2-1     | [31.7] Ramp_Merge_2 POST_CLEAR_CAR_FOLLOW: age=0.4 sid=104 gap=0.0 reason=same_lane_cam follow_spd=2.25 self_edge=:1487416310_0 self_lane=0 leader_edge= leader_lane=None lane_cmd_state=CLEAR
obu-host-car-1         | HOST_RESERVATION_EXTEND_UNTIL_CLEAR: host=Host_Car ramp=109 manoeuvre=69 new_remaining=4.0 ramp_lcs=WAIT_EDGE ramp_edge=34126779
obu-host-car-1         | HOST_RESERVATION_HOLD: host=Host_Car ramp=109 manoeuvre=69 remaining=4.0 own_speed=7.48 target_speed=7.48 ramp_fsm=YIELDING ramp_lane_cmd_state=WAIT_EDGE ramp_edge=34126779 ramp_lane=0 ramp_merge_completed=False ramp_merge_committed=False
obu-host-car-1         | [31.8] Host_Car HOST_HOLD_YIELD: for merge=109 spd=7.48
obu-host-car-1         | [31.8] Host_Car MCM_TX_ACCEPT: manoeuvre=69 target=109
obu-host-car-1         | [31.8] Host_Car MCM_RX_REQUEST: from=109 manoeuvre=69 target=104
obu-main-back-left-1   | [31.8] Main_Back_Left CAR_FOLLOW: sid=108 edge=1331698336 lane=1 leader_edge= leader_lane=None leader_role_hint=ramp self_merge_completed=False self_merge_completed_age=-1.0 self_merge_committed=False lane_cmd_state=None lane_cmd_edge=None lane_cmd_target=None lane_cmd_executable=None same_lane=True reason=same_lane_cam gap=5.0 follow_spd=2.62 emergency=False target_before=7.5 target_after=4.858856307934649
obu-ramp-merge-3-1     | [31.6] Ramp_Merge_3 MCM_TX_REQUEST: manoeuvre=69 target=104
obu-ramp-merge-3-1     | [31.6] Ramp_Merge_3 MERGE_DECISION: auth=False phys=True fgok=True lgok=True hgok=True cok=True esok=False cready=True dtm=4.9 past=False committed=False hid=104 ra=None lclear=True hyok=True
obu-ramp-merge-5-1     | [31.8] Ramp_Merge_5 MCM_RX_ACCEPT: from=102 manoeuvre=129 target=111
obu-ramp-merge-4-1     | [31.8] Ramp_Merge_4 MCM_RX_REJECT: from=101 manoeuvre=97 target=110
obu-lead-car-1         | [31.9] Lead_Car MCM_RX_REQUEST: from=110 manoeuvre=97 target=101
obu-lead-car-1         | [31.9] Lead_Car MCM_RX_REQUEST: from=110 manoeuvre=97 target=101
obu-ramp-merge-3-1     | [31.8] Ramp_Merge_3 MCM_RX_ACCEPT: from=104 manoeuvre=69 target=109
obu-ramp-merge-3-1     | [31.8] Ramp_Merge_3 MCM_RX_ACCEPT: from=101 manoeuvre=68 target=109
obu-ramp-merge-3-1     | [31.8] Ramp_Merge_3 MCM_RX_ACCEPT: from=104 manoeuvre=69 target=109
obu-ramp-back-1        | [31.8] Ramp_Back MERGE_COMMIT_WAIT_LANE_AVAILABLE: edge=34126779 lane=0 target_lane=1 lane_count=1 executable=False speed=3.74 dtm=49.3
obu-lead-car-1         | HOST_RESERVATION_EXTEND_UNTIL_CLEAR: host=Lead_Car ramp=109 manoeuvre=68 new_remaining=4.0 ramp_lcs=WAIT_EDGE ramp_edge=34126779
obu-lead-car-1         | HOST_RESERVATION_HOLD: host=Lead_Car ramp=109 manoeuvre=68 remaining=4.0 own_speed=7.50 target_speed=7.50 ramp_fsm=YIELDING ramp_lane_cmd_state=WAIT_EDGE ramp_edge=34126779 ramp_lane=0 ramp_merge_completed=False ramp_merge_committed=False
obu-lead-car-1         | [31.9] Lead_Car HOST_HOLD_YIELD: for merge=109 spd=7.50
obu-lead-car-1         | [31.9] Lead_Car MCM_TX_REJECT: manoeuvre=97 target=110
obu-lead-car-1         | [31.9] Lead_Car MCM_TX_ACCEPT: manoeuvre=68 target=109
obu-main-front-left-1  | HOST_RESERVATION_EXTEND_UNTIL_CLEAR: host=Main_Front_Left ramp=111 manoeuvre=129 new_remaining=4.0 ramp_lcs=WAIT_EDGE ramp_edge=34126779
obu-main-front-left-1  | HOST_RESERVATION_HOLD: host=Main_Front_Left ramp=111 manoeuvre=129 remaining=4.0 own_speed=7.50 target_speed=7.50 ramp_fsm=MERGING ramp_lane_cmd_state=WAIT_EDGE ramp_edge=34126779 ramp_lane=0 ramp_merge_completed=False ramp_merge_committed=True
obu-main-front-left-1  | [31.9] Main_Front_Left HOST_HOLD_YIELD: for merge=111 spd=7.50
obu-main-front-left-1  | [31.9] Main_Front_Left MCM_TX_ACCEPT: manoeuvre=129 target=111
obu-ramp-merge-5-1     | [31.8] Ramp_Merge_5 MERGE_COMMIT_WAIT_LANE_AVAILABLE: edge=34126779 lane=0 target_lane=1 lane_count=1 executable=False speed=3.81 dtm=34.2
obu-ramp-merge-5-1     | [31.8] Ramp_Merge_5 role=merge state=MERGING->MERGING speed=3.81 target=3.99 neighbors=11
obu-ramp-merge-2-1     | [31.8] Ramp_Merge_2 CAR_FOLLOW: sid=104 edge=:1487416310_0 lane=0 leader_edge= leader_lane=None leader_role_hint=main self_merge_completed=True self_merge_completed_age=0.4 self_merge_committed=False lane_cmd_state=CLEAR lane_cmd_edge=1331698336 lane_cmd_target=1 lane_cmd_executable=False same_lane=True reason=same_lane_cam gap=4.6 follow_spd=2.25 emergency=False target_before=7.5 target_after=1.362275089192656
obu-ramp-merge-2-1     | MERGE_ATTEMPT_TIMELINE: vehicle=Ramp_Merge_2 manoeuvre=34 host=None lead=None event=POST_MERGE_CAR_FOLLOW t=31.8 edge=:1487416310_0 lane=0 lane_cmd_state=CLEAR speed=1.18 target=1.36 dtm=65.1 lead_gap= host_gap= lead_gap_t1= lead_gap_t2= lead_gap_t3= host_gap_t1= host_gap_t2= host_gap_t3=
obu-ramp-merge-2-1     | [31.8] Ramp_Merge_2 POST_MERGE_CAR_FOLLOW: age=0.4 sid=104 gap=4.6 reason=same_lane_cam follow_spd=2.25 self_edge=:1487416310_0 self_lane=0 leader_edge= leader_lane=None lane_cmd_state=CLEAR
obu-ramp-merge-2-1     | MERGE_ATTEMPT_TIMELINE: vehicle=Ramp_Merge_2 manoeuvre=34 host=None lead=None event=POST_CLEAR_CAR_FOLLOW t=31.8 edge=:1487416310_0 lane=0 lane_cmd_state=CLEAR speed=1.18 target=1.36 dtm=65.1 lead_gap= host_gap= lead_gap_t1= lead_gap_t2= lead_gap_t3= host_gap_t1= host_gap_t2= host_gap_t3=
obu-ramp-merge-2-1     | [31.8] Ramp_Merge_2 POST_CLEAR_CAR_FOLLOW: age=0.5 sid=104 gap=4.6 reason=same_lane_cam follow_spd=2.25 self_edge=:1487416310_0 self_lane=0 leader_edge= leader_lane=None lane_cmd_state=CLEAR
obu-ramp-merge-4-1     | [31.8] Ramp_Merge_4 MERGE_DECISION: auth=False phys=True fgok=True lgok=True hgok=True cok=True esok=False cready=True dtm=16.8 past=False committed=False hid=101 ra=None lclear=True hyok=False
obu-ramp-merge-3-1     | [31.9] Ramp_Merge_3 MCM_TX_REQUEST: manoeuvre=69 target=104
obu-ramp-merge-3-1     | MERGE_ATTEMPT_TIMELINE: vehicle=Ramp_Merge_3 manoeuvre=69 host=104 lead=102 event=ACCEPT_MATCHED t=31.9 edge=:390064918_0 lane=0 lane_cmd_state=WAIT_EDGE speed=3.82 target=6.75 dtm=4.9 lead_gap=180.07 host_gap=68.17 lead_gap_t1=180.07 lead_gap_t2=180.07 lead_gap_t3=180.07 host_gap_t1=68.17 host_gap_t2=68.17 host_gap_t3=68.17
obu-ramp-merge-3-1     | [31.9] Ramp_Merge_3 MCM_ACCEPT_MATCHED: host=104 manoeuvre=69
obu-ramp-merge-3-1     | MERGE_ATTEMPT_TIMELINE: vehicle=Ramp_Merge_3 manoeuvre=69 host=105 lead=102 event=AUTHORIZED t=31.9 edge=:390064918_0 lane=0 lane_cmd_state=WAIT_EDGE speed=3.82 target=4.00 dtm=4.9 lead_gap=180.07 host_gap=48.86 lead_gap_t1=180.07 lead_gap_t2=180.07 lead_gap_t3=180.07 host_gap_t1=48.86 host_gap_t2=48.86 host_gap_t3=48.86
obu-ramp-merge-3-1     | [31.9] Ramp_Merge_3 MERGE_AUTHORIZED_BY_MCM: host=104 manoeuvre=69
obu-ramp-merge-3-1     | [31.9] Ramp_Merge_3 MERGE_DECISION: auth=True phys=True fgok=True lgok=True hgok=True cok=True esok=False cready=True dtm=4.9 past=False committed=False hid=104 ra=2 lclear=True hyok=True
obu-ramp-merge-3-1     | [31.9] Ramp_Merge_3 MERGE_START_GAP_DIAG: event=resume lead=None host=104 lead_eta=None own_eta=1.2779614079611226 host_eta=10.490123701637033 lead_gap=None host_gap=68.17169588995218 lead_gap_p1=None lead_gap_p2=None lead_gap_p3=None host_gap_p1=68.17169588995218 host_gap_p2=68.17169588995218 host_gap_p3=68.17169588995218 rel_to_lead=None rel_to_host=-3.1760258656030325 lead_lat=None host_lat=0.2836639848741811 edge=:390064918_0 lane=0 lane_cmd_state=WAIT_EDGE lane_cmd_edge=:390064918_0 lane_cmd_target=1 lane_cmd_executable=False dtm=4.9 speed=3.82
obu-ramp-merge-3-1     | [31.9] Ramp_Merge_3 MERGE_PHYSICAL_RESUME: host=104 manoeuvre=69
traci-bridge-1         | LANE_CMD_APPLY veh=Ramp_Merge_2 edge=1331698336 from_lane=0 target=1 duration=2.00 mode=256 speed=3.23
traci-bridge-1         | LANE_CMD_STATE veh=Ramp_Merge_3 edge=34126779 lane=0 target=1 lane_count=1 recently=False speed=4.00
traci-bridge-1         | LANE_CMD_WAIT_EDGE veh=Ramp_Merge_3 edge=34126779 lane=0 target=1 lane_count=1
traci-bridge-1         | LANE_CMD_STATE veh=Ramp_Merge_4 edge=34126779 lane=0 target=1 lane_count=1 recently=False speed=4.16
traci-bridge-1         | LANE_CMD_WAIT_EDGE veh=Ramp_Merge_4 edge=34126779 lane=0 target=1 lane_count=1
traci-bridge-1         | LANE_CMD_STATE veh=Ramp_Merge_5 edge=34126779 lane=0 target=1 lane_count=1 recently=False speed=3.75
traci-bridge-1         | LANE_CMD_WAIT_EDGE veh=Ramp_Merge_5 edge=34126779 lane=0 target=1 lane_count=1
traci-bridge-1         | LANE_CMD_STATE veh=Ramp_Back edge=34126779 lane=0 target=1 lane_count=1 recently=False speed=3.74
traci-bridge-1         | LANE_CMD_WAIT_EDGE veh=Ramp_Back edge=34126779 lane=0 target=1 lane_count=1
traci-bridge-1         | LANE_CMD_STATE veh=Ramp_Merge_2 edge=1331698336 lane=0 target=1 lane_count=3 recently=True speed=2.78
traci-bridge-1         | LANE_CMD_STATE veh=Ramp_Merge_3 edge=34126779 lane=0 target=1 lane_count=1 recently=False speed=3.98
traci-bridge-1         | LANE_CMD_WAIT_EDGE veh=Ramp_Merge_3 edge=34126779 lane=0 target=1 lane_count=1
traci-bridge-1         | LANE_CMD_STATE veh=Ramp_Merge_4 edge=34126779 lane=0 target=1 lane_count=1 recently=False speed=4.17
traci-bridge-1         | LANE_CMD_WAIT_EDGE veh=Ramp_Merge_4 edge=34126779 lane=0 target=1 lane_count=1
traci-bridge-1         | LANE_CMD_STATE veh=Ramp_Merge_5 edge=34126779 lane=0 target=1 lane_count=1 recently=False speed=3.76
traci-bridge-1         | LANE_CMD_WAIT_EDGE veh=Ramp_Merge_5 edge=34126779 lane=0 target=1 lane_count=1
traci-bridge-1         | LANE_CMD_STATE veh=Ramp_Back edge=34126779 lane=0 target=1 lane_count=1 recently=False speed=3.73
traci-bridge-1         | LANE_CMD_WAIT_EDGE veh=Ramp_Back edge=34126779 lane=0 target=1 lane_count=1
traci-bridge-1         | LANE_CMD_STATE veh=Ramp_Merge_2 edge=1331698336 lane=0 target=1 lane_count=3 recently=True speed=2.33
traci-bridge-1         | LANE_CMD_STATE veh=Ramp_Merge_3 edge=34126779 lane=0 target=1 lane_count=1 recently=False speed=3.96
traci-bridge-1         | LANE_CMD_WAIT_EDGE veh=Ramp_Merge_3 edge=34126779 lane=0 target=1 lane_count=1
traci-bridge-1         | LANE_CMD_STATE veh=Ramp_Merge_4 edge=34126779 lane=0 target=1 lane_count=1 recently=False speed=4.18
traci-bridge-1         | LANE_CMD_WAIT_EDGE veh=Ramp_Merge_4 edge=34126779 lane=0 target=1 lane_count=1
traci-bridge-1         | LANE_CMD_STATE veh=Ramp_Merge_5 edge=34126779 lane=0 target=1 lane_count=1 recently=False speed=3.77
traci-bridge-1         | LANE_CMD_WAIT_EDGE veh=Ramp_Merge_5 edge=34126779 lane=0 target=1 lane_count=1
traci-bridge-1         | LANE_CMD_STATE veh=Ramp_Back edge=34126779 lane=0 target=1 lane_count=1 recently=False speed=3.72
traci-bridge-1         | LANE_CMD_WAIT_EDGE veh=Ramp_Back edge=34126779 lane=0 target=1 lane_count=1
traci-bridge-1         | LANE_CMD_STATE veh=Ramp_Merge_2 edge=1331698336 lane=1 target=1 lane_count=3 recently=True speed=1.88
traci-bridge-1         | LANE_CMD_CLEAR veh=Ramp_Merge_2 edge=1331698336 target=1
traci-bridge-1         | LANE_CMD_STATE veh=Ramp_Merge_3 edge=:390064918_0 lane=0 target=1 lane_count=1 recently=False speed=3.94
traci-bridge-1         | LANE_CMD_WAIT_EDGE veh=Ramp_Merge_3 edge=:390064918_0 lane=0 target=1 lane_count=1
traci-bridge-1         | LANE_CMD_STATE veh=Ramp_Merge_4 edge=34126779 lane=0 target=1 lane_count=1 recently=False speed=4.18
traci-bridge-1         | LANE_CMD_WAIT_EDGE veh=Ramp_Merge_4 edge=34126779 lane=0 target=1 lane_count=1
traci-bridge-1         | LANE_CMD_STATE veh=Ramp_Merge_5 edge=34126779 lane=0 target=1 lane_count=1 recently=False speed=3.78
traci-bridge-1         | LANE_CMD_WAIT_EDGE veh=Ramp_Merge_5 edge=34126779 lane=0 target=1 lane_count=1
traci-bridge-1         | LANE_CMD_STATE veh=Ramp_Back edge=34126779 lane=0 target=1 lane_count=1 recently=False speed=3.71
traci-bridge-1         | LANE_CMD_WAIT_EDGE veh=Ramp_Back edge=34126779 lane=0 target=1 lane_count=1
traci-bridge-1         | LANE_CMD_STATE veh=Ramp_Merge_3 edge=:390064918_0 lane=0 target=1 lane_count=1 recently=False speed=3.92
traci-bridge-1         | LANE_CMD_WAIT_EDGE veh=Ramp_Merge_3 edge=:390064918_0 lane=0 target=1 lane_count=1
traci-bridge-1         | LANE_CMD_STATE veh=Ramp_Merge_4 edge=34126779 lane=0 target=1 lane_count=1 recently=False speed=4.19
traci-bridge-1         | LANE_CMD_WAIT_EDGE veh=Ramp_Merge_4 edge=34126779 lane=0 target=1 lane_count=1
traci-bridge-1         | LANE_CMD_STATE veh=Ramp_Merge_5 edge=34126779 lane=0 target=1 lane_count=1 recently=False speed=3.78
traci-bridge-1         | LANE_CMD_WAIT_EDGE veh=Ramp_Merge_5 edge=34126779 lane=0 target=1 lane_count=1
traci-bridge-1         | LANE_CMD_STATE veh=Ramp_Back edge=34126779 lane=0 target=1 lane_count=1 recently=False speed=3.70
traci-bridge-1         | LANE_CMD_WAIT_EDGE veh=Ramp_Back edge=34126779 lane=0 target=1 lane_count=1
traci-bridge-1         | LANE_CMD_STATE veh=Ramp_Merge_2 edge=1331698336 lane=1 target=1 lane_count=3 recently=False speed=1.18
traci-bridge-1         | LANE_CMD_CLEAR veh=Ramp_Merge_2 edge=1331698336 target=1
traci-bridge-1         | LANE_CMD_STATE veh=Ramp_Merge_3 edge=:390064918_0 lane=0 target=1 lane_count=1 recently=False speed=3.90
traci-bridge-1         | LANE_CMD_WAIT_EDGE veh=Ramp_Merge_3 edge=:390064918_0 lane=0 target=1 lane_count=1
traci-bridge-1         | LANE_CMD_STATE veh=Ramp_Merge_4 edge=34126779 lane=0 target=1 lane_count=1 recently=False speed=4.18
traci-bridge-1         | LANE_CMD_WAIT_EDGE veh=Ramp_Merge_4 edge=34126779 lane=0 target=1 lane_count=1
traci-bridge-1         | LANE_CMD_STATE veh=Ramp_Merge_5 edge=34126779 lane=0 target=1 lane_count=1 recently=False speed=3.79
traci-bridge-1         | LANE_CMD_WAIT_EDGE veh=Ramp_Merge_5 edge=34126779 lane=0 target=1 lane_count=1
traci-bridge-1         | LANE_CMD_STATE veh=Ramp_Back edge=34126779 lane=0 target=1 lane_count=1 recently=False speed=3.71
traci-bridge-1         | LANE_CMD_WAIT_EDGE veh=Ramp_Back edge=34126779 lane=0 target=1 lane_count=1
traci-bridge-1         | LANE_CMD_STATE veh=Ramp_Merge_3 edge=:390064918_0 lane=0 target=1 lane_count=1 recently=False speed=3.88
traci-bridge-1         | LANE_CMD_WAIT_EDGE veh=Ramp_Merge_3 edge=:390064918_0 lane=0 target=1 lane_count=1
traci-bridge-1         | LANE_CMD_STATE veh=Ramp_Merge_4 edge=34126779 lane=0 target=1 lane_count=1 recently=False speed=4.19
traci-bridge-1         | LANE_CMD_WAIT_EDGE veh=Ramp_Merge_4 edge=34126779 lane=0 target=1 lane_count=1
traci-bridge-1         | LANE_CMD_STATE veh=Ramp_Merge_5 edge=34126779 lane=0 target=1 lane_count=1 recently=False speed=3.80
traci-bridge-1         | LANE_CMD_WAIT_EDGE veh=Ramp_Merge_5 edge=34126779 lane=0 target=1 lane_count=1
traci-bridge-1         | LANE_CMD_STATE veh=Ramp_Back edge=34126779 lane=0 target=1 lane_count=1 recently=False speed=3.72
traci-bridge-1         | LANE_CMD_WAIT_EDGE veh=Ramp_Back edge=34126779 lane=0 target=1 lane_count=1
traci-bridge-1         | LANE_CMD_STATE veh=Ramp_Merge_3 edge=:390064918_0 lane=0 target=1 lane_count=1 recently=False speed=3.86
traci-bridge-1         | LANE_CMD_WAIT_EDGE veh=Ramp_Merge_3 edge=:390064918_0 lane=0 target=1 lane_count=1
traci-bridge-1         | LANE_CMD_STATE veh=Ramp_Merge_4 edge=34126779 lane=0 target=1 lane_count=1 recently=False speed=4.19
traci-bridge-1         | LANE_CMD_WAIT_EDGE veh=Ramp_Merge_4 edge=34126779 lane=0 target=1 lane_count=1
traci-bridge-1         | LANE_CMD_STATE veh=Ramp_Merge_5 edge=34126779 lane=0 target=1 lane_count=1 recently=False speed=3.81
traci-bridge-1         | LANE_CMD_WAIT_EDGE veh=Ramp_Merge_5 edge=34126779 lane=0 target=1 lane_count=1
traci-bridge-1         | LANE_CMD_STATE veh=Ramp_Back edge=34126779 lane=0 target=1 lane_count=1 recently=False speed=3.73
traci-bridge-1         | LANE_CMD_WAIT_EDGE veh=Ramp_Back edge=34126779 lane=0 target=1 lane_count=1
traci-bridge-1         | LANE_CMD_STATE veh=Ramp_Merge_3 edge=:390064918_0 lane=0 target=1 lane_count=1 recently=False speed=3.84
traci-bridge-1         | LANE_CMD_WAIT_EDGE veh=Ramp_Merge_3 edge=:390064918_0 lane=0 target=1 lane_count=1
traci-bridge-1         | LANE_CMD_STATE veh=Ramp_Merge_4 edge=34126779 lane=0 target=1 lane_count=1 recently=False speed=4.20
traci-bridge-1         | LANE_CMD_WAIT_EDGE veh=Ramp_Merge_4 edge=34126779 lane=0 target=1 lane_count=1
traci-bridge-1         | LANE_CMD_STATE veh=Ramp_Merge_5 edge=34126779 lane=0 target=1 lane_count=1 recently=False speed=3.81
traci-bridge-1         | LANE_CMD_WAIT_EDGE veh=Ramp_Merge_5 edge=34126779 lane=0 target=1 lane_count=1
traci-bridge-1         | LANE_CMD_STATE veh=Ramp_Back edge=34126779 lane=0 target=1 lane_count=1 recently=False speed=3.74
traci-bridge-1         | LANE_CMD_WAIT_EDGE veh=Ramp_Back edge=34126779 lane=0 target=1 lane_count=1
traci-bridge-1         | LANE_CMD_STATE veh=Ramp_Merge_3 edge=:390064918_0 lane=0 target=1 lane_count=1 recently=False speed=3.82
traci-bridge-1         | LANE_CMD_WAIT_EDGE veh=Ramp_Merge_3 edge=:390064918_0 lane=0 target=1 lane_count=1
traci-bridge-1         | LANE_CMD_STATE veh=Ramp_Merge_4 edge=34126779 lane=0 target=1 lane_count=1 recently=False speed=4.21
traci-bridge-1         | LANE_CMD_WAIT_EDGE veh=Ramp_Merge_4 edge=34126779 lane=0 target=1 lane_count=1
traci-bridge-1         | LANE_CMD_STATE veh=Ramp_Merge_5 edge=34126779 lane=0 target=1 lane_count=1 recently=False speed=3.82
traci-bridge-1         | LANE_CMD_WAIT_EDGE veh=Ramp_Merge_5 edge=34126779 lane=0 target=1 lane_count=1
traci-bridge-1         | LANE_CMD_STATE veh=Ramp_Back edge=34126779 lane=0 target=1 lane_count=1 recently=False speed=3.75
traci-bridge-1         | LANE_CMD_WAIT_EDGE veh=Ramp_Back edge=34126779 lane=0 target=1 lane_count=1
traci-bridge-1         | LANE_CMD_STATE veh=Ramp_Merge_3 edge=:390064918_0 lane=0 target=1 lane_count=1 recently=False speed=3.81
traci-bridge-1         | LANE_CMD_WAIT_EDGE veh=Ramp_Merge_3 edge=:390064918_0 lane=0 target=1 lane_count=1
traci-bridge-1         | LANE_CMD_STATE veh=Ramp_Merge_4 edge=34126779 lane=0 target=1 lane_count=1 recently=False speed=4.06
traci-bridge-1         | LANE_CMD_WAIT_EDGE veh=Ramp_Merge_4 edge=34126779 lane=0 target=1 lane_count=1
obu-ramp-merge-3-1     | MERGE_ATTEMPT_TIMELINE: vehicle=Ramp_Merge_3 manoeuvre=69 host=104 lead=None event=WAIT_EDGE t=32.0 edge=:390064918_0 lane=0 lane_cmd_state=WAIT_EDGE speed=3.81 target=6.75 dtm=5.0 lead_gap= host_gap=67.79 lead_gap_t1= lead_gap_t2= lead_gap_t3= host_gap_t1=67.79 host_gap_t2=67.79 host_gap_t3=67.79
obu-ramp-merge-3-1     | [32.0] Ramp_Merge_3 MERGE_COMMIT_WAIT_LANE_AVAILABLE: edge=:390064918_0 lane=0 target_lane=1 lane_count=1 executable=False speed=3.81 dtm=5.0
obu-ramp-merge-3-1     | [32.1] Ramp_Merge_3 MERGE_LANE_APPLY_CONFIRMED: edge=1331698336 lane=0 target_lane=1 lane_count=3 executable=True
obu-ramp-merge-3-1     | MERGE_ATTEMPT_TIMELINE: vehicle=Ramp_Merge_3 manoeuvre=69 host=104 lead=None event=CLEAR t=32.2 edge=1331698336 lane=1 lane_cmd_state=CLEAR speed=3.80 target=3.99 dtm=2.5 lead_gap= host_gap=51.79 lead_gap_t1= lead_gap_t2= lead_gap_t3= host_gap_t1=51.79 host_gap_t2=51.79 host_gap_t3=51.79
obu-ramp-merge-3-1     | [32.2] Ramp_Merge_3 MERGE_LANE_CLEAR_CONFIRMED: edge=1331698336 lane=1 target_lane=1 lane_count=3 executable=False
obu-ramp-merge-3-1     | MERGE_ATTEMPT_TIMELINE: vehicle=Ramp_Merge_3 manoeuvre=69 host=104 lead=None event=COMPLETED t=32.2 edge=1331698336 lane=1 lane_cmd_state=CLEAR speed=3.80 target=6.75 dtm=2.5 lead_gap= host_gap=51.79 lead_gap_t1= lead_gap_t2= lead_gap_t3= host_gap_t1=51.79 host_gap_t2=51.79 host_gap_t3=51.79
obu-ramp-merge-3-1     | [32.2] Ramp_Merge_3 MERGE_COMPLETED: eid=1331698336 lane=1 clean=True
obu-ramp-merge-3-1     | [32.2] Ramp_Merge_3 role=merge state=MERGING->CRUISE speed=3.80 target=7.50 neighbors=11
obu-ramp-merge-5-1     | [32.5] Ramp_Merge_5 MCM_RX_ACCEPT: from=102 manoeuvre=129 target=111
obu-ramp-merge-4-1     | [32.5] Ramp_Merge_4 MCM_RX_REJECT: from=101 manoeuvre=97 target=110
obu-ramp-back-1        | [32.5] Ramp_Back MERGE_COMMIT_WAIT_LANE_AVAILABLE: edge=34126779 lane=0 target_lane=1 lane_count=1 executable=False speed=3.79 dtm=46.8
obu-ramp-back-1        | [32.5] Ramp_Back role=merge state=MERGING->MERGING speed=3.79 target=3.97 neighbors=11
obu-host-car-1         | [32.5] Host_Car MCM_RX_REQUEST: from=109 manoeuvre=69 target=104
obu-main-back-right-1  | [32.5] Main_Back_Right role=cruise state=CRUISE->CRUISE speed=5.49 target=7.50 neighbors=11
obu-host-car-1         | [32.5] Host_Car MCM_RX_REQUEST: from=109 manoeuvre=69 target=104
obu-lead-car-1         | HOST_RESERVATION_RELEASE_AFTER_CLEAR: host=Lead_Car ramp=109 manoeuvre=68 reason=completed ramp_fsm=CRUISE ramp_lcs=CLEAR ramp_edge=1331698336 ramp_merge_completed=True
obu-lead-car-1         | HOST_RESERVATION_START: host=Lead_Car ramp=110 manoeuvre=97 until=36.5 own_speed=7.50 target_speed=7.50 required_speed=7.50 gap_eta=25.66
obu-lead-car-1         | [32.5] Lead_Car HOST_RESERVED: merge=110 manoeuvre=97 until=36.5 target_spd=7.50
obu-lead-car-1         | [32.5] Lead_Car MCM_TX_ACCEPT: manoeuvre=97 target=110
obu-lead-car-1         | [32.5] Lead_Car role=host state=YIELDING->CRUISE speed=7.50 target=7.50 neighbors=11
obu-main-front-left-1  | HOST_RESERVATION_EXTEND_UNTIL_CLEAR: host=Main_Front_Left ramp=111 manoeuvre=129 new_remaining=4.0 ramp_lcs=WAIT_EDGE ramp_edge=34126779
obu-main-front-left-1  | HOST_RESERVATION_HOLD: host=Main_Front_Left ramp=111 manoeuvre=129 remaining=4.0 own_speed=7.50 target_speed=7.50 ramp_fsm=MERGING ramp_lane_cmd_state=WAIT_EDGE ramp_edge=34126779 ramp_lane=0 ramp_merge_completed=False ramp_merge_committed=True
obu-main-front-left-1  | [32.5] Main_Front_Left HOST_HOLD_YIELD: for merge=111 spd=7.50
obu-main-front-left-1  | [32.5] Main_Front_Left MCM_TX_ACCEPT: manoeuvre=129 target=111
obu-main-front-left-1  | [32.5] Main_Front_Left role=host state=YIELDING->YIELDING speed=7.50 target=7.50 neighbors=11
obu-ramp-merge-3-1     | [32.5] Ramp_Merge_3 MCM_RX_ACCEPT: from=104 manoeuvre=69 target=109
obu-ramp-merge-3-1     | [32.5] Ramp_Merge_3 MCM_RX_ACCEPT: from=101 manoeuvre=68 target=109
obu-ramp-merge-5-1     | [32.5] Ramp_Merge_5 MERGE_COMMIT_WAIT_LANE_AVAILABLE: edge=34126779 lane=0 target_lane=1 lane_count=1 executable=False speed=3.87 dtm=31.6
obu-ramp-merge-2-1     | [32.5] Ramp_Merge_2 role=cruise state=YIELDING->CRUISE speed=1.19 target=7.50 neighbors=11
obu-ramp-merge-4-1     | [32.5] Ramp_Merge_4 MERGE_DECISION: auth=False phys=True fgok=True lgok=True hgok=True cok=True esok=False cready=True dtm=13.9 past=False committed=False hid=101 ra=None lclear=True hyok=False
obu-ramp-merge-4-1     | [32.5] Ramp_Merge_4 role=merge state=NEGOTIATING->NEGOTIATING speed=4.00 target=4.18 neighbors=11
obu-host-car-1         | HOST_RESERVATION_RELEASE_AFTER_CLEAR: host=Host_Car ramp=109 manoeuvre=69 reason=completed ramp_fsm=CRUISE ramp_lcs=CLEAR ramp_edge=1331698336 ramp_merge_completed=True
obu-main-mid-right-1   | [32.6] Main_Mid_Right role=cruise state=CRUISE->CRUISE speed=7.38 target=7.50 neighbors=11
obu-host-car-1         | HOST_RESERVATION_START: host=Host_Car ramp=109 manoeuvre=69 until=36.5 own_speed=7.48 target_speed=7.48 required_speed=7.48 gap_eta=9.59
obu-host-car-1         | [32.5] Host_Car HOST_RESERVED: merge=109 manoeuvre=69 until=36.5 target_spd=7.48
obu-main-back-left-1   | [32.5] Main_Back_Left CAR_FOLLOW: sid=108 edge=1331698336 lane=1 leader_edge= leader_lane=None leader_role_hint=ramp self_merge_completed=False self_merge_completed_age=-1.0 self_merge_committed=False lane_cmd_state=None lane_cmd_edge=None lane_cmd_target=None lane_cmd_executable=None same_lane=True reason=same_lane_cam gap=3.0 follow_spd=2.25 emergency=False target_before=7.5 target_after=2.1388563079346476
obu-host-car-1         | [32.6] Host_Car MCM_TX_ACCEPT: manoeuvre=69 target=109
obu-host-car-1         | [32.5] Host_Car role=host state=YIELDING->CRUISE speed=7.48 target=7.50 neighbors=11
obu-ramp-merge-4-1     | [32.6] Ramp_Merge_4 MCM_RX_ACCEPT: from=101 manoeuvre=97 target=110
obu-ramp-merge-3-1     | [32.6] Ramp_Merge_3 MCM_RX_ACCEPT: from=104 manoeuvre=69 target=109
obu-lead-car-1         | HOST_RESERVATION_EXTEND_UNTIL_CLEAR: host=Lead_Car ramp=110 manoeuvre=97 new_remaining=4.0 ramp_lcs=WAIT_EDGE ramp_edge=34126779
obu-lead-car-1         | HOST_RESERVATION_HOLD: host=Lead_Car ramp=110 manoeuvre=97 remaining=4.0 own_speed=7.50 target_speed=7.50 ramp_fsm=NEGOTIATING ramp_lane_cmd_state=WAIT_EDGE ramp_edge=34126779 ramp_lane=0 ramp_merge_completed=False ramp_merge_committed=False
obu-lead-car-1         | [32.6] Lead_Car HOST_HOLD_YIELD: for merge=110 spd=7.50
obu-merge-car-1        | [32.6] Merge_Car role=cruise state=CRUISE->CRUISE speed=7.50 target=7.50 neighbors=11
obu-main-front-left-1  | HOST_RESERVATION_EXTEND_UNTIL_CLEAR: host=Main_Front_Left ramp=111 manoeuvre=129 new_remaining=4.0 ramp_lcs=WAIT_EDGE ramp_edge=34126779
obu-main-front-left-1  | HOST_RESERVATION_HOLD: host=Main_Front_Left ramp=111 manoeuvre=129 remaining=4.0 own_speed=7.50 target_speed=7.50 ramp_fsm=MERGING ramp_lane_cmd_state=WAIT_EDGE ramp_edge=34126779 ramp_lane=0 ramp_merge_completed=False ramp_merge_committed=True
obu-main-front-left-1  | [32.6] Main_Front_Left HOST_HOLD_YIELD: for merge=111 spd=7.50
obu-ramp-merge-5-1     | [32.6] Ramp_Merge_5 MERGE_COMMIT_WAIT_LANE_AVAILABLE: edge=34126779 lane=0 target_lane=1 lane_count=1 executable=False speed=3.87 dtm=31.2
obu-ramp-merge-5-1     | [32.6] Ramp_Merge_5 MCM_RX_ACCEPT: from=102 manoeuvre=129 target=111
obu-ramp-merge-4-1     | [32.6] Ramp_Merge_4 FINAL_GUARD: REJECTED blind merge with main traffic
obu-ramp-merge-4-1     | [32.6] Ramp_Merge_4 MERGE_DECISION: auth=False phys=True fgok=False lgok=True hgok=True cok=True esok=False cready=True dtm=13.6 past=False committed=False hid=None ra=None lclear=True hyok=True
obu-main-back-left-1   | [32.6] Main_Back_Left CAR_FOLLOW: sid=108 edge=1331698336 lane=1 leader_edge= leader_lane=None leader_role_hint=ramp self_merge_completed=False self_merge_completed_age=-1.0 self_merge_committed=False lane_cmd_state=None lane_cmd_edge=None lane_cmd_target=None lane_cmd_executable=None same_lane=True reason=same_lane_cam gap=3.8 follow_spd=2.25 emergency=False target_before=7.5 target_after=1.6888563079346477
obu-main-back-left-1   | [32.6] Main_Back_Left role=cruise state=YIELDING->YIELDING speed=1.51 target=1.69 neighbors=11
obu-host-car-1         | HOST_RESERVATION_RELEASE_AFTER_CLEAR: host=Host_Car ramp=109 manoeuvre=69 reason=completed ramp_fsm=CRUISE ramp_lcs=CLEAR ramp_edge=1331698336 ramp_merge_completed=True
obu-host-car-1         | HOST_RESERVATION_START: host=Host_Car ramp=109 manoeuvre=69 until=36.6 own_speed=7.48 target_speed=7.48 required_speed=7.48 gap_eta=9.69
obu-host-car-1         | [32.6] Host_Car HOST_RESERVED: merge=109 manoeuvre=69 until=36.6 target_spd=7.48
obu-lead-car-1         | HOST_RESERVATION_EXTEND_UNTIL_CLEAR: host=Lead_Car ramp=110 manoeuvre=97 new_remaining=4.0 ramp_lcs=WAIT_EDGE ramp_edge=34126779
obu-lead-car-1         | HOST_RESERVATION_HOLD: host=Lead_Car ramp=110 manoeuvre=97 remaining=4.0 own_speed=7.50 target_speed=7.50 ramp_fsm=NEGOTIATING ramp_lane_cmd_state=WAIT_EDGE ramp_edge=34126779 ramp_lane=0 ramp_merge_completed=False ramp_merge_committed=False
obu-lead-car-1         | [32.8] Lead_Car HOST_HOLD_YIELD: for merge=110 spd=7.50
obu-lead-car-1         | [32.8] Lead_Car MCM_TX_ACCEPT: manoeuvre=97 target=110
obu-main-front-left-1  | HOST_RESERVATION_EXTEND_UNTIL_CLEAR: host=Main_Front_Left ramp=111 manoeuvre=129 new_remaining=4.0 ramp_lcs=WAIT_EDGE ramp_edge=34126779
obu-main-front-left-1  | HOST_RESERVATION_HOLD: host=Main_Front_Left ramp=111 manoeuvre=129 remaining=4.0 own_speed=7.50 target_speed=7.50 ramp_fsm=MERGING ramp_lane_cmd_state=WAIT_EDGE ramp_edge=34126779 ramp_lane=0 ramp_merge_completed=False ramp_merge_committed=True
obu-main-front-left-1  | [32.9] Main_Front_Left HOST_HOLD_YIELD: for merge=111 spd=7.50
obu-main-front-left-1  | [32.9] Main_Front_Left MCM_TX_ACCEPT: manoeuvre=129 target=111
obu-ramp-merge-5-1     | [32.7] Ramp_Merge_5 MERGE_COMMIT_WAIT_LANE_AVAILABLE: edge=34126779 lane=0 target_lane=1 lane_count=1 executable=False speed=3.88 dtm=30.8
obu-ramp-merge-4-1     | [32.7] Ramp_Merge_4 FINAL_GUARD: REJECTED blind merge with main traffic
obu-ramp-merge-4-1     | [32.7] Ramp_Merge_4 MERGE_DECISION: auth=False phys=True fgok=False lgok=True hgok=True cok=True esok=False cready=True dtm=13.2 past=False committed=False hid=None ra=None lclear=True hyok=True
obu-ramp-merge-4-1     | [32.7] Ramp_Merge_4 CAR_FOLLOW: sid=109 edge=34126779 lane=0 leader_edge= leader_lane=None leader_role_hint=ramp self_merge_completed=False self_merge_completed_age=-1.0 self_merge_committed=False lane_cmd_state=WAIT_EDGE lane_cmd_edge=34126779 lane_cmd_target=1 lane_cmd_executable=False same_lane=True reason=same_lane_cam gap=10.0 follow_spd=2.99 emergency=False target_before=4.103585317296724 target_after=3.6735853172967237
obu-main-back-left-1   | [32.8] Main_Back_Left CAR_FOLLOW: sid=108 edge=1331698336 lane=1 leader_edge= leader_lane=None leader_role_hint=ramp self_merge_completed=False self_merge_completed_age=-1.0 self_merge_committed=False lane_cmd_state=None lane_cmd_edge=None lane_cmd_target=None lane_cmd_executable=None same_lane=True reason=same_lane_cam gap=3.5 follow_spd=2.25 emergency=False target_before=7.5 target_after=1.628174990998837
obu-host-car-1         | HOST_RESERVATION_RELEASE_AFTER_CLEAR: host=Host_Car ramp=109 manoeuvre=69 reason=completed ramp_fsm=CRUISE ramp_lcs=CLEAR ramp_edge=1331698336 ramp_merge_completed=True
obu-host-car-1         | HOST_RESERVATION_START: host=Host_Car ramp=109 manoeuvre=69 until=36.7 own_speed=7.48 target_speed=7.48 required_speed=7.48 gap_eta=9.79
obu-host-car-1         | [32.7] Host_Car HOST_RESERVED: merge=109 manoeuvre=69 until=36.7 target_spd=7.48
obu-lead-car-1         | HOST_RESERVATION_EXTEND_UNTIL_CLEAR: host=Lead_Car ramp=110 manoeuvre=97 new_remaining=4.0 ramp_lcs=WAIT_EDGE ramp_edge=34126779
obu-lead-car-1         | HOST_RESERVATION_HOLD: host=Lead_Car ramp=110 manoeuvre=97 remaining=4.0 own_speed=7.50 target_speed=7.50 ramp_fsm=NEGOTIATING ramp_lane_cmd_state=WAIT_EDGE ramp_edge=34126779 ramp_lane=0 ramp_merge_completed=False ramp_merge_committed=False
obu-lead-car-1         | [33.0] Lead_Car HOST_HOLD_YIELD: for merge=110 spd=7.50
obu-main-front-left-1  | HOST_RESERVATION_EXTEND_UNTIL_CLEAR: host=Main_Front_Left ramp=111 manoeuvre=129 new_remaining=4.0 ramp_lcs=WAIT_EDGE ramp_edge=34126779
obu-main-front-left-1  | HOST_RESERVATION_HOLD: host=Main_Front_Left ramp=111 manoeuvre=129 remaining=4.0 own_speed=7.50 target_speed=7.50 ramp_fsm=MERGING ramp_lane_cmd_state=WAIT_EDGE ramp_edge=34126779 ramp_lane=0 ramp_merge_completed=False ramp_merge_committed=True
obu-main-front-left-1  | [33.0] Main_Front_Left HOST_HOLD_YIELD: for merge=111 spd=7.50
obu-ramp-merge-5-1     | [32.9] Ramp_Merge_5 MERGE_COMMIT_WAIT_LANE_AVAILABLE: edge=34126779 lane=0 target_lane=1 lane_count=1 executable=False speed=3.90 dtm=30.0
obu-ramp-merge-5-1     | [32.9] Ramp_Merge_5 role=merge state=MERGING->MERGING speed=3.90 target=4.08 neighbors=11
obu-ramp-merge-4-1     | [32.9] Ramp_Merge_4 FINAL_GUARD: REJECTED blind merge with main traffic
obu-ramp-merge-4-1     | [32.9] Ramp_Merge_4 MERGE_DECISION: auth=False phys=True fgok=False lgok=True hgok=True cok=True esok=False cready=True dtm=12.5 past=False committed=False hid=None ra=None lclear=True hyok=True
obu-ramp-merge-4-1     | [32.9] Ramp_Merge_4 CAR_FOLLOW: sid=109 edge=34126779 lane=0 leader_edge= leader_lane=None leader_role_hint=ramp self_merge_completed=False self_merge_completed_age=-1.0 self_merge_committed=False lane_cmd_state=WAIT_EDGE lane_cmd_edge=34126779 lane_cmd_target=1 lane_cmd_executable=False same_lane=True reason=same_lane_cam gap=9.2 follow_spd=2.76 emergency=False target_before=4.1235053108485005 target_after=3.6935053108485008
obu-main-back-left-1   | [33.0] Main_Back_Left CAR_FOLLOW: sid=108 edge=1331698336 lane=1 leader_edge= leader_lane=None leader_role_hint=ramp self_merge_completed=False self_merge_completed_age=-1.0 self_merge_committed=False lane_cmd_state=None lane_cmd_edge=None lane_cmd_target=None lane_cmd_executable=None same_lane=True reason=same_lane_cam gap=3.2 follow_spd=2.25 emergency=False target_before=7.5 target_after=1.6250805754752826
obu-host-car-1         | HOST_RESERVATION_RELEASE_AFTER_CLEAR: host=Host_Car ramp=109 manoeuvre=69 reason=completed ramp_fsm=CRUISE ramp_lcs=CLEAR ramp_edge=1331698336 ramp_merge_completed=True
obu-host-car-1         | HOST_RESERVATION_START: host=Host_Car ramp=109 manoeuvre=69 until=37.0 own_speed=7.48 target_speed=7.48 required_speed=7.48 gap_eta=10.09
obu-host-car-1         | [33.0] Host_Car HOST_RESERVED: merge=109 manoeuvre=69 until=37.0 target_spd=7.48
obu-host-car-1         | [33.0] Host_Car MCM_TX_ACCEPT: manoeuvre=69 target=109
obu-lead-car-1         | HOST_RESERVATION_EXTEND_UNTIL_CLEAR: host=Lead_Car ramp=110 manoeuvre=97 new_remaining=4.0 ramp_lcs=WAIT_EDGE ramp_edge=34126779
obu-lead-car-1         | HOST_RESERVATION_HOLD: host=Lead_Car ramp=110 manoeuvre=97 remaining=4.0 own_speed=7.50 target_speed=7.50 ramp_fsm=NEGOTIATING ramp_lane_cmd_state=WAIT_EDGE ramp_edge=34126779 ramp_lane=0 ramp_merge_completed=False ramp_merge_committed=False
obu-lead-car-1         | [33.1] Lead_Car HOST_HOLD_YIELD: for merge=110 spd=7.50
obu-lead-car-1         | [33.1] Lead_Car MCM_TX_ACCEPT: manoeuvre=97 target=110
obu-main-front-left-1  | HOST_RESERVATION_EXTEND_UNTIL_CLEAR: host=Main_Front_Left ramp=111 manoeuvre=129 new_remaining=4.0 ramp_lcs=WAIT_EDGE ramp_edge=34126779
obu-main-front-left-1  | HOST_RESERVATION_HOLD: host=Main_Front_Left ramp=111 manoeuvre=129 remaining=4.0 own_speed=7.50 target_speed=7.50 ramp_fsm=MERGING ramp_lane_cmd_state=WAIT_EDGE ramp_edge=34126779 ramp_lane=0 ramp_merge_completed=False ramp_merge_committed=True
obu-main-front-left-1  | [33.2] Main_Front_Left HOST_HOLD_YIELD: for merge=111 spd=7.50
obu-main-front-left-1  | [33.2] Main_Front_Left MCM_TX_ACCEPT: manoeuvre=129 target=111
obu-ramp-merge-5-1     | [33.1] Ramp_Merge_5 MERGE_COMMIT_WAIT_LANE_AVAILABLE: edge=34126779 lane=0 target_lane=1 lane_count=1 executable=False speed=3.91 dtm=29.3
obu-ramp-merge-4-1     | [33.1] Ramp_Merge_4 FINAL_GUARD: REJECTED blind merge with main traffic
obu-ramp-merge-4-1     | [33.1] Ramp_Merge_4 MERGE_DECISION: auth=False phys=True fgok=False lgok=True hgok=True cok=True esok=False cready=True dtm=11.8 past=False committed=False hid=None ra=None lclear=True hyok=True
obu-ramp-merge-4-1     | [33.1] Ramp_Merge_4 CAR_FOLLOW: sid=109 edge=34126779 lane=0 leader_edge= leader_lane=None leader_role_hint=ramp self_merge_completed=False self_merge_completed_age=-1.0 self_merge_committed=False lane_cmd_state=WAIT_EDGE lane_cmd_edge=34126779 lane_cmd_target=1 lane_cmd_executable=False same_lane=True reason=same_lane_cam gap=8.4 follow_spd=2.62 emergency=False target_before=4.116463402321205 target_after=3.6864634023212055
obu-main-back-left-1   | [33.2] Main_Back_Left CAR_FOLLOW: sid=108 edge=1331698336 lane=1 leader_edge= leader_lane=None leader_role_hint=ramp self_merge_completed=False self_merge_completed_age=-1.0 self_merge_committed=False lane_cmd_state=None lane_cmd_edge=None lane_cmd_target=None lane_cmd_executable=None same_lane=True reason=same_lane_cam gap=2.9 follow_spd=2.25 emergency=False target_before=7.5 target_after=1.6250805754752826
obu-host-car-1         | HOST_RESERVATION_RELEASE_AFTER_CLEAR: host=Host_Car ramp=109 manoeuvre=69 reason=completed ramp_fsm=CRUISE ramp_lcs=CLEAR ramp_edge=1331698336 ramp_merge_completed=True
obu-host-car-1         | HOST_RESERVATION_START: host=Host_Car ramp=109 manoeuvre=69 until=37.2 own_speed=7.48 target_speed=7.48 required_speed=7.48 gap_eta=10.29
obu-host-car-1         | [33.2] Host_Car HOST_RESERVED: merge=109 manoeuvre=69 until=37.2 target_spd=7.48
obu-ramp-back-1        | [33.3] Ramp_Back MERGE_COMMIT_WAIT_LANE_AVAILABLE: edge=34126779 lane=0 target_lane=1 lane_count=1 executable=False speed=3.85 dtm=44.0
obu-ramp-back-1        | [33.3] Ramp_Back FINAL_GUARD: REJECTED slot-boundary ETA sid=104
obu-ramp-back-1        | [33.3] Ramp_Back MERGE_COMMIT_SAFETY_HOLD: lgok=False hgok=True fgok=False edge=34126779 lane=0 target_lane=1 speed=3.85 lane_cmd_state=WAIT_EDGE lane_cmd_executable=False lane_cmd_edge=34126779 lane_cmd_lane_count=1
obu-ramp-merge-5-1     | [33.3] Ramp_Merge_5 MCM_RX_ACCEPT: from=102 manoeuvre=129 target=111
obu-ramp-merge-4-1     | [33.3] Ramp_Merge_4 MCM_RX_ACCEPT: from=101 manoeuvre=97 target=110
obu-ramp-merge-4-1     | [33.3] Ramp_Merge_4 MCM_RX_ACCEPT: from=101 manoeuvre=97 target=110
obu-ramp-merge-5-1     | [33.3] Ramp_Merge_5 MCM_RX_ACCEPT: from=102 manoeuvre=129 target=111
obu-ramp-merge-3-1     | [33.3] Ramp_Merge_3 MCM_RX_ACCEPT: from=104 manoeuvre=69 target=109
obu-lead-car-1         | HOST_RESERVATION_EXTEND_UNTIL_CLEAR: host=Lead_Car ramp=110 manoeuvre=97 new_remaining=4.0 ramp_lcs=WAIT_EDGE ramp_edge=34126779
obu-lead-car-1         | HOST_RESERVATION_HOLD: host=Lead_Car ramp=110 manoeuvre=97 remaining=4.0 own_speed=7.50 target_speed=7.50 ramp_fsm=YIELDING ramp_lane_cmd_state=WAIT_EDGE ramp_edge=34126779 ramp_lane=0 ramp_merge_completed=False ramp_merge_committed=False
obu-lead-car-1         | [33.4] Lead_Car HOST_HOLD_YIELD: for merge=110 spd=7.50
obu-lead-car-1         | [33.4] Lead_Car MCM_TX_ACCEPT: manoeuvre=97 target=110
obu-main-front-left-1  | HOST_RESERVATION_EXTEND_UNTIL_CLEAR: host=Main_Front_Left ramp=111 manoeuvre=129 new_remaining=4.0 ramp_lcs=WAIT_EDGE ramp_edge=34126779
obu-main-front-left-1  | HOST_RESERVATION_HOLD: host=Main_Front_Left ramp=111 manoeuvre=129 remaining=4.0 own_speed=7.50 target_speed=7.50 ramp_fsm=MERGING ramp_lane_cmd_state=WAIT_EDGE ramp_edge=34126779 ramp_lane=0 ramp_merge_completed=False ramp_merge_committed=True
obu-main-front-left-1  | [33.4] Main_Front_Left HOST_HOLD_YIELD: for merge=111 spd=7.50
obu-ramp-merge-5-1     | [33.3] Ramp_Merge_5 MERGE_COMMIT_WAIT_LANE_AVAILABLE: edge=34126779 lane=0 target_lane=1 lane_count=1 executable=False speed=3.93 dtm=28.5
traci-bridge-1         | LANE_CMD_STATE veh=Ramp_Merge_5 edge=34126779 lane=0 target=1 lane_count=1 recently=False speed=3.83
traci-bridge-1         | LANE_CMD_WAIT_EDGE veh=Ramp_Merge_5 edge=34126779 lane=0 target=1 lane_count=1
traci-bridge-1         | LANE_CMD_STATE veh=Ramp_Back edge=34126779 lane=0 target=1 lane_count=1 recently=False speed=3.75
traci-bridge-1         | LANE_CMD_WAIT_EDGE veh=Ramp_Back edge=34126779 lane=0 target=1 lane_count=1
traci-bridge-1         | LANE_CMD_STATE veh=Ramp_Merge_3 edge=1331698336 lane=0 target=1 lane_count=3 recently=False speed=3.79
traci-bridge-1         | LANE_CMD_APPLY veh=Ramp_Merge_3 edge=1331698336 from_lane=0 target=1 duration=2.00 mode=256 speed=3.79
traci-bridge-1         | LANE_CMD_STATE veh=Ramp_Merge_4 edge=34126779 lane=0 target=1 lane_count=1 recently=False speed=4.08
traci-bridge-1         | LANE_CMD_WAIT_EDGE veh=Ramp_Merge_4 edge=34126779 lane=0 target=1 lane_count=1
traci-bridge-1         | LANE_CMD_STATE veh=Ramp_Merge_5 edge=34126779 lane=0 target=1 lane_count=1 recently=False speed=3.84
traci-bridge-1         | LANE_CMD_WAIT_EDGE veh=Ramp_Merge_5 edge=34126779 lane=0 target=1 lane_count=1
traci-bridge-1         | LANE_CMD_STATE veh=Ramp_Back edge=34126779 lane=0 target=1 lane_count=1 recently=False speed=3.76
traci-bridge-1         | LANE_CMD_WAIT_EDGE veh=Ramp_Back edge=34126779 lane=0 target=1 lane_count=1
traci-bridge-1         | LANE_CMD_STATE veh=Ramp_Merge_3 edge=1331698336 lane=1 target=1 lane_count=3 recently=True speed=3.80
traci-bridge-1         | LANE_CMD_CLEAR veh=Ramp_Merge_3 edge=1331698336 target=1
traci-bridge-1         | LANE_CMD_STATE veh=Ramp_Merge_4 edge=34126779 lane=0 target=1 lane_count=1 recently=False speed=4.09
traci-bridge-1         | LANE_CMD_WAIT_EDGE veh=Ramp_Merge_4 edge=34126779 lane=0 target=1 lane_count=1
traci-bridge-1         | LANE_CMD_STATE veh=Ramp_Merge_5 edge=34126779 lane=0 target=1 lane_count=1 recently=False speed=3.84
traci-bridge-1         | LANE_CMD_WAIT_EDGE veh=Ramp_Merge_5 edge=34126779 lane=0 target=1 lane_count=1
traci-bridge-1         | LANE_CMD_STATE veh=Ramp_Back edge=34126779 lane=0 target=1 lane_count=1 recently=False speed=3.77
traci-bridge-1         | LANE_CMD_WAIT_EDGE veh=Ramp_Back edge=34126779 lane=0 target=1 lane_count=1
traci-bridge-1         | LANE_CMD_STATE veh=Ramp_Merge_3 edge=1331698336 lane=1 target=1 lane_count=3 recently=False speed=3.81
traci-bridge-1         | LANE_CMD_CLEAR veh=Ramp_Merge_3 edge=1331698336 target=1
traci-bridge-1         | LANE_CMD_STATE veh=Ramp_Merge_4 edge=34126779 lane=0 target=1 lane_count=1 recently=False speed=3.96
traci-bridge-1         | LANE_CMD_WAIT_EDGE veh=Ramp_Merge_4 edge=34126779 lane=0 target=1 lane_count=1
traci-bridge-1         | LANE_CMD_STATE veh=Ramp_Merge_5 edge=34126779 lane=0 target=1 lane_count=1 recently=False speed=3.85
traci-bridge-1         | LANE_CMD_WAIT_EDGE veh=Ramp_Merge_5 edge=34126779 lane=0 target=1 lane_count=1
traci-bridge-1         | LANE_CMD_STATE veh=Ramp_Back edge=34126779 lane=0 target=1 lane_count=1 recently=False speed=3.78
traci-bridge-1         | LANE_CMD_WAIT_EDGE veh=Ramp_Back edge=34126779 lane=0 target=1 lane_count=1
traci-bridge-1         | LANE_CMD_STATE veh=Ramp_Merge_4 edge=34126779 lane=0 target=1 lane_count=1 recently=False speed=3.98
traci-bridge-1         | LANE_CMD_WAIT_EDGE veh=Ramp_Merge_4 edge=34126779 lane=0 target=1 lane_count=1
traci-bridge-1         | LANE_CMD_STATE veh=Ramp_Merge_5 edge=34126779 lane=0 target=1 lane_count=1 recently=False speed=3.86
traci-bridge-1         | LANE_CMD_WAIT_EDGE veh=Ramp_Merge_5 edge=34126779 lane=0 target=1 lane_count=1
traci-bridge-1         | LANE_CMD_STATE veh=Ramp_Back edge=34126779 lane=0 target=1 lane_count=1 recently=False speed=3.79
traci-bridge-1         | LANE_CMD_WAIT_EDGE veh=Ramp_Back edge=34126779 lane=0 target=1 lane_count=1
traci-bridge-1         | LANE_CMD_STATE veh=Ramp_Merge_4 edge=34126779 lane=0 target=1 lane_count=1 recently=False speed=4.00
traci-bridge-1         | LANE_CMD_WAIT_EDGE veh=Ramp_Merge_4 edge=34126779 lane=0 target=1 lane_count=1
traci-bridge-1         | LANE_CMD_STATE veh=Ramp_Merge_5 edge=34126779 lane=0 target=1 lane_count=1 recently=False speed=3.87
traci-bridge-1         | LANE_CMD_WAIT_EDGE veh=Ramp_Merge_5 edge=34126779 lane=0 target=1 lane_count=1
traci-bridge-1         | LANE_CMD_STATE veh=Ramp_Back edge=34126779 lane=0 target=1 lane_count=1 recently=False speed=3.79
traci-bridge-1         | LANE_CMD_WAIT_EDGE veh=Ramp_Back edge=34126779 lane=0 target=1 lane_count=1
traci-bridge-1         | LANE_CMD_STATE veh=Ramp_Merge_4 edge=34126779 lane=0 target=1 lane_count=1 recently=False speed=3.90
traci-bridge-1         | LANE_CMD_WAIT_EDGE veh=Ramp_Merge_4 edge=34126779 lane=0 target=1 lane_count=1
traci-bridge-1         | LANE_CMD_STATE veh=Ramp_Merge_5 edge=34126779 lane=0 target=1 lane_count=1 recently=False speed=3.87
traci-bridge-1         | LANE_CMD_WAIT_EDGE veh=Ramp_Merge_5 edge=34126779 lane=0 target=1 lane_count=1
traci-bridge-1         | LANE_CMD_STATE veh=Ramp_Back edge=34126779 lane=0 target=1 lane_count=1 recently=False speed=3.80
traci-bridge-1         | LANE_CMD_WAIT_EDGE veh=Ramp_Back edge=34126779 lane=0 target=1 lane_count=1
traci-bridge-1         | LANE_CMD_STATE veh=Ramp_Merge_4 edge=34126779 lane=0 target=1 lane_count=1 recently=False speed=3.92
traci-bridge-1         | LANE_CMD_WAIT_EDGE veh=Ramp_Merge_4 edge=34126779 lane=0 target=1 lane_count=1
traci-bridge-1         | LANE_CMD_STATE veh=Ramp_Merge_5 edge=34126779 lane=0 target=1 lane_count=1 recently=False speed=3.88
traci-bridge-1         | LANE_CMD_WAIT_EDGE veh=Ramp_Merge_5 edge=34126779 lane=0 target=1 lane_count=1
traci-bridge-1         | LANE_CMD_STATE veh=Ramp_Back edge=34126779 lane=0 target=1 lane_count=1 recently=False speed=3.81
traci-bridge-1         | LANE_CMD_WAIT_EDGE veh=Ramp_Back edge=34126779 lane=0 target=1 lane_count=1
traci-bridge-1         | LANE_CMD_STATE veh=Ramp_Merge_4 edge=34126779 lane=0 target=1 lane_count=1 recently=False speed=3.94
traci-bridge-1         | LANE_CMD_WAIT_EDGE veh=Ramp_Merge_4 edge=34126779 lane=0 target=1 lane_count=1
traci-bridge-1         | LANE_CMD_STATE veh=Ramp_Merge_5 edge=34126779 lane=0 target=1 lane_count=1 recently=False speed=3.89
traci-bridge-1         | LANE_CMD_WAIT_EDGE veh=Ramp_Merge_5 edge=34126779 lane=0 target=1 lane_count=1
traci-bridge-1         | LANE_CMD_STATE veh=Ramp_Back edge=34126779 lane=0 target=1 lane_count=1 recently=False speed=3.82
traci-bridge-1         | LANE_CMD_WAIT_EDGE veh=Ramp_Back edge=34126779 lane=0 target=1 lane_count=1
traci-bridge-1         | LANE_CMD_STATE veh=Ramp_Merge_4 edge=34126779 lane=0 target=1 lane_count=1 recently=False speed=3.94
traci-bridge-1         | LANE_CMD_WAIT_EDGE veh=Ramp_Merge_4 edge=34126779 lane=0 target=1 lane_count=1
traci-bridge-1         | LANE_CMD_STATE veh=Ramp_Merge_5 edge=34126779 lane=0 target=1 lane_count=1 recently=False speed=3.90
traci-bridge-1         | LANE_CMD_WAIT_EDGE veh=Ramp_Merge_5 edge=34126779 lane=0 target=1 lane_count=1
traci-bridge-1         | LANE_CMD_STATE veh=Ramp_Back edge=34126779 lane=0 target=1 lane_count=1 recently=False speed=3.82
traci-bridge-1         | LANE_CMD_WAIT_EDGE veh=Ramp_Back edge=34126779 lane=0 target=1 lane_count=1
traci-bridge-1         | LANE_CMD_STATE veh=Ramp_Merge_4 edge=34126779 lane=0 target=1 lane_count=1 recently=False speed=3.95
traci-bridge-1         | LANE_CMD_WAIT_EDGE veh=Ramp_Merge_4 edge=34126779 lane=0 target=1 lane_count=1
traci-bridge-1         | LANE_CMD_STATE veh=Ramp_Merge_5 edge=34126779 lane=0 target=1 lane_count=1 recently=False speed=3.90
traci-bridge-1         | LANE_CMD_WAIT_EDGE veh=Ramp_Merge_5 edge=34126779 lane=0 target=1 lane_count=1
traci-bridge-1         | LANE_CMD_STATE veh=Ramp_Back edge=34126779 lane=0 target=1 lane_count=1 recently=False speed=3.83
traci-bridge-1         | LANE_CMD_WAIT_EDGE veh=Ramp_Back edge=34126779 lane=0 target=1 lane_count=1
traci-bridge-1         | LANE_CMD_STATE veh=Ramp_Merge_4 edge=34126779 lane=0 target=1 lane_count=1 recently=False speed=3.94
traci-bridge-1         | LANE_CMD_WAIT_EDGE veh=Ramp_Merge_4 edge=34126779 lane=0 target=1 lane_count=1
traci-bridge-1         | LANE_CMD_STATE veh=Ramp_Merge_5 edge=34126779 lane=0 target=1 lane_count=1 recently=False speed=3.91
traci-bridge-1         | LANE_CMD_WAIT_EDGE veh=Ramp_Merge_5 edge=34126779 lane=0 target=1 lane_count=1
traci-bridge-1         | LANE_CMD_STATE veh=Ramp_Back edge=34126779 lane=0 target=1 lane_count=1 recently=False speed=3.84
traci-bridge-1         | LANE_CMD_WAIT_EDGE veh=Ramp_Back edge=34126779 lane=0 target=1 lane_count=1
traci-bridge-1         | LANE_CMD_STATE veh=Ramp_Merge_4 edge=34126779 lane=0 target=1 lane_count=1 recently=False speed=3.92
traci-bridge-1         | LANE_CMD_WAIT_EDGE veh=Ramp_Merge_4 edge=34126779 lane=0 target=1 lane_count=1
traci-bridge-1         | LANE_CMD_STATE veh=Ramp_Merge_5 edge=34126779 lane=0 target=1 lane_count=1 recently=False speed=3.92
traci-bridge-1         | LANE_CMD_WAIT_EDGE veh=Ramp_Merge_5 edge=34126779 lane=0 target=1 lane_count=1
traci-bridge-1         | LANE_CMD_STATE veh=Ramp_Back edge=34126779 lane=0 target=1 lane_count=1 recently=False speed=3.84
traci-bridge-1         | LANE_CMD_WAIT_EDGE veh=Ramp_Back edge=34126779 lane=0 target=1 lane_count=1
traci-bridge-1         | LANE_CMD_STATE veh=Ramp_Merge_4 edge=34126779 lane=0 target=1 lane_count=1 recently=False speed=3.91
traci-bridge-1         | LANE_CMD_WAIT_EDGE veh=Ramp_Merge_4 edge=34126779 lane=0 target=1 lane_count=1
traci-bridge-1         | LANE_CMD_STATE veh=Ramp_Merge_5 edge=34126779 lane=0 target=1 lane_count=1 recently=False speed=3.93
traci-bridge-1         | LANE_CMD_WAIT_EDGE veh=Ramp_Merge_5 edge=34126779 lane=0 target=1 lane_count=1
traci-bridge-1         | LANE_CMD_STATE veh=Ramp_Back edge=34126779 lane=0 target=1 lane_count=1 recently=False speed=3.85
traci-bridge-1         | LANE_CMD_WAIT_EDGE veh=Ramp_Back edge=34126779 lane=0 target=1 lane_count=1
traci-bridge-1         | LANE_CMD_STATE veh=Ramp_Merge_4 edge=34126779 lane=0 target=1 lane_count=1 recently=False speed=3.90
traci-bridge-1         | LANE_CMD_WAIT_EDGE veh=Ramp_Merge_4 edge=34126779 lane=0 target=1 lane_count=1
traci-bridge-1         | LANE_CMD_STATE veh=Ramp_Merge_5 edge=34126779 lane=0 target=1 lane_count=1 recently=False speed=3.93
traci-bridge-1         | LANE_CMD_WAIT_EDGE veh=Ramp_Merge_5 edge=34126779 lane=0 target=1 lane_count=1
obu-ramp-merge-4-1     | MERGE_ATTEMPT_TIMELINE: vehicle=Ramp_Merge_4 manoeuvre=98 host=106 lead=106 event=REQUEST_SENT t=33.3 edge=34126779 lane=0 lane_cmd_state=WAIT_EDGE speed=3.91 target=6.75 dtm=11.0 lead_gap=47.91 host_gap=47.91 lead_gap_t1=47.91 lead_gap_t2=47.91 lead_gap_t3=47.91 host_gap_t1=47.91 host_gap_t2=47.91 host_gap_t3=47.91
obu-ramp-merge-4-1     | [33.3] Ramp_Merge_4 MCM_TX_REQUEST: manoeuvre=98 target=106
obu-ramp-merge-4-1     | [33.3] Ramp_Merge_4 MERGE_DECISION: auth=False phys=True fgok=True lgok=True hgok=True cok=True esok=False cready=True dtm=11.0 past=False committed=False hid=106 ra=None lclear=True hyok=True
obu-ramp-merge-4-1     | [33.3] Ramp_Merge_4 CAR_FOLLOW: sid=109 edge=34126779 lane=0 leader_edge= leader_lane=None leader_role_hint=ramp self_merge_completed=False self_merge_completed_age=-1.0 self_merge_committed=False lane_cmd_state=WAIT_EDGE lane_cmd_edge=34126779 lane_cmd_target=1 lane_cmd_executable=False same_lane=True reason=same_lane_cam gap=9.1 follow_spd=2.62 emergency=False target_before=3.461828788708907 target_after=3.6618287887089074
obu-ramp-merge-3-1     | [33.4] Ramp_Merge_3 role=host state=CRUISE->CRUISE speed=5.30 target=7.50 neighbors=11
obu-ramp-merge-4-1     | [33.4] Ramp_Merge_4 MERGE_DECISION: auth=False phys=True fgok=True lgok=True hgok=True cok=True esok=False cready=True dtm=10.7 past=False committed=False hid=106 ra=None lclear=True hyok=True
obu-host-car-1         | HOST_RESERVATION_RELEASE_AFTER_CLEAR: host=Host_Car ramp=109 manoeuvre=69 reason=completed ramp_fsm=CRUISE ramp_lcs=CLEAR ramp_edge=1331698336 ramp_merge_completed=True
obu-host-car-1         | HOST_RESERVATION_START: host=Host_Car ramp=109 manoeuvre=69 until=37.4 own_speed=7.49 target_speed=7.49 required_speed=7.49 gap_eta=10.78
obu-host-car-1         | [33.4] Host_Car HOST_RESERVED: merge=109 manoeuvre=69 until=37.4 target_spd=7.49
obu-host-car-1         | [33.4] Host_Car MCM_TX_ACCEPT: manoeuvre=69 target=109
obu-merge-car-1        | [33.6] Merge_Car role=cruise state=CRUISE->CRUISE speed=7.50 target=7.50 neighbors=11
obu-ramp-merge-2-1     | [33.5] Ramp_Merge_2 role=cruise state=CRUISE->CRUISE speed=2.81 target=7.50 neighbors=11
obu-ramp-merge-4-1     | [33.5] Ramp_Merge_4 MERGE_DECISION: auth=False phys=True fgok=True lgok=True hgok=True cok=True esok=False cready=True dtm=10.3 past=False committed=False hid=106 ra=None lclear=True hyok=True
obu-ramp-merge-4-1     | [33.5] Ramp_Merge_4 role=merge state=YIELDING->YIELDING speed=3.89 target=3.44 neighbors=11
obu-host-car-1         | HOST_RESERVATION_RELEASE_AFTER_CLEAR: host=Host_Car ramp=109 manoeuvre=69 reason=completed ramp_fsm=CRUISE ramp_lcs=CLEAR ramp_edge=1331698336 ramp_merge_completed=True
obu-host-car-1         | [33.8] Host_Car role=host state=CRUISE->CRUISE speed=7.49 target=7.50 neighbors=10
obu-ramp-merge-4-1     | [33.7] Ramp_Merge_4 MCM_TX_REQUEST: manoeuvre=98 target=106
obu-ramp-merge-4-1     | [33.7] Ramp_Merge_4 MERGE_DECISION: auth=False phys=True fgok=True lgok=True hgok=True cok=True esok=False cready=True dtm=9.7 past=False committed=False hid=106 ra=None lclear=True hyok=True
obu-ramp-merge-4-1     | [34.0] Ramp_Merge_4 MCM_RX_ACCEPT: from=101 manoeuvre=97 target=110
obu-main-back-right-1  | [34.0] Main_Back_Right MCM_RX_REQUEST: from=110 manoeuvre=98 target=106
obu-main-back-right-1  | [34.0] Main_Back_Right MCM_RX_REQUEST: from=110 manoeuvre=98 target=106
obu-ramp-merge-3-1     | [34.0] Ramp_Merge_3 MCM_RX_ACCEPT: from=104 manoeuvre=69 target=109
obu-ramp-merge-5-1     | [34.0] Ramp_Merge_5 MERGE_COMMIT_WAIT_LANE_AVAILABLE: edge=34126779 lane=0 target_lane=1 lane_count=1 executable=False speed=3.98 dtm=25.8
obu-ramp-merge-5-1     | [34.0] Ramp_Merge_5 role=merge state=MERGING->MERGING speed=3.98 target=4.16 neighbors=10
obu-main-mid-right-1   | [34.1] Main_Mid_Right role=cruise state=CRUISE->CRUISE speed=7.45 target=7.50 neighbors=11
obu-main-back-left-1   | [34.0] Main_Back_Left CAR_FOLLOW: sid=108 edge=1331698336 lane=1 leader_edge= leader_lane=None leader_role_hint=ramp self_merge_completed=False self_merge_completed_age=-1.0 self_merge_committed=False lane_cmd_state=None lane_cmd_edge=None lane_cmd_target=None lane_cmd_executable=None same_lane=True reason=same_lane_cam gap=4.6 follow_spd=2.25 emergency=False target_before=7.5 target_after=1.6250805754752826
obu-main-back-left-1   | [34.0] Main_Back_Left role=cruise state=YIELDING->YIELDING speed=1.45 target=1.63 neighbors=11
obu-ramp-merge-4-1     | [34.0] Ramp_Merge_4 MCM_TX_REQUEST: manoeuvre=98 target=106
obu-ramp-merge-4-1     | [34.0] Ramp_Merge_4 FINAL_GUARD: REJECTED sid=109 gap=14.8
obu-ramp-merge-4-1     | [34.0] Ramp_Merge_4 MERGE_DECISION: auth=False phys=True fgok=False lgok=True hgok=True cok=True esok=False cready=True dtm=8.7 past=False committed=False hid=106 ra=None lclear=True hyok=True
obu-ramp-back-1        | [34.0] Ramp_Back MERGE_COMMIT_WAIT_LANE_AVAILABLE: edge=34126779 lane=0 target_lane=1 lane_count=1 executable=False speed=3.43 dtm=41.6
obu-ramp-back-1        | [34.0] Ramp_Back FINAL_GUARD: REJECTED slot-boundary ETA sid=104
obu-ramp-back-1        | [34.0] Ramp_Back MERGE_COMMIT_SAFETY_HOLD: lgok=False hgok=True fgok=False edge=34126779 lane=0 target_lane=1 speed=3.43 lane_cmd_state=WAIT_EDGE lane_cmd_executable=False lane_cmd_edge=34126779 lane_cmd_lane_count=1
obu-ramp-back-1        | [34.0] Ramp_Back CAR_FOLLOW: sid=104 edge=34126779 lane=0 leader_edge= leader_lane=None leader_role_hint=main self_merge_completed=False self_merge_completed_age=-1.0 self_merge_committed=True lane_cmd_state=WAIT_EDGE lane_cmd_edge=34126779 lane_cmd_target=1 lane_cmd_executable=False same_lane=False reason=merge_conflict_eta gap=0.0 follow_spd=4.12 emergency=False target_before=2.25 target_after=3.6109980127413293
obu-ramp-back-1        | [34.0] Ramp_Back role=merge state=MERGING->MERGING speed=3.43 target=3.61 neighbors=11
obu-main-back-right-1  | HOST_RESERVATION_START: host=Main_Back_Right ramp=110 manoeuvre=98 until=38.1 own_speed=2.02 target_speed=2.02 required_speed=4.88 gap_eta=20.36
obu-main-back-right-1  | [34.1] Main_Back_Right HOST_RESERVED: merge=110 manoeuvre=98 until=38.1 target_spd=2.02
obu-main-back-right-1  | [34.1] Main_Back_Right MCM_TX_ACCEPT: manoeuvre=98 target=110
obu-main-back-right-1  | [34.1] Main_Back_Right role=host state=CRUISE->CRUISE speed=2.02 target=7.50 neighbors=11
obu-lead-car-1         | HOST_RESERVATION_EXTEND_UNTIL_CLEAR: host=Lead_Car ramp=110 manoeuvre=97 new_remaining=4.0 ramp_lcs=WAIT_EDGE ramp_edge=34126779
obu-lead-car-1         | HOST_RESERVATION_HOLD: host=Lead_Car ramp=110 manoeuvre=97 remaining=4.0 own_speed=7.50 target_speed=7.50 ramp_fsm=YIELDING ramp_lane_cmd_state=WAIT_EDGE ramp_edge=34126779 ramp_lane=0 ramp_merge_completed=False ramp_merge_committed=False
obu-lead-car-1         | [34.1] Lead_Car HOST_HOLD_YIELD: for merge=110 spd=7.50
obu-lead-car-1         | [34.1] Lead_Car MCM_TX_ACCEPT: manoeuvre=97 target=110
obu-lead-car-1         | [34.1] Lead_Car role=host state=YIELDING->YIELDING speed=7.50 target=7.50 neighbors=11
obu-main-front-left-1  | HOST_RESERVATION_EXTEND_UNTIL_CLEAR: host=Main_Front_Left ramp=111 manoeuvre=129 new_remaining=4.0 ramp_lcs=WAIT_EDGE ramp_edge=34126779
obu-main-front-left-1  | HOST_RESERVATION_HOLD: host=Main_Front_Left ramp=111 manoeuvre=129 remaining=4.0 own_speed=7.50 target_speed=7.50 ramp_fsm=MERGING ramp_lane_cmd_state=WAIT_EDGE ramp_edge=34126779 ramp_lane=0 ramp_merge_completed=False ramp_merge_committed=True
obu-main-front-left-1  | [34.1] Main_Front_Left HOST_HOLD_YIELD: for merge=111 spd=7.50
obu-main-front-left-1  | [34.1] Main_Front_Left MCM_TX_ACCEPT: manoeuvre=129 target=111
obu-main-front-left-1  | [34.1] Main_Front_Left role=host state=YIELDING->YIELDING speed=7.50 target=7.50 neighbors=11
obu-main-back-left-1   | [34.1] Main_Back_Left CAR_FOLLOW: sid=108 edge=1331698336 lane=1 leader_edge= leader_lane=None leader_role_hint=ramp self_merge_completed=False self_merge_completed_age=-1.0 self_merge_committed=False lane_cmd_state=None lane_cmd_edge=None lane_cmd_target=None lane_cmd_executable=None same_lane=True reason=same_lane_cam gap=4.5 follow_spd=2.25 emergency=False target_before=7.5 target_after=1.6250805754752826
obu-ramp-merge-4-1     | [34.1] Ramp_Merge_4 FINAL_GUARD: REJECTED sid=109 gap=14.4
obu-ramp-merge-4-1     | [34.1] Ramp_Merge_4 MERGE_DECISION: auth=False phys=True fgok=False lgok=True hgok=True cok=True esok=False cready=True dtm=8.4 past=False committed=False hid=106 ra=None lclear=True hyok=True
obu-ramp-back-1        | [34.1] Ramp_Back MERGE_COMMIT_WAIT_LANE_AVAILABLE: edge=34126779 lane=0 target_lane=1 lane_count=1 executable=False speed=3.37 dtm=41.3
obu-ramp-back-1        | [34.1] Ramp_Back FINAL_GUARD: REJECTED slot-boundary ETA sid=104
obu-ramp-back-1        | [34.1] Ramp_Back MERGE_COMMIT_SAFETY_HOLD: lgok=False hgok=True fgok=False edge=34126779 lane=0 target_lane=1 speed=3.37 lane_cmd_state=WAIT_EDGE lane_cmd_executable=False lane_cmd_edge=34126779 lane_cmd_lane_count=1
obu-ramp-back-1        | [34.1] Ramp_Back CAR_FOLLOW: sid=104 edge=34126779 lane=0 leader_edge= leader_lane=None leader_role_hint=main self_merge_completed=False self_merge_completed_age=-1.0 self_merge_committed=True lane_cmd_state=WAIT_EDGE lane_cmd_edge=34126779 lane_cmd_target=1 lane_cmd_executable=False same_lane=False reason=merge_conflict_eta gap=0.1 follow_spd=4.12 emergency=False target_before=2.25 target_after=3.5519481121042626
obu-lead-car-1         | HOST_RESERVATION_EXTEND_UNTIL_CLEAR: host=Lead_Car ramp=110 manoeuvre=97 new_remaining=4.0 ramp_lcs=WAIT_EDGE ramp_edge=34126779
obu-lead-car-1         | HOST_RESERVATION_HOLD: host=Lead_Car ramp=110 manoeuvre=97 remaining=4.0 own_speed=7.50 target_speed=7.50 ramp_fsm=YIELDING ramp_lane_cmd_state=WAIT_EDGE ramp_edge=34126779 ramp_lane=0 ramp_merge_completed=False ramp_merge_committed=False
obu-lead-car-1         | [34.3] Lead_Car HOST_HOLD_YIELD: for merge=110 spd=7.50
obu-main-front-left-1  | HOST_RESERVATION_EXTEND_UNTIL_CLEAR: host=Main_Front_Left ramp=111 manoeuvre=129 new_remaining=4.0 ramp_lcs=WAIT_EDGE ramp_edge=34126779
obu-main-front-left-1  | HOST_RESERVATION_HOLD: host=Main_Front_Left ramp=111 manoeuvre=129 remaining=4.0 own_speed=7.50 target_speed=7.50 ramp_fsm=MERGING ramp_lane_cmd_state=WAIT_EDGE ramp_edge=34126779 ramp_lane=0 ramp_merge_completed=False ramp_merge_committed=True
obu-main-front-left-1  | [34.3] Main_Front_Left HOST_HOLD_YIELD: for merge=111 spd=7.50
obu-main-back-left-1   | [34.2] Main_Back_Left CAR_FOLLOW: sid=108 edge=1331698336 lane=1 leader_edge= leader_lane=None leader_role_hint=ramp self_merge_completed=False self_merge_completed_age=-1.0 self_merge_committed=False lane_cmd_state=None lane_cmd_edge=None lane_cmd_target=None lane_cmd_executable=None same_lane=True reason=same_lane_cam gap=4.3 follow_spd=2.25 emergency=False target_before=7.5 target_after=1.6250805754752826
obu-ramp-merge-4-1     | [34.3] Ramp_Merge_4 MCM_TX_REQUEST: manoeuvre=98 target=106
obu-ramp-merge-4-1     | [34.3] Ramp_Merge_4 FINAL_GUARD: REJECTED sid=109 gap=13.7
obu-ramp-merge-4-1     | [34.3] Ramp_Merge_4 MERGE_DECISION: auth=False phys=True fgok=False lgok=True hgok=True cok=True esok=False cready=True dtm=7.8 past=False committed=False hid=106 ra=None lclear=True hyok=True
obu-ramp-back-1        | [34.3] Ramp_Back MERGE_COMMIT_WAIT_LANE_AVAILABLE: edge=34126779 lane=0 target_lane=1 lane_count=1 executable=False speed=3.33 dtm=40.6
obu-ramp-back-1        | [34.3] Ramp_Back FINAL_GUARD: REJECTED slot-boundary ETA sid=104
obu-ramp-back-1        | [34.3] Ramp_Back MERGE_COMMIT_SAFETY_HOLD: lgok=False hgok=True fgok=False edge=34126779 lane=0 target_lane=1 speed=3.33 lane_cmd_state=WAIT_EDGE lane_cmd_executable=False lane_cmd_edge=34126779 lane_cmd_lane_count=1
obu-ramp-back-1        | [34.3] Ramp_Back CAR_FOLLOW: sid=104 edge=34126779 lane=0 leader_edge= leader_lane=None leader_role_hint=main self_merge_completed=False self_merge_completed_age=-1.0 self_merge_committed=True lane_cmd_state=WAIT_EDGE lane_cmd_edge=34126779 lane_cmd_target=1 lane_cmd_executable=False same_lane=False reason=merge_conflict_eta gap=0.1 follow_spd=4.12 emergency=False target_before=2.25 target_after=3.510608071811163
obu-lead-car-1         | HOST_RESERVATION_EXTEND_UNTIL_CLEAR: host=Lead_Car ramp=110 manoeuvre=97 new_remaining=4.0 ramp_lcs=WAIT_EDGE ramp_edge=34126779
obu-lead-car-1         | HOST_RESERVATION_HOLD: host=Lead_Car ramp=110 manoeuvre=97 remaining=4.0 own_speed=7.50 target_speed=7.50 ramp_fsm=YIELDING ramp_lane_cmd_state=WAIT_EDGE ramp_edge=34126779 ramp_lane=0 ramp_merge_completed=False ramp_merge_committed=False
obu-lead-car-1         | [34.5] Lead_Car HOST_HOLD_YIELD: for merge=110 spd=7.50
obu-lead-car-1         | [34.5] Lead_Car MCM_TX_ACCEPT: manoeuvre=97 target=110
obu-main-front-left-1  | HOST_RESERVATION_EXTEND_UNTIL_CLEAR: host=Main_Front_Left ramp=111 manoeuvre=129 new_remaining=4.0 ramp_lcs=WAIT_EDGE ramp_edge=34126779
obu-main-front-left-1  | HOST_RESERVATION_HOLD: host=Main_Front_Left ramp=111 manoeuvre=129 remaining=4.0 own_speed=7.50 target_speed=7.50 ramp_fsm=MERGING ramp_lane_cmd_state=WAIT_EDGE ramp_edge=34126779 ramp_lane=0 ramp_merge_completed=False ramp_merge_committed=True
obu-main-front-left-1  | [34.5] Main_Front_Left HOST_HOLD_YIELD: for merge=111 spd=7.50
obu-main-front-left-1  | [34.5] Main_Front_Left MCM_TX_ACCEPT: manoeuvre=129 target=111
obu-main-back-left-1   | [34.4] Main_Back_Left CAR_FOLLOW: sid=108 edge=1331698336 lane=1 leader_edge= leader_lane=None leader_role_hint=ramp self_merge_completed=False self_merge_completed_age=-1.0 self_merge_committed=False lane_cmd_state=None lane_cmd_edge=None lane_cmd_target=None lane_cmd_executable=None same_lane=True reason=same_lane_cam gap=4.1 follow_spd=2.25 emergency=False target_before=7.5 target_after=1.6250805754752826
obu-ramp-merge-3-1     | [34.4] Ramp_Merge_3 role=cruise state=CRUISE->CRUISE speed=6.18 target=7.50 neighbors=8
obu-ramp-merge-4-1     | [34.4] Ramp_Merge_4 MCM_PENDING_HOLD_LATE_HOST: host=106 age=0.0 dtm=7.5 lead_gap=None host_gap=45.19 pending_age=1.1 accepted_at=None reason=lost
obu-ramp-back-1        | [34.4] Ramp_Back MERGE_COMMIT_WAIT_LANE_AVAILABLE: edge=34126779 lane=0 target_lane=1 lane_count=1 executable=False speed=3.34 dtm=40.3
obu-ramp-back-1        | [34.4] Ramp_Back FINAL_GUARD: REJECTED slot-boundary ETA sid=104
obu-ramp-back-1        | [34.4] Ramp_Back MERGE_COMMIT_SAFETY_HOLD: lgok=False hgok=True fgok=False edge=34126779 lane=0 target_lane=1 speed=3.34 lane_cmd_state=WAIT_EDGE lane_cmd_executable=False lane_cmd_edge=34126779 lane_cmd_lane_count=1
obu-ramp-back-1        | [34.4] Ramp_Back CAR_FOLLOW: sid=111 edge=34126779 lane=0 leader_edge= leader_lane=None leader_role_hint=ramp self_merge_completed=False self_merge_completed_age=-1.0 self_merge_committed=True lane_cmd_state=WAIT_EDGE lane_cmd_edge=34126779 lane_cmd_target=1 lane_cmd_executable=False same_lane=True reason=same_lane_cam gap=7.4 follow_spd=2.62 emergency=False target_before=2.25 target_after=3.094627568857671
obu-main-front-left-1  | HOST_RESERVATION_EXTEND_UNTIL_CLEAR: host=Main_Front_Left ramp=111 manoeuvre=129 new_remaining=4.0 ramp_lcs=WAIT_EDGE ramp_edge=34126779
obu-main-front-left-1  | HOST_RESERVATION_HOLD: host=Main_Front_Left ramp=111 manoeuvre=129 remaining=4.0 own_speed=7.50 target_speed=7.50 ramp_fsm=MERGING ramp_lane_cmd_state=WAIT_EDGE ramp_edge=34126779 ramp_lane=0 ramp_merge_completed=False ramp_merge_committed=True
obu-main-front-left-1  | [34.6] Main_Front_Left HOST_HOLD_YIELD: for merge=111 spd=7.50
obu-ramp-merge-2-1     | [34.6] Ramp_Merge_2 role=cruise state=CRUISE->CRUISE speed=4.78 target=7.50 neighbors=9
obu-main-back-right-1  | [34.6] Main_Back_Right MCM_RX_REQUEST: from=110 manoeuvre=98 target=106
obu-ramp-merge-4-1     | [34.6] Ramp_Merge_4 MCM_RX_ACCEPT: from=101 manoeuvre=97 target=110
obu-ramp-merge-4-1     | [34.6] Ramp_Merge_4 MCM_RX_ACCEPT: from=106 manoeuvre=98 target=110
obu-main-back-left-1   | [34.6] Main_Back_Left CAR_FOLLOW: sid=108 edge=1331698336 lane=1 leader_edge= leader_lane=None leader_role_hint=ramp self_merge_completed=False self_merge_completed_age=-1.0 self_merge_committed=False lane_cmd_state=None lane_cmd_edge=None lane_cmd_target=None lane_cmd_executable=None same_lane=True reason=same_lane_cam gap=4.9 follow_spd=2.25 emergency=False target_before=7.5 target_after=1.6250805754752826
obu-ramp-merge-4-1     | [34.6] Ramp_Merge_4 MCM_RX_ACCEPT: from=101 manoeuvre=97 target=110
obu-main-back-right-1  | [34.6] Main_Back_Right MCM_RX_REQUEST: from=110 manoeuvre=98 target=106
obu-ramp-merge-5-1     | [34.6] Ramp_Merge_5 MCM_RX_ACCEPT: from=102 manoeuvre=129 target=111
obu-ramp-merge-5-1     | [34.6] Ramp_Merge_5 MCM_RX_ACCEPT: from=102 manoeuvre=129 target=111
obu-ramp-merge-4-1     | [34.6] Ramp_Merge_4 MCM_TX_REQUEST: manoeuvre=98 target=106
obu-ramp-merge-4-1     | MERGE_ATTEMPT_TIMELINE: vehicle=Ramp_Merge_4 manoeuvre=98 host=106 lead=106 event=ACCEPT_MATCHED t=34.6 edge=34126779 lane=0 lane_cmd_state=WAIT_EDGE speed=3.69 target=6.75 dtm=6.9 lead_gap=46.34 host_gap=46.34 lead_gap_t1=44.67 lead_gap_t2=43.00 lead_gap_t3=41.33 host_gap_t1=44.67 host_gap_t2=43.00 host_gap_t3=41.33
obu-ramp-merge-4-1     | [34.6] Ramp_Merge_4 MCM_ACCEPT_MATCHED: host=106 manoeuvre=98
obu-ramp-merge-4-1     | MERGE_ATTEMPT_TIMELINE: vehicle=Ramp_Merge_4 manoeuvre=98 host=101 lead=106 event=AUTHORIZED t=34.6 edge=34126779 lane=0 lane_cmd_state=WAIT_EDGE speed=3.69 target=3.87 dtm=6.9 lead_gap=46.34 host_gap=235.03 lead_gap_t1=44.67 lead_gap_t2=43.00 lead_gap_t3=41.33 host_gap_t1=235.03 host_gap_t2=235.03 host_gap_t3=235.03
obu-ramp-merge-4-1     | [34.6] Ramp_Merge_4 MERGE_AUTHORIZED_BY_MCM: host=106 manoeuvre=98
obu-ramp-merge-4-1     | [34.6] Ramp_Merge_4 MERGE_DECISION: auth=True phys=True fgok=True lgok=True hgok=True cok=True esok=False cready=True dtm=6.9 past=False committed=False hid=106 ra=2 lclear=True hyok=True
obu-main-back-right-1  | HOST_RESERVATION_EXTEND_UNTIL_CLEAR: host=Main_Back_Right ramp=110 manoeuvre=98 new_remaining=4.0 ramp_lcs=WAIT_EDGE ramp_edge=34126779
obu-main-back-right-1  | HOST_RESERVATION_HOLD: host=Main_Back_Right ramp=110 manoeuvre=98 remaining=4.0 own_speed=1.73 target_speed=2.02 ramp_fsm=YIELDING ramp_lane_cmd_state=WAIT_EDGE ramp_edge=34126779 ramp_lane=0 ramp_merge_completed=False ramp_merge_committed=False
obu-main-back-right-1  | [34.7] Main_Back_Right HOST_HOLD_YIELD: for merge=110 spd=2.02
obu-ramp-merge-4-1     | [34.6] Ramp_Merge_4 MERGE_START_GAP_DIAG: event=resume lead=None host=106 lead_eta=None own_eta=1.8775030854268353 host_eta=22.793507426587453 lead_gap=None host_gap=46.336616558437896 lead_gap_p1=None lead_gap_p2=None lead_gap_p3=None host_gap_p1=44.66700428521141 host_gap_p2=42.99739201198492 host_gap_p3=41.32777973875844 rel_to_lead=None rel_to_host=1.6696122732264862 lead_lat=None host_lat=0.4592660637860959 edge=34126779 lane=0 lane_cmd_state=WAIT_EDGE lane_cmd_edge=34126779 lane_cmd_target=1 lane_cmd_executable=False dtm=6.9 speed=3.69
obu-ramp-merge-4-1     | [34.6] Ramp_Merge_4 MERGE_PHYSICAL_RESUME: host=106 manoeuvre=98
obu-ramp-merge-4-1     | [34.6] Ramp_Merge_4 role=merge state=NEGOTIATING->MERGING speed=3.69 target=3.87 neighbors=11
obu-main-back-right-1  | [34.7] Main_Back_Right MCM_TX_ACCEPT: manoeuvre=98 target=110
obu-ramp-back-1        | [34.6] Ramp_Back MERGE_COMMIT_WAIT_LANE_AVAILABLE: edge=34126779 lane=0 target_lane=1 lane_count=1 executable=False speed=3.36 dtm=39.6
obu-ramp-back-1        | [34.6] Ramp_Back FINAL_GUARD: REJECTED slot-boundary ETA sid=104
obu-ramp-back-1        | [34.6] Ramp_Back MERGE_COMMIT_SAFETY_HOLD: lgok=False hgok=True fgok=False edge=34126779 lane=0 target_lane=1 speed=3.36 lane_cmd_state=WAIT_EDGE lane_cmd_executable=False lane_cmd_edge=34126779 lane_cmd_lane_count=1
obu-ramp-back-1        | [34.6] Ramp_Back CAR_FOLLOW: sid=111 edge=34126779 lane=0 leader_edge= leader_lane=None leader_role_hint=ramp self_merge_completed=False self_merge_completed_age=-1.0 self_merge_committed=True lane_cmd_state=WAIT_EDGE lane_cmd_edge=34126779 lane_cmd_target=1 lane_cmd_executable=False same_lane=True reason=same_lane_cam gap=9.5 follow_spd=3.12 emergency=False target_before=2.25 target_after=3.1243105569880147
obu-merge-car-1        | [34.6] Merge_Car role=cruise state=CRUISE->CRUISE speed=7.50 target=7.50 neighbors=11
obu-lead-car-1         | HOST_RESERVATION_EXTEND_UNTIL_CLEAR: host=Lead_Car ramp=110 manoeuvre=97 new_remaining=4.0 ramp_lcs=WAIT_EDGE ramp_edge=34126779
obu-lead-car-1         | HOST_RESERVATION_HOLD: host=Lead_Car ramp=110 manoeuvre=97 remaining=4.0 own_speed=7.50 target_speed=7.50 ramp_fsm=YIELDING ramp_lane_cmd_state=WAIT_EDGE ramp_edge=34126779 ramp_lane=0 ramp_merge_completed=False ramp_merge_committed=False
obu-lead-car-1         | [34.7] Lead_Car HOST_HOLD_YIELD: for merge=110 spd=7.50
obu-main-front-left-1  | HOST_RESERVATION_EXTEND_UNTIL_CLEAR: host=Main_Front_Left ramp=111 manoeuvre=129 new_remaining=4.0 ramp_lcs=WAIT_EDGE ramp_edge=34126779
obu-main-front-left-1  | HOST_RESERVATION_HOLD: host=Main_Front_Left ramp=111 manoeuvre=129 remaining=4.0 own_speed=7.50 target_speed=7.50 ramp_fsm=MERGING ramp_lane_cmd_state=WAIT_EDGE ramp_edge=34126779 ramp_lane=0 ramp_merge_completed=False ramp_merge_committed=True
obu-main-front-left-1  | [34.7] Main_Front_Left HOST_HOLD_YIELD: for merge=111 spd=7.50
obu-ramp-merge-5-1     | [34.6] Ramp_Merge_5 MERGE_COMMIT_WAIT_LANE_AVAILABLE: edge=34126779 lane=0 target_lane=1 lane_count=1 executable=False speed=4.02 dtm=23.4
obu-host-car-1         | [34.8] Host_Car role=cruise state=CRUISE->CRUISE speed=7.49 target=7.50 neighbors=11
obu-ramp-merge-4-1     | MERGE_ATTEMPT_TIMELINE: vehicle=Ramp_Merge_4 manoeuvre=98 host=106 lead=None event=WAIT_EDGE t=34.7 edge=34126779 lane=0 lane_cmd_state=WAIT_EDGE speed=3.67 target=6.75 dtm=6.7 lead_gap= host_gap=45.97 lead_gap_t1= lead_gap_t2= lead_gap_t3= host_gap_t1=44.32 host_gap_t2=42.67 host_gap_t3=41.02
obu-ramp-merge-4-1     | [34.7] Ramp_Merge_4 MERGE_COMMIT_WAIT_LANE_AVAILABLE: edge=34126779 lane=0 target_lane=1 lane_count=1 executable=False speed=3.67 dtm=6.7
obu-ramp-back-1        | [34.7] Ramp_Back MERGE_COMMIT_WAIT_LANE_AVAILABLE: edge=34126779 lane=0 target_lane=1 lane_count=1 executable=False speed=3.37 dtm=39.3
obu-ramp-back-1        | [34.7] Ramp_Back FINAL_GUARD: REJECTED slot-boundary ETA sid=104
obu-ramp-back-1        | [34.7] Ramp_Back MERGE_COMMIT_SAFETY_HOLD: lgok=False hgok=True fgok=False edge=34126779 lane=0 target_lane=1 speed=3.37 lane_cmd_state=WAIT_EDGE lane_cmd_executable=False lane_cmd_edge=34126779 lane_cmd_lane_count=1
obu-ramp-back-1        | [34.7] Ramp_Back CAR_FOLLOW: sid=111 edge=34126779 lane=0 leader_edge= leader_lane=None leader_role_hint=ramp self_merge_completed=False self_merge_completed_age=-1.0 self_merge_committed=True lane_cmd_state=WAIT_EDGE lane_cmd_edge=34126779 lane_cmd_target=1 lane_cmd_executable=False same_lane=True reason=same_lane_cam gap=9.2 follow_spd=2.73 emergency=False target_before=2.25 target_after=3.120166007409639
obu-ramp-merge-5-1     | [34.7] Ramp_Merge_5 MERGE_COMMIT_WAIT_LANE_AVAILABLE: edge=34126779 lane=0 target_lane=1 lane_count=1 executable=False speed=4.03 dtm=23.0
traci-bridge-1         | LANE_CMD_STATE veh=Ramp_Back edge=34126779 lane=0 target=1 lane_count=1 recently=False speed=3.86
traci-bridge-1         | LANE_CMD_WAIT_EDGE veh=Ramp_Back edge=34126779 lane=0 target=1 lane_count=1
traci-bridge-1         | LANE_CMD_STATE veh=Ramp_Merge_4 edge=34126779 lane=0 target=1 lane_count=1 recently=False speed=3.89
traci-bridge-1         | LANE_CMD_WAIT_EDGE veh=Ramp_Merge_4 edge=34126779 lane=0 target=1 lane_count=1
traci-bridge-1         | LANE_CMD_STATE veh=Ramp_Merge_5 edge=34126779 lane=0 target=1 lane_count=1 recently=False speed=3.94
traci-bridge-1         | LANE_CMD_WAIT_EDGE veh=Ramp_Merge_5 edge=34126779 lane=0 target=1 lane_count=1
traci-bridge-1         | LANE_CMD_STATE veh=Ramp_Back edge=34126779 lane=0 target=1 lane_count=1 recently=False speed=3.78
traci-bridge-1         | LANE_CMD_WAIT_EDGE veh=Ramp_Back edge=34126779 lane=0 target=1 lane_count=1
traci-bridge-1         | LANE_CMD_STATE veh=Ramp_Merge_4 edge=34126779 lane=0 target=1 lane_count=1 recently=False speed=3.88
traci-bridge-1         | LANE_CMD_WAIT_EDGE veh=Ramp_Merge_4 edge=34126779 lane=0 target=1 lane_count=1
traci-bridge-1         | LANE_CMD_STATE veh=Ramp_Merge_5 edge=34126779 lane=0 target=1 lane_count=1 recently=False speed=3.95
traci-bridge-1         | LANE_CMD_WAIT_EDGE veh=Ramp_Merge_5 edge=34126779 lane=0 target=1 lane_count=1
traci-bridge-1         | LANE_CMD_STATE veh=Ramp_Back edge=34126779 lane=0 target=1 lane_count=1 recently=False speed=3.70
traci-bridge-1         | LANE_CMD_WAIT_EDGE veh=Ramp_Back edge=34126779 lane=0 target=1 lane_count=1
traci-bridge-1         | LANE_CMD_STATE veh=Ramp_Merge_4 edge=34126779 lane=0 target=1 lane_count=1 recently=False speed=3.87
traci-bridge-1         | LANE_CMD_WAIT_EDGE veh=Ramp_Merge_4 edge=34126779 lane=0 target=1 lane_count=1
traci-bridge-1         | LANE_CMD_STATE veh=Ramp_Merge_5 edge=34126779 lane=0 target=1 lane_count=1 recently=False speed=3.96
traci-bridge-1         | LANE_CMD_WAIT_EDGE veh=Ramp_Merge_5 edge=34126779 lane=0 target=1 lane_count=1
traci-bridge-1         | LANE_CMD_STATE veh=Ramp_Back edge=34126779 lane=0 target=1 lane_count=1 recently=False speed=3.63
traci-bridge-1         | LANE_CMD_WAIT_EDGE veh=Ramp_Back edge=34126779 lane=0 target=1 lane_count=1
traci-bridge-1         | LANE_CMD_STATE veh=Ramp_Merge_4 edge=34126779 lane=0 target=1 lane_count=1 recently=False speed=3.85
traci-bridge-1         | LANE_CMD_WAIT_EDGE veh=Ramp_Merge_4 edge=34126779 lane=0 target=1 lane_count=1
traci-bridge-1         | LANE_CMD_STATE veh=Ramp_Merge_5 edge=34126779 lane=0 target=1 lane_count=1 recently=False speed=3.96
traci-bridge-1         | LANE_CMD_WAIT_EDGE veh=Ramp_Merge_5 edge=34126779 lane=0 target=1 lane_count=1
traci-bridge-1         | LANE_CMD_STATE veh=Ramp_Back edge=34126779 lane=0 target=1 lane_count=1 recently=False speed=3.56
traci-bridge-1         | LANE_CMD_WAIT_EDGE veh=Ramp_Back edge=34126779 lane=0 target=1 lane_count=1
traci-bridge-1         | LANE_CMD_STATE veh=Ramp_Merge_4 edge=34126779 lane=0 target=1 lane_count=1 recently=False speed=3.83
traci-bridge-1         | LANE_CMD_WAIT_EDGE veh=Ramp_Merge_4 edge=34126779 lane=0 target=1 lane_count=1
traci-bridge-1         | LANE_CMD_STATE veh=Ramp_Merge_5 edge=34126779 lane=0 target=1 lane_count=1 recently=False speed=3.97
traci-bridge-1         | LANE_CMD_WAIT_EDGE veh=Ramp_Merge_5 edge=34126779 lane=0 target=1 lane_count=1
traci-bridge-1         | LANE_CMD_STATE veh=Ramp_Back edge=34126779 lane=0 target=1 lane_count=1 recently=False speed=3.49
traci-bridge-1         | LANE_CMD_WAIT_EDGE veh=Ramp_Back edge=34126779 lane=0 target=1 lane_count=1
traci-bridge-1         | LANE_CMD_STATE veh=Ramp_Merge_4 edge=34126779 lane=0 target=1 lane_count=1 recently=False speed=3.81
traci-bridge-1         | LANE_CMD_WAIT_EDGE veh=Ramp_Merge_4 edge=34126779 lane=0 target=1 lane_count=1
traci-bridge-1         | LANE_CMD_STATE veh=Ramp_Merge_5 edge=34126779 lane=0 target=1 lane_count=1 recently=False speed=3.98
traci-bridge-1         | LANE_CMD_WAIT_EDGE veh=Ramp_Merge_5 edge=34126779 lane=0 target=1 lane_count=1
traci-bridge-1         | LANE_CMD_STATE veh=Ramp_Back edge=34126779 lane=0 target=1 lane_count=1 recently=False speed=3.43
traci-bridge-1         | LANE_CMD_WAIT_EDGE veh=Ramp_Back edge=34126779 lane=0 target=1 lane_count=1
traci-bridge-1         | LANE_CMD_STATE veh=Ramp_Merge_4 edge=34126779 lane=0 target=1 lane_count=1 recently=False speed=3.79
traci-bridge-1         | LANE_CMD_WAIT_EDGE veh=Ramp_Merge_4 edge=34126779 lane=0 target=1 lane_count=1
traci-bridge-1         | LANE_CMD_STATE veh=Ramp_Merge_5 edge=34126779 lane=0 target=1 lane_count=1 recently=False speed=3.98
traci-bridge-1         | LANE_CMD_WAIT_EDGE veh=Ramp_Merge_5 edge=34126779 lane=0 target=1 lane_count=1
traci-bridge-1         | LANE_CMD_STATE veh=Ramp_Back edge=34126779 lane=0 target=1 lane_count=1 recently=False speed=3.37
traci-bridge-1         | LANE_CMD_WAIT_EDGE veh=Ramp_Back edge=34126779 lane=0 target=1 lane_count=1
traci-bridge-1         | LANE_CMD_STATE veh=Ramp_Merge_4 edge=34126779 lane=0 target=1 lane_count=1 recently=False speed=3.77
traci-bridge-1         | LANE_CMD_WAIT_EDGE veh=Ramp_Merge_4 edge=34126779 lane=0 target=1 lane_count=1
traci-bridge-1         | LANE_CMD_STATE veh=Ramp_Merge_5 edge=34126779 lane=0 target=1 lane_count=1 recently=False speed=3.99
traci-bridge-1         | LANE_CMD_WAIT_EDGE veh=Ramp_Merge_5 edge=34126779 lane=0 target=1 lane_count=1
traci-bridge-1         | LANE_CMD_STATE veh=Ramp_Back edge=34126779 lane=0 target=1 lane_count=1 recently=False speed=3.32
traci-bridge-1         | LANE_CMD_WAIT_EDGE veh=Ramp_Back edge=34126779 lane=0 target=1 lane_count=1
traci-bridge-1         | LANE_CMD_STATE veh=Ramp_Merge_4 edge=34126779 lane=0 target=1 lane_count=1 recently=False speed=3.75
traci-bridge-1         | LANE_CMD_WAIT_EDGE veh=Ramp_Merge_4 edge=34126779 lane=0 target=1 lane_count=1
traci-bridge-1         | LANE_CMD_STATE veh=Ramp_Merge_5 edge=34126779 lane=0 target=1 lane_count=1 recently=False speed=4.00
traci-bridge-1         | LANE_CMD_WAIT_EDGE veh=Ramp_Merge_5 edge=34126779 lane=0 target=1 lane_count=1
traci-bridge-1         | LANE_CMD_STATE veh=Ramp_Back edge=34126779 lane=0 target=1 lane_count=1 recently=False speed=3.33
traci-bridge-1         | LANE_CMD_WAIT_EDGE veh=Ramp_Back edge=34126779 lane=0 target=1 lane_count=1
traci-bridge-1         | LANE_CMD_STATE veh=Ramp_Merge_4 edge=34126779 lane=0 target=1 lane_count=1 recently=False speed=3.73
traci-bridge-1         | LANE_CMD_WAIT_EDGE veh=Ramp_Merge_4 edge=34126779 lane=0 target=1 lane_count=1
traci-bridge-1         | LANE_CMD_STATE veh=Ramp_Merge_5 edge=34126779 lane=0 target=1 lane_count=1 recently=False speed=4.01
traci-bridge-1         | LANE_CMD_WAIT_EDGE veh=Ramp_Merge_5 edge=34126779 lane=0 target=1 lane_count=1
traci-bridge-1         | LANE_CMD_STATE veh=Ramp_Back edge=34126779 lane=0 target=1 lane_count=1 recently=False speed=3.34
traci-bridge-1         | LANE_CMD_WAIT_EDGE veh=Ramp_Back edge=34126779 lane=0 target=1 lane_count=1
traci-bridge-1         | LANE_CMD_STATE veh=Ramp_Merge_4 edge=34126779 lane=0 target=1 lane_count=1 recently=False speed=3.71
traci-bridge-1         | LANE_CMD_WAIT_EDGE veh=Ramp_Merge_4 edge=34126779 lane=0 target=1 lane_count=1
traci-bridge-1         | LANE_CMD_STATE veh=Ramp_Merge_5 edge=34126779 lane=0 target=1 lane_count=1 recently=False speed=4.01
traci-bridge-1         | LANE_CMD_WAIT_EDGE veh=Ramp_Merge_5 edge=34126779 lane=0 target=1 lane_count=1
traci-bridge-1         | LANE_CMD_STATE veh=Ramp_Back edge=34126779 lane=0 target=1 lane_count=1 recently=False speed=3.35
traci-bridge-1         | LANE_CMD_WAIT_EDGE veh=Ramp_Back edge=34126779 lane=0 target=1 lane_count=1
traci-bridge-1         | LANE_CMD_STATE veh=Ramp_Merge_4 edge=34126779 lane=0 target=1 lane_count=1 recently=False speed=3.69
traci-bridge-1         | LANE_CMD_WAIT_EDGE veh=Ramp_Merge_4 edge=34126779 lane=0 target=1 lane_count=1
traci-bridge-1         | LANE_CMD_STATE veh=Ramp_Merge_5 edge=34126779 lane=0 target=1 lane_count=1 recently=False speed=4.02
traci-bridge-1         | LANE_CMD_WAIT_EDGE veh=Ramp_Merge_5 edge=34126779 lane=0 target=1 lane_count=1
traci-bridge-1         | LANE_CMD_STATE veh=Ramp_Back edge=34126779 lane=0 target=1 lane_count=1 recently=False speed=3.36
traci-bridge-1         | LANE_CMD_WAIT_EDGE veh=Ramp_Back edge=34126779 lane=0 target=1 lane_count=1
traci-bridge-1         | LANE_CMD_STATE veh=Ramp_Merge_4 edge=34126779 lane=0 target=1 lane_count=1 recently=False speed=3.67
traci-bridge-1         | LANE_CMD_WAIT_EDGE veh=Ramp_Merge_4 edge=34126779 lane=0 target=1 lane_count=1
traci-bridge-1         | LANE_CMD_STATE veh=Ramp_Merge_5 edge=34126779 lane=0 target=1 lane_count=1 recently=False speed=4.03
traci-bridge-1         | LANE_CMD_WAIT_EDGE veh=Ramp_Merge_5 edge=34126779 lane=0 target=1 lane_count=1
traci-bridge-1         | LANE_CMD_STATE veh=Ramp_Back edge=34126779 lane=0 target=1 lane_count=1 recently=False speed=3.37
traci-bridge-1         | LANE_CMD_WAIT_EDGE veh=Ramp_Back edge=34126779 lane=0 target=1 lane_count=1
traci-bridge-1         | LANE_CMD_STATE veh=Ramp_Merge_4 edge=34126779 lane=0 target=1 lane_count=1 recently=False speed=3.67
traci-bridge-1         | LANE_CMD_WAIT_EDGE veh=Ramp_Merge_4 edge=34126779 lane=0 target=1 lane_count=1
traci-bridge-1         | LANE_CMD_STATE veh=Ramp_Merge_5 edge=34126779 lane=0 target=1 lane_count=1 recently=False speed=4.04
traci-bridge-1         | LANE_CMD_WAIT_EDGE veh=Ramp_Merge_5 edge=34126779 lane=0 target=1 lane_count=1
traci-bridge-1         | LANE_CMD_STATE veh=Ramp_Back edge=34126779 lane=0 target=1 lane_count=1 recently=False speed=3.36
traci-bridge-1         | LANE_CMD_WAIT_EDGE veh=Ramp_Back edge=34126779 lane=0 target=1 lane_count=1
traci-bridge-1         | LANE_CMD_STATE veh=Ramp_Merge_4 edge=34126779 lane=0 target=1 lane_count=1 recently=False speed=3.68
traci-bridge-1         | LANE_CMD_WAIT_EDGE veh=Ramp_Merge_4 edge=34126779 lane=0 target=1 lane_count=1
traci-bridge-1         | LANE_CMD_STATE veh=Ramp_Merge_5 edge=34126779 lane=0 target=1 lane_count=1 recently=False speed=4.04
traci-bridge-1         | LANE_CMD_WAIT_EDGE veh=Ramp_Merge_5 edge=34126779 lane=0 target=1 lane_count=1
traci-bridge-1         | LANE_CMD_STATE veh=Ramp_Back edge=34126779 lane=0 target=1 lane_count=1 recently=False speed=3.34
traci-bridge-1         | LANE_CMD_WAIT_EDGE veh=Ramp_Back edge=34126779 lane=0 target=1 lane_count=1
obu-ramp-merge-4-1     | [34.9] Ramp_Merge_4 MERGE_COMMIT_WAIT_LANE_AVAILABLE: edge=34126779 lane=0 target_lane=1 lane_count=1 executable=False speed=3.68 dtm=6.2
obu-lead-car-1         | HOST_RESERVATION_EXTEND_UNTIL_CLEAR: host=Lead_Car ramp=110 manoeuvre=97 new_remaining=4.0 ramp_lcs=WAIT_EDGE ramp_edge=34126779
obu-lead-car-1         | HOST_RESERVATION_HOLD: host=Lead_Car ramp=110 manoeuvre=97 remaining=4.0 own_speed=7.50 target_speed=7.50 ramp_fsm=MERGING ramp_lane_cmd_state=WAIT_EDGE ramp_edge=34126779 ramp_lane=0 ramp_merge_completed=False ramp_merge_committed=True
obu-lead-car-1         | [34.9] Lead_Car HOST_HOLD_YIELD: for merge=110 spd=7.50
obu-lead-car-1         | [34.9] Lead_Car MCM_TX_ACCEPT: manoeuvre=97 target=110
obu-main-front-left-1  | HOST_RESERVATION_EXTEND_UNTIL_CLEAR: host=Main_Front_Left ramp=111 manoeuvre=129 new_remaining=4.0 ramp_lcs=WAIT_EDGE ramp_edge=34126779
obu-main-front-left-1  | HOST_RESERVATION_HOLD: host=Main_Front_Left ramp=111 manoeuvre=129 remaining=4.0 own_speed=7.50 target_speed=7.50 ramp_fsm=MERGING ramp_lane_cmd_state=WAIT_EDGE ramp_edge=34126779 ramp_lane=0 ramp_merge_completed=False ramp_merge_committed=True
obu-main-front-left-1  | [34.9] Main_Front_Left HOST_HOLD_YIELD: for merge=111 spd=7.50
obu-main-front-left-1  | [34.9] Main_Front_Left MCM_TX_ACCEPT: manoeuvre=129 target=111
obu-ramp-merge-5-1     | [35.0] Ramp_Merge_5 MERGE_COMMIT_WAIT_LANE_AVAILABLE: edge=34126779 lane=0 target_lane=1 lane_count=1 executable=False speed=4.05 dtm=21.8
obu-ramp-merge-5-1     | [35.0] Ramp_Merge_5 role=merge state=MERGING->MERGING speed=4.05 target=4.23 neighbors=11
obu-ramp-merge-4-1     | [35.0] Ramp_Merge_4 MERGE_COMMIT_WAIT_LANE_AVAILABLE: edge=34126779 lane=0 target_lane=1 lane_count=1 executable=False speed=3.69 dtm=6.0
obu-lead-car-1         | HOST_RESERVATION_EXTEND_UNTIL_CLEAR: host=Lead_Car ramp=110 manoeuvre=97 new_remaining=4.0 ramp_lcs=WAIT_EDGE ramp_edge=34126779
obu-lead-car-1         | HOST_RESERVATION_HOLD: host=Lead_Car ramp=110 manoeuvre=97 remaining=4.0 own_speed=7.50 target_speed=7.50 ramp_fsm=MERGING ramp_lane_cmd_state=WAIT_EDGE ramp_edge=34126779 ramp_lane=0 ramp_merge_completed=False ramp_merge_committed=True
obu-lead-car-1         | [35.2] Lead_Car HOST_HOLD_YIELD: for merge=110 spd=7.50
obu-lead-car-1         | [35.2] Lead_Car MCM_TX_ACCEPT: manoeuvre=97 target=110
obu-lead-car-1         | [35.2] Lead_Car role=host state=YIELDING->YIELDING speed=7.50 target=7.50 neighbors=11
obu-main-front-left-1  | HOST_RESERVATION_EXTEND_UNTIL_CLEAR: host=Main_Front_Left ramp=111 manoeuvre=129 new_remaining=4.0 ramp_lcs=WAIT_EDGE ramp_edge=34126779
obu-main-front-left-1  | HOST_RESERVATION_HOLD: host=Main_Front_Left ramp=111 manoeuvre=129 remaining=4.0 own_speed=7.50 target_speed=7.50 ramp_fsm=MERGING ramp_lane_cmd_state=WAIT_EDGE ramp_edge=34126779 ramp_lane=0 ramp_merge_completed=False ramp_merge_committed=True
obu-main-front-left-1  | [35.2] Main_Front_Left HOST_HOLD_YIELD: for merge=111 spd=7.50
obu-main-front-left-1  | [35.2] Main_Front_Left MCM_TX_ACCEPT: manoeuvre=129 target=111
obu-main-front-left-1  | [35.2] Main_Front_Left role=host state=YIELDING->YIELDING speed=7.50 target=7.50 neighbors=11
obu-ramp-merge-5-1     | [35.1] Ramp_Merge_5 MERGE_COMMIT_WAIT_LANE_AVAILABLE: edge=34126779 lane=0 target_lane=1 lane_count=1 executable=False speed=4.06 dtm=21.4
obu-main-mid-right-1   | [35.3] Main_Mid_Right role=cruise state=CRUISE->CRUISE speed=7.47 target=7.50 neighbors=11
obu-ramp-merge-4-1     | [35.3] Ramp_Merge_4 MERGE_COMMIT_WAIT_LANE_AVAILABLE: edge=34126779 lane=0 target_lane=1 lane_count=1 executable=False speed=3.72 dtm=5.4
obu-ramp-back-1        | [35.3] Ramp_Back MERGE_COMMIT_WAIT_LANE_AVAILABLE: edge=34126779 lane=0 target_lane=1 lane_count=1 executable=False speed=3.30 dtm=37.3
obu-ramp-back-1        | [35.3] Ramp_Back MERGE_COMMIT_SAFETY_HOLD: lgok=False hgok=True fgok=True edge=34126779 lane=0 target_lane=1 speed=3.30 lane_cmd_state=WAIT_EDGE lane_cmd_executable=False lane_cmd_edge=34126779 lane_cmd_lane_count=1
obu-ramp-back-1        | [35.3] Ramp_Back CAR_FOLLOW: sid=111 edge=34126779 lane=0 leader_edge= leader_lane=None leader_role_hint=ramp self_merge_completed=False self_merge_completed_age=-1.0 self_merge_committed=True lane_cmd_state=WAIT_EDGE lane_cmd_edge=34126779 lane_cmd_target=1 lane_cmd_executable=False same_lane=True reason=same_lane_cam gap=9.6 follow_spd=3.20 emergency=False target_before=2.25 target_after=3.2041665224634452
obu-ramp-back-1        | [35.3] Ramp_Back role=merge state=MERGING->MERGING speed=3.30 target=3.20 neighbors=11
obu-ramp-merge-5-1     | [35.3] Ramp_Merge_5 MCM_RX_ACCEPT: from=102 manoeuvre=129 target=111
obu-main-back-right-1  | [35.3] Main_Back_Right MCM_RX_REQUEST: from=110 manoeuvre=98 target=106
obu-ramp-merge-4-1     | [35.3] Ramp_Merge_4 MCM_RX_ACCEPT: from=101 manoeuvre=97 target=110
obu-ramp-merge-4-1     | [35.3] Ramp_Merge_4 MCM_RX_ACCEPT: from=101 manoeuvre=97 target=110
obu-ramp-merge-4-1     | [35.3] Ramp_Merge_4 MCM_RX_ACCEPT: from=106 manoeuvre=98 target=110
obu-lead-car-1         | HOST_RESERVATION_EXTEND_UNTIL_CLEAR: host=Lead_Car ramp=110 manoeuvre=97 new_remaining=4.0 ramp_lcs=WAIT_EDGE ramp_edge=34126779
obu-lead-car-1         | HOST_RESERVATION_HOLD: host=Lead_Car ramp=110 manoeuvre=97 remaining=4.0 own_speed=7.50 target_speed=7.50 ramp_fsm=MERGING ramp_lane_cmd_state=WAIT_EDGE ramp_edge=34126779 ramp_lane=0 ramp_merge_completed=False ramp_merge_committed=True
obu-lead-car-1         | [35.4] Lead_Car HOST_HOLD_YIELD: for merge=110 spd=7.50
obu-main-front-left-1  | HOST_RESERVATION_EXTEND_UNTIL_CLEAR: host=Main_Front_Left ramp=111 manoeuvre=129 new_remaining=3.9 ramp_lcs=WAIT_EDGE ramp_edge=34126779
obu-main-front-left-1  | HOST_RESERVATION_HOLD: host=Main_Front_Left ramp=111 manoeuvre=129 remaining=3.9 own_speed=7.50 target_speed=7.50 ramp_fsm=MERGING ramp_lane_cmd_state=WAIT_EDGE ramp_edge=34126779 ramp_lane=0 ramp_merge_completed=False ramp_merge_committed=True
obu-main-front-left-1  | [35.4] Main_Front_Left HOST_HOLD_YIELD: for merge=111 spd=7.50
obu-ramp-merge-5-1     | [35.3] Ramp_Merge_5 MERGE_COMMIT_WAIT_LANE_AVAILABLE: edge=34126779 lane=0 target_lane=1 lane_count=1 executable=False speed=4.07 dtm=20.6
obu-ramp-merge-5-1     | [35.3] Ramp_Merge_5 MCM_RX_ACCEPT: from=102 manoeuvre=129 target=111
obu-main-back-left-1   | [35.3] Main_Back_Left role=cruise state=CRUISE->CRUISE speed=1.45 target=7.50 neighbors=11
obu-main-back-right-1  | HOST_RESERVATION_EXTEND_UNTIL_CLEAR: host=Main_Back_Right ramp=110 manoeuvre=98 new_remaining=4.0 ramp_lcs=WAIT_EDGE ramp_edge=34126779
obu-main-back-right-1  | HOST_RESERVATION_HOLD: host=Main_Back_Right ramp=110 manoeuvre=98 remaining=4.0 own_speed=1.61 target_speed=2.02 ramp_fsm=MERGING ramp_lane_cmd_state=WAIT_EDGE ramp_edge=34126779 ramp_lane=0 ramp_merge_completed=False ramp_merge_committed=True
obu-main-back-right-1  | [35.3] Main_Back_Right HOST_HOLD_YIELD: for merge=110 spd=2.02
obu-main-back-right-1  | [35.3] Main_Back_Right MCM_TX_ACCEPT: manoeuvre=98 target=110
obu-main-back-right-1  | [35.3] Main_Back_Right role=host state=YIELDING->YIELDING speed=1.61 target=2.02 neighbors=11
obu-ramp-merge-4-1     | [35.4] Ramp_Merge_4 MERGE_COMMIT_WAIT_LANE_AVAILABLE: edge=34126779 lane=0 target_lane=1 lane_count=1 executable=False speed=3.72 dtm=5.2
obu-ramp-back-1        | [35.4] Ramp_Back MERGE_COMMIT_WAIT_LANE_AVAILABLE: edge=34126779 lane=0 target_lane=1 lane_count=1 executable=False speed=3.29 dtm=37.0
obu-ramp-back-1        | [35.4] Ramp_Back MERGE_COMMIT_SAFETY_HOLD: lgok=False hgok=True fgok=True edge=34126779 lane=0 target_lane=1 speed=3.29 lane_cmd_state=WAIT_EDGE lane_cmd_executable=False lane_cmd_edge=34126779 lane_cmd_lane_count=1
obu-ramp-merge-4-1     | [35.5] Ramp_Merge_4 MERGE_LANE_WAIT_EDGE_CONFIRMED: edge=:390064918_0 lane=0 target_lane=1 lane_count=1 executable=False
obu-lead-car-1         | HOST_RESERVATION_EXTEND_UNTIL_CLEAR: host=Lead_Car ramp=110 manoeuvre=97 new_remaining=4.0 ramp_lcs=WAIT_EDGE ramp_edge=34126779
obu-lead-car-1         | HOST_RESERVATION_HOLD: host=Lead_Car ramp=110 manoeuvre=97 remaining=4.0 own_speed=7.50 target_speed=7.50 ramp_fsm=MERGING ramp_lane_cmd_state=WAIT_EDGE ramp_edge=34126779 ramp_lane=0 ramp_merge_completed=False ramp_merge_committed=True
obu-lead-car-1         | [35.5] Lead_Car HOST_HOLD_YIELD: for merge=110 spd=7.50
obu-lead-car-1         | [35.5] Lead_Car MCM_TX_ACCEPT: manoeuvre=97 target=110
obu-main-front-left-1  | HOST_RESERVATION_HOLD: host=Main_Front_Left ramp=111 manoeuvre=129 remaining=3.8 own_speed=7.50 target_speed=7.50 ramp_fsm=MERGING ramp_lane_cmd_state=WAIT_EDGE ramp_edge=34126779 ramp_lane=0 ramp_merge_completed=False ramp_merge_committed=True
obu-main-front-left-1  | [35.5] Main_Front_Left HOST_HOLD_YIELD: for merge=111 spd=7.50
obu-main-front-left-1  | [35.5] Main_Front_Left MCM_TX_ACCEPT: manoeuvre=129 target=111
obu-ramp-merge-5-1     | [35.4] Ramp_Merge_5 MERGE_COMMIT_WAIT_LANE_AVAILABLE: edge=34126779 lane=0 target_lane=1 lane_count=1 executable=False speed=4.08 dtm=20.2
obu-ramp-merge-3-1     | [35.5] Ramp_Merge_3 role=cruise state=CRUISE->CRUISE speed=6.75 target=7.50 neighbors=11
obu-main-back-right-1  | HOST_RESERVATION_EXTEND_UNTIL_CLEAR: host=Main_Back_Right ramp=110 manoeuvre=98 new_remaining=4.0 ramp_lcs=WAIT_EDGE ramp_edge=34126779
obu-main-back-right-1  | HOST_RESERVATION_HOLD: host=Main_Back_Right ramp=110 manoeuvre=98 remaining=4.0 own_speed=1.58 target_speed=2.02 ramp_fsm=MERGING ramp_lane_cmd_state=WAIT_EDGE ramp_edge=34126779 ramp_lane=0 ramp_merge_completed=False ramp_merge_committed=True
obu-main-back-right-1  | [35.5] Main_Back_Right HOST_HOLD_YIELD: for merge=110 spd=2.02
obu-ramp-merge-4-1     | [35.5] Ramp_Merge_4 MERGE_COMMIT_WAIT_LANE_AVAILABLE: edge=:390064918_0 lane=0 target_lane=1 lane_count=1 executable=False speed=3.73 dtm=5.1
obu-ramp-back-1        | [35.5] Ramp_Back MERGE_COMMIT_WAIT_LANE_AVAILABLE: edge=34126779 lane=0 target_lane=1 lane_count=1 executable=False speed=3.29 dtm=36.7
obu-ramp-back-1        | [35.5] Ramp_Back MERGE_COMMIT_SAFETY_HOLD: lgok=False hgok=True fgok=True edge=34126779 lane=0 target_lane=1 speed=3.29 lane_cmd_state=WAIT_EDGE lane_cmd_executable=False lane_cmd_edge=34126779 lane_cmd_lane_count=1
obu-ramp-back-1        | [35.5] Ramp_Back CAR_FOLLOW: sid=111 edge=34126779 lane=0 leader_edge= leader_lane=None leader_role_hint=ramp self_merge_completed=False self_merge_completed_age=-1.0 self_merge_committed=True lane_cmd_state=WAIT_EDGE lane_cmd_edge=34126779 lane_cmd_target=1 lane_cmd_executable=False same_lane=True reason=same_lane_cam gap=9.3 follow_spd=2.90 emergency=False target_before=2.25 target_after=3.0352817242649306
obu-merge-car-1        | [35.6] Merge_Car role=cruise state=CRUISE->CRUISE speed=7.50 target=7.50 neighbors=11
obu-lead-car-1         | HOST_RESERVATION_EXTEND_UNTIL_CLEAR: host=Lead_Car ramp=110 manoeuvre=97 new_remaining=4.0 ramp_lcs=WAIT_EDGE ramp_edge=34126779
obu-lead-car-1         | HOST_RESERVATION_HOLD: host=Lead_Car ramp=110 manoeuvre=97 remaining=4.0 own_speed=7.50 target_speed=7.50 ramp_fsm=MERGING ramp_lane_cmd_state=WAIT_EDGE ramp_edge=34126779 ramp_lane=0 ramp_merge_completed=False ramp_merge_committed=True
obu-lead-car-1         | [35.6] Lead_Car HOST_HOLD_YIELD: for merge=110 spd=7.50
obu-main-front-left-1  | HOST_RESERVATION_HOLD: host=Main_Front_Left ramp=111 manoeuvre=129 remaining=3.7 own_speed=7.50 target_speed=7.50 ramp_fsm=MERGING ramp_lane_cmd_state=WAIT_EDGE ramp_edge=34126779 ramp_lane=0 ramp_merge_completed=False ramp_merge_committed=True
obu-main-front-left-1  | [35.6] Main_Front_Left HOST_HOLD_YIELD: for merge=111 spd=7.50
obu-ramp-merge-5-1     | [35.5] Ramp_Merge_5 MERGE_COMMIT_WAIT_LANE_AVAILABLE: edge=34126779 lane=0 target_lane=1 lane_count=1 executable=False speed=4.09 dtm=19.8
obu-ramp-merge-2-1     | [35.7] Ramp_Merge_2 role=cruise state=CRUISE->CRUISE speed=5.95 target=7.50 neighbors=11
obu-main-back-right-1  | HOST_RESERVATION_EXTEND_UNTIL_CLEAR: host=Main_Back_Right ramp=110 manoeuvre=98 new_remaining=4.0 ramp_lcs=WAIT_EDGE ramp_edge=34126779
obu-main-back-right-1  | HOST_RESERVATION_HOLD: host=Main_Back_Right ramp=110 manoeuvre=98 remaining=4.0 own_speed=1.56 target_speed=2.02 ramp_fsm=MERGING ramp_lane_cmd_state=WAIT_EDGE ramp_edge=34126779 ramp_lane=0 ramp_merge_completed=False ramp_merge_committed=True
obu-main-back-right-1  | [35.7] Main_Back_Right HOST_HOLD_YIELD: for merge=110 spd=2.02
obu-main-back-right-1  | [35.7] Main_Back_Right MCM_TX_ACCEPT: manoeuvre=98 target=110
obu-ramp-merge-4-1     | [35.7] Ramp_Merge_4 MERGE_COMMIT_WAIT_LANE_AVAILABLE: edge=:390064918_0 lane=0 target_lane=1 lane_count=1 executable=False speed=3.75 dtm=4.9
obu-ramp-merge-4-1     | [35.7] Ramp_Merge_4 role=merge state=MERGING->MERGING speed=3.75 target=3.93 neighbors=11
obu-ramp-back-1        | [35.6] Ramp_Back MERGE_COMMIT_WAIT_LANE_AVAILABLE: edge=34126779 lane=0 target_lane=1 lane_count=1 executable=False speed=3.28 dtm=36.4
obu-ramp-back-1        | [35.6] Ramp_Back MERGE_COMMIT_SAFETY_HOLD: lgok=False hgok=True fgok=True edge=34126779 lane=0 target_lane=1 speed=3.28 lane_cmd_state=WAIT_EDGE lane_cmd_executable=False lane_cmd_edge=34126779 lane_cmd_lane_count=1
obu-ramp-back-1        | [35.6] Ramp_Back CAR_FOLLOW: sid=111 edge=34126779 lane=0 leader_edge= leader_lane=None leader_role_hint=ramp self_merge_completed=False self_merge_completed_age=-1.0 self_merge_committed=True lane_cmd_state=WAIT_EDGE lane_cmd_edge=34126779 lane_cmd_target=1 lane_cmd_executable=False same_lane=True reason=same_lane_cam gap=9.0 follow_spd=2.62 emergency=False target_before=2.25 target_after=3.0312259641748565
obu-lead-car-1         | HOST_RESERVATION_EXTEND_UNTIL_CLEAR: host=Lead_Car ramp=110 manoeuvre=97 new_remaining=4.0 ramp_lcs=WAIT_EDGE ramp_edge=34126779
obu-lead-car-1         | HOST_RESERVATION_HOLD: host=Lead_Car ramp=110 manoeuvre=97 remaining=4.0 own_speed=7.50 target_speed=7.50 ramp_fsm=MERGING ramp_lane_cmd_state=WAIT_EDGE ramp_edge=34126779 ramp_lane=0 ramp_merge_completed=False ramp_merge_committed=True
obu-lead-car-1         | [35.8] Lead_Car HOST_HOLD_YIELD: for merge=110 spd=7.50
obu-lead-car-1         | [35.8] Lead_Car MCM_TX_ACCEPT: manoeuvre=97 target=110
obu-main-front-left-1  | HOST_RESERVATION_HOLD: host=Main_Front_Left ramp=111 manoeuvre=129 remaining=3.5 own_speed=7.50 target_speed=7.50 ramp_fsm=MERGING ramp_lane_cmd_state=WAIT_EDGE ramp_edge=34126779 ramp_lane=0 ramp_merge_completed=False ramp_merge_committed=True
obu-main-front-left-1  | [35.8] Main_Front_Left HOST_HOLD_YIELD: for merge=111 spd=7.50
obu-main-front-left-1  | [35.8] Main_Front_Left MCM_TX_ACCEPT: manoeuvre=129 target=111
obu-ramp-merge-5-1     | [35.8] Ramp_Merge_5 MERGE_COMMIT_WAIT_LANE_AVAILABLE: edge=34126779 lane=0 target_lane=1 lane_count=1 executable=False speed=4.11 dtm=18.5
obu-host-car-1         | [35.9] Host_Car role=cruise state=CRUISE->CRUISE speed=7.50 target=7.50 neighbors=11
obu-main-back-right-1  | HOST_RESERVATION_EXTEND_UNTIL_CLEAR: host=Main_Back_Right ramp=110 manoeuvre=98 new_remaining=4.0 ramp_lcs=WAIT_EDGE ramp_edge=34126779
obu-main-back-right-1  | HOST_RESERVATION_HOLD: host=Main_Back_Right ramp=110 manoeuvre=98 remaining=4.0 own_speed=1.55 target_speed=2.02 ramp_fsm=MERGING ramp_lane_cmd_state=WAIT_EDGE ramp_edge=34126779 ramp_lane=0 ramp_merge_completed=False ramp_merge_committed=True
obu-main-back-right-1  | [35.9] Main_Back_Right HOST_HOLD_YIELD: for merge=110 spd=2.02
obu-ramp-back-1        | [35.8] Ramp_Back MERGE_COMMIT_WAIT_LANE_AVAILABLE: edge=34126779 lane=0 target_lane=1 lane_count=1 executable=False speed=3.22 dtm=35.7
obu-ramp-back-1        | [35.8] Ramp_Back MERGE_COMMIT_SAFETY_HOLD: lgok=False hgok=True fgok=True edge=34126779 lane=0 target_lane=1 speed=3.22 lane_cmd_state=WAIT_EDGE lane_cmd_executable=False lane_cmd_edge=34126779 lane_cmd_lane_count=1
obu-ramp-merge-4-1     | [35.9] Ramp_Merge_4 MCM_RX_ACCEPT: from=106 manoeuvre=98 target=110
obu-ramp-back-1        | [35.9] Ramp_Back CAR_FOLLOW: sid=111 edge=34126779 lane=0 leader_edge= leader_lane=None leader_role_hint=ramp self_merge_completed=False self_merge_completed_age=-1.0 self_merge_committed=True lane_cmd_state=WAIT_EDGE lane_cmd_edge=34126779 lane_cmd_target=1 lane_cmd_executable=False same_lane=True reason=same_lane_cam gap=8.0 follow_spd=2.62 emergency=False target_before=2.25 target_after=2.960712329150248
obu-ramp-merge-5-1     | [35.9] Ramp_Merge_5 MCM_RX_ACCEPT: from=102 manoeuvre=129 target=111
obu-ramp-merge-4-1     | [35.9] Ramp_Merge_4 MCM_RX_ACCEPT: from=101 manoeuvre=97 target=110
obu-ramp-merge-4-1     | [35.9] Ramp_Merge_4 MCM_RX_ACCEPT: from=106 manoeuvre=98 target=110
obu-ramp-merge-5-1     | [35.9] Ramp_Merge_5 MCM_RX_ACCEPT: from=102 manoeuvre=129 target=111
obu-ramp-merge-4-1     | [35.9] Ramp_Merge_4 MCM_RX_ACCEPT: from=101 manoeuvre=97 target=110
obu-lead-car-1         | HOST_RESERVATION_EXTEND_UNTIL_CLEAR: host=Lead_Car ramp=110 manoeuvre=97 new_remaining=4.0 ramp_lcs=WAIT_EDGE ramp_edge=:390064918_0
obu-lead-car-1         | HOST_RESERVATION_HOLD: host=Lead_Car ramp=110 manoeuvre=97 remaining=4.0 own_speed=7.50 target_speed=7.50 ramp_fsm=MERGING ramp_lane_cmd_state=WAIT_EDGE ramp_edge=:390064918_0 ramp_lane=0 ramp_merge_completed=False ramp_merge_committed=True
obu-lead-car-1         | [36.0] Lead_Car HOST_HOLD_YIELD: for merge=110 spd=7.50
obu-ramp-merge-5-1     | [35.9] Ramp_Merge_5 MERGE_COMMIT_WAIT_LANE_AVAILABLE: edge=34126779 lane=0 target_lane=1 lane_count=1 executable=False speed=4.12 dtm=18.1
obu-main-front-left-1  | HOST_RESERVATION_HOLD: host=Main_Front_Left ramp=111 manoeuvre=129 remaining=3.3 own_speed=7.50 target_speed=7.50 ramp_fsm=MERGING ramp_lane_cmd_state=WAIT_EDGE ramp_edge=34126779 ramp_lane=0 ramp_merge_completed=False ramp_merge_committed=True
obu-main-front-left-1  | [36.0] Main_Front_Left HOST_HOLD_YIELD: for merge=111 spd=7.50
obu-ramp-merge-4-1     | [35.9] Ramp_Merge_4 MERGE_COMMIT_WAIT_LANE_AVAILABLE: edge=:390064918_0 lane=0 target_lane=1 lane_count=1 executable=False speed=3.76 dtm=4.8
obu-main-back-right-1  | HOST_RESERVATION_EXTEND_UNTIL_CLEAR: host=Main_Back_Right ramp=110 manoeuvre=98 new_remaining=4.0 ramp_lcs=WAIT_EDGE ramp_edge=:390064918_0
obu-main-back-right-1  | HOST_RESERVATION_HOLD: host=Main_Back_Right ramp=110 manoeuvre=98 remaining=4.0 own_speed=1.54 target_speed=2.02 ramp_fsm=MERGING ramp_lane_cmd_state=WAIT_EDGE ramp_edge=:390064918_0 ramp_lane=0 ramp_merge_completed=False ramp_merge_committed=True
obu-main-back-right-1  | [36.0] Main_Back_Right HOST_HOLD_YIELD: for merge=110 spd=2.02
obu-main-back-right-1  | [36.0] Main_Back_Right MCM_TX_ACCEPT: manoeuvre=98 target=110
obu-ramp-back-1        | [35.9] Ramp_Back MERGE_COMMIT_WAIT_LANE_AVAILABLE: edge=34126779 lane=0 target_lane=1 lane_count=1 executable=False speed=3.21 dtm=35.4
obu-ramp-back-1        | MERGE_ATTEMPT_TIMELINE: vehicle=Ramp_Back manoeuvre=158 host=103 lead=104 event=ABORT_SAFETY_HOLD t=35.9 edge=34126779 lane=0 lane_cmd_state=WAIT_EDGE speed=3.21 target=6.75 dtm=35.4 lead_gap=107.09 host_gap=169.94 lead_gap_t1=107.09 lead_gap_t2=107.09 lead_gap_t3=107.09 host_gap_t1=169.94 host_gap_t2=169.94 host_gap_t3=169.94
obu-ramp-back-1        | [35.9] Ramp_Back MERGE_COMMIT_ABORT_SAFETY_HOLD: lgok=False hgok=True fgok=True edge=34126779 lane=0 target_lane=1 speed=3.21 lane_cmd_state=WAIT_EDGE lane_cmd_executable=False lane_cmd_edge=34126779 lane_cmd_lane_count=1
obu-lead-car-1         | HOST_RESERVATION_EXTEND_UNTIL_CLEAR: host=Lead_Car ramp=110 manoeuvre=97 new_remaining=4.0 ramp_lcs=WAIT_EDGE ramp_edge=:390064918_0
obu-lead-car-1         | HOST_RESERVATION_HOLD: host=Lead_Car ramp=110 manoeuvre=97 remaining=4.0 own_speed=7.50 target_speed=7.50 ramp_fsm=MERGING ramp_lane_cmd_state=WAIT_EDGE ramp_edge=:390064918_0 ramp_lane=0 ramp_merge_completed=False ramp_merge_committed=True
obu-lead-car-1         | [36.1] Lead_Car HOST_HOLD_YIELD: for merge=110 spd=7.50
obu-lead-car-1         | [36.1] Lead_Car MCM_TX_ACCEPT: manoeuvre=97 target=110
obu-main-front-left-1  | HOST_RESERVATION_HOLD: host=Main_Front_Left ramp=111 manoeuvre=129 remaining=3.2 own_speed=7.50 target_speed=7.50 ramp_fsm=MERGING ramp_lane_cmd_state=WAIT_EDGE ramp_edge=34126779 ramp_lane=0 ramp_merge_completed=False ramp_merge_committed=True
obu-main-front-left-1  | [36.1] Main_Front_Left HOST_HOLD_YIELD: for merge=111 spd=7.50
obu-ramp-merge-5-1     | [36.0] Ramp_Merge_5 MERGE_COMMIT_WAIT_LANE_AVAILABLE: edge=34126779 lane=0 target_lane=1 lane_count=1 executable=False speed=4.13 dtm=17.7
obu-ramp-merge-5-1     | [36.0] Ramp_Merge_5 role=merge state=MERGING->MERGING speed=4.13 target=4.31 neighbors=11
obu-main-front-left-1  | [36.1] Main_Front_Left MCM_TX_ACCEPT: manoeuvre=129 target=111
obu-ramp-merge-4-1     | [36.1] Ramp_Merge_4 MERGE_COMMIT_WAIT_LANE_AVAILABLE: edge=:390064918_0 lane=0 target_lane=1 lane_count=1 executable=False speed=3.78 dtm=4.9
obu-main-back-right-1  | HOST_RESERVATION_EXTEND_UNTIL_CLEAR: host=Main_Back_Right ramp=110 manoeuvre=98 new_remaining=4.0 ramp_lcs=WAIT_EDGE ramp_edge=:390064918_0
obu-main-back-right-1  | HOST_RESERVATION_HOLD: host=Main_Back_Right ramp=110 manoeuvre=98 remaining=4.0 own_speed=1.54 target_speed=2.02 ramp_fsm=MERGING ramp_lane_cmd_state=WAIT_EDGE ramp_edge=:390064918_0 ramp_lane=0 ramp_merge_completed=False ramp_merge_committed=True
obu-main-back-right-1  | [36.1] Main_Back_Right HOST_HOLD_YIELD: for merge=110 spd=2.02
obu-ramp-back-1        | MERGE_ATTEMPT_TIMELINE: vehicle=Ramp_Back manoeuvre=159 host=105 lead=104 event=REQUEST_SENT t=36.1 edge=34126779 lane=0 lane_cmd_state=WAIT_EDGE speed=3.19 target=6.75 dtm=34.8 lead_gap=107.53 host_gap=75.74 lead_gap_t1=107.53 lead_gap_t2=107.53 lead_gap_t3=107.53 host_gap_t1=74.98 host_gap_t2=74.23 host_gap_t3=73.48
obu-ramp-back-1        | [36.1] Ramp_Back MCM_TX_REQUEST: manoeuvre=159 target=105
obu-ramp-back-1        | [36.1] Ramp_Back MERGE_DECISION: auth=False phys=True fgok=True lgok=True hgok=True cok=True esok=False cready=True dtm=34.8 past=False committed=False hid=105 ra=None lclear=True hyok=True
obu-lead-car-1         | HOST_RESERVATION_EXTEND_UNTIL_CLEAR: host=Lead_Car ramp=110 manoeuvre=97 new_remaining=4.0 ramp_lcs=WAIT_EDGE ramp_edge=:390064918_0
obu-lead-car-1         | HOST_RESERVATION_HOLD: host=Lead_Car ramp=110 manoeuvre=97 remaining=4.0 own_speed=7.50 target_speed=7.50 ramp_fsm=MERGING ramp_lane_cmd_state=WAIT_EDGE ramp_edge=:390064918_0 ramp_lane=0 ramp_merge_completed=False ramp_merge_committed=True
obu-lead-car-1         | [36.2] Lead_Car HOST_HOLD_YIELD: for merge=110 spd=7.50
obu-lead-car-1         | [36.2] Lead_Car role=host state=YIELDING->YIELDING speed=7.50 target=7.50 neighbors=11
obu-ramp-merge-5-1     | [36.2] Ramp_Merge_5 MERGE_COMMIT_WAIT_LANE_AVAILABLE: edge=34126779 lane=0 target_lane=1 lane_count=1 executable=False speed=4.14 dtm=16.9
obu-main-front-left-1  | HOST_RESERVATION_HOLD: host=Main_Front_Left ramp=111 manoeuvre=129 remaining=3.1 own_speed=7.50 target_speed=7.50 ramp_fsm=MERGING ramp_lane_cmd_state=WAIT_EDGE ramp_edge=34126779 ramp_lane=0 ramp_merge_completed=False ramp_merge_committed=True
obu-main-front-left-1  | [36.2] Main_Front_Left HOST_HOLD_YIELD: for merge=111 spd=7.50
obu-main-front-left-1  | [36.2] Main_Front_Left role=host state=YIELDING->YIELDING speed=7.50 target=7.50 neighbors=11
obu-ramp-merge-4-1     | [36.2] Ramp_Merge_4 MERGE_COMMIT_WAIT_LANE_AVAILABLE: edge=:390064918_0 lane=0 target_lane=1 lane_count=1 executable=False speed=3.79 dtm=5.0
obu-ramp-merge-4-1     | [36.3] Ramp_Merge_4 MERGE_LANE_APPLY_CONFIRMED: edge=1331698336 lane=0 target_lane=1 lane_count=3 executable=True
obu-ramp-merge-4-1     | MERGE_ATTEMPT_TIMELINE: vehicle=Ramp_Merge_4 manoeuvre=98 host=106 lead=None event=CLEAR t=36.4 edge=1331698336 lane=1 lane_cmd_state=CLEAR speed=3.80 target=3.97 dtm=2.6 lead_gap= host_gap=32.67 lead_gap_t1= lead_gap_t2= lead_gap_t3= host_gap_t1=30.40 host_gap_t2=28.14 host_gap_t3=25.88
obu-ramp-merge-4-1     | [36.4] Ramp_Merge_4 MERGE_LANE_CLEAR_CONFIRMED: edge=1331698336 lane=1 target_lane=1 lane_count=3 executable=False
obu-main-back-right-1  | HOST_RESERVATION_EXTEND_UNTIL_CLEAR: host=Main_Back_Right ramp=110 manoeuvre=98 new_remaining=4.0 ramp_lcs=WAIT_EDGE ramp_edge=:390064918_0
obu-main-back-right-1  | HOST_RESERVATION_HOLD: host=Main_Back_Right ramp=110 manoeuvre=98 remaining=4.0 own_speed=1.53 target_speed=2.02 ramp_fsm=MERGING ramp_lane_cmd_state=WAIT_EDGE ramp_edge=:390064918_0 ramp_lane=0 ramp_merge_completed=False ramp_merge_committed=True
obu-main-back-right-1  | [36.3] Main_Back_Right HOST_HOLD_YIELD: for merge=110 spd=2.02
obu-main-back-right-1  | [36.3] Main_Back_Right MCM_TX_ACCEPT: manoeuvre=98 target=110
obu-main-back-right-1  | [36.3] Main_Back_Right role=host state=YIELDING->YIELDING speed=1.53 target=2.02 neighbors=11
obu-ramp-back-1        | [36.3] Ramp_Back MERGE_DECISION: auth=False phys=True fgok=True lgok=True hgok=True cok=True esok=False cready=True dtm=34.2 past=False committed=False hid=105 ra=None lclear=True hyok=True
obu-ramp-back-1        | [36.3] Ramp_Back role=merge state=NEGOTIATING->NEGOTIATING speed=3.36 target=3.54 neighbors=11
obu-lead-car-1         | HOST_RESERVATION_EXTEND_UNTIL_CLEAR: host=Lead_Car ramp=110 manoeuvre=97 new_remaining=4.0 ramp_lcs=WAIT_EDGE ramp_edge=:390064918_0
obu-lead-car-1         | HOST_RESERVATION_HOLD: host=Lead_Car ramp=110 manoeuvre=97 remaining=4.0 own_speed=7.50 target_speed=7.50 ramp_fsm=MERGING ramp_lane_cmd_state=WAIT_EDGE ramp_edge=:390064918_0 ramp_lane=0 ramp_merge_completed=False ramp_merge_committed=True
obu-lead-car-1         | [36.4] Lead_Car HOST_HOLD_YIELD: for merge=110 spd=7.50
obu-lead-car-1         | [36.4] Lead_Car MCM_TX_ACCEPT: manoeuvre=97 target=110
traci-bridge-1         | LANE_CMD_STATE veh=Ramp_Merge_4 edge=34126779 lane=0 target=1 lane_count=1 recently=False speed=3.69
traci-bridge-1         | LANE_CMD_WAIT_EDGE veh=Ramp_Merge_4 edge=34126779 lane=0 target=1 lane_count=1
traci-bridge-1         | LANE_CMD_STATE veh=Ramp_Merge_5 edge=34126779 lane=0 target=1 lane_count=1 recently=False speed=4.05
traci-bridge-1         | LANE_CMD_WAIT_EDGE veh=Ramp_Merge_5 edge=34126779 lane=0 target=1 lane_count=1
traci-bridge-1         | LANE_CMD_STATE veh=Ramp_Back edge=34126779 lane=0 target=1 lane_count=1 recently=False speed=3.33
traci-bridge-1         | LANE_CMD_WAIT_EDGE veh=Ramp_Back edge=34126779 lane=0 target=1 lane_count=1
traci-bridge-1         | LANE_CMD_STATE veh=Ramp_Merge_4 edge=34126779 lane=0 target=1 lane_count=1 recently=False speed=3.70
traci-bridge-1         | LANE_CMD_WAIT_EDGE veh=Ramp_Merge_4 edge=34126779 lane=0 target=1 lane_count=1
traci-bridge-1         | LANE_CMD_STATE veh=Ramp_Merge_5 edge=34126779 lane=0 target=1 lane_count=1 recently=False speed=4.06
traci-bridge-1         | LANE_CMD_WAIT_EDGE veh=Ramp_Merge_5 edge=34126779 lane=0 target=1 lane_count=1
traci-bridge-1         | LANE_CMD_STATE veh=Ramp_Back edge=34126779 lane=0 target=1 lane_count=1 recently=False speed=3.32
traci-bridge-1         | LANE_CMD_WAIT_EDGE veh=Ramp_Back edge=34126779 lane=0 target=1 lane_count=1
traci-bridge-1         | LANE_CMD_STATE veh=Ramp_Merge_4 edge=34126779 lane=0 target=1 lane_count=1 recently=False speed=3.71
traci-bridge-1         | LANE_CMD_WAIT_EDGE veh=Ramp_Merge_4 edge=34126779 lane=0 target=1 lane_count=1
traci-bridge-1         | LANE_CMD_STATE veh=Ramp_Merge_5 edge=34126779 lane=0 target=1 lane_count=1 recently=False speed=4.07
traci-bridge-1         | LANE_CMD_WAIT_EDGE veh=Ramp_Merge_5 edge=34126779 lane=0 target=1 lane_count=1
traci-bridge-1         | LANE_CMD_STATE veh=Ramp_Back edge=34126779 lane=0 target=1 lane_count=1 recently=False speed=3.31
traci-bridge-1         | LANE_CMD_WAIT_EDGE veh=Ramp_Back edge=34126779 lane=0 target=1 lane_count=1
traci-bridge-1         | LANE_CMD_STATE veh=Ramp_Merge_4 edge=34126779 lane=0 target=1 lane_count=1 recently=False speed=3.72
traci-bridge-1         | LANE_CMD_WAIT_EDGE veh=Ramp_Merge_4 edge=34126779 lane=0 target=1 lane_count=1
traci-bridge-1         | LANE_CMD_STATE veh=Ramp_Merge_5 edge=34126779 lane=0 target=1 lane_count=1 recently=False speed=4.07
traci-bridge-1         | LANE_CMD_WAIT_EDGE veh=Ramp_Merge_5 edge=34126779 lane=0 target=1 lane_count=1
traci-bridge-1         | LANE_CMD_STATE veh=Ramp_Back edge=34126779 lane=0 target=1 lane_count=1 recently=False speed=3.30
traci-bridge-1         | LANE_CMD_WAIT_EDGE veh=Ramp_Back edge=34126779 lane=0 target=1 lane_count=1
traci-bridge-1         | LANE_CMD_STATE veh=Ramp_Merge_4 edge=34126779 lane=0 target=1 lane_count=1 recently=False speed=3.72
traci-bridge-1         | LANE_CMD_WAIT_EDGE veh=Ramp_Merge_4 edge=34126779 lane=0 target=1 lane_count=1
traci-bridge-1         | LANE_CMD_STATE veh=Ramp_Merge_5 edge=34126779 lane=0 target=1 lane_count=1 recently=False speed=4.08
traci-bridge-1         | LANE_CMD_WAIT_EDGE veh=Ramp_Merge_5 edge=34126779 lane=0 target=1 lane_count=1
traci-bridge-1         | LANE_CMD_STATE veh=Ramp_Back edge=34126779 lane=0 target=1 lane_count=1 recently=False speed=3.29
traci-bridge-1         | LANE_CMD_WAIT_EDGE veh=Ramp_Back edge=34126779 lane=0 target=1 lane_count=1
traci-bridge-1         | LANE_CMD_STATE veh=Ramp_Merge_4 edge=:390064918_0 lane=0 target=1 lane_count=1 recently=False speed=3.73
traci-bridge-1         | LANE_CMD_WAIT_EDGE veh=Ramp_Merge_4 edge=:390064918_0 lane=0 target=1 lane_count=1
traci-bridge-1         | LANE_CMD_STATE veh=Ramp_Merge_5 edge=34126779 lane=0 target=1 lane_count=1 recently=False speed=4.09
traci-bridge-1         | LANE_CMD_WAIT_EDGE veh=Ramp_Merge_5 edge=34126779 lane=0 target=1 lane_count=1
traci-bridge-1         | LANE_CMD_STATE veh=Ramp_Back edge=34126779 lane=0 target=1 lane_count=1 recently=False speed=3.29
traci-bridge-1         | LANE_CMD_WAIT_EDGE veh=Ramp_Back edge=34126779 lane=0 target=1 lane_count=1
traci-bridge-1         | LANE_CMD_STATE veh=Ramp_Merge_4 edge=:390064918_0 lane=0 target=1 lane_count=1 recently=False speed=3.74
traci-bridge-1         | LANE_CMD_WAIT_EDGE veh=Ramp_Merge_4 edge=:390064918_0 lane=0 target=1 lane_count=1
traci-bridge-1         | LANE_CMD_STATE veh=Ramp_Merge_5 edge=34126779 lane=0 target=1 lane_count=1 recently=False speed=4.10
traci-bridge-1         | LANE_CMD_WAIT_EDGE veh=Ramp_Merge_5 edge=34126779 lane=0 target=1 lane_count=1
traci-bridge-1         | LANE_CMD_STATE veh=Ramp_Back edge=34126779 lane=0 target=1 lane_count=1 recently=False speed=3.28
traci-bridge-1         | LANE_CMD_WAIT_EDGE veh=Ramp_Back edge=34126779 lane=0 target=1 lane_count=1
traci-bridge-1         | LANE_CMD_STATE veh=Ramp_Merge_4 edge=:390064918_0 lane=0 target=1 lane_count=1 recently=False speed=3.75
traci-bridge-1         | LANE_CMD_WAIT_EDGE veh=Ramp_Merge_4 edge=:390064918_0 lane=0 target=1 lane_count=1
traci-bridge-1         | LANE_CMD_STATE veh=Ramp_Merge_5 edge=34126779 lane=0 target=1 lane_count=1 recently=False speed=4.11
traci-bridge-1         | LANE_CMD_WAIT_EDGE veh=Ramp_Merge_5 edge=34126779 lane=0 target=1 lane_count=1
traci-bridge-1         | LANE_CMD_STATE veh=Ramp_Back edge=34126779 lane=0 target=1 lane_count=1 recently=False speed=3.23
traci-bridge-1         | LANE_CMD_WAIT_EDGE veh=Ramp_Back edge=34126779 lane=0 target=1 lane_count=1
traci-bridge-1         | LANE_CMD_STATE veh=Ramp_Merge_4 edge=:390064918_0 lane=0 target=1 lane_count=1 recently=False speed=3.76
traci-bridge-1         | LANE_CMD_WAIT_EDGE veh=Ramp_Merge_4 edge=:390064918_0 lane=0 target=1 lane_count=1
traci-bridge-1         | LANE_CMD_STATE veh=Ramp_Merge_5 edge=34126779 lane=0 target=1 lane_count=1 recently=False speed=4.11
traci-bridge-1         | LANE_CMD_WAIT_EDGE veh=Ramp_Merge_5 edge=34126779 lane=0 target=1 lane_count=1
traci-bridge-1         | LANE_CMD_STATE veh=Ramp_Back edge=34126779 lane=0 target=1 lane_count=1 recently=False speed=3.22
traci-bridge-1         | LANE_CMD_WAIT_EDGE veh=Ramp_Back edge=34126779 lane=0 target=1 lane_count=1
traci-bridge-1         | LANE_CMD_STATE veh=Ramp_Merge_4 edge=:390064918_0 lane=0 target=1 lane_count=1 recently=False speed=3.76
traci-bridge-1         | LANE_CMD_WAIT_EDGE veh=Ramp_Merge_4 edge=:390064918_0 lane=0 target=1 lane_count=1
traci-bridge-1         | LANE_CMD_STATE veh=Ramp_Merge_5 edge=34126779 lane=0 target=1 lane_count=1 recently=False speed=4.12
traci-bridge-1         | LANE_CMD_WAIT_EDGE veh=Ramp_Merge_5 edge=34126779 lane=0 target=1 lane_count=1
traci-bridge-1         | LANE_CMD_STATE veh=Ramp_Back edge=34126779 lane=0 target=1 lane_count=1 recently=False speed=3.21
traci-bridge-1         | LANE_CMD_WAIT_EDGE veh=Ramp_Back edge=34126779 lane=0 target=1 lane_count=1
traci-bridge-1         | LANE_CMD_STATE veh=Ramp_Merge_4 edge=:390064918_0 lane=0 target=1 lane_count=1 recently=False speed=3.77
traci-bridge-1         | LANE_CMD_WAIT_EDGE veh=Ramp_Merge_4 edge=:390064918_0 lane=0 target=1 lane_count=1
traci-bridge-1         | LANE_CMD_STATE veh=Ramp_Merge_5 edge=34126779 lane=0 target=1 lane_count=1 recently=False speed=4.13
traci-bridge-1         | LANE_CMD_WAIT_EDGE veh=Ramp_Merge_5 edge=34126779 lane=0 target=1 lane_count=1
traci-bridge-1         | LANE_CMD_STATE veh=Ramp_Back edge=34126779 lane=0 target=1 lane_count=1 recently=False speed=3.20
traci-bridge-1         | LANE_CMD_WAIT_EDGE veh=Ramp_Back edge=34126779 lane=0 target=1 lane_count=1
traci-bridge-1         | LANE_CMD_STATE veh=Ramp_Merge_4 edge=:390064918_0 lane=0 target=1 lane_count=1 recently=False speed=3.78
traci-bridge-1         | LANE_CMD_WAIT_EDGE veh=Ramp_Merge_4 edge=:390064918_0 lane=0 target=1 lane_count=1
traci-bridge-1         | LANE_CMD_STATE veh=Ramp_Merge_5 edge=34126779 lane=0 target=1 lane_count=1 recently=False speed=4.14
traci-bridge-1         | LANE_CMD_WAIT_EDGE veh=Ramp_Merge_5 edge=34126779 lane=0 target=1 lane_count=1
traci-bridge-1         | LANE_CMD_STATE veh=Ramp_Back edge=34126779 lane=0 target=1 lane_count=1 recently=False speed=3.19
traci-bridge-1         | LANE_CMD_WAIT_EDGE veh=Ramp_Back edge=34126779 lane=0 target=1 lane_count=1
traci-bridge-1         | LANE_CMD_STATE veh=Ramp_Merge_4 edge=:390064918_0 lane=0 target=1 lane_count=1 recently=False speed=3.79
traci-bridge-1         | LANE_CMD_WAIT_EDGE veh=Ramp_Merge_4 edge=:390064918_0 lane=0 target=1 lane_count=1
traci-bridge-1         | LANE_CMD_STATE veh=Ramp_Merge_5 edge=34126779 lane=0 target=1 lane_count=1 recently=False speed=4.14
traci-bridge-1         | LANE_CMD_WAIT_EDGE veh=Ramp_Merge_5 edge=34126779 lane=0 target=1 lane_count=1
traci-bridge-1         | LANE_CMD_STATE veh=Ramp_Back edge=34126779 lane=0 target=1 lane_count=1 recently=False speed=3.19
traci-bridge-1         | LANE_CMD_WAIT_EDGE veh=Ramp_Back edge=34126779 lane=0 target=1 lane_count=1
traci-bridge-1         | LANE_CMD_STATE veh=Ramp_Merge_4 edge=1331698336 lane=0 target=1 lane_count=3 recently=False speed=3.79
traci-bridge-1         | LANE_CMD_APPLY veh=Ramp_Merge_4 edge=1331698336 from_lane=0 target=1 duration=2.00 mode=256 speed=3.79
traci-bridge-1         | LANE_CMD_STATE veh=Ramp_Merge_5 edge=34126779 lane=0 target=1 lane_count=1 recently=False speed=4.15
traci-bridge-1         | LANE_CMD_WAIT_EDGE veh=Ramp_Merge_5 edge=34126779 lane=0 target=1 lane_count=1
traci-bridge-1         | LANE_CMD_STATE veh=Ramp_Back edge=34126779 lane=0 target=1 lane_count=1 recently=False speed=3.36
traci-bridge-1         | LANE_CMD_WAIT_EDGE veh=Ramp_Back edge=34126779 lane=0 target=1 lane_count=1
traci-bridge-1         | LANE_CMD_STATE veh=Ramp_Merge_4 edge=1331698336 lane=1 target=1 lane_count=3 recently=True speed=3.80
traci-bridge-1         | LANE_CMD_CLEAR veh=Ramp_Merge_4 edge=1331698336 target=1
traci-bridge-1         | LANE_CMD_STATE veh=Ramp_Merge_5 edge=34126779 lane=0 target=1 lane_count=1 recently=False speed=4.16
traci-bridge-1         | LANE_CMD_WAIT_EDGE veh=Ramp_Merge_5 edge=34126779 lane=0 target=1 lane_count=1
traci-bridge-1         | LANE_CMD_STATE veh=Ramp_Back edge=34126779 lane=0 target=1 lane_count=1 recently=False speed=3.53
traci-bridge-1         | LANE_CMD_WAIT_EDGE veh=Ramp_Back edge=34126779 lane=0 target=1 lane_count=1
traci-bridge-1         | LANE_CMD_STATE veh=Ramp_Merge_5 edge=34126779 lane=0 target=1 lane_count=1 recently=False speed=4.17
obu-ramp-merge-5-1     | [36.4] Ramp_Merge_5 MERGE_COMMIT_WAIT_LANE_AVAILABLE: edge=34126779 lane=0 target_lane=1 lane_count=1 executable=False speed=4.16 dtm=16.0
obu-main-back-left-1   | [36.4] Main_Back_Left role=cruise state=CRUISE->CRUISE speed=3.65 target=7.50 neighbors=11
obu-ramp-merge-4-1     | MERGE_ATTEMPT_TIMELINE: vehicle=Ramp_Merge_4 manoeuvre=98 host=106 lead=None event=COMPLETED t=36.5 edge=1331698336 lane=1 lane_cmd_state=CLEAR speed=3.81 target=6.75 dtm=2.9 lead_gap= host_gap=32.46 lead_gap_t1= lead_gap_t2= lead_gap_t3= host_gap_t1=30.19 host_gap_t2=27.92 host_gap_t3=25.65
obu-ramp-merge-4-1     | [36.5] Ramp_Merge_4 MERGE_COMPLETED_AFTER_TIMEOUT: eid=1331698336 lane=1
obu-main-back-right-1  | HOST_RESERVATION_EXTEND_UNTIL_CLEAR: host=Main_Back_Right ramp=110 manoeuvre=98 new_remaining=4.0 ramp_lcs=WAIT_EDGE ramp_edge=:390064918_0
obu-main-back-right-1  | HOST_RESERVATION_HOLD: host=Main_Back_Right ramp=110 manoeuvre=98 remaining=4.0 own_speed=1.55 target_speed=2.02 ramp_fsm=MERGING ramp_lane_cmd_state=WAIT_EDGE ramp_edge=:390064918_0 ramp_lane=0 ramp_merge_completed=False ramp_merge_committed=True
obu-main-back-right-1  | [36.5] Main_Back_Right HOST_HOLD_YIELD: for merge=110 spd=2.02
obu-lead-car-1         | HOST_RESERVATION_EXTEND_UNTIL_CLEAR: host=Lead_Car ramp=110 manoeuvre=97 new_remaining=4.0 ramp_lcs=WAIT_EDGE ramp_edge=:390064918_0
obu-ramp-back-1        | [36.5] Ramp_Back MCM_TX_REQUEST: manoeuvre=159 target=105
obu-ramp-back-1        | [36.4] Ramp_Back MERGE_DECISION: auth=False phys=True fgok=True lgok=True hgok=True cok=True esok=False cready=True dtm=33.8 past=False committed=False hid=105 ra=None lclear=True hyok=True
obu-ramp-merge-5-1     | [36.6] Ramp_Merge_5 MERGE_COMMIT_WAIT_LANE_AVAILABLE: edge=34126779 lane=0 target_lane=1 lane_count=1 executable=False speed=4.18 dtm=15.2
obu-lead-car-1         | HOST_RESERVATION_HOLD: host=Lead_Car ramp=110 manoeuvre=97 remaining=4.0 own_speed=7.50 target_speed=7.50 ramp_fsm=MERGING ramp_lane_cmd_state=WAIT_EDGE ramp_edge=:390064918_0 ramp_lane=0 ramp_merge_completed=False ramp_merge_committed=True
obu-lead-car-1         | [36.5] Lead_Car HOST_HOLD_YIELD: for merge=110 spd=7.50
obu-main-mid-right-1   | [36.6] Main_Mid_Right role=cruise state=CRUISE->CRUISE speed=7.48 target=7.50 neighbors=11
obu-ramp-merge-4-1     | [36.6] Ramp_Merge_4 MCM_RX_ACCEPT: from=106 manoeuvre=98 target=110
obu-ramp-merge-5-1     | [36.6] Ramp_Merge_5 MCM_RX_ACCEPT: from=102 manoeuvre=129 target=111
obu-ramp-merge-4-1     | [36.6] Ramp_Merge_4 MCM_RX_ACCEPT: from=106 manoeuvre=98 target=110
obu-ramp-merge-4-1     | [36.6] Ramp_Merge_4 MCM_RX_ACCEPT: from=101 manoeuvre=97 target=110
obu-ramp-merge-4-1     | [36.6] Ramp_Merge_4 MCM_RX_ACCEPT: from=101 manoeuvre=97 target=110
obu-ramp-merge-3-1     | [36.6] Ramp_Merge_3 role=cruise state=CRUISE->CRUISE speed=7.07 target=7.50 neighbors=11
obu-main-back-left-1   | [36.6] Main_Back_Left MCM_RX_REQUEST: from=112 manoeuvre=159 target=105
obu-main-back-left-1   | [36.6] Main_Back_Left MCM_RX_REQUEST: from=112 manoeuvre=159 target=105
obu-main-back-right-1  | HOST_RESERVATION_RELEASE_AFTER_CLEAR: host=Main_Back_Right ramp=110 manoeuvre=98 reason=completed ramp_fsm=CRUISE ramp_lcs=CLEAR ramp_edge=1331698336 ramp_merge_completed=True
obu-merge-car-1        | [36.6] Merge_Car role=cruise state=CRUISE->CRUISE speed=7.50 target=7.50 neighbors=11
obu-ramp-back-1        | [36.6] Ramp_Back MERGE_DECISION: auth=False phys=True fgok=True lgok=True hgok=True cok=True esok=False cready=True dtm=33.1 past=False committed=False hid=105 ra=None lclear=True hyok=True
obu-main-front-left-1  | HOST_RESERVATION_HOLD: host=Main_Front_Left ramp=111 manoeuvre=129 remaining=2.7 own_speed=7.50 target_speed=7.50 ramp_fsm=MERGING ramp_lane_cmd_state=WAIT_EDGE ramp_edge=34126779 ramp_lane=0 ramp_merge_completed=False ramp_merge_committed=True
obu-main-front-left-1  | [36.6] Main_Front_Left HOST_HOLD_YIELD: for merge=111 spd=7.50
obu-main-front-left-1  | [36.6] Main_Front_Left MCM_TX_ACCEPT: manoeuvre=129 target=111
obu-lead-car-1         | HOST_RESERVATION_RELEASE_AFTER_CLEAR: host=Lead_Car ramp=110 manoeuvre=97 reason=completed ramp_fsm=CRUISE ramp_lcs=CLEAR ramp_edge=1331698336 ramp_merge_completed=True
obu-ramp-merge-4-1     | [36.7] Ramp_Merge_4 role=host state=CRUISE->CRUISE speed=4.00 target=7.50 neighbors=11
obu-ramp-back-1        | [36.7] Ramp_Back MERGE_DECISION: auth=False phys=True fgok=True lgok=True hgok=True cok=True esok=False cready=True dtm=32.8 past=False committed=False hid=105 ra=None lclear=True hyok=True
obu-main-front-left-1  | HOST_RESERVATION_HOLD: host=Main_Front_Left ramp=111 manoeuvre=129 remaining=2.5 own_speed=7.50 target_speed=7.50 ramp_fsm=MERGING ramp_lane_cmd_state=WAIT_EDGE ramp_edge=34126779 ramp_lane=0 ramp_merge_completed=False ramp_merge_committed=True
obu-main-front-left-1  | [36.8] Main_Front_Left HOST_HOLD_YIELD: for merge=111 spd=7.50
obu-ramp-merge-2-1     | [36.8] Ramp_Merge_2 role=cruise state=CRUISE->CRUISE speed=6.62 target=7.50 neighbors=11
obu-host-car-1         | [37.0] Host_Car role=cruise state=CRUISE->CRUISE speed=7.50 target=7.50 neighbors=11
obu-main-front-left-1  | HOST_RESERVATION_HOLD: host=Main_Front_Left ramp=111 manoeuvre=129 remaining=2.4 own_speed=7.50 target_speed=7.50 ramp_fsm=MERGING ramp_lane_cmd_state=WAIT_EDGE ramp_edge=34126779 ramp_lane=0 ramp_merge_completed=False ramp_merge_committed=True
obu-main-front-left-1  | [36.9] Main_Front_Left HOST_HOLD_YIELD: for merge=111 spd=7.50
obu-main-front-left-1  | [36.9] Main_Front_Left MCM_TX_ACCEPT: manoeuvre=129 target=111
obu-main-front-left-1  | HOST_RESERVATION_HOLD: host=Main_Front_Left ramp=111 manoeuvre=129 remaining=2.2 own_speed=7.50 target_speed=7.50 ramp_fsm=MERGING ramp_lane_cmd_state=WAIT_EDGE ramp_edge=34126779 ramp_lane=0 ramp_merge_completed=False ramp_merge_committed=True
obu-main-front-left-1  | [37.1] Main_Front_Left HOST_HOLD_YIELD: for merge=111 spd=7.50
obu-ramp-merge-5-1     | [37.3] Ramp_Merge_5 MCM_RX_ACCEPT: from=102 manoeuvre=129 target=111
obu-main-back-right-1  | [37.3] Main_Back_Right role=cruise state=CRUISE->CRUISE speed=2.36 target=7.50 neighbors=10
obu-ramp-merge-5-1     | [37.3] Ramp_Merge_5 MCM_RX_ACCEPT: from=102 manoeuvre=129 target=111
obu-ramp-back-1        | [37.3] Ramp_Back MCM_TX_REQUEST: manoeuvre=159 target=105
obu-ramp-merge-5-1     | [37.3] Ramp_Merge_5 MERGE_COMMIT_WAIT_LANE_AVAILABLE: edge=34126779 lane=0 target_lane=1 lane_count=1 executable=False speed=4.23 dtm=12.4
obu-ramp-merge-5-1     | [37.3] Ramp_Merge_5 role=merge state=MERGING->MERGING speed=4.23 target=4.41 neighbors=11
obu-ramp-back-1        | [37.3] Ramp_Back MERGE_DECISION: auth=False phys=True fgok=True lgok=True hgok=True cok=True esok=False cready=True dtm=30.7 past=False committed=False hid=105 ra=None lclear=True hyok=True
obu-ramp-back-1        | [37.3] Ramp_Back role=merge state=NEGOTIATING->NEGOTIATING speed=3.57 target=3.75 neighbors=11
obu-main-front-left-1  | HOST_RESERVATION_HOLD: host=Main_Front_Left ramp=111 manoeuvre=129 remaining=1.9 own_speed=7.50 target_speed=7.50 ramp_fsm=MERGING ramp_lane_cmd_state=WAIT_EDGE ramp_edge=34126779 ramp_lane=0 ramp_merge_completed=False ramp_merge_committed=True
obu-main-front-left-1  | [37.4] Main_Front_Left HOST_HOLD_YIELD: for merge=111 spd=7.50
obu-main-back-left-1   | HOST_RESERVATION_START: host=Main_Back_Left ramp=112 manoeuvre=159 until=41.4 own_speed=5.19 target_speed=4.88 required_speed=4.92 gap_eta=3.96
obu-main-back-left-1   | [37.4] Main_Back_Left HOST_RESERVED: merge=112 manoeuvre=159 until=41.4 target_spd=4.88
obu-main-back-left-1   | [37.4] Main_Back_Left HOST_YIELD: for merge=112 req_spd=4.88
obu-main-front-left-1  | [37.4] Main_Front_Left MCM_TX_ACCEPT: manoeuvre=129 target=111
obu-main-front-left-1  | [37.4] Main_Front_Left role=host state=YIELDING->YIELDING speed=7.50 target=7.50 neighbors=11
obu-main-back-left-1   | [37.4] Main_Back_Left MCM_TX_ACCEPT: manoeuvre=159 target=112
obu-main-back-left-1   | [37.4] Main_Back_Left role=host state=CRUISE->YIELDING speed=5.19 target=4.88 neighbors=11
obu-lead-car-1         | [37.4] Lead_Car role=cruise state=CRUISE->CRUISE speed=7.50 target=7.50 neighbors=11
obu-merge-car-1        | [37.6] Merge_Car role=cruise state=CRUISE->CRUISE speed=7.50 target=7.50 neighbors=11
obu-ramp-merge-4-1     | [37.9] Ramp_Merge_4 role=cruise state=CRUISE->CRUISE speed=5.61 target=7.50 neighbors=8
obu-ramp-merge-5-1     | [38.0] Ramp_Merge_5 MERGE_COMMIT_WAIT_LANE_AVAILABLE: edge=34126779 lane=0 target_lane=1 lane_count=1 executable=False speed=4.28 dtm=9.7
obu-ramp-merge-5-1     | [38.0] Ramp_Merge_5 FINAL_GUARD: REJECTED sid=110 gap=15.5
obu-ramp-merge-5-1     | [38.0] Ramp_Merge_5 MERGE_COMMIT_SAFETY_HOLD: lgok=True hgok=True fgok=False edge=34126779 lane=0 target_lane=1 speed=4.28 lane_cmd_state=WAIT_EDGE lane_cmd_executable=False lane_cmd_edge=34126779 lane_cmd_lane_count=1
obu-ramp-back-1        | [38.0] Ramp_Back MCM_TX_REQUEST: manoeuvre=159 target=105
obu-ramp-back-1        | [38.0] Ramp_Back MCM_PENDING_HOLD_LATE_HOST: host=105 age=0.0 dtm=28.3 lead_gap=None host_gap=73.96 pending_age=1.9 accepted_at=None reason=lost
obu-ramp-back-1        | [38.0] Ramp_Back MCM_RX_ACCEPT: from=105 manoeuvre=159 target=112
obu-main-front-left-1  | HOST_RESERVATION_HOLD: host=Main_Front_Left ramp=111 manoeuvre=129 remaining=1.2 own_speed=7.50 target_speed=7.50 ramp_fsm=MERGING ramp_lane_cmd_state=WAIT_EDGE ramp_edge=34126779 ramp_lane=0 ramp_merge_completed=False ramp_merge_committed=True
obu-main-front-left-1  | [38.1] Main_Front_Left HOST_HOLD_YIELD: for merge=111 spd=7.50
obu-main-back-left-1   | HOST_RESERVATION_EXTEND_UNTIL_CLEAR: host=Main_Back_Left ramp=112 manoeuvre=159 new_remaining=4.0 ramp_lcs=WAIT_EDGE ramp_edge=34126779
obu-main-back-left-1   | HOST_RESERVATION_HOLD: host=Main_Back_Left ramp=112 manoeuvre=159 remaining=4.0 own_speed=5.29 target_speed=4.88 ramp_fsm=NEGOTIATING ramp_lane_cmd_state=WAIT_EDGE ramp_edge=34126779 ramp_lane=0 ramp_merge_completed=False ramp_merge_committed=False
obu-main-back-left-1   | [38.1] Main_Back_Left HOST_HOLD_YIELD: for merge=112 spd=4.88
obu-ramp-merge-5-1     | [38.0] Ramp_Merge_5 MCM_RX_ACCEPT: from=102 manoeuvre=129 target=111
obu-main-front-left-1  | [38.1] Main_Front_Left MCM_TX_ACCEPT: manoeuvre=129 target=111
obu-main-back-left-1   | [38.1] Main_Back_Left MCM_TX_ACCEPT: manoeuvre=159 target=112
obu-main-mid-right-1   | [38.1] Main_Mid_Right role=cruise state=CRUISE->CRUISE speed=7.49 target=7.50 neighbors=11
obu-ramp-merge-2-1     | [38.1] Ramp_Merge_2 role=cruise state=CRUISE->CRUISE speed=7.05 target=7.50 neighbors=11
obu-main-back-left-1   | [38.1] Main_Back_Left MCM_RX_REQUEST: from=112 manoeuvre=159 target=105
obu-ramp-merge-3-1     | [38.0] Ramp_Merge_3 role=cruise state=CRUISE->CRUISE speed=4.55 target=7.50 neighbors=9
obu-host-car-1         | [38.1] Host_Car role=cruise state=CRUISE->CRUISE speed=7.50 target=7.50 neighbors=11
traci-bridge-1         | LANE_CMD_WAIT_EDGE veh=Ramp_Merge_5 edge=34126779 lane=0 target=1 lane_count=1
traci-bridge-1         | LANE_CMD_STATE veh=Ramp_Back edge=34126779 lane=0 target=1 lane_count=1 recently=False speed=3.52
traci-bridge-1         | LANE_CMD_WAIT_EDGE veh=Ramp_Back edge=34126779 lane=0 target=1 lane_count=1
traci-bridge-1         | LANE_CMD_STATE veh=Ramp_Merge_4 edge=1331698336 lane=1 target=1 lane_count=3 recently=False speed=3.82
traci-bridge-1         | LANE_CMD_CLEAR veh=Ramp_Merge_4 edge=1331698336 target=1
traci-bridge-1         | LANE_CMD_STATE veh=Ramp_Merge_5 edge=34126779 lane=0 target=1 lane_count=1 recently=False speed=4.18
traci-bridge-1         | LANE_CMD_WAIT_EDGE veh=Ramp_Merge_5 edge=34126779 lane=0 target=1 lane_count=1
traci-bridge-1         | LANE_CMD_STATE veh=Ramp_Back edge=34126779 lane=0 target=1 lane_count=1 recently=False speed=3.53
traci-bridge-1         | LANE_CMD_WAIT_EDGE veh=Ramp_Back edge=34126779 lane=0 target=1 lane_count=1
traci-bridge-1         | LANE_CMD_STATE veh=Ramp_Merge_5 edge=34126779 lane=0 target=1 lane_count=1 recently=False speed=4.18
traci-bridge-1         | LANE_CMD_WAIT_EDGE veh=Ramp_Merge_5 edge=34126779 lane=0 target=1 lane_count=1
traci-bridge-1         | LANE_CMD_STATE veh=Ramp_Back edge=34126779 lane=0 target=1 lane_count=1 recently=False speed=3.53
traci-bridge-1         | LANE_CMD_WAIT_EDGE veh=Ramp_Back edge=34126779 lane=0 target=1 lane_count=1
traci-bridge-1         | LANE_CMD_STATE veh=Ramp_Merge_5 edge=34126779 lane=0 target=1 lane_count=1 recently=False speed=4.19
traci-bridge-1         | LANE_CMD_WAIT_EDGE veh=Ramp_Merge_5 edge=34126779 lane=0 target=1 lane_count=1
traci-bridge-1         | LANE_CMD_STATE veh=Ramp_Back edge=34126779 lane=0 target=1 lane_count=1 recently=False speed=3.54
traci-bridge-1         | LANE_CMD_WAIT_EDGE veh=Ramp_Back edge=34126779 lane=0 target=1 lane_count=1
traci-bridge-1         | LANE_CMD_STATE veh=Ramp_Merge_5 edge=34126779 lane=0 target=1 lane_count=1 recently=False speed=4.20
traci-bridge-1         | LANE_CMD_WAIT_EDGE veh=Ramp_Merge_5 edge=34126779 lane=0 target=1 lane_count=1
traci-bridge-1         | LANE_CMD_STATE veh=Ramp_Back edge=34126779 lane=0 target=1 lane_count=1 recently=False speed=3.54
traci-bridge-1         | LANE_CMD_WAIT_EDGE veh=Ramp_Back edge=34126779 lane=0 target=1 lane_count=1
traci-bridge-1         | LANE_CMD_STATE veh=Ramp_Merge_5 edge=34126779 lane=0 target=1 lane_count=1 recently=False speed=4.21
traci-bridge-1         | LANE_CMD_WAIT_EDGE veh=Ramp_Merge_5 edge=34126779 lane=0 target=1 lane_count=1
traci-bridge-1         | LANE_CMD_STATE veh=Ramp_Back edge=34126779 lane=0 target=1 lane_count=1 recently=False speed=3.55
traci-bridge-1         | LANE_CMD_WAIT_EDGE veh=Ramp_Back edge=34126779 lane=0 target=1 lane_count=1
traci-bridge-1         | LANE_CMD_STATE veh=Ramp_Merge_5 edge=34126779 lane=0 target=1 lane_count=1 recently=False speed=4.22
traci-bridge-1         | LANE_CMD_WAIT_EDGE veh=Ramp_Merge_5 edge=34126779 lane=0 target=1 lane_count=1
traci-bridge-1         | LANE_CMD_STATE veh=Ramp_Back edge=34126779 lane=0 target=1 lane_count=1 recently=False speed=3.56
traci-bridge-1         | LANE_CMD_WAIT_EDGE veh=Ramp_Back edge=34126779 lane=0 target=1 lane_count=1
traci-bridge-1         | LANE_CMD_STATE veh=Ramp_Merge_5 edge=34126779 lane=0 target=1 lane_count=1 recently=False speed=4.22
traci-bridge-1         | LANE_CMD_WAIT_EDGE veh=Ramp_Merge_5 edge=34126779 lane=0 target=1 lane_count=1
traci-bridge-1         | LANE_CMD_STATE veh=Ramp_Back edge=34126779 lane=0 target=1 lane_count=1 recently=False speed=3.57
traci-bridge-1         | LANE_CMD_WAIT_EDGE veh=Ramp_Back edge=34126779 lane=0 target=1 lane_count=1
traci-bridge-1         | LANE_CMD_STATE veh=Ramp_Merge_5 edge=34126779 lane=0 target=1 lane_count=1 recently=False speed=4.23
traci-bridge-1         | LANE_CMD_WAIT_EDGE veh=Ramp_Merge_5 edge=34126779 lane=0 target=1 lane_count=1
traci-bridge-1         | LANE_CMD_STATE veh=Ramp_Back edge=34126779 lane=0 target=1 lane_count=1 recently=False speed=3.57
traci-bridge-1         | LANE_CMD_WAIT_EDGE veh=Ramp_Back edge=34126779 lane=0 target=1 lane_count=1
traci-bridge-1         | LANE_CMD_STATE veh=Ramp_Merge_5 edge=34126779 lane=0 target=1 lane_count=1 recently=False speed=4.24
traci-bridge-1         | LANE_CMD_WAIT_EDGE veh=Ramp_Merge_5 edge=34126779 lane=0 target=1 lane_count=1
traci-bridge-1         | LANE_CMD_STATE veh=Ramp_Back edge=34126779 lane=0 target=1 lane_count=1 recently=False speed=3.58
traci-bridge-1         | LANE_CMD_WAIT_EDGE veh=Ramp_Back edge=34126779 lane=0 target=1 lane_count=1
traci-bridge-1         | LANE_CMD_STATE veh=Ramp_Merge_5 edge=34126779 lane=0 target=1 lane_count=1 recently=False speed=4.24
traci-bridge-1         | LANE_CMD_WAIT_EDGE veh=Ramp_Merge_5 edge=34126779 lane=0 target=1 lane_count=1
traci-bridge-1         | LANE_CMD_STATE veh=Ramp_Back edge=34126779 lane=0 target=1 lane_count=1 recently=False speed=3.59
traci-bridge-1         | LANE_CMD_WAIT_EDGE veh=Ramp_Back edge=34126779 lane=0 target=1 lane_count=1
traci-bridge-1         | LANE_CMD_STATE veh=Ramp_Merge_5 edge=34126779 lane=0 target=1 lane_count=1 recently=False speed=4.25
traci-bridge-1         | LANE_CMD_WAIT_EDGE veh=Ramp_Merge_5 edge=34126779 lane=0 target=1 lane_count=1
traci-bridge-1         | LANE_CMD_STATE veh=Ramp_Back edge=34126779 lane=0 target=1 lane_count=1 recently=False speed=3.60
traci-bridge-1         | LANE_CMD_WAIT_EDGE veh=Ramp_Back edge=34126779 lane=0 target=1 lane_count=1
traci-bridge-1         | LANE_CMD_STATE veh=Ramp_Merge_5 edge=34126779 lane=0 target=1 lane_count=1 recently=False speed=4.26
traci-bridge-1         | LANE_CMD_WAIT_EDGE veh=Ramp_Merge_5 edge=34126779 lane=0 target=1 lane_count=1
traci-bridge-1         | LANE_CMD_STATE veh=Ramp_Back edge=34126779 lane=0 target=1 lane_count=1 recently=False speed=3.60
traci-bridge-1         | LANE_CMD_WAIT_EDGE veh=Ramp_Back edge=34126779 lane=0 target=1 lane_count=1
traci-bridge-1         | LANE_CMD_STATE veh=Ramp_Merge_5 edge=34126779 lane=0 target=1 lane_count=1 recently=False speed=4.27
traci-bridge-1         | LANE_CMD_WAIT_EDGE veh=Ramp_Merge_5 edge=34126779 lane=0 target=1 lane_count=1
traci-bridge-1         | LANE_CMD_STATE veh=Ramp_Back edge=34126779 lane=0 target=1 lane_count=1 recently=False speed=3.61
traci-bridge-1         | LANE_CMD_WAIT_EDGE veh=Ramp_Back edge=34126779 lane=0 target=1 lane_count=1
traci-bridge-1         | LANE_CMD_STATE veh=Ramp_Merge_5 edge=34126779 lane=0 target=1 lane_count=1 recently=False speed=4.27
traci-bridge-1         | LANE_CMD_WAIT_EDGE veh=Ramp_Merge_5 edge=34126779 lane=0 target=1 lane_count=1
traci-bridge-1         | LANE_CMD_STATE veh=Ramp_Back edge=34126779 lane=0 target=1 lane_count=1 recently=False speed=3.62
traci-bridge-1         | LANE_CMD_WAIT_EDGE veh=Ramp_Back edge=34126779 lane=0 target=1 lane_count=1
traci-bridge-1         | LANE_CMD_STATE veh=Ramp_Merge_5 edge=34126779 lane=0 target=1 lane_count=1 recently=False speed=4.28
traci-bridge-1         | LANE_CMD_WAIT_EDGE veh=Ramp_Merge_5 edge=34126779 lane=0 target=1 lane_count=1
traci-bridge-1         | LANE_CMD_STATE veh=Ramp_Back edge=34126779 lane=0 target=1 lane_count=1 recently=False speed=3.62
traci-bridge-1         | LANE_CMD_WAIT_EDGE veh=Ramp_Back edge=34126779 lane=0 target=1 lane_count=1
traci-bridge-1         | LANE_CMD_STATE veh=Ramp_Merge_5 edge=34126779 lane=0 target=1 lane_count=1 recently=False speed=4.29
traci-bridge-1         | LANE_CMD_WAIT_EDGE veh=Ramp_Merge_5 edge=34126779 lane=0 target=1 lane_count=1
traci-bridge-1         | LANE_CMD_STATE veh=Ramp_Back edge=34126779 lane=0 target=1 lane_count=1 recently=False speed=3.63
traci-bridge-1         | LANE_CMD_WAIT_EDGE veh=Ramp_Back edge=34126779 lane=0 target=1 lane_count=1
traci-bridge-1         | LANE_CMD_STATE veh=Ramp_Merge_5 edge=34126779 lane=0 target=1 lane_count=1 recently=False speed=4.29
traci-bridge-1         | LANE_CMD_WAIT_EDGE veh=Ramp_Merge_5 edge=34126779 lane=0 target=1 lane_count=1
traci-bridge-1         | LANE_CMD_STATE veh=Ramp_Back edge=34126779 lane=0 target=1 lane_count=1 recently=False speed=3.64
traci-bridge-1         | LANE_CMD_WAIT_EDGE veh=Ramp_Back edge=34126779 lane=0 target=1 lane_count=1
traci-bridge-1         | LANE_CMD_STATE veh=Ramp_Merge_5 edge=34126779 lane=0 target=1 lane_count=1 recently=False speed=4.19
traci-bridge-1         | LANE_CMD_WAIT_EDGE veh=Ramp_Merge_5 edge=34126779 lane=0 target=1 lane_count=1
traci-bridge-1         | LANE_CMD_STATE veh=Ramp_Back edge=34126779 lane=0 target=1 lane_count=1 recently=False speed=3.64
traci-bridge-1         | LANE_CMD_WAIT_EDGE veh=Ramp_Back edge=34126779 lane=0 target=1 lane_count=1
traci-bridge-1         | LANE_CMD_STATE veh=Ramp_Merge_5 edge=34126779 lane=0 target=1 lane_count=1 recently=False speed=4.09
traci-bridge-1         | LANE_CMD_WAIT_EDGE veh=Ramp_Merge_5 edge=34126779 lane=0 target=1 lane_count=1
traci-bridge-1         | LANE_CMD_STATE veh=Ramp_Back edge=34126779 lane=0 target=1 lane_count=1 recently=False speed=3.64
traci-bridge-1         | LANE_CMD_WAIT_EDGE veh=Ramp_Back edge=34126779 lane=0 target=1 lane_count=1
traci-bridge-1         | LANE_CMD_STATE veh=Ramp_Merge_5 edge=34126779 lane=0 target=1 lane_count=1 recently=False speed=4.00
traci-bridge-1         | LANE_CMD_WAIT_EDGE veh=Ramp_Merge_5 edge=34126779 lane=0 target=1 lane_count=1
traci-bridge-1         | LANE_CMD_STATE veh=Ramp_Back edge=34126779 lane=0 target=1 lane_count=1 recently=False speed=3.64
traci-bridge-1         | LANE_CMD_WAIT_EDGE veh=Ramp_Back edge=34126779 lane=0 target=1 lane_count=1
traci-bridge-1         | LANE_CMD_STATE veh=Ramp_Merge_5 edge=34126779 lane=0 target=1 lane_count=1 recently=False speed=3.91
traci-bridge-1         | LANE_CMD_WAIT_EDGE veh=Ramp_Merge_5 edge=34126779 lane=0 target=1 lane_count=1
traci-bridge-1         | LANE_CMD_STATE veh=Ramp_Back edge=34126779 lane=0 target=1 lane_count=1 recently=False speed=3.64
traci-bridge-1         | LANE_CMD_WAIT_EDGE veh=Ramp_Back edge=34126779 lane=0 target=1 lane_count=1
traci-bridge-1         | LANE_CMD_STATE veh=Ramp_Merge_5 edge=34126779 lane=0 target=1 lane_count=1 recently=False speed=3.83
traci-bridge-1         | LANE_CMD_WAIT_EDGE veh=Ramp_Merge_5 edge=34126779 lane=0 target=1 lane_count=1
traci-bridge-1         | LANE_CMD_STATE veh=Ramp_Back edge=34126779 lane=0 target=1 lane_count=1 recently=False speed=3.63
obu-merge-car-1        | [38.6] Merge_Car role=cruise state=CRUISE->CRUISE speed=7.50 target=7.50 neighbors=10
obu-main-back-left-1   | [38.1] Main_Back_Left MCM_RX_REQUEST: from=112 manoeuvre=159 target=105
obu-ramp-back-1        | [38.1] Ramp_Back MCM_RX_ACCEPT: from=105 manoeuvre=159 target=112
obu-ramp-merge-5-1     | [38.1] Ramp_Merge_5 MCM_RX_ACCEPT: from=102 manoeuvre=129 target=111
obu-ramp-merge-5-1     | [38.9] Ramp_Merge_5 MERGE_COMMIT_WAIT_LANE_AVAILABLE: edge=34126779 lane=0 target_lane=1 lane_count=1 executable=False speed=3.68 dtm=6.8
obu-ramp-merge-5-1     | MERGE_ATTEMPT_TIMELINE: vehicle=Ramp_Merge_5 manoeuvre=129 host=102 lead=None event=TIMEOUT t=38.9 edge=34126779 lane=0 lane_cmd_state=WAIT_EDGE speed=3.68 target=3.86 dtm=6.8 lead_gap= host_gap=235.83 lead_gap_t1= lead_gap_t2= lead_gap_t3= host_gap_t1=235.83 host_gap_t2=235.83 host_gap_t3=235.83
obu-ramp-merge-5-1     | [38.9] Ramp_Merge_5 MERGE_COMMIT_TIMEOUT
obu-ramp-merge-5-1     | [38.9] Ramp_Merge_5 role=merge state=MERGING->NEGOTIATING speed=3.68 target=3.86 neighbors=11
obu-ramp-back-1        | [38.9] Ramp_Back MCM_TX_REQUEST: manoeuvre=159 target=105
obu-ramp-back-1        | MERGE_ATTEMPT_TIMELINE: vehicle=Ramp_Back manoeuvre=159 host=105 lead=104 event=ACCEPT_MATCHED t=38.9 edge=34126779 lane=0 lane_cmd_state=WAIT_EDGE speed=3.63 target=6.75 dtm=25.0 lead_gap=118.21 host_gap=78.68 lead_gap_t1=118.21 lead_gap_t2=118.21 lead_gap_t3=118.21 host_gap_t1=78.68 host_gap_t2=78.68 host_gap_t3=78.68
obu-ramp-back-1        | [38.9] Ramp_Back MCM_ACCEPT_MATCHED: host=105 manoeuvre=159
obu-ramp-back-1        | [38.9] Ramp_Back role=merge state=NEGOTIATING->NEGOTIATING speed=3.63 target=3.63 neighbors=11
obu-main-back-left-1   | HOST_RESERVATION_EXTEND_UNTIL_CLEAR: host=Main_Back_Left ramp=112 manoeuvre=159 new_remaining=4.0 ramp_lcs=WAIT_EDGE ramp_edge=34126779
obu-main-back-left-1   | HOST_RESERVATION_HOLD: host=Main_Back_Left ramp=112 manoeuvre=159 remaining=4.0 own_speed=5.15 target_speed=4.88 ramp_fsm=NEGOTIATING ramp_lane_cmd_state=WAIT_EDGE ramp_edge=34126779 ramp_lane=0 ramp_merge_completed=False ramp_merge_committed=False
obu-main-back-left-1   | [38.9] Main_Back_Left HOST_HOLD_YIELD: for merge=112 spd=4.88
obu-main-front-left-1  | HOST_RESERVATION_HOLD: host=Main_Front_Left ramp=111 manoeuvre=129 remaining=0.4 own_speed=7.50 target_speed=7.50 ramp_fsm=MERGING ramp_lane_cmd_state=WAIT_EDGE ramp_edge=34126779 ramp_lane=0 ramp_merge_completed=False ramp_merge_committed=True
obu-main-front-left-1  | [38.9] Main_Front_Left HOST_HOLD_YIELD: for merge=111 spd=7.50
obu-main-back-left-1   | [38.9] Main_Back_Left MCM_TX_ACCEPT: manoeuvre=159 target=112
obu-main-front-left-1  | [38.9] Main_Front_Left MCM_TX_ACCEPT: manoeuvre=129 target=111
obu-main-back-left-1   | [38.9] Main_Back_Left role=host state=YIELDING->YIELDING speed=5.15 target=4.88 neighbors=11
obu-main-front-left-1  | [38.9] Main_Front_Left role=host state=YIELDING->YIELDING speed=7.50 target=7.50 neighbors=11
obu-lead-car-1         | [38.9] Lead_Car role=cruise state=CRUISE->CRUISE speed=7.50 target=7.50 neighbors=11
obu-ramp-merge-4-1     | [38.9] Ramp_Merge_4 role=cruise state=CRUISE->CRUISE speed=6.37 target=7.50 neighbors=11
obu-main-back-left-1   | HOST_RESERVATION_EXTEND_UNTIL_CLEAR: host=Main_Back_Left ramp=112 manoeuvre=159 new_remaining=4.0 ramp_lcs=WAIT_EDGE ramp_edge=34126779
obu-main-back-left-1   | HOST_RESERVATION_HOLD: host=Main_Back_Left ramp=112 manoeuvre=159 remaining=4.0 own_speed=5.14 target_speed=4.88 ramp_fsm=NEGOTIATING ramp_lane_cmd_state=WAIT_EDGE ramp_edge=34126779 ramp_lane=0 ramp_merge_completed=False ramp_merge_committed=False
obu-main-back-left-1   | [39.0] Main_Back_Left HOST_HOLD_YIELD: for merge=112 spd=4.88
obu-main-front-left-1  | HOST_RESERVATION_HOLD: host=Main_Front_Left ramp=111 manoeuvre=129 remaining=0.3 own_speed=7.50 target_speed=7.50 ramp_fsm=MERGING ramp_lane_cmd_state=WAIT_EDGE ramp_edge=34126779 ramp_lane=0 ramp_merge_completed=False ramp_merge_committed=True
obu-main-front-left-1  | [39.0] Main_Front_Left HOST_HOLD_YIELD: for merge=111 spd=7.50
obu-main-back-right-1  | [39.1] Main_Back_Right role=cruise state=CRUISE->CRUISE speed=5.28 target=7.50 neighbors=11
obu-main-mid-right-1   | [39.2] Main_Mid_Right role=cruise state=CRUISE->CRUISE speed=7.50 target=7.50 neighbors=5
obu-main-back-left-1   | HOST_RESERVATION_EXTEND_UNTIL_CLEAR: host=Main_Back_Left ramp=112 manoeuvre=159 new_remaining=4.0 ramp_lcs=WAIT_EDGE ramp_edge=34126779
obu-main-back-left-1   | HOST_RESERVATION_HOLD: host=Main_Back_Left ramp=112 manoeuvre=159 remaining=4.0 own_speed=5.11 target_speed=4.88 ramp_fsm=NEGOTIATING ramp_lane_cmd_state=WAIT_EDGE ramp_edge=34126779 ramp_lane=0 ramp_merge_completed=False ramp_merge_committed=False
obu-main-back-left-1   | [39.2] Main_Back_Left HOST_HOLD_YIELD: for merge=112 spd=4.88
obu-ramp-merge-2-1     | [39.1] Ramp_Merge_2 role=cruise state=CRUISE->CRUISE speed=7.23 target=7.50 neighbors=11
obu-main-front-left-1  | HOST_RESERVATION_HOLD: host=Main_Front_Left ramp=111 manoeuvre=129 remaining=0.1 own_speed=7.50 target_speed=7.50 ramp_fsm=NEGOTIATING ramp_lane_cmd_state=WAIT_EDGE ramp_edge=34126779 ramp_lane=0 ramp_merge_completed=False ramp_merge_committed=False
obu-main-front-left-1  | [39.2] Main_Front_Left HOST_HOLD_YIELD: for merge=111 spd=7.50
obu-main-back-left-1   | [39.2] Main_Back_Left MCM_TX_ACCEPT: manoeuvre=159 target=112
obu-main-front-left-1  | [39.2] Main_Front_Left MCM_TX_ACCEPT: manoeuvre=129 target=111
obu-main-back-left-1   | HOST_RESERVATION_EXTEND_UNTIL_CLEAR: host=Main_Back_Left ramp=112 manoeuvre=159 new_remaining=4.0 ramp_lcs=WAIT_EDGE ramp_edge=34126779
obu-main-back-left-1   | HOST_RESERVATION_HOLD: host=Main_Back_Left ramp=112 manoeuvre=159 remaining=4.0 own_speed=5.09 target_speed=4.88 ramp_fsm=NEGOTIATING ramp_lane_cmd_state=WAIT_EDGE ramp_edge=34126779 ramp_lane=0 ramp_merge_completed=False ramp_merge_committed=False
obu-main-back-left-1   | [39.4] Main_Back_Left HOST_HOLD_YIELD: for merge=112 spd=4.88
obu-main-back-left-1   | [39.6] Main_Back_Left MCM_RX_REQUEST: from=112 manoeuvre=159 target=105
obu-ramp-merge-5-1     | [39.5] Ramp_Merge_5 FINAL_GUARD: REJECTED blind merge with main traffic
obu-ramp-merge-5-1     | [39.5] Ramp_Merge_5 MERGE_DECISION: auth=False phys=True fgok=False lgok=True hgok=True cok=True esok=False cready=True dtm=5.5 past=False committed=False hid=None ra=None lclear=True hyok=True
obu-ramp-back-1        | [39.5] Ramp_Back MCM_ACCEPT_STALE: host=105 manoeuvre=159
obu-ramp-merge-5-1     | [39.5] Ramp_Merge_5 MCM_RX_ACCEPT: from=102 manoeuvre=129 target=111
obu-ramp-back-1        | [39.5] Ramp_Back MCM_RX_ACCEPT: from=105 manoeuvre=159 target=112
obu-ramp-merge-5-1     | [39.5] Ramp_Merge_5 MCM_RX_ACCEPT: from=102 manoeuvre=129 target=111
obu-ramp-back-1        | [39.5] Ramp_Back MCM_RX_ACCEPT: from=105 manoeuvre=159 target=112
obu-main-back-left-1   | HOST_RESERVATION_EXTEND_UNTIL_CLEAR: host=Main_Back_Left ramp=112 manoeuvre=159 new_remaining=4.0 ramp_lcs=WAIT_EDGE ramp_edge=34126779
obu-main-back-left-1   | HOST_RESERVATION_HOLD: host=Main_Back_Left ramp=112 manoeuvre=159 remaining=4.0 own_speed=5.07 target_speed=4.88 ramp_fsm=NEGOTIATING ramp_lane_cmd_state=WAIT_EDGE ramp_edge=34126779 ramp_lane=0 ramp_merge_completed=False ramp_merge_committed=False
obu-main-back-left-1   | [39.6] Main_Back_Left HOST_HOLD_YIELD: for merge=112 spd=4.88
obu-main-back-left-1   | [39.6] Main_Back_Left MCM_TX_ACCEPT: manoeuvre=159 target=112
obu-host-car-1         | [39.6] Host_Car role=cruise state=CRUISE->CRUISE speed=7.50 target=7.50 neighbors=11
obu-ramp-merge-3-1     | [39.6] Ramp_Merge_3 role=cruise state=CRUISE->CRUISE speed=5.16 target=7.50 neighbors=11
obu-merge-car-1        | [39.6] Merge_Car role=cruise state=CRUISE->CRUISE speed=7.50 target=7.50 neighbors=11
obu-ramp-merge-5-1     | MERGE_ATTEMPT_TIMELINE: vehicle=Ramp_Merge_5 manoeuvre=130 host=103 lead=None event=REQUEST_SENT t=39.6 edge=34126779 lane=0 lane_cmd_state=WAIT_EDGE speed=3.67 target=6.75 dtm=5.3 lead_gap= host_gap=211.18 lead_gap_t1= lead_gap_t2= lead_gap_t3= host_gap_t1=211.18 host_gap_t2=211.18 host_gap_t3=211.18
obu-ramp-merge-5-1     | [39.6] Ramp_Merge_5 MCM_TX_REQUEST: manoeuvre=130 target=103
obu-ramp-merge-5-1     | [39.6] Ramp_Merge_5 MERGE_DECISION: auth=False phys=True fgok=True lgok=True hgok=True cok=True esok=False cready=True dtm=5.3 past=False committed=False hid=103 ra=None lclear=True hyok=True
obu-main-back-left-1   | HOST_RESERVATION_EXTEND_UNTIL_CLEAR: host=Main_Back_Left ramp=112 manoeuvre=159 new_remaining=4.0 ramp_lcs=WAIT_EDGE ramp_edge=34126779
obu-main-back-left-1   | HOST_RESERVATION_HOLD: host=Main_Back_Left ramp=112 manoeuvre=159 remaining=4.0 own_speed=5.06 target_speed=4.88 ramp_fsm=NEGOTIATING ramp_lane_cmd_state=WAIT_EDGE ramp_edge=34126779 ramp_lane=0 ramp_merge_completed=False ramp_merge_committed=False
obu-main-back-left-1   | [39.7] Main_Back_Left HOST_HOLD_YIELD: for merge=112 spd=4.88
obu-ramp-merge-5-1     | [39.8] Ramp_Merge_5 MERGE_DECISION: auth=False phys=True fgok=True lgok=True hgok=True cok=True esok=False cready=True dtm=5.0 past=False committed=False hid=103 ra=None lclear=True hyok=True
obu-ramp-merge-5-1     | [39.8] Ramp_Merge_5 MERGE_LANE_WAIT_EDGE_CONFIRMED: edge=:390064918_0 lane=0 target_lane=1 lane_count=1 executable=False
obu-ramp-merge-4-1     | [40.0] Ramp_Merge_4 role=cruise state=CRUISE->CRUISE speed=6.86 target=7.50 neighbors=10
obu-ramp-back-1        | [39.9] Ramp_Back role=merge state=NEGOTIATING->NEGOTIATING speed=3.63 target=3.63 neighbors=10
obu-ramp-merge-5-1     | [39.9] Ramp_Merge_5 MCM_TX_REQUEST: manoeuvre=130 target=103
obu-ramp-merge-5-1     | [39.9] Ramp_Merge_5 MERGE_DECISION: auth=False phys=True fgok=True lgok=True hgok=True cok=True esok=False cready=True dtm=5.0 past=False committed=False hid=103 ra=None lclear=True hyok=True
obu-ramp-merge-5-1     | [39.9] Ramp_Merge_5 role=merge state=YIELDING->YIELDING speed=3.67 target=3.22 neighbors=10
obu-ramp-merge-2-1     | [40.2] Ramp_Merge_2 role=cruise state=CRUISE->CRUISE speed=7.35 target=7.50 neighbors=10
obu-ramp-merge-5-1     | [40.3] Ramp_Merge_5 MCM_TX_REQUEST: manoeuvre=130 target=103
obu-ramp-merge-5-1     | [40.3] Ramp_Merge_5 MERGE_DECISION: auth=False phys=True fgok=True lgok=True hgok=True cok=True esok=False cready=True dtm=4.9 past=False committed=False hid=103 ra=None lclear=True hyok=True
obu-main-front-left-1  | [40.4] Main_Front_Left role=cruise state=CRUISE->CRUISE speed=7.50 target=7.50 neighbors=10
obu-lead-car-1         | [40.4] Lead_Car role=cruise state=CRUISE->CRUISE speed=7.50 target=7.50 neighbors=10
obu-main-back-left-1   | HOST_RESERVATION_EXTEND_UNTIL_CLEAR: host=Main_Back_Left ramp=112 manoeuvre=159 new_remaining=4.0 ramp_lcs=WAIT_EDGE ramp_edge=34126779
obu-main-back-left-1   | HOST_RESERVATION_HOLD: host=Main_Back_Left ramp=112 manoeuvre=159 remaining=4.0 own_speed=5.01 target_speed=4.88 ramp_fsm=NEGOTIATING ramp_lane_cmd_state=WAIT_EDGE ramp_edge=34126779 ramp_lane=0 ramp_merge_completed=False ramp_merge_committed=False
obu-main-back-left-1   | [40.3] Main_Back_Left HOST_HOLD_YIELD: for merge=112 spd=4.88
obu-main-back-left-1   | [40.3] Main_Back_Left MCM_TX_ACCEPT: manoeuvre=159 target=112
obu-main-back-left-1   | [40.3] Main_Back_Left role=host state=YIELDING->YIELDING speed=5.01 target=4.88 neighbors=11
obu-ramp-back-1        | [40.3] Ramp_Back MCM_RX_ACCEPT: from=105 manoeuvre=159 target=112
obu-main-mid-right-1   | [40.4] Main_Mid_Right MCM_RX_REQUEST: from=111 manoeuvre=130 target=103
obu-main-mid-right-1   | [40.4] Main_Mid_Right MCM_RX_REQUEST: from=111 manoeuvre=130 target=103
obu-main-mid-right-1   | [40.4] Main_Mid_Right MCM_RX_REQUEST: from=111 manoeuvre=130 target=103
obu-main-back-right-1  | [40.3] Main_Back_Right role=cruise state=CRUISE->CRUISE speed=6.30 target=7.50 neighbors=11
obu-main-mid-right-1   | HOST_RESERVATION_RELEASE_MAX_TIMEOUT: host=Main_Mid_Right ramp=112 manoeuvre=158 duration=15.9 ramp_fsm=NEGOTIATING ramp_lcs=WAIT_EDGE ramp_edge=34126779 ramp_merge_completed=False
obu-main-mid-right-1   | HOST_RESERVATION_START: host=Main_Mid_Right ramp=111 manoeuvre=130 until=44.4 own_speed=7.50 target_speed=7.50 required_speed=7.50 gap_eta=28.91
obu-main-mid-right-1   | [40.4] Main_Mid_Right HOST_RESERVED: merge=111 manoeuvre=130 until=44.4 target_spd=7.50
obu-main-mid-right-1   | [40.4] Main_Mid_Right MCM_TX_ACCEPT: manoeuvre=130 target=111
obu-main-mid-right-1   | [40.4] Main_Mid_Right role=host state=CRUISE->CRUISE speed=7.50 target=7.50 neighbors=11
obu-main-mid-right-1   | HOST_RESERVATION_EXTEND_UNTIL_CLEAR: host=Main_Mid_Right ramp=111 manoeuvre=130 new_remaining=4.0 ramp_lcs=WAIT_EDGE ramp_edge=:390064918_0
obu-main-mid-right-1   | HOST_RESERVATION_HOLD: host=Main_Mid_Right ramp=111 manoeuvre=130 remaining=4.0 own_speed=7.50 target_speed=7.50 ramp_fsm=YIELDING ramp_lane_cmd_state=WAIT_EDGE ramp_edge=:390064918_0 ramp_lane=0 ramp_merge_completed=False ramp_merge_committed=False
obu-main-mid-right-1   | [40.5] Main_Mid_Right HOST_HOLD_YIELD: for merge=111 spd=7.50
obu-merge-car-1        | [40.7] Merge_Car role=cruise state=CRUISE->CRUISE speed=7.50 target=7.50 neighbors=11
obu-main-mid-right-1   | HOST_RESERVATION_EXTEND_UNTIL_CLEAR: host=Main_Mid_Right ramp=111 manoeuvre=130 new_remaining=4.0 ramp_lcs=WAIT_EDGE ramp_edge=:390064918_0
obu-main-mid-right-1   | HOST_RESERVATION_HOLD: host=Main_Mid_Right ramp=111 manoeuvre=130 remaining=4.0 own_speed=7.50 target_speed=7.50 ramp_fsm=YIELDING ramp_lane_cmd_state=WAIT_EDGE ramp_edge=:390064918_0 ramp_lane=0 ramp_merge_completed=False ramp_merge_committed=False
obu-main-mid-right-1   | [40.8] Main_Mid_Right HOST_HOLD_YIELD: for merge=111 spd=7.50
obu-main-mid-right-1   | [40.8] Main_Mid_Right MCM_TX_ACCEPT: manoeuvre=130 target=111
obu-ramp-merge-3-1     | [40.8] Ramp_Merge_3 role=cruise state=CRUISE->CRUISE speed=6.15 target=7.50 neighbors=11
obu-main-mid-right-1   | HOST_RESERVATION_EXTEND_UNTIL_CLEAR: host=Main_Mid_Right ramp=111 manoeuvre=130 new_remaining=4.0 ramp_lcs=WAIT_EDGE ramp_edge=:390064918_0
obu-main-mid-right-1   | HOST_RESERVATION_HOLD: host=Main_Mid_Right ramp=111 manoeuvre=130 remaining=4.0 own_speed=7.50 target_speed=7.50 ramp_fsm=YIELDING ramp_lane_cmd_state=WAIT_EDGE ramp_edge=:390064918_0 ramp_lane=0 ramp_merge_completed=False ramp_merge_committed=False
obu-main-mid-right-1   | [40.9] Main_Mid_Right HOST_HOLD_YIELD: for merge=111 spd=7.50
obu-ramp-back-1        | [40.3] Ramp_Back MCM_RX_ACCEPT: from=105 manoeuvre=159 target=112
obu-ramp-merge-5-1     | [40.6] Ramp_Merge_5 MERGE_LANE_APPLY_CONFIRMED: edge=1331698336 lane=0 target_lane=1 lane_count=3 executable=True
obu-ramp-merge-5-1     | MERGE_ATTEMPT_TIMELINE: vehicle=Ramp_Merge_5 manoeuvre=130 host=102 lead=None event=CLEAR t=40.7 edge=1331698336 lane=1 lane_cmd_state=CLEAR speed=3.51 target=3.14 dtm=2.6 lead_gap= host_gap=187.90 lead_gap_t1= lead_gap_t2= lead_gap_t3= host_gap_t1=187.90 host_gap_t2=187.90 host_gap_t3=187.90
obu-ramp-merge-5-1     | [40.7] Ramp_Merge_5 MERGE_LANE_CLEAR_CONFIRMED: edge=1331698336 lane=1 target_lane=1 lane_count=3 executable=False
obu-ramp-merge-5-1     | [41.0] Ramp_Merge_5 MCM_RX_ACCEPT: from=103 manoeuvre=130 target=111
obu-ramp-merge-5-1     | [41.0] Ramp_Merge_5 MCM_RX_ACCEPT: from=103 manoeuvre=130 target=111
obu-ramp-merge-4-1     | [41.0] Ramp_Merge_4 role=cruise state=CRUISE->CRUISE speed=7.11 target=7.50 neighbors=11
obu-ramp-back-1        | [41.1] Ramp_Back role=merge state=NEGOTIATING->NEGOTIATING speed=3.63 target=3.63 neighbors=11
obu-ramp-merge-2-1     | [41.2] Ramp_Merge_2 role=cruise state=CRUISE->CRUISE speed=7.41 target=7.50 neighbors=11
obu-main-mid-right-1   | HOST_RESERVATION_EXTEND_UNTIL_CLEAR: host=Main_Mid_Right ramp=111 manoeuvre=130 new_remaining=4.0 ramp_lcs=WAIT_EDGE ramp_edge=:390064918_0
obu-main-mid-right-1   | HOST_RESERVATION_HOLD: host=Main_Mid_Right ramp=111 manoeuvre=130 remaining=4.0 own_speed=7.50 target_speed=7.50 ramp_fsm=YIELDING ramp_lane_cmd_state=WAIT_EDGE ramp_edge=:390064918_0 ramp_lane=0 ramp_merge_completed=False ramp_merge_committed=False
obu-main-mid-right-1   | [41.1] Main_Mid_Right HOST_HOLD_YIELD: for merge=111 spd=7.50
obu-main-mid-right-1   | [41.1] Main_Mid_Right MCM_TX_ACCEPT: manoeuvre=130 target=111
obu-ramp-merge-5-1     | MERGE_ATTEMPT_TIMELINE: vehicle=Ramp_Merge_5 manoeuvre=130 host=102 lead=None event=COMPLETED t=41.2 edge=1331698336 lane=1 lane_cmd_state=CLEAR speed=3.42 target=6.75 dtm=4.0 lead_gap= host_gap=188.35 lead_gap_t1= lead_gap_t2= lead_gap_t3= host_gap_t1=188.35 host_gap_t2=188.35 host_gap_t3=188.35
obu-ramp-merge-5-1     | [41.2] Ramp_Merge_5 MERGE_COMPLETED_AFTER_TIMEOUT: eid=1331698336 lane=1
obu-ramp-merge-5-1     | [41.2] Ramp_Merge_5 role=merge state=YIELDING->CRUISE speed=3.42 target=7.50 neighbors=11
obu-main-back-left-1   | HOST_RESERVATION_EXTEND_UNTIL_CLEAR: host=Main_Back_Left ramp=112 manoeuvre=159 new_remaining=4.0 ramp_lcs=WAIT_EDGE ramp_edge=34126779
obu-main-back-left-1   | HOST_RESERVATION_HOLD: host=Main_Back_Left ramp=112 manoeuvre=159 remaining=4.0 own_speed=4.96 target_speed=4.88 ramp_fsm=NEGOTIATING ramp_lane_cmd_state=WAIT_EDGE ramp_edge=34126779 ramp_lane=0 ramp_merge_completed=False ramp_merge_committed=False
obu-main-back-left-1   | [41.2] Main_Back_Left HOST_HOLD_YIELD: for merge=112 spd=4.88
obu-main-back-left-1   | [41.2] Main_Back_Left MCM_TX_ACCEPT: manoeuvre=159 target=112
obu-host-car-1         | [41.1] Host_Car role=cruise state=CRUISE->CRUISE speed=7.50 target=7.50 neighbors=11
traci-bridge-1         | LANE_CMD_WAIT_EDGE veh=Ramp_Back edge=34126779 lane=0 target=1 lane_count=1
traci-bridge-1         | LANE_CMD_STATE veh=Ramp_Merge_5 edge=34126779 lane=0 target=1 lane_count=1 recently=False speed=3.75
traci-bridge-1         | LANE_CMD_WAIT_EDGE veh=Ramp_Merge_5 edge=34126779 lane=0 target=1 lane_count=1
traci-bridge-1         | LANE_CMD_STATE veh=Ramp_Back edge=34126779 lane=0 target=1 lane_count=1 recently=False speed=3.63
traci-bridge-1         | LANE_CMD_WAIT_EDGE veh=Ramp_Back edge=34126779 lane=0 target=1 lane_count=1
traci-bridge-1         | LANE_CMD_STATE veh=Ramp_Merge_5 edge=34126779 lane=0 target=1 lane_count=1 recently=False speed=3.68
traci-bridge-1         | LANE_CMD_WAIT_EDGE veh=Ramp_Merge_5 edge=34126779 lane=0 target=1 lane_count=1
traci-bridge-1         | LANE_CMD_STATE veh=Ramp_Back edge=34126779 lane=0 target=1 lane_count=1 recently=False speed=3.63
traci-bridge-1         | LANE_CMD_WAIT_EDGE veh=Ramp_Back edge=34126779 lane=0 target=1 lane_count=1
traci-bridge-1         | LANE_CMD_STATE veh=Ramp_Merge_5 edge=34126779 lane=0 target=1 lane_count=1 recently=False speed=3.61
traci-bridge-1         | LANE_CMD_WAIT_EDGE veh=Ramp_Merge_5 edge=34126779 lane=0 target=1 lane_count=1
traci-bridge-1         | LANE_CMD_STATE veh=Ramp_Back edge=34126779 lane=0 target=1 lane_count=1 recently=False speed=3.63
traci-bridge-1         | LANE_CMD_WAIT_EDGE veh=Ramp_Back edge=34126779 lane=0 target=1 lane_count=1
traci-bridge-1         | LANE_CMD_STATE veh=Ramp_Merge_5 edge=34126779 lane=0 target=1 lane_count=1 recently=False speed=3.62
traci-bridge-1         | LANE_CMD_WAIT_EDGE veh=Ramp_Merge_5 edge=34126779 lane=0 target=1 lane_count=1
traci-bridge-1         | LANE_CMD_STATE veh=Ramp_Back edge=34126779 lane=0 target=1 lane_count=1 recently=False speed=3.63
traci-bridge-1         | LANE_CMD_WAIT_EDGE veh=Ramp_Back edge=34126779 lane=0 target=1 lane_count=1
traci-bridge-1         | LANE_CMD_STATE veh=Ramp_Merge_5 edge=34126779 lane=0 target=1 lane_count=1 recently=False speed=3.63
traci-bridge-1         | LANE_CMD_WAIT_EDGE veh=Ramp_Merge_5 edge=34126779 lane=0 target=1 lane_count=1
traci-bridge-1         | LANE_CMD_STATE veh=Ramp_Back edge=34126779 lane=0 target=1 lane_count=1 recently=False speed=3.63
traci-bridge-1         | LANE_CMD_WAIT_EDGE veh=Ramp_Back edge=34126779 lane=0 target=1 lane_count=1
traci-bridge-1         | LANE_CMD_STATE veh=Ramp_Merge_5 edge=34126779 lane=0 target=1 lane_count=1 recently=False speed=3.64
traci-bridge-1         | LANE_CMD_WAIT_EDGE veh=Ramp_Merge_5 edge=34126779 lane=0 target=1 lane_count=1
traci-bridge-1         | LANE_CMD_STATE veh=Ramp_Back edge=34126779 lane=0 target=1 lane_count=1 recently=False speed=3.63
traci-bridge-1         | LANE_CMD_WAIT_EDGE veh=Ramp_Back edge=34126779 lane=0 target=1 lane_count=1
traci-bridge-1         | LANE_CMD_STATE veh=Ramp_Merge_5 edge=34126779 lane=0 target=1 lane_count=1 recently=False speed=3.65
traci-bridge-1         | LANE_CMD_WAIT_EDGE veh=Ramp_Merge_5 edge=34126779 lane=0 target=1 lane_count=1
traci-bridge-1         | LANE_CMD_STATE veh=Ramp_Back edge=34126779 lane=0 target=1 lane_count=1 recently=False speed=3.63
traci-bridge-1         | LANE_CMD_WAIT_EDGE veh=Ramp_Back edge=34126779 lane=0 target=1 lane_count=1
traci-bridge-1         | LANE_CMD_STATE veh=Ramp_Merge_5 edge=34126779 lane=0 target=1 lane_count=1 recently=False speed=3.66
traci-bridge-1         | LANE_CMD_WAIT_EDGE veh=Ramp_Merge_5 edge=34126779 lane=0 target=1 lane_count=1
traci-bridge-1         | LANE_CMD_STATE veh=Ramp_Back edge=34126779 lane=0 target=1 lane_count=1 recently=False speed=3.63
traci-bridge-1         | LANE_CMD_WAIT_EDGE veh=Ramp_Back edge=34126779 lane=0 target=1 lane_count=1
traci-bridge-1         | LANE_CMD_STATE veh=Ramp_Merge_5 edge=34126779 lane=0 target=1 lane_count=1 recently=False speed=3.67
traci-bridge-1         | LANE_CMD_WAIT_EDGE veh=Ramp_Merge_5 edge=34126779 lane=0 target=1 lane_count=1
traci-bridge-1         | LANE_CMD_STATE veh=Ramp_Back edge=34126779 lane=0 target=1 lane_count=1 recently=False speed=3.63
traci-bridge-1         | LANE_CMD_WAIT_EDGE veh=Ramp_Back edge=34126779 lane=0 target=1 lane_count=1
traci-bridge-1         | LANE_CMD_STATE veh=Ramp_Merge_5 edge=34126779 lane=0 target=1 lane_count=1 recently=False speed=3.68
traci-bridge-1         | LANE_CMD_WAIT_EDGE veh=Ramp_Merge_5 edge=34126779 lane=0 target=1 lane_count=1
traci-bridge-1         | LANE_CMD_STATE veh=Ramp_Back edge=34126779 lane=0 target=1 lane_count=1 recently=False speed=3.63
traci-bridge-1         | LANE_CMD_WAIT_EDGE veh=Ramp_Back edge=34126779 lane=0 target=1 lane_count=1
traci-bridge-1         | LANE_CMD_STATE veh=Ramp_Merge_5 edge=:390064918_0 lane=0 target=1 lane_count=1 recently=False speed=3.69
traci-bridge-1         | LANE_CMD_WAIT_EDGE veh=Ramp_Merge_5 edge=:390064918_0 lane=0 target=1 lane_count=1
traci-bridge-1         | LANE_CMD_STATE veh=Ramp_Back edge=34126779 lane=0 target=1 lane_count=1 recently=False speed=3.63
traci-bridge-1         | LANE_CMD_WAIT_EDGE veh=Ramp_Back edge=34126779 lane=0 target=1 lane_count=1
traci-bridge-1         | LANE_CMD_STATE veh=Ramp_Merge_5 edge=:390064918_0 lane=0 target=1 lane_count=1 recently=False speed=3.67
traci-bridge-1         | LANE_CMD_WAIT_EDGE veh=Ramp_Merge_5 edge=:390064918_0 lane=0 target=1 lane_count=1
traci-bridge-1         | LANE_CMD_STATE veh=Ramp_Back edge=34126779 lane=0 target=1 lane_count=1 recently=False speed=3.63
traci-bridge-1         | LANE_CMD_WAIT_EDGE veh=Ramp_Back edge=34126779 lane=0 target=1 lane_count=1
traci-bridge-1         | LANE_CMD_STATE veh=Ramp_Merge_5 edge=:390064918_0 lane=0 target=1 lane_count=1 recently=False speed=3.64
traci-bridge-1         | LANE_CMD_WAIT_EDGE veh=Ramp_Merge_5 edge=:390064918_0 lane=0 target=1 lane_count=1
traci-bridge-1         | LANE_CMD_STATE veh=Ramp_Back edge=34126779 lane=0 target=1 lane_count=1 recently=False speed=3.63
traci-bridge-1         | LANE_CMD_WAIT_EDGE veh=Ramp_Back edge=34126779 lane=0 target=1 lane_count=1
traci-bridge-1         | LANE_CMD_STATE veh=Ramp_Merge_5 edge=:390064918_0 lane=0 target=1 lane_count=1 recently=False speed=3.62
traci-bridge-1         | LANE_CMD_WAIT_EDGE veh=Ramp_Merge_5 edge=:390064918_0 lane=0 target=1 lane_count=1
traci-bridge-1         | LANE_CMD_STATE veh=Ramp_Back edge=34126779 lane=0 target=1 lane_count=1 recently=False speed=3.63
traci-bridge-1         | LANE_CMD_WAIT_EDGE veh=Ramp_Back edge=34126779 lane=0 target=1 lane_count=1
traci-bridge-1         | LANE_CMD_STATE veh=Ramp_Merge_5 edge=:390064918_0 lane=0 target=1 lane_count=1 recently=False speed=3.60
traci-bridge-1         | LANE_CMD_WAIT_EDGE veh=Ramp_Merge_5 edge=:390064918_0 lane=0 target=1 lane_count=1
traci-bridge-1         | LANE_CMD_STATE veh=Ramp_Back edge=34126779 lane=0 target=1 lane_count=1 recently=False speed=3.63
traci-bridge-1         | LANE_CMD_WAIT_EDGE veh=Ramp_Back edge=34126779 lane=0 target=1 lane_count=1
traci-bridge-1         | LANE_CMD_STATE veh=Ramp_Merge_5 edge=:390064918_0 lane=0 target=1 lane_count=1 recently=False speed=3.59
traci-bridge-1         | LANE_CMD_WAIT_EDGE veh=Ramp_Merge_5 edge=:390064918_0 lane=0 target=1 lane_count=1
traci-bridge-1         | LANE_CMD_STATE veh=Ramp_Back edge=34126779 lane=0 target=1 lane_count=1 recently=False speed=3.63
traci-bridge-1         | LANE_CMD_WAIT_EDGE veh=Ramp_Back edge=34126779 lane=0 target=1 lane_count=1
traci-bridge-1         | LANE_CMD_STATE veh=Ramp_Merge_5 edge=:390064918_0 lane=0 target=1 lane_count=1 recently=False speed=3.57
traci-bridge-1         | LANE_CMD_WAIT_EDGE veh=Ramp_Merge_5 edge=:390064918_0 lane=0 target=1 lane_count=1
traci-bridge-1         | LANE_CMD_STATE veh=Ramp_Back edge=34126779 lane=0 target=1 lane_count=1 recently=False speed=3.63
traci-bridge-1         | LANE_CMD_WAIT_EDGE veh=Ramp_Back edge=34126779 lane=0 target=1 lane_count=1
traci-bridge-1         | LANE_CMD_STATE veh=Ramp_Merge_5 edge=:390064918_0 lane=0 target=1 lane_count=1 recently=False speed=3.55
traci-bridge-1         | LANE_CMD_WAIT_EDGE veh=Ramp_Merge_5 edge=:390064918_0 lane=0 target=1 lane_count=1
traci-bridge-1         | LANE_CMD_STATE veh=Ramp_Back edge=34126779 lane=0 target=1 lane_count=1 recently=False speed=3.63
traci-bridge-1         | LANE_CMD_WAIT_EDGE veh=Ramp_Back edge=34126779 lane=0 target=1 lane_count=1
traci-bridge-1         | LANE_CMD_STATE veh=Ramp_Merge_5 edge=1331698336 lane=0 target=1 lane_count=3 recently=False speed=3.53
traci-bridge-1         | LANE_CMD_APPLY veh=Ramp_Merge_5 edge=1331698336 from_lane=0 target=1 duration=2.00 mode=256 speed=3.53
traci-bridge-1         | LANE_CMD_STATE veh=Ramp_Back edge=34126779 lane=0 target=1 lane_count=1 recently=False speed=3.63
traci-bridge-1         | LANE_CMD_WAIT_EDGE veh=Ramp_Back edge=34126779 lane=0 target=1 lane_count=1
traci-bridge-1         | LANE_CMD_STATE veh=Ramp_Merge_5 edge=1331698336 lane=1 target=1 lane_count=3 recently=True speed=3.51
traci-bridge-1         | LANE_CMD_CLEAR veh=Ramp_Merge_5 edge=1331698336 target=1
traci-bridge-1         | LANE_CMD_STATE veh=Ramp_Back edge=34126779 lane=0 target=1 lane_count=1 recently=False speed=3.63
traci-bridge-1         | LANE_CMD_WAIT_EDGE veh=Ramp_Back edge=34126779 lane=0 target=1 lane_count=1
traci-bridge-1         | LANE_CMD_STATE veh=Ramp_Back edge=34126779 lane=0 target=1 lane_count=1 recently=False speed=3.63
traci-bridge-1         | LANE_CMD_WAIT_EDGE veh=Ramp_Back edge=34126779 lane=0 target=1 lane_count=1
traci-bridge-1         | LANE_CMD_STATE veh=Ramp_Back edge=34126779 lane=0 target=1 lane_count=1 recently=False speed=3.63
traci-bridge-1         | LANE_CMD_WAIT_EDGE veh=Ramp_Back edge=34126779 lane=0 target=1 lane_count=1
traci-bridge-1         | LANE_CMD_STATE veh=Ramp_Back edge=34126779 lane=0 target=1 lane_count=1 recently=False speed=3.63
traci-bridge-1         | LANE_CMD_WAIT_EDGE veh=Ramp_Back edge=34126779 lane=0 target=1 lane_count=1
traci-bridge-1         | LANE_CMD_STATE veh=Ramp_Back edge=34126779 lane=0 target=1 lane_count=1 recently=False speed=3.63
traci-bridge-1         | LANE_CMD_WAIT_EDGE veh=Ramp_Back edge=34126779 lane=0 target=1 lane_count=1
traci-bridge-1         | LANE_CMD_STATE veh=Ramp_Back edge=34126779 lane=0 target=1 lane_count=1 recently=False speed=3.63
traci-bridge-1         | LANE_CMD_WAIT_EDGE veh=Ramp_Back edge=34126779 lane=0 target=1 lane_count=1
obu-main-mid-right-1   | HOST_RESERVATION_EXTEND_UNTIL_CLEAR: host=Main_Mid_Right ramp=111 manoeuvre=130 new_remaining=4.0 ramp_lcs=WAIT_EDGE ramp_edge=:390064918_0
obu-main-mid-right-1   | HOST_RESERVATION_HOLD: host=Main_Mid_Right ramp=111 manoeuvre=130 remaining=4.0 own_speed=7.50 target_speed=7.50 ramp_fsm=YIELDING ramp_lane_cmd_state=WAIT_EDGE ramp_edge=:390064918_0 ramp_lane=0 ramp_merge_completed=False ramp_merge_committed=False
obu-main-mid-right-1   | [41.3] Main_Mid_Right HOST_HOLD_YIELD: for merge=111 spd=7.50
obu-ramp-back-1        | [41.4] Ramp_Back MCM_RX_ACCEPT: from=105 manoeuvre=159 target=112
obu-ramp-merge-5-1     | [41.4] Ramp_Merge_5 MCM_RX_ACCEPT: from=103 manoeuvre=130 target=111
obu-main-back-right-1  | [41.4] Main_Back_Right role=cruise state=CRUISE->CRUISE speed=5.67 target=7.50 neighbors=11
obu-lead-car-1         | [41.5] Lead_Car role=cruise state=CRUISE->CRUISE speed=7.50 target=7.50 neighbors=11
obu-main-front-left-1  | [41.5] Main_Front_Left role=cruise state=CRUISE->CRUISE speed=7.50 target=7.50 neighbors=11
obu-main-mid-right-1   | HOST_RESERVATION_RELEASE_AFTER_CLEAR: host=Main_Mid_Right ramp=111 manoeuvre=130 reason=completed ramp_fsm=CRUISE ramp_lcs=CLEAR ramp_edge=1331698336 ramp_merge_completed=True
obu-main-mid-right-1   | [41.5] Main_Mid_Right role=host state=YIELDING->CRUISE speed=7.50 target=7.50 neighbors=11
obu-main-back-left-1   | HOST_RESERVATION_EXTEND_UNTIL_CLEAR: host=Main_Back_Left ramp=112 manoeuvre=159 new_remaining=4.0 ramp_lcs=WAIT_EDGE ramp_edge=34126779
obu-main-back-left-1   | HOST_RESERVATION_HOLD: host=Main_Back_Left ramp=112 manoeuvre=159 remaining=4.0 own_speed=4.95 target_speed=4.88 ramp_fsm=NEGOTIATING ramp_lane_cmd_state=WAIT_EDGE ramp_edge=34126779 ramp_lane=0 ramp_merge_completed=False ramp_merge_committed=False
obu-main-back-left-1   | [41.5] Main_Back_Left HOST_HOLD_YIELD: for merge=112 spd=4.88
obu-main-back-left-1   | [41.5] Main_Back_Left MCM_TX_ACCEPT: manoeuvre=159 target=112
obu-main-back-left-1   | [41.5] Main_Back_Left role=host state=YIELDING->YIELDING speed=4.95 target=4.88 neighbors=11
obu-main-back-left-1   | HOST_RESERVATION_EXTEND_UNTIL_CLEAR: host=Main_Back_Left ramp=112 manoeuvre=159 new_remaining=4.0 ramp_lcs=WAIT_EDGE ramp_edge=34126779
obu-main-back-left-1   | HOST_RESERVATION_HOLD: host=Main_Back_Left ramp=112 manoeuvre=159 remaining=4.0 own_speed=4.94 target_speed=4.88 ramp_fsm=NEGOTIATING ramp_lane_cmd_state=WAIT_EDGE ramp_edge=34126779 ramp_lane=0 ramp_merge_completed=False ramp_merge_committed=False
obu-main-back-left-1   | [41.6] Main_Back_Left HOST_HOLD_YIELD: for merge=112 spd=4.88
obu-merge-car-1        | [41.8] Merge_Car role=cruise state=CRUISE->CRUISE speed=7.50 target=7.50 neighbors=11
obu-main-back-left-1   | HOST_RESERVATION_EXTEND_UNTIL_CLEAR: host=Main_Back_Left ramp=112 manoeuvre=159 new_remaining=4.0 ramp_lcs=WAIT_EDGE ramp_edge=34126779
obu-main-back-left-1   | HOST_RESERVATION_HOLD: host=Main_Back_Left ramp=112 manoeuvre=159 remaining=4.0 own_speed=4.94 target_speed=4.88 ramp_fsm=NEGOTIATING ramp_lane_cmd_state=WAIT_EDGE ramp_edge=34126779 ramp_lane=0 ramp_merge_completed=False ramp_merge_committed=False
obu-main-back-left-1   | [41.7] Main_Back_Left HOST_HOLD_YIELD: for merge=112 spd=4.88
obu-ramp-merge-3-1     | [41.8] Ramp_Merge_3 role=cruise state=CRUISE->CRUISE speed=5.82 target=7.50 neighbors=11
obu-main-back-left-1   | HOST_RESERVATION_EXTEND_UNTIL_CLEAR: host=Main_Back_Left ramp=112 manoeuvre=159 new_remaining=4.0 ramp_lcs=WAIT_EDGE ramp_edge=34126779
obu-main-back-left-1   | HOST_RESERVATION_HOLD: host=Main_Back_Left ramp=112 manoeuvre=159 remaining=4.0 own_speed=4.93 target_speed=4.88 ramp_fsm=NEGOTIATING ramp_lane_cmd_state=WAIT_EDGE ramp_edge=34126779 ramp_lane=0 ramp_merge_completed=False ramp_merge_committed=False
obu-main-back-left-1   | [42.0] Main_Back_Left HOST_HOLD_YIELD: for merge=112 spd=4.88
obu-main-back-left-1   | [42.0] Main_Back_Left MCM_TX_ACCEPT: manoeuvre=159 target=112
obu-ramp-merge-4-1     | [42.0] Ramp_Merge_4 role=cruise state=CRUISE->CRUISE speed=7.27 target=7.50 neighbors=11
obu-ramp-back-1        | [42.1] Ramp_Back role=merge state=NEGOTIATING->NEGOTIATING speed=3.63 target=3.63 neighbors=11
obu-ramp-merge-2-1     | [42.2] Ramp_Merge_2 role=cruise state=CRUISE->CRUISE speed=7.44 target=7.50 neighbors=11
obu-ramp-back-1        | [42.1] Ramp_Back MCM_RX_ACCEPT: from=105 manoeuvre=159 target=112
obu-ramp-back-1        | [42.1] Ramp_Back MCM_RX_ACCEPT: from=105 manoeuvre=159 target=112
obu-host-car-1         | [42.2] Host_Car role=cruise state=CRUISE->CRUISE speed=7.50 target=7.50 neighbors=11
obu-main-back-left-1   | HOST_RESERVATION_EXTEND_UNTIL_CLEAR: host=Main_Back_Left ramp=112 manoeuvre=159 new_remaining=4.0 ramp_lcs=WAIT_EDGE ramp_edge=34126779
obu-main-back-left-1   | HOST_RESERVATION_HOLD: host=Main_Back_Left ramp=112 manoeuvre=159 remaining=4.0 own_speed=4.93 target_speed=4.88 ramp_fsm=NEGOTIATING ramp_lane_cmd_state=WAIT_EDGE ramp_edge=34126779 ramp_lane=0 ramp_merge_completed=False ramp_merge_committed=False
obu-main-back-left-1   | [42.2] Main_Back_Left HOST_HOLD_YIELD: for merge=112 spd=4.88
obu-ramp-merge-5-1     | [42.3] Ramp_Merge_5 role=host state=CRUISE->CRUISE speed=4.91 target=7.50 neighbors=11
obu-lead-car-1         | [42.5] Lead_Car role=cruise state=CRUISE->CRUISE speed=7.50 target=7.50 neighbors=11
obu-main-mid-right-1   | [42.7] Main_Mid_Right role=cruise state=CRUISE->CRUISE speed=7.50 target=7.50 neighbors=11
obu-main-front-left-1  | [42.7] Main_Front_Left role=cruise state=CRUISE->CRUISE speed=7.50 target=7.50 neighbors=11
obu-main-back-left-1   | HOST_RESERVATION_EXTEND_UNTIL_CLEAR: host=Main_Back_Left ramp=112 manoeuvre=159 new_remaining=4.0 ramp_lcs=WAIT_EDGE ramp_edge=34126779
obu-main-back-left-1   | HOST_RESERVATION_HOLD: host=Main_Back_Left ramp=112 manoeuvre=159 remaining=4.0 own_speed=4.91 target_speed=4.88 ramp_fsm=NEGOTIATING ramp_lane_cmd_state=WAIT_EDGE ramp_edge=34126779 ramp_lane=0 ramp_merge_completed=False ramp_merge_committed=False
obu-main-back-left-1   | [42.7] Main_Back_Left HOST_HOLD_YIELD: for merge=112 spd=4.88
obu-main-back-left-1   | [42.7] Main_Back_Left MCM_TX_ACCEPT: manoeuvre=159 target=112
obu-main-back-left-1   | [42.7] Main_Back_Left role=host state=YIELDING->YIELDING speed=4.91 target=4.88 neighbors=11
obu-main-back-right-1  | [42.7] Main_Back_Right role=cruise state=CRUISE->CRUISE speed=5.09 target=7.50 neighbors=11
obu-merge-car-1        | [42.8] Merge_Car role=cruise state=CRUISE->CRUISE speed=7.50 target=7.50 neighbors=11
obu-ramp-back-1        | [42.7] Ramp_Back FINAL_GUARD: REJECTED sid=111 gap=18.7
obu-ramp-back-1        | [42.9] Ramp_Back FINAL_GUARD: REJECTED sid=111 gap=18.0
obu-ramp-merge-4-1     | [43.1] Ramp_Merge_4 role=cruise state=CRUISE->CRUISE speed=7.18 target=7.50 neighbors=11
obu-ramp-back-1        | [43.0] Ramp_Back FINAL_GUARD: REJECTED sid=111 gap=17.7
obu-ramp-back-1        | [43.2] Ramp_Back MCM_ACCEPT_STALE: host=105 manoeuvre=159
obu-ramp-back-1        | [43.2] Ramp_Back FINAL_GUARD: REJECTED sid=111 gap=16.9
obu-ramp-back-1        | [43.2] Ramp_Back role=merge state=NEGOTIATING->NEGOTIATING speed=3.63 target=3.63 neighbors=11
obu-host-car-1         | [43.5] Host_Car role=cruise state=CRUISE->CRUISE speed=7.50 target=7.50 neighbors=11
obu-ramp-back-1        | [43.4] Ramp_Back MCM_RX_ACCEPT: from=105 manoeuvre=159 target=112
obu-main-back-left-1   | HOST_RESERVATION_EXTEND_UNTIL_CLEAR: host=Main_Back_Left ramp=112 manoeuvre=159 new_remaining=3.9 ramp_lcs=WAIT_EDGE ramp_edge=34126779
obu-main-back-left-1   | HOST_RESERVATION_HOLD: host=Main_Back_Left ramp=112 manoeuvre=159 remaining=3.9 own_speed=4.90 target_speed=4.88 ramp_fsm=NEGOTIATING ramp_lane_cmd_state=WAIT_EDGE ramp_edge=34126779 ramp_lane=0 ramp_merge_completed=False ramp_merge_committed=False
obu-main-back-left-1   | [43.5] Main_Back_Left HOST_HOLD_YIELD: for merge=112 spd=4.88
obu-main-back-left-1   | [43.5] Main_Back_Left MCM_TX_ACCEPT: manoeuvre=159 target=112
obu-ramp-merge-3-1     | [43.4] Ramp_Merge_3 role=cruise state=CRUISE->CRUISE speed=5.03 target=7.50 neighbors=11
obu-ramp-merge-2-1     | [43.4] Ramp_Merge_2 role=cruise state=CRUISE->CRUISE speed=7.47 target=7.50 neighbors=11
obu-lead-car-1         | [43.6] Lead_Car role=cruise state=CRUISE->CRUISE speed=7.50 target=7.50 neighbors=11
obu-ramp-merge-5-1     | [43.4] Ramp_Merge_5 role=cruise state=CRUISE->CRUISE speed=6.03 target=7.50 neighbors=11
obu-ramp-back-1        | [43.5] Ramp_Back MCM_RX_ACCEPT: from=105 manoeuvre=159 target=112
obu-main-front-left-1  | [43.7] Main_Front_Left role=cruise state=CRUISE->CRUISE speed=7.50 target=7.50 neighbors=11
obu-main-mid-right-1   | [43.7] Main_Mid_Right role=cruise state=CRUISE->CRUISE speed=7.50 target=7.50 neighbors=11
obu-main-back-right-1  | [43.8] Main_Back_Right role=cruise state=CRUISE->CRUISE speed=5.04 target=7.50 neighbors=11
obu-merge-car-1        | [43.9] Merge_Car role=cruise state=CRUISE->CRUISE speed=7.50 target=7.50 neighbors=11
obu-ramp-merge-4-1     | [44.1] Ramp_Merge_4 role=cruise state=CRUISE->CRUISE speed=6.46 target=7.50 neighbors=11
obu-ramp-back-1        | [44.2] Ramp_Back role=merge state=NEGOTIATING->NEGOTIATING speed=3.63 target=3.63 neighbors=11
obu-main-back-left-1   | HOST_RESERVATION_HOLD: host=Main_Back_Left ramp=112 manoeuvre=159 remaining=3.1 own_speed=4.89 target_speed=4.88 ramp_fsm=NEGOTIATING ramp_lane_cmd_state=WAIT_EDGE ramp_edge=34126779 ramp_lane=0 ramp_merge_completed=False ramp_merge_committed=False
obu-main-back-left-1   | [44.3] Main_Back_Left HOST_HOLD_YIELD: for merge=112 spd=4.88
obu-main-back-left-1   | [44.3] Main_Back_Left MCM_TX_ACCEPT: manoeuvre=159 target=112
obu-main-back-left-1   | [44.3] Main_Back_Left role=host state=YIELDING->YIELDING speed=4.89 target=4.88 neighbors=11
obu-main-back-left-1   | HOST_RESERVATION_HOLD: host=Main_Back_Left ramp=112 manoeuvre=159 remaining=3.0 own_speed=4.89 target_speed=4.88 ramp_fsm=NEGOTIATING ramp_lane_cmd_state=WAIT_EDGE ramp_edge=34126779 ramp_lane=0 ramp_merge_completed=False ramp_merge_committed=False
obu-main-back-left-1   | [44.4] Main_Back_Left HOST_HOLD_YIELD: for merge=112 spd=4.88
obu-main-back-left-1   | HOST_RESERVATION_HOLD: host=Main_Back_Left ramp=112 manoeuvre=159 remaining=2.7 own_speed=4.89 target_speed=4.88 ramp_fsm=NEGOTIATING ramp_lane_cmd_state=WAIT_EDGE ramp_edge=34126779 ramp_lane=0 ramp_merge_completed=False ramp_merge_committed=False
obu-main-back-left-1   | [44.7] Main_Back_Left HOST_HOLD_YIELD: for merge=112 spd=4.88
obu-main-back-left-1   | [44.7] Main_Back_Left MCM_TX_ACCEPT: manoeuvre=159 target=112
obu-ramp-merge-3-1     | [44.6] Ramp_Merge_3 role=cruise state=CRUISE->CRUISE speed=4.92 target=7.50 neighbors=9
obu-ramp-merge-2-1     | [44.7] Ramp_Merge_2 role=cruise state=CRUISE->CRUISE speed=7.48 target=7.50 neighbors=11
obu-main-mid-right-1   | [44.7] Main_Mid_Right role=cruise state=CRUISE->CRUISE speed=7.50 target=7.50 neighbors=11
obu-main-front-left-1  | [44.8] Main_Front_Left role=cruise state=CRUISE->CRUISE speed=7.50 target=7.50 neighbors=11
obu-lead-car-1         | [44.7] Lead_Car role=cruise state=CRUISE->CRUISE speed=7.50 target=7.50 neighbors=9
obu-ramp-merge-5-1     | [44.6] Ramp_Merge_5 role=cruise state=CRUISE->CRUISE speed=6.70 target=7.50 neighbors=11
obu-host-car-1         | [44.7] Host_Car role=cruise state=CRUISE->CRUISE speed=7.50 target=7.50 neighbors=11
obu-ramp-back-1        | [44.6] Ramp_Back MCM_ACCEPT_STALE: host=105 manoeuvre=159
obu-ramp-back-1        | [44.6] Ramp_Back MCM_RX_ACCEPT: from=105 manoeuvre=159 target=112
obu-ramp-back-1        | [45.1] Ramp_Back MERGE_LANE_WAIT_EDGE_CONFIRMED: edge=:390064918_0 lane=0 target_lane=1 lane_count=1 executable=False
obu-ramp-merge-4-1     | [45.3] Ramp_Merge_4 role=cruise state=CRUISE->CRUISE speed=5.23 target=7.50 neighbors=11
obu-ramp-back-1        | [45.2] Ramp_Back role=merge state=NEGOTIATING->NEGOTIATING speed=3.63 target=3.63 neighbors=11
obu-ramp-back-1        | [45.4] Ramp_Back MCM_RX_ACCEPT: from=105 manoeuvre=159 target=112
obu-merge-car-1        | [45.4] Merge_Car role=cruise state=CRUISE->CRUISE speed=7.50 target=7.50 neighbors=11
obu-main-back-left-1   | HOST_RESERVATION_HOLD: host=Main_Back_Left ramp=112 manoeuvre=159 remaining=1.9 own_speed=4.88 target_speed=4.88 ramp_fsm=NEGOTIATING ramp_lane_cmd_state=WAIT_EDGE ramp_edge=:390064918_0 ramp_lane=0 ramp_merge_completed=False ramp_merge_committed=False
obu-main-back-left-1   | [45.5] Main_Back_Left HOST_HOLD_YIELD: for merge=112 spd=4.88
obu-main-back-left-1   | [45.5] Main_Back_Left MCM_TX_ACCEPT: manoeuvre=159 target=112
obu-main-back-left-1   | [45.5] Main_Back_Left role=host state=YIELDING->YIELDING speed=4.88 target=4.88 neighbors=11
obu-main-back-right-1  | [45.4] Main_Back_Right role=cruise state=CRUISE->CRUISE speed=5.00 target=7.50 neighbors=11
obu-main-back-left-1   | HOST_RESERVATION_HOLD: host=Main_Back_Left ramp=112 manoeuvre=159 remaining=1.8 own_speed=4.88 target_speed=4.88 ramp_fsm=NEGOTIATING ramp_lane_cmd_state=WAIT_EDGE ramp_edge=:390064918_0 ramp_lane=0 ramp_merge_completed=False ramp_merge_committed=False
obu-main-back-left-1   | [45.6] Main_Back_Left HOST_HOLD_YIELD: for merge=112 spd=4.88
obu-ramp-back-1        | [45.6] Ramp_Back MCM_RX_ACCEPT: from=105 manoeuvre=159 target=112
obu-ramp-merge-3-1     | [45.6] Ramp_Merge_3 role=cruise state=CRUISE->CRUISE speed=4.81 target=7.50 neighbors=11
obu-ramp-merge-2-1     | [45.8] Ramp_Merge_2 role=cruise state=CRUISE->CRUISE speed=7.49 target=7.50 neighbors=11
obu-main-front-left-1  | [45.8] Main_Front_Left role=cruise state=CRUISE->CRUISE speed=7.50 target=7.50 neighbors=11
obu-main-mid-right-1   | [45.8] Main_Mid_Right role=cruise state=CRUISE->CRUISE speed=7.50 target=7.50 neighbors=11
obu-lead-car-1         | [45.8] Lead_Car role=cruise state=CRUISE->CRUISE speed=7.50 target=7.50 neighbors=11
obu-ramp-merge-5-1     | [45.8] Ramp_Merge_5 role=cruise state=CRUISE->CRUISE speed=7.07 target=7.50 neighbors=11
obu-host-car-1         | [45.8] Host_Car role=cruise state=CRUISE->CRUISE speed=7.50 target=7.50 neighbors=11
obu-main-back-left-1   | HOST_RESERVATION_HOLD: host=Main_Back_Left ramp=112 manoeuvre=159 remaining=1.6 own_speed=4.88 target_speed=4.88 ramp_fsm=NEGOTIATING ramp_lane_cmd_state=WAIT_EDGE ramp_edge=:390064918_0 ramp_lane=0 ramp_merge_completed=False ramp_merge_committed=False
obu-main-back-left-1   | [45.8] Main_Back_Left HOST_HOLD_YIELD: for merge=112 spd=4.88
obu-main-back-left-1   | [45.8] Main_Back_Left MCM_TX_ACCEPT: manoeuvre=159 target=112
traci-bridge-1         | LANE_CMD_STATE veh=Ramp_Back edge=34126779 lane=0 target=1 lane_count=1 recently=False speed=3.63
traci-bridge-1         | LANE_CMD_WAIT_EDGE veh=Ramp_Back edge=34126779 lane=0 target=1 lane_count=1
traci-bridge-1         | LANE_CMD_STATE veh=Ramp_Back edge=34126779 lane=0 target=1 lane_count=1 recently=False speed=3.63
traci-bridge-1         | LANE_CMD_WAIT_EDGE veh=Ramp_Back edge=34126779 lane=0 target=1 lane_count=1
traci-bridge-1         | LANE_CMD_STATE veh=Ramp_Back edge=34126779 lane=0 target=1 lane_count=1 recently=False speed=3.63
traci-bridge-1         | LANE_CMD_WAIT_EDGE veh=Ramp_Back edge=34126779 lane=0 target=1 lane_count=1
traci-bridge-1         | LANE_CMD_STATE veh=Ramp_Back edge=34126779 lane=0 target=1 lane_count=1 recently=False speed=3.63
traci-bridge-1         | LANE_CMD_WAIT_EDGE veh=Ramp_Back edge=34126779 lane=0 target=1 lane_count=1
traci-bridge-1         | LANE_CMD_STATE veh=Ramp_Back edge=34126779 lane=0 target=1 lane_count=1 recently=False speed=3.63
traci-bridge-1         | LANE_CMD_WAIT_EDGE veh=Ramp_Back edge=34126779 lane=0 target=1 lane_count=1
traci-bridge-1         | LANE_CMD_STATE veh=Ramp_Back edge=34126779 lane=0 target=1 lane_count=1 recently=False speed=3.63
traci-bridge-1         | LANE_CMD_WAIT_EDGE veh=Ramp_Back edge=34126779 lane=0 target=1 lane_count=1
traci-bridge-1         | LANE_CMD_STATE veh=Ramp_Back edge=34126779 lane=0 target=1 lane_count=1 recently=False speed=3.63
traci-bridge-1         | LANE_CMD_WAIT_EDGE veh=Ramp_Back edge=34126779 lane=0 target=1 lane_count=1
traci-bridge-1         | LANE_CMD_STATE veh=Ramp_Back edge=34126779 lane=0 target=1 lane_count=1 recently=False speed=3.63
traci-bridge-1         | LANE_CMD_WAIT_EDGE veh=Ramp_Back edge=34126779 lane=0 target=1 lane_count=1
traci-bridge-1         | LANE_CMD_STATE veh=Ramp_Back edge=34126779 lane=0 target=1 lane_count=1 recently=False speed=3.63
traci-bridge-1         | LANE_CMD_WAIT_EDGE veh=Ramp_Back edge=34126779 lane=0 target=1 lane_count=1
traci-bridge-1         | LANE_CMD_STATE veh=Ramp_Back edge=34126779 lane=0 target=1 lane_count=1 recently=False speed=3.63
traci-bridge-1         | LANE_CMD_WAIT_EDGE veh=Ramp_Back edge=34126779 lane=0 target=1 lane_count=1
traci-bridge-1         | LANE_CMD_STATE veh=Ramp_Back edge=34126779 lane=0 target=1 lane_count=1 recently=False speed=3.63
traci-bridge-1         | LANE_CMD_WAIT_EDGE veh=Ramp_Back edge=34126779 lane=0 target=1 lane_count=1
traci-bridge-1         | LANE_CMD_STATE veh=Ramp_Back edge=34126779 lane=0 target=1 lane_count=1 recently=False speed=3.63
traci-bridge-1         | LANE_CMD_WAIT_EDGE veh=Ramp_Back edge=34126779 lane=0 target=1 lane_count=1
traci-bridge-1         | LANE_CMD_STATE veh=Ramp_Back edge=34126779 lane=0 target=1 lane_count=1 recently=False speed=3.63
traci-bridge-1         | LANE_CMD_WAIT_EDGE veh=Ramp_Back edge=34126779 lane=0 target=1 lane_count=1
traci-bridge-1         | LANE_CMD_STATE veh=Ramp_Back edge=34126779 lane=0 target=1 lane_count=1 recently=False speed=3.63
traci-bridge-1         | LANE_CMD_WAIT_EDGE veh=Ramp_Back edge=34126779 lane=0 target=1 lane_count=1
traci-bridge-1         | LANE_CMD_STATE veh=Ramp_Back edge=34126779 lane=0 target=1 lane_count=1 recently=False speed=3.63
traci-bridge-1         | LANE_CMD_WAIT_EDGE veh=Ramp_Back edge=34126779 lane=0 target=1 lane_count=1
traci-bridge-1         | LANE_CMD_STATE veh=Ramp_Back edge=34126779 lane=0 target=1 lane_count=1 recently=False speed=3.63
traci-bridge-1         | LANE_CMD_WAIT_EDGE veh=Ramp_Back edge=34126779 lane=0 target=1 lane_count=1
traci-bridge-1         | LANE_CMD_STATE veh=Ramp_Back edge=34126779 lane=0 target=1 lane_count=1 recently=False speed=3.63
traci-bridge-1         | LANE_CMD_WAIT_EDGE veh=Ramp_Back edge=34126779 lane=0 target=1 lane_count=1
traci-bridge-1         | LANE_CMD_STATE veh=Ramp_Back edge=34126779 lane=0 target=1 lane_count=1 recently=False speed=3.63
traci-bridge-1         | LANE_CMD_WAIT_EDGE veh=Ramp_Back edge=34126779 lane=0 target=1 lane_count=1
traci-bridge-1         | LANE_CMD_STATE veh=Ramp_Back edge=34126779 lane=0 target=1 lane_count=1 recently=False speed=3.63
traci-bridge-1         | LANE_CMD_WAIT_EDGE veh=Ramp_Back edge=34126779 lane=0 target=1 lane_count=1
traci-bridge-1         | LANE_CMD_STATE veh=Ramp_Back edge=34126779 lane=0 target=1 lane_count=1 recently=False speed=3.63
traci-bridge-1         | LANE_CMD_WAIT_EDGE veh=Ramp_Back edge=34126779 lane=0 target=1 lane_count=1
traci-bridge-1         | LANE_CMD_STATE veh=Ramp_Back edge=34126779 lane=0 target=1 lane_count=1 recently=False speed=3.63
traci-bridge-1         | LANE_CMD_WAIT_EDGE veh=Ramp_Back edge=34126779 lane=0 target=1 lane_count=1
traci-bridge-1         | LANE_CMD_STATE veh=Ramp_Back edge=34126779 lane=0 target=1 lane_count=1 recently=False speed=3.63
traci-bridge-1         | LANE_CMD_WAIT_EDGE veh=Ramp_Back edge=34126779 lane=0 target=1 lane_count=1
traci-bridge-1         | LANE_CMD_STATE veh=Ramp_Back edge=34126779 lane=0 target=1 lane_count=1 recently=False speed=3.63
traci-bridge-1         | LANE_CMD_WAIT_EDGE veh=Ramp_Back edge=34126779 lane=0 target=1 lane_count=1
traci-bridge-1         | LANE_CMD_STATE veh=Ramp_Back edge=34126779 lane=0 target=1 lane_count=1 recently=False speed=3.63
traci-bridge-1         | LANE_CMD_WAIT_EDGE veh=Ramp_Back edge=34126779 lane=0 target=1 lane_count=1
traci-bridge-1         | LANE_CMD_STATE veh=Ramp_Back edge=34126779 lane=0 target=1 lane_count=1 recently=False speed=3.63
traci-bridge-1         | LANE_CMD_WAIT_EDGE veh=Ramp_Back edge=34126779 lane=0 target=1 lane_count=1
traci-bridge-1         | LANE_CMD_STATE veh=Ramp_Back edge=34126779 lane=0 target=1 lane_count=1 recently=False speed=3.63
traci-bridge-1         | LANE_CMD_WAIT_EDGE veh=Ramp_Back edge=34126779 lane=0 target=1 lane_count=1
traci-bridge-1         | LANE_CMD_STATE veh=Ramp_Back edge=34126779 lane=0 target=1 lane_count=1 recently=False speed=3.63
traci-bridge-1         | LANE_CMD_WAIT_EDGE veh=Ramp_Back edge=34126779 lane=0 target=1 lane_count=1
traci-bridge-1         | LANE_CMD_STATE veh=Ramp_Back edge=34126779 lane=0 target=1 lane_count=1 recently=False speed=3.63
traci-bridge-1         | LANE_CMD_WAIT_EDGE veh=Ramp_Back edge=34126779 lane=0 target=1 lane_count=1
traci-bridge-1         | LANE_CMD_STATE veh=Ramp_Back edge=34126779 lane=0 target=1 lane_count=1 recently=False speed=3.63
traci-bridge-1         | LANE_CMD_WAIT_EDGE veh=Ramp_Back edge=34126779 lane=0 target=1 lane_count=1
traci-bridge-1         | LANE_CMD_STATE veh=Ramp_Back edge=34126779 lane=0 target=1 lane_count=1 recently=False speed=3.63
traci-bridge-1         | LANE_CMD_WAIT_EDGE veh=Ramp_Back edge=34126779 lane=0 target=1 lane_count=1
traci-bridge-1         | LANE_CMD_STATE veh=Ramp_Back edge=34126779 lane=0 target=1 lane_count=1 recently=False speed=3.63
traci-bridge-1         | LANE_CMD_WAIT_EDGE veh=Ramp_Back edge=34126779 lane=0 target=1 lane_count=1
traci-bridge-1         | LANE_CMD_STATE veh=Ramp_Back edge=34126779 lane=0 target=1 lane_count=1 recently=False speed=3.63
traci-bridge-1         | LANE_CMD_WAIT_EDGE veh=Ramp_Back edge=34126779 lane=0 target=1 lane_count=1
traci-bridge-1         | LANE_CMD_STATE veh=Ramp_Back edge=34126779 lane=0 target=1 lane_count=1 recently=False speed=3.63
traci-bridge-1         | LANE_CMD_WAIT_EDGE veh=Ramp_Back edge=34126779 lane=0 target=1 lane_count=1
traci-bridge-1         | LANE_CMD_STATE veh=Ramp_Back edge=34126779 lane=0 target=1 lane_count=1 recently=False speed=3.63
traci-bridge-1         | LANE_CMD_WAIT_EDGE veh=Ramp_Back edge=34126779 lane=0 target=1 lane_count=1
traci-bridge-1         | LANE_CMD_STATE veh=Ramp_Back edge=34126779 lane=0 target=1 lane_count=1 recently=False speed=3.63
traci-bridge-1         | LANE_CMD_WAIT_EDGE veh=Ramp_Back edge=34126779 lane=0 target=1 lane_count=1
traci-bridge-1         | LANE_CMD_STATE veh=Ramp_Back edge=34126779 lane=0 target=1 lane_count=1 recently=False speed=3.63
traci-bridge-1         | LANE_CMD_WAIT_EDGE veh=Ramp_Back edge=34126779 lane=0 target=1 lane_count=1
traci-bridge-1         | LANE_CMD_STATE veh=Ramp_Back edge=34126779 lane=0 target=1 lane_count=1 recently=False speed=3.63
traci-bridge-1         | LANE_CMD_WAIT_EDGE veh=Ramp_Back edge=34126779 lane=0 target=1 lane_count=1
traci-bridge-1         | LANE_CMD_STATE veh=Ramp_Back edge=34126779 lane=0 target=1 lane_count=1 recently=False speed=3.63
traci-bridge-1         | LANE_CMD_WAIT_EDGE veh=Ramp_Back edge=34126779 lane=0 target=1 lane_count=1
traci-bridge-1         | LANE_CMD_STATE veh=Ramp_Back edge=:390064918_0 lane=0 target=1 lane_count=1 recently=False speed=3.63
traci-bridge-1         | LANE_CMD_WAIT_EDGE veh=Ramp_Back edge=:390064918_0 lane=0 target=1 lane_count=1
traci-bridge-1         | LANE_CMD_STATE veh=Ramp_Back edge=:390064918_0 lane=0 target=1 lane_count=1 recently=False speed=3.63
traci-bridge-1         | LANE_CMD_WAIT_EDGE veh=Ramp_Back edge=:390064918_0 lane=0 target=1 lane_count=1
traci-bridge-1         | LANE_CMD_STATE veh=Ramp_Back edge=:390064918_0 lane=0 target=1 lane_count=1 recently=False speed=3.63
traci-bridge-1         | LANE_CMD_WAIT_EDGE veh=Ramp_Back edge=:390064918_0 lane=0 target=1 lane_count=1
traci-bridge-1         | LANE_CMD_STATE veh=Ramp_Back edge=:390064918_0 lane=0 target=1 lane_count=1 recently=False speed=3.63
traci-bridge-1         | LANE_CMD_WAIT_EDGE veh=Ramp_Back edge=:390064918_0 lane=0 target=1 lane_count=1
traci-bridge-1         | LANE_CMD_STATE veh=Ramp_Back edge=:390064918_0 lane=0 target=1 lane_count=1 recently=False speed=3.63
traci-bridge-1         | LANE_CMD_WAIT_EDGE veh=Ramp_Back edge=:390064918_0 lane=0 target=1 lane_count=1
traci-bridge-1         | LANE_CMD_STATE veh=Ramp_Back edge=:390064918_0 lane=0 target=1 lane_count=1 recently=False speed=3.63
traci-bridge-1         | LANE_CMD_WAIT_EDGE veh=Ramp_Back edge=:390064918_0 lane=0 target=1 lane_count=1
traci-bridge-1         | LANE_CMD_STATE veh=Ramp_Back edge=:390064918_0 lane=0 target=1 lane_count=1 recently=False speed=3.63
traci-bridge-1         | LANE_CMD_WAIT_EDGE veh=Ramp_Back edge=:390064918_0 lane=0 target=1 lane_count=1
traci-bridge-1         | LANE_CMD_STATE veh=Ramp_Back edge=:390064918_0 lane=0 target=1 lane_count=1 recently=False speed=3.63
traci-bridge-1         | LANE_CMD_WAIT_EDGE veh=Ramp_Back edge=:390064918_0 lane=0 target=1 lane_count=1
traci-bridge-1         | LANE_CMD_STATE veh=Ramp_Back edge=:390064918_0 lane=0 target=1 lane_count=1 recently=False speed=3.63
traci-bridge-1         | LANE_CMD_WAIT_EDGE veh=Ramp_Back edge=:390064918_0 lane=0 target=1 lane_count=1
obu-ramp-back-1        | [46.0] Ramp_Back MERGE_LANE_APPLY_CONFIRMED: edge=1331698336 lane=0 target_lane=1 lane_count=3 executable=True
obu-ramp-back-1        | MERGE_ATTEMPT_TIMELINE: vehicle=Ramp_Back manoeuvre=159 host=103 lead=104 event=CLEAR t=46.1 edge=1331698336 lane=1 lane_cmd_state=CLEAR speed=3.63 target=3.63 dtm=2.8 lead_gap=137.91 host_gap=206.20 lead_gap_t1=137.91 lead_gap_t2=137.91 lead_gap_t3=137.91 host_gap_t1=206.20 host_gap_t2=206.20 host_gap_t3=206.20
obu-ramp-back-1        | [46.1] Ramp_Back MERGE_LANE_CLEAR_CONFIRMED: edge=1331698336 lane=1 target_lane=1 lane_count=3 executable=False
obu-main-back-left-1   | HOST_RESERVATION_HOLD: host=Main_Back_Left ramp=112 manoeuvre=159 remaining=1.4 own_speed=4.88 target_speed=4.88 ramp_fsm=NEGOTIATING ramp_lane_cmd_state=WAIT_EDGE ramp_edge=:390064918_0 ramp_lane=0 ramp_merge_completed=False ramp_merge_committed=False
obu-main-back-left-1   | [46.0] Main_Back_Left HOST_HOLD_YIELD: for merge=112 spd=4.88
obu-ramp-back-1        | MERGE_ATTEMPT_TIMELINE: vehicle=Ramp_Back manoeuvre=159 host=103 lead=104 event=COMPLETED t=46.1 edge=1331698336 lane=1 lane_cmd_state=CLEAR speed=3.63 target=6.75 dtm=2.8 lead_gap=137.91 host_gap=206.20 lead_gap_t1=137.91 lead_gap_t2=137.91 lead_gap_t3=137.91 host_gap_t1=206.20 host_gap_t2=206.20 host_gap_t3=206.20
obu-ramp-back-1        | [46.1] Ramp_Back MERGE_COMPLETED: eid=1331698336 lane=1 clean=True
obu-main-back-left-1   | HOST_RESERVATION_HOLD: host=Main_Back_Left ramp=112 manoeuvre=159 remaining=1.1 own_speed=4.88 target_speed=4.88 ramp_fsm=NEGOTIATING ramp_lane_cmd_state=WAIT_EDGE ramp_edge=:390064918_0 ramp_lane=0 ramp_merge_completed=False ramp_merge_committed=False
obu-main-back-left-1   | [46.3] Main_Back_Left HOST_HOLD_YIELD: for merge=112 spd=4.88
obu-main-back-left-1   | [46.3] Main_Back_Left MCM_TX_ACCEPT: manoeuvre=159 target=112
obu-ramp-back-1        | [46.4] Ramp_Back MCM_RX_ACCEPT: from=105 manoeuvre=159 target=112
obu-ramp-back-1        | [46.4] Ramp_Back role=host state=CRUISE->CRUISE speed=3.63 target=7.50 neighbors=11
obu-ramp-back-1        | [46.4] Ramp_Back MCM_RX_ACCEPT: from=105 manoeuvre=159 target=112
obu-main-back-left-1   | HOST_RESERVATION_RELEASE_AFTER_CLEAR: host=Main_Back_Left ramp=112 manoeuvre=159 reason=completed ramp_fsm=CRUISE ramp_lcs=CLEAR ramp_edge=1331698336 ramp_merge_completed=True
obu-main-back-right-1  | [46.4] Main_Back_Right role=cruise state=CRUISE->CRUISE speed=4.88 target=7.50 neighbors=11
obu-ramp-merge-4-1     | [46.4] Ramp_Merge_4 role=cruise state=CRUISE->CRUISE speed=4.83 target=7.50 neighbors=11
obu-merge-car-1        | [46.4] Merge_Car role=cruise state=CRUISE->CRUISE speed=7.50 target=7.50 neighbors=11
obu-main-back-left-1   | [46.5] Main_Back_Left role=cruise state=CRUISE->CRUISE speed=4.88 target=7.50 neighbors=11
obu-ramp-merge-3-1     | [46.6] Ramp_Merge_3 role=cruise state=CRUISE->CRUISE speed=4.96 target=7.50 neighbors=11
obu-main-front-left-1  | [46.9] Main_Front_Left role=cruise state=CRUISE->CRUISE speed=7.50 target=7.50 neighbors=11
obu-ramp-merge-2-1     | [47.0] Ramp_Merge_2 role=cruise state=CRUISE->CRUISE speed=7.50 target=7.50 neighbors=11
obu-main-mid-right-1   | [47.3] Main_Mid_Right role=cruise state=CRUISE->CRUISE speed=7.50 target=7.50 neighbors=11
obu-lead-car-1         | [47.3] Lead_Car role=cruise state=CRUISE->CRUISE speed=7.50 target=7.50 neighbors=11
obu-ramp-merge-5-1     | [47.2] Ramp_Merge_5 role=cruise state=CRUISE->CRUISE speed=7.29 target=7.50 neighbors=11
obu-host-car-1         | [47.3] Host_Car role=cruise state=CRUISE->CRUISE speed=7.50 target=7.50 neighbors=11
obu-ramp-back-1        | [47.4] Ramp_Back role=host state=CRUISE->CRUISE speed=5.17 target=7.50 neighbors=11
obu-main-back-left-1   | [47.5] Main_Back_Left role=cruise state=CRUISE->CRUISE speed=5.76 target=7.50 neighbors=6
obu-main-back-right-1  | [47.4] Main_Back_Right role=cruise state=CRUISE->CRUISE speed=5.12 target=7.50 neighbors=11
obu-ramp-merge-3-1     | [47.6] Ramp_Merge_3 role=cruise state=CRUISE->CRUISE speed=5.11 target=7.50 neighbors=6
obu-main-front-left-1  | [48.1] Main_Front_Left role=cruise state=CRUISE->CRUISE speed=7.50 target=7.50 neighbors=11
obu-ramp-merge-4-1     | [48.1] Ramp_Merge_4 role=cruise state=CRUISE->CRUISE speed=5.19 target=7.50 neighbors=11
obu-merge-car-1        | [48.1] Merge_Car role=cruise state=CRUISE->CRUISE speed=7.50 target=7.50 neighbors=11
obu-ramp-merge-2-1     | [48.2] Ramp_Merge_2 role=cruise state=CRUISE->CRUISE speed=7.50 target=7.50 neighbors=11
obu-ramp-merge-5-1     | [48.2] Ramp_Merge_5 role=cruise state=CRUISE->CRUISE speed=7.37 target=7.50 neighbors=11
obu-lead-car-1         | [48.4] Lead_Car role=cruise state=CRUISE->CRUISE speed=7.50 target=7.50 neighbors=11
obu-host-car-1         | [48.5] Host_Car role=cruise state=CRUISE->CRUISE speed=7.50 target=7.50 neighbors=11
obu-main-back-right-1  | [48.4] Main_Back_Right role=cruise state=CRUISE->CRUISE speed=5.97 target=7.50 neighbors=11
obu-main-mid-right-1   | [48.6] Main_Mid_Right role=cruise state=CRUISE->CRUISE speed=7.50 target=7.50 neighbors=11
obu-ramp-back-1        | [48.5] Ramp_Back role=cruise state=CRUISE->CRUISE speed=6.18 target=7.50 neighbors=11
obu-ramp-merge-3-1     | [48.6] Ramp_Merge_3 role=cruise state=CRUISE->CRUISE speed=5.68 target=7.50 neighbors=11
obu-main-back-left-1   | [48.6] Main_Back_Left role=cruise state=CRUISE->CRUISE speed=6.51 target=7.50 neighbors=11
obu-ramp-merge-4-1     | [49.4] Ramp_Merge_4 role=cruise state=CRUISE->CRUISE speed=5.70 target=7.50 neighbors=11
obu-merge-car-1        | [49.4] Merge_Car role=cruise state=CRUISE->CRUISE speed=7.50 target=7.50 neighbors=11
obu-ramp-merge-2-1     | [49.4] Ramp_Merge_2 role=cruise state=CRUISE->CRUISE speed=7.50 target=7.50 neighbors=11
obu-lead-car-1         | [49.4] Lead_Car role=cruise state=CRUISE->CRUISE speed=7.50 target=7.50 neighbors=11
obu-ramp-merge-5-1     | [49.3] Ramp_Merge_5 role=cruise state=CRUISE->CRUISE speed=7.43 target=7.50 neighbors=11
obu-main-front-left-1  | [49.4] Main_Front_Left role=cruise state=CRUISE->CRUISE speed=7.50 target=7.50 neighbors=11
obu-main-back-right-1  | [49.5] Main_Back_Right role=cruise state=CRUISE->CRUISE speed=6.54 target=7.50 neighbors=11
obu-main-mid-right-1   | [49.6] Main_Mid_Right role=cruise state=CRUISE->CRUISE speed=7.50 target=7.50 neighbors=11
obu-host-car-1         | [49.6] Host_Car role=cruise state=CRUISE->CRUISE speed=7.50 target=7.50 neighbors=11
obu-main-back-left-1   | [49.7] Main_Back_Left role=cruise state=CRUISE->CRUISE speed=6.94 target=7.50 neighbors=11
obu-ramp-merge-4-1     | [50.0] Ramp_Merge_4 CAR_FOLLOW: sid=109 edge=135424828 lane=0 leader_edge= leader_lane=None leader_role_hint=ramp self_merge_completed=True self_merge_completed_age=13.5 self_merge_committed=False lane_cmd_state=CLEAR lane_cmd_edge=1331698336 lane_cmd_target=1 lane_cmd_executable=False same_lane=True reason=same_lane_cam gap=4.8 follow_spd=2.62 emergency=False target_before=7.5 target_after=5.801903797084712
obu-ramp-merge-4-1     | MERGE_ATTEMPT_TIMELINE: vehicle=Ramp_Merge_4 manoeuvre=98 host=None lead=None event=POST_MERGE_CAR_FOLLOW t=50.1 edge=135424828 lane=0 lane_cmd_state=CLEAR speed=6.12 target=5.80 dtm=83.3 lead_gap= host_gap= lead_gap_t1= lead_gap_t2= lead_gap_t3= host_gap_t1= host_gap_t2= host_gap_t3=
obu-ramp-merge-4-1     | [50.0] Ramp_Merge_4 POST_MERGE_CAR_FOLLOW: age=13.5 sid=109 gap=4.8 reason=same_lane_cam follow_spd=2.62 self_edge=135424828 self_lane=0 leader_edge= leader_lane=None lane_cmd_state=CLEAR
obu-ramp-back-1        | [50.2] Ramp_Back role=cruise state=CRUISE->CRUISE speed=6.95 target=7.50 neighbors=11
obu-ramp-merge-3-1     | [50.2] Ramp_Merge_3 role=cruise state=CRUISE->CRUISE speed=6.42 target=7.50 neighbors=11
obu-lead-car-1         | [50.4] Lead_Car role=cruise state=CRUISE->CRUISE speed=7.50 target=7.50 neighbors=11
obu-main-front-left-1  | [50.4] Main_Front_Left role=cruise state=CRUISE->CRUISE speed=7.50 target=7.50 neighbors=11
obu-merge-car-1        | [50.4] Merge_Car role=cruise state=CRUISE->CRUISE speed=7.50 target=7.50 neighbors=11
obu-ramp-merge-4-1     | [50.4] Ramp_Merge_4 role=cruise state=CRUISE->CRUISE speed=6.19 target=7.50 neighbors=11
obu-ramp-merge-2-1     | [50.4] Ramp_Merge_2 role=cruise state=CRUISE->CRUISE speed=7.50 target=7.50 neighbors=11
obu-main-back-right-1  | [50.7] Main_Back_Right role=cruise state=CRUISE->CRUISE speed=6.75 target=7.50 neighbors=11
obu-host-car-1         | [50.6] Host_Car role=cruise state=CRUISE->CRUISE speed=7.50 target=7.50 neighbors=11
obu-main-back-left-1   | [50.8] Main_Back_Left role=cruise state=CRUISE->CRUISE speed=7.18 target=7.50 neighbors=11
obu-main-mid-right-1   | [51.1] Main_Mid_Right role=cruise state=CRUISE->CRUISE speed=7.50 target=7.50 neighbors=11
obu-ramp-merge-5-1     | [51.2] Ramp_Merge_5 role=cruise state=CRUISE->CRUISE speed=7.47 target=7.50 neighbors=11
obu-ramp-merge-3-1     | [51.2] Ramp_Merge_3 role=cruise state=CRUISE->CRUISE speed=6.60 target=7.50 neighbors=11
obu-ramp-back-1        | [51.3] Ramp_Back role=cruise state=CRUISE->CRUISE speed=7.19 target=7.50 neighbors=11
obu-main-front-left-1  | [51.4] Main_Front_Left role=cruise state=CRUISE->CRUISE speed=7.50 target=7.50 neighbors=11
obu-merge-car-1        | [51.4] Merge_Car role=cruise state=CRUISE->CRUISE speed=7.50 target=7.50 neighbors=11
obu-ramp-merge-4-1     | [51.4] Ramp_Merge_4 role=cruise state=CRUISE->CRUISE speed=6.51 target=7.50 neighbors=11
obu-ramp-merge-2-1     | [51.4] Ramp_Merge_2 role=cruise state=CRUISE->CRUISE speed=7.50 target=7.50 neighbors=11
obu-lead-car-1         | [51.4] Lead_Car role=cruise state=CRUISE->CRUISE speed=7.50 target=7.50 neighbors=11
obu-main-back-left-1   | [52.1] Main_Back_Left role=cruise state=CRUISE->CRUISE speed=7.34 target=7.50 neighbors=9
obu-main-back-right-1  | [52.1] Main_Back_Right role=cruise state=CRUISE->CRUISE speed=6.98 target=7.50 neighbors=10
obu-main-mid-right-1   | [52.1] Main_Mid_Right role=cruise state=CRUISE->CRUISE speed=7.50 target=7.50 neighbors=11
obu-host-car-1         | [52.1] Host_Car role=cruise state=CRUISE->CRUISE speed=7.50 target=7.50 neighbors=11
obu-ramp-merge-3-1     | [52.1] Ramp_Merge_3 CAR_FOLLOW: sid=106 edge=135424828 lane=0 leader_edge= leader_lane=None leader_role_hint=main self_merge_completed=True self_merge_completed_age=19.9 self_merge_committed=False lane_cmd_state=CLEAR lane_cmd_edge=1331698336 lane_cmd_target=1 lane_cmd_executable=False same_lane=True reason=same_lane_cam gap=2.5 follow_spd=3.38 emergency=False target_before=7.5 target_after=6.44907806184258
obu-ramp-merge-3-1     | MERGE_ATTEMPT_TIMELINE: vehicle=Ramp_Merge_3 manoeuvre=69 host=None lead=None event=POST_MERGE_CAR_FOLLOW t=52.1 edge=135424828 lane=0 lane_cmd_state=CLEAR speed=6.70 target=6.45 dtm=113.7 lead_gap= host_gap= lead_gap_t1= lead_gap_t2= lead_gap_t3= host_gap_t1= host_gap_t2= host_gap_t3=
obu-ramp-merge-3-1     | [52.1] Ramp_Merge_3 POST_MERGE_CAR_FOLLOW: age=19.9 sid=106 gap=2.5 reason=same_lane_cam follow_spd=3.38 self_edge=135424828 self_lane=0 leader_edge= leader_lane=None lane_cmd_state=CLEAR
obu-ramp-merge-5-1     | [52.2] Ramp_Merge_5 role=cruise state=CRUISE->CRUISE speed=7.25 target=7.50 neighbors=11
obu-ramp-merge-3-1     | [52.2] Ramp_Merge_3 role=cruise state=YIELDING->CRUISE speed=6.71 target=7.50 neighbors=11
obu-ramp-merge-4-1     | [52.4] Ramp_Merge_4 role=cruise state=CRUISE->CRUISE speed=6.57 target=7.50 neighbors=11
obu-lead-car-1         | [52.4] Lead_Car role=cruise state=CRUISE->CRUISE speed=7.50 target=7.50 neighbors=11
obu-ramp-back-1        | [52.4] Ramp_Back role=cruise state=CRUISE->CRUISE speed=7.32 target=7.50 neighbors=11
obu-main-front-left-1  | [52.5] Main_Front_Left role=cruise state=CRUISE->CRUISE speed=7.50 target=7.50 neighbors=11
obu-ramp-merge-4-1     | [52.5] Ramp_Merge_4 CAR_FOLLOW: sid=109 edge=135424828 lane=0 leader_edge= leader_lane=None leader_role_hint=ramp self_merge_completed=True self_merge_completed_age=16.0 self_merge_committed=False lane_cmd_state=CLEAR lane_cmd_edge=1331698336 lane_cmd_target=1 lane_cmd_executable=False same_lane=True reason=same_lane_cam gap=4.5 follow_spd=2.62 emergency=False target_before=7.5 target_after=6.327928622139563
obu-ramp-merge-4-1     | MERGE_ATTEMPT_TIMELINE: vehicle=Ramp_Merge_4 manoeuvre=98 host=None lead=None event=POST_MERGE_CAR_FOLLOW t=52.5 edge=135424828 lane=0 lane_cmd_state=CLEAR speed=6.58 target=6.33 dtm=98.7 lead_gap= host_gap= lead_gap_t1= lead_gap_t2= lead_gap_t3= host_gap_t1= host_gap_t2= host_gap_t3=
obu-ramp-merge-4-1     | [52.5] Ramp_Merge_4 POST_MERGE_CAR_FOLLOW: age=16.0 sid=109 gap=4.5 reason=same_lane_cam follow_spd=2.62 self_edge=135424828 self_lane=0 leader_edge= leader_lane=None lane_cmd_state=CLEAR
obu-ramp-merge-3-1     | [52.7] Ramp_Merge_3 CAR_FOLLOW: sid=106 edge=135424828 lane=0 leader_edge= leader_lane=None leader_role_hint=main self_merge_completed=True self_merge_completed_age=20.5 self_merge_committed=False lane_cmd_state=CLEAR lane_cmd_edge=1331698336 lane_cmd_target=1 lane_cmd_executable=False same_lane=True reason=same_lane_cam gap=4.6 follow_spd=2.62 emergency=False target_before=7.5 target_after=6.525239828904548
obu-ramp-merge-3-1     | MERGE_ATTEMPT_TIMELINE: vehicle=Ramp_Merge_3 manoeuvre=69 host=None lead=None event=POST_MERGE_CAR_FOLLOW t=52.7 edge=135424828 lane=0 lane_cmd_state=CLEAR speed=6.78 target=6.53 dtm=117.8 lead_gap= host_gap= lead_gap_t1= lead_gap_t2= lead_gap_t3= host_gap_t1= host_gap_t2= host_gap_t3=
obu-ramp-merge-3-1     | [52.7] Ramp_Merge_3 POST_MERGE_CAR_FOLLOW: age=20.5 sid=106 gap=4.6 reason=same_lane_cam follow_spd=2.62 self_edge=135424828 self_lane=0 leader_edge= leader_lane=None lane_cmd_state=CLEAR
obu-merge-car-1        | [52.8] Merge_Car role=cruise state=CRUISE->CRUISE speed=7.50 target=7.50 neighbors=11
obu-main-back-right-1  | [52.6] Main_Back_Right CAR_FOLLOW: sid=105 edge=135424828 lane=0 leader_edge= leader_lane=None leader_role_hint=main self_merge_completed=False self_merge_completed_age=-1.0 self_merge_committed=False lane_cmd_state=None lane_cmd_edge=None lane_cmd_target=None lane_cmd_executable=None same_lane=True reason=same_lane_cam gap=4.2 follow_spd=2.62 emergency=False target_before=7.5 target_after=6.799180666710434
obu-ramp-merge-2-1     | [52.8] Ramp_Merge_2 role=cruise state=CRUISE->CRUISE speed=7.50 target=7.50 neighbors=11
obu-main-back-right-1  | [53.1] Main_Back_Right role=cruise state=CRUISE->CRUISE speed=7.11 target=7.50 neighbors=11
obu-main-mid-right-1   | [53.2] Main_Mid_Right role=cruise state=CRUISE->CRUISE speed=7.50 target=7.50 neighbors=11
obu-host-car-1         | [53.2] Host_Car role=cruise state=CRUISE->CRUISE speed=7.50 target=7.50 neighbors=11
obu-main-back-left-1   | [53.2] Main_Back_Left role=cruise state=CRUISE->CRUISE speed=7.41 target=7.50 neighbors=11
obu-ramp-merge-5-1     | [53.3] Ramp_Merge_5 role=cruise state=CRUISE->CRUISE speed=7.02 target=7.50 neighbors=11
obu-ramp-merge-3-1     | [53.7] Ramp_Merge_3 role=cruise state=YIELDING->CRUISE speed=6.71 target=7.50 neighbors=11
obu-main-front-left-1  | [53.7] Main_Front_Left role=cruise state=CRUISE->CRUISE speed=7.50 target=7.50 neighbors=11
obu-ramp-merge-4-1     | [53.7] Ramp_Merge_4 role=cruise state=CRUISE->CRUISE speed=6.65 target=7.50 neighbors=11
obu-lead-car-1         | [53.7] Lead_Car role=cruise state=CRUISE->CRUISE speed=7.50 target=7.50 neighbors=11
obu-ramp-back-1        | [53.6] Ramp_Back role=cruise state=CRUISE->CRUISE speed=7.40 target=7.50 neighbors=11
obu-merge-car-1        | [53.9] Merge_Car role=cruise state=CRUISE->CRUISE speed=7.50 target=7.50 neighbors=11
obu-ramp-merge-2-1     | [53.9] Ramp_Merge_2 role=cruise state=CRUISE->CRUISE speed=7.50 target=7.50 neighbors=11
obu-main-mid-right-1   | [54.2] Main_Mid_Right role=cruise state=CRUISE->CRUISE speed=7.50 target=7.50 neighbors=10
obu-main-back-right-1  | [54.5] Main_Back_Right role=cruise state=CRUISE->CRUISE speed=7.25 target=7.50 neighbors=10
obu-ramp-merge-5-1     | [54.6] Ramp_Merge_5 role=cruise state=CRUISE->CRUISE speed=6.87 target=7.50 neighbors=11
obu-ramp-back-1        | [54.6] Ramp_Back role=cruise state=CRUISE->CRUISE speed=7.44 target=7.50 neighbors=11
obu-host-car-1         | [54.7] Host_Car role=cruise state=CRUISE->CRUISE speed=7.50 target=7.50 neighbors=11
obu-main-back-left-1   | [54.5] Main_Back_Left role=cruise state=CRUISE->CRUISE speed=7.45 target=7.50 neighbors=11
obu-lead-car-1         | [54.7] Lead_Car role=cruise state=CRUISE->CRUISE speed=7.50 target=7.50 neighbors=11
obu-ramp-merge-3-1     | [54.7] Ramp_Merge_3 role=cruise state=CRUISE->CRUISE speed=6.96 target=7.50 neighbors=11
obu-main-front-left-1  | [54.9] Main_Front_Left role=cruise state=CRUISE->CRUISE speed=7.50 target=7.50 neighbors=8
obu-merge-car-1        | [54.9] Merge_Car role=cruise state=CRUISE->CRUISE speed=7.50 target=7.50 neighbors=11
obu-ramp-merge-4-1     | [54.8] Ramp_Merge_4 role=cruise state=CRUISE->CRUISE speed=6.72 target=7.50 neighbors=8
obu-ramp-merge-2-1     | [55.0] Ramp_Merge_2 role=cruise state=CRUISE->CRUISE speed=7.50 target=7.50 neighbors=11
obu-main-mid-right-1   | [55.2] Main_Mid_Right role=cruise state=CRUISE->CRUISE speed=7.50 target=7.50 neighbors=11
obu-main-back-left-1   | [55.6] Main_Back_Left role=cruise state=CRUISE->CRUISE speed=7.47 target=7.50 neighbors=11
obu-main-back-right-1  | [55.7] Main_Back_Right role=cruise state=CRUISE->CRUISE speed=7.33 target=7.50 neighbors=11
obu-lead-car-1         | [55.7] Lead_Car role=cruise state=CRUISE->CRUISE speed=7.50 target=7.50 neighbors=11
obu-ramp-merge-5-1     | [55.7] Ramp_Merge_5 role=cruise state=CRUISE->CRUISE speed=6.84 target=7.50 neighbors=11
obu-ramp-merge-3-1     | [55.7] Ramp_Merge_3 role=cruise state=CRUISE->CRUISE speed=7.18 target=7.50 neighbors=11
obu-ramp-back-1        | [55.6] Ramp_Back role=cruise state=CRUISE->CRUISE speed=7.47 target=7.50 neighbors=11
obu-host-car-1         | [55.7] Host_Car role=cruise state=CRUISE->CRUISE speed=7.50 target=7.50 neighbors=11
obu-ramp-merge-4-1     | [55.8] Ramp_Merge_4 role=cruise state=CRUISE->CRUISE speed=6.86 target=7.50 neighbors=11
obu-main-front-left-1  | [55.9] Main_Front_Left role=cruise state=CRUISE->CRUISE speed=7.50 target=7.50 neighbors=11
obu-ramp-merge-2-1     | [56.1] Ramp_Merge_2 role=cruise state=CRUISE->CRUISE speed=7.50 target=7.50 neighbors=10
obu-main-mid-right-1   | [56.5] Main_Mid_Right role=cruise state=CRUISE->CRUISE speed=7.50 target=7.50 neighbors=11
obu-merge-car-1        | [56.6] Merge_Car role=cruise state=CRUISE->CRUISE speed=7.50 target=7.50 neighbors=11
obu-main-back-left-1   | [56.6] Main_Back_Left role=cruise state=CRUISE->CRUISE speed=7.48 target=7.50 neighbors=11
obu-ramp-merge-5-1     | [56.8] Ramp_Merge_5 role=cruise state=CRUISE->CRUISE speed=6.87 target=7.50 neighbors=11
obu-lead-car-1         | [56.9] Lead_Car role=cruise state=CRUISE->CRUISE speed=7.50 target=7.50 neighbors=11
obu-ramp-merge-3-1     | [56.8] Ramp_Merge_3 role=cruise state=CRUISE->CRUISE speed=7.25 target=7.50 neighbors=11
obu-ramp-back-1        | [56.8] Ramp_Back role=cruise state=CRUISE->CRUISE speed=7.48 target=7.50 neighbors=11
obu-host-car-1         | [56.9] Host_Car role=cruise state=CRUISE->CRUISE speed=7.50 target=7.50 neighbors=11
obu-main-front-left-1  | [56.9] Main_Front_Left role=cruise state=CRUISE->CRUISE speed=7.50 target=7.50 neighbors=11
obu-main-back-right-1  | [56.8] Main_Back_Right role=cruise state=CRUISE->CRUISE speed=7.38 target=7.50 neighbors=11
obu-ramp-merge-4-1     | [56.9] Ramp_Merge_4 role=cruise state=CRUISE->CRUISE speed=6.99 target=7.50 neighbors=11
obu-ramp-merge-2-1     | [57.2] Ramp_Merge_2 role=cruise state=CRUISE->CRUISE speed=7.50 target=7.50 neighbors=11
obu-main-mid-right-1   | [57.5] Main_Mid_Right role=cruise state=CRUISE->CRUISE speed=7.50 target=7.50 neighbors=11
obu-main-back-left-1   | [57.6] Main_Back_Left role=cruise state=CRUISE->CRUISE speed=7.49 target=7.50 neighbors=11
obu-merge-car-1        | [57.6] Merge_Car role=cruise state=CRUISE->CRUISE speed=7.50 target=7.50 neighbors=11
obu-main-back-right-1  | [57.9] Main_Back_Right role=cruise state=CRUISE->CRUISE speed=7.42 target=7.50 neighbors=11
obu-ramp-merge-4-1     | [57.9] Ramp_Merge_4 role=cruise state=CRUISE->CRUISE speed=7.09 target=7.50 neighbors=11
obu-ramp-merge-3-1     | [58.0] Ramp_Merge_3 role=cruise state=CRUISE->CRUISE speed=7.31 target=7.50 neighbors=11
obu-main-back-right-1  | [58.2] Main_Back_Right CAR_FOLLOW: sid=105 edge=135424828 lane=0 leader_edge= leader_lane=None leader_role_hint=main self_merge_completed=False self_merge_completed_age=-1.0 self_merge_committed=False lane_cmd_state=None lane_cmd_edge=None lane_cmd_target=None lane_cmd_executable=None same_lane=True reason=same_lane_cam gap=4.9 follow_spd=2.62 emergency=False target_before=7.5 target_after=7.178789770713127
obu-ramp-merge-2-1     | [58.4] Ramp_Merge_2 role=cruise state=CRUISE->CRUISE speed=7.50 target=7.50 neighbors=11
obu-lead-car-1         | [58.3] Lead_Car role=cruise state=CRUISE->CRUISE speed=7.50 target=7.50 neighbors=11
obu-ramp-merge-5-1     | [58.5] Ramp_Merge_5 role=cruise state=CRUISE->CRUISE speed=6.98 target=7.50 neighbors=11
obu-ramp-back-1        | [58.4] Ramp_Back role=cruise state=CRUISE->CRUISE speed=7.49 target=7.50 neighbors=11
obu-host-car-1         | [58.5] Host_Car role=cruise state=CRUISE->CRUISE speed=7.50 target=7.50 neighbors=11
obu-main-mid-right-1   | [58.5] Main_Mid_Right role=cruise state=CRUISE->CRUISE speed=7.50 target=7.50 neighbors=11
obu-main-front-left-1  | [58.5] Main_Front_Left role=cruise state=CRUISE->CRUISE speed=7.50 target=7.50 neighbors=11
obu-merge-car-1        | [58.6] Merge_Car role=cruise state=CRUISE->CRUISE speed=7.50 target=7.50 neighbors=11
obu-main-back-left-1   | [58.6] Main_Back_Left role=cruise state=CRUISE->CRUISE speed=7.49 target=7.50 neighbors=11
obu-main-back-right-1  | [59.0] Main_Back_Right role=cruise state=CRUISE->CRUISE speed=7.43 target=7.50 neighbors=10
obu-ramp-merge-4-1     | [58.9] Ramp_Merge_4 role=cruise state=CRUISE->CRUISE speed=7.17 target=7.50 neighbors=10
obu-ramp-merge-3-1     | [59.0] Ramp_Merge_3 role=cruise state=CRUISE->CRUISE speed=7.35 target=7.50 neighbors=10
obu-main-back-right-1  | [59.1] Main_Back_Right CAR_FOLLOW: sid=105 edge=135424828 lane=0 leader_edge= leader_lane=None leader_role_hint=main self_merge_completed=False self_merge_completed_age=-1.0 self_merge_committed=False lane_cmd_state=None lane_cmd_edge=None lane_cmd_target=None lane_cmd_executable=None same_lane=True reason=same_lane_cam gap=4.9 follow_spd=2.62 emergency=False target_before=7.5 target_after=7.179440159380718
obu-ramp-merge-4-1     | [59.1] Ramp_Merge_4 CAR_FOLLOW: sid=109 edge=135424828 lane=0 leader_edge= leader_lane=None leader_role_hint=ramp self_merge_completed=True self_merge_completed_age=22.6 self_merge_committed=False lane_cmd_state=CLEAR lane_cmd_edge=1331698336 lane_cmd_target=1 lane_cmd_executable=False same_lane=True reason=same_lane_cam gap=3.7 follow_spd=2.62 emergency=False target_before=7.5 target_after=6.935331560135692
obu-ramp-merge-4-1     | MERGE_ATTEMPT_TIMELINE: vehicle=Ramp_Merge_4 manoeuvre=98 host=None lead=None event=POST_MERGE_CAR_FOLLOW t=59.3 edge=135424828 lane=0 lane_cmd_state=CLEAR speed=7.20 target=6.94 dtm=145.5 lead_gap= host_gap= lead_gap_t1= lead_gap_t2= lead_gap_t3= host_gap_t1= host_gap_t2= host_gap_t3=
obu-ramp-merge-4-1     | [59.1] Ramp_Merge_4 POST_MERGE_CAR_FOLLOW: age=22.6 sid=109 gap=3.7 reason=same_lane_cam follow_spd=2.62 self_edge=135424828 self_lane=0 leader_edge= leader_lane=None lane_cmd_state=CLEAR
obu-ramp-merge-4-1     | [60.1] Ramp_Merge_4 role=cruise state=CRUISE->CRUISE speed=7.25 target=7.50 neighbors=11
obu-main-back-right-1  | [60.3] Main_Back_Right CAR_FOLLOW: sid=105 edge=135424828 lane=0 leader_edge= leader_lane=None leader_role_hint=main self_merge_completed=False self_merge_completed_age=-1.0 self_merge_committed=False lane_cmd_state=None lane_cmd_edge=None lane_cmd_target=None lane_cmd_executable=None same_lane=True reason=same_lane_cam gap=2.7 follow_spd=2.62 emergency=False target_before=7.5 target_after=7.200679333720787
obu-main-back-right-1  | [60.3] Main_Back_Right role=cruise state=CRUISE->YIELDING speed=7.45 target=7.20 neighbors=11
obu-ramp-merge-2-1     | [60.4] Ramp_Merge_2 role=cruise state=CRUISE->CRUISE speed=7.50 target=7.50 neighbors=10
obu-ramp-merge-5-1     | [60.3] Ramp_Merge_5 role=cruise state=CRUISE->CRUISE speed=7.10 target=7.50 neighbors=11
obu-ramp-merge-3-1     | [60.4] Ramp_Merge_3 role=cruise state=CRUISE->CRUISE speed=7.39 target=7.50 neighbors=9
obu-ramp-back-1        | [60.3] Ramp_Back role=cruise state=CRUISE->CRUISE speed=7.50 target=7.50 neighbors=11
obu-host-car-1         | [60.4] Host_Car role=cruise state=CRUISE->CRUISE speed=7.50 target=7.50 neighbors=11
obu-main-mid-right-1   | [60.4] Main_Mid_Right role=cruise state=CRUISE->CRUISE speed=7.50 target=7.50 neighbors=11
obu-main-front-left-1  | [60.4] Main_Front_Left role=cruise state=CRUISE->CRUISE speed=7.50 target=7.50 neighbors=11
obu-main-back-left-1   | [60.6] Main_Back_Left role=cruise state=CRUISE->CRUISE speed=7.50 target=7.50 neighbors=9
obu-merge-car-1        | [60.5] Merge_Car role=cruise state=CRUISE->CRUISE speed=7.50 target=7.50 neighbors=9
obu-ramp-merge-4-1     | [60.7] Ramp_Merge_4 CAR_FOLLOW: sid=109 edge=135424828 lane=0 leader_edge= leader_lane=None leader_role_hint=ramp self_merge_completed=True self_merge_completed_age=24.2 self_merge_committed=False lane_cmd_state=CLEAR lane_cmd_edge=1331698336 lane_cmd_target=1 lane_cmd_executable=False same_lane=True reason=same_lane_cam gap=4.5 follow_spd=2.62 emergency=False target_before=7.5 target_after=7.0257994240344575
obu-ramp-merge-4-1     | MERGE_ATTEMPT_TIMELINE: vehicle=Ramp_Merge_4 manoeuvre=98 host=None lead=None event=POST_MERGE_CAR_FOLLOW t=60.7 edge=135424828 lane=0 lane_cmd_state=CLEAR speed=7.28 target=7.03 dtm=155.6 lead_gap= host_gap= lead_gap_t1= lead_gap_t2= lead_gap_t3= host_gap_t1= host_gap_t2= host_gap_t3=
obu-ramp-merge-4-1     | [60.7] Ramp_Merge_4 POST_MERGE_CAR_FOLLOW: age=24.2 sid=109 gap=4.5 reason=same_lane_cam follow_spd=2.62 self_edge=135424828 self_lane=0 leader_edge= leader_lane=None lane_cmd_state=CLEAR
obu-main-back-right-1  | [60.9] Main_Back_Right CAR_FOLLOW: sid=105 edge=135424828 lane=0 leader_edge= leader_lane=None leader_role_hint=main self_merge_completed=False self_merge_completed_age=-1.0 self_merge_committed=False lane_cmd_state=None lane_cmd_edge=None lane_cmd_target=None lane_cmd_executable=None same_lane=True reason=same_lane_cam gap=4.3 follow_spd=2.62 emergency=False target_before=7.5 target_after=7.187406430299522
obu-ramp-merge-4-1     | [60.9] Ramp_Merge_4 CAR_FOLLOW: sid=109 edge=135424828 lane=0 leader_edge= leader_lane=None leader_role_hint=ramp self_merge_completed=True self_merge_completed_age=24.4 self_merge_committed=False lane_cmd_state=CLEAR lane_cmd_edge=1331698336 lane_cmd_target=1 lane_cmd_executable=False same_lane=True reason=same_lane_cam gap=3.1 follow_spd=2.62 emergency=False target_before=7.5 target_after=7.034800364819609
obu-ramp-merge-4-1     | MERGE_ATTEMPT_TIMELINE: vehicle=Ramp_Merge_4 manoeuvre=98 host=None lead=None event=POST_MERGE_CAR_FOLLOW t=60.9 edge=135424828 lane=0 lane_cmd_state=CLEAR speed=7.28 target=7.03 dtm=157.1 lead_gap= host_gap= lead_gap_t1= lead_gap_t2= lead_gap_t3= host_gap_t1= host_gap_t2= host_gap_t3=
obu-ramp-merge-4-1     | [60.9] Ramp_Merge_4 POST_MERGE_CAR_FOLLOW: age=24.4 sid=109 gap=3.1 reason=same_lane_cam follow_spd=2.62 self_edge=135424828 self_lane=0 leader_edge= leader_lane=None lane_cmd_state=CLEAR
obu-ramp-merge-4-1     | [61.2] Ramp_Merge_4 role=cruise state=YIELDING->CRUISE speed=7.26 target=7.50 neighbors=10
obu-ramp-merge-5-1     | [61.3] Ramp_Merge_5 role=cruise state=CRUISE->CRUISE speed=7.16 target=7.50 neighbors=10
obu-ramp-back-1        | [61.3] Ramp_Back role=cruise state=CRUISE->CRUISE speed=7.50 target=7.50 neighbors=10
obu-host-car-1         | [61.4] Host_Car role=cruise state=CRUISE->CRUISE speed=7.50 target=7.50 neighbors=10
obu-main-front-left-1  | [61.4] Main_Front_Left role=cruise state=CRUISE->CRUISE speed=7.50 target=7.50 neighbors=10
obu-main-mid-right-1   | [61.4] Main_Mid_Right role=cruise state=CRUISE->CRUISE speed=7.50 target=7.50 neighbors=10
obu-main-back-left-1   | [61.7] Main_Back_Left role=cruise state=CRUISE->CRUISE speed=7.50 target=7.50 neighbors=10
obu-ramp-merge-3-1     | [62.1] Ramp_Merge_3 role=cruise state=CRUISE->CRUISE speed=7.41 target=7.50 neighbors=10
obu-merge-car-1        | [62.1] Merge_Car role=cruise state=CRUISE->CRUISE speed=7.50 target=7.50 neighbors=10
obu-main-back-right-1  | [62.1] Main_Back_Right role=cruise state=CRUISE->CRUISE speed=7.44 target=7.50 neighbors=10
obu-ramp-merge-2-1     | [62.1] Ramp_Merge_2 role=cruise state=CRUISE->CRUISE speed=7.50 target=7.50 neighbors=10
obu-ramp-merge-4-1     | [62.2] Ramp_Merge_4 role=cruise state=CRUISE->CRUISE speed=7.33 target=7.50 neighbors=10
obu-ramp-merge-5-1     | [62.4] Ramp_Merge_5 role=cruise state=CRUISE->CRUISE speed=7.21 target=7.50 neighbors=10
obu-ramp-merge-4-1     | [62.6] Ramp_Merge_4 CAR_FOLLOW: sid=109 edge=135424828 lane=0 leader_edge= leader_lane=None leader_role_hint=ramp self_merge_completed=True self_merge_completed_age=26.1 self_merge_committed=False lane_cmd_state=CLEAR lane_cmd_edge=1331698336 lane_cmd_target=1 lane_cmd_executable=False same_lane=True reason=same_lane_cam gap=4.7 follow_spd=2.62 emergency=False target_before=7.5 target_after=7.1097384711217595
obu-ramp-merge-4-1     | MERGE_ATTEMPT_TIMELINE: vehicle=Ramp_Merge_4 manoeuvre=98 host=None lead=None event=POST_MERGE_CAR_FOLLOW t=62.6 edge=135424828 lane=0 lane_cmd_state=CLEAR speed=7.36 target=7.11 dtm=169.5 lead_gap= host_gap= lead_gap_t1= lead_gap_t2= lead_gap_t3= host_gap_t1= host_gap_t2= host_gap_t3=
obu-ramp-merge-4-1     | [62.6] Ramp_Merge_4 POST_MERGE_CAR_FOLLOW: age=26.1 sid=109 gap=4.7 reason=same_lane_cam follow_spd=2.62 self_edge=135424828 self_lane=0 leader_edge= leader_lane=None lane_cmd_state=CLEAR
obu-ramp-merge-5-1     | [62.7] Ramp_Merge_5 CAR_FOLLOW: sid=110 edge=135424828 lane=0 leader_edge= leader_lane=None leader_role_hint=ramp self_merge_completed=True self_merge_completed_age=21.5 self_merge_committed=False lane_cmd_state=CLEAR lane_cmd_edge=1331698336 lane_cmd_target=1 lane_cmd_executable=False same_lane=True reason=same_lane_cam gap=3.8 follow_spd=2.62 emergency=False target_before=7.5 target_after=6.975261796157941
obu-ramp-merge-5-1     | MERGE_ATTEMPT_TIMELINE: vehicle=Ramp_Merge_5 manoeuvre=130 host=None lead=None event=POST_MERGE_CAR_FOLLOW t=62.7 edge=135424828 lane=0 lane_cmd_state=CLEAR speed=7.23 target=6.98 dtm=151.0 lead_gap= host_gap= lead_gap_t1= lead_gap_t2= lead_gap_t3= host_gap_t1= host_gap_t2= host_gap_t3=
obu-ramp-merge-5-1     | [62.7] Ramp_Merge_5 POST_MERGE_CAR_FOLLOW: age=21.5 sid=110 gap=3.8 reason=same_lane_cam follow_spd=2.62 self_edge=135424828 self_lane=0 leader_edge= leader_lane=None lane_cmd_state=CLEAR
obu-ramp-merge-3-1     | [62.7] Ramp_Merge_3 CAR_FOLLOW: sid=106 edge=135424828 lane=0 leader_edge= leader_lane=None leader_role_hint=main self_merge_completed=True self_merge_completed_age=30.5 self_merge_committed=False lane_cmd_state=CLEAR lane_cmd_edge=1331698336 lane_cmd_target=1 lane_cmd_executable=False same_lane=True reason=same_lane_cam gap=4.8 follow_spd=2.62 emergency=False target_before=7.5 target_after=7.170107558679221
obu-ramp-merge-3-1     | MERGE_ATTEMPT_TIMELINE: vehicle=Ramp_Merge_3 manoeuvre=69 host=None lead=None event=POST_MERGE_CAR_FOLLOW t=62.7 edge=135424828 lane=0 lane_cmd_state=CLEAR speed=7.42 target=7.17 dtm=189.8 lead_gap= host_gap= lead_gap_t1= lead_gap_t2= lead_gap_t3= host_gap_t1= host_gap_t2= host_gap_t3=
obu-ramp-merge-3-1     | [62.7] Ramp_Merge_3 POST_MERGE_CAR_FOLLOW: age=30.5 sid=106 gap=4.8 reason=same_lane_cam follow_spd=2.62 self_edge=135424828 self_lane=0 leader_edge= leader_lane=None lane_cmd_state=CLEAR
obu-main-back-left-1   | [62.8] Main_Back_Left role=cruise state=CRUISE->CRUISE speed=7.50 target=7.50 neighbors=10
obu-ramp-merge-3-1     | [63.0] Ramp_Merge_3 CAR_FOLLOW: sid=106 edge=135424828 lane=0 leader_edge= leader_lane=None leader_role_hint=main self_merge_completed=True self_merge_completed_age=30.8 self_merge_committed=False lane_cmd_state=CLEAR lane_cmd_edge=1331698336 lane_cmd_target=1 lane_cmd_executable=False same_lane=True reason=same_lane_cam gap=2.5 follow_spd=3.38 emergency=False target_before=7.5 target_after=7.174930842773288
obu-ramp-merge-3-1     | MERGE_ATTEMPT_TIMELINE: vehicle=Ramp_Merge_3 manoeuvre=69 host=None lead=None event=POST_MERGE_CAR_FOLLOW t=63.0 edge=135424828 lane=0 lane_cmd_state=CLEAR speed=7.42 target=7.17 dtm=192.0 lead_gap= host_gap= lead_gap_t1= lead_gap_t2= lead_gap_t3= host_gap_t1= host_gap_t2= host_gap_t3=
obu-ramp-merge-3-1     | [63.0] Ramp_Merge_3 POST_MERGE_CAR_FOLLOW: age=30.8 sid=106 gap=2.5 reason=same_lane_cam follow_spd=3.38 self_edge=135424828 self_lane=0 leader_edge= leader_lane=None lane_cmd_state=CLEAR
obu-ramp-back-1        | [63.0] Ramp_Back role=cruise state=CRUISE->CRUISE speed=7.50 target=7.50 neighbors=10
obu-host-car-1         | [63.1] Host_Car role=cruise state=CRUISE->CRUISE speed=7.50 target=7.50 neighbors=10
obu-main-mid-right-1   | [63.1] Main_Mid_Right role=cruise state=CRUISE->CRUISE speed=7.50 target=7.50 neighbors=10
obu-merge-car-1        | [63.1] Merge_Car role=cruise state=CRUISE->CRUISE speed=7.50 target=7.50 neighbors=10
obu-main-back-right-1  | [63.1] Main_Back_Right role=cruise state=CRUISE->CRUISE speed=7.47 target=7.50 neighbors=10
obu-ramp-merge-2-1     | [63.1] Ramp_Merge_2 role=cruise state=CRUISE->CRUISE speed=7.50 target=7.50 neighbors=10
obu-ramp-merge-3-1     | [63.1] Ramp_Merge_3 role=cruise state=YIELDING->CRUISE speed=7.41 target=7.50 neighbors=10
obu-ramp-merge-5-1     | [63.4] Ramp_Merge_5 role=cruise state=CRUISE->CRUISE speed=7.24 target=7.50 neighbors=9
obu-ramp-back-1        | [64.0] Ramp_Back role=cruise state=CRUISE->CRUISE speed=7.50 target=7.50 neighbors=9
obu-main-back-left-1   | [64.1] Main_Back_Left role=cruise state=CRUISE->CRUISE speed=7.50 target=7.50 neighbors=9
obu-ramp-merge-4-1     | [64.1] Ramp_Merge_4 role=cruise state=CRUISE->CRUISE speed=7.38 target=7.50 neighbors=9
obu-main-back-right-1  | [64.2] Main_Back_Right role=cruise state=CRUISE->CRUISE speed=7.48 target=7.50 neighbors=9
obu-ramp-merge-2-1     | [64.2] Ramp_Merge_2 role=cruise state=CRUISE->CRUISE speed=7.50 target=7.50 neighbors=9
obu-ramp-merge-3-1     | [64.2] Ramp_Merge_3 role=cruise state=CRUISE->CRUISE speed=7.42 target=7.50 neighbors=9
obu-host-car-1         | [64.3] Host_Car role=cruise state=CRUISE->CRUISE speed=7.50 target=7.50 neighbors=9
obu-ramp-merge-5-1     | [64.6] Ramp_Merge_5 CAR_FOLLOW: sid=110 edge=135424828 lane=0 leader_edge= leader_lane=None leader_role_hint=ramp self_merge_completed=True self_merge_completed_age=23.4 self_merge_committed=False lane_cmd_state=CLEAR lane_cmd_edge=1331698336 lane_cmd_target=1 lane_cmd_executable=False same_lane=True reason=same_lane_cam gap=3.1 follow_spd=2.62 emergency=False target_before=7.5 target_after=7.056464586499029
obu-ramp-merge-5-1     | MERGE_ATTEMPT_TIMELINE: vehicle=Ramp_Merge_5 manoeuvre=130 host=None lead=None event=POST_MERGE_CAR_FOLLOW t=64.6 edge=135424828 lane=0 lane_cmd_state=CLEAR speed=7.31 target=7.06 dtm=164.8 lead_gap= host_gap= lead_gap_t1= lead_gap_t2= lead_gap_t3= host_gap_t1= host_gap_t2= host_gap_t3=
obu-ramp-merge-5-1     | [64.6] Ramp_Merge_5 POST_MERGE_CAR_FOLLOW: age=23.4 sid=110 gap=3.1 reason=same_lane_cam follow_spd=2.62 self_edge=135424828 self_lane=0 leader_edge= leader_lane=None lane_cmd_state=CLEAR
obu-ramp-merge-5-1     | [64.6] Ramp_Merge_5 role=cruise state=CRUISE->YIELDING speed=7.31 target=7.06 neighbors=9
obu-ramp-merge-4-1     | [64.7] Ramp_Merge_4 CAR_FOLLOW: sid=109 edge=135424828 lane=0 leader_edge= leader_lane=None leader_role_hint=ramp self_merge_completed=True self_merge_completed_age=28.2 self_merge_committed=False lane_cmd_state=CLEAR lane_cmd_edge=1331698336 lane_cmd_target=1 lane_cmd_executable=False same_lane=True reason=same_lane_cam gap=4.0 follow_spd=2.62 emergency=False target_before=7.5 target_after=7.141981936055077
obu-ramp-merge-4-1     | MERGE_ATTEMPT_TIMELINE: vehicle=Ramp_Merge_4 manoeuvre=98 host=None lead=None event=POST_MERGE_CAR_FOLLOW t=64.7 edge=135424828 lane=0 lane_cmd_state=CLEAR speed=7.39 target=7.14 dtm=184.9 lead_gap= host_gap= lead_gap_t1= lead_gap_t2= lead_gap_t3= host_gap_t1= host_gap_t2= host_gap_t3=
obu-ramp-merge-4-1     | [64.7] Ramp_Merge_4 POST_MERGE_CAR_FOLLOW: age=28.2 sid=109 gap=4.0 reason=same_lane_cam follow_spd=2.62 self_edge=135424828 self_lane=0 leader_edge= leader_lane=None lane_cmd_state=CLEAR
obu-ramp-merge-5-1     | [64.7] Ramp_Merge_5 CAR_FOLLOW: sid=110 edge=135424828 lane=0 leader_edge= leader_lane=None leader_role_hint=ramp self_merge_completed=True self_merge_completed_age=23.5 self_merge_committed=False lane_cmd_state=CLEAR lane_cmd_edge=1331698336 lane_cmd_target=1 lane_cmd_executable=False same_lane=True reason=same_lane_cam gap=2.4 follow_spd=3.38 emergency=False target_before=7.5 target_after=7.059751471932674
obu-ramp-merge-5-1     | MERGE_ATTEMPT_TIMELINE: vehicle=Ramp_Merge_5 manoeuvre=130 host=None lead=None event=POST_MERGE_CAR_FOLLOW t=64.7 edge=135424828 lane=0 lane_cmd_state=CLEAR speed=7.31 target=7.06 dtm=165.5 lead_gap= host_gap= lead_gap_t1= lead_gap_t2= lead_gap_t3= host_gap_t1= host_gap_t2= host_gap_t3=
obu-ramp-merge-5-1     | [64.7] Ramp_Merge_5 POST_MERGE_CAR_FOLLOW: age=23.5 sid=110 gap=2.4 reason=same_lane_cam follow_spd=3.38 self_edge=135424828 self_lane=0 leader_edge= leader_lane=None lane_cmd_state=CLEAR
obu-merge-car-1        | [65.0] Merge_Car role=cruise state=CRUISE->CRUISE speed=7.50 target=7.50 neighbors=9
obu-ramp-back-1        | [65.0] Ramp_Back role=cruise state=CRUISE->CRUISE speed=7.50 target=7.50 neighbors=9
obu-main-mid-right-1   | [65.1] Main_Mid_Right role=cruise state=CRUISE->CRUISE speed=7.50 target=7.50 neighbors=9
obu-main-back-left-1   | [65.2] Main_Back_Left role=cruise state=CRUISE->CRUISE speed=7.50 target=7.50 neighbors=9
obu-main-back-right-1  | [65.2] Main_Back_Right role=cruise state=CRUISE->CRUISE speed=7.49 target=7.50 neighbors=9
obu-ramp-merge-3-1     | [65.2] Ramp_Merge_3 role=cruise state=CRUISE->CRUISE speed=7.45 target=7.50 neighbors=9
obu-host-car-1         | [65.3] Host_Car role=cruise state=CRUISE->CRUISE speed=7.50 target=7.50 neighbors=9
obu-ramp-merge-5-1     | [65.7] Ramp_Merge_5 role=cruise state=CRUISE->CRUISE speed=7.30 target=7.50 neighbors=9
obu-main-back-right-1  | [65.9] Main_Back_Right CAR_FOLLOW: sid=105 edge=135424828 lane=0 leader_edge= leader_lane=None leader_role_hint=main self_merge_completed=False self_merge_completed_age=-1.0 self_merge_committed=False lane_cmd_state=None lane_cmd_edge=None lane_cmd_target=None lane_cmd_executable=None same_lane=True reason=same_lane_cam gap=2.9 follow_spd=2.62 emergency=False target_before=7.5 target_after=7.2421530117988215
obu-ramp-merge-4-1     | [66.0] Ramp_Merge_4 role=cruise state=CRUISE->CRUISE speed=7.42 target=7.50 neighbors=9
obu-ramp-back-1        | [66.0] Ramp_Back role=cruise state=CRUISE->CRUISE speed=7.50 target=7.50 neighbors=9
obu-main-back-left-1   | [66.2] Main_Back_Left role=cruise state=CRUISE->CRUISE speed=7.50 target=7.50 neighbors=9
obu-merge-car-1        | [66.0] Merge_Car role=cruise state=CRUISE->CRUISE speed=7.50 target=7.50 neighbors=8
obu-ramp-merge-2-1     | [66.1] Ramp_Merge_2 role=cruise state=CRUISE->CRUISE speed=7.50 target=7.50 neighbors=9
obu-main-back-right-1  | [66.2] Main_Back_Right role=cruise state=CRUISE->CRUISE speed=7.49 target=7.50 neighbors=9
obu-main-back-right-1  | [66.8] Main_Back_Right CAR_FOLLOW: sid=105 edge=135424828 lane=0 leader_edge= leader_lane=None leader_role_hint=main self_merge_completed=False self_merge_completed_age=-1.0 self_merge_committed=False lane_cmd_state=None lane_cmd_edge=None lane_cmd_target=None lane_cmd_executable=None same_lane=True reason=same_lane_cam gap=3.7 follow_spd=2.62 emergency=False target_before=7.5 target_after=7.224577686933321
obu-merge-car-1        | [67.0] Merge_Car role=cruise state=CRUISE->CRUISE speed=7.50 target=7.50 neighbors=9
obu-main-back-right-1  | [67.0] Main_Back_Right CAR_FOLLOW: sid=105 edge=135424828 lane=0 leader_edge= leader_lane=None leader_role_hint=main self_merge_completed=False self_merge_completed_age=-1.0 self_merge_committed=False lane_cmd_state=None lane_cmd_edge=None lane_cmd_target=None lane_cmd_executable=None same_lane=True reason=same_lane_cam gap=2.2 follow_spd=2.62 emergency=False target_before=7.5 target_after=7.227056362457322
obu-ramp-merge-4-1     | [67.0] Ramp_Merge_4 role=cruise state=CRUISE->CRUISE speed=7.44 target=7.50 neighbors=9
obu-ramp-merge-3-1     | [67.0] Ramp_Merge_3 role=cruise state=CRUISE->CRUISE speed=7.48 target=7.50 neighbors=9
obu-host-car-1         | [67.3] Host_Car role=cruise state=CRUISE->CRUISE speed=7.50 target=7.50 neighbors=4
obu-ramp-merge-5-1     | [67.2] Ramp_Merge_5 role=cruise state=CRUISE->CRUISE speed=7.40 target=7.50 neighbors=4
obu-ramp-back-1        | [67.2] Ramp_Back role=cruise state=CRUISE->CRUISE speed=7.50 target=7.50 neighbors=4
obu-main-back-left-1   | [67.4] Main_Back_Left role=cruise state=CRUISE->CRUISE speed=7.50 target=7.50 neighbors=3
obu-ramp-merge-2-1     | [67.3] Ramp_Merge_2 role=cruise state=CRUISE->CRUISE speed=7.50 target=7.50 neighbors=3
obu-main-back-right-1  | [67.4] Main_Back_Right role=cruise state=YIELDING->CRUISE speed=7.44 target=7.50 neighbors=3
obu-merge-car-1        | [68.2] Merge_Car role=cruise state=CRUISE->CRUISE speed=7.50 target=7.50 neighbors=5
obu-ramp-merge-4-1     | [68.2] Ramp_Merge_4 role=cruise state=CRUISE->CRUISE speed=7.45 target=7.50 neighbors=8
obu-ramp-merge-5-1     | [68.2] Ramp_Merge_5 role=cruise state=CRUISE->CRUISE speed=7.41 target=7.50 neighbors=6
obu-ramp-merge-3-1     | [68.2] Ramp_Merge_3 role=cruise state=CRUISE->CRUISE speed=7.47 target=7.50 neighbors=8
obu-ramp-back-1        | [68.2] Ramp_Back role=cruise state=CRUISE->CRUISE speed=7.50 target=7.50 neighbors=7
obu-host-car-1         | [68.3] Host_Car role=cruise state=CRUISE->CRUISE speed=7.50 target=7.50 neighbors=8
obu-main-back-left-1   | [68.5] Main_Back_Left role=cruise state=CRUISE->CRUISE speed=7.50 target=7.50 neighbors=8
obu-merge-car-1        | [69.4] Merge_Car role=cruise state=CRUISE->CRUISE speed=7.50 target=7.50 neighbors=8
obu-ramp-merge-2-1     | [69.6] Ramp_Merge_2 role=cruise state=CRUISE->CRUISE speed=7.50 target=7.50 neighbors=8
obu-main-back-right-1  | [69.4] Main_Back_Right role=cruise state=CRUISE->CRUISE speed=7.47 target=7.50 neighbors=8
obu-ramp-merge-4-1     | [69.6] Ramp_Merge_4 role=cruise state=CRUISE->CRUISE speed=7.46 target=7.50 neighbors=8
obu-ramp-merge-5-1     | [69.6] Ramp_Merge_5 CAR_FOLLOW: sid=110 edge=135424828 lane=0 leader_edge= leader_lane=None leader_role_hint=ramp self_merge_completed=True self_merge_completed_age=28.4 self_merge_committed=False lane_cmd_state=CLEAR lane_cmd_edge=1331698336 lane_cmd_target=1 lane_cmd_executable=False same_lane=True reason=same_lane_cam gap=4.8 follow_spd=2.62 emergency=False target_before=7.5 target_after=7.181590509911859
obu-ramp-merge-5-1     | MERGE_ATTEMPT_TIMELINE: vehicle=Ramp_Merge_5 manoeuvre=130 host=None lead=None event=POST_MERGE_CAR_FOLLOW t=69.6 edge=135424828 lane=0 lane_cmd_state=CLEAR speed=7.43 target=7.18 dtm=201.6 lead_gap= host_gap= lead_gap_t1= lead_gap_t2= lead_gap_t3= host_gap_t1= host_gap_t2= host_gap_t3=
obu-ramp-merge-5-1     | [69.6] Ramp_Merge_5 POST_MERGE_CAR_FOLLOW: age=28.4 sid=110 gap=4.8 reason=same_lane_cam follow_spd=2.62 self_edge=135424828 self_lane=0 leader_edge= leader_lane=None lane_cmd_state=CLEAR
obu-ramp-merge-5-1     | [69.6] Ramp_Merge_5 role=cruise state=CRUISE->YIELDING speed=7.43 target=7.18 neighbors=8
obu-ramp-back-1        | [69.6] Ramp_Back role=cruise state=CRUISE->CRUISE speed=7.50 target=7.50 neighbors=8
obu-main-back-left-1   | [69.5] Main_Back_Left role=cruise state=CRUISE->CRUISE speed=7.50 target=7.50 neighbors=8
obu-ramp-merge-5-1     | [69.8] Ramp_Merge_5 CAR_FOLLOW: sid=110 edge=135424828 lane=0 leader_edge= leader_lane=None leader_role_hint=ramp self_merge_completed=True self_merge_completed_age=28.6 self_merge_committed=False lane_cmd_state=CLEAR lane_cmd_edge=1331698336 lane_cmd_target=1 lane_cmd_executable=False same_lane=True reason=same_lane_cam gap=3.3 follow_spd=2.62 emergency=False target_before=7.5 target_after=7.183716659221179
obu-ramp-merge-5-1     | MERGE_ATTEMPT_TIMELINE: vehicle=Ramp_Merge_5 manoeuvre=130 host=None lead=None event=POST_MERGE_CAR_FOLLOW t=69.8 edge=135424828 lane=0 lane_cmd_state=CLEAR speed=7.43 target=7.18 dtm=203.1 lead_gap= host_gap= lead_gap_t1= lead_gap_t2= lead_gap_t3= host_gap_t1= host_gap_t2= host_gap_t3=
obu-ramp-merge-5-1     | [69.8] Ramp_Merge_5 POST_MERGE_CAR_FOLLOW: age=28.6 sid=110 gap=3.3 reason=same_lane_cam follow_spd=2.62 self_edge=135424828 self_lane=0 leader_edge= leader_lane=None lane_cmd_state=CLEAR
obu-ramp-merge-3-1     | [70.2] Ramp_Merge_3 CAR_FOLLOW: sid=106 edge=135424828 lane=0 leader_edge= leader_lane=None leader_role_hint=main self_merge_completed=True self_merge_completed_age=38.0 self_merge_committed=False lane_cmd_state=CLEAR lane_cmd_edge=1331698336 lane_cmd_target=1 lane_cmd_executable=False same_lane=True reason=same_lane_cam gap=1.1 follow_spd=3.38 emergency=False target_before=7.5 target_after=7.219206782340969
obu-ramp-merge-3-1     | MERGE_ATTEMPT_TIMELINE: vehicle=Ramp_Merge_3 manoeuvre=69 host=None lead=None event=POST_MERGE_CAR_FOLLOW t=70.2 edge=135424828 lane=0 lane_cmd_state=CLEAR speed=7.47 target=7.22 dtm=245.7 lead_gap= host_gap= lead_gap_t1= lead_gap_t2= lead_gap_t3= host_gap_t1= host_gap_t2= host_gap_t3=
obu-ramp-merge-3-1     | [70.2] Ramp_Merge_3 POST_MERGE_CAR_FOLLOW: age=38.0 sid=106 gap=1.1 reason=same_lane_cam follow_spd=3.38 self_edge=135424828 self_lane=0 leader_edge= leader_lane=None lane_cmd_state=CLEAR
obu-ramp-merge-3-1     | [70.2] Ramp_Merge_3 role=cruise state=CRUISE->YIELDING speed=7.47 target=7.22 neighbors=8
obu-ramp-merge-5-1     | [70.1] Ramp_Merge_5 CAR_FOLLOW: sid=110 edge=135424828 lane=0 leader_edge= leader_lane=None leader_role_hint=ramp self_merge_completed=True self_merge_completed_age=28.9 self_merge_committed=False lane_cmd_state=CLEAR lane_cmd_edge=1331698336 lane_cmd_target=1 lane_cmd_executable=False same_lane=True reason=same_lane_cam gap=1.1 follow_spd=3.38 emergency=False target_before=7.5 target_after=7.1477571671759375
obu-ramp-merge-5-1     | MERGE_ATTEMPT_TIMELINE: vehicle=Ramp_Merge_5 manoeuvre=130 host=None lead=None event=POST_MERGE_CAR_FOLLOW t=70.1 edge=135424828 lane=0 lane_cmd_state=CLEAR speed=7.40 target=7.15 dtm=205.3 lead_gap= host_gap= lead_gap_t1= lead_gap_t2= lead_gap_t3= host_gap_t1= host_gap_t2= host_gap_t3=
obu-ramp-merge-5-1     | [70.1] Ramp_Merge_5 POST_MERGE_CAR_FOLLOW: age=28.9 sid=110 gap=1.1 reason=same_lane_cam follow_spd=3.38 self_edge=135424828 self_lane=0 leader_edge= leader_lane=None lane_cmd_state=CLEAR
obu-host-car-1         | [70.2] Host_Car role=cruise state=CRUISE->CRUISE speed=7.50 target=7.50 neighbors=8
obu-main-back-right-1  | [70.3] Main_Back_Right CAR_FOLLOW: sid=105 edge=135424828 lane=0 leader_edge= leader_lane=None leader_role_hint=main self_merge_completed=False self_merge_completed_age=-1.0 self_merge_committed=False lane_cmd_state=None lane_cmd_edge=None lane_cmd_target=None lane_cmd_executable=None same_lane=True reason=same_lane_cam gap=4.6 follow_spd=2.62 emergency=False target_before=7.5 target_after=7.230240393947158
obu-main-back-right-1  | [70.4] Main_Back_Right role=cruise state=YIELDING->CRUISE speed=7.48 target=7.50 neighbors=8
obu-main-back-left-1   | [70.6] Main_Back_Left role=cruise state=CRUISE->CRUISE speed=7.50 target=7.50 neighbors=8
obu-merge-car-1        | [70.6] Merge_Car role=cruise state=CRUISE->CRUISE speed=7.50 target=7.50 neighbors=8
obu-ramp-merge-2-1     | [70.6] Ramp_Merge_2 role=cruise state=CRUISE->CRUISE speed=7.50 target=7.50 neighbors=8
obu-ramp-merge-5-1     | [70.7] Ramp_Merge_5 role=cruise state=CRUISE->CRUISE speed=7.37 target=7.50 neighbors=8
obu-ramp-back-1        | [70.8] Ramp_Back role=cruise state=CRUISE->CRUISE speed=7.50 target=7.50 neighbors=8
obu-ramp-merge-4-1     | [70.7] Ramp_Merge_4 role=cruise state=CRUISE->CRUISE speed=7.46 target=7.50 neighbors=8
obu-ramp-merge-3-1     | [71.4] Ramp_Merge_3 role=cruise state=YIELDING->CRUISE speed=7.37 target=7.50 neighbors=8
obu-host-car-1         | [71.5] Host_Car role=cruise state=CRUISE->CRUISE speed=7.50 target=7.50 neighbors=7
obu-main-back-right-1  | [71.4] Main_Back_Right role=cruise state=CRUISE->CRUISE speed=7.47 target=7.50 neighbors=6
obu-merge-car-1        | [71.6] Merge_Car role=cruise state=CRUISE->CRUISE speed=7.50 target=7.50 neighbors=7
obu-ramp-merge-2-1     | [71.7] Ramp_Merge_2 role=cruise state=CRUISE->CRUISE speed=7.50 target=7.50 neighbors=7
obu-ramp-merge-4-1     | [71.7] Ramp_Merge_4 role=cruise state=CRUISE->CRUISE speed=7.43 target=7.50 neighbors=7
obu-main-back-left-1   | [72.6] Main_Back_Left role=cruise state=CRUISE->CRUISE speed=7.50 target=7.50 neighbors=8
obu-merge-car-1        | [72.6] Merge_Car role=cruise state=CRUISE->CRUISE speed=7.50 target=7.50 neighbors=8
obu-main-back-right-1  | [72.6] Main_Back_Right role=cruise state=CRUISE->CRUISE speed=7.48 target=7.50 neighbors=8
obu-ramp-merge-3-1     | [72.5] Ramp_Merge_3 role=cruise state=CRUISE->CRUISE speed=7.41 target=7.50 neighbors=8
obu-ramp-merge-5-1     | [72.5] Ramp_Merge_5 role=cruise state=CRUISE->CRUISE speed=7.45 target=7.50 neighbors=8
obu-host-car-1         | [72.7] Host_Car role=cruise state=CRUISE->CRUISE speed=7.50 target=7.50 neighbors=8
obu-ramp-back-1        | [72.7] Ramp_Back role=cruise state=CRUISE->CRUISE speed=7.50 target=7.50 neighbors=8
obu-ramp-merge-2-1     | [72.7] Ramp_Merge_2 role=cruise state=CRUISE->CRUISE speed=7.50 target=7.50 neighbors=8
obu-ramp-merge-4-1     | [72.7] Ramp_Merge_4 role=cruise state=CRUISE->CRUISE speed=7.42 target=7.50 neighbors=8
obu-ramp-merge-4-1     | [72.9] Ramp_Merge_4 CAR_FOLLOW: sid=109 edge=135424828 lane=0 leader_edge= leader_lane=None leader_role_hint=ramp self_merge_completed=True self_merge_completed_age=36.4 self_merge_committed=False lane_cmd_state=CLEAR lane_cmd_edge=1331698336 lane_cmd_target=1 lane_cmd_executable=False same_lane=True reason=same_lane_cam gap=4.1 follow_spd=2.62 emergency=False target_before=7.5 target_after=7.172300873659194
obu-ramp-merge-4-1     | MERGE_ATTEMPT_TIMELINE: vehicle=Ramp_Merge_4 manoeuvre=98 host=None lead=None event=POST_MERGE_CAR_FOLLOW t=72.9 edge=135424828 lane=0 lane_cmd_state=CLEAR speed=7.42 target=7.17 dtm=245.9 lead_gap= host_gap= lead_gap_t1= lead_gap_t2= lead_gap_t3= host_gap_t1= host_gap_t2= host_gap_t3=
obu-ramp-merge-4-1     | [72.9] Ramp_Merge_4 POST_MERGE_CAR_FOLLOW: age=36.4 sid=109 gap=4.1 reason=same_lane_cam follow_spd=2.62 self_edge=135424828 self_lane=0 leader_edge= leader_lane=None lane_cmd_state=CLEAR
obu-main-back-right-1  | [73.3] Main_Back_Right CAR_FOLLOW: sid=105 edge=135424828 lane=0 leader_edge= leader_lane=None leader_role_hint=main self_merge_completed=False self_merge_completed_age=-1.0 self_merge_committed=False lane_cmd_state=None lane_cmd_edge=None lane_cmd_target=None lane_cmd_executable=None same_lane=True reason=same_lane_cam gap=2.4 follow_spd=2.62 emergency=False target_before=7.5 target_after=7.2384630436388875
obu-ramp-merge-4-1     | [73.3] Ramp_Merge_4 CAR_FOLLOW: sid=109 edge=135424828 lane=0 leader_edge= leader_lane=None leader_role_hint=ramp self_merge_completed=True self_merge_completed_age=36.8 self_merge_committed=False lane_cmd_state=CLEAR lane_cmd_edge=1331698336 lane_cmd_target=1 lane_cmd_executable=False same_lane=True reason=same_lane_cam gap=1.2 follow_spd=3.38 emergency=False target_before=7.5 target_after=7.174095092993479
obu-ramp-merge-4-1     | MERGE_ATTEMPT_TIMELINE: vehicle=Ramp_Merge_4 manoeuvre=98 host=None lead=None event=POST_MERGE_CAR_FOLLOW t=73.3 edge=135424828 lane=0 lane_cmd_state=CLEAR speed=7.42 target=7.17 dtm=248.9 lead_gap= host_gap= lead_gap_t1= lead_gap_t2= lead_gap_t3= host_gap_t1= host_gap_t2= host_gap_t3=
obu-ramp-merge-4-1     | [73.3] Ramp_Merge_4 POST_MERGE_CAR_FOLLOW: age=36.8 sid=109 gap=1.2 reason=same_lane_cam follow_spd=3.38 self_edge=135424828 self_lane=0 leader_edge= leader_lane=None lane_cmd_state=CLEAR
obu-main-back-left-1   | [73.7] Main_Back_Left role=cruise state=CRUISE->CRUISE speed=7.50 target=7.50 neighbors=8
obu-main-back-right-1  | [73.7] Main_Back_Right role=cruise state=YIELDING->CRUISE speed=7.49 target=7.50 neighbors=8
obu-ramp-merge-3-1     | [73.6] Ramp_Merge_3 role=cruise state=CRUISE->CRUISE speed=7.45 target=7.50 neighbors=8
obu-ramp-merge-5-1     | [73.6] Ramp_Merge_5 role=cruise state=CRUISE->CRUISE speed=7.46 target=7.50 neighbors=8
obu-host-car-1         | [73.7] Host_Car role=cruise state=CRUISE->CRUISE speed=7.50 target=7.50 neighbors=7
obu-ramp-merge-2-1     | [73.8] Ramp_Merge_2 role=cruise state=CRUISE->CRUISE speed=7.50 target=7.50 neighbors=8
obu-ramp-merge-4-1     | [73.8] Ramp_Merge_4 role=cruise state=CRUISE->CRUISE speed=7.38 target=7.50 neighbors=8
obu-ramp-back-1        | [73.9] Ramp_Back role=cruise state=CRUISE->CRUISE speed=7.50 target=7.50 neighbors=8
obu-ramp-merge-3-1     | [74.6] Ramp_Merge_3 role=cruise state=CRUISE->CRUISE speed=7.47 target=7.50 neighbors=8
obu-host-car-1         | [74.8] Host_Car role=cruise state=CRUISE->CRUISE speed=7.50 target=7.50 neighbors=8
obu-main-back-left-1   | [74.7] Main_Back_Left role=cruise state=CRUISE->CRUISE speed=7.50 target=7.50 neighbors=8
obu-main-back-right-1  | [74.7] Main_Back_Right role=cruise state=CRUISE->CRUISE speed=7.48 target=7.50 neighbors=8
obu-ramp-merge-5-1     | [74.7] Ramp_Merge_5 role=cruise state=CRUISE->CRUISE speed=7.44 target=7.50 neighbors=8
obu-ramp-merge-2-1     | [74.9] Ramp_Merge_2 role=cruise state=CRUISE->CRUISE speed=7.50 target=7.50 neighbors=8
obu-ramp-merge-4-1     | [74.9] Ramp_Merge_4 role=cruise state=CRUISE->CRUISE speed=7.42 target=7.50 neighbors=8
obu-ramp-back-1        | [74.9] Ramp_Back role=cruise state=CRUISE->CRUISE speed=7.50 target=7.50 neighbors=8
obu-main-back-right-1  | [75.3] Main_Back_Right CAR_FOLLOW: sid=105 edge=135424828 lane=0 leader_edge= leader_lane=None leader_role_hint=main self_merge_completed=False self_merge_completed_age=-1.0 self_merge_committed=False lane_cmd_state=None lane_cmd_edge=None lane_cmd_target=None lane_cmd_executable=None same_lane=True reason=same_lane_cam gap=4.0 follow_spd=2.62 emergency=False target_before=7.5 target_after=7.233428523158293
obu-ramp-merge-3-1     | [75.3] Ramp_Merge_3 CAR_FOLLOW: sid=106 edge=135424828 lane=0 leader_edge= leader_lane=None leader_role_hint=main self_merge_completed=True self_merge_completed_age=43.1 self_merge_committed=False lane_cmd_state=CLEAR lane_cmd_edge=1331698336 lane_cmd_target=1 lane_cmd_executable=False same_lane=True reason=same_lane_cam gap=4.3 follow_spd=2.62 emergency=False target_before=7.5 target_after=7.22823133606191
obu-ramp-merge-3-1     | MERGE_ATTEMPT_TIMELINE: vehicle=Ramp_Merge_3 manoeuvre=69 host=None lead=None event=POST_MERGE_CAR_FOLLOW t=75.3 edge=135424828 lane=0 lane_cmd_state=CLEAR speed=7.48 target=7.23 dtm=283.5 lead_gap= host_gap= lead_gap_t1= lead_gap_t2= lead_gap_t3= host_gap_t1= host_gap_t2= host_gap_t3=
obu-ramp-merge-3-1     | [75.3] Ramp_Merge_3 POST_MERGE_CAR_FOLLOW: age=43.1 sid=106 gap=4.3 reason=same_lane_cam follow_spd=2.62 self_edge=135424828 self_lane=0 leader_edge= leader_lane=None lane_cmd_state=CLEAR
obu-main-back-left-1   | [75.7] Main_Back_Left role=cruise state=CRUISE->CRUISE speed=7.50 target=7.50 neighbors=1
obu-main-back-right-1  | [75.7] Main_Back_Right role=cruise state=YIELDING->CRUISE speed=7.49 target=7.50 neighbors=7
obu-ramp-merge-3-1     | [75.7] Ramp_Merge_3 role=cruise state=YIELDING->CRUISE speed=7.48 target=7.50 neighbors=7
obu-ramp-merge-5-1     | [75.7] Ramp_Merge_5 role=cruise state=CRUISE->CRUISE speed=7.44 target=7.50 neighbors=7
obu-host-car-1         | [75.9] Host_Car role=cruise state=CRUISE->CRUISE speed=7.50 target=7.50 neighbors=7
obu-ramp-back-1        | [75.9] Ramp_Back role=cruise state=CRUISE->CRUISE speed=7.50 target=7.50 neighbors=7
obu-ramp-merge-5-1     | [76.1] Ramp_Merge_5 CAR_FOLLOW: sid=110 edge=135424828 lane=0 leader_edge= leader_lane=None leader_role_hint=ramp self_merge_completed=True self_merge_completed_age=34.9 self_merge_committed=False lane_cmd_state=CLEAR lane_cmd_edge=1331698336 lane_cmd_target=1 lane_cmd_executable=False same_lane=True reason=same_lane_cam gap=4.9 follow_spd=2.62 emergency=False target_before=7.5 target_after=7.188201120568949
obu-ramp-merge-5-1     | MERGE_ATTEMPT_TIMELINE: vehicle=Ramp_Merge_5 manoeuvre=130 host=None lead=None event=POST_MERGE_CAR_FOLLOW t=76.1 edge=135424828 lane=0 lane_cmd_state=CLEAR speed=7.44 target=7.19 dtm=249.9 lead_gap= host_gap= lead_gap_t1= lead_gap_t2= lead_gap_t3= host_gap_t1= host_gap_t2= host_gap_t3=
obu-ramp-merge-5-1     | [76.1] Ramp_Merge_5 POST_MERGE_CAR_FOLLOW: age=34.9 sid=110 gap=4.9 reason=same_lane_cam follow_spd=2.62 self_edge=135424828 self_lane=0 leader_edge= leader_lane=None lane_cmd_state=CLEAR
obu-ramp-merge-5-1     | [76.5] Ramp_Merge_5 CAR_FOLLOW: sid=110 edge=135424828 lane=0 leader_edge= leader_lane=None leader_role_hint=ramp self_merge_completed=True self_merge_completed_age=35.3 self_merge_committed=False lane_cmd_state=CLEAR lane_cmd_edge=1331698336 lane_cmd_target=1 lane_cmd_executable=False same_lane=True reason=same_lane_cam gap=1.9 follow_spd=3.38 emergency=False target_before=7.5 target_after=7.191733464918574
obu-ramp-merge-5-1     | MERGE_ATTEMPT_TIMELINE: vehicle=Ramp_Merge_5 manoeuvre=130 host=None lead=None event=POST_MERGE_CAR_FOLLOW t=76.5 edge=135424828 lane=0 lane_cmd_state=CLEAR speed=7.44 target=7.19 dtm=252.8 lead_gap= host_gap= lead_gap_t1= lead_gap_t2= lead_gap_t3= host_gap_t1= host_gap_t2= host_gap_t3=
obu-ramp-merge-5-1     | [76.5] Ramp_Merge_5 POST_MERGE_CAR_FOLLOW: age=35.3 sid=110 gap=1.9 reason=same_lane_cam follow_spd=3.38 self_edge=135424828 self_lane=0 leader_edge= leader_lane=None lane_cmd_state=CLEAR
obu-ramp-merge-2-1     | [76.9] Ramp_Merge_2 role=cruise state=CRUISE->CRUISE speed=7.50 target=7.50 neighbors=7
obu-main-back-right-1  | [76.9] Main_Back_Right role=cruise state=CRUISE->CRUISE speed=7.48 target=7.50 neighbors=7
obu-ramp-merge-4-1     | [76.9] Ramp_Merge_4 role=cruise state=CRUISE->CRUISE speed=7.47 target=7.50 neighbors=7
obu-ramp-merge-3-1     | [77.0] Ramp_Merge_3 role=cruise state=CRUISE->CRUISE speed=7.47 target=7.50 neighbors=7
obu-ramp-merge-5-1     | [76.8] Ramp_Merge_5 role=cruise state=YIELDING->CRUISE speed=7.42 target=7.50 neighbors=0
obu-main-back-left-1   | [77.0] Main_Back_Left role=cruise state=CRUISE->CRUISE speed=7.50 target=7.50 neighbors=7
obu-ramp-merge-4-1     | [77.1] Ramp_Merge_4 CAR_FOLLOW: sid=109 edge=135424828 lane=0 leader_edge= leader_lane=None leader_role_hint=ramp self_merge_completed=True self_merge_completed_age=40.6 self_merge_committed=False lane_cmd_state=CLEAR lane_cmd_edge=1331698336 lane_cmd_target=1 lane_cmd_executable=False same_lane=True reason=same_lane_cam gap=4.9 follow_spd=2.62 emergency=False target_before=7.5 target_after=7.2244022460566
obu-ramp-merge-4-1     | MERGE_ATTEMPT_TIMELINE: vehicle=Ramp_Merge_4 manoeuvre=98 host=None lead=None event=POST_MERGE_CAR_FOLLOW t=77.1 edge=135424828 lane=0 lane_cmd_state=CLEAR speed=7.47 target=7.22 dtm=277.1 lead_gap= host_gap= lead_gap_t1= lead_gap_t2= lead_gap_t3= host_gap_t1= host_gap_t2= host_gap_t3=
obu-ramp-merge-4-1     | [77.1] Ramp_Merge_4 POST_MERGE_CAR_FOLLOW: age=40.6 sid=109 gap=4.9 reason=same_lane_cam follow_spd=2.62 self_edge=135424828 self_lane=0 leader_edge= leader_lane=None lane_cmd_state=CLEAR
obu-host-car-1         | [77.1] Host_Car role=cruise state=CRUISE->CRUISE speed=7.50 target=7.50 neighbors=7
obu-ramp-merge-5-1     | [77.1] Ramp_Merge_5 CAR_FOLLOW: sid=110 edge=135424828 lane=0 leader_edge= leader_lane=None leader_role_hint=ramp self_merge_completed=True self_merge_completed_age=35.9 self_merge_committed=False lane_cmd_state=CLEAR lane_cmd_edge=1331698336 lane_cmd_target=1 lane_cmd_executable=False same_lane=True reason=same_lane_cam gap=4.9 follow_spd=2.62 emergency=False target_before=7.5 target_after=7.135476276475168
obu-ramp-merge-5-1     | MERGE_ATTEMPT_TIMELINE: vehicle=Ramp_Merge_5 manoeuvre=130 host=None lead=None event=POST_MERGE_CAR_FOLLOW t=77.1 edge=135424828 lane=0 lane_cmd_state=CLEAR speed=7.39 target=7.14 dtm=257.3 lead_gap= host_gap= lead_gap_t1= lead_gap_t2= lead_gap_t3= host_gap_t1= host_gap_t2= host_gap_t3=
obu-ramp-merge-5-1     | [77.1] Ramp_Merge_5 POST_MERGE_CAR_FOLLOW: age=35.9 sid=110 gap=4.9 reason=same_lane_cam follow_spd=2.62 self_edge=135424828 self_lane=0 leader_edge= leader_lane=None lane_cmd_state=CLEAR
obu-ramp-back-1        | [77.1] Ramp_Back role=cruise state=CRUISE->CRUISE speed=7.50 target=7.50 neighbors=7
obu-main-back-right-1  | [77.5] Main_Back_Right CAR_FOLLOW: sid=105 edge=135424828 lane=0 leader_edge= leader_lane=None leader_role_hint=main self_merge_completed=False self_merge_completed_age=-1.0 self_merge_committed=False lane_cmd_state=None lane_cmd_edge=None lane_cmd_target=None lane_cmd_executable=None same_lane=True reason=same_lane_cam gap=2.5 follow_spd=2.62 emergency=False target_before=7.5 target_after=7.23319936278611
obu-ramp-merge-4-1     | [77.5] Ramp_Merge_4 CAR_FOLLOW: sid=109 edge=135424828 lane=0 leader_edge= leader_lane=None leader_role_hint=ramp self_merge_completed=True self_merge_completed_age=41.0 self_merge_committed=False lane_cmd_state=CLEAR lane_cmd_edge=1331698336 lane_cmd_target=1 lane_cmd_executable=False same_lane=True reason=same_lane_cam gap=1.9 follow_spd=3.38 emergency=False target_before=7.5 target_after=7.2245733287248886
obu-ramp-merge-4-1     | MERGE_ATTEMPT_TIMELINE: vehicle=Ramp_Merge_4 manoeuvre=98 host=None lead=None event=POST_MERGE_CAR_FOLLOW t=77.5 edge=135424828 lane=0 lane_cmd_state=CLEAR speed=7.47 target=7.22 dtm=280.1 lead_gap= host_gap= lead_gap_t1= lead_gap_t2= lead_gap_t3= host_gap_t1= host_gap_t2= host_gap_t3=
obu-ramp-merge-4-1     | [77.5] Ramp_Merge_4 POST_MERGE_CAR_FOLLOW: age=41.0 sid=109 gap=1.9 reason=same_lane_cam follow_spd=3.38 self_edge=135424828 self_lane=0 leader_edge= leader_lane=None lane_cmd_state=CLEAR
obu-ramp-merge-5-1     | [77.5] Ramp_Merge_5 CAR_FOLLOW: sid=110 edge=135424828 lane=0 leader_edge= leader_lane=None leader_role_hint=ramp self_merge_completed=True self_merge_completed_age=36.3 self_merge_committed=False lane_cmd_state=CLEAR lane_cmd_edge=1331698336 lane_cmd_target=1 lane_cmd_executable=False same_lane=True reason=same_lane_cam gap=1.9 follow_spd=3.38 emergency=False target_before=7.5 target_after=7.14350471038998
obu-ramp-merge-5-1     | MERGE_ATTEMPT_TIMELINE: vehicle=Ramp_Merge_5 manoeuvre=130 host=None lead=None event=POST_MERGE_CAR_FOLLOW t=77.5 edge=135424828 lane=0 lane_cmd_state=CLEAR speed=7.39 target=7.14 dtm=260.2 lead_gap= host_gap= lead_gap_t1= lead_gap_t2= lead_gap_t3= host_gap_t1= host_gap_t2= host_gap_t3=
obu-ramp-merge-5-1     | [77.5] Ramp_Merge_5 POST_MERGE_CAR_FOLLOW: age=36.3 sid=110 gap=1.9 reason=same_lane_cam follow_spd=3.38 self_edge=135424828 self_lane=0 leader_edge= leader_lane=None lane_cmd_state=CLEAR
obu-main-back-right-1  | [77.7] Main_Back_Right CAR_FOLLOW: sid=105 edge=135424828 lane=0 leader_edge= leader_lane=None leader_role_hint=main self_merge_completed=False self_merge_completed_age=-1.0 self_merge_committed=False lane_cmd_state=None lane_cmd_edge=None lane_cmd_target=None lane_cmd_executable=None same_lane=True reason=same_lane_cam gap=1.0 follow_spd=2.62 emergency=False target_before=7.5 target_after=7.234837424914465
obu-ramp-merge-5-1     | [77.7] Ramp_Merge_5 CAR_FOLLOW: sid=110 edge=135424828 lane=0 leader_edge= leader_lane=None leader_role_hint=ramp self_merge_completed=True self_merge_completed_age=36.5 self_merge_committed=False lane_cmd_state=CLEAR lane_cmd_edge=1331698336 lane_cmd_target=1 lane_cmd_executable=False same_lane=True reason=same_lane_cam gap=0.4 follow_spd=3.38 emergency=False target_before=7.5 target_after=7.118346938083286
obu-ramp-merge-5-1     | MERGE_ATTEMPT_TIMELINE: vehicle=Ramp_Merge_5 manoeuvre=130 host=None lead=None event=POST_MERGE_CAR_FOLLOW t=77.7 edge=135424828 lane=0 lane_cmd_state=CLEAR speed=7.37 target=7.12 dtm=261.7 lead_gap= host_gap= lead_gap_t1= lead_gap_t2= lead_gap_t3= host_gap_t1= host_gap_t2= host_gap_t3=
obu-ramp-merge-5-1     | [77.7] Ramp_Merge_5 POST_MERGE_CAR_FOLLOW: age=36.5 sid=110 gap=0.4 reason=same_lane_cam follow_spd=3.38 self_edge=135424828 self_lane=0 leader_edge= leader_lane=None lane_cmd_state=CLEAR
obu-ramp-merge-2-1     | [78.3] Ramp_Merge_2 role=cruise state=CRUISE->CRUISE speed=7.50 target=7.50 neighbors=3
obu-main-back-right-1  | [78.3] Main_Back_Right role=cruise state=YIELDING->CRUISE speed=7.43 target=7.50 neighbors=6
obu-ramp-merge-4-1     | [78.2] Ramp_Merge_4 role=cruise state=CRUISE->CRUISE speed=7.41 target=7.50 neighbors=7
obu-ramp-merge-3-1     | [78.3] Ramp_Merge_3 role=cruise state=CRUISE->CRUISE speed=7.48 target=7.50 neighbors=6
obu-ramp-back-1        | [78.2] Ramp_Back role=cruise state=CRUISE->CRUISE speed=7.50 target=7.50 neighbors=7
obu-ramp-merge-5-1     | [78.2] Ramp_Merge_5 role=cruise state=YIELDING->CRUISE speed=7.32 target=7.50 neighbors=7
obu-main-back-left-1   | [78.3] Main_Back_Left role=cruise state=CRUISE->CRUISE speed=7.50 target=7.50 neighbors=7
obu-ramp-merge-3-1     | [78.7] Ramp_Merge_3 CAR_FOLLOW: sid=106 edge=135424828 lane=0 leader_edge= leader_lane=None leader_role_hint=main self_merge_completed=True self_merge_completed_age=46.5 self_merge_committed=False lane_cmd_state=CLEAR lane_cmd_edge=1331698336 lane_cmd_target=1 lane_cmd_executable=False same_lane=True reason=same_lane_cam gap=2.9 follow_spd=3.38 emergency=False target_before=7.5 target_after=7.236490713025963
obu-ramp-merge-3-1     | MERGE_ATTEMPT_TIMELINE: vehicle=Ramp_Merge_3 manoeuvre=69 host=None lead=None event=POST_MERGE_CAR_FOLLOW t=78.7 edge=135424828 lane=0 lane_cmd_state=CLEAR speed=7.49 target=7.24 dtm=308.9 lead_gap= host_gap= lead_gap_t1= lead_gap_t2= lead_gap_t3= host_gap_t1= host_gap_t2= host_gap_t3=
obu-ramp-merge-3-1     | [78.7] Ramp_Merge_3 POST_MERGE_CAR_FOLLOW: age=46.5 sid=106 gap=2.9 reason=same_lane_cam follow_spd=3.38 self_edge=135424828 self_lane=0 leader_edge= leader_lane=None lane_cmd_state=CLEAR
obu-ramp-merge-3-1     | [79.0] Ramp_Merge_3 CAR_FOLLOW: sid=106 edge=135424828 lane=0 leader_edge= leader_lane=None leader_role_hint=main self_merge_completed=True self_merge_completed_age=46.8 self_merge_committed=False lane_cmd_state=CLEAR lane_cmd_edge=1331698336 lane_cmd_target=1 lane_cmd_executable=False same_lane=True reason=same_lane_cam gap=0.6 follow_spd=3.38 emergency=False target_before=7.5 target_after=7.2384174750806345
obu-ramp-merge-3-1     | MERGE_ATTEMPT_TIMELINE: vehicle=Ramp_Merge_3 manoeuvre=69 host=None lead=None event=POST_MERGE_CAR_FOLLOW t=79.0 edge=135424828 lane=0 lane_cmd_state=CLEAR speed=7.49 target=7.24 dtm=311.1 lead_gap= host_gap= lead_gap_t1= lead_gap_t2= lead_gap_t3= host_gap_t1= host_gap_t2= host_gap_t3=
obu-ramp-merge-3-1     | [79.0] Ramp_Merge_3 POST_MERGE_CAR_FOLLOW: age=46.8 sid=106 gap=0.6 reason=same_lane_cam follow_spd=3.38 self_edge=135424828 self_lane=0 leader_edge= leader_lane=None lane_cmd_state=CLEAR
obu-ramp-merge-2-1     | [79.5] Ramp_Merge_2 role=cruise state=CRUISE->CRUISE speed=7.50 target=7.50 neighbors=0
obu-main-back-right-1  | [79.4] Main_Back_Right role=cruise state=CRUISE->CRUISE speed=7.44 target=7.50 neighbors=0
obu-ramp-merge-3-1     | [79.6] Ramp_Merge_3 role=cruise state=YIELDING->CRUISE speed=7.43 target=7.50 neighbors=0
obu-ramp-back-1        | [79.7] Ramp_Back role=cruise state=CRUISE->CRUISE speed=7.50 target=7.50 neighbors=6
obu-ramp-merge-5-1     | [79.7] Ramp_Merge_5 CAR_FOLLOW: sid=110 edge=135424828 lane=0 leader_edge= leader_lane=None leader_role_hint=ramp self_merge_completed=True self_merge_completed_age=38.5 self_merge_committed=False lane_cmd_state=CLEAR lane_cmd_edge=1331698336 lane_cmd_target=1 lane_cmd_executable=False same_lane=True reason=same_lane_cam gap=4.4 follow_spd=2.62 emergency=False target_before=7.5 target_after=7.135717138308731
obu-ramp-merge-5-1     | MERGE_ATTEMPT_TIMELINE: vehicle=Ramp_Merge_5 manoeuvre=130 host=None lead=None event=POST_MERGE_CAR_FOLLOW t=79.7 edge=135424828 lane=0 lane_cmd_state=CLEAR speed=7.39 target=7.14 dtm=276.4 lead_gap= host_gap= lead_gap_t1= lead_gap_t2= lead_gap_t3= host_gap_t1= host_gap_t2= host_gap_t3=
obu-ramp-merge-5-1     | [79.7] Ramp_Merge_5 POST_MERGE_CAR_FOLLOW: age=38.5 sid=110 gap=4.4 reason=same_lane_cam follow_spd=2.62 self_edge=135424828 self_lane=0 leader_edge= leader_lane=None lane_cmd_state=CLEAR
obu-ramp-merge-5-1     | [79.7] Ramp_Merge_5 role=cruise state=CRUISE->YIELDING speed=7.39 target=7.14 neighbors=6
obu-main-back-left-1   | [79.7] Main_Back_Left role=cruise state=CRUISE->CRUISE speed=7.50 target=7.50 neighbors=6
obu-ramp-merge-4-1     | [79.7] Ramp_Merge_4 role=cruise state=CRUISE->CRUISE speed=7.46 target=7.50 neighbors=5
obu-main-back-right-1  | [80.4] Main_Back_Right CAR_FOLLOW: sid=105 edge=135424828 lane=0 leader_edge= leader_lane=None leader_role_hint=main self_merge_completed=False self_merge_completed_age=-1.0 self_merge_committed=False lane_cmd_state=None lane_cmd_edge=None lane_cmd_target=None lane_cmd_executable=None same_lane=True reason=same_lane_cam gap=3.4 follow_spd=2.62 emergency=False target_before=7.5 target_after=7.215947945453209
obu-main-back-right-1  | [80.4] Main_Back_Right role=cruise state=CRUISE->YIELDING speed=7.47 target=7.22 neighbors=6
obu-ramp-merge-2-1     | [80.8] Ramp_Merge_2 role=cruise state=CRUISE->CRUISE speed=7.50 target=7.50 neighbors=0
obu-ramp-merge-4-1     | [80.7] Ramp_Merge_4 CAR_FOLLOW: sid=109 edge=135424828 lane=0 leader_edge= leader_lane=None leader_role_hint=ramp self_merge_completed=True self_merge_completed_age=44.2 self_merge_committed=False lane_cmd_state=CLEAR lane_cmd_edge=1331698336 lane_cmd_target=1 lane_cmd_executable=False same_lane=True reason=same_lane_cam gap=2.8 follow_spd=3.38 emergency=False target_before=7.5 target_after=7.2258418957042485
obu-ramp-merge-4-1     | MERGE_ATTEMPT_TIMELINE: vehicle=Ramp_Merge_4 manoeuvre=98 host=None lead=None event=POST_MERGE_CAR_FOLLOW t=80.7 edge=135424828 lane=0 lane_cmd_state=CLEAR speed=7.48 target=7.23 dtm=303.9 lead_gap= host_gap= lead_gap_t1= lead_gap_t2= lead_gap_t3= host_gap_t1= host_gap_t2= host_gap_t3=
obu-ramp-merge-4-1     | [80.7] Ramp_Merge_4 POST_MERGE_CAR_FOLLOW: age=44.2 sid=109 gap=2.8 reason=same_lane_cam follow_spd=3.38 self_edge=135424828 self_lane=0 leader_edge= leader_lane=None lane_cmd_state=CLEAR
obu-ramp-merge-4-1     | [80.7] Ramp_Merge_4 role=cruise state=CRUISE->YIELDING speed=7.48 target=7.23 neighbors=6
obu-ramp-merge-3-1     | [80.8] Ramp_Merge_3 role=cruise state=CRUISE->CRUISE speed=7.44 target=7.50 neighbors=0
obu-ramp-merge-5-1     | [80.5] Ramp_Merge_5 CAR_FOLLOW: sid=110 edge=135424828 lane=0 leader_edge= leader_lane=None leader_role_hint=ramp self_merge_completed=True self_merge_completed_age=39.3 self_merge_committed=False lane_cmd_state=CLEAR lane_cmd_edge=1331698336 lane_cmd_target=1 lane_cmd_executable=False same_lane=True reason=same_lane_cam gap=0.0 follow_spd=3.38 emergency=False target_before=7.5 target_after=7.077680930439482
obu-ramp-merge-5-1     | MERGE_ATTEMPT_TIMELINE: vehicle=Ramp_Merge_5 manoeuvre=130 host=None lead=None event=POST_MERGE_CAR_FOLLOW t=80.5 edge=135424828 lane=0 lane_cmd_state=CLEAR speed=7.33 target=7.08 dtm=282.3 lead_gap= host_gap= lead_gap_t1= lead_gap_t2= lead_gap_t3= host_gap_t1= host_gap_t2= host_gap_t3=
obu-ramp-merge-5-1     | [80.5] Ramp_Merge_5 POST_MERGE_CAR_FOLLOW: age=39.3 sid=110 gap=0.0 reason=same_lane_cam follow_spd=3.38 self_edge=135424828 self_lane=0 leader_edge= leader_lane=None lane_cmd_state=CLEAR
obu-main-back-left-1   | [81.1] Main_Back_Left role=cruise state=CRUISE->CRUISE speed=7.50 target=7.50 neighbors=6
obu-ramp-merge-4-1     | [81.1] Ramp_Merge_4 CAR_FOLLOW: sid=109 edge=135424828 lane=0 leader_edge= leader_lane=None leader_role_hint=ramp self_merge_completed=True self_merge_completed_age=44.6 self_merge_committed=False lane_cmd_state=CLEAR lane_cmd_edge=1331698336 lane_cmd_target=1 lane_cmd_executable=False same_lane=True reason=same_lane_cam gap=4.2 follow_spd=2.62 emergency=False target_before=7.5 target_after=7.230323073062959
obu-ramp-merge-4-1     | MERGE_ATTEMPT_TIMELINE: vehicle=Ramp_Merge_4 manoeuvre=98 host=None lead=None event=POST_MERGE_CAR_FOLLOW t=81.1 edge=135424828 lane=0 lane_cmd_state=CLEAR speed=7.48 target=7.23 dtm=306.9 lead_gap= host_gap= lead_gap_t1= lead_gap_t2= lead_gap_t3= host_gap_t1= host_gap_t2= host_gap_t3=
obu-ramp-merge-4-1     | [81.1] Ramp_Merge_4 POST_MERGE_CAR_FOLLOW: age=44.6 sid=109 gap=4.2 reason=same_lane_cam follow_spd=2.62 self_edge=135424828 self_lane=0 leader_edge= leader_lane=None lane_cmd_state=CLEAR
obu-ramp-back-1        | [81.1] Ramp_Back role=cruise state=CRUISE->CRUISE speed=7.50 target=7.50 neighbors=6
obu-ramp-merge-5-1     | [81.1] Ramp_Merge_5 role=cruise state=YIELDING->CRUISE speed=7.28 target=7.50 neighbors=6
obu-main-back-right-1  | [81.4] Main_Back_Right role=cruise state=CRUISE->CRUISE speed=7.43 target=7.50 neighbors=6
obu-ramp-merge-4-1     | [82.0] Ramp_Merge_4 role=cruise state=CRUISE->CRUISE speed=7.41 target=7.50 neighbors=6
obu-ramp-merge-3-1     | [82.0] Ramp_Merge_3 CAR_FOLLOW: sid=106 edge=135424828 lane=0 leader_edge= leader_lane=None leader_role_hint=main self_merge_completed=True self_merge_completed_age=49.8 self_merge_committed=False lane_cmd_state=CLEAR lane_cmd_edge=1331698336 lane_cmd_target=1 lane_cmd_executable=False same_lane=True reason=same_lane_cam gap=4.4 follow_spd=2.62 emergency=False target_before=7.5 target_after=7.217430620678072
obu-ramp-merge-3-1     | MERGE_ATTEMPT_TIMELINE: vehicle=Ramp_Merge_3 manoeuvre=69 host=None lead=None event=POST_MERGE_CAR_FOLLOW t=82.0 edge=135424828 lane=0 lane_cmd_state=CLEAR speed=7.47 target=7.22 dtm=333.4 lead_gap= host_gap= lead_gap_t1= lead_gap_t2= lead_gap_t3= host_gap_t1= host_gap_t2= host_gap_t3=
obu-ramp-merge-3-1     | [82.0] Ramp_Merge_3 POST_MERGE_CAR_FOLLOW: age=49.8 sid=106 gap=4.4 reason=same_lane_cam follow_spd=2.62 self_edge=135424828 self_lane=0 leader_edge= leader_lane=None lane_cmd_state=CLEAR
obu-ramp-merge-3-1     | [82.0] Ramp_Merge_3 role=cruise state=CRUISE->YIELDING speed=7.47 target=7.22 neighbors=5
obu-ramp-back-1        | [82.1] Ramp_Back role=cruise state=CRUISE->CRUISE speed=7.50 target=7.50 neighbors=0
obu-ramp-merge-5-1     | [82.3] Ramp_Merge_5 role=cruise state=CRUISE->CRUISE speed=7.33 target=7.50 neighbors=0
obu-main-back-left-1   | [82.6] Main_Back_Left role=cruise state=CRUISE->CRUISE speed=7.50 target=7.50 neighbors=5
obu-main-back-right-1  | [82.6] Main_Back_Right role=cruise state=CRUISE->CRUISE speed=7.46 target=7.50 neighbors=6
obu-ramp-merge-5-1     | [82.8] Ramp_Merge_5 CAR_FOLLOW: sid=110 edge=135424828 lane=0 leader_edge= leader_lane=None leader_role_hint=ramp self_merge_completed=True self_merge_completed_age=41.6 self_merge_committed=False lane_cmd_state=CLEAR lane_cmd_edge=1331698336 lane_cmd_target=1 lane_cmd_executable=False same_lane=True reason=same_lane_cam gap=4.8 follow_spd=2.62 emergency=False target_before=7.5 target_after=7.1190949050266195
obu-ramp-merge-5-1     | MERGE_ATTEMPT_TIMELINE: vehicle=Ramp_Merge_5 manoeuvre=130 host=None lead=None event=POST_MERGE_CAR_FOLLOW t=82.8 edge=135424828 lane=0 lane_cmd_state=CLEAR speed=7.37 target=7.12 dtm=299.0 lead_gap= host_gap= lead_gap_t1= lead_gap_t2= lead_gap_t3= host_gap_t1= host_gap_t2= host_gap_t3=
obu-ramp-merge-5-1     | [82.8] Ramp_Merge_5 POST_MERGE_CAR_FOLLOW: age=41.6 sid=110 gap=4.8 reason=same_lane_cam follow_spd=2.62 self_edge=135424828 self_lane=0 leader_edge= leader_lane=None lane_cmd_state=CLEAR
obu-main-back-right-1  | [83.1] Main_Back_Right CAR_FOLLOW: sid=105 edge=135424828 lane=0 leader_edge= leader_lane=None leader_role_hint=main self_merge_completed=False self_merge_completed_age=-1.0 self_merge_committed=False lane_cmd_state=None lane_cmd_edge=None lane_cmd_target=None lane_cmd_executable=None same_lane=True reason=same_lane_cam gap=2.0 follow_spd=2.62 emergency=False target_before=7.5 target_after=7.221592553066195
obu-ramp-merge-4-1     | [83.0] Ramp_Merge_4 CAR_FOLLOW: sid=109 edge=135424828 lane=0 leader_edge= leader_lane=None leader_role_hint=ramp self_merge_completed=True self_merge_completed_age=46.5 self_merge_committed=False lane_cmd_state=CLEAR lane_cmd_edge=1331698336 lane_cmd_target=1 lane_cmd_executable=False same_lane=True reason=same_lane_cam gap=5.0 follow_spd=2.62 emergency=False target_before=7.5 target_after=7.195529291811888
obu-ramp-merge-4-1     | MERGE_ATTEMPT_TIMELINE: vehicle=Ramp_Merge_4 manoeuvre=98 host=None lead=None event=POST_MERGE_CAR_FOLLOW t=83.0 edge=135424828 lane=0 lane_cmd_state=CLEAR speed=7.45 target=7.20 dtm=321.0 lead_gap= host_gap= lead_gap_t1= lead_gap_t2= lead_gap_t3= host_gap_t1= host_gap_t2= host_gap_t3=
obu-ramp-merge-4-1     | [83.0] Ramp_Merge_4 POST_MERGE_CAR_FOLLOW: age=46.5 sid=109 gap=5.0 reason=same_lane_cam follow_spd=2.62 self_edge=135424828 self_lane=0 leader_edge= leader_lane=None lane_cmd_state=CLEAR
obu-ramp-merge-4-1     | [83.0] Ramp_Merge_4 role=cruise state=CRUISE->YIELDING speed=7.45 target=7.20 neighbors=6
obu-ramp-merge-3-1     | [83.1] Ramp_Merge_3 role=cruise state=CRUISE->CRUISE speed=7.45 target=7.50 neighbors=6
obu-ramp-merge-5-1     | [83.0] Ramp_Merge_5 CAR_FOLLOW: sid=110 edge=135424828 lane=0 leader_edge= leader_lane=None leader_role_hint=ramp self_merge_completed=True self_merge_completed_age=41.8 self_merge_committed=False lane_cmd_state=CLEAR lane_cmd_edge=1331698336 lane_cmd_target=1 lane_cmd_executable=False same_lane=True reason=same_lane_cam gap=3.4 follow_spd=2.62 emergency=False target_before=7.5 target_after=7.131858151786524
obu-ramp-merge-5-1     | MERGE_ATTEMPT_TIMELINE: vehicle=Ramp_Merge_5 manoeuvre=130 host=None lead=None event=POST_MERGE_CAR_FOLLOW t=83.0 edge=135424828 lane=0 lane_cmd_state=CLEAR speed=7.38 target=7.13 dtm=300.5 lead_gap= host_gap= lead_gap_t1= lead_gap_t2= lead_gap_t3= host_gap_t1= host_gap_t2= host_gap_t3=
obu-ramp-merge-5-1     | [83.0] Ramp_Merge_5 POST_MERGE_CAR_FOLLOW: age=41.8 sid=110 gap=3.4 reason=same_lane_cam follow_spd=2.62 self_edge=135424828 self_lane=0 leader_edge= leader_lane=None lane_cmd_state=CLEAR
obu-ramp-back-1        | [83.1] Ramp_Back role=cruise state=CRUISE->CRUISE speed=7.50 target=7.50 neighbors=6
obu-main-back-right-1  | [83.4] Main_Back_Right CAR_FOLLOW: sid=105 edge=135424828 lane=0 leader_edge= leader_lane=None leader_role_hint=main self_merge_completed=False self_merge_completed_age=-1.0 self_merge_committed=False lane_cmd_state=None lane_cmd_edge=None lane_cmd_target=None lane_cmd_executable=None same_lane=True reason=same_lane_cam gap=0.0 follow_spd=2.62 emergency=False target_before=7.5 target_after=7.225644165185128
obu-ramp-merge-3-1     | [83.6] Ramp_Merge_3 CAR_FOLLOW: sid=106 edge=135424828 lane=0 leader_edge= leader_lane=None leader_role_hint=main self_merge_completed=True self_merge_completed_age=51.4 self_merge_committed=False lane_cmd_state=CLEAR lane_cmd_edge=1331698336 lane_cmd_target=1 lane_cmd_executable=False same_lane=True reason=same_lane_cam gap=4.3 follow_spd=2.62 emergency=False target_before=7.5 target_after=7.20752133656212
obu-ramp-merge-3-1     | MERGE_ATTEMPT_TIMELINE: vehicle=Ramp_Merge_3 manoeuvre=69 host=None lead=None event=POST_MERGE_CAR_FOLLOW t=83.6 edge=135424828 lane=0 lane_cmd_state=CLEAR speed=7.46 target=7.21 dtm=345.3 lead_gap= host_gap= lead_gap_t1= lead_gap_t2= lead_gap_t3= host_gap_t1= host_gap_t2= host_gap_t3=
obu-ramp-merge-3-1     | [83.6] Ramp_Merge_3 POST_MERGE_CAR_FOLLOW: age=51.4 sid=106 gap=4.3 reason=same_lane_cam follow_spd=2.62 self_edge=135424828 self_lane=0 leader_edge= leader_lane=None lane_cmd_state=CLEAR
obu-ramp-merge-5-1     | [83.6] Ramp_Merge_5 role=cruise state=YIELDING->CRUISE speed=7.36 target=7.50 neighbors=0
obu-main-back-right-1  | [84.2] Main_Back_Right CAR_FOLLOW: sid=105 edge=135424828 lane=0 leader_edge= leader_lane=None leader_role_hint=main self_merge_completed=False self_merge_completed_age=-1.0 self_merge_committed=False lane_cmd_state=None lane_cmd_edge=None lane_cmd_target=None lane_cmd_executable=None same_lane=True reason=same_lane_cam gap=4.3 follow_spd=2.62 emergency=False target_before=7.5 target_after=7.171063350530275
obu-main-back-right-1  | [84.2] Main_Back_Right role=cruise state=YIELDING->YIELDING speed=7.42 target=7.17 neighbors=5
obu-ramp-merge-4-1     | [84.2] Ramp_Merge_4 role=cruise state=CRUISE->CRUISE speed=7.42 target=7.50 neighbors=5
obu-ramp-merge-3-1     | [84.2] Ramp_Merge_3 role=cruise state=YIELDING->CRUISE speed=7.45 target=7.50 neighbors=5
obu-ramp-back-1        | [84.2] Ramp_Back role=cruise state=CRUISE->CRUISE speed=7.50 target=7.50 neighbors=5
obu-main-back-left-1   | [84.4] Main_Back_Left role=cruise state=CRUISE->CRUISE speed=7.50 target=7.50 neighbors=5
obu-main-back-right-1  | [84.4] Main_Back_Right CAR_FOLLOW: sid=105 edge=135424828 lane=0 leader_edge= leader_lane=None leader_role_hint=main self_merge_completed=False self_merge_completed_age=-1.0 self_merge_committed=False lane_cmd_state=None lane_cmd_edge=None lane_cmd_target=None lane_cmd_executable=None same_lane=True reason=same_lane_cam gap=2.9 follow_spd=2.62 emergency=False target_before=7.5 target_after=7.152009979959123
obu-main-back-right-1  | [84.6] Main_Back_Right CAR_FOLLOW: sid=105 edge=135424828 lane=0 leader_edge= leader_lane=None leader_role_hint=main self_merge_completed=False self_merge_completed_age=-1.0 self_merge_committed=False lane_cmd_state=None lane_cmd_edge=None lane_cmd_target=None lane_cmd_executable=None same_lane=True reason=same_lane_cam gap=1.4 follow_spd=2.62 emergency=False target_before=7.5 target_after=7.1320852722859165
obu-ramp-merge-5-1     | [85.0] Ramp_Merge_5 role=cruise state=CRUISE->CRUISE speed=7.38 target=7.50 neighbors=5
obu-main-back-right-1  | [85.1] Main_Back_Right CAR_FOLLOW: sid=105 edge=135424828 lane=0 leader_edge= leader_lane=None leader_role_hint=main self_merge_completed=False self_merge_completed_age=-1.0 self_merge_committed=False lane_cmd_state=None lane_cmd_edge=None lane_cmd_target=None lane_cmd_executable=None same_lane=True reason=same_lane_cam gap=0.0 follow_spd=2.62 emergency=False target_before=7.5 target_after=7.081630604001697
obu-ramp-merge-3-1     | [85.1] Ramp_Merge_3 CAR_FOLLOW: sid=106 edge=135424828 lane=0 leader_edge= leader_lane=None leader_role_hint=main self_merge_completed=True self_merge_completed_age=52.9 self_merge_committed=False lane_cmd_state=CLEAR lane_cmd_edge=1331698336 lane_cmd_target=1 lane_cmd_executable=False same_lane=True reason=same_lane_cam gap=3.6 follow_spd=2.62 emergency=False target_before=7.5 target_after=7.190439093825628
obu-ramp-merge-3-1     | MERGE_ATTEMPT_TIMELINE: vehicle=Ramp_Merge_3 manoeuvre=69 host=None lead=None event=POST_MERGE_CAR_FOLLOW t=85.1 edge=135424828 lane=0 lane_cmd_state=CLEAR speed=7.44 target=7.19 dtm=356.5 lead_gap= host_gap= lead_gap_t1= lead_gap_t2= lead_gap_t3= host_gap_t1= host_gap_t2= host_gap_t3=
obu-ramp-merge-3-1     | [85.1] Ramp_Merge_3 POST_MERGE_CAR_FOLLOW: age=52.9 sid=106 gap=3.6 reason=same_lane_cam follow_spd=2.62 self_edge=135424828 self_lane=0 leader_edge= leader_lane=None lane_cmd_state=CLEAR
obu-ramp-back-1        | [85.2] Ramp_Back role=cruise state=CRUISE->CRUISE speed=7.50 target=7.50 neighbors=0
obu-main-back-right-1  | [85.5] Main_Back_Right role=cruise state=YIELDING->CRUISE speed=7.30 target=7.50 neighbors=0
obu-ramp-merge-3-1     | [85.5] Ramp_Merge_3 role=cruise state=YIELDING->CRUISE speed=7.45 target=7.50 neighbors=0
obu-main-back-left-1   | [85.8] Main_Back_Left role=cruise state=CRUISE->CRUISE speed=7.50 target=7.50 neighbors=5
obu-ramp-merge-4-1     | [86.1] Ramp_Merge_4 role=cruise state=CRUISE->CRUISE speed=7.47 target=7.50 neighbors=5
obu-ramp-merge-5-1     | [86.0] Ramp_Merge_5 CAR_FOLLOW: sid=110 edge=135424828 lane=0 leader_edge= leader_lane=None leader_role_hint=ramp self_merge_completed=True self_merge_completed_age=44.8 self_merge_committed=False lane_cmd_state=CLEAR lane_cmd_edge=1331698336 lane_cmd_target=1 lane_cmd_executable=False same_lane=True reason=same_lane_cam gap=2.8 follow_spd=3.38 emergency=False target_before=7.5 target_after=7.1771569947954115
obu-ramp-merge-5-1     | MERGE_ATTEMPT_TIMELINE: vehicle=Ramp_Merge_5 manoeuvre=130 host=None lead=None event=POST_MERGE_CAR_FOLLOW t=86.0 edge=135424828 lane=0 lane_cmd_state=CLEAR speed=7.43 target=7.18 dtm=322.6 lead_gap= host_gap= lead_gap_t1= lead_gap_t2= lead_gap_t3= host_gap_t1= host_gap_t2= host_gap_t3=
obu-ramp-merge-5-1     | [86.0] Ramp_Merge_5 POST_MERGE_CAR_FOLLOW: age=44.8 sid=110 gap=2.8 reason=same_lane_cam follow_spd=3.38 self_edge=135424828 self_lane=0 leader_edge= leader_lane=None lane_cmd_state=CLEAR
obu-ramp-merge-5-1     | [86.0] Ramp_Merge_5 role=cruise state=CRUISE->YIELDING speed=7.43 target=7.18 neighbors=5
obu-main-back-right-1  | [86.3] Main_Back_Right CAR_FOLLOW: sid=105 edge=135424828 lane=0 leader_edge= leader_lane=None leader_role_hint=main self_merge_completed=False self_merge_completed_age=-1.0 self_merge_committed=False lane_cmd_state=None lane_cmd_edge=None lane_cmd_target=None lane_cmd_executable=None same_lane=True reason=same_lane_cam gap=2.5 follow_spd=2.62 emergency=False target_before=7.5 target_after=7.018499912252574
obu-ramp-merge-5-1     | [86.4] Ramp_Merge_5 CAR_FOLLOW: sid=110 edge=135424828 lane=0 leader_edge= leader_lane=None leader_role_hint=ramp self_merge_completed=True self_merge_completed_age=45.2 self_merge_committed=False lane_cmd_state=CLEAR lane_cmd_edge=1331698336 lane_cmd_target=1 lane_cmd_executable=False same_lane=True reason=same_lane_cam gap=0.0 follow_spd=3.38 emergency=False target_before=7.5 target_after=7.19066891699208
obu-ramp-merge-5-1     | MERGE_ATTEMPT_TIMELINE: vehicle=Ramp_Merge_5 manoeuvre=130 host=None lead=None event=POST_MERGE_CAR_FOLLOW t=86.4 edge=135424828 lane=0 lane_cmd_state=CLEAR speed=7.44 target=7.19 dtm=325.6 lead_gap= host_gap= lead_gap_t1= lead_gap_t2= lead_gap_t3= host_gap_t1= host_gap_t2= host_gap_t3=
obu-ramp-merge-5-1     | [86.4] Ramp_Merge_5 POST_MERGE_CAR_FOLLOW: age=45.2 sid=110 gap=0.0 reason=same_lane_cam follow_spd=3.38 self_edge=135424828 self_lane=0 leader_edge= leader_lane=None lane_cmd_state=CLEAR
obu-ramp-back-1        | [86.4] Ramp_Back role=cruise state=CRUISE->CRUISE speed=7.50 target=7.50 neighbors=5
obu-main-back-right-1  | [86.6] Main_Back_Right CAR_FOLLOW: sid=105 edge=135424828 lane=0 leader_edge= leader_lane=None leader_role_hint=main self_merge_completed=False self_merge_completed_age=-1.0 self_merge_committed=False lane_cmd_state=None lane_cmd_edge=None lane_cmd_target=None lane_cmd_executable=None same_lane=True reason=same_lane_cam gap=0.3 follow_spd=2.62 emergency=False target_before=7.5 target_after=7.051517612267551
obu-main-back-right-1  | [86.6] Main_Back_Right role=cruise state=YIELDING->YIELDING speed=7.30 target=7.05 neighbors=5
obu-ramp-merge-4-1     | [86.8] Ramp_Merge_4 CAR_FOLLOW: sid=109 edge=135424828 lane=0 leader_edge= leader_lane=None leader_role_hint=ramp self_merge_completed=True self_merge_completed_age=50.3 self_merge_committed=False lane_cmd_state=CLEAR lane_cmd_edge=1331698336 lane_cmd_target=1 lane_cmd_executable=False same_lane=True reason=same_lane_cam gap=2.8 follow_spd=3.38 emergency=False target_before=7.5 target_after=7.228104816470509
obu-ramp-merge-4-1     | MERGE_ATTEMPT_TIMELINE: vehicle=Ramp_Merge_4 manoeuvre=98 host=None lead=None event=POST_MERGE_CAR_FOLLOW t=86.8 edge=135424828 lane=0 lane_cmd_state=CLEAR speed=7.48 target=7.23 dtm=349.2 lead_gap= host_gap= lead_gap_t1= lead_gap_t2= lead_gap_t3= host_gap_t1= host_gap_t2= host_gap_t3=
obu-ramp-merge-4-1     | [86.8] Ramp_Merge_4 POST_MERGE_CAR_FOLLOW: age=50.3 sid=109 gap=2.8 reason=same_lane_cam follow_spd=3.38 self_edge=135424828 self_lane=0 leader_edge= leader_lane=None lane_cmd_state=CLEAR
obu-ramp-merge-3-1     | [86.7] Ramp_Merge_3 CAR_FOLLOW: sid=106 edge=135424828 lane=0 leader_edge= leader_lane=None leader_role_hint=main self_merge_completed=True self_merge_completed_age=54.5 self_merge_committed=False lane_cmd_state=CLEAR lane_cmd_edge=1331698336 lane_cmd_target=1 lane_cmd_executable=False same_lane=True reason=same_lane_cam gap=4.3 follow_spd=2.62 emergency=False target_before=7.5 target_after=7.189217656148803
obu-ramp-merge-3-1     | MERGE_ATTEMPT_TIMELINE: vehicle=Ramp_Merge_3 manoeuvre=69 host=None lead=None event=POST_MERGE_CAR_FOLLOW t=86.7 edge=135424828 lane=0 lane_cmd_state=CLEAR speed=7.44 target=7.19 dtm=368.4 lead_gap= host_gap= lead_gap_t1= lead_gap_t2= lead_gap_t3= host_gap_t1= host_gap_t2= host_gap_t3=
obu-ramp-merge-3-1     | [86.7] Ramp_Merge_3 POST_MERGE_CAR_FOLLOW: age=54.5 sid=106 gap=4.3 reason=same_lane_cam follow_spd=2.62 self_edge=135424828 self_lane=0 leader_edge= leader_lane=None lane_cmd_state=CLEAR
obu-ramp-merge-3-1     | [86.7] Ramp_Merge_3 role=cruise state=CRUISE->YIELDING speed=7.44 target=7.19 neighbors=5
obu-ramp-merge-4-1     | [87.1] Ramp_Merge_4 CAR_FOLLOW: sid=109 edge=135424828 lane=0 leader_edge= leader_lane=None leader_role_hint=ramp self_merge_completed=True self_merge_completed_age=50.6 self_merge_committed=False lane_cmd_state=CLEAR lane_cmd_edge=1331698336 lane_cmd_target=1 lane_cmd_executable=False same_lane=True reason=same_lane_cam gap=3.5 follow_spd=2.62 emergency=False target_before=7.5 target_after=7.2312276170214025
obu-ramp-merge-4-1     | MERGE_ATTEMPT_TIMELINE: vehicle=Ramp_Merge_4 manoeuvre=98 host=None lead=None event=POST_MERGE_CAR_FOLLOW t=87.1 edge=135424828 lane=0 lane_cmd_state=CLEAR speed=7.48 target=7.23 dtm=351.5 lead_gap= host_gap= lead_gap_t1= lead_gap_t2= lead_gap_t3= host_gap_t1= host_gap_t2= host_gap_t3=
obu-ramp-merge-4-1     | [87.1] Ramp_Merge_4 POST_MERGE_CAR_FOLLOW: age=50.6 sid=109 gap=3.5 reason=same_lane_cam follow_spd=2.62 self_edge=135424828 self_lane=0 leader_edge= leader_lane=None lane_cmd_state=CLEAR
obu-ramp-merge-4-1     | [87.1] Ramp_Merge_4 role=cruise state=YIELDING->YIELDING speed=7.48 target=7.23 neighbors=5
obu-ramp-merge-5-1     | [87.1] Ramp_Merge_5 role=cruise state=CRUISE->CRUISE speed=7.37 target=7.50 neighbors=5
obu-main-back-left-1   | [86.9] Main_Back_Left role=cruise state=CRUISE->CRUISE speed=7.50 target=7.50 neighbors=1
obu-ramp-merge-4-1     | [87.3] Ramp_Merge_4 CAR_FOLLOW: sid=109 edge=135424828 lane=0 leader_edge= leader_lane=None leader_role_hint=ramp self_merge_completed=True self_merge_completed_age=50.8 self_merge_committed=False lane_cmd_state=CLEAR lane_cmd_edge=1331698336 lane_cmd_target=1 lane_cmd_executable=False same_lane=True reason=same_lane_cam gap=2.0 follow_spd=3.38 emergency=False target_before=7.5 target_after=7.20654814396769
obu-ramp-merge-4-1     | MERGE_ATTEMPT_TIMELINE: vehicle=Ramp_Merge_4 manoeuvre=98 host=None lead=None event=POST_MERGE_CAR_FOLLOW t=87.3 edge=135424828 lane=0 lane_cmd_state=CLEAR speed=7.46 target=7.21 dtm=353.0 lead_gap= host_gap= lead_gap_t1= lead_gap_t2= lead_gap_t3= host_gap_t1= host_gap_t2= host_gap_t3=
obu-ramp-merge-4-1     | [87.3] Ramp_Merge_4 POST_MERGE_CAR_FOLLOW: age=50.8 sid=109 gap=2.0 reason=same_lane_cam follow_spd=3.38 self_edge=135424828 self_lane=0 leader_edge= leader_lane=None lane_cmd_state=CLEAR
obu-ramp-back-1        | [87.5] Ramp_Back role=cruise state=CRUISE->CRUISE speed=7.50 target=7.50 neighbors=5
obu-main-back-right-1  | [88.0] Main_Back_Right role=cruise state=CRUISE->CRUISE speed=7.28 target=7.50 neighbors=0
obu-ramp-merge-3-1     | [88.1] Ramp_Merge_3 role=cruise state=CRUISE->CRUISE speed=7.37 target=7.50 neighbors=0
obu-ramp-merge-4-1     | [88.7] Ramp_Merge_4 CAR_FOLLOW: sid=109 edge=135424828 lane=0 leader_edge= leader_lane=None leader_role_hint=ramp self_merge_completed=True self_merge_completed_age=52.2 self_merge_committed=False lane_cmd_state=CLEAR lane_cmd_edge=1331698336 lane_cmd_target=1 lane_cmd_executable=False same_lane=True reason=same_lane_cam gap=3.6 follow_spd=2.62 emergency=False target_before=7.5 target_after=7.112024142136949
obu-ramp-merge-4-1     | MERGE_ATTEMPT_TIMELINE: vehicle=Ramp_Merge_4 manoeuvre=98 host=None lead=None event=POST_MERGE_CAR_FOLLOW t=88.7 edge=135424828 lane=0 lane_cmd_state=CLEAR speed=7.36 target=7.11 dtm=363.3 lead_gap= host_gap= lead_gap_t1= lead_gap_t2= lead_gap_t3= host_gap_t1= host_gap_t2= host_gap_t3=
obu-ramp-merge-4-1     | [88.7] Ramp_Merge_4 POST_MERGE_CAR_FOLLOW: age=52.2 sid=109 gap=3.6 reason=same_lane_cam follow_spd=2.62 self_edge=135424828 self_lane=0 leader_edge= leader_lane=None lane_cmd_state=CLEAR
obu-ramp-merge-4-1     | [88.7] Ramp_Merge_4 role=cruise state=CRUISE->YIELDING speed=7.36 target=7.11 neighbors=5
obu-ramp-merge-5-1     | [88.7] Ramp_Merge_5 role=cruise state=CRUISE->CRUISE speed=7.44 target=7.50 neighbors=5
obu-ramp-back-1        | [88.5] Ramp_Back role=cruise state=CRUISE->CRUISE speed=7.50 target=7.50 neighbors=5
obu-main-back-right-1  | [89.2] Main_Back_Right CAR_FOLLOW: sid=105 edge=135424828 lane=0 leader_edge= leader_lane=None leader_role_hint=main self_merge_completed=False self_merge_completed_age=-1.0 self_merge_committed=False lane_cmd_state=None lane_cmd_edge=None lane_cmd_target=None lane_cmd_executable=None same_lane=True reason=same_lane_cam gap=3.8 follow_spd=2.62 emergency=False target_before=7.5 target_after=7.1290632033680135
obu-main-back-right-1  | [89.2] Main_Back_Right role=cruise state=CRUISE->YIELDING speed=7.38 target=7.13 neighbors=5
obu-ramp-merge-3-1     | [89.2] Ramp_Merge_3 role=cruise state=CRUISE->CRUISE speed=7.36 target=7.50 neighbors=5
obu-ramp-back-1        | [89.5] Ramp_Back role=cruise state=CRUISE->CRUISE speed=7.50 target=7.50 neighbors=5
obu-ramp-merge-5-1     | [89.9] Ramp_Merge_5 role=cruise state=CRUISE->CRUISE speed=7.47 target=7.50 neighbors=0
obu-main-back-right-1  | [90.2] Main_Back_Right role=cruise state=CRUISE->CRUISE speed=7.37 target=7.50 neighbors=0
obu-ramp-merge-4-1     | [90.0] Ramp_Merge_4 role=cruise state=YIELDING->CRUISE speed=7.27 target=7.50 neighbors=0
obu-ramp-merge-3-1     | [90.2] Ramp_Merge_3 role=cruise state=CRUISE->CRUISE speed=7.37 target=7.50 neighbors=0
obu-ramp-merge-4-1     | [90.9] Ramp_Merge_4 CAR_FOLLOW: sid=109 edge=135424828 lane=0 leader_edge= leader_lane=None leader_role_hint=ramp self_merge_completed=True self_merge_completed_age=54.4 self_merge_committed=False lane_cmd_state=CLEAR lane_cmd_edge=1331698336 lane_cmd_target=1 lane_cmd_executable=False same_lane=True reason=same_lane_cam gap=0.0 follow_spd=3.38 emergency=False target_before=7.5 target_after=6.963788411383077
obu-ramp-merge-4-1     | MERGE_ATTEMPT_TIMELINE: vehicle=Ramp_Merge_4 manoeuvre=98 host=None lead=None event=POST_MERGE_CAR_FOLLOW t=90.9 edge=135424828 lane=0 lane_cmd_state=CLEAR speed=7.21 target=6.96 dtm=379.3 lead_gap= host_gap= lead_gap_t1= lead_gap_t2= lead_gap_t3= host_gap_t1= host_gap_t2= host_gap_t3=
obu-ramp-merge-4-1     | [90.9] Ramp_Merge_4 POST_MERGE_CAR_FOLLOW: age=54.4 sid=109 gap=0.0 reason=same_lane_cam follow_spd=3.38 self_edge=135424828 self_lane=0 leader_edge= leader_lane=None lane_cmd_state=CLEAR
obu-ramp-merge-3-1     | [91.0] Ramp_Merge_3 CAR_FOLLOW: sid=106 edge=135424828 lane=0 leader_edge= leader_lane=None leader_role_hint=main self_merge_completed=True self_merge_completed_age=58.8 self_merge_committed=False lane_cmd_state=CLEAR lane_cmd_edge=1331698336 lane_cmd_target=1 lane_cmd_executable=False same_lane=True reason=same_lane_cam gap=2.5 follow_spd=3.38 emergency=False target_before=7.5 target_after=7.155177941785172
obu-ramp-merge-3-1     | MERGE_ATTEMPT_TIMELINE: vehicle=Ramp_Merge_3 manoeuvre=69 host=None lead=None event=POST_MERGE_CAR_FOLLOW t=91.0 edge=135424828 lane=0 lane_cmd_state=CLEAR speed=7.41 target=7.16 dtm=400.1 lead_gap= host_gap= lead_gap_t1= lead_gap_t2= lead_gap_t3= host_gap_t1= host_gap_t2= host_gap_t3=
obu-ramp-merge-3-1     | [91.0] Ramp_Merge_3 POST_MERGE_CAR_FOLLOW: age=58.8 sid=106 gap=2.5 reason=same_lane_cam follow_spd=3.38 self_edge=135424828 self_lane=0 leader_edge= leader_lane=None lane_cmd_state=CLEAR
obu-ramp-merge-5-1     | [91.0] Ramp_Merge_5 CAR_FOLLOW: sid=110 edge=135424828 lane=0 leader_edge= leader_lane=None leader_role_hint=ramp self_merge_completed=True self_merge_completed_age=49.8 self_merge_committed=False lane_cmd_state=CLEAR lane_cmd_edge=1331698336 lane_cmd_target=1 lane_cmd_executable=False same_lane=True reason=same_lane_cam gap=0.0 follow_spd=3.38 emergency=False target_before=7.5 target_after=7.230801635335299
obu-ramp-merge-5-1     | MERGE_ATTEMPT_TIMELINE: vehicle=Ramp_Merge_5 manoeuvre=130 host=None lead=None event=POST_MERGE_CAR_FOLLOW t=91.0 edge=135424828 lane=0 lane_cmd_state=CLEAR speed=7.48 target=7.23 dtm=359.7 lead_gap= host_gap= lead_gap_t1= lead_gap_t2= lead_gap_t3= host_gap_t1= host_gap_t2= host_gap_t3=
obu-ramp-merge-5-1     | [91.0] Ramp_Merge_5 POST_MERGE_CAR_FOLLOW: age=49.8 sid=110 gap=0.0 reason=same_lane_cam follow_spd=3.38 self_edge=135424828 self_lane=0 leader_edge= leader_lane=None lane_cmd_state=CLEAR
obu-ramp-merge-5-1     | [91.0] Ramp_Merge_5 role=cruise state=CRUISE->YIELDING speed=7.48 target=7.23 neighbors=4
obu-ramp-back-1        | [91.0] Ramp_Back role=cruise state=CRUISE->CRUISE speed=7.50 target=7.50 neighbors=4
obu-ramp-merge-4-1     | [91.3] Ramp_Merge_4 CAR_FOLLOW: sid=109 edge=135424828 lane=0 leader_edge= leader_lane=None leader_role_hint=ramp self_merge_completed=True self_merge_completed_age=54.8 self_merge_committed=False lane_cmd_state=CLEAR lane_cmd_edge=1331698336 lane_cmd_target=1 lane_cmd_executable=False same_lane=True reason=same_lane_cam gap=0.0 follow_spd=3.38 emergency=False target_before=7.5 target_after=7.000246832192321
obu-ramp-merge-4-1     | MERGE_ATTEMPT_TIMELINE: vehicle=Ramp_Merge_4 manoeuvre=98 host=None lead=None event=POST_MERGE_CAR_FOLLOW t=91.3 edge=135424828 lane=0 lane_cmd_state=CLEAR speed=7.25 target=7.00 dtm=382.2 lead_gap= host_gap= lead_gap_t1= lead_gap_t2= lead_gap_t3= host_gap_t1= host_gap_t2= host_gap_t3=
obu-ramp-merge-4-1     | [91.3] Ramp_Merge_4 POST_MERGE_CAR_FOLLOW: age=54.8 sid=109 gap=0.0 reason=same_lane_cam follow_spd=3.38 self_edge=135424828 self_lane=0 leader_edge= leader_lane=None lane_cmd_state=CLEAR
obu-ramp-merge-4-1     | [91.3] Ramp_Merge_4 role=cruise state=YIELDING->YIELDING speed=7.25 target=7.00 neighbors=4
obu-ramp-merge-3-1     | [91.6] Ramp_Merge_3 CAR_FOLLOW: sid=106 edge=135424828 lane=0 leader_edge= leader_lane=None leader_role_hint=main self_merge_completed=True self_merge_completed_age=59.4 self_merge_committed=False lane_cmd_state=CLEAR lane_cmd_edge=1331698336 lane_cmd_target=1 lane_cmd_executable=False same_lane=True reason=same_lane_cam gap=0.0 follow_spd=3.38 emergency=False target_before=7.5 target_after=7.180297073953907
obu-ramp-merge-3-1     | MERGE_ATTEMPT_TIMELINE: vehicle=Ramp_Merge_3 manoeuvre=69 host=None lead=None event=POST_MERGE_CAR_FOLLOW t=91.6 edge=135424828 lane=0 lane_cmd_state=CLEAR speed=7.43 target=7.18 dtm=404.5 lead_gap= host_gap= lead_gap_t1= lead_gap_t2= lead_gap_t3= host_gap_t1= host_gap_t2= host_gap_t3=
obu-ramp-merge-3-1     | [91.6] Ramp_Merge_3 POST_MERGE_CAR_FOLLOW: age=59.4 sid=106 gap=0.0 reason=same_lane_cam follow_spd=3.38 self_edge=135424828 self_lane=0 leader_edge= leader_lane=None lane_cmd_state=CLEAR
obu-ramp-merge-3-1     | [91.6] Ramp_Merge_3 role=cruise state=YIELDING->YIELDING speed=7.43 target=7.18 neighbors=4
obu-ramp-merge-5-1     | [92.2] Ramp_Merge_5 role=cruise state=CRUISE->CRUISE speed=7.43 target=7.50 neighbors=0
obu-ramp-back-1        | [92.2] Ramp_Back role=cruise state=CRUISE->CRUISE speed=7.50 target=7.50 neighbors=0
obu-ramp-merge-4-1     | [92.5] Ramp_Merge_4 role=cruise state=CRUISE->CRUISE speed=7.17 target=7.50 neighbors=0
obu-ramp-merge-4-1     | [93.3] Ramp_Merge_4 CAR_FOLLOW: sid=109 edge=135424828 lane=0 leader_edge= leader_lane=None leader_role_hint=ramp self_merge_completed=True self_merge_completed_age=56.8 self_merge_committed=False lane_cmd_state=CLEAR lane_cmd_edge=1331698336 lane_cmd_target=1 lane_cmd_executable=False same_lane=True reason=same_lane_cam gap=3.4 follow_spd=2.62 emergency=False target_before=7.5 target_after=6.977230946619552
obu-ramp-merge-4-1     | MERGE_ATTEMPT_TIMELINE: vehicle=Ramp_Merge_4 manoeuvre=98 host=None lead=None event=POST_MERGE_CAR_FOLLOW t=93.3 edge=135424828 lane=0 lane_cmd_state=CLEAR speed=7.23 target=6.98 dtm=396.6 lead_gap= host_gap= lead_gap_t1= lead_gap_t2= lead_gap_t3= host_gap_t1= host_gap_t2= host_gap_t3=
obu-ramp-merge-4-1     | [93.3] Ramp_Merge_4 POST_MERGE_CAR_FOLLOW: age=56.8 sid=109 gap=3.4 reason=same_lane_cam follow_spd=2.62 self_edge=135424828 self_lane=0 leader_edge= leader_lane=None lane_cmd_state=CLEAR
obu-ramp-merge-3-1     | [93.1] Ramp_Merge_3 role=cruise state=CRUISE->CRUISE speed=7.33 target=7.50 neighbors=4
obu-ramp-merge-5-1     | [93.3] Ramp_Merge_5 role=cruise state=CRUISE->CRUISE speed=7.45 target=7.50 neighbors=4
obu-ramp-back-1        | [93.3] Ramp_Back role=cruise state=CRUISE->CRUISE speed=7.50 target=7.50 neighbors=4
obu-ramp-merge-4-1     | [93.9] Ramp_Merge_4 CAR_FOLLOW: sid=109 edge=135424828 lane=0 leader_edge= leader_lane=None leader_role_hint=ramp self_merge_completed=True self_merge_completed_age=57.4 self_merge_committed=False lane_cmd_state=CLEAR lane_cmd_edge=1331698336 lane_cmd_target=1 lane_cmd_executable=False same_lane=True reason=same_lane_cam gap=0.0 follow_spd=3.38 emergency=False target_before=7.5 target_after=7.049489680846575
obu-ramp-merge-4-1     | MERGE_ATTEMPT_TIMELINE: vehicle=Ramp_Merge_4 manoeuvre=98 host=None lead=None event=POST_MERGE_CAR_FOLLOW t=93.9 edge=135424828 lane=0 lane_cmd_state=CLEAR speed=7.30 target=7.05 dtm=401.0 lead_gap= host_gap= lead_gap_t1= lead_gap_t2= lead_gap_t3= host_gap_t1= host_gap_t2= host_gap_t3=
obu-ramp-merge-4-1     | [93.9] Ramp_Merge_4 POST_MERGE_CAR_FOLLOW: age=57.4 sid=109 gap=0.0 reason=same_lane_cam follow_spd=3.38 self_edge=135424828 self_lane=0 leader_edge= leader_lane=None lane_cmd_state=CLEAR
obu-ramp-merge-4-1     | [93.9] Ramp_Merge_4 role=cruise state=YIELDING->YIELDING speed=7.30 target=7.05 neighbors=4
obu-ramp-merge-5-1     | [94.1] Ramp_Merge_5 CAR_FOLLOW: sid=110 edge=135424828 lane=0 leader_edge= leader_lane=None leader_role_hint=ramp self_merge_completed=True self_merge_completed_age=52.9 self_merge_committed=False lane_cmd_state=CLEAR lane_cmd_edge=1331698336 lane_cmd_target=1 lane_cmd_executable=False same_lane=True reason=same_lane_cam gap=0.8 follow_spd=3.38 emergency=False target_before=7.5 target_after=7.157296720406667
obu-ramp-merge-5-1     | MERGE_ATTEMPT_TIMELINE: vehicle=Ramp_Merge_5 manoeuvre=130 host=None lead=None event=POST_MERGE_CAR_FOLLOW t=94.1 edge=135424828 lane=0 lane_cmd_state=CLEAR speed=7.41 target=7.16 dtm=382.8 lead_gap= host_gap= lead_gap_t1= lead_gap_t2= lead_gap_t3= host_gap_t1= host_gap_t2= host_gap_t3=
obu-ramp-merge-5-1     | [94.1] Ramp_Merge_5 POST_MERGE_CAR_FOLLOW: age=52.9 sid=110 gap=0.8 reason=same_lane_cam follow_spd=3.38 self_edge=135424828 self_lane=0 leader_edge= leader_lane=None lane_cmd_state=CLEAR
obu-ramp-merge-5-1     | [94.9] Ramp_Merge_5 role=cruise state=YIELDING->CRUISE speed=7.36 target=7.50 neighbors=0
obu-ramp-back-1        | [94.8] Ramp_Back role=cruise state=CRUISE->CRUISE speed=7.50 target=7.50 neighbors=0
obu-ramp-merge-4-1     | [95.2] Ramp_Merge_4 role=cruise state=CRUISE->CRUISE speed=7.19 target=7.50 neighbors=0
obu-ramp-merge-5-1     | [96.4] Ramp_Merge_5 CAR_FOLLOW: sid=110 edge=135424828 lane=0 leader_edge= leader_lane=None leader_role_hint=ramp self_merge_completed=True self_merge_completed_age=55.2 self_merge_committed=False lane_cmd_state=CLEAR lane_cmd_edge=1331698336 lane_cmd_target=1 lane_cmd_executable=False same_lane=True reason=same_lane_cam gap=1.9 follow_spd=3.38 emergency=False target_before=7.5 target_after=7.091749624178914
obu-ramp-merge-5-1     | MERGE_ATTEMPT_TIMELINE: vehicle=Ramp_Merge_5 manoeuvre=130 host=None lead=None event=POST_MERGE_CAR_FOLLOW t=96.4 edge=135424828 lane=0 lane_cmd_state=CLEAR speed=7.34 target=7.09 dtm=399.6 lead_gap= host_gap= lead_gap_t1= lead_gap_t2= lead_gap_t3= host_gap_t1= host_gap_t2= host_gap_t3=
obu-ramp-merge-5-1     | [96.4] Ramp_Merge_5 POST_MERGE_CAR_FOLLOW: age=55.2 sid=110 gap=1.9 reason=same_lane_cam follow_spd=3.38 self_edge=135424828 self_lane=0 leader_edge= leader_lane=None lane_cmd_state=CLEAR
obu-ramp-merge-5-1     | [96.4] Ramp_Merge_5 role=cruise state=CRUISE->YIELDING speed=7.34 target=7.09 neighbors=3
obu-ramp-back-1        | [96.4] Ramp_Back role=cruise state=CRUISE->CRUISE speed=7.50 target=7.50 neighbors=3
obu-ramp-merge-5-1     | [97.8] Ramp_Merge_5 role=cruise state=YIELDING->CRUISE speed=7.42 target=7.50 neighbors=0
obu-ramp-back-1        | [97.5] Ramp_Back role=cruise state=CRUISE->CRUISE speed=7.50 target=7.50 neighbors=0
obu-ramp-back-1        | [99.0] Ramp_Back role=cruise state=CRUISE->CRUISE speed=7.50 target=7.50 neighbors=0
obu-ramp-back-1        | [101.4] Ramp_Back role=cruise state=CRUISE->CRUISE speed=7.50 target=7.50 neighbors=0
traci-bridge-1         | Step #0.00 (0ms ?*RT. ?UPS, TraCI: 0ms, vehicles TOT 11 ACT 11 BUF 0)                     Step #10.00 (0ms ?*RT. ?UPS, TraCI: 8ms, vehicles TOT 12 ACT 12 BUF 0)                    Step #20.00 (0ms ?*RT. ?UPS, TraCI: 6ms, vehicles TOT 12 ACT 12 BUF 0)                    Step #30.00 (0ms ?*RT. ?UPS, TraCI: 8ms, vehicles TOT 12 ACT 12 BUF 0)                    Step #40.00 (0ms ?*RT. ?UPS, TraCI: 6ms, vehicles TOT 12 ACT 12 BUF 0)                    Step #50.00 (0ms ?*RT. ?UPS, TraCI: 5ms, vehicles TOT 12 ACT 12 BUF 0)                    Step #60.00 (0ms ?*RT. ?UPS, TraCI: 5ms, vehicles TOT 12 ACT 11 BUF 0)                    Step #70.00 (0ms ?*RT. ?UPS, TraCI: 3ms, vehicles TOT 12 ACT 9 BUF 0)                     Step #80.00 (0ms ?*RT. ?UPS, TraCI: 3ms, vehicles TOT 12 ACT 7 BUF 0)                     Step #90.00 (0ms ?*RT. ?UPS, TraCI: 2ms, vehicles TOT 12 ACT 5 BUF 0)                     Step #100.00 (0ms ?*RT. ?UPS, TraCI: 0ms, vehicles TOT 12 ACT 1 BUF 0)                    Step #102.50 (0ms ?*RT. ?UPS, TraCI: 0ms, vehicles TOT 12 ACT 0 BUF 0)                    
obu-ramp-back-1        | [102.4] Ramp_Back role=cruise state=CRUISE->CRUISE speed=7.50 target=7.50 neighbors=2
traci-bridge-1         | LANE_CMD_STATE veh=Ramp_Back edge=1331698336 lane=0 target=1 lane_count=3 recently=False speed=3.63
traci-bridge-1         | LANE_CMD_APPLY veh=Ramp_Back edge=1331698336 from_lane=0 target=1 duration=2.00 mode=256 speed=3.63
traci-bridge-1         | LANE_CMD_STATE veh=Ramp_Back edge=1331698336 lane=1 target=1 lane_count=3 recently=True speed=3.63
traci-bridge-1         | LANE_CMD_CLEAR veh=Ramp_Back edge=1331698336 target=1
mqtt-broker-1          | 1779121508: Client traci-bridge [172.18.0.8:44399] disconnected: connection closed by client.
[Ktraci-bridge-1 exited with code 0
 Compose Stopping Aborting on container exit...
 Container rsa-obu-host-car-1 Stopping 
 Container rsa-obu-ramp-merge-2-1 Stopping 
 Container rsa-obu-main-front-left-1 Stopping 
 Container rsa-traci-bridge-1 Stopping 
 Container rsa-obu-ramp-merge-5-1 Stopping 
 Container rsa-obu-main-back-right-1 Stopping 
 Container rsa-obu-ramp-merge-4-1 Stopping 
 Container rsa-obu-main-back-left-1 Stopping 
 Container rsa-obu-main-mid-right-1 Stopping 
 Container rsa-obu-ramp-merge-3-1 Stopping 
 Container rsa-obu-merge-car-1 Stopping 
 Container rsa-obu-lead-car-1 Stopping 
 Container rsa-traci-bridge-1 Stopped 
 Container rsa-obu-ramp-back-1 Stopping 
mqtt-broker-1          | 1779121518: Client 18ebc49a02e6.bridge_to_remote [172.18.0.9:45338] disconnected: connection closed by client.
mqtt-broker-1          | 1779121518: Client e3c992347572.bridge_to_remote [172.18.0.14:35982] disconnected: connection closed by client.
mqtt-broker-1          | 1779121518: Client 4dfcf26eede1.bridge_to_remote [172.18.0.13:45718] disconnected: connection closed by client.
mqtt-broker-1          | 1779121518: Client e605af1791e2.bridge_to_remote [172.18.0.5:57450] disconnected: connection closed by client.
mqtt-broker-1          | 1779121518: Client 104161046b62.bridge_to_remote [172.18.0.11:41520] disconnected: connection closed by client.
obu-main-back-right-1  | 1779121518: Client obu-Main_Back_Right-1 closed its connection.
obu-ramp-merge-3-1     | 1779121518: Client obu-Ramp_Merge_3-1 closed its connection.
mqtt-broker-1          | 1779121518: Client bafab88d11e9.bridge_to_remote [172.18.0.15:44206] disconnected: connection closed by client.
obu-lead-car-1         | 1779121518: Client obu-Lead_Car-1 closed its connection.
obu-merge-car-1        | 1779121518: Client obu-Merge_Car-1 closed its connection.
mqtt-broker-1          | 1779121518: Client 51d87937785d.bridge_to_remote [172.18.0.10:37292] disconnected: connection closed by client.
mqtt-broker-1          | 1779121518: Client 158a24865f13.bridge_to_remote [172.18.0.6:44092] disconnected: connection closed by client.
mqtt-broker-1          | 1779121518: Client b867748f8a36.bridge_to_remote [172.18.0.12:59660] disconnected: connection closed by client.
mqtt-broker-1          | 1779121518: Client auto-C9C8CA70-98CF-CA08-AF31-0E20B8BF66F9 [172.18.0.11:41526] disconnected: connection closed by client.
mqtt-broker-1          | 1779121518: Client 0ae0266a940b.bridge_to_remote [172.18.0.3:42296] disconnected: connection closed by client.
mqtt-broker-1          | 1779121518: Client 2c97a5a38a1b.bridge_to_remote [172.18.0.7:48984] disconnected: connection closed by client.
mqtt-broker-1          | 1779121518: Client auto-CE982766-E36A-B873-E5E8-201BB233E747 [172.18.0.13:45720] disconnected: connection closed by client.
mqtt-broker-1          | 1779121518: Client auto-5715767B-6107-FF9F-FCD4-37E761C3B4C4 [172.18.0.14:35986] disconnected: connection closed by client.
mqtt-broker-1          | 1779121518: Client auto-F472648F-EEDA-34F5-44EE-DD3C57A6D025 [172.18.0.9:45342] disconnected: connection closed by client.
mqtt-broker-1          | 1779121518: Client 433b3a4d63d7.bridge_to_remote [172.18.0.4:49716] disconnected: connection closed by client.
mqtt-broker-1          | 1779121518: Client auto-579A9D77-12FD-EB01-23E8-CF244DF68A6F [172.18.0.10:37296] disconnected: connection closed by client.
mqtt-broker-1          | 1779121518: Client auto-C96FEDA8-A483-6643-F3A6-860ED0C726E8 [172.18.0.5:57456] disconnected: connection closed by client.
mqtt-broker-1          | 1779121518: Client auto-8D72DE76-9C78-EA6F-196C-42129DC2253D [172.18.0.15:44210] disconnected: connection closed by client.
mqtt-broker-1          | 1779121518: Client auto-85C24D25-2CCF-6324-12E2-4AFA75658F57 [172.18.0.12:59666] disconnected: connection closed by client.
mqtt-broker-1          | 1779121518: Client auto-CB5CA024-F63D-BD35-A762-179253B5F788 [172.18.0.7:48990] disconnected: connection closed by client.
mqtt-broker-1          | 1779121518: Client auto-C0263D6E-0C8C-7F4B-1A8C-9CA2AFAFDDD5 [172.18.0.3:42306] disconnected: connection closed by client.
mqtt-broker-1          | 1779121518: Client auto-230AC95E-2CCE-140A-BBC7-98BDB190210A [172.18.0.6:44096] disconnected: connection closed by client.
mqtt-broker-1          | 1779121518: Client auto-1FA2D8C2-B01C-0006-0FFD-D85FCE174FBA [172.18.0.4:49732] disconnected: connection closed by client.
 Container rsa-obu-host-car-1 Stopped 
[Kobu-host-car-1 exited with code 137
 Container rsa-obu-main-back-left-1 Stopped 
[Kobu-main-back-left-1 exited with code 137
 Container rsa-obu-main-mid-right-1 Stopped 
[Kobu-main-mid-right-1 exited with code 137
 Container rsa-obu-lead-car-1 Stopped 
[Kobu-lead-car-1 exited with code 137
 Container rsa-obu-main-front-left-1 Stopped 
[Kobu-main-front-left-1 exited with code 137
 Container rsa-obu-ramp-merge-3-1 Stopped 
[Kobu-ramp-merge-3-1 exited with code 137
 Container rsa-obu-ramp-merge-4-1 Stopped 
[Kobu-ramp-merge-4-1 exited with code 137
 Container rsa-obu-main-back-right-1 Stopped 
[Kobu-main-back-right-1 exited with code 137
 Container rsa-obu-ramp-merge-5-1 Stopped 
[Kobu-ramp-merge-5-1 exited with code 137
 Container rsa-obu-merge-car-1 Stopped 
[Kobu-merge-car-1 exited with code 137
 Container rsa-obu-ramp-merge-2-1 Stopped 
[Kobu-ramp-merge-2-1 exited with code 137
 Container rsa-obu-ramp-back-1 Stopped 
 Container rsa-mqtt-broker-1 Stopping 
[Kobu-ramp-back-1 exited with code 137
mqtt-broker-1          | 1779121519: mosquitto version 2.1.2 terminating
 Container rsa-mqtt-broker-1 Stopped 
[Kmqtt-broker-1 exited with code 0
