 Image rsa-obu:latest Building 
 Image rsa-obu:latest Building 
 Image rsa-obu:latest Building 
 Image rsa-obu:latest Building 
 Image rsa-obu:latest Building 
 Image rsa-obu:latest Building 
 Image rsa-obu:latest Building 
 Image rsa-obu:latest Building 
 Image rsa-obu:latest Building 
 Image rsa-obu:latest Building 
 Image rsa-traci-bridge:latest Building 
 Image rsa-obu:latest Building 
 Image rsa-obu:latest Building 
#1 [internal] load local bake definitions
#1 reading from stdin 5.71kB done
#1 DONE 0.0s

#2 [traci-bridge internal] load build definition from Dockerfile
#2 transferring dockerfile: 997B done
#2 DONE 0.0s

#3 [traci-bridge internal] load metadata for ghcr.io/eclipse-sumo/sumo:latest
#3 DONE 0.0s

#4 [obu-ramp-merge-5 internal] load build definition from Dockerfile
#4 transferring dockerfile: 499B done
#4 DONE 0.0s

#5 [obu-ramp-merge-3 internal] load metadata for ghcr.io/nap-it/vanetza-nap:latest
#5 DONE 0.0s

#6 [obu-ramp-merge-4 internal] load .dockerignore
#6 transferring context: 2B done
#6 DONE 0.0s

#7 [obu-ramp-merge-5 1/9] FROM ghcr.io/nap-it/vanetza-nap:latest
#7 DONE 0.0s

#8 [traci-bridge 1/6] FROM ghcr.io/eclipse-sumo/sumo:latest
#8 DONE 0.0s

#9 [traci-bridge internal] load build context
#9 transferring context: 148B 0.0s done
#9 DONE 0.0s

#10 [traci-bridge 4/6] COPY sim/bridge/requirements.txt /app/requirements.txt
#10 CACHED

#11 [traci-bridge 5/6] RUN pip3 install --no-cache-dir -r /app/requirements.txt
#11 CACHED

#12 [traci-bridge 3/6] WORKDIR /app
#12 CACHED

#13 [traci-bridge 2/6] RUN apt-get update     && apt-get install -y --no-install-recommends         ca-certificates         curl         gnupg         python3         python3-pip     && curl -fsSL https://downloads.apache.org/arrow/KEYS         | gpg --dearmor -o /usr/share/keyrings/apache-arrow-apt-source.gpg     && echo "deb [signed-by=/usr/share/keyrings/apache-arrow-apt-source.gpg] https://apache.jfrog.io/artifactory/arrow/ubuntu jammy main"         > /etc/apt/sources.list.d/apache-arrow.list     && apt-get update     && apt-get install -y --no-install-recommends         libarrow2300         libparquet2300     && rm -rf /var/lib/apt/lists/*
#13 CACHED

#14 [traci-bridge 6/6] COPY sim/bridge/traci_bridge.py /app/traci_bridge.py
#14 CACHED

#15 [obu-host-car internal] load build context
#15 transferring context: 336.68kB 0.0s done
#15 DONE 0.0s

#16 [obu-ramp-merge-4 3/9] WORKDIR /app
#16 CACHED

#17 [obu-ramp-merge-4 2/9] RUN apt-get update     && apt-get install -y --no-install-recommends python3 python3-pip     && rm -rf /var/lib/apt/lists/*
#17 CACHED

#18 [obu-ramp-merge-4 4/9] COPY obu/requirements.txt /app/requirements.txt
#18 CACHED

#19 [obu-ramp-merge-4 5/9] RUN pip3 install --no-cache-dir -r /app/requirements.txt
#19 CACHED

#17 [obu-merge-car 2/9] RUN apt-get update     && apt-get install -y --no-install-recommends python3 python3-pip     && rm -rf /var/lib/apt/lists/*
#17 CACHED

#18 [obu-merge-car 4/9] COPY obu/requirements.txt /app/requirements.txt
#18 CACHED

#16 [obu-merge-car 3/9] WORKDIR /app
#16 CACHED

#20 [traci-bridge] exporting to image
#20 exporting layers done
#20 writing image sha256:ec189de1fdf1a841024ba630f2bab815935eee1cb5501501177aeafb8aa6d178 done
#20 naming to docker.io/library/rsa-traci-bridge:latest done
#20 DONE 0.0s

#21 [obu-ramp-merge-2 6/9] COPY obu/app /app
#21 DONE 0.0s

#22 [traci-bridge] resolving provenance for metadata file
#22 DONE 0.0s

#23 [obu-ramp-merge-2 7/9] COPY obu/entrypoint.sh /entrypoint-obu.sh
#23 DONE 0.0s

#24 [obu-lead-car 8/9] COPY obu/config/vanetza-obu.ini /config.ini
#24 DONE 0.0s

#25 [obu-ramp-merge-3 9/9] RUN chmod +x /entrypoint-obu.sh
#25 DONE 0.2s

#26 [obu-ramp-back] exporting to image
#26 exporting layers 0.0s done
#26 writing image sha256:858fc8bd142a988d90f446694db78851020a4dd639d9ab793d41f25c1ba99535 done
#26 naming to docker.io/library/rsa-obu:latest 0.0s done
#26 DONE 0.1s

#27 [obu-ramp-merge-2] exporting to image
#27 exporting layers 0.0s done
#27 writing image sha256:7f2a1557f418f1a00c9ce9585ed112aaec762b65a4d65791ade102d1d8fce0d6 done
#27 naming to docker.io/library/rsa-obu:latest 0.0s done
#27 DONE 0.1s

#28 [obu-merge-car] exporting to image
#28 exporting layers 0.0s done
#28 writing image sha256:82de7b356852a526e29b31a68079d1e0e773068e624d4c9819a69efcedddbe7d 0.0s done
#28 naming to docker.io/library/rsa-obu:latest 0.0s done
#28 DONE 0.1s

#29 [obu-main-mid-right] exporting to image
#29 exporting layers 0.0s done
#29 writing image sha256:8fa3e3a1dc951a934ac319c3f1d343c92d3dd72cab046ae4ca8b32ce91889c9f done
#29 naming to docker.io/library/rsa-obu:latest 0.0s done
#29 DONE 0.1s

#30 [obu-host-car] exporting to image
#30 exporting layers 0.0s done
#30 writing image sha256:41eb701fd3c7994a398c427076619ceee522f7d59356fd800cec0366a2193b65 done
#30 naming to docker.io/library/rsa-obu:latest 0.0s done
#30 DONE 0.1s

#31 [obu-main-front-left] exporting to image
#31 exporting layers 0.0s done
#31 writing image sha256:7288fd3dd527d1cc8322a940e8b056c24fac1b4d99e00bc7f890f195adc81760 0.0s done
#31 naming to docker.io/library/rsa-obu:latest 0.0s done
#31 DONE 0.1s

#32 [obu-lead-car] exporting to image
#32 exporting layers 0.0s done
#32 writing image sha256:5205eb94d1d96eb1d51b450da21bdf802968a97e86d91c01cde949e1cd3e75a4 0.0s done
#32 naming to docker.io/library/rsa-obu:latest 0.0s done
#32 DONE 0.1s

#33 [obu-ramp-merge-5] exporting to image
#33 exporting layers 0.0s done
#33 writing image sha256:0c7ddbab28045fbd5cc9c6de469556220b05eb68e4cdf192202dae2c2c9f766c done
#33 naming to docker.io/library/rsa-obu:latest 0.0s done
#33 DONE 0.1s

#34 [obu-main-back-left] exporting to image
#34 exporting layers 0.0s done
#34 writing image sha256:f4c36921ca5b9e04e380e38dc62b79c1576c91c9a1cd7b07b1a55e16ae04bd9f 0.0s done
#34 naming to docker.io/library/rsa-obu:latest 0.0s done
#34 DONE 0.1s

#35 [obu-main-back-right] exporting to image
#35 exporting layers 0.0s done
#35 writing image sha256:e639f9634d4c3a3a2aa34d5fa6b9d672fca5a31375a6ff047ab18e5b87650282 0.0s done
#35 naming to docker.io/library/rsa-obu:latest 0.0s done
#35 DONE 0.1s

#36 [obu-ramp-merge-4] exporting to image
#36 exporting layers 0.0s done
#36 writing image sha256:7002a8e1444be95464c272fa6a13008ae5fe74b8440b90015ec0213cbd0dace9 0.0s done
#36 naming to docker.io/library/rsa-obu:latest 0.0s done
#36 DONE 0.1s

#37 [obu-ramp-merge-3] exporting to image
#37 exporting layers 0.0s done
#37 writing image sha256:5c10528adb17e396636e2322a92db39ced64e7f8d3fd718183111debe609d682 0.0s done
#37 naming to docker.io/library/rsa-obu:latest 0.0s done
#37 DONE 0.1s

#38 [obu-ramp-back] resolving provenance for metadata file
#38 DONE 0.1s

#39 [obu-main-back-left] resolving provenance for metadata file
#39 DONE 0.1s

#40 [obu-host-car] resolving provenance for metadata file
#40 DONE 0.1s

#41 [obu-main-mid-right] resolving provenance for metadata file
#41 DONE 0.1s

#42 [obu-ramp-merge-5] resolving provenance for metadata file
#42 DONE 0.1s

#43 [obu-lead-car] resolving provenance for metadata file
#43 DONE 0.0s

#44 [obu-main-front-left] resolving provenance for metadata file
#44 DONE 0.1s

#45 [obu-ramp-merge-4] resolving provenance for metadata file
#45 DONE 0.0s

#46 [obu-main-back-right] resolving provenance for metadata file
#46 DONE 0.1s

#47 [obu-merge-car] resolving provenance for metadata file
#47 DONE 0.0s

#48 [obu-ramp-merge-2] resolving provenance for metadata file
#48 DONE 0.1s

#49 [obu-ramp-merge-3] resolving provenance for metadata file
#49 DONE 0.0s
 Image rsa-obu:latest Built 
 Image rsa-obu:latest Built 
 Image rsa-traci-bridge:latest Built 
 Image rsa-obu:latest Built 
 Image rsa-obu:latest Built 
 Image rsa-obu:latest Built 
 Image rsa-obu:latest Built 
 Image rsa-obu:latest Built 
 Image rsa-obu:latest Built 
 Image rsa-obu:latest Built 
 Image rsa-obu:latest Built 
 Image rsa-obu:latest Built 
 Image rsa-obu:latest Built 
 Container rsa-mqtt-broker-1 Running 
 Container rsa-obu-ramp-merge-3-1 Recreate 
 Container rsa-obu-main-back-right-1 Recreate 
 Container rsa-obu-ramp-merge-2-1 Recreate 
 Container rsa-traci-bridge-1 Recreate 
 Container rsa-obu-main-mid-right-1 Recreate 
 Container rsa-obu-lead-car-1 Recreate 
 Container rsa-obu-main-front-left-1 Recreate 
 Container rsa-obu-ramp-merge-5-1 Recreate 
 Container rsa-obu-merge-car-1 Recreate 
 Container rsa-obu-main-back-left-1 Recreate 
 Container rsa-obu-host-car-1 Recreate 
 Container rsa-obu-ramp-back-1 Recreate 
 Container rsa-obu-ramp-merge-4-1 Recreate 
 Container rsa-traci-bridge-1 Recreated 
 Container rsa-obu-main-back-right-1 Recreated 
 Container rsa-obu-ramp-back-1 Recreated 
 Container rsa-obu-ramp-merge-3-1 Recreated 
 Container rsa-obu-merge-car-1 Recreated 
 Container rsa-obu-ramp-merge-2-1 Recreated 
 Container rsa-obu-ramp-merge-4-1 Recreated 
 Container rsa-obu-host-car-1 Recreated 
 Container rsa-obu-main-front-left-1 Recreated 
 Container rsa-obu-main-mid-right-1 Recreated 
 Container rsa-obu-ramp-merge-5-1 Recreated 
 Container rsa-obu-main-back-left-1 Recreated 
 Container rsa-obu-lead-car-1 Recreated 
Attaching to mqtt-broker-1, obu-host-car-1, obu-lead-car-1, obu-main-back-left-1, obu-main-back-right-1, obu-main-front-left-1, obu-main-mid-right-1, obu-merge-car-1, obu-ramp-back-1, obu-ramp-merge-2-1, obu-ramp-merge-3-1, obu-ramp-merge-4-1, obu-ramp-merge-5-1, traci-bridge-1
 Container rsa-obu-host-car-1 Starting 
 Container rsa-obu-ramp-merge-3-1 Starting 
 Container rsa-obu-main-back-right-1 Starting 
 Container rsa-obu-main-front-left-1 Starting 
 Container rsa-obu-ramp-merge-5-1 Starting 
 Container rsa-obu-main-back-left-1 Starting 
 Container rsa-obu-ramp-back-1 Starting 
 Container rsa-obu-main-mid-right-1 Starting 
 Container rsa-obu-ramp-merge-4-1 Starting 
 Container rsa-obu-merge-car-1 Starting 
 Container rsa-traci-bridge-1 Starting 
 Container rsa-obu-ramp-merge-2-1 Starting 
 Container rsa-obu-lead-car-1 Starting 
obu-ramp-merge-4-1  | No global board config file found. Skipping config update process
 Container rsa-obu-ramp-merge-4-1 Started 
obu-host-car-1      | No global board config file found. Skipping config update process
 Container rsa-obu-host-car-1 Started 
obu-ramp-merge-4-1  | 1779440931: mosquitto version 2.0.11 starting
obu-ramp-merge-4-1  | 1779440931: Config loaded from /mosquitto.conf.
obu-ramp-merge-4-1  | 1779440931: Opening ipv4 listen socket on port 1883.
obu-ramp-merge-4-1  | 1779440931: Connecting bridge (step 1) bridge_to_remote (mqtt-broker:1883)
obu-ramp-merge-4-1  | 1779440931: mosquitto version 2.0.11 running
 Container rsa-traci-bridge-1 Started 
obu-host-car-1      | 1779440931: mosquitto version 2.0.11 starting
obu-host-car-1      | 1779440931: Config loaded from /mosquitto.conf.
obu-host-car-1      | 1779440931: Opening ipv4 listen socket on port 1883.
obu-host-car-1      | 1779440931: Connecting bridge (step 1) bridge_to_remote (mqtt-broker:1883)
obu-host-car-1      | 1779440931: mosquitto version 2.0.11 running
obu-lead-car-1      | No global board config file found. Skipping config update process
 Container rsa-obu-lead-car-1 Started 
 Container rsa-obu-main-back-left-1 Started 
obu-main-back-left-1  | No global board config file found. Skipping config update process
obu-lead-car-1        | 1779440931: mosquitto version 2.0.11 starting
obu-lead-car-1        | 1779440931: Config loaded from /mosquitto.conf.
obu-lead-car-1        | 1779440931: Opening ipv4 listen socket on port 1883.
obu-lead-car-1        | 1779440931: Connecting bridge (step 1) bridge_to_remote (mqtt-broker:1883)
obu-lead-car-1        | 1779440931: mosquitto version 2.0.11 running
obu-ramp-merge-4-1    | 1779440931: Connecting bridge (step 2) bridge_to_remote (mqtt-broker:1883)
mqtt-broker-1         | 1779440931: New connection from 172.18.0.3:44154 on port 1883.
mqtt-broker-1         | 1779440931: New bridge connected from 172.18.0.3:44154 as a3e63f7b3e64.bridge_to_remote (p4, c0, k60).
obu-main-front-left-1  | No global board config file found. Skipping config update process
 Container rsa-obu-main-front-left-1 Started 
obu-merge-car-1        | No global board config file found. Skipping config update process
obu-host-car-1         | 1779440931: Connecting bridge (step 2) bridge_to_remote (mqtt-broker:1883)
obu-main-back-left-1   | 1779440931: mosquitto version 2.0.11 starting
obu-main-back-left-1   | 1779440931: Config loaded from /mosquitto.conf.
obu-main-back-left-1   | 1779440931: Opening ipv4 listen socket on port 1883.
obu-main-back-left-1   | 1779440931: Connecting bridge (step 1) bridge_to_remote (mqtt-broker:1883)
mqtt-broker-1          | 1779440931: New connection from 172.18.0.4:57258 on port 1883.
obu-main-back-left-1   | 1779440931: mosquitto version 2.0.11 running
mqtt-broker-1          | 1779440931: New bridge connected from 172.18.0.4:57258 as 44e30c7814d8.bridge_to_remote (p4, c0, k60).
 Container rsa-obu-merge-car-1 Started 
obu-main-front-left-1  | 1779440931: mosquitto version 2.0.11 starting
obu-main-front-left-1  | 1779440931: Config loaded from /mosquitto.conf.
obu-main-front-left-1  | 1779440931: Opening ipv4 listen socket on port 1883.
obu-main-front-left-1  | 1779440931: Connecting bridge (step 1) bridge_to_remote (mqtt-broker:1883)
obu-main-front-left-1  | 1779440931: mosquitto version 2.0.11 running
obu-main-back-right-1  | No global board config file found. Skipping config update process
 Container rsa-obu-main-back-right-1 Started 
obu-lead-car-1         | 1779440931: Connecting bridge (step 2) bridge_to_remote (mqtt-broker:1883)
mqtt-broker-1          | 1779440931: New connection from 172.18.0.6:34530 on port 1883.
obu-merge-car-1        | 1779440931: mosquitto version 2.0.11 starting
obu-merge-car-1        | 1779440931: Config loaded from /mosquitto.conf.
obu-merge-car-1        | 1779440931: Opening ipv4 listen socket on port 1883.
obu-merge-car-1        | 1779440931: Connecting bridge (step 1) bridge_to_remote (mqtt-broker:1883)
obu-merge-car-1        | 1779440931: mosquitto version 2.0.11 running
mqtt-broker-1          | 1779440931: New bridge connected from 172.18.0.6:34530 as 771efdc5127d.bridge_to_remote (p4, c0, k60).
obu-ramp-merge-5-1     | No global board config file found. Skipping config update process
 Container rsa-obu-ramp-merge-5-1 Started 
obu-main-mid-right-1   | No global board config file found. Skipping config update process
obu-main-back-right-1  | 1779440931: mosquitto version 2.0.11 starting
obu-main-back-right-1  | 1779440931: Config loaded from /mosquitto.conf.
obu-main-back-right-1  | 1779440931: Opening ipv4 listen socket on port 1883.
obu-main-back-right-1  | 1779440931: Connecting bridge (step 1) bridge_to_remote (mqtt-broker:1883)
obu-main-back-right-1  | 1779440931: mosquitto version 2.0.11 running
mqtt-broker-1          | 1779440931: New connection from 172.18.0.7:40562 on port 1883.
mqtt-broker-1          | 1779440931: New bridge connected from 172.18.0.7:40562 as 167b322ab89c.bridge_to_remote (p4, c0, k60).
obu-main-back-left-1   | 1779440931: Connecting bridge (step 2) bridge_to_remote (mqtt-broker:1883)
 Container rsa-obu-main-mid-right-1 Started 
obu-main-front-left-1  | 1779440931: Connecting bridge (step 2) bridge_to_remote (mqtt-broker:1883)
mqtt-broker-1          | 1779440931: New connection from 172.18.0.8:50778 on port 1883.
mqtt-broker-1          | 1779440931: New bridge connected from 172.18.0.8:50778 as 7d72972ae8e2.bridge_to_remote (p4, c0, k60).
mqtt-broker-1          | 1779440931: New connection from 172.18.0.5:37857 on port 1883.
mqtt-broker-1          | 1779440931: New client connected from 172.18.0.5:37857 as traci-bridge (p4, c1, k60).
obu-ramp-merge-5-1     | 1779440931: mosquitto version 2.0.11 starting
obu-ramp-merge-5-1     | 1779440931: Config loaded from /mosquitto.conf.
obu-ramp-merge-5-1     | 1779440931: Opening ipv4 listen socket on port 1883.
obu-ramp-merge-5-1     | 1779440931: Connecting bridge (step 1) bridge_to_remote (mqtt-broker:1883)
obu-ramp-merge-5-1     | 1779440931: mosquitto version 2.0.11 running
obu-merge-car-1        | 1779440931: Connecting bridge (step 2) bridge_to_remote (mqtt-broker:1883)
mqtt-broker-1          | 1779440931: New connection from 172.18.0.9:57164 on port 1883.
mqtt-broker-1          | 1779440931: New bridge connected from 172.18.0.9:57164 as 66b0574bf282.bridge_to_remote (p4, c0, k60).
obu-ramp-merge-2-1     | No global board config file found. Skipping config update process
 Container rsa-obu-ramp-merge-2-1 Started 
obu-main-mid-right-1   | 1779440931: mosquitto version 2.0.11 starting
obu-main-mid-right-1   | 1779440931: Config loaded from /mosquitto.conf.
obu-main-mid-right-1   | 1779440931: Opening ipv4 listen socket on port 1883.
obu-main-mid-right-1   | 1779440931: Connecting bridge (step 1) bridge_to_remote (mqtt-broker:1883)
obu-main-mid-right-1   | 1779440931: mosquitto version 2.0.11 running
obu-ramp-merge-3-1     | No global board config file found. Skipping config update process
 Container rsa-obu-ramp-merge-3-1 Started 
obu-main-back-right-1  | 1779440931: Connecting bridge (step 2) bridge_to_remote (mqtt-broker:1883)
mqtt-broker-1          | 1779440931: New connection from 172.18.0.10:53970 on port 1883.
mqtt-broker-1          | 1779440931: New bridge connected from 172.18.0.10:53970 as 103d9c20fdad.bridge_to_remote (p4, c0, k60).
obu-ramp-merge-2-1     | 1779440931: mosquitto version 2.0.11 starting
obu-ramp-merge-2-1     | 1779440931: Config loaded from /mosquitto.conf.
obu-ramp-merge-2-1     | 1779440931: Opening ipv4 listen socket on port 1883.
obu-ramp-merge-2-1     | 1779440931: Connecting bridge (step 1) bridge_to_remote (mqtt-broker:1883)
obu-ramp-merge-2-1     | 1779440931: mosquitto version 2.0.11 running
obu-ramp-merge-3-1     | 1779440931: mosquitto version 2.0.11 starting
obu-ramp-merge-3-1     | 1779440931: Config loaded from /mosquitto.conf.
obu-ramp-merge-3-1     | 1779440931: Opening ipv4 listen socket on port 1883.
obu-ramp-merge-3-1     | 1779440931: Connecting bridge (step 1) bridge_to_remote (mqtt-broker:1883)
obu-ramp-merge-3-1     | 1779440931: mosquitto version 2.0.11 running
obu-ramp-back-1        | No global board config file found. Skipping config update process
 Container rsa-obu-ramp-back-1 Started 
obu-ramp-back-1        | 1779440931: mosquitto version 2.0.11 starting
obu-ramp-back-1        | 1779440931: Config loaded from /mosquitto.conf.
obu-ramp-back-1        | 1779440931: Opening ipv4 listen socket on port 1883.
obu-ramp-back-1        | 1779440931: Connecting bridge (step 1) bridge_to_remote (mqtt-broker:1883)
obu-ramp-back-1        | 1779440931: mosquitto version 2.0.11 running
obu-ramp-merge-5-1     | 1779440931: Connecting bridge (step 2) bridge_to_remote (mqtt-broker:1883)
mqtt-broker-1          | 1779440931: New connection from 172.18.0.11:37038 on port 1883.
mqtt-broker-1          | 1779440931: New bridge connected from 172.18.0.11:37038 as e872164b1d34.bridge_to_remote (p4, c0, k60).
obu-main-mid-right-1   | 1779440931: Connecting bridge (step 2) bridge_to_remote (mqtt-broker:1883)
mqtt-broker-1          | 1779440931: New connection from 172.18.0.12:57692 on port 1883.
mqtt-broker-1          | 1779440931: New bridge connected from 172.18.0.12:57692 as cd7af3c6a01e.bridge_to_remote (p4, c0, k60).
obu-ramp-merge-2-1     | 1779440931: Connecting bridge (step 2) bridge_to_remote (mqtt-broker:1883)
mqtt-broker-1          | 1779440931: New connection from 172.18.0.13:51562 on port 1883.
mqtt-broker-1          | 1779440931: New bridge connected from 172.18.0.13:51562 as fe3566169f13.bridge_to_remote (p4, c0, k60).
obu-ramp-merge-3-1     | 1779440931: Connecting bridge (step 2) bridge_to_remote (mqtt-broker:1883)
mqtt-broker-1          | 1779440931: New connection from 172.18.0.14:51196 on port 1883.
mqtt-broker-1          | 1779440931: New bridge connected from 172.18.0.14:51196 as a38aed8a5028.bridge_to_remote (p4, c0, k60).
obu-ramp-back-1        | 1779440931: Connecting bridge (step 2) bridge_to_remote (mqtt-broker:1883)
mqtt-broker-1          | 1779440931: New connection from 172.18.0.15:40154 on port 1883.
mqtt-broker-1          | 1779440931: New bridge connected from 172.18.0.15:40154 as a3cead583a19.bridge_to_remote (p4, c0, k60).
obu-ramp-merge-4-1     | Using MAC address: 6e:06:e0:03:00:1a.
obu-ramp-merge-4-1     | 1779440932: New connection from 127.0.0.1:54620 on port 1883.
obu-ramp-merge-4-1     | 1779440932: New client connected from 127.0.0.1:54620 as a3e63f7b3e64_969 (p2, c1, k60).
obu-ramp-merge-4-1     | mqtt.cpp: connected with server
mqtt-broker-1          | 1779440932: New connection from 172.18.0.3:44170 on port 1883.
mqtt-broker-1          | 1779440932: New client connected from 172.18.0.3:44170 as auto-F9B2709C-2860-3942-24FE-25481F284F97 (p4, c1, k60, u'""').
obu-ramp-merge-4-1     | mqtt.cpp: connected with server
obu-host-car-1         | Using MAC address: 6e:06:e0:03:00:14.
obu-ramp-merge-4-1     | 1779440932: New connection from 127.0.0.1:46935 on port 1883.
obu-ramp-merge-4-1     | 1779440932: New client connected from 127.0.0.1:46935 as obu-Ramp_Merge_4-1 (p2, c1, k60).
obu-host-car-1         | 1779440932: New connection from 127.0.0.1:54632 on port 1883.
obu-host-car-1         | 1779440932: New client connected from 127.0.0.1:54632 as 44e30c7814d8_745 (p2, c1, k60).
obu-host-car-1         | mqtt.cpp: connected with server
mqtt-broker-1          | 1779440932: New connection from 172.18.0.4:57262 on port 1883.
mqtt-broker-1          | 1779440932: New client connected from 172.18.0.4:57262 as auto-95E04F2E-6F2E-6308-D3D1-5D4B86D1F653 (p4, c1, k60, u'""').
obu-host-car-1         | mqtt.cpp: connected with server
obu-host-car-1         | 1779440932: New connection from 127.0.0.1:46711 on port 1883.
obu-host-car-1         | 1779440932: New client connected from 127.0.0.1:46711 as obu-Host_Car-1 (p2, c1, k60).
obu-lead-car-1         | Using MAC address: 6e:06:e0:03:00:11.
obu-lead-car-1         | 1779440932: New connection from 127.0.0.1:54636 on port 1883.
obu-lead-car-1         | 1779440932: New client connected from 127.0.0.1:54636 as 771efdc5127d_192 (p2, c1, k60).
obu-lead-car-1         | mqtt.cpp: connected with server
mqtt-broker-1          | 1779440932: New connection from 172.18.0.6:34536 on port 1883.
mqtt-broker-1          | 1779440932: New client connected from 172.18.0.6:34536 as auto-A0B887DC-CB3C-6FD2-C019-3CA83841D8F5 (p4, c1, k60, u'""').
obu-lead-car-1         | mqtt.cpp: connected with server
obu-lead-car-1         | 1779440932: New connection from 127.0.0.1:39213 on port 1883.
obu-lead-car-1         | 1779440932: New client connected from 127.0.0.1:39213 as obu-Lead_Car-1 (p2, c1, k60).
obu-main-back-left-1   | Using MAC address: 6e:06:e0:03:00:15.
obu-main-front-left-1  | Using MAC address: 6e:06:e0:03:00:12.
obu-main-back-left-1   | 1779440932: New connection from 127.0.0.1:54644 on port 1883.
obu-main-back-left-1   | 1779440932: New client connected from 127.0.0.1:54644 as 167b322ab89c_129 (p2, c1, k60).
obu-main-back-left-1   | mqtt.cpp: connected with server
mqtt-broker-1          | 1779440932: New connection from 172.18.0.7:40576 on port 1883.
mqtt-broker-1          | 1779440932: New client connected from 172.18.0.7:40576 as auto-8EDD21B5-6FCD-B8E3-83FB-2A8977EFD54E (p4, c1, k60, u'""').
obu-main-back-left-1   | mqtt.cpp: connected with server
obu-main-front-left-1  | 1779440932: New connection from 127.0.0.1:54656 on port 1883.
obu-main-front-left-1  | 1779440932: New client connected from 127.0.0.1:54656 as 7d72972ae8e2_189 (p2, c1, k60).
obu-main-front-left-1  | mqtt.cpp: connected with server
mqtt-broker-1          | 1779440932: New connection from 172.18.0.8:50788 on port 1883.
mqtt-broker-1          | 1779440932: New client connected from 172.18.0.8:50788 as auto-EF652EBC-4272-8CAB-85AE-474124F7C69F (p4, c1, k60, u'""').
obu-main-front-left-1  | mqtt.cpp: connected with server
obu-main-back-left-1   | 1779440932: New connection from 127.0.0.1:51525 on port 1883.
obu-main-back-left-1   | 1779440932: New client connected from 127.0.0.1:51525 as obu-Main_Back_Left-1 (p2, c1, k60).
obu-main-front-left-1  | 1779440932: New connection from 127.0.0.1:32913 on port 1883.
obu-main-front-left-1  | 1779440932: New client connected from 127.0.0.1:32913 as obu-Main_Front_Left-1 (p2, c1, k60).
obu-merge-car-1        | Using MAC address: 6e:06:e0:03:00:17.
obu-merge-car-1        | 1779440932: New connection from 127.0.0.1:54532 on port 1883.
obu-merge-car-1        | 1779440932: New client connected from 127.0.0.1:54532 as 66b0574bf282_160 (p2, c1, k60).
obu-merge-car-1        | mqtt.cpp: connected with server
mqtt-broker-1          | 1779440932: New connection from 172.18.0.9:44294 on port 1883.
mqtt-broker-1          | 1779440932: New client connected from 172.18.0.9:44294 as auto-3793DCFF-DA19-9956-22EA-B40495C70422 (p4, c1, k60, u'""').
obu-merge-car-1        | mqtt.cpp: connected with server
obu-merge-car-1        | 1779440932: New connection from 127.0.0.1:36517 on port 1883.
obu-merge-car-1        | 1779440932: New client connected from 127.0.0.1:36517 as obu-Merge_Car-1 (p2, c1, k60).
obu-main-back-right-1  | Using MAC address: 6e:06:e0:03:00:16.
obu-main-back-right-1  | 1779440932: New connection from 127.0.0.1:54546 on port 1883.
obu-main-back-right-1  | 1779440932: New client connected from 127.0.0.1:54546 as 103d9c20fdad_23 (p2, c1, k60).
obu-main-back-right-1  | mqtt.cpp: connected with server
mqtt-broker-1          | 1779440932: New connection from 172.18.0.10:57038 on port 1883.
mqtt-broker-1          | 1779440932: New client connected from 172.18.0.10:57038 as auto-4A7B5D49-67E4-40BA-F14D-8BE2905C5A2C (p4, c1, k60, u'""').
obu-main-back-right-1  | mqtt.cpp: connected with server
obu-main-back-right-1  | 1779440932: New connection from 127.0.0.1:53723 on port 1883.
obu-main-back-right-1  | 1779440932: New client connected from 127.0.0.1:53723 as obu-Main_Back_Right-1 (p2, c1, k60).
obu-ramp-merge-5-1     | Using MAC address: 6e:06:e0:03:00:1b.
obu-ramp-merge-5-1     | 1779440932: New connection from 127.0.0.1:54556 on port 1883.
obu-ramp-merge-5-1     | 1779440932: New client connected from 127.0.0.1:54556 as e872164b1d34_174 (p2, c1, k60).
obu-ramp-merge-5-1     | mqtt.cpp: connected with server
mqtt-broker-1          | 1779440932: New connection from 172.18.0.11:36840 on port 1883.
mqtt-broker-1          | 1779440932: New client connected from 172.18.0.11:36840 as auto-54E534B9-7788-F001-6290-3956EDC9F240 (p4, c1, k60, u'""').
obu-ramp-merge-5-1     | mqtt.cpp: connected with server
obu-main-mid-right-1   | Using MAC address: 6e:06:e0:03:00:13.
obu-main-mid-right-1   | 1779440932: New connection from 127.0.0.1:54568 on port 1883.
obu-main-mid-right-1   | 1779440932: New client connected from 127.0.0.1:54568 as cd7af3c6a01e_536 (p2, c1, k60).
obu-main-mid-right-1   | mqtt.cpp: connected with server
mqtt-broker-1          | 1779440932: New connection from 172.18.0.12:55570 on port 1883.
mqtt-broker-1          | 1779440932: New client connected from 172.18.0.12:55570 as auto-D3E014B9-D5FA-7509-9B9C-8F94A7027DCE (p4, c1, k60, u'""').
obu-main-mid-right-1   | mqtt.cpp: connected with server
obu-ramp-merge-5-1     | 1779440932: New connection from 127.0.0.1:49899 on port 1883.
obu-ramp-merge-5-1     | 1779440932: New client connected from 127.0.0.1:49899 as obu-Ramp_Merge_5-1 (p2, c1, k60).
obu-ramp-merge-2-1     | Using MAC address: 6e:06:e0:03:00:18.
obu-ramp-merge-3-1     | Using MAC address: 6e:06:e0:03:00:19.
obu-main-mid-right-1   | 1779440932: New connection from 127.0.0.1:47835 on port 1883.
obu-main-mid-right-1   | 1779440932: New client connected from 127.0.0.1:47835 as obu-Main_Mid_Right-1 (p2, c1, k60).
obu-ramp-merge-3-1     | 1779440932: New connection from 127.0.0.1:54584 on port 1883.
obu-ramp-merge-2-1     | 1779440932: New connection from 127.0.0.1:54584 on port 1883.
obu-ramp-merge-3-1     | 1779440932: New client connected from 127.0.0.1:54584 as a38aed8a5028_25 (p2, c1, k60).
obu-ramp-merge-2-1     | 1779440932: New client connected from 127.0.0.1:54584 as fe3566169f13_702 (p2, c1, k60).
obu-ramp-merge-2-1     | mqtt.cpp: connected with server
obu-ramp-merge-3-1     | mqtt.cpp: connected with server
mqtt-broker-1          | 1779440932: New connection from 172.18.0.14:49616 on port 1883.
mqtt-broker-1          | 1779440932: New connection from 172.18.0.13:35934 on port 1883.
mqtt-broker-1          | 1779440932: New client connected from 172.18.0.14:49616 as auto-C4B1644F-2FDD-2D84-FBDA-94B6DF838E2C (p4, c1, k60, u'""').
mqtt-broker-1          | 1779440932: New client connected from 172.18.0.13:35934 as auto-0B4DE538-1501-380B-DE04-B77A324DD959 (p4, c1, k60, u'""').
obu-ramp-back-1        | Using MAC address: 6e:06:e0:03:00:1c.
obu-ramp-merge-3-1     | mqtt.cpp: connected with server
obu-ramp-merge-2-1     | mqtt.cpp: connected with server
obu-ramp-merge-2-1     | 1779440932: New connection from 127.0.0.1:57893 on port 1883.
obu-ramp-merge-2-1     | 1779440932: New client connected from 127.0.0.1:57893 as obu-Ramp_Merge_2-1 (p2, c1, k60).
obu-ramp-merge-3-1     | 1779440932: New connection from 127.0.0.1:50733 on port 1883.
obu-ramp-merge-3-1     | 1779440932: New client connected from 127.0.0.1:50733 as obu-Ramp_Merge_3-1 (p2, c1, k60).
obu-ramp-back-1        | 1779440932: New connection from 127.0.0.1:54606 on port 1883.
obu-ramp-back-1        | 1779440932: New client connected from 127.0.0.1:54606 as a3cead583a19_973 (p2, c1, k60).
obu-ramp-back-1        | mqtt.cpp: connected with server
mqtt-broker-1          | 1779440932: New connection from 172.18.0.15:54230 on port 1883.
mqtt-broker-1          | 1779440932: New client connected from 172.18.0.15:54230 as auto-67AADAFE-3263-4337-DA06-1C45DE178A53 (p4, c1, k60, u'""').
obu-ramp-back-1        | mqtt.cpp: connected with server
obu-ramp-back-1        | 1779440932: New connection from 127.0.0.1:54319 on port 1883.
obu-ramp-back-1        | 1779440932: New client connected from 127.0.0.1:54319 as obu-Ramp_Back-1 (p2, c1, k60).
obu-ramp-merge-4-1     | Zenoh session established locally
obu-host-car-1         | Zenoh session established locally
obu-lead-car-1         | Zenoh session established locally
obu-main-back-left-1   | Zenoh session established locally
obu-main-front-left-1  | Zenoh session established locally
obu-merge-car-1        | Zenoh session established locally
obu-main-back-right-1  | Zenoh session established locally
obu-ramp-merge-5-1     | Zenoh session established locally
obu-main-mid-right-1   | Zenoh session established locally
obu-merge-car-1        | [0.1] Merge_Car MERGE_DECISION: auth=False phys=False fgok=True lgok=True hgok=True cok=True esok=True cready=False dtm=91.2 past=False committed=False hid=None ra=None lclear=True hyok=True
obu-ramp-merge-2-1     | Zenoh session established locally
obu-ramp-merge-3-1     | Zenoh session established locally
obu-ramp-back-1        | Zenoh session established locally
obu-merge-car-1        | MERGE_SLOT_QUALITY_DIAG: vehicle=Merge_Car event=REQUEST_NEW t=0.2 manoeuvre=3 source=new_request lead=102 host=103 own_eta=9.86 lead_eta=6.52 host_eta=11.25 min_eta=8.02 max_eta=9.75 desired_eta=9.75 gap_possible=True dtm=90.8 edge=34126779 lane=0 speed=9.21 lead_speed=8.30 host_speed=8.19 lead_gap=64.93 host_gap=86.63 lead_gap_t1=64.02 lead_gap_t2=63.11 lead_gap_t3=62.20 host_gap_t1=85.61 host_gap_t2=84.59 host_gap_t3=83.57 rel_to_lead=0.91 rel_to_host=1.02 lead_lat=36.23 host_lat=5.04 pending=True accepted=False authorized=False committed=False pending_age=0.00 accepted_age=None lane_cmd_state=NONE lane_cmd_target=None
obu-merge-car-1        | MERGE_ATTEMPT_TIMELINE: vehicle=Merge_Car manoeuvre=3 host=103 lead=102 event=REQUEST_SENT t=0.2 edge=34126779 lane=0 lane_cmd_state=NONE speed=9.21 target=6.75 dtm=90.8 lead_gap=64.93 host_gap=86.63 lead_gap_t1=64.02 lead_gap_t2=63.11 lead_gap_t3=62.20 host_gap_t1=85.61 host_gap_t2=84.59 host_gap_t3=83.57
obu-merge-car-1        | [0.2] Merge_Car MCM_TX_REQUEST: manoeuvre=3 target=103
obu-merge-car-1        | [0.2] Merge_Car MERGE_DECISION: auth=False phys=False fgok=True lgok=True hgok=False cok=True esok=True cready=False dtm=90.8 past=False committed=False hid=103 ra=None lclear=True hyok=False
obu-main-mid-right-1   | [0.3] Main_Mid_Right MCM_RX_REQUEST: from=107 manoeuvre=3 target=103
obu-merge-car-1        | [0.4] Merge_Car FINAL_GUARD: REJECTED slot-boundary ETA sid=103
obu-merge-car-1        | [0.4] Merge_Car MERGE_DECISION: auth=False phys=False fgok=False lgok=True hgok=False cok=True esok=True cready=False dtm=89.8 past=False committed=False hid=103 ra=None lclear=True hyok=False
obu-main-mid-right-1   | HOST_RESERVATION_START: host=Main_Mid_Right ramp=107 manoeuvre=3 until=4.4 own_speed=8.31 target_speed=6.18 required_speed=6.18 gap_eta=0.97
obu-main-mid-right-1   | [0.4] Main_Mid_Right HOST_RESERVED: merge=107 manoeuvre=3 until=4.4 target_spd=6.18
obu-main-mid-right-1   | [0.4] Main_Mid_Right HOST_YIELD: for merge=107 req_spd=6.18
obu-main-mid-right-1   | HOST_REQUEST_DECISION: host=Main_Mid_Right ramp=107 manoeuvre=3 decision=ACCEPT reason=YIELDING ramp_eta=9.81 host_eta=10.78 required_speed=6.18 current_speed=8.31 active_request_ramp=107 active_request_remaining=4.0 ramp_remote_edge= ramp_remote_lane= ramp_remote_fsm=NONE
obu-main-mid-right-1   | [0.4] Main_Mid_Right MCM_TX_ACCEPT: manoeuvre=3 target=107
obu-merge-car-1        | [0.5] Merge_Car MCM_RX_ACCEPT: from=103 manoeuvre=3 target=107
obu-main-mid-right-1   | HOST_RESERVATION_HOLD: host=Main_Mid_Right ramp=107 manoeuvre=3 remaining=3.8 own_speed=8.17 target_speed=6.18 ramp_fsm=NEGOTIATING ramp_lane_cmd_state=NONE ramp_edge=34126779 ramp_lane=0 ramp_merge_completed=False ramp_merge_committed=False
obu-main-mid-right-1   | [0.6] Main_Mid_Right HOST_HOLD_YIELD: for merge=107 spd=6.18
obu-merge-car-1        | MCM_REQUEST_RETRY_DIAG: vehicle=Merge_Car host=103 lead=102 manoeuvre=3 retry_count=1 pending_age=0.4 dtm=88.8 own_eta=9.71 host_eta_current=11.199667172772962 host_eta_at_request=11.24623346403006 lead_eta_current=6.141417974956093 lead_eta_at_request=6.520035408978751 last_response_action=2 last_response_age=0.09999999999999998 host_remote_fsm=CRUISE host_remote_edge=560761994 host_remote_lane=0 host_remote_merge_committed=False host_remote_merge_completed=False host_remote_active_merge_request=False host_remote_active_station_id=None host_remote_active_manoeuvre_id=None host_remote_active_remaining_s=0.0
obu-merge-car-1        | MERGE_SLOT_QUALITY_DIAG: vehicle=Merge_Car event=REQUEST_RETRY t=0.6 manoeuvre=3 source=retry_request lead=102 host=103 own_eta=9.71 lead_eta=6.52 host_eta=11.20 min_eta=8.02 max_eta=9.70 desired_eta=9.70 gap_possible=True dtm=88.8 edge=34126779 lane=0 speed=9.14 lead_speed=8.40 host_speed=8.00 lead_gap=63.73 host_gap=81.78 lead_gap_t1=62.99 lead_gap_t2=62.25 lead_gap_t3=61.50 host_gap_t1=80.63 host_gap_t2=79.49 host_gap_t3=78.35 rel_to_lead=0.74 rel_to_host=1.14 lead_lat=30.27 host_lat=3.19 pending=True accepted=False authorized=False committed=False pending_age=0.40 accepted_age=None lane_cmd_state=NONE lane_cmd_target=None
obu-merge-car-1        | [0.6] Merge_Car MCM_TX_REQUEST: manoeuvre=3 target=103
obu-merge-car-1        | MERGE_ATTEMPT_TIMELINE: vehicle=Merge_Car manoeuvre=3 host=103 lead=102 event=ACCEPT_MATCHED t=0.6 edge=34126779 lane=0 lane_cmd_state=NONE speed=9.14 target=6.75 dtm=88.8 lead_gap=63.73 host_gap=81.78 lead_gap_t1=62.99 lead_gap_t2=62.25 lead_gap_t3=61.50 host_gap_t1=80.63 host_gap_t2=79.49 host_gap_t3=78.35
obu-merge-car-1        | MERGE_SLOT_QUALITY_DIAG: vehicle=Merge_Car event=ACCEPT_MATCHED t=0.6 manoeuvre=3 source=accept_matched lead=102 host=103 own_eta=9.71 lead_eta=6.52 host_eta=11.20 min_eta=8.02 max_eta=9.70 desired_eta=9.70 gap_possible=True dtm=88.8 edge=34126779 lane=0 speed=9.14 lead_speed=8.40 host_speed=8.00 lead_gap=63.73 host_gap=81.78 lead_gap_t1=62.99 lead_gap_t2=62.25 lead_gap_t3=61.50 host_gap_t1=80.63 host_gap_t2=79.49 host_gap_t3=78.35 rel_to_lead=0.74 rel_to_host=1.14 lead_lat=30.27 host_lat=3.19 pending=True accepted=False authorized=False committed=False pending_age=0.40 accepted_age=None lane_cmd_state=NONE lane_cmd_target=None
obu-merge-car-1        | [0.6] Merge_Car MCM_ACCEPT_MATCHED: host=103 manoeuvre=3
obu-main-mid-right-1   | [0.7] Main_Mid_Right MCM_RX_REQUEST: from=107 manoeuvre=3 target=103
obu-main-mid-right-1   | HOST_RESERVATION_HOLD: host=Main_Mid_Right ramp=107 manoeuvre=3 remaining=3.6 own_speed=7.97 target_speed=6.18 ramp_fsm=NEGOTIATING ramp_lane_cmd_state=NONE ramp_edge=34126779 ramp_lane=0 ramp_merge_completed=False ramp_merge_committed=False
obu-main-mid-right-1   | [0.8] Main_Mid_Right HOST_HOLD_YIELD: for merge=107 spd=6.18
obu-main-mid-right-1   | [0.8] Main_Mid_Right MCM_TX_ACCEPT: manoeuvre=3 target=107
obu-merge-car-1        | [0.8] Merge_Car MCM_RX_ACCEPT: from=103 manoeuvre=3 target=107
obu-lead-car-1         | [1.0] Lead_Car role=lead state=CRUISE->CRUISE speed=8.61 target=8.61 neighbors=10
obu-main-mid-right-1   | HOST_RESERVATION_HOLD: host=Main_Mid_Right ramp=107 manoeuvre=3 remaining=3.4 own_speed=7.80 target_speed=6.18 ramp_fsm=NEGOTIATING ramp_lane_cmd_state=NONE ramp_edge=34126779 ramp_lane=0 ramp_merge_completed=False ramp_merge_committed=False
obu-main-mid-right-1   | [1.0] Main_Mid_Right HOST_HOLD_YIELD: for merge=107 spd=6.18
obu-main-mid-right-1   | [1.0] Main_Mid_Right role=host state=YIELDING->YIELDING speed=7.80 target=6.18 neighbors=10
obu-ramp-merge-3-1     | [1.0] Ramp_Merge_3 role=merge state=YIELDING->YIELDING speed=8.19 target=7.94 neighbors=10
obu-merge-car-1        | [1.0] Merge_Car FINAL_GUARD: REJECTED slot-boundary ETA sid=103
obu-merge-car-1        | [1.0] Merge_Car role=merge state=NEGOTIATING->NEGOTIATING speed=8.85 target=6.38 neighbors=10
obu-ramp-merge-2-1     | [1.0] Ramp_Merge_2 role=merge state=CRUISE->CRUISE speed=8.25 target=6.75 neighbors=10
obu-host-car-1         | [1.1] Host_Car role=host state=CRUISE->CRUISE speed=7.94 target=7.50 neighbors=10
obu-main-back-right-1  | [1.1] Main_Back_Right role=host state=CRUISE->CRUISE speed=7.93 target=7.50 neighbors=10
obu-main-back-left-1   | [1.1] Main_Back_Left role=host state=CRUISE->CRUISE speed=8.00 target=7.50 neighbors=10
obu-ramp-merge-5-1     | [1.1] Ramp_Merge_5 role=merge state=YIELDING->YIELDING speed=8.05 target=7.80 neighbors=10
obu-ramp-merge-4-1     | [1.1] Ramp_Merge_4 role=merge state=YIELDING->YIELDING speed=8.12 target=7.87 neighbors=10
obu-merge-car-1        | [1.1] Merge_Car FINAL_GUARD: REJECTED slot-boundary ETA sid=103
obu-main-mid-right-1   | HOST_RESERVATION_HOLD: host=Main_Mid_Right ramp=107 manoeuvre=3 remaining=3.3 own_speed=7.72 target_speed=6.18 ramp_fsm=NEGOTIATING ramp_lane_cmd_state=NONE ramp_edge=34126779 ramp_lane=0 ramp_merge_completed=False ramp_merge_committed=False
obu-main-mid-right-1   | [1.1] Main_Mid_Right HOST_HOLD_YIELD: for merge=107 spd=6.18
obu-main-mid-right-1   | [1.1] Main_Mid_Right MCM_TX_ACCEPT: manoeuvre=3 target=107
obu-main-front-left-1  | [1.2] Main_Front_Left role=lead state=CRUISE->CRUISE speed=8.41 target=8.41 neighbors=10
obu-ramp-back-1        | [1.1] Ramp_Back role=merge state=CRUISE->CRUISE speed=8.00 target=6.75 neighbors=7
obu-merge-car-1        | [1.2] Merge_Car MCM_RX_ACCEPT: from=103 manoeuvre=3 target=107
obu-main-mid-right-1   | HOST_RESERVATION_HOLD: host=Main_Mid_Right ramp=107 manoeuvre=3 remaining=3.1 own_speed=7.57 target_speed=6.18 ramp_fsm=NEGOTIATING ramp_lane_cmd_state=NONE ramp_edge=34126779 ramp_lane=0 ramp_merge_completed=False ramp_merge_committed=False
obu-main-mid-right-1   | [1.3] Main_Mid_Right HOST_HOLD_YIELD: for merge=107 spd=6.18
obu-merge-car-1        | [1.4] Merge_Car FINAL_GUARD: REJECTED slot-boundary ETA sid=103
obu-ramp-back-1        | [1.4] Ramp_Back CAR_FOLLOW: sid=111 edge=34126779 lane=0 leader_edge= leader_lane=None leader_role_hint=ramp self_merge_completed=False self_merge_completed_age=-1.0 self_merge_committed=False lane_cmd_state=None lane_cmd_edge=None lane_cmd_target=None lane_cmd_executable=None same_lane=True reason=same_lane_cam gap=11.5 follow_spd=5.64 emergency=False target_before=6.635819093921726 target_after=6.635819093921726 target_after_raw=5.64
obu-main-mid-right-1   | HOST_RESERVATION_HOLD: host=Main_Mid_Right ramp=107 manoeuvre=3 remaining=2.9 own_speed=7.43 target_speed=6.18 ramp_fsm=NEGOTIATING ramp_lane_cmd_state=NONE ramp_edge=34126779 ramp_lane=0 ramp_merge_completed=False ramp_merge_committed=False
obu-main-mid-right-1   | [1.5] Main_Mid_Right HOST_HOLD_YIELD: for merge=107 spd=6.18
obu-main-mid-right-1   | [1.5] Main_Mid_Right MCM_TX_ACCEPT: manoeuvre=3 target=107
obu-merge-car-1        | [1.5] Merge_Car FINAL_GUARD: REJECTED slot-boundary ETA sid=103
obu-ramp-back-1        | [1.5] Ramp_Back CAR_FOLLOW: sid=111 edge=34126779 lane=0 leader_edge= leader_lane=None leader_role_hint=ramp self_merge_completed=False self_merge_completed_age=-1.0 self_merge_committed=False lane_cmd_state=None lane_cmd_edge=None lane_cmd_target=None lane_cmd_executable=None same_lane=True reason=same_lane_cam gap=10.8 follow_spd=4.78 emergency=False target_before=6.62902813922564 target_after=6.62902813922564 target_after_raw=4.78
obu-merge-car-1        | [1.5] Merge_Car MCM_RX_ACCEPT: from=103 manoeuvre=3 target=107
obu-main-mid-right-1   | HOST_RESERVATION_HOLD: host=Main_Mid_Right ramp=107 manoeuvre=3 remaining=2.8 own_speed=7.37 target_speed=6.18 ramp_fsm=NEGOTIATING ramp_lane_cmd_state=NONE ramp_edge=34126779 ramp_lane=0 ramp_merge_completed=False ramp_merge_committed=False
obu-main-mid-right-1   | [1.6] Main_Mid_Right HOST_HOLD_YIELD: for merge=107 spd=6.18
obu-main-mid-right-1   | HOST_RESERVATION_HOLD: host=Main_Mid_Right ramp=107 manoeuvre=3 remaining=2.6 own_speed=7.25 target_speed=6.18 ramp_fsm=NEGOTIATING ramp_lane_cmd_state=NONE ramp_edge=34126779 ramp_lane=0 ramp_merge_completed=False ramp_merge_committed=False
obu-main-mid-right-1   | [1.8] Main_Mid_Right HOST_HOLD_YIELD: for merge=107 spd=6.18
obu-main-mid-right-1   | [1.8] Main_Mid_Right MCM_TX_ACCEPT: manoeuvre=3 target=107
obu-ramp-back-1        | [1.8] Ramp_Back CAR_FOLLOW: sid=111 edge=34126779 lane=0 leader_edge= leader_lane=None leader_role_hint=ramp self_merge_completed=False self_merge_completed_age=-1.0 self_merge_committed=False lane_cmd_state=None lane_cmd_edge=None lane_cmd_target=None lane_cmd_executable=None same_lane=True reason=same_lane_cam gap=12.0 follow_spd=6.22 emergency=False target_before=6.598830744443084 target_after=6.598830744443084 target_after_raw=6.22
obu-merge-car-1        | [1.8] Merge_Car MCM_RX_ACCEPT: from=103 manoeuvre=3 target=107
obu-lead-car-1         | [2.0] Lead_Car role=lead state=CRUISE->CRUISE speed=8.61 target=8.61 neighbors=11
obu-main-mid-right-1   | HOST_RESERVATION_HOLD: host=Main_Mid_Right ramp=107 manoeuvre=3 remaining=2.4 own_speed=7.15 target_speed=6.18 ramp_fsm=NEGOTIATING ramp_lane_cmd_state=NONE ramp_edge=34126779 ramp_lane=0 ramp_merge_completed=False ramp_merge_committed=False
obu-main-mid-right-1   | [2.0] Main_Mid_Right HOST_HOLD_YIELD: for merge=107 spd=6.18
obu-main-mid-right-1   | [2.0] Main_Mid_Right role=host state=YIELDING->YIELDING speed=7.15 target=6.18 neighbors=11
obu-main-mid-right-1   | HOST_RESERVATION_HOLD: host=Main_Mid_Right ramp=107 manoeuvre=3 remaining=2.3 own_speed=7.10 target_speed=6.18 ramp_fsm=NEGOTIATING ramp_lane_cmd_state=NONE ramp_edge=34126779 ramp_lane=0 ramp_merge_completed=False ramp_merge_committed=False
obu-main-mid-right-1   | [2.1] Main_Mid_Right HOST_HOLD_YIELD: for merge=107 spd=6.18
obu-main-mid-right-1   | [2.1] Main_Mid_Right MCM_TX_ACCEPT: manoeuvre=3 target=107
obu-host-car-1         | [2.1] Host_Car role=host state=CRUISE->CRUISE speed=7.76 target=7.50 neighbors=11
obu-main-back-left-1   | [2.1] Main_Back_Left role=host state=CRUISE->CRUISE speed=7.80 target=7.50 neighbors=11
obu-main-back-right-1  | [2.1] Main_Back_Right role=host state=CRUISE->CRUISE speed=7.76 target=7.50 neighbors=11
obu-ramp-merge-2-1     | [2.0] Ramp_Merge_2 role=merge state=CRUISE->CRUISE speed=7.65 target=6.75 neighbors=11
obu-ramp-merge-3-1     | [2.0] Ramp_Merge_3 role=merge state=YIELDING->YIELDING speed=8.08 target=7.83 neighbors=11
obu-merge-car-1        | [2.1] Merge_Car FINAL_GUARD: REJECTED slot-boundary ETA sid=103
obu-merge-car-1        | [2.1] Merge_Car role=merge state=NEGOTIATING->NEGOTIATING speed=7.78 target=6.38 neighbors=11
obu-main-mid-right-1   | HOST_RESERVATION_HOLD: host=Main_Mid_Right ramp=107 manoeuvre=3 remaining=2.2 own_speed=7.05 target_speed=6.18 ramp_fsm=NEGOTIATING ramp_lane_cmd_state=NONE ramp_edge=34126779 ramp_lane=0 ramp_merge_completed=False ramp_merge_committed=False
obu-main-mid-right-1   | [2.2] Main_Mid_Right HOST_HOLD_YIELD: for merge=107 spd=6.18
obu-merge-car-1        | [2.1] Merge_Car MCM_RX_ACCEPT: from=103 manoeuvre=3 target=107
obu-ramp-back-1        | [2.1] Ramp_Back role=merge state=YIELDING->YIELDING speed=6.81 target=6.56 neighbors=11
obu-merge-car-1        | [2.2] Merge_Car FINAL_GUARD: REJECTED slot-boundary ETA sid=103
obu-ramp-merge-5-1     | [2.1] Ramp_Merge_5 role=merge state=YIELDING->YIELDING speed=7.80 target=7.55 neighbors=11
obu-ramp-merge-4-1     | [2.1] Ramp_Merge_4 role=merge state=YIELDING->YIELDING speed=8.01 target=7.76 neighbors=11
obu-main-front-left-1  | [2.2] Main_Front_Left role=lead state=CRUISE->CRUISE speed=8.41 target=8.41 neighbors=11
obu-main-mid-right-1   | HOST_RESERVATION_HOLD: host=Main_Mid_Right ramp=107 manoeuvre=3 remaining=2.0 own_speed=6.97 target_speed=6.18 ramp_fsm=NEGOTIATING ramp_lane_cmd_state=NONE ramp_edge=34126779 ramp_lane=0 ramp_merge_completed=False ramp_merge_committed=False
obu-main-mid-right-1   | [2.4] Main_Mid_Right HOST_HOLD_YIELD: for merge=107 spd=6.18
obu-main-mid-right-1   | [2.4] Main_Mid_Right MCM_TX_ACCEPT: manoeuvre=3 target=107
obu-merge-car-1        | [2.4] Merge_Car FINAL_GUARD: REJECTED slot-boundary ETA sid=103
obu-merge-car-1        | [2.4] Merge_Car MCM_RX_ACCEPT: from=103 manoeuvre=3 target=107
obu-main-mid-right-1   | HOST_RESERVATION_HOLD: host=Main_Mid_Right ramp=107 manoeuvre=3 remaining=1.9 own_speed=6.93 target_speed=6.18 ramp_fsm=NEGOTIATING ramp_lane_cmd_state=NONE ramp_edge=34126779 ramp_lane=0 ramp_merge_completed=False ramp_merge_committed=False
obu-main-mid-right-1   | [2.5] Main_Mid_Right HOST_HOLD_YIELD: for merge=107 spd=6.18
obu-merge-car-1        | [2.5] Merge_Car FINAL_GUARD: REJECTED slot-boundary ETA sid=103
obu-main-mid-right-1   | HOST_RESERVATION_HOLD: host=Main_Mid_Right ramp=107 manoeuvre=3 remaining=1.8 own_speed=6.89 target_speed=6.18 ramp_fsm=NEGOTIATING ramp_lane_cmd_state=NONE ramp_edge=34126779 ramp_lane=0 ramp_merge_completed=False ramp_merge_committed=False
obu-main-mid-right-1   | [2.6] Main_Mid_Right HOST_HOLD_YIELD: for merge=107 spd=6.18
obu-merge-car-1        | [2.6] Merge_Car FINAL_GUARD: REJECTED slot-boundary ETA sid=103
obu-main-mid-right-1   | HOST_RESERVATION_HOLD: host=Main_Mid_Right ramp=107 manoeuvre=3 remaining=1.7 own_speed=6.85 target_speed=6.18 ramp_fsm=NEGOTIATING ramp_lane_cmd_state=NONE ramp_edge=34126779 ramp_lane=0 ramp_merge_completed=False ramp_merge_committed=False
obu-main-mid-right-1   | [2.7] Main_Mid_Right HOST_HOLD_YIELD: for merge=107 spd=6.18
obu-main-mid-right-1   | [2.7] Main_Mid_Right MCM_TX_ACCEPT: manoeuvre=3 target=107
obu-merge-car-1        | [2.7] Merge_Car FINAL_GUARD: REJECTED slot-boundary ETA sid=103
obu-merge-car-1        | [2.7] Merge_Car MCM_RX_ACCEPT: from=103 manoeuvre=3 target=107
obu-merge-car-1        | [2.9] Merge_Car FINAL_GUARD: REJECTED slot-boundary ETA sid=103
obu-main-mid-right-1   | HOST_RESERVATION_HOLD: host=Main_Mid_Right ramp=107 manoeuvre=3 remaining=1.5 own_speed=6.79 target_speed=6.18 ramp_fsm=NEGOTIATING ramp_lane_cmd_state=NONE ramp_edge=34126779 ramp_lane=0 ramp_merge_completed=False ramp_merge_committed=False
obu-main-mid-right-1   | [2.9] Main_Mid_Right HOST_HOLD_YIELD: for merge=107 spd=6.18
obu-merge-car-1        | [3.0] Merge_Car FINAL_GUARD: REJECTED slot-boundary ETA sid=103
obu-lead-car-1         | [3.0] Lead_Car role=lead state=CRUISE->CRUISE speed=8.61 target=8.61 neighbors=11
obu-ramp-merge-2-1     | [3.0] Ramp_Merge_2 role=merge state=CRUISE->CRUISE speed=7.29 target=6.75 neighbors=11
obu-main-mid-right-1   | HOST_RESERVATION_HOLD: host=Main_Mid_Right ramp=107 manoeuvre=3 remaining=1.4 own_speed=6.76 target_speed=6.18 ramp_fsm=NEGOTIATING ramp_lane_cmd_state=NONE ramp_edge=34126779 ramp_lane=0 ramp_merge_completed=False ramp_merge_committed=False
obu-main-mid-right-1   | [3.0] Main_Mid_Right HOST_HOLD_YIELD: for merge=107 spd=6.18
obu-main-mid-right-1   | [3.0] Main_Mid_Right MCM_TX_ACCEPT: manoeuvre=3 target=107
obu-main-mid-right-1   | [3.0] Main_Mid_Right role=host state=YIELDING->YIELDING speed=6.76 target=6.18 neighbors=11
obu-ramp-merge-3-1     | [3.0] Ramp_Merge_3 role=merge state=YIELDING->YIELDING speed=7.96 target=7.71 neighbors=11
obu-merge-car-1        | [3.0] Merge_Car MCM_RX_ACCEPT: from=103 manoeuvre=3 target=107
obu-host-car-1         | [3.1] Host_Car role=host state=CRUISE->CRUISE speed=7.66 target=7.50 neighbors=11
obu-main-back-left-1   | [3.1] Main_Back_Left role=host state=CRUISE->CRUISE speed=7.68 target=7.50 neighbors=11
obu-ramp-back-1        | [3.1] Ramp_Back role=merge state=YIELDING->YIELDING speed=6.70 target=6.45 neighbors=11
obu-main-front-left-1  | [3.2] Main_Front_Left role=lead state=CRUISE->CRUISE speed=8.41 target=8.41 neighbors=11
obu-ramp-merge-5-1     | [3.1] Ramp_Merge_5 role=merge state=YIELDING->YIELDING speed=7.66 target=7.41 neighbors=11
obu-main-mid-right-1   | HOST_RESERVATION_HOLD: host=Main_Mid_Right ramp=107 manoeuvre=3 remaining=1.2 own_speed=6.70 target_speed=6.18 ramp_fsm=NEGOTIATING ramp_lane_cmd_state=NONE ramp_edge=34126779 ramp_lane=0 ramp_merge_completed=False ramp_merge_committed=False
obu-main-mid-right-1   | [3.2] Main_Mid_Right HOST_HOLD_YIELD: for merge=107 spd=6.18
obu-merge-car-1        | [3.1] Merge_Car FINAL_GUARD: REJECTED slot-boundary ETA sid=103
obu-merge-car-1        | [3.1] Merge_Car role=merge state=NEGOTIATING->NEGOTIATING speed=7.22 target=6.38 neighbors=11
obu-ramp-merge-4-1     | [3.1] Ramp_Merge_4 role=merge state=YIELDING->YIELDING speed=7.90 target=7.65 neighbors=11
obu-main-back-right-1  | [3.1] Main_Back_Right role=host state=CRUISE->CRUISE speed=7.65 target=7.50 neighbors=11
obu-merge-car-1        | [3.2] Merge_Car FINAL_GUARD: REJECTED slot-boundary ETA sid=103
obu-merge-car-1        | [3.4] Merge_Car FINAL_GUARD: REJECTED slot-boundary ETA sid=103
obu-merge-car-1        | MERGE_SLOT_QUALITY_DIAG: vehicle=Merge_Car event=ACCEPTED_WAIT_SLOT_VALID t=3.4 manoeuvre=3 source=pending_request lead=102 host=103 own_eta=10.48 lead_eta=3.34 host_eta=10.32 min_eta=4.84 max_eta=8.82 desired_eta=8.82 gap_possible=True dtm=74.4 edge=34126779 lane=0 speed=7.10 lead_speed=8.40 host_speed=6.70 lead_gap=48.08 host_gap=48.75 lead_gap_t1=48.08 lead_gap_t2=48.08 lead_gap_t3=48.08 host_gap_t1=48.35 host_gap_t2=47.96 host_gap_t3=47.56 rel_to_lead=-1.30 rel_to_host=0.40 lead_lat=23.41 host_lat=17.66 pending=True accepted=True authorized=False committed=False pending_age=3.20 accepted_age=0.00 lane_cmd_state=NONE lane_cmd_target=None
obu-merge-car-1        | [3.4] Merge_Car MERGE_ACCEPTED_WAIT_SLOT_VALID: reason=hgok=False(gap=48.75),fgok=False
obu-merge-car-1        | [3.4] Merge_Car MERGE_DECISION: auth=False phys=False fgok=False lgok=True hgok=False cok=True esok=True cready=False dtm=74.4 past=False committed=False hid=103 ra=2 lclear=True hyok=True
obu-main-mid-right-1   | HOST_RESERVATION_HOLD: host=Main_Mid_Right ramp=107 manoeuvre=3 remaining=1.0 own_speed=6.65 target_speed=6.18 ramp_fsm=NEGOTIATING ramp_lane_cmd_state=NONE ramp_edge=34126779 ramp_lane=0 ramp_merge_completed=False ramp_merge_committed=False
obu-main-mid-right-1   | [3.4] Main_Mid_Right HOST_HOLD_YIELD: for merge=107 spd=6.18
obu-main-mid-right-1   | [3.4] Main_Mid_Right MCM_TX_ACCEPT: manoeuvre=3 target=107
obu-main-mid-right-1   | HOST_RESERVATION_HOLD: host=Main_Mid_Right ramp=107 manoeuvre=3 remaining=0.9 own_speed=6.63 target_speed=6.18 ramp_fsm=NEGOTIATING ramp_lane_cmd_state=NONE ramp_edge=34126779 ramp_lane=0 ramp_merge_completed=False ramp_merge_committed=False
obu-main-mid-right-1   | [3.5] Main_Mid_Right HOST_HOLD_YIELD: for merge=107 spd=6.18
obu-merge-car-1        | [3.5] Merge_Car FINAL_GUARD: REJECTED slot-boundary ETA sid=103
obu-merge-car-1        | [3.5] Merge_Car MERGE_DECISION: auth=False phys=False fgok=False lgok=True hgok=False cok=True esok=True cready=False dtm=73.9 past=False committed=False hid=103 ra=2 lclear=True hyok=True
obu-merge-car-1        | [3.5] Merge_Car MCM_RX_ACCEPT: from=103 manoeuvre=3 target=107
obu-main-mid-right-1   | HOST_RESERVATION_HOLD: host=Main_Mid_Right ramp=107 manoeuvre=3 remaining=0.8 own_speed=6.60 target_speed=6.18 ramp_fsm=NEGOTIATING ramp_lane_cmd_state=NONE ramp_edge=34126779 ramp_lane=0 ramp_merge_completed=False ramp_merge_committed=False
obu-main-mid-right-1   | [3.6] Main_Mid_Right HOST_HOLD_YIELD: for merge=107 spd=6.18
obu-ramp-merge-2-1     | MERGE_SLOT_QUALITY_DIAG: vehicle=Ramp_Merge_2 event=REQUEST_NEW t=3.6 manoeuvre=34 source=new_request lead=103 host=104 own_eta=13.27 lead_eta=10.07 host_eta=14.10 min_eta=11.57 max_eta=12.60 desired_eta=12.60 gap_possible=True dtm=94.8 edge=34126779 lane=0 speed=7.15 lead_speed=6.60 host_speed=7.62 lead_gap=77.73 host_gap=104.18 lead_gap_t1=77.19 lead_gap_t2=76.64 lead_gap_t3=76.10 host_gap_t1=104.18 host_gap_t2=104.18 host_gap_t3=104.18 rel_to_lead=0.55 rel_to_host=-0.47 lead_lat=33.93 host_lat=2.61 pending=True accepted=False authorized=False committed=False pending_age=0.00 accepted_age=None lane_cmd_state=NONE lane_cmd_target=None
obu-ramp-merge-2-1     | MERGE_ATTEMPT_TIMELINE: vehicle=Ramp_Merge_2 manoeuvre=34 host=104 lead=103 event=REQUEST_SENT t=3.6 edge=34126779 lane=0 lane_cmd_state=NONE speed=7.15 target=6.75 dtm=94.8 lead_gap=77.73 host_gap=104.18 lead_gap_t1=77.19 lead_gap_t2=76.64 lead_gap_t3=76.10 host_gap_t1=104.18 host_gap_t2=104.18 host_gap_t3=104.18
obu-ramp-merge-2-1     | [3.6] Ramp_Merge_2 MCM_TX_REQUEST: manoeuvre=34 target=104
obu-ramp-merge-2-1     | [3.6] Ramp_Merge_2 FINAL_GUARD: REJECTED slot-boundary ETA sid=104
obu-ramp-merge-2-1     | [3.6] Ramp_Merge_2 MERGE_LCLEAR_BLOCK: sid=103 gap=5.9 neighbor_age=0.0 from_memory=False dtm=94.8
obu-ramp-merge-2-1     | [3.6] Ramp_Merge_2 MERGE_DECISION: auth=False phys=False fgok=False lgok=True hgok=False cok=True esok=True cready=False dtm=94.8 past=False committed=False hid=104 ra=None lclear=False hyok=False
obu-merge-car-1        | [3.6] Merge_Car FINAL_GUARD: REJECTED slot-boundary ETA sid=103
obu-merge-car-1        | [3.6] Merge_Car MERGE_DECISION: auth=False phys=False fgok=False lgok=True hgok=False cok=True esok=True cready=False dtm=73.4 past=False committed=False hid=103 ra=2 lclear=True hyok=True
obu-host-car-1         | [3.6] Host_Car MCM_RX_REQUEST: from=108 manoeuvre=34 target=104
obu-main-mid-right-1   | HOST_RESERVATION_HOLD: host=Main_Mid_Right ramp=107 manoeuvre=3 remaining=0.7 own_speed=6.58 target_speed=6.18 ramp_fsm=NEGOTIATING ramp_lane_cmd_state=NONE ramp_edge=34126779 ramp_lane=0 ramp_merge_completed=False ramp_merge_committed=False
obu-main-mid-right-1   | [3.7] Main_Mid_Right HOST_HOLD_YIELD: for merge=107 spd=6.18
obu-main-mid-right-1   | [3.7] Main_Mid_Right MCM_TX_ACCEPT: manoeuvre=3 target=107
obu-merge-car-1        | [3.6] Merge_Car MCM_RX_ACCEPT: from=103 manoeuvre=3 target=107
obu-ramp-merge-2-1     | [3.7] Ramp_Merge_2 FINAL_GUARD: REJECTED slot-boundary ETA sid=104
obu-ramp-merge-2-1     | [3.7] Ramp_Merge_2 MERGE_DECISION: auth=False phys=False fgok=False lgok=True hgok=False cok=True esok=True cready=False dtm=94.5 past=False committed=False hid=104 ra=None lclear=False hyok=False
obu-merge-car-1        | [3.8] Merge_Car FINAL_GUARD: REJECTED slot-boundary ETA sid=103
obu-host-car-1         | HOST_RESERVATION_START: host=Host_Car ramp=108 manoeuvre=34 until=7.8 own_speed=7.61 target_speed=5.76 required_speed=5.76 gap_eta=0.27
obu-host-car-1         | [3.8] Host_Car HOST_RESERVED: merge=108 manoeuvre=34 until=7.8 target_spd=5.76
obu-host-car-1         | [3.8] Host_Car HOST_YIELD: for merge=108 req_spd=5.76
obu-host-car-1         | HOST_REQUEST_DECISION: host=Host_Car ramp=108 manoeuvre=34 decision=ACCEPT reason=YIELDING ramp_eta=13.55 host_eta=13.82 required_speed=5.76 current_speed=7.61 active_request_ramp=108 active_request_remaining=4.0 ramp_remote_edge=34126779 ramp_remote_lane=0 ramp_remote_fsm=CRUISE
obu-host-car-1         | [3.8] Host_Car MCM_TX_ACCEPT: manoeuvre=34 target=108
obu-merge-car-1        | [3.9] Merge_Car FINAL_GUARD: REJECTED slot-boundary ETA sid=103
obu-ramp-merge-2-1     | MCM_REQUEST_RETRY_DIAG: vehicle=Ramp_Merge_2 host=104 lead=103 manoeuvre=34 retry_count=1 pending_age=0.3 dtm=93.8 own_eta=13.12 host_eta_current=14.000674574366196 host_eta_at_request=14.101137311709351 lead_eta_current=10.000156395104442 lead_eta_at_request=10.070137978583002 last_response_action=None last_response_age=None host_remote_fsm=CRUISE host_remote_edge=560761994 host_remote_lane=0 host_remote_merge_committed=False host_remote_merge_completed=False host_remote_active_merge_request=False host_remote_active_station_id=None host_remote_active_manoeuvre_id=None host_remote_active_remaining_s=0.0
obu-ramp-merge-2-1     | MERGE_SLOT_QUALITY_DIAG: vehicle=Ramp_Merge_2 event=REQUEST_RETRY t=3.9 manoeuvre=34 source=retry_request lead=103 host=104 own_eta=13.12 lead_eta=10.07 host_eta=14.00 min_eta=11.57 max_eta=12.50 desired_eta=12.50 gap_possible=True dtm=93.8 edge=34126779 lane=0 speed=7.15 lead_speed=6.58 host_speed=7.62 lead_gap=77.57 host_gap=101.47 lead_gap_t1=77.00 lead_gap_t2=76.44 lead_gap_t3=75.87 host_gap_t1=101.47 host_gap_t2=101.47 host_gap_t3=101.47 rel_to_lead=0.57 rel_to_host=-0.47 lead_lat=28.00 host_lat=5.17 pending=True accepted=False authorized=False committed=False pending_age=0.30 accepted_age=None lane_cmd_state=NONE lane_cmd_target=None
obu-ramp-merge-2-1     | [3.9] Ramp_Merge_2 MCM_TX_REQUEST: manoeuvre=34 target=104
obu-ramp-merge-2-1     | [3.9] Ramp_Merge_2 FINAL_GUARD: REJECTED slot-boundary ETA sid=104
obu-ramp-merge-2-1     | [3.9] Ramp_Merge_2 MERGE_DECISION: auth=False phys=False fgok=False lgok=True hgok=False cok=True esok=True cready=False dtm=93.8 past=False committed=False hid=104 ra=None lclear=False hyok=False
obu-host-car-1         | HOST_RESERVATION_HOLD: host=Host_Car ramp=108 manoeuvre=34 remaining=3.9 own_speed=7.60 target_speed=5.76 ramp_fsm=CRUISE ramp_lane_cmd_state=NONE ramp_edge=34126779 ramp_lane=0 ramp_merge_completed=False ramp_merge_committed=False
obu-host-car-1         | [3.9] Host_Car HOST_HOLD_YIELD: for merge=108 spd=5.76
obu-main-mid-right-1   | HOST_RESERVATION_HOLD: host=Main_Mid_Right ramp=107 manoeuvre=3 remaining=0.5 own_speed=6.54 target_speed=6.18 ramp_fsm=NEGOTIATING ramp_lane_cmd_state=NONE ramp_edge=34126779 ramp_lane=0 ramp_merge_completed=False ramp_merge_committed=False
obu-main-mid-right-1   | [3.9] Main_Mid_Right HOST_HOLD_YIELD: for merge=107 spd=6.18
obu-ramp-merge-2-1     | [3.9] Ramp_Merge_2 MCM_RX_ACCEPT: from=104 manoeuvre=34 target=108
obu-host-car-1         | [3.9] Host_Car MCM_RX_REQUEST: from=108 manoeuvre=34 target=104
obu-ramp-merge-3-1     | [4.0] Ramp_Merge_3 role=merge state=YIELDING->CRUISE speed=7.85 target=6.75 neighbors=11
obu-main-mid-right-1   | HOST_RESERVATION_HOLD: host=Main_Mid_Right ramp=107 manoeuvre=3 remaining=0.4 own_speed=6.52 target_speed=6.18 ramp_fsm=NEGOTIATING ramp_lane_cmd_state=NONE ramp_edge=34126779 ramp_lane=0 ramp_merge_completed=False ramp_merge_committed=False
obu-main-mid-right-1   | [4.0] Main_Mid_Right HOST_HOLD_YIELD: for merge=107 spd=6.18
obu-main-mid-right-1   | [4.0] Main_Mid_Right MCM_TX_ACCEPT: manoeuvre=3 target=107
obu-main-mid-right-1   | [4.0] Main_Mid_Right role=host state=YIELDING->YIELDING speed=6.52 target=6.18 neighbors=11
obu-ramp-merge-2-1     | MERGE_ATTEMPT_TIMELINE: vehicle=Ramp_Merge_2 manoeuvre=34 host=104 lead=103 event=ACCEPT_MATCHED t=4.0 edge=34126779 lane=0 lane_cmd_state=NONE speed=7.15 target=6.75 dtm=93.4 lead_gap=76.56 host_gap=99.36 lead_gap_t1=75.95 lead_gap_t2=75.33 lead_gap_t3=74.72 host_gap_t1=99.36 host_gap_t2=99.36 host_gap_t3=99.36
obu-ramp-merge-2-1     | MERGE_SLOT_QUALITY_DIAG: vehicle=Ramp_Merge_2 event=ACCEPT_MATCHED t=4.0 manoeuvre=34 source=accept_matched lead=103 host=104 own_eta=13.06 lead_eta=10.07 host_eta=13.74 min_eta=11.57 max_eta=12.24 desired_eta=12.24 gap_possible=True dtm=93.4 edge=34126779 lane=0 speed=7.15 lead_speed=6.54 host_speed=7.60 lead_gap=76.56 host_gap=99.36 lead_gap_t1=75.95 lead_gap_t2=75.33 lead_gap_t3=74.72 host_gap_t1=99.36 host_gap_t2=99.36 host_gap_t3=99.36 rel_to_lead=0.61 rel_to_host=-0.45 lead_lat=27.71 host_lat=5.06 pending=True accepted=False authorized=False committed=False pending_age=0.40 accepted_age=None lane_cmd_state=NONE lane_cmd_target=None
obu-ramp-merge-2-1     | [4.0] Ramp_Merge_2 MCM_ACCEPT_MATCHED: host=104 manoeuvre=34
obu-ramp-merge-2-1     | [4.0] Ramp_Merge_2 FINAL_GUARD: REJECTED slot-boundary ETA sid=104
obu-ramp-merge-2-1     | [4.0] Ramp_Merge_2 role=merge state=NEGOTIATING->NEGOTIATING speed=7.15 target=6.38 neighbors=11
obu-merge-car-1        | MERGE_SLOT_SKIP_BUSY_HOST: skipped_host=104 busy_for=108 remaining=3.9 next_host=105 lead=103 own_eta=10.34
obu-merge-car-1        | [4.0] Merge_Car FINAL_GUARD: REJECTED slot-boundary ETA sid=103
obu-merge-car-1        | [4.0] Merge_Car MERGE_DECISION: auth=False phys=False fgok=False lgok=True hgok=False cok=True esok=True cready=False dtm=71.4 past=False committed=False hid=103 ra=2 lclear=True hyok=True
obu-lead-car-1         | [4.1] Lead_Car role=lead state=CRUISE->CRUISE speed=8.61 target=8.61 neighbors=11
obu-host-car-1         | HOST_RESERVATION_HOLD: host=Host_Car ramp=108 manoeuvre=34 remaining=3.8 own_speed=7.60 target_speed=5.76 ramp_fsm=NEGOTIATING ramp_lane_cmd_state=NONE ramp_edge=34126779 ramp_lane=0 ramp_merge_completed=False ramp_merge_committed=False
obu-host-car-1         | [4.0] Host_Car HOST_HOLD_YIELD: for merge=108 spd=5.76
obu-main-front-left-1  | [4.2] Main_Front_Left role=lead state=CRUISE->CRUISE speed=8.41 target=8.41 neighbors=11
obu-host-car-1         | HOST_RESERVATION_HOLD: host=Host_Car ramp=108 manoeuvre=34 remaining=3.6 own_speed=7.42 target_speed=5.76 ramp_fsm=NEGOTIATING ramp_lane_cmd_state=NONE ramp_edge=34126779 ramp_lane=0 ramp_merge_completed=False ramp_merge_committed=False
obu-host-car-1         | [4.2] Host_Car HOST_HOLD_YIELD: for merge=108 spd=5.76
obu-host-car-1         | [4.2] Host_Car MCM_TX_ACCEPT: manoeuvre=34 target=108
obu-main-back-left-1   | [4.2] Main_Back_Left role=host state=CRUISE->CRUISE speed=7.60 target=7.50 neighbors=11
obu-merge-car-1        | [4.2] Merge_Car FINAL_GUARD: REJECTED slot-boundary ETA sid=103
obu-main-mid-right-1   | HOST_RESERVATION_HOLD: host=Main_Mid_Right ramp=107 manoeuvre=3 remaining=0.2 own_speed=6.49 target_speed=6.18 ramp_fsm=NEGOTIATING ramp_lane_cmd_state=NONE ramp_edge=34126779 ramp_lane=0 ramp_merge_completed=False ramp_merge_committed=False
obu-host-car-1         | [4.2] Host_Car role=host state=YIELDING->YIELDING speed=7.42 target=5.76 neighbors=11
obu-merge-car-1        | [4.2] Merge_Car MERGE_DECISION: auth=False phys=False fgok=False lgok=True hgok=False cok=True esok=True cready=False dtm=70.5 past=False committed=False hid=103 ra=2 lclear=True hyok=True
obu-main-mid-right-1   | [4.2] Main_Mid_Right HOST_HOLD_YIELD: for merge=107 spd=6.18
obu-merge-car-1        | [4.2] Merge_Car role=merge state=NEGOTIATING->NEGOTIATING speed=6.86 target=6.38 neighbors=11
obu-main-back-right-1  | [4.2] Main_Back_Right role=host state=CRUISE->CRUISE speed=7.59 target=7.50 neighbors=11
obu-ramp-merge-2-1     | [4.2] Ramp_Merge_2 FINAL_GUARD: REJECTED slot-boundary ETA sid=104
obu-ramp-merge-5-1     | [4.2] Ramp_Merge_5 role=merge state=YIELDING->YIELDING speed=7.53 target=7.28 neighbors=11
obu-ramp-merge-4-1     | [4.2] Ramp_Merge_4 role=merge state=YIELDING->YIELDING speed=7.77 target=7.52 neighbors=11
obu-merge-car-1        | [4.2] Merge_Car MCM_RX_ACCEPT: from=103 manoeuvre=3 target=107
obu-ramp-merge-2-1     | [4.2] Ramp_Merge_2 MCM_RX_ACCEPT: from=104 manoeuvre=34 target=108
obu-ramp-back-1        | [4.2] Ramp_Back role=merge state=YIELDING->YIELDING speed=6.57 target=6.32 neighbors=11
obu-merge-car-1        | [4.4] Merge_Car FINAL_GUARD: REJECTED slot-boundary ETA sid=103
obu-merge-car-1        | MERGE_SLOT_QUALITY_DIAG: vehicle=Merge_Car event=ACCEPTED_WAIT_SLOT_VALID t=4.4 manoeuvre=3 source=pending_request lead=102 host=103 own_eta=10.19 lead_eta=2.34 host_eta=9.64 min_eta=3.84 max_eta=8.14 desired_eta=8.14 gap_possible=True dtm=69.4 edge=34126779 lane=0 speed=6.81 lead_speed=8.40 host_speed=6.49 lead_gap=42.90 host_gap=40.96 lead_gap_t1=42.90 lead_gap_t2=42.90 lead_gap_t3=42.90 host_gap_t1=40.65 host_gap_t2=40.33 host_gap_t3=40.01 rel_to_lead=-1.59 rel_to_host=0.32 lead_lat=28.68 host_lat=14.18 pending=True accepted=True authorized=False committed=False pending_age=4.20 accepted_age=0.00 lane_cmd_state=NONE lane_cmd_target=None
obu-merge-car-1        | [4.4] Merge_Car MERGE_ACCEPTED_WAIT_SLOT_VALID: reason=hgok=False(gap=40.96),fgok=False
obu-merge-car-1        | [4.4] Merge_Car MERGE_DECISION: auth=False phys=True fgok=False lgok=True hgok=False cok=True esok=True cready=True dtm=69.4 past=False committed=False hid=103 ra=2 lclear=True hyok=True
obu-host-car-1         | HOST_RESERVATION_HOLD: host=Host_Car ramp=108 manoeuvre=34 remaining=3.4 own_speed=7.26 target_speed=5.76 ramp_fsm=NEGOTIATING ramp_lane_cmd_state=NONE ramp_edge=34126779 ramp_lane=0 ramp_merge_completed=False ramp_merge_committed=False
obu-host-car-1         | [4.4] Host_Car HOST_HOLD_YIELD: for merge=108 spd=5.76
obu-merge-car-1        | [4.6] Merge_Car FINAL_GUARD: REJECTED slot-boundary ETA sid=103
obu-merge-car-1        | [4.6] Merge_Car MERGE_DECISION: auth=False phys=True fgok=False lgok=True hgok=False cok=True esok=True cready=True dtm=68.3 past=False committed=False hid=103 ra=2 lclear=True hyok=True
obu-host-car-1         | HOST_RESERVATION_HOLD: host=Host_Car ramp=108 manoeuvre=34 remaining=3.2 own_speed=7.11 target_speed=5.76 ramp_fsm=NEGOTIATING ramp_lane_cmd_state=NONE ramp_edge=34126779 ramp_lane=0 ramp_merge_completed=False ramp_merge_committed=False
obu-host-car-1         | [4.6] Host_Car HOST_HOLD_YIELD: for merge=108 spd=5.76
obu-host-car-1         | [4.6] Host_Car MCM_TX_ACCEPT: manoeuvre=34 target=108
obu-host-car-1         | HOST_RESERVATION_HOLD: host=Host_Car ramp=108 manoeuvre=34 remaining=3.1 own_speed=7.05 target_speed=5.76 ramp_fsm=NEGOTIATING ramp_lane_cmd_state=NONE ramp_edge=34126779 ramp_lane=0 ramp_merge_completed=False ramp_merge_committed=False
obu-host-car-1         | [4.7] Host_Car HOST_HOLD_YIELD: for merge=108 spd=5.76
obu-ramp-merge-2-1     | [4.7] Ramp_Merge_2 MCM_RX_ACCEPT: from=104 manoeuvre=34 target=108
obu-merge-car-1        | [4.7] Merge_Car FINAL_GUARD: REJECTED slot-boundary ETA sid=103
obu-merge-car-1        | [4.7] Merge_Car MERGE_DECISION: auth=False phys=True fgok=False lgok=True hgok=False cok=True esok=True cready=True dtm=67.7 past=False committed=False hid=103 ra=2 lclear=True hyok=True
obu-ramp-merge-2-1     | [4.7] Ramp_Merge_2 FINAL_GUARD: REJECTED slot-boundary ETA sid=104
obu-merge-car-1        | [4.9] Merge_Car FINAL_GUARD: REJECTED slot-boundary ETA sid=103
obu-merge-car-1        | MERGE_ATTEMPT_TIMELINE: vehicle=Merge_Car manoeuvre=3 host=103 lead=102 event=SLOT_EXPIRED t=4.9 edge=34126779 lane=0 lane_cmd_state=NONE speed=6.71 target=6.38 dtm=66.6 lead_gap=44.59 host_gap=35.22 lead_gap_t1=44.59 lead_gap_t2=44.59 lead_gap_t3=44.59 host_gap_t1=34.99 host_gap_t2=34.76 host_gap_t3=34.53
obu-ramp-merge-2-1     | [4.9] Ramp_Merge_2 FINAL_GUARD: REJECTED slot-boundary ETA sid=104
obu-merge-car-1        | MERGE_SLOT_QUALITY_DIAG: vehicle=Merge_Car event=SLOT_EXPIRED t=4.9 manoeuvre=3 source=pending_request lead=102 host=103 own_eta=9.93 lead_eta=1.84 host_eta=9.15 min_eta=3.34 max_eta=7.65 desired_eta=7.65 gap_possible=True dtm=66.6 edge=34126779 lane=0 speed=6.71 lead_speed=8.40 host_speed=6.48 lead_gap=44.59 host_gap=35.22 lead_gap_t1=44.59 lead_gap_t2=44.59 lead_gap_t3=44.59 host_gap_t1=34.99 host_gap_t2=34.76 host_gap_t3=34.53 rel_to_lead=-1.69 rel_to_host=0.23 lead_lat=24.35 host_lat=18.52 pending=True accepted=True authorized=False committed=False pending_age=4.70 accepted_age=0.00 lane_cmd_state=NONE lane_cmd_target=None
obu-merge-car-1        | [4.9] Merge_Car MERGE_ACCEPTED_SLOT_EXPIRED: age=1.5 dtm=66.6
obu-host-car-1         | HOST_RESERVATION_HOLD: host=Host_Car ramp=108 manoeuvre=34 remaining=2.9 own_speed=6.92 target_speed=5.76 ramp_fsm=NEGOTIATING ramp_lane_cmd_state=NONE ramp_edge=34126779 ramp_lane=0 ramp_merge_completed=False ramp_merge_committed=False
obu-host-car-1         | [4.9] Host_Car HOST_HOLD_YIELD: for merge=108 spd=5.76
obu-host-car-1         | [4.9] Host_Car MCM_TX_ACCEPT: manoeuvre=34 target=108
obu-ramp-merge-2-1     | [4.9] Ramp_Merge_2 MCM_RX_ACCEPT: from=104 manoeuvre=34 target=108
obu-main-mid-right-1   | [5.1] Main_Mid_Right role=lead state=CRUISE->CRUISE speed=6.67 target=7.50 neighbors=11
obu-ramp-merge-2-1     | [5.1] Ramp_Merge_2 FINAL_GUARD: REJECTED slot-boundary ETA sid=104
obu-ramp-merge-2-1     | [5.1] Ramp_Merge_2 role=merge state=NEGOTIATING->NEGOTIATING speed=6.88 target=6.38 neighbors=11
obu-host-car-1         | HOST_RESERVATION_HOLD: host=Host_Car ramp=108 manoeuvre=34 remaining=2.7 own_speed=6.81 target_speed=5.76 ramp_fsm=NEGOTIATING ramp_lane_cmd_state=NONE ramp_edge=34126779 ramp_lane=0 ramp_merge_completed=False ramp_merge_committed=False
obu-host-car-1         | [5.1] Host_Car HOST_HOLD_YIELD: for merge=108 spd=5.76
obu-lead-car-1         | [5.1] Lead_Car role=cruise state=CRUISE->CRUISE speed=8.36 target=7.50 neighbors=11
obu-ramp-merge-3-1     | [5.1] Ramp_Merge_3 role=merge state=CRUISE->CRUISE speed=7.43 target=6.75 neighbors=11
obu-merge-car-1        | MERGE_SLOT_SKIP_BUSY_HOST: skipped_host=104 busy_for=108 remaining=2.7 next_host=105 lead=103 own_eta=9.81
obu-merge-car-1        | MERGE_SLOT_QUALITY_DIAG: vehicle=Merge_Car event=REQUEST_NEW t=5.1 manoeuvre=4 source=new_request lead=104 host=105 own_eta=9.81 lead_eta=14.09 host_eta=16.55 min_eta=15.59 max_eta=15.05 desired_eta=15.05 gap_possible=False dtm=65.5 edge=34126779 lane=0 speed=6.68 lead_speed=6.80 host_speed=7.56 lead_gap=26.10 host_gap=19.83 lead_gap_t1=26.10 lead_gap_t2=26.10 lead_gap_t3=26.10 host_gap_t1=19.83 host_gap_t2=19.83 host_gap_t3=19.83 rel_to_lead=-0.12 rel_to_host=-0.88 lead_lat=54.18 host_lat=82.82 pending=True accepted=False authorized=False committed=False pending_age=0.00 accepted_age=None lane_cmd_state=NONE lane_cmd_target=None
obu-merge-car-1        | MERGE_ATTEMPT_TIMELINE: vehicle=Merge_Car manoeuvre=4 host=105 lead=104 event=REQUEST_SENT t=5.1 edge=34126779 lane=0 lane_cmd_state=NONE speed=6.68 target=6.75 dtm=65.5 lead_gap=26.10 host_gap=19.83 lead_gap_t1=26.10 lead_gap_t2=26.10 lead_gap_t3=26.10 host_gap_t1=19.83 host_gap_t2=19.83 host_gap_t3=19.83
obu-merge-car-1        | [5.1] Merge_Car MCM_TX_REQUEST: manoeuvre=4 target=105
obu-merge-car-1        | [5.1] Merge_Car MERGE_LCLEAR_BLOCK: sid=104 gap=3.3 neighbor_age=0.0 from_memory=False dtm=65.5
obu-merge-car-1        | [5.1] Merge_Car MERGE_DECISION: auth=False phys=True fgok=True lgok=False hgok=True cok=True esok=True cready=True dtm=65.5 past=False committed=False hid=105 ra=None lclear=False hyok=True
obu-ramp-back-1        | [5.2] Ramp_Back role=merge state=YIELDING->YIELDING speed=6.46 target=6.21 neighbors=11
obu-merge-car-1        | [5.2] Merge_Car MERGE_DECISION: auth=False phys=True fgok=True lgok=False hgok=True cok=True esok=True cready=True dtm=65.0 past=False committed=False hid=105 ra=None lclear=True hyok=True
obu-merge-car-1        | [5.2] Merge_Car role=merge state=NEGOTIATING->NEGOTIATING speed=6.66 target=6.50 neighbors=11
obu-main-back-left-1   | [5.2] Main_Back_Left role=host state=CRUISE->CRUISE speed=7.56 target=7.50 neighbors=11
obu-main-front-left-1  | [5.3] Main_Front_Left role=lead state=CRUISE->CRUISE speed=8.41 target=8.41 neighbors=11
obu-ramp-merge-4-1     | [5.2] Ramp_Merge_4 role=merge state=YIELDING->YIELDING speed=7.65 target=7.40 neighbors=11
obu-ramp-merge-2-1     | [5.2] Ramp_Merge_2 FINAL_GUARD: REJECTED slot-boundary ETA sid=104
obu-host-car-1         | HOST_RESERVATION_HOLD: host=Host_Car ramp=108 manoeuvre=34 remaining=2.6 own_speed=6.76 target_speed=5.76 ramp_fsm=NEGOTIATING ramp_lane_cmd_state=NONE ramp_edge=34126779 ramp_lane=0 ramp_merge_completed=False ramp_merge_committed=False
obu-host-car-1         | [5.2] Host_Car HOST_HOLD_YIELD: for merge=108 spd=5.76
obu-host-car-1         | [5.2] Host_Car MCM_TX_ACCEPT: manoeuvre=34 target=108
obu-host-car-1         | [5.2] Host_Car role=host state=YIELDING->YIELDING speed=6.76 target=5.76 neighbors=11
obu-main-back-right-1  | [5.2] Main_Back_Right role=host state=CRUISE->CRUISE speed=7.55 target=7.50 neighbors=11
obu-ramp-merge-2-1     | [5.2] Ramp_Merge_2 MCM_RX_ACCEPT: from=104 manoeuvre=34 target=108
obu-main-back-left-1   | [5.2] Main_Back_Left MCM_RX_REQUEST: from=107 manoeuvre=4 target=105
obu-ramp-merge-5-1     | [5.2] Ramp_Merge_5 role=merge state=YIELDING->YIELDING speed=7.41 target=7.16 neighbors=11
obu-host-car-1         | HOST_RESERVATION_HOLD: host=Host_Car ramp=108 manoeuvre=34 remaining=2.4 own_speed=6.66 target_speed=5.76 ramp_fsm=NEGOTIATING ramp_lane_cmd_state=NONE ramp_edge=34126779 ramp_lane=0 ramp_merge_completed=False ramp_merge_committed=False
obu-host-car-1         | [5.4] Host_Car HOST_HOLD_YIELD: for merge=108 spd=5.76
obu-main-back-left-1   | HOST_RESERVATION_START: host=Main_Back_Left ramp=107 manoeuvre=4 until=9.4 own_speed=7.56 target_speed=7.56 required_speed=7.56 gap_eta=6.90
obu-main-back-left-1   | [5.4] Main_Back_Left HOST_RESERVED: merge=107 manoeuvre=4 until=9.4 target_spd=7.56
obu-main-back-left-1   | HOST_REQUEST_DECISION: host=Main_Back_Left ramp=107 manoeuvre=4 decision=ACCEPT reason=SAFE_OR_NOMINAL ramp_eta=9.36 host_eta=16.26 required_speed=8.74 current_speed=7.56 active_request_ramp=107 active_request_remaining=4.0 ramp_remote_edge=34126779 ramp_remote_lane=0 ramp_remote_fsm=NEGOTIATING
obu-main-back-left-1   | [5.4] Main_Back_Left MCM_TX_ACCEPT: manoeuvre=4 target=107
obu-ramp-merge-2-1     | [5.5] Ramp_Merge_2 FINAL_GUARD: REJECTED slot-boundary ETA sid=104
obu-merge-car-1        | MCM_REQUEST_RETRY_DIAG: vehicle=Merge_Car host=105 lead=104 manoeuvre=4 retry_count=1 pending_age=0.4 dtm=63.4 own_eta=9.56 host_eta_current=16.451587066549287 host_eta_at_request=16.551006754945583 lead_eta_current=14.09286259485776 lead_eta_at_request=14.088646015486178 last_response_action=None last_response_age=None host_remote_fsm=CRUISE host_remote_edge=560761994 host_remote_lane=0 host_remote_merge_committed=False host_remote_merge_completed=False host_remote_active_merge_request=True host_remote_active_station_id=107 host_remote_active_manoeuvre_id=4 host_remote_active_remaining_s=4.0
obu-merge-car-1        | MERGE_SLOT_QUALITY_DIAG: vehicle=Merge_Car event=REQUEST_RETRY t=5.5 manoeuvre=4 source=retry_request lead=104 host=105 own_eta=9.56 lead_eta=14.09 host_eta=16.45 min_eta=15.59 max_eta=14.95 desired_eta=14.95 gap_possible=False dtm=63.4 edge=34126779 lane=0 speed=6.63 lead_speed=6.75 host_speed=7.56 lead_gap=23.58 host_gap=17.33 lead_gap_t1=23.58 lead_gap_t2=23.58 lead_gap_t3=23.58 host_gap_t1=17.33 host_gap_t2=17.33 host_gap_t3=17.33 rel_to_lead=-0.12 rel_to_host=-0.93 lead_lat=53.51 host_lat=82.09 pending=True accepted=False authorized=False committed=False pending_age=0.40 accepted_age=None lane_cmd_state=NONE lane_cmd_target=None
obu-merge-car-1        | [5.5] Merge_Car MCM_TX_REQUEST: manoeuvre=4 target=105
obu-merge-car-1        | [5.5] Merge_Car MERGE_DECISION: auth=False phys=True fgok=True lgok=False hgok=True cok=True esok=True cready=True dtm=63.4 past=False committed=False hid=105 ra=None lclear=True hyok=True
obu-main-back-left-1   | [5.5] Main_Back_Left MCM_RX_REQUEST: from=107 manoeuvre=4 target=105
obu-merge-car-1        | [5.5] Merge_Car MCM_RX_ACCEPT: from=105 manoeuvre=4 target=107
obu-main-back-left-1   | HOST_RESERVATION_HOLD: host=Main_Back_Left ramp=107 manoeuvre=4 remaining=3.7 own_speed=7.55 target_speed=7.56 ramp_fsm=NEGOTIATING ramp_lane_cmd_state=NONE ramp_edge=34126779 ramp_lane=0 ramp_merge_completed=False ramp_merge_committed=False
obu-main-back-left-1   | [5.7] Main_Back_Left HOST_HOLD_YIELD: for merge=107 spd=7.56
obu-main-back-left-1   | [5.7] Main_Back_Left MCM_TX_ACCEPT: manoeuvre=4 target=107
obu-host-car-1         | HOST_RESERVATION_HOLD: host=Host_Car ramp=108 manoeuvre=34 remaining=2.1 own_speed=6.53 target_speed=5.76 ramp_fsm=NEGOTIATING ramp_lane_cmd_state=NONE ramp_edge=34126779 ramp_lane=0 ramp_merge_completed=False ramp_merge_committed=False
obu-host-car-1         | [5.7] Host_Car HOST_HOLD_YIELD: for merge=108 spd=5.76
obu-host-car-1         | [5.7] Host_Car MCM_TX_ACCEPT: manoeuvre=34 target=108
obu-merge-car-1        | [5.7] Merge_Car MCM_RX_ACCEPT: from=105 manoeuvre=4 target=107
obu-merge-car-1        | MERGE_ATTEMPT_TIMELINE: vehicle=Merge_Car manoeuvre=4 host=105 lead=104 event=ACCEPT_MATCHED t=5.7 edge=34126779 lane=0 lane_cmd_state=NONE speed=6.61 target=6.75 dtm=62.4 lead_gap=22.54 host_gap=16.82 lead_gap_t1=22.54 lead_gap_t2=22.54 lead_gap_t3=22.54 host_gap_t1=16.82 host_gap_t2=16.82 host_gap_t3=16.82
obu-merge-car-1        | MERGE_SLOT_QUALITY_DIAG: vehicle=Merge_Car event=ACCEPT_MATCHED t=5.7 manoeuvre=4 source=accept_matched lead=104 host=105 own_eta=9.43 lead_eta=14.09 host_eta=15.07 min_eta=15.59 max_eta=13.57 desired_eta=13.57 gap_possible=False dtm=62.4 edge=34126779 lane=0 speed=6.61 lead_speed=6.65 host_speed=8.00 lead_gap=22.54 host_gap=16.82 lead_gap_t1=22.54 lead_gap_t2=22.54 lead_gap_t3=22.54 host_gap_t1=16.82 host_gap_t2=16.82 host_gap_t3=16.82 rel_to_lead=-0.04 rel_to_host=-1.39 lead_lat=52.21 host_lat=78.40 pending=True accepted=False authorized=False committed=False pending_age=0.60 accepted_age=None lane_cmd_state=NONE lane_cmd_target=None
obu-merge-car-1        | [5.7] Merge_Car MCM_ACCEPT_MATCHED: host=105 manoeuvre=4
obu-merge-car-1        | MERGE_ATTEMPT_TIMELINE: vehicle=Merge_Car manoeuvre=4 host=105 lead=104 event=AUTHORIZED t=5.7 edge=34126779 lane=0 lane_cmd_state=NONE speed=6.61 target=6.75 dtm=62.4 lead_gap=22.54 host_gap=16.82 lead_gap_t1=22.54 lead_gap_t2=22.54 lead_gap_t3=22.54 host_gap_t1=16.82 host_gap_t2=16.82 host_gap_t3=16.82
obu-merge-car-1        | MERGE_SLOT_QUALITY_DIAG: vehicle=Merge_Car event=AUTHORIZED t=5.7 manoeuvre=4 source=pending_request lead=103 host=105 own_eta=9.43 lead_eta=7.63 host_eta=15.07 min_eta=9.13 max_eta=13.57 desired_eta=9.43 gap_possible=True dtm=62.4 edge=34126779 lane=0 speed=6.61 lead_speed=6.89 host_speed=8.00 lead_gap=31.34 host_gap=16.82 lead_gap_t1=31.34 lead_gap_t2=31.34 lead_gap_t3=31.34 host_gap_t1=16.82 host_gap_t2=16.82 host_gap_t3=16.82 rel_to_lead=-0.28 rel_to_host=-1.39 lead_lat=11.95 host_lat=78.40 pending=True accepted=True authorized=True committed=False pending_age=0.60 accepted_age=0.00 lane_cmd_state=NONE lane_cmd_target=None
obu-merge-car-1        | [5.7] Merge_Car MERGE_AUTHORIZED_BY_MCM: host=105 manoeuvre=4
obu-merge-car-1        | [5.7] Merge_Car MERGE_DECISION: auth=True phys=True fgok=True lgok=True hgok=True cok=True esok=True cready=True dtm=62.4 past=False committed=False hid=105 ra=2 lclear=True hyok=True
obu-merge-car-1        | [5.7] Merge_Car MERGE_PREPARE_WAIT_LANE_AVAILABLE: edge=None lane=None target_lane=None lane_count=None executable=None dtm=62.4 speed=6.61 host=105 lead=103
obu-ramp-merge-2-1     | [5.6] Ramp_Merge_2 MCM_RX_ACCEPT: from=104 manoeuvre=34 target=108
obu-ramp-merge-2-1     | [5.7] Ramp_Merge_2 FINAL_GUARD: REJECTED slot-boundary ETA sid=104
obu-merge-car-1        | [5.8] Merge_Car MERGE_LANE_WAIT_EDGE_CONFIRMED: edge=34126779 lane=0 target_lane=1 lane_count=1 executable=False
obu-merge-car-1        | [5.9] Merge_Car MERGE_PREPARE_WAIT_LANE_AVAILABLE: edge=34126779 lane=0 target_lane=1 lane_count=1 executable=False dtm=61.3 speed=6.61 host=105 lead=103
obu-merge-car-1        | MERGE_ATTEMPT_TIMELINE: vehicle=Merge_Car manoeuvre=4 host=105 lead=103 event=WAIT_EDGE t=5.9 edge=34126779 lane=0 lane_cmd_state=WAIT_EDGE speed=6.61 target=6.75 dtm=61.3 lead_gap=29.71 host_gap=13.48 lead_gap_t1=29.71 lead_gap_t2=29.71 lead_gap_t3=29.71 host_gap_t1=13.48 host_gap_t2=13.48 host_gap_t3=13.48
obu-main-back-left-1   | HOST_RESERVATION_EXTEND_UNTIL_CLEAR: host=Main_Back_Left ramp=107 manoeuvre=4 new_remaining=4.0 ramp_lcs=NONE ramp_edge=34126779
obu-main-back-left-1   | HOST_RESERVATION_HOLD: host=Main_Back_Left ramp=107 manoeuvre=4 remaining=4.0 own_speed=7.55 target_speed=7.56 ramp_fsm=NEGOTIATING ramp_lane_cmd_state=NONE ramp_edge=34126779 ramp_lane=0 ramp_merge_completed=False ramp_merge_committed=True
obu-main-back-left-1   | [5.9] Main_Back_Left HOST_HOLD_YIELD: for merge=107 spd=7.56
obu-host-car-1         | HOST_RESERVATION_HOLD: host=Host_Car ramp=108 manoeuvre=34 remaining=1.8 own_speed=6.42 target_speed=5.76 ramp_fsm=NEGOTIATING ramp_lane_cmd_state=NONE ramp_edge=34126779 ramp_lane=0 ramp_merge_completed=False ramp_merge_committed=False
obu-host-car-1         | [6.0] Host_Car HOST_HOLD_YIELD: for merge=108 spd=5.76
obu-host-car-1         | [6.0] Host_Car MCM_TX_ACCEPT: manoeuvre=34 target=108
obu-ramp-merge-2-1     | [6.0] Ramp_Merge_2 FINAL_GUARD: REJECTED slot-boundary ETA sid=104
obu-ramp-merge-2-1     | [6.0] Ramp_Merge_2 MCM_RX_ACCEPT: from=104 manoeuvre=34 target=108
obu-main-back-left-1   | HOST_RESERVATION_EXTEND_UNTIL_CLEAR: host=Main_Back_Left ramp=107 manoeuvre=4 new_remaining=4.0 ramp_lcs=WAIT_EDGE ramp_edge=34126779
obu-main-back-left-1   | HOST_RESERVATION_HOLD: host=Main_Back_Left ramp=107 manoeuvre=4 remaining=4.0 own_speed=7.55 target_speed=7.56 ramp_fsm=NEGOTIATING ramp_lane_cmd_state=WAIT_EDGE ramp_edge=34126779 ramp_lane=0 ramp_merge_completed=False ramp_merge_committed=True
obu-main-back-left-1   | [6.1] Main_Back_Left HOST_HOLD_YIELD: for merge=107 spd=7.56
obu-main-back-left-1   | [6.1] Main_Back_Left MCM_TX_ACCEPT: manoeuvre=4 target=107
obu-lead-car-1         | [6.2] Lead_Car role=cruise state=CRUISE->CRUISE speed=7.99 target=7.50 neighbors=11
obu-main-mid-right-1   | [6.2] Main_Mid_Right role=lead state=CRUISE->CRUISE speed=7.03 target=7.50 neighbors=11
obu-ramp-merge-5-1     | [6.2] Ramp_Merge_5 role=merge state=YIELDING->YIELDING speed=7.30 target=7.05 neighbors=11
obu-host-car-1         | HOST_RESERVATION_HOLD: host=Host_Car ramp=108 manoeuvre=34 remaining=1.6 own_speed=6.36 target_speed=5.76 ramp_fsm=NEGOTIATING ramp_lane_cmd_state=NONE ramp_edge=34126779 ramp_lane=0 ramp_merge_completed=False ramp_merge_committed=False
obu-host-car-1         | [6.2] Host_Car HOST_HOLD_YIELD: for merge=108 spd=5.76
obu-host-car-1         | [6.2] Host_Car role=host state=YIELDING->YIELDING speed=6.36 target=5.76 neighbors=11
obu-merge-car-1        | [6.2] Merge_Car MCM_RX_ACCEPT: from=105 manoeuvre=4 target=107
obu-ramp-merge-4-1     | [6.2] Ramp_Merge_4 role=merge state=YIELDING->YIELDING speed=7.54 target=7.29 neighbors=11
obu-ramp-back-1        | [6.2] Ramp_Back role=merge state=YIELDING->YIELDING speed=6.35 target=6.10 neighbors=11
obu-ramp-merge-2-1     | MERGE_ATTEMPT_TIMELINE: vehicle=Ramp_Merge_2 manoeuvre=34 host=104 lead=103 event=AUTHORIZED t=6.2 edge=34126779 lane=0 lane_cmd_state=NONE speed=6.66 target=6.38 dtm=85.7 lead_gap=59.22 host_gap=75.74 lead_gap_t1=59.22 lead_gap_t2=59.22 lead_gap_t3=59.22 host_gap_t1=75.08 host_gap_t2=74.42 host_gap_t3=73.76
obu-ramp-merge-2-1     | MERGE_SLOT_QUALITY_DIAG: vehicle=Ramp_Merge_2 event=AUTHORIZED t=6.2 manoeuvre=34 source=pending_request lead=103 host=104 own_eta=12.86 lead_eta=7.25 host_eta=14.98 min_eta=8.75 max_eta=13.48 desired_eta=12.86 gap_possible=True dtm=85.7 edge=34126779 lane=0 speed=6.66 lead_speed=6.97 host_speed=6.00 lead_gap=59.22 host_gap=75.74 lead_gap_t1=59.22 lead_gap_t2=59.22 lead_gap_t3=59.22 host_gap_t1=75.08 host_gap_t2=74.42 host_gap_t3=73.76 rel_to_lead=-0.31 rel_to_host=0.66 lead_lat=27.00 host_lat=8.75 pending=True accepted=True authorized=True committed=False pending_age=2.60 accepted_age=0.00 lane_cmd_state=NONE lane_cmd_target=None
obu-ramp-merge-2-1     | [6.2] Ramp_Merge_2 MERGE_AUTHORIZED_BY_MCM: host=104 manoeuvre=34
obu-ramp-merge-2-1     | [6.2] Ramp_Merge_2 MERGE_DECISION: auth=True phys=False fgok=True lgok=True hgok=True cok=True esok=True cready=False dtm=85.7 past=False committed=False hid=104 ra=2 lclear=True hyok=True
obu-merge-car-1        | [6.2] Merge_Car role=merge state=NEGOTIATING->NEGOTIATING speed=6.63 target=6.75 neighbors=11
obu-ramp-merge-2-1     | [6.2] Ramp_Merge_2 MERGE_PREPARE_WAIT_PHYSICAL: dtm=85.7
obu-ramp-merge-2-1     | [6.2] Ramp_Merge_2 role=merge state=NEGOTIATING->NEGOTIATING speed=6.66 target=6.38 neighbors=11
obu-ramp-merge-3-1     | [6.2] Ramp_Merge_3 role=merge state=CRUISE->CRUISE speed=7.14 target=6.75 neighbors=11
obu-main-back-right-1  | [6.2] Main_Back_Right role=host state=CRUISE->CRUISE speed=7.53 target=7.50 neighbors=11
obu-main-back-left-1   | HOST_RESERVATION_EXTEND_UNTIL_CLEAR: host=Main_Back_Left ramp=107 manoeuvre=4 new_remaining=4.0 ramp_lcs=WAIT_EDGE ramp_edge=34126779
obu-main-back-left-1   | HOST_RESERVATION_HOLD: host=Main_Back_Left ramp=107 manoeuvre=4 remaining=4.0 own_speed=7.55 target_speed=7.56 ramp_fsm=NEGOTIATING ramp_lane_cmd_state=WAIT_EDGE ramp_edge=34126779 ramp_lane=0 ramp_merge_completed=False ramp_merge_committed=True
obu-main-back-left-1   | [6.3] Main_Back_Left HOST_HOLD_YIELD: for merge=107 spd=7.56
obu-main-back-left-1   | [6.3] Main_Back_Left role=host state=YIELDING->YIELDING speed=7.55 target=7.56 neighbors=11
obu-main-front-left-1  | [6.4] Main_Front_Left role=lead state=CRUISE->CRUISE speed=8.41 target=8.41 neighbors=11
obu-host-car-1         | HOST_RESERVATION_HOLD: host=Host_Car ramp=108 manoeuvre=34 remaining=1.3 own_speed=6.27 target_speed=5.76 ramp_fsm=NEGOTIATING ramp_lane_cmd_state=NONE ramp_edge=34126779 ramp_lane=0 ramp_merge_completed=False ramp_merge_committed=False
obu-host-car-1         | [6.5] Host_Car HOST_HOLD_YIELD: for merge=108 spd=5.76
obu-host-car-1         | [6.5] Host_Car MCM_TX_ACCEPT: manoeuvre=34 target=108
obu-main-back-left-1   | HOST_RESERVATION_EXTEND_UNTIL_CLEAR: host=Main_Back_Left ramp=107 manoeuvre=4 new_remaining=4.0 ramp_lcs=WAIT_EDGE ramp_edge=34126779
obu-main-back-left-1   | HOST_RESERVATION_HOLD: host=Main_Back_Left ramp=107 manoeuvre=4 remaining=4.0 own_speed=7.55 target_speed=7.56 ramp_fsm=NEGOTIATING ramp_lane_cmd_state=WAIT_EDGE ramp_edge=34126779 ramp_lane=0 ramp_merge_completed=False ramp_merge_committed=True
obu-main-back-left-1   | [6.5] Main_Back_Left HOST_HOLD_YIELD: for merge=107 spd=7.56
obu-main-back-left-1   | [6.5] Main_Back_Left MCM_TX_ACCEPT: manoeuvre=4 target=107
obu-ramp-merge-2-1     | [6.5] Ramp_Merge_2 MERGE_DECISION: auth=True phys=False fgok=True lgok=True hgok=False cok=True esok=True cready=False dtm=84.3 past=False committed=False hid=104 ra=2 lclear=True hyok=True
obu-ramp-merge-2-1     | [6.5] Ramp_Merge_2 MERGE_PREPARE_WAIT_PHYSICAL: dtm=84.3
obu-ramp-merge-2-1     | [6.6] Ramp_Merge_2 MCM_RX_ACCEPT: from=104 manoeuvre=34 target=108
obu-merge-car-1        | [6.6] Merge_Car MCM_RX_ACCEPT: from=105 manoeuvre=4 target=107
obu-main-back-left-1   | HOST_RESERVATION_EXTEND_UNTIL_CLEAR: host=Main_Back_Left ramp=107 manoeuvre=4 new_remaining=4.0 ramp_lcs=WAIT_EDGE ramp_edge=34126779
obu-main-back-left-1   | HOST_RESERVATION_HOLD: host=Main_Back_Left ramp=107 manoeuvre=4 remaining=4.0 own_speed=7.55 target_speed=7.56 ramp_fsm=NEGOTIATING ramp_lane_cmd_state=WAIT_EDGE ramp_edge=34126779 ramp_lane=0 ramp_merge_completed=False ramp_merge_committed=True
obu-main-back-left-1   | [6.7] Main_Back_Left HOST_HOLD_YIELD: for merge=107 spd=7.56
obu-ramp-merge-2-1     | [6.7] Ramp_Merge_2 MERGE_DECISION: auth=True phys=False fgok=True lgok=True hgok=True cok=True esok=True cready=False dtm=83.4 past=False committed=False hid=104 ra=2 lclear=True hyok=True
obu-ramp-merge-2-1     | [6.7] Ramp_Merge_2 MERGE_PREPARE_WAIT_PHYSICAL: dtm=83.4
obu-host-car-1         | HOST_RESERVATION_HOLD: host=Host_Car ramp=108 manoeuvre=34 remaining=1.1 own_speed=6.22 target_speed=5.76 ramp_fsm=NEGOTIATING ramp_lane_cmd_state=NONE ramp_edge=34126779 ramp_lane=0 ramp_merge_completed=False ramp_merge_committed=False
obu-host-car-1         | [6.7] Host_Car HOST_HOLD_YIELD: for merge=108 spd=5.76
obu-host-car-1         | HOST_RESERVATION_HOLD: host=Host_Car ramp=108 manoeuvre=34 remaining=0.9 own_speed=6.18 target_speed=5.76 ramp_fsm=NEGOTIATING ramp_lane_cmd_state=NONE ramp_edge=34126779 ramp_lane=0 ramp_merge_completed=False ramp_merge_committed=False
obu-host-car-1         | [6.9] Host_Car HOST_HOLD_YIELD: for merge=108 spd=5.76
obu-host-car-1         | [6.9] Host_Car MCM_TX_ACCEPT: manoeuvre=34 target=108
obu-main-back-left-1   | HOST_RESERVATION_EXTEND_UNTIL_CLEAR: host=Main_Back_Left ramp=107 manoeuvre=4 new_remaining=4.0 ramp_lcs=WAIT_EDGE ramp_edge=34126779
obu-main-back-left-1   | HOST_RESERVATION_HOLD: host=Main_Back_Left ramp=107 manoeuvre=4 remaining=4.0 own_speed=7.55 target_speed=7.56 ramp_fsm=NEGOTIATING ramp_lane_cmd_state=WAIT_EDGE ramp_edge=34126779 ramp_lane=0 ramp_merge_completed=False ramp_merge_committed=True
obu-main-back-left-1   | [6.9] Main_Back_Left HOST_HOLD_YIELD: for merge=107 spd=7.56
obu-main-back-left-1   | [6.9] Main_Back_Left MCM_TX_ACCEPT: manoeuvre=4 target=107
obu-merge-car-1        | [6.9] Merge_Car MERGE_PREPARE_WAIT_LANE_AVAILABLE: edge=34126779 lane=0 target_lane=1 lane_count=1 executable=False dtm=55.2 speed=6.67 host=105 lead=103
obu-ramp-merge-2-1     | [6.8] Ramp_Merge_2 MCM_RX_ACCEPT: from=104 manoeuvre=34 target=108
obu-ramp-merge-2-1     | [6.9] Ramp_Merge_2 MERGE_DECISION: auth=True phys=False fgok=True lgok=True hgok=False cok=True esok=True cready=False dtm=82.5 past=False committed=False hid=104 ra=2 lclear=True hyok=True
obu-ramp-merge-2-1     | [6.9] Ramp_Merge_2 MERGE_PREPARE_WAIT_PHYSICAL: dtm=82.5
obu-merge-car-1        | [6.9] Merge_Car MCM_RX_ACCEPT: from=105 manoeuvre=4 target=107
obu-host-car-1         | HOST_RESERVATION_HOLD: host=Host_Car ramp=108 manoeuvre=34 remaining=0.7 own_speed=6.14 target_speed=5.76 ramp_fsm=NEGOTIATING ramp_lane_cmd_state=NONE ramp_edge=34126779 ramp_lane=0 ramp_merge_completed=False ramp_merge_committed=False
obu-host-car-1         | [7.1] Host_Car HOST_HOLD_YIELD: for merge=108 spd=5.76
obu-host-car-1         | HOST_RESERVATION_HOLD: host=Host_Car ramp=108 manoeuvre=34 remaining=0.6 own_speed=6.12 target_speed=5.76 ramp_fsm=NEGOTIATING ramp_lane_cmd_state=NONE ramp_edge=34126779 ramp_lane=0 ramp_merge_completed=False ramp_merge_committed=False
obu-host-car-1         | [7.2] Host_Car HOST_HOLD_YIELD: for merge=108 spd=5.76
obu-host-car-1         | [7.2] Host_Car MCM_TX_ACCEPT: manoeuvre=34 target=108
obu-host-car-1         | [7.2] Host_Car role=host state=YIELDING->YIELDING speed=6.12 target=5.76 neighbors=11
obu-main-mid-right-1   | [7.2] Main_Mid_Right role=lead state=CRUISE->CRUISE speed=7.22 target=7.50 neighbors=11
obu-lead-car-1         | [7.2] Lead_Car role=cruise state=CRUISE->CRUISE speed=7.79 target=7.50 neighbors=11
obu-main-back-left-1   | HOST_RESERVATION_EXTEND_UNTIL_CLEAR: host=Main_Back_Left ramp=107 manoeuvre=4 new_remaining=4.0 ramp_lcs=WAIT_EDGE ramp_edge=34126779
obu-main-back-left-1   | HOST_RESERVATION_HOLD: host=Main_Back_Left ramp=107 manoeuvre=4 remaining=4.0 own_speed=7.55 target_speed=7.56 ramp_fsm=NEGOTIATING ramp_lane_cmd_state=WAIT_EDGE ramp_edge=34126779 ramp_lane=0 ramp_merge_completed=False ramp_merge_committed=True
obu-main-back-left-1   | [7.1] Main_Back_Left HOST_HOLD_YIELD: for merge=107 spd=7.56
obu-merge-car-1        | [7.2] Merge_Car role=merge state=NEGOTIATING->NEGOTIATING speed=6.68 target=6.75 neighbors=11
obu-main-back-right-1  | [7.2] Main_Back_Right role=host state=CRUISE->CRUISE speed=7.52 target=7.50 neighbors=11
obu-main-back-left-1   | HOST_RESERVATION_EXTEND_UNTIL_CLEAR: host=Main_Back_Left ramp=107 manoeuvre=4 new_remaining=4.0 ramp_lcs=WAIT_EDGE ramp_edge=34126779
obu-main-back-left-1   | HOST_RESERVATION_HOLD: host=Main_Back_Left ramp=107 manoeuvre=4 remaining=4.0 own_speed=7.55 target_speed=7.56 ramp_fsm=NEGOTIATING ramp_lane_cmd_state=WAIT_EDGE ramp_edge=34126779 ramp_lane=0 ramp_merge_completed=False ramp_merge_committed=True
obu-main-back-left-1   | [7.2] Main_Back_Left HOST_HOLD_YIELD: for merge=107 spd=7.56
obu-main-back-left-1   | [7.2] Main_Back_Left MCM_TX_ACCEPT: manoeuvre=4 target=107
obu-ramp-merge-2-1     | [7.1] Ramp_Merge_2 MCM_RX_ACCEPT: from=104 manoeuvre=34 target=108
obu-ramp-merge-2-1     | [7.1] Ramp_Merge_2 MERGE_DECISION: auth=True phys=False fgok=True lgok=True hgok=False cok=True esok=True cready=False dtm=81.7 past=False committed=False hid=104 ra=2 lclear=True hyok=True
obu-ramp-merge-2-1     | [7.1] Ramp_Merge_2 MERGE_PREPARE_WAIT_PHYSICAL: dtm=81.7
obu-ramp-merge-2-1     | [7.2] Ramp_Merge_2 MERGE_DECISION: auth=True phys=False fgok=True lgok=True hgok=False cok=True esok=True cready=False dtm=81.3 past=False committed=False hid=104 ra=2 lclear=True hyok=True
obu-ramp-merge-2-1     | [7.2] Ramp_Merge_2 MERGE_PREPARE_WAIT_PHYSICAL: dtm=81.3
obu-ramp-merge-2-1     | [7.2] Ramp_Merge_2 role=merge state=NEGOTIATING->NEGOTIATING speed=6.55 target=6.38 neighbors=11
obu-merge-car-1        | [7.2] Merge_Car MCM_RX_ACCEPT: from=105 manoeuvre=4 target=107
obu-ramp-merge-4-1     | [7.2] Ramp_Merge_4 role=merge state=YIELDING->YIELDING speed=7.43 target=7.18 neighbors=11
obu-ramp-merge-3-1     | [7.2] Ramp_Merge_3 role=merge state=CRUISE->CRUISE speed=6.98 target=6.75 neighbors=11
obu-ramp-back-1        | [7.2] Ramp_Back role=merge state=YIELDING->YIELDING speed=6.24 target=5.99 neighbors=11
obu-ramp-merge-5-1     | [7.2] Ramp_Merge_5 role=merge state=YIELDING->YIELDING speed=7.19 target=6.94 neighbors=11
obu-host-car-1         | HOST_RESERVATION_HOLD: host=Host_Car ramp=108 manoeuvre=34 remaining=0.4 own_speed=6.08 target_speed=5.76 ramp_fsm=NEGOTIATING ramp_lane_cmd_state=NONE ramp_edge=34126779 ramp_lane=0 ramp_merge_completed=False ramp_merge_committed=False
obu-host-car-1         | [7.4] Host_Car HOST_HOLD_YIELD: for merge=108 spd=5.76
obu-main-back-left-1   | HOST_RESERVATION_EXTEND_UNTIL_CLEAR: host=Main_Back_Left ramp=107 manoeuvre=4 new_remaining=4.0 ramp_lcs=WAIT_EDGE ramp_edge=34126779
obu-main-back-left-1   | HOST_RESERVATION_HOLD: host=Main_Back_Left ramp=107 manoeuvre=4 remaining=4.0 own_speed=7.55 target_speed=7.56 ramp_fsm=NEGOTIATING ramp_lane_cmd_state=WAIT_EDGE ramp_edge=34126779 ramp_lane=0 ramp_merge_completed=False ramp_merge_committed=True
obu-main-back-left-1   | [7.4] Main_Back_Left HOST_HOLD_YIELD: for merge=107 spd=7.56
obu-main-back-left-1   | [7.4] Main_Back_Left role=host state=YIELDING->YIELDING speed=7.55 target=7.56 neighbors=11
obu-ramp-merge-2-1     | [7.4] Ramp_Merge_2 MERGE_DECISION: auth=True phys=False fgok=True lgok=True hgok=False cok=True esok=True cready=False dtm=80.4 past=False committed=False hid=104 ra=2 lclear=True hyok=True
obu-ramp-merge-2-1     | [7.4] Ramp_Merge_2 MERGE_PREPARE_WAIT_PHYSICAL: dtm=80.4
obu-main-front-left-1  | [7.6] Main_Front_Left role=cruise state=CRUISE->CRUISE speed=8.41 target=7.50 neighbors=11
obu-ramp-merge-2-1     | [7.6] Ramp_Merge_2 MERGE_DECISION: auth=True phys=False fgok=True lgok=True hgok=False cok=True esok=True cready=False dtm=79.6 past=False committed=False hid=104 ra=2 lclear=True hyok=True
obu-ramp-merge-2-1     | [7.6] Ramp_Merge_2 MERGE_PREPARE_WAIT_PHYSICAL: dtm=79.6
obu-ramp-merge-3-1     | MERGE_SLOT_SKIP_BUSY_HOST: skipped_host=105 busy_for=107 remaining=3.9000000000000004 next_host=106 lead=104 own_eta=13.65
obu-ramp-merge-3-1     | MERGE_SLOT_QUALITY_DIAG: vehicle=Ramp_Merge_3 event=REQUEST_NEW t=7.6 manoeuvre=65 source=new_request lead=105 host=106 own_eta=13.65 lead_eta=14.27 host_eta=18.38 min_eta=15.77 max_eta=16.88 desired_eta=15.77 gap_possible=True dtm=94.7 edge=34126779 lane=0 speed=6.94 lead_speed=7.55 host_speed=7.51 lead_gap=104.11 host_gap=123.39 lead_gap_t1=104.11 lead_gap_t2=104.11 lead_gap_t3=104.11 host_gap_t1=123.39 host_gap_t2=123.39 host_gap_t3=123.39 rel_to_lead=-0.61 rel_to_host=-0.57 lead_lat=1.16 host_lat=22.16 pending=True accepted=False authorized=False committed=False pending_age=0.00 accepted_age=None lane_cmd_state=NONE lane_cmd_target=None
obu-ramp-merge-3-1     | MERGE_ATTEMPT_TIMELINE: vehicle=Ramp_Merge_3 manoeuvre=65 host=106 lead=105 event=REQUEST_SENT t=7.6 edge=34126779 lane=0 lane_cmd_state=NONE speed=6.94 target=6.75 dtm=94.7 lead_gap=104.11 host_gap=123.39 lead_gap_t1=104.11 lead_gap_t2=104.11 lead_gap_t3=104.11 host_gap_t1=123.39 host_gap_t2=123.39 host_gap_t3=123.39
obu-ramp-merge-3-1     | [7.6] Ramp_Merge_3 MCM_TX_REQUEST: manoeuvre=65 target=106
obu-ramp-merge-3-1     | [7.6] Ramp_Merge_3 FINAL_GUARD: REJECTED slot-boundary ETA sid=105
obu-ramp-merge-3-1     | [7.6] Ramp_Merge_3 MERGE_DECISION: auth=False phys=False fgok=False lgok=False hgok=True cok=True esok=True cready=False dtm=94.7 past=False committed=False hid=106 ra=None lclear=True hyok=True
obu-host-car-1         | HOST_RESERVATION_HOLD: host=Host_Car ramp=108 manoeuvre=34 remaining=0.2 own_speed=6.05 target_speed=5.76 ramp_fsm=NEGOTIATING ramp_lane_cmd_state=NONE ramp_edge=34126779 ramp_lane=0 ramp_merge_completed=False ramp_merge_committed=False
obu-host-car-1         | [7.6] Host_Car HOST_HOLD_YIELD: for merge=108 spd=5.76
obu-host-car-1         | [7.6] Host_Car MCM_TX_ACCEPT: manoeuvre=34 target=108
obu-main-back-left-1   | HOST_RESERVATION_EXTEND_UNTIL_CLEAR: host=Main_Back_Left ramp=107 manoeuvre=4 new_remaining=4.0 ramp_lcs=WAIT_EDGE ramp_edge=34126779
obu-main-back-left-1   | HOST_RESERVATION_HOLD: host=Main_Back_Left ramp=107 manoeuvre=4 remaining=4.0 own_speed=7.55 target_speed=7.56 ramp_fsm=NEGOTIATING ramp_lane_cmd_state=WAIT_EDGE ramp_edge=34126779 ramp_lane=0 ramp_merge_completed=False ramp_merge_committed=True
obu-main-back-left-1   | [7.6] Main_Back_Left HOST_HOLD_YIELD: for merge=107 spd=7.56
obu-main-back-left-1   | [7.6] Main_Back_Left MCM_TX_ACCEPT: manoeuvre=4 target=107
obu-host-car-1         | HOST_RESERVATION_HOLD: host=Host_Car ramp=108 manoeuvre=34 remaining=0.1 own_speed=6.04 target_speed=5.76 ramp_fsm=NEGOTIATING ramp_lane_cmd_state=NONE ramp_edge=34126779 ramp_lane=0 ramp_merge_completed=False ramp_merge_committed=False
obu-host-car-1         | [7.7] Host_Car HOST_HOLD_YIELD: for merge=108 spd=5.76
obu-main-back-left-1   | HOST_RESERVATION_EXTEND_UNTIL_CLEAR: host=Main_Back_Left ramp=107 manoeuvre=4 new_remaining=4.0 ramp_lcs=WAIT_EDGE ramp_edge=34126779
obu-main-back-left-1   | HOST_RESERVATION_HOLD: host=Main_Back_Left ramp=107 manoeuvre=4 remaining=4.0 own_speed=7.55 target_speed=7.56 ramp_fsm=NEGOTIATING ramp_lane_cmd_state=WAIT_EDGE ramp_edge=34126779 ramp_lane=0 ramp_merge_completed=False ramp_merge_committed=True
obu-main-back-left-1   | [7.7] Main_Back_Left HOST_HOLD_YIELD: for merge=107 spd=7.56
obu-ramp-merge-2-1     | [7.7] Ramp_Merge_2 MCM_RX_ACCEPT: from=104 manoeuvre=34 target=108
obu-merge-car-1        | [7.7] Merge_Car MCM_RX_ACCEPT: from=105 manoeuvre=4 target=107
obu-ramp-merge-2-1     | [7.7] Ramp_Merge_2 FINAL_GUARD: REJECTED slot-boundary ETA sid=104
obu-ramp-merge-2-1     | [7.7] Ramp_Merge_2 MERGE_DECISION: auth=True phys=False fgok=False lgok=True hgok=False cok=True esok=True cready=False dtm=79.2 past=False committed=False hid=104 ra=2 lclear=True hyok=True
obu-ramp-merge-2-1     | [7.7] Ramp_Merge_2 MERGE_PREPARE_WAIT_PHYSICAL: dtm=79.2
obu-ramp-merge-3-1     | [7.7] Ramp_Merge_3 FINAL_GUARD: REJECTED slot-boundary ETA sid=104
obu-ramp-merge-3-1     | [7.7] Ramp_Merge_3 MERGE_LCLEAR_BLOCK: sid=104 gap=1.6 neighbor_age=0.0 from_memory=False dtm=94.3
obu-ramp-merge-3-1     | [7.7] Ramp_Merge_3 MERGE_DECISION: auth=False phys=False fgok=False lgok=False hgok=True cok=True esok=True cready=False dtm=94.3 past=False committed=False hid=106 ra=None lclear=False hyok=True
obu-main-back-right-1  | [7.7] Main_Back_Right MCM_RX_REQUEST: from=109 manoeuvre=65 target=106
obu-ramp-merge-2-1     | [7.9] Ramp_Merge_2 FINAL_GUARD: REJECTED slot-boundary ETA sid=104
obu-ramp-merge-2-1     | [7.9] Ramp_Merge_2 MERGE_DECISION: auth=True phys=False fgok=False lgok=True hgok=False cok=True esok=True cready=False dtm=78.3 past=False committed=False hid=104 ra=2 lclear=True hyok=True
obu-ramp-merge-2-1     | [7.9] Ramp_Merge_2 MERGE_PREPARE_WAIT_PHYSICAL: dtm=78.3
obu-ramp-merge-3-1     | MCM_REQUEST_RETRY_DIAG: vehicle=Ramp_Merge_3 host=106 lead=105 manoeuvre=65 retry_count=1 pending_age=0.3 dtm=93.6 own_eta=13.56 host_eta_current=18.078267268589162 host_eta_at_request=18.378517226426215 lead_eta_current=13.973775380657097 lead_eta_at_request=14.273484768149926 last_response_action=None last_response_age=None host_remote_fsm=CRUISE host_remote_edge=560761994 host_remote_lane=0 host_remote_merge_committed=False host_remote_merge_completed=False host_remote_active_merge_request=False host_remote_active_station_id=None host_remote_active_manoeuvre_id=None host_remote_active_remaining_s=0.0
obu-ramp-merge-3-1     | MERGE_SLOT_QUALITY_DIAG: vehicle=Ramp_Merge_3 event=REQUEST_RETRY t=7.9 manoeuvre=65 source=retry_request lead=105 host=106 own_eta=13.56 lead_eta=14.27 host_eta=18.08 min_eta=15.77 max_eta=16.58 desired_eta=15.77 gap_possible=True dtm=93.6 edge=34126779 lane=0 speed=6.90 lead_speed=7.55 host_speed=7.51 lead_gap=100.51 host_gap=118.00 lead_gap_t1=100.51 lead_gap_t2=100.51 lead_gap_t3=100.51 host_gap_t1=118.00 host_gap_t2=118.00 host_gap_t3=118.00 rel_to_lead=-0.65 rel_to_host=-0.61 lead_lat=5.10 host_lat=29.81 pending=True accepted=False authorized=False committed=False pending_age=0.30 accepted_age=None lane_cmd_state=NONE lane_cmd_target=None
obu-ramp-merge-3-1     | [7.9] Ramp_Merge_3 MCM_TX_REQUEST: manoeuvre=65 target=106
obu-ramp-merge-3-1     | [7.9] Ramp_Merge_3 FINAL_GUARD: REJECTED slot-boundary ETA sid=104
obu-ramp-merge-3-1     | [7.9] Ramp_Merge_3 MERGE_DECISION: auth=False phys=False fgok=False lgok=False hgok=True cok=True esok=True cready=False dtm=93.6 past=False committed=False hid=106 ra=None lclear=False hyok=True
obu-host-car-1         | HOST_RELEASE_BEFORE_CLEAR: host=Host_Car ramp=108 manoeuvre=34 reason=timeout ramp_fsm=NEGOTIATING ramp_lane_cmd_state=NONE ramp_edge=34126779 ramp_lane=0 ramp_merge_completed=False ramp_merge_committed=False
obu-main-back-left-1   | HOST_RESERVATION_EXTEND_UNTIL_CLEAR: host=Main_Back_Left ramp=107 manoeuvre=4 new_remaining=4.0 ramp_lcs=WAIT_EDGE ramp_edge=34126779
obu-main-back-left-1   | HOST_RESERVATION_HOLD: host=Main_Back_Left ramp=107 manoeuvre=4 remaining=4.0 own_speed=7.55 target_speed=7.56 ramp_fsm=NEGOTIATING ramp_lane_cmd_state=WAIT_EDGE ramp_edge=34126779 ramp_lane=0 ramp_merge_completed=False ramp_merge_committed=True
obu-main-back-left-1   | [8.0] Main_Back_Left HOST_HOLD_YIELD: for merge=107 spd=7.56
obu-merge-car-1        | [7.9] Merge_Car MERGE_PREPARE_WAIT_LANE_AVAILABLE: edge=34126779 lane=0 target_lane=1 lane_count=1 executable=False dtm=49.1 speed=6.70 host=105 lead=103
obu-main-back-left-1   | [8.0] Main_Back_Left MCM_TX_ACCEPT: manoeuvre=4 target=107
obu-main-back-right-1  | [8.0] Main_Back_Right MCM_RX_REQUEST: from=109 manoeuvre=65 target=106
obu-main-back-right-1  | HOST_RESERVATION_START: host=Main_Back_Right ramp=109 manoeuvre=65 until=12.0 own_speed=7.51 target_speed=7.39 required_speed=7.39 gap_eta=4.39
obu-main-back-right-1  | [8.0] Main_Back_Right HOST_RESERVED: merge=109 manoeuvre=65 until=12.0 target_spd=7.39
obu-main-back-right-1  | HOST_REQUEST_DECISION: host=Main_Back_Right ramp=109 manoeuvre=65 decision=ACCEPT reason=SAFE_OR_NOMINAL ramp_eta=13.38 host_eta=17.77 required_speed=7.39 current_speed=7.51 active_request_ramp=109 active_request_remaining=4.0 ramp_remote_edge=34126779 ramp_remote_lane=0 ramp_remote_fsm=NEGOTIATING
obu-main-back-right-1  | [8.0] Main_Back_Right MCM_TX_ACCEPT: manoeuvre=65 target=109
obu-merge-car-1        | [7.9] Merge_Car MCM_RX_ACCEPT: from=105 manoeuvre=4 target=107
obu-ramp-merge-3-1     | [8.0] Ramp_Merge_3 MCM_RX_ACCEPT: from=106 manoeuvre=65 target=109
obu-ramp-merge-3-1     | MERGE_ATTEMPT_TIMELINE: vehicle=Ramp_Merge_3 manoeuvre=65 host=106 lead=105 event=ACCEPT_MATCHED t=8.1 edge=34126779 lane=0 lane_cmd_state=NONE speed=6.88 target=6.75 dtm=93.0 lead_gap=97.79 host_gap=115.09 lead_gap_t1=97.79 lead_gap_t2=97.79 lead_gap_t3=97.79 host_gap_t1=115.09 host_gap_t2=115.09 host_gap_t3=115.09
obu-ramp-merge-3-1     | MERGE_SLOT_QUALITY_DIAG: vehicle=Ramp_Merge_3 event=ACCEPT_MATCHED t=8.1 manoeuvre=65 source=accept_matched lead=105 host=106 own_eta=13.51 lead_eta=14.27 host_eta=16.69 min_eta=15.77 max_eta=15.19 desired_eta=15.19 gap_possible=False dtm=93.0 edge=34126779 lane=0 speed=6.88 lead_speed=7.55 host_speed=8.00 lead_gap=97.79 host_gap=115.09 lead_gap_t1=97.79 lead_gap_t2=97.79 lead_gap_t3=97.79 host_gap_t1=115.09 host_gap_t2=115.09 host_gap_t3=115.09 rel_to_lead=-0.67 rel_to_host=-1.12 lead_lat=4.09 host_lat=28.95 pending=True accepted=False authorized=False committed=False pending_age=0.50 accepted_age=None lane_cmd_state=NONE lane_cmd_target=None
obu-ramp-merge-3-1     | [8.1] Ramp_Merge_3 MCM_ACCEPT_MATCHED: host=106 manoeuvre=65
obu-ramp-merge-3-1     | [8.1] Ramp_Merge_3 FINAL_GUARD: REJECTED slot-boundary ETA sid=104
obu-ramp-merge-3-1     | MERGE_SLOT_QUALITY_DIAG: vehicle=Ramp_Merge_3 event=ACCEPTED_WAIT_SLOT_VALID t=8.1 manoeuvre=65 source=pending_request lead=104 host=106 own_eta=13.51 lead_eta=13.00 host_eta=16.69 min_eta=14.50 max_eta=15.19 desired_eta=14.50 gap_possible=True dtm=93.0 edge=34126779 lane=0 speed=6.88 lead_speed=6.01 host_speed=8.00 lead_gap=83.46 host_gap=115.09 lead_gap_t1=82.59 lead_gap_t2=81.72 lead_gap_t3=80.85 host_gap_t1=115.09 host_gap_t2=115.09 host_gap_t3=115.09 rel_to_lead=0.87 rel_to_host=-1.12 lead_lat=16.49 host_lat=28.95 pending=True accepted=True authorized=False committed=False pending_age=0.50 accepted_age=0.00 lane_cmd_state=NONE lane_cmd_target=None
obu-ramp-merge-3-1     | [8.1] Ramp_Merge_3 MERGE_ACCEPTED_WAIT_SLOT_VALID: reason=lgok=False(gap=83.46),fgok=False,lclear=False
obu-ramp-merge-3-1     | [8.1] Ramp_Merge_3 MERGE_DECISION: auth=False phys=False fgok=False lgok=False hgok=True cok=True esok=True cready=False dtm=93.0 past=False committed=False hid=106 ra=2 lclear=False hyok=True
obu-main-back-right-1  | HOST_RESERVATION_HOLD: host=Main_Back_Right ramp=109 manoeuvre=65 remaining=3.8 own_speed=7.51 target_speed=7.39 ramp_fsm=NEGOTIATING ramp_lane_cmd_state=NONE ramp_edge=34126779 ramp_lane=0 ramp_merge_completed=False ramp_merge_committed=False
obu-main-back-right-1  | [8.2] Main_Back_Right HOST_HOLD_YIELD: for merge=109 spd=7.39
obu-ramp-merge-2-1     | [8.2] Ramp_Merge_2 MERGE_DECISION: auth=True phys=False fgok=True lgok=True hgok=False cok=True esok=True cready=False dtm=76.8 past=False committed=False hid=104 ra=2 lclear=True hyok=True
obu-ramp-merge-2-1     | [8.2] Ramp_Merge_2 MERGE_PREPARE_WAIT_PHYSICAL: dtm=76.8
obu-main-back-left-1   | HOST_RESERVATION_EXTEND_UNTIL_CLEAR: host=Main_Back_Left ramp=107 manoeuvre=4 new_remaining=4.0 ramp_lcs=WAIT_EDGE ramp_edge=34126779
obu-main-back-left-1   | HOST_RESERVATION_HOLD: host=Main_Back_Left ramp=107 manoeuvre=4 remaining=4.0 own_speed=7.55 target_speed=7.56 ramp_fsm=NEGOTIATING ramp_lane_cmd_state=WAIT_EDGE ramp_edge=34126779 ramp_lane=0 ramp_merge_completed=False ramp_merge_committed=True
obu-main-back-left-1   | [8.2] Main_Back_Left HOST_HOLD_YIELD: for merge=107 spd=7.56
obu-lead-car-1         | [8.3] Lead_Car role=cruise state=CRUISE->CRUISE speed=7.67 target=7.50 neighbors=11
obu-main-mid-right-1   | [8.3] Main_Mid_Right role=lead state=CRUISE->CRUISE speed=7.34 target=7.50 neighbors=11
obu-merge-car-1        | [8.3] Merge_Car role=merge state=NEGOTIATING->NEGOTIATING speed=6.71 target=6.75 neighbors=11
obu-main-back-left-1   | HOST_RESERVATION_EXTEND_UNTIL_CLEAR: host=Main_Back_Left ramp=107 manoeuvre=4 new_remaining=4.0 ramp_lcs=WAIT_EDGE ramp_edge=34126779
obu-main-back-left-1   | HOST_RESERVATION_HOLD: host=Main_Back_Left ramp=107 manoeuvre=4 remaining=4.0 own_speed=7.55 target_speed=7.56 ramp_fsm=NEGOTIATING ramp_lane_cmd_state=WAIT_EDGE ramp_edge=34126779 ramp_lane=0 ramp_merge_completed=False ramp_merge_committed=True
obu-main-back-left-1   | [8.3] Main_Back_Left HOST_HOLD_YIELD: for merge=107 spd=7.56
obu-main-back-left-1   | [8.3] Main_Back_Left MCM_TX_ACCEPT: manoeuvre=4 target=107
obu-ramp-merge-3-1     | [8.3] Ramp_Merge_3 FINAL_GUARD: REJECTED slot-boundary ETA sid=104
obu-ramp-merge-3-1     | [8.3] Ramp_Merge_3 MERGE_DECISION: auth=False phys=False fgok=False lgok=False hgok=True cok=True esok=True cready=False dtm=92.3 past=False committed=False hid=106 ra=2 lclear=False hyok=True
obu-ramp-merge-3-1     | [8.3] Ramp_Merge_3 role=merge state=NEGOTIATING->NEGOTIATING speed=6.85 target=6.38 neighbors=11
obu-host-car-1         | [8.3] Host_Car role=host state=CRUISE->CRUISE speed=6.13 target=7.50 neighbors=11
obu-ramp-back-1        | [8.3] Ramp_Back role=merge state=YIELDING->YIELDING speed=6.11 target=5.86 neighbors=11
obu-ramp-merge-4-1     | [8.3] Ramp_Merge_4 role=merge state=CRUISE->CRUISE speed=7.24 target=6.75 neighbors=11
obu-ramp-merge-5-1     | [8.3] Ramp_Merge_5 role=merge state=YIELDING->YIELDING speed=7.06 target=6.81 neighbors=11
obu-main-back-right-1  | HOST_RESERVATION_HOLD: host=Main_Back_Right ramp=109 manoeuvre=65 remaining=3.7 own_speed=7.51 target_speed=7.39 ramp_fsm=NEGOTIATING ramp_lane_cmd_state=NONE ramp_edge=34126779 ramp_lane=0 ramp_merge_completed=False ramp_merge_committed=False
obu-main-back-right-1  | [8.3] Main_Back_Right HOST_HOLD_YIELD: for merge=109 spd=7.39
obu-main-back-right-1  | [8.3] Main_Back_Right MCM_TX_ACCEPT: manoeuvre=65 target=109
obu-main-back-right-1  | [8.3] Main_Back_Right role=host state=YIELDING->YIELDING speed=7.51 target=7.39 neighbors=11
obu-ramp-merge-2-1     | [8.3] Ramp_Merge_2 FINAL_GUARD: REJECTED slot-boundary ETA sid=104
obu-ramp-merge-2-1     | [8.3] Ramp_Merge_2 MERGE_DECISION: auth=True phys=False fgok=False lgok=True hgok=False cok=True esok=True cready=False dtm=76.4 past=False committed=False hid=104 ra=2 lclear=True hyok=True
obu-ramp-merge-2-1     | [8.3] Ramp_Merge_2 MERGE_PREPARE_WAIT_PHYSICAL: dtm=76.4
obu-ramp-merge-2-1     | [8.3] Ramp_Merge_2 role=merge state=NEGOTIATING->NEGOTIATING speed=6.47 target=6.38 neighbors=11
obu-ramp-merge-3-1     | [8.4] Ramp_Merge_3 MCM_RX_ACCEPT: from=106 manoeuvre=65 target=109
obu-merge-car-1        | [8.4] Merge_Car MCM_RX_ACCEPT: from=105 manoeuvre=4 target=107
obu-main-back-right-1  | HOST_RESERVATION_HOLD: host=Main_Back_Right ramp=109 manoeuvre=65 remaining=3.5 own_speed=7.50 target_speed=7.39 ramp_fsm=NEGOTIATING ramp_lane_cmd_state=NONE ramp_edge=34126779 ramp_lane=0 ramp_merge_completed=False ramp_merge_committed=False
obu-main-back-right-1  | [8.5] Main_Back_Right HOST_HOLD_YIELD: for merge=109 spd=7.39
obu-ramp-merge-2-1     | [8.5] Ramp_Merge_2 FINAL_GUARD: REJECTED slot-boundary ETA sid=104
obu-ramp-merge-2-1     | [8.5] Ramp_Merge_2 MERGE_DECISION: auth=True phys=False fgok=False lgok=True hgok=False cok=True esok=True cready=False dtm=75.4 past=False committed=False hid=104 ra=2 lclear=True hyok=True
obu-ramp-merge-2-1     | [8.5] Ramp_Merge_2 MERGE_PREPARE_WAIT_PHYSICAL: dtm=75.4
obu-main-back-left-1   | HOST_RESERVATION_EXTEND_UNTIL_CLEAR: host=Main_Back_Left ramp=107 manoeuvre=4 new_remaining=4.0 ramp_lcs=WAIT_EDGE ramp_edge=34126779
obu-main-back-left-1   | HOST_RESERVATION_HOLD: host=Main_Back_Left ramp=107 manoeuvre=4 remaining=4.0 own_speed=7.55 target_speed=7.56 ramp_fsm=NEGOTIATING ramp_lane_cmd_state=WAIT_EDGE ramp_edge=34126779 ramp_lane=0 ramp_merge_completed=False ramp_merge_committed=True
obu-main-back-left-1   | [8.5] Main_Back_Left HOST_HOLD_YIELD: for merge=107 spd=7.56
obu-main-back-left-1   | [8.5] Main_Back_Left role=host state=YIELDING->YIELDING speed=7.55 target=7.56 neighbors=11
obu-ramp-merge-3-1     | [8.5] Ramp_Merge_3 FINAL_GUARD: REJECTED slot-boundary ETA sid=105
obu-ramp-merge-3-1     | [8.5] Ramp_Merge_3 MERGE_DECISION: auth=False phys=False fgok=False lgok=False hgok=True cok=True esok=True cready=False dtm=91.7 past=False committed=False hid=106 ra=2 lclear=False hyok=True
obu-main-back-left-1   | HOST_RESERVATION_EXTEND_UNTIL_CLEAR: host=Main_Back_Left ramp=107 manoeuvre=4 new_remaining=4.0 ramp_lcs=WAIT_EDGE ramp_edge=34126779
obu-main-back-left-1   | HOST_RESERVATION_HOLD: host=Main_Back_Left ramp=107 manoeuvre=4 remaining=4.0 own_speed=7.55 target_speed=7.56 ramp_fsm=NEGOTIATING ramp_lane_cmd_state=WAIT_EDGE ramp_edge=34126779 ramp_lane=0 ramp_merge_completed=False ramp_merge_committed=True
obu-main-back-left-1   | [8.7] Main_Back_Left HOST_HOLD_YIELD: for merge=107 spd=7.56
obu-main-back-left-1   | [8.7] Main_Back_Left MCM_TX_ACCEPT: manoeuvre=4 target=107
obu-main-front-left-1  | [8.7] Main_Front_Left role=cruise state=CRUISE->CRUISE speed=8.04 target=7.50 neighbors=11
obu-main-back-right-1  | HOST_RESERVATION_HOLD: host=Main_Back_Right ramp=109 manoeuvre=65 remaining=3.3 own_speed=7.49 target_speed=7.39 ramp_fsm=NEGOTIATING ramp_lane_cmd_state=NONE ramp_edge=34126779 ramp_lane=0 ramp_merge_completed=False ramp_merge_committed=False
obu-main-back-right-1  | [8.7] Main_Back_Right HOST_HOLD_YIELD: for merge=109 spd=7.39
obu-main-back-right-1  | [8.7] Main_Back_Right MCM_TX_ACCEPT: manoeuvre=65 target=109
obu-main-back-left-1   | HOST_RESERVATION_EXTEND_UNTIL_CLEAR: host=Main_Back_Left ramp=107 manoeuvre=4 new_remaining=4.0 ramp_lcs=WAIT_EDGE ramp_edge=34126779
obu-main-back-left-1   | HOST_RESERVATION_HOLD: host=Main_Back_Left ramp=107 manoeuvre=4 remaining=4.0 own_speed=7.55 target_speed=7.56 ramp_fsm=NEGOTIATING ramp_lane_cmd_state=WAIT_EDGE ramp_edge=34126779 ramp_lane=0 ramp_merge_completed=False ramp_merge_committed=True
obu-main-back-left-1   | [8.8] Main_Back_Left HOST_HOLD_YIELD: for merge=107 spd=7.56
obu-main-back-right-1  | HOST_RESERVATION_HOLD: host=Main_Back_Right ramp=109 manoeuvre=65 remaining=3.2 own_speed=7.48 target_speed=7.39 ramp_fsm=NEGOTIATING ramp_lane_cmd_state=NONE ramp_edge=34126779 ramp_lane=0 ramp_merge_completed=False ramp_merge_committed=False
obu-main-back-right-1  | [8.8] Main_Back_Right HOST_HOLD_YIELD: for merge=109 spd=7.39
obu-ramp-merge-3-1     | [8.7] Ramp_Merge_3 MCM_RX_ACCEPT: from=106 manoeuvre=65 target=109
obu-ramp-merge-3-1     | [8.8] Ramp_Merge_3 FINAL_GUARD: REJECTED slot-boundary ETA sid=105
obu-ramp-merge-3-1     | [8.8] Ramp_Merge_3 MERGE_LCLEAR_BLOCK: sid=105 gap=3.3 neighbor_age=0.1 from_memory=False dtm=90.8
obu-ramp-merge-3-1     | [8.8] Ramp_Merge_3 MERGE_DECISION: auth=False phys=False fgok=False lgok=False hgok=True cok=True esok=True cready=False dtm=90.8 past=False committed=False hid=106 ra=2 lclear=False hyok=True
obu-merge-car-1        | [8.7] Merge_Car MCM_RX_ACCEPT: from=105 manoeuvre=4 target=107
obu-ramp-merge-2-1     | MERGE_SLOT_SKIP_BUSY_HOST: skipped_host=105 busy_for=107 remaining=4.0 next_host=106 lead=104 own_eta=11.47
obu-ramp-merge-2-1     | [8.8] Ramp_Merge_2 MCM_ACCEPT_STALE: host=104 manoeuvre=34
obu-ramp-merge-2-1     | [8.8] Ramp_Merge_2 FINAL_GUARD: REJECTED slot-boundary ETA sid=104
obu-ramp-merge-2-1     | [8.8] Ramp_Merge_2 MERGE_DECISION: auth=True phys=False fgok=False lgok=True hgok=False cok=True esok=True cready=False dtm=74.0 past=False committed=False hid=104 ra=2 lclear=True hyok=True
obu-ramp-merge-2-1     | [8.8] Ramp_Merge_2 MERGE_PREPARE_WAIT_PHYSICAL: dtm=74.0
obu-merge-car-1        | [9.0] Merge_Car MERGE_PREPARE_WAIT_LANE_AVAILABLE: edge=34126779 lane=0 target_lane=1 lane_count=1 executable=False dtm=42.2 speed=6.72 host=105 lead=103
obu-main-back-left-1   | HOST_RESERVATION_EXTEND_UNTIL_CLEAR: host=Main_Back_Left ramp=107 manoeuvre=4 new_remaining=4.0 ramp_lcs=WAIT_EDGE ramp_edge=34126779
obu-main-back-left-1   | HOST_RESERVATION_HOLD: host=Main_Back_Left ramp=107 manoeuvre=4 remaining=4.0 own_speed=7.55 target_speed=7.56 ramp_fsm=NEGOTIATING ramp_lane_cmd_state=WAIT_EDGE ramp_edge=34126779 ramp_lane=0 ramp_merge_completed=False ramp_merge_committed=True
obu-main-back-left-1   | [9.0] Main_Back_Left HOST_HOLD_YIELD: for merge=107 spd=7.56
obu-main-back-left-1   | [9.0] Main_Back_Left MCM_TX_ACCEPT: manoeuvre=4 target=107
obu-ramp-merge-3-1     | [9.0] Ramp_Merge_3 FINAL_GUARD: REJECTED slot-boundary ETA sid=105
obu-ramp-merge-3-1     | [9.0] Ramp_Merge_3 MERGE_DECISION: auth=False phys=False fgok=False lgok=False hgok=True cok=True esok=True cready=False dtm=90.1 past=False committed=False hid=106 ra=2 lclear=False hyok=True
obu-ramp-merge-2-1     | [9.0] Ramp_Merge_2 FINAL_GUARD: REJECTED slot-boundary ETA sid=104
obu-ramp-merge-2-1     | [9.0] Ramp_Merge_2 MERGE_SLOT_ABANDON_BLOCKED: lgok=True hgok=False
obu-main-back-right-1  | HOST_RESERVATION_HOLD: host=Main_Back_Right ramp=109 manoeuvre=65 remaining=3.0 own_speed=7.47 target_speed=7.39 ramp_fsm=NEGOTIATING ramp_lane_cmd_state=NONE ramp_edge=34126779 ramp_lane=0 ramp_merge_completed=False ramp_merge_committed=False
obu-main-back-right-1  | [9.0] Main_Back_Right HOST_HOLD_YIELD: for merge=109 spd=7.39
obu-main-back-right-1  | [9.0] Main_Back_Right MCM_TX_ACCEPT: manoeuvre=65 target=109
obu-main-back-left-1   | HOST_RESERVATION_EXTEND_UNTIL_CLEAR: host=Main_Back_Left ramp=107 manoeuvre=4 new_remaining=4.0 ramp_lcs=WAIT_EDGE ramp_edge=34126779
obu-merge-car-1        | [9.2] Merge_Car MCM_RX_ACCEPT: from=105 manoeuvre=4 target=107
obu-main-back-left-1   | HOST_RESERVATION_HOLD: host=Main_Back_Left ramp=107 manoeuvre=4 remaining=4.0 own_speed=7.55 target_speed=7.56 ramp_fsm=NEGOTIATING ramp_lane_cmd_state=WAIT_EDGE ramp_edge=34126779 ramp_lane=0 ramp_merge_completed=False ramp_merge_committed=True
obu-main-back-left-1   | [9.2] Main_Back_Left HOST_HOLD_YIELD: for merge=107 spd=7.56
obu-main-back-right-1  | HOST_RESERVATION_HOLD: host=Main_Back_Right ramp=109 manoeuvre=65 remaining=2.8 own_speed=7.46 target_speed=7.39 ramp_fsm=NEGOTIATING ramp_lane_cmd_state=NONE ramp_edge=34126779 ramp_lane=0 ramp_merge_completed=False ramp_merge_committed=False
obu-main-back-right-1  | [9.2] Main_Back_Right HOST_HOLD_YIELD: for merge=109 spd=7.39
obu-ramp-merge-3-1     | [9.1] Ramp_Merge_3 MCM_RX_ACCEPT: from=106 manoeuvre=65 target=109
obu-ramp-merge-3-1     | [9.2] Ramp_Merge_3 FINAL_GUARD: REJECTED slot-boundary ETA sid=105
obu-ramp-merge-3-1     | MERGE_SLOT_QUALITY_DIAG: vehicle=Ramp_Merge_3 event=ACCEPTED_WAIT_SLOT_VALID t=9.2 manoeuvre=65 source=pending_request lead=105 host=106 own_eta=13.39 lead_eta=12.67 host_eta=18.00 min_eta=14.17 max_eta=16.50 desired_eta=14.17 gap_possible=True dtm=89.4 edge=34126779 lane=0 speed=6.67 lead_speed=7.55 host_speed=7.00 lead_gap=85.94 host_gap=101.30 lead_gap_t1=85.94 lead_gap_t2=85.94 lead_gap_t3=85.94 host_gap_t1=101.30 host_gap_t2=101.30 host_gap_t3=101.30 rel_to_lead=-0.88 rel_to_host=-0.33 lead_lat=5.19 host_lat=31.36 pending=True accepted=True authorized=False committed=False pending_age=1.60 accepted_age=0.00 lane_cmd_state=NONE lane_cmd_target=None
obu-ramp-merge-3-1     | [9.2] Ramp_Merge_3 MERGE_ACCEPTED_WAIT_SLOT_VALID: reason=lgok=False(gap=85.94),fgok=False,lclear=False
obu-ramp-merge-3-1     | [9.2] Ramp_Merge_3 MERGE_DECISION: auth=False phys=False fgok=False lgok=False hgok=True cok=True esok=True cready=False dtm=89.4 past=False committed=False hid=106 ra=2 lclear=False hyok=True
obu-ramp-merge-2-1     | [9.2] Ramp_Merge_2 MERGE_DECISION: auth=False phys=False fgok=True lgok=False hgok=True cok=True esok=True cready=False dtm=72.2 past=False committed=False hid=None ra=None lclear=True hyok=True
obu-lead-car-1         | [9.3] Lead_Car role=cruise state=CRUISE->CRUISE speed=7.60 target=7.50 neighbors=11
obu-main-back-left-1   | HOST_RESERVATION_EXTEND_UNTIL_CLEAR: host=Main_Back_Left ramp=107 manoeuvre=4 new_remaining=4.0 ramp_lcs=WAIT_EDGE ramp_edge=34126779
obu-main-back-left-1   | HOST_RESERVATION_HOLD: host=Main_Back_Left ramp=107 manoeuvre=4 remaining=4.0 own_speed=7.55 target_speed=7.56 ramp_fsm=NEGOTIATING ramp_lane_cmd_state=WAIT_EDGE ramp_edge=34126779 ramp_lane=0 ramp_merge_completed=False ramp_merge_committed=True
obu-main-back-left-1   | [9.3] Main_Back_Left HOST_HOLD_YIELD: for merge=107 spd=7.56
obu-main-back-left-1   | [9.3] Main_Back_Left MCM_TX_ACCEPT: manoeuvre=4 target=107
obu-ramp-merge-3-1     | [9.3] Ramp_Merge_3 FINAL_GUARD: REJECTED slot-boundary ETA sid=105
obu-ramp-merge-3-1     | [9.3] Ramp_Merge_3 MERGE_DECISION: auth=False phys=False fgok=False lgok=False hgok=True cok=True esok=True cready=False dtm=89.0 past=False committed=False hid=106 ra=2 lclear=False hyok=True
obu-ramp-merge-3-1     | [9.3] Ramp_Merge_3 role=merge state=NEGOTIATING->NEGOTIATING speed=6.66 target=6.38 neighbors=11
obu-main-mid-right-1   | [9.3] Main_Mid_Right role=lead state=CRUISE->CRUISE speed=7.40 target=7.50 neighbors=11
obu-main-back-right-1  | HOST_RESERVATION_HOLD: host=Main_Back_Right ramp=109 manoeuvre=65 remaining=2.7 own_speed=7.46 target_speed=7.39 ramp_fsm=NEGOTIATING ramp_lane_cmd_state=NONE ramp_edge=34126779 ramp_lane=0 ramp_merge_completed=False ramp_merge_committed=False
obu-ramp-merge-2-1     | [9.3] Ramp_Merge_2 MERGE_DECISION: auth=False phys=False fgok=True lgok=False hgok=True cok=True esok=True cready=False dtm=71.7 past=False committed=False hid=None ra=None lclear=True hyok=True
obu-ramp-merge-2-1     | [9.3] Ramp_Merge_2 role=merge state=CRUISE->CRUISE speed=6.43 target=6.18 neighbors=11
obu-main-back-right-1  | [9.3] Main_Back_Right HOST_HOLD_YIELD: for merge=109 spd=7.39
obu-main-back-right-1  | [9.3] Main_Back_Right MCM_TX_ACCEPT: manoeuvre=65 target=109
obu-main-back-right-1  | [9.3] Main_Back_Right role=host state=YIELDING->YIELDING speed=7.46 target=7.39 neighbors=11
obu-merge-car-1        | [9.3] Merge_Car role=merge state=NEGOTIATING->NEGOTIATING speed=6.73 target=6.75 neighbors=11
obu-host-car-1         | [9.3] Host_Car role=host state=CRUISE->CRUISE speed=6.68 target=7.50 neighbors=11
obu-ramp-merge-4-1     | [9.3] Ramp_Merge_4 role=merge state=CRUISE->CRUISE speed=7.04 target=6.75 neighbors=11
obu-ramp-merge-3-1     | [9.3] Ramp_Merge_3 MCM_RX_ACCEPT: from=106 manoeuvre=65 target=109
obu-merge-car-1        | [9.3] Merge_Car MCM_RX_ACCEPT: from=105 manoeuvre=4 target=107
obu-ramp-merge-5-1     | [9.3] Ramp_Merge_5 role=merge state=YIELDING->YIELDING speed=6.95 target=6.70 neighbors=11
obu-ramp-back-1        | [9.3] Ramp_Back role=merge state=YIELDING->YIELDING speed=6.00 target=5.75 neighbors=11
obu-main-back-left-1   | HOST_RESERVATION_EXTEND_UNTIL_CLEAR: host=Main_Back_Left ramp=107 manoeuvre=4 new_remaining=4.0 ramp_lcs=WAIT_EDGE ramp_edge=34126779
obu-main-back-left-1   | HOST_RESERVATION_HOLD: host=Main_Back_Left ramp=107 manoeuvre=4 remaining=4.0 own_speed=7.55 target_speed=7.56 ramp_fsm=NEGOTIATING ramp_lane_cmd_state=WAIT_EDGE ramp_edge=34126779 ramp_lane=0 ramp_merge_completed=False ramp_merge_committed=True
obu-main-back-left-1   | [9.5] Main_Back_Left HOST_HOLD_YIELD: for merge=107 spd=7.56
obu-main-back-left-1   | [9.5] Main_Back_Left role=host state=YIELDING->YIELDING speed=7.55 target=7.56 neighbors=11
obu-ramp-merge-3-1     | [9.5] Ramp_Merge_3 FINAL_GUARD: REJECTED slot-boundary ETA sid=105
obu-ramp-merge-3-1     | [9.5] Ramp_Merge_3 MERGE_DECISION: auth=False phys=False fgok=False lgok=False hgok=True cok=True esok=True cready=False dtm=88.2 past=False committed=False hid=106 ra=2 lclear=False hyok=True
obu-main-back-right-1  | HOST_RESERVATION_HOLD: host=Main_Back_Right ramp=109 manoeuvre=65 remaining=2.4 own_speed=7.45 target_speed=7.39 ramp_fsm=NEGOTIATING ramp_lane_cmd_state=NONE ramp_edge=34126779 ramp_lane=0 ramp_merge_completed=False ramp_merge_committed=False
obu-main-back-right-1  | [9.6] Main_Back_Right HOST_HOLD_YIELD: for merge=109 spd=7.39
obu-main-back-right-1  | [9.6] Main_Back_Right MCM_TX_ACCEPT: manoeuvre=65 target=109
obu-ramp-merge-2-1     | [9.6] Ramp_Merge_2 MERGE_DECISION: auth=False phys=False fgok=True lgok=False hgok=True cok=True esok=True cready=False dtm=70.4 past=False committed=False hid=None ra=None lclear=True hyok=True
obu-ramp-merge-3-1     | [9.6] Ramp_Merge_3 MCM_RX_ACCEPT: from=106 manoeuvre=65 target=109
obu-main-back-left-1   | HOST_RESERVATION_EXTEND_UNTIL_CLEAR: host=Main_Back_Left ramp=107 manoeuvre=4 new_remaining=4.0 ramp_lcs=WAIT_EDGE ramp_edge=34126779
obu-main-back-left-1   | HOST_RESERVATION_HOLD: host=Main_Back_Left ramp=107 manoeuvre=4 remaining=4.0 own_speed=7.55 target_speed=7.56 ramp_fsm=NEGOTIATING ramp_lane_cmd_state=WAIT_EDGE ramp_edge=34126779 ramp_lane=0 ramp_merge_completed=False ramp_merge_committed=True
obu-main-back-left-1   | [9.8] Main_Back_Left HOST_HOLD_YIELD: for merge=107 spd=7.56
obu-main-back-left-1   | [9.8] Main_Back_Left MCM_TX_ACCEPT: manoeuvre=4 target=107
obu-ramp-merge-3-1     | [9.7] Ramp_Merge_3 FINAL_GUARD: REJECTED slot-boundary ETA sid=105
obu-ramp-merge-3-1     | MERGE_ATTEMPT_TIMELINE: vehicle=Ramp_Merge_3 manoeuvre=65 host=106 lead=105 event=SLOT_EXPIRED t=9.7 edge=34126779 lane=0 lane_cmd_state=NONE speed=6.60 target=6.38 dtm=87.5 lead_gap=80.09 host_gap=92.53 lead_gap_t1=80.09 lead_gap_t2=80.09 lead_gap_t3=80.09 host_gap_t1=92.53 host_gap_t2=92.53 host_gap_t3=92.53
obu-ramp-merge-3-1     | MERGE_SLOT_QUALITY_DIAG: vehicle=Ramp_Merge_3 event=SLOT_EXPIRED t=9.7 manoeuvre=65 source=pending_request lead=105 host=106 own_eta=13.25 lead_eta=12.17 host_eta=17.36 min_eta=13.67 max_eta=15.86 desired_eta=13.67 gap_possible=True dtm=87.5 edge=34126779 lane=0 speed=6.60 lead_speed=7.55 host_speed=7.00 lead_gap=80.09 host_gap=92.53 lead_gap_t1=80.09 lead_gap_t2=80.09 lead_gap_t3=80.09 host_gap_t1=92.53 host_gap_t2=92.53 host_gap_t3=92.53 rel_to_lead=-0.95 rel_to_host=-0.40 lead_lat=10.59 host_lat=37.50 pending=True accepted=True authorized=False committed=False pending_age=2.10 accepted_age=0.00 lane_cmd_state=NONE lane_cmd_target=None
obu-ramp-merge-3-1     | [9.7] Ramp_Merge_3 MERGE_ACCEPTED_SLOT_EXPIRED: age=1.6 dtm=87.5
obu-main-front-left-1  | [9.8] Main_Front_Left role=cruise state=CRUISE->CRUISE speed=7.81 target=7.50 neighbors=11
obu-main-back-right-1  | HOST_RESERVATION_HOLD: host=Main_Back_Right ramp=109 manoeuvre=65 remaining=2.2 own_speed=7.44 target_speed=7.39 ramp_fsm=NEGOTIATING ramp_lane_cmd_state=NONE ramp_edge=34126779 ramp_lane=0 ramp_merge_completed=False ramp_merge_committed=False
obu-main-back-right-1  | [9.8] Main_Back_Right HOST_HOLD_YIELD: for merge=109 spd=7.39
obu-ramp-merge-2-1     | [9.8] Ramp_Merge_2 MERGE_DECISION: auth=False phys=True fgok=True lgok=False hgok=True cok=True esok=True cready=True dtm=69.4 past=False committed=False hid=None ra=None lclear=True hyok=True
obu-ramp-merge-3-1     | MERGE_SLOT_QUALITY_DIAG: vehicle=Ramp_Merge_3 event=REQUEST_NEW t=9.8 manoeuvre=66 source=new_request lead=105 host=106 own_eta=13.22 lead_eta=12.17 host_eta=17.36 min_eta=13.67 max_eta=15.86 desired_eta=13.67 gap_possible=True dtm=87.2 edge=34126779 lane=0 speed=6.59 lead_speed=7.55 host_speed=7.00 lead_gap=79.43 host_gap=91.87 lead_gap_t1=79.43 lead_gap_t2=79.43 lead_gap_t3=79.43 host_gap_t1=91.87 host_gap_t2=91.87 host_gap_t3=91.87 rel_to_lead=-0.96 rel_to_host=-0.41 lead_lat=10.59 host_lat=37.50 pending=True accepted=False authorized=False committed=False pending_age=0.00 accepted_age=None lane_cmd_state=NONE lane_cmd_target=None
obu-ramp-merge-3-1     | MERGE_ATTEMPT_TIMELINE: vehicle=Ramp_Merge_3 manoeuvre=66 host=106 lead=105 event=REQUEST_SENT t=9.8 edge=34126779 lane=0 lane_cmd_state=NONE speed=6.59 target=6.75 dtm=87.2 lead_gap=79.43 host_gap=91.87 lead_gap_t1=79.43 lead_gap_t2=79.43 lead_gap_t3=79.43 host_gap_t1=91.87 host_gap_t2=91.87 host_gap_t3=91.87
obu-ramp-merge-3-1     | [9.8] Ramp_Merge_3 MCM_TX_REQUEST: manoeuvre=66 target=106
obu-ramp-merge-3-1     | [9.8] Ramp_Merge_3 FINAL_GUARD: REJECTED slot-boundary ETA sid=105
obu-ramp-merge-3-1     | [9.8] Ramp_Merge_3 MERGE_DECISION: auth=False phys=False fgok=False lgok=False hgok=True cok=True esok=True cready=False dtm=87.2 past=False committed=False hid=106 ra=None lclear=False hyok=True
obu-merge-car-1        | [9.9] Merge_Car MCM_RX_ACCEPT: from=105 manoeuvre=4 target=107
obu-main-back-right-1  | [9.9] Main_Back_Right MCM_RX_REQUEST: from=109 manoeuvre=66 target=106
obu-merge-car-1        | [10.0] Merge_Car MERGE_PREPARE_WAIT_LANE_AVAILABLE: edge=34126779 lane=0 target_lane=1 lane_count=1 executable=False dtm=35.6 speed=6.73 host=105 lead=103
obu-main-back-right-1  | HOST_MANOEUVRE_ID_UPDATE: host=Main_Back_Right ramp=109 old_mid=65 new_mid=66
obu-ramp-merge-3-1     | [10.0] Ramp_Merge_3 MERGE_LCLEAR_BLOCK: sid=105 gap=4.3 neighbor_age=0.1 from_memory=False dtm=86.5
obu-main-back-right-1  | HOST_RESERVATION_HOLD: host=Main_Back_Right ramp=109 manoeuvre=66 remaining=1.9 own_speed=7.44 target_speed=7.39 ramp_fsm=NEGOTIATING ramp_lane_cmd_state=NONE ramp_edge=34126779 ramp_lane=0 ramp_merge_completed=False ramp_merge_committed=False
obu-main-back-right-1  | [10.1] Main_Back_Right HOST_HOLD_YIELD: for merge=109 spd=7.39
obu-main-back-right-1  | [10.1] Main_Back_Right MCM_TX_ACCEPT: manoeuvre=66 target=109
obu-ramp-merge-3-1     | [10.0] Ramp_Merge_3 MERGE_DECISION: auth=False phys=False fgok=True lgok=False hgok=True cok=True esok=True cready=False dtm=86.5 past=False committed=False hid=106 ra=None lclear=False hyok=False
obu-ramp-merge-2-1     | MERGE_SLOT_SKIP_BUSY_HOST: skipped_host=105 busy_for=107 remaining=3.9000000000000004 next_host=106 lead=104 own_eta=10.68
obu-ramp-merge-2-1     | [10.1] Ramp_Merge_2 MERGE_DECISION: auth=False phys=True fgok=True lgok=False hgok=True cok=True esok=True cready=True dtm=67.8 past=False committed=False hid=None ra=None lclear=True hyok=True
obu-main-back-left-1   | HOST_RESERVATION_EXTEND_UNTIL_CLEAR: host=Main_Back_Left ramp=107 manoeuvre=4 new_remaining=4.0 ramp_lcs=WAIT_EDGE ramp_edge=34126779
obu-main-back-left-1   | HOST_RESERVATION_HOLD: host=Main_Back_Left ramp=107 manoeuvre=4 remaining=4.0 own_speed=7.55 target_speed=7.56 ramp_fsm=NEGOTIATING ramp_lane_cmd_state=WAIT_EDGE ramp_edge=34126779 ramp_lane=0 ramp_merge_completed=False ramp_merge_committed=True
obu-main-back-left-1   | [10.1] Main_Back_Left HOST_HOLD_YIELD: for merge=107 spd=7.56
obu-main-back-left-1   | [10.1] Main_Back_Left MCM_TX_ACCEPT: manoeuvre=4 target=107
obu-merge-car-1        | [10.1] Merge_Car MCM_RX_ACCEPT: from=105 manoeuvre=4 target=107
obu-ramp-merge-3-1     | [10.0] Ramp_Merge_3 MCM_RX_ACCEPT: from=106 manoeuvre=66 target=109
obu-ramp-merge-3-1     | MCM_REQUEST_RETRY_DIAG: vehicle=Ramp_Merge_3 host=106 lead=105 manoeuvre=66 retry_count=1 pending_age=0.4 dtm=85.8 own_eta=13.09 host_eta_current=16.83230303892775 host_eta_at_request=17.363496351637657 lead_eta_current=11.57304256414976 lead_eta_at_request=12.173213166328788 last_response_action=2 last_response_age=0.1999999999999993 host_remote_fsm=YIELDING host_remote_edge=560761994 host_remote_lane=0 host_remote_merge_committed=False host_remote_merge_completed=False host_remote_active_merge_request=True host_remote_active_station_id=109 host_remote_active_manoeuvre_id=66 host_remote_active_remaining_s=1.8000000000000007
obu-ramp-merge-3-1     | MERGE_SLOT_QUALITY_DIAG: vehicle=Ramp_Merge_3 event=REQUEST_RETRY t=10.2 manoeuvre=66 source=retry_request lead=105 host=106 own_eta=13.09 lead_eta=12.17 host_eta=16.83 min_eta=13.67 max_eta=15.33 desired_eta=13.67 gap_possible=True dtm=85.8 edge=34126779 lane=0 speed=6.55 lead_speed=7.55 host_speed=7.00 lead_gap=74.90 host_gap=87.68 lead_gap_t1=74.90 lead_gap_t2=74.90 lead_gap_t3=74.90 host_gap_t1=87.68 host_gap_t2=87.68 host_gap_t3=87.68 rel_to_lead=-1.00 rel_to_host=-0.45 lead_lat=6.48 host_lat=34.12 pending=True accepted=False authorized=False committed=False pending_age=0.40 accepted_age=None lane_cmd_state=NONE lane_cmd_target=None
obu-ramp-merge-3-1     | [10.2] Ramp_Merge_3 MCM_TX_REQUEST: manoeuvre=66 target=106
obu-ramp-merge-3-1     | MERGE_ATTEMPT_TIMELINE: vehicle=Ramp_Merge_3 manoeuvre=66 host=106 lead=105 event=ACCEPT_MATCHED t=10.2 edge=34126779 lane=0 lane_cmd_state=NONE speed=6.55 target=6.75 dtm=85.8 lead_gap=74.90 host_gap=87.68 lead_gap_t1=74.90 lead_gap_t2=74.90 lead_gap_t3=74.90 host_gap_t1=87.68 host_gap_t2=87.68 host_gap_t3=87.68
obu-ramp-merge-3-1     | MERGE_SLOT_QUALITY_DIAG: vehicle=Ramp_Merge_3 event=ACCEPT_MATCHED t=10.2 manoeuvre=66 source=accept_matched lead=105 host=106 own_eta=13.09 lead_eta=12.17 host_eta=16.83 min_eta=13.67 max_eta=15.33 desired_eta=13.67 gap_possible=True dtm=85.8 edge=34126779 lane=0 speed=6.55 lead_speed=7.55 host_speed=7.00 lead_gap=74.90 host_gap=87.68 lead_gap_t1=74.90 lead_gap_t2=74.90 lead_gap_t3=74.90 host_gap_t1=87.68 host_gap_t2=87.68 host_gap_t3=87.68 rel_to_lead=-1.00 rel_to_host=-0.45 lead_lat=6.48 host_lat=34.12 pending=True accepted=False authorized=False committed=False pending_age=0.40 accepted_age=None lane_cmd_state=NONE lane_cmd_target=None
obu-ramp-merge-3-1     | [10.2] Ramp_Merge_3 MCM_ACCEPT_MATCHED: host=106 manoeuvre=66
obu-ramp-merge-3-1     | [10.2] Ramp_Merge_3 MERGE_DECISION: auth=False phys=False fgok=True lgok=True hgok=True cok=True esok=True cready=False dtm=85.8 past=False committed=False hid=106 ra=2 lclear=False hyok=True
obu-lead-car-1         | [10.4] Lead_Car role=cruise state=CRUISE->CRUISE speed=7.56 target=7.50 neighbors=11
obu-main-back-left-1   | HOST_RESERVATION_EXTEND_UNTIL_CLEAR: host=Main_Back_Left ramp=107 manoeuvre=4 new_remaining=4.0 ramp_lcs=WAIT_EDGE ramp_edge=34126779
obu-main-back-left-1   | HOST_RESERVATION_HOLD: host=Main_Back_Left ramp=107 manoeuvre=4 remaining=4.0 own_speed=7.55 target_speed=7.56 ramp_fsm=NEGOTIATING ramp_lane_cmd_state=WAIT_EDGE ramp_edge=34126779 ramp_lane=0 ramp_merge_completed=False ramp_merge_committed=True
obu-main-back-left-1   | [10.4] Main_Back_Left HOST_HOLD_YIELD: for merge=107 spd=7.56
obu-main-back-left-1   | [10.4] Main_Back_Left MCM_TX_ACCEPT: manoeuvre=4 target=107
obu-main-mid-right-1   | [10.4] Main_Mid_Right role=lead state=CRUISE->CRUISE speed=7.45 target=7.50 neighbors=11
obu-host-car-1         | [10.4] Host_Car role=host state=CRUISE->CRUISE speed=7.03 target=7.50 neighbors=11
obu-main-back-right-1  | [10.2] Main_Back_Right MCM_RX_REQUEST: from=109 manoeuvre=66 target=106
obu-ramp-merge-3-1     | MERGE_SLOT_QUALITY_DIAG: vehicle=Ramp_Merge_3 event=ACCEPTED_WAIT_SLOT_VALID t=10.3 manoeuvre=66 source=pending_request lead=105 host=106 own_eta=13.04 lead_eta=11.57 host_eta=16.83 min_eta=13.07 max_eta=15.33 desired_eta=13.07 gap_possible=True dtm=85.4 edge=34126779 lane=0 speed=6.55 lead_speed=7.55 host_speed=7.00 lead_gap=74.15 host_gap=86.52 lead_gap_t1=74.15 lead_gap_t2=74.15 lead_gap_t3=74.15 host_gap_t1=86.52 host_gap_t2=86.52 host_gap_t3=86.52 rel_to_lead=-1.00 rel_to_host=-0.45 lead_lat=7.69 host_lat=35.51 pending=True accepted=True authorized=False committed=False pending_age=0.50 accepted_age=0.00 lane_cmd_state=NONE lane_cmd_target=None
obu-ramp-merge-3-1     | [10.3] Ramp_Merge_3 MERGE_ACCEPTED_WAIT_SLOT_VALID: reason=lgok=False(gap=74.15),lclear=False
obu-ramp-merge-3-1     | [10.3] Ramp_Merge_3 MERGE_DECISION: auth=False phys=False fgok=True lgok=False hgok=True cok=True esok=True cready=False dtm=85.4 past=False committed=False hid=106 ra=2 lclear=False hyok=True
obu-ramp-merge-3-1     | [10.3] Ramp_Merge_3 role=merge state=NEGOTIATING->NEGOTIATING speed=6.55 target=6.38 neighbors=11
obu-ramp-back-1        | [10.3] Ramp_Back role=merge state=YIELDING->YIELDING speed=5.89 target=5.64 neighbors=11
obu-merge-car-1        | [10.3] Merge_Car role=merge state=NEGOTIATING->NEGOTIATING speed=6.74 target=6.75 neighbors=11
obu-ramp-merge-5-1     | [10.3] Ramp_Merge_5 role=merge state=YIELDING->YIELDING speed=6.84 target=6.59 neighbors=11
obu-ramp-merge-4-1     | [10.3] Ramp_Merge_4 role=merge state=CRUISE->CRUISE speed=6.93 target=6.75 neighbors=11
obu-merge-car-1        | [10.3] Merge_Car MCM_RX_ACCEPT: from=105 manoeuvre=4 target=107
traci-bridge-1         |  Retrying in 1 seconds
traci-bridge-1         | LANE_CMD_STATE veh=Merge_Car edge=34126779 lane=0 target=1 lane_count=1 recently=False speed=6.61
obu-main-back-right-1  | HOST_RESERVATION_HOLD: host=Main_Back_Right ramp=109 manoeuvre=66 remaining=1.7 own_speed=7.43 target_speed=7.39 ramp_fsm=NEGOTIATING ramp_lane_cmd_state=NONE ramp_edge=34126779 ramp_lane=0 ramp_merge_completed=False ramp_merge_committed=False
traci-bridge-1         | LANE_CMD_WAIT_EDGE veh=Merge_Car edge=34126779 lane=0 target=1 lane_count=1
obu-main-back-right-1  | [10.3] Main_Back_Right HOST_HOLD_YIELD: for merge=109 spd=7.39
traci-bridge-1         | LANE_CMD_STATE veh=Merge_Car edge=34126779 lane=0 target=1 lane_count=1 recently=False speed=6.61
obu-main-back-right-1  | [10.3] Main_Back_Right role=host state=YIELDING->YIELDING speed=7.43 target=7.39 neighbors=11
traci-bridge-1         | LANE_CMD_WAIT_EDGE veh=Merge_Car edge=34126779 lane=0 target=1 lane_count=1
traci-bridge-1         | LANE_CMD_STATE veh=Merge_Car edge=34126779 lane=0 target=1 lane_count=1 recently=False speed=6.62
traci-bridge-1         | LANE_CMD_WAIT_EDGE veh=Merge_Car edge=34126779 lane=0 target=1 lane_count=1
traci-bridge-1         | LANE_CMD_STATE veh=Merge_Car edge=34126779 lane=0 target=1 lane_count=1 recently=False speed=6.63
traci-bridge-1         | LANE_CMD_WAIT_EDGE veh=Merge_Car edge=34126779 lane=0 target=1 lane_count=1
traci-bridge-1         | LANE_CMD_STATE veh=Merge_Car edge=34126779 lane=0 target=1 lane_count=1 recently=False speed=6.63
traci-bridge-1         | LANE_CMD_WAIT_EDGE veh=Merge_Car edge=34126779 lane=0 target=1 lane_count=1
traci-bridge-1         | LANE_CMD_STATE veh=Merge_Car edge=34126779 lane=0 target=1 lane_count=1 recently=False speed=6.64
traci-bridge-1         | LANE_CMD_WAIT_EDGE veh=Merge_Car edge=34126779 lane=0 target=1 lane_count=1
traci-bridge-1         | LANE_CMD_STATE veh=Merge_Car edge=34126779 lane=0 target=1 lane_count=1 recently=False speed=6.64
traci-bridge-1         | LANE_CMD_WAIT_EDGE veh=Merge_Car edge=34126779 lane=0 target=1 lane_count=1
traci-bridge-1         | LANE_CMD_STATE veh=Merge_Car edge=34126779 lane=0 target=1 lane_count=1 recently=False speed=6.65
traci-bridge-1         | LANE_CMD_WAIT_EDGE veh=Merge_Car edge=34126779 lane=0 target=1 lane_count=1
traci-bridge-1         | LANE_CMD_STATE veh=Merge_Car edge=34126779 lane=0 target=1 lane_count=1 recently=False speed=6.65
traci-bridge-1         | LANE_CMD_WAIT_EDGE veh=Merge_Car edge=34126779 lane=0 target=1 lane_count=1
traci-bridge-1         | LANE_CMD_STATE veh=Merge_Car edge=34126779 lane=0 target=1 lane_count=1 recently=False speed=6.66
traci-bridge-1         | LANE_CMD_WAIT_EDGE veh=Merge_Car edge=34126779 lane=0 target=1 lane_count=1
traci-bridge-1         | LANE_CMD_STATE veh=Merge_Car edge=34126779 lane=0 target=1 lane_count=1 recently=False speed=6.66
traci-bridge-1         | LANE_CMD_WAIT_EDGE veh=Merge_Car edge=34126779 lane=0 target=1 lane_count=1
traci-bridge-1         | LANE_CMD_STATE veh=Merge_Car edge=34126779 lane=0 target=1 lane_count=1 recently=False speed=6.67
traci-bridge-1         | LANE_CMD_WAIT_EDGE veh=Merge_Car edge=34126779 lane=0 target=1 lane_count=1
traci-bridge-1         | LANE_CMD_STATE veh=Merge_Car edge=34126779 lane=0 target=1 lane_count=1 recently=False speed=6.67
traci-bridge-1         | LANE_CMD_WAIT_EDGE veh=Merge_Car edge=34126779 lane=0 target=1 lane_count=1
traci-bridge-1         | LANE_CMD_STATE veh=Merge_Car edge=34126779 lane=0 target=1 lane_count=1 recently=False speed=6.68
traci-bridge-1         | LANE_CMD_WAIT_EDGE veh=Merge_Car edge=34126779 lane=0 target=1 lane_count=1
traci-bridge-1         | LANE_CMD_STATE veh=Merge_Car edge=34126779 lane=0 target=1 lane_count=1 recently=False speed=6.68
traci-bridge-1         | LANE_CMD_WAIT_EDGE veh=Merge_Car edge=34126779 lane=0 target=1 lane_count=1
traci-bridge-1         | LANE_CMD_STATE veh=Merge_Car edge=34126779 lane=0 target=1 lane_count=1 recently=False speed=6.68
traci-bridge-1         | LANE_CMD_WAIT_EDGE veh=Merge_Car edge=34126779 lane=0 target=1 lane_count=1
traci-bridge-1         | LANE_CMD_STATE veh=Merge_Car edge=34126779 lane=0 target=1 lane_count=1 recently=False speed=6.69
traci-bridge-1         | LANE_CMD_WAIT_EDGE veh=Merge_Car edge=34126779 lane=0 target=1 lane_count=1
traci-bridge-1         | LANE_CMD_STATE veh=Merge_Car edge=34126779 lane=0 target=1 lane_count=1 recently=False speed=6.69
traci-bridge-1         | LANE_CMD_WAIT_EDGE veh=Merge_Car edge=34126779 lane=0 target=1 lane_count=1
traci-bridge-1         | LANE_CMD_STATE veh=Merge_Car edge=34126779 lane=0 target=1 lane_count=1 recently=False speed=6.69
traci-bridge-1         | LANE_CMD_WAIT_EDGE veh=Merge_Car edge=34126779 lane=0 target=1 lane_count=1
traci-bridge-1         | LANE_CMD_STATE veh=Merge_Car edge=34126779 lane=0 target=1 lane_count=1 recently=False speed=6.70
traci-bridge-1         | LANE_CMD_WAIT_EDGE veh=Merge_Car edge=34126779 lane=0 target=1 lane_count=1
traci-bridge-1         | LANE_CMD_STATE veh=Merge_Car edge=34126779 lane=0 target=1 lane_count=1 recently=False speed=6.70
traci-bridge-1         | LANE_CMD_WAIT_EDGE veh=Merge_Car edge=34126779 lane=0 target=1 lane_count=1
traci-bridge-1         | LANE_CMD_STATE veh=Merge_Car edge=34126779 lane=0 target=1 lane_count=1 recently=False speed=6.70
traci-bridge-1         | LANE_CMD_WAIT_EDGE veh=Merge_Car edge=34126779 lane=0 target=1 lane_count=1
traci-bridge-1         | LANE_CMD_STATE veh=Merge_Car edge=34126779 lane=0 target=1 lane_count=1 recently=False speed=6.70
traci-bridge-1         | LANE_CMD_WAIT_EDGE veh=Merge_Car edge=34126779 lane=0 target=1 lane_count=1
traci-bridge-1         | LANE_CMD_STATE veh=Merge_Car edge=34126779 lane=0 target=1 lane_count=1 recently=False speed=6.71
traci-bridge-1         | LANE_CMD_WAIT_EDGE veh=Merge_Car edge=34126779 lane=0 target=1 lane_count=1
traci-bridge-1         | LANE_CMD_STATE veh=Merge_Car edge=34126779 lane=0 target=1 lane_count=1 recently=False speed=6.71
traci-bridge-1         | LANE_CMD_WAIT_EDGE veh=Merge_Car edge=34126779 lane=0 target=1 lane_count=1
traci-bridge-1         | LANE_CMD_STATE veh=Merge_Car edge=34126779 lane=0 target=1 lane_count=1 recently=False speed=6.71
traci-bridge-1         | LANE_CMD_WAIT_EDGE veh=Merge_Car edge=34126779 lane=0 target=1 lane_count=1
traci-bridge-1         | LANE_CMD_STATE veh=Merge_Car edge=34126779 lane=0 target=1 lane_count=1 recently=False speed=6.71
traci-bridge-1         | LANE_CMD_WAIT_EDGE veh=Merge_Car edge=34126779 lane=0 target=1 lane_count=1
traci-bridge-1         | LANE_CMD_STATE veh=Merge_Car edge=34126779 lane=0 target=1 lane_count=1 recently=False speed=6.71
traci-bridge-1         | LANE_CMD_WAIT_EDGE veh=Merge_Car edge=34126779 lane=0 target=1 lane_count=1
traci-bridge-1         | LANE_CMD_STATE veh=Merge_Car edge=34126779 lane=0 target=1 lane_count=1 recently=False speed=6.72
traci-bridge-1         | LANE_CMD_WAIT_EDGE veh=Merge_Car edge=34126779 lane=0 target=1 lane_count=1
traci-bridge-1         | LANE_CMD_STATE veh=Merge_Car edge=34126779 lane=0 target=1 lane_count=1 recently=False speed=6.72
traci-bridge-1         | LANE_CMD_WAIT_EDGE veh=Merge_Car edge=34126779 lane=0 target=1 lane_count=1
traci-bridge-1         | LANE_CMD_STATE veh=Merge_Car edge=34126779 lane=0 target=1 lane_count=1 recently=False speed=6.72
traci-bridge-1         | LANE_CMD_WAIT_EDGE veh=Merge_Car edge=34126779 lane=0 target=1 lane_count=1
traci-bridge-1         | LANE_CMD_STATE veh=Merge_Car edge=34126779 lane=0 target=1 lane_count=1 recently=False speed=6.72
traci-bridge-1         | LANE_CMD_WAIT_EDGE veh=Merge_Car edge=34126779 lane=0 target=1 lane_count=1
traci-bridge-1         | LANE_CMD_STATE veh=Merge_Car edge=34126779 lane=0 target=1 lane_count=1 recently=False speed=6.72
traci-bridge-1         | LANE_CMD_WAIT_EDGE veh=Merge_Car edge=34126779 lane=0 target=1 lane_count=1
traci-bridge-1         | LANE_CMD_STATE veh=Merge_Car edge=34126779 lane=0 target=1 lane_count=1 recently=False speed=6.72
traci-bridge-1         | LANE_CMD_WAIT_EDGE veh=Merge_Car edge=34126779 lane=0 target=1 lane_count=1
traci-bridge-1         | LANE_CMD_STATE veh=Merge_Car edge=34126779 lane=0 target=1 lane_count=1 recently=False speed=6.72
traci-bridge-1         | LANE_CMD_WAIT_EDGE veh=Merge_Car edge=34126779 lane=0 target=1 lane_count=1
traci-bridge-1         | LANE_CMD_STATE veh=Merge_Car edge=34126779 lane=0 target=1 lane_count=1 recently=False speed=6.73
traci-bridge-1         | LANE_CMD_WAIT_EDGE veh=Merge_Car edge=34126779 lane=0 target=1 lane_count=1
traci-bridge-1         | LANE_CMD_STATE veh=Merge_Car edge=34126779 lane=0 target=1 lane_count=1 recently=False speed=6.73
traci-bridge-1         | LANE_CMD_WAIT_EDGE veh=Merge_Car edge=34126779 lane=0 target=1 lane_count=1
traci-bridge-1         | LANE_CMD_STATE veh=Merge_Car edge=34126779 lane=0 target=1 lane_count=1 recently=False speed=6.73
traci-bridge-1         | LANE_CMD_WAIT_EDGE veh=Merge_Car edge=34126779 lane=0 target=1 lane_count=1
traci-bridge-1         | LANE_CMD_STATE veh=Merge_Car edge=34126779 lane=0 target=1 lane_count=1 recently=False speed=6.73
traci-bridge-1         | LANE_CMD_WAIT_EDGE veh=Merge_Car edge=34126779 lane=0 target=1 lane_count=1
traci-bridge-1         | LANE_CMD_STATE veh=Merge_Car edge=34126779 lane=0 target=1 lane_count=1 recently=False speed=6.73
traci-bridge-1         | LANE_CMD_WAIT_EDGE veh=Merge_Car edge=34126779 lane=0 target=1 lane_count=1
traci-bridge-1         | LANE_CMD_STATE veh=Merge_Car edge=34126779 lane=0 target=1 lane_count=1 recently=False speed=6.73
traci-bridge-1         | LANE_CMD_WAIT_EDGE veh=Merge_Car edge=34126779 lane=0 target=1 lane_count=1
traci-bridge-1         | LANE_CMD_STATE veh=Merge_Car edge=34126779 lane=0 target=1 lane_count=1 recently=False speed=6.73
traci-bridge-1         | LANE_CMD_WAIT_EDGE veh=Merge_Car edge=34126779 lane=0 target=1 lane_count=1
traci-bridge-1         | LANE_CMD_STATE veh=Merge_Car edge=34126779 lane=0 target=1 lane_count=1 recently=False speed=6.73
traci-bridge-1         | LANE_CMD_WAIT_EDGE veh=Merge_Car edge=34126779 lane=0 target=1 lane_count=1
traci-bridge-1         | LANE_CMD_STATE veh=Merge_Car edge=34126779 lane=0 target=1 lane_count=1 recently=False speed=6.73
traci-bridge-1         | LANE_CMD_WAIT_EDGE veh=Merge_Car edge=34126779 lane=0 target=1 lane_count=1
traci-bridge-1         | LANE_CMD_STATE veh=Merge_Car edge=34126779 lane=0 target=1 lane_count=1 recently=False speed=6.73
traci-bridge-1         | LANE_CMD_WAIT_EDGE veh=Merge_Car edge=34126779 lane=0 target=1 lane_count=1
traci-bridge-1         | LANE_CMD_STATE veh=Merge_Car edge=34126779 lane=0 target=1 lane_count=1 recently=False speed=6.74
traci-bridge-1         | LANE_CMD_WAIT_EDGE veh=Merge_Car edge=34126779 lane=0 target=1 lane_count=1
traci-bridge-1         | LANE_CMD_STATE veh=Merge_Car edge=34126779 lane=0 target=1 lane_count=1 recently=False speed=6.74
obu-ramp-merge-2-1     | [10.3] Ramp_Merge_2 MERGE_DECISION: auth=False phys=True fgok=True lgok=False hgok=True cok=True esok=True cready=True dtm=66.8 past=False committed=False hid=None ra=None lclear=True hyok=True
obu-ramp-merge-2-1     | [10.3] Ramp_Merge_2 role=merge state=CRUISE->CRUISE speed=6.33 target=6.08 neighbors=11
obu-main-back-right-1  | HOST_RESERVATION_HOLD: host=Main_Back_Right ramp=109 manoeuvre=66 remaining=1.5 own_speed=7.43 target_speed=7.39 ramp_fsm=NEGOTIATING ramp_lane_cmd_state=NONE ramp_edge=34126779 ramp_lane=0 ramp_merge_completed=False ramp_merge_committed=False
obu-main-back-right-1  | [10.5] Main_Back_Right HOST_HOLD_YIELD: for merge=109 spd=7.39
obu-main-back-right-1  | [10.5] Main_Back_Right MCM_TX_ACCEPT: manoeuvre=66 target=109
obu-ramp-merge-2-1     | [10.6] Ramp_Merge_2 MERGE_DECISION: auth=False phys=True fgok=True lgok=False hgok=True cok=True esok=True cready=True dtm=65.2 past=False committed=False hid=None ra=None lclear=True hyok=True
obu-ramp-merge-3-1     | [10.6] Ramp_Merge_3 MCM_RX_ACCEPT: from=106 manoeuvre=66 target=109
obu-main-back-left-1   | HOST_RESERVATION_EXTEND_UNTIL_CLEAR: host=Main_Back_Left ramp=107 manoeuvre=4 new_remaining=4.0 ramp_lcs=WAIT_EDGE ramp_edge=34126779
obu-main-back-left-1   | HOST_RESERVATION_HOLD: host=Main_Back_Left ramp=107 manoeuvre=4 remaining=4.0 own_speed=7.55 target_speed=7.56 ramp_fsm=NEGOTIATING ramp_lane_cmd_state=WAIT_EDGE ramp_edge=34126779 ramp_lane=0 ramp_merge_completed=False ramp_merge_committed=True
obu-main-back-left-1   | [10.6] Main_Back_Left HOST_HOLD_YIELD: for merge=107 spd=7.56
obu-main-back-left-1   | [10.6] Main_Back_Left role=host state=YIELDING->YIELDING speed=7.55 target=7.56 neighbors=11
obu-main-back-right-1  | HOST_RESERVATION_HOLD: host=Main_Back_Right ramp=109 manoeuvre=66 remaining=1.3 own_speed=7.42 target_speed=7.39 ramp_fsm=NEGOTIATING ramp_lane_cmd_state=NONE ramp_edge=34126779 ramp_lane=0 ramp_merge_completed=False ramp_merge_committed=False
obu-main-back-right-1  | [10.7] Main_Back_Right HOST_HOLD_YIELD: for merge=109 spd=7.39
obu-merge-car-1        | [10.7] Merge_Car CAR_FOLLOW: sid=103 edge=34126779 lane=0 leader_edge= leader_lane=None leader_role_hint=main self_merge_completed=False self_merge_completed_age=-1.0 self_merge_committed=True lane_cmd_state=WAIT_EDGE lane_cmd_edge=34126779 lane_cmd_target=1 lane_cmd_executable=False same_lane=True reason=same_lane_cam gap=11.5 follow_spd=5.67 emergency=False target_before=6.75 target_after=6.4883354882333 target_after_raw=5.67
obu-main-front-left-1  | [10.8] Main_Front_Left role=cruise state=CRUISE->CRUISE speed=7.68 target=7.50 neighbors=11
obu-main-back-right-1  | HOST_RESERVATION_HOLD: host=Main_Back_Right ramp=109 manoeuvre=66 remaining=1.1 own_speed=7.42 target_speed=7.39 ramp_fsm=NEGOTIATING ramp_lane_cmd_state=NONE ramp_edge=34126779 ramp_lane=0 ramp_merge_completed=False ramp_merge_committed=False
obu-main-back-right-1  | [10.9] Main_Back_Right HOST_HOLD_YIELD: for merge=109 spd=7.39
obu-main-back-right-1  | [10.9] Main_Back_Right MCM_TX_ACCEPT: manoeuvre=66 target=109
obu-main-back-left-1   | HOST_RESERVATION_EXTEND_UNTIL_CLEAR: host=Main_Back_Left ramp=107 manoeuvre=4 new_remaining=4.0 ramp_lcs=WAIT_EDGE ramp_edge=34126779
obu-main-back-left-1   | HOST_RESERVATION_HOLD: host=Main_Back_Left ramp=107 manoeuvre=4 remaining=4.0 own_speed=7.55 target_speed=7.56 ramp_fsm=NEGOTIATING ramp_lane_cmd_state=WAIT_EDGE ramp_edge=34126779 ramp_lane=0 ramp_merge_completed=False ramp_merge_committed=True
obu-main-back-left-1   | [10.8] Main_Back_Left HOST_HOLD_YIELD: for merge=107 spd=7.56
obu-main-back-left-1   | [10.8] Main_Back_Left MCM_TX_ACCEPT: manoeuvre=4 target=107
obu-ramp-merge-2-1     | [10.9] Ramp_Merge_2 MERGE_DECISION: auth=False phys=True fgok=True lgok=False hgok=True cok=True esok=True cready=True dtm=63.7 past=False committed=False hid=None ra=None lclear=True hyok=True
obu-merge-car-1        | [10.9] Merge_Car MCM_RX_ACCEPT: from=105 manoeuvre=4 target=107
obu-ramp-merge-3-1     | [10.9] Ramp_Merge_3 MCM_RX_ACCEPT: from=106 manoeuvre=66 target=109
obu-merge-car-1        | [11.0] Merge_Car MERGE_PREPARE_WAIT_LANE_AVAILABLE: edge=34126779 lane=0 target_lane=1 lane_count=1 executable=False dtm=29.0 speed=6.73 host=105 lead=103
obu-merge-car-1        | [11.0] Merge_Car CAR_FOLLOW: sid=103 edge=34126779 lane=0 leader_edge= leader_lane=None leader_role_hint=main self_merge_completed=False self_merge_completed_age=-1.0 self_merge_committed=True lane_cmd_state=WAIT_EDGE lane_cmd_edge=34126779 lane_cmd_target=1 lane_cmd_executable=False same_lane=True reason=same_lane_cam gap=10.6 follow_spd=4.53 emergency=False target_before=6.75 target_after=6.477570074915107 target_after_raw=4.53
obu-main-back-left-1   | HOST_RESERVATION_EXTEND_UNTIL_CLEAR: host=Main_Back_Left ramp=107 manoeuvre=4 new_remaining=4.0 ramp_lcs=WAIT_EDGE ramp_edge=34126779
obu-main-back-left-1   | HOST_RESERVATION_HOLD: host=Main_Back_Left ramp=107 manoeuvre=4 remaining=4.0 own_speed=7.55 target_speed=7.56 ramp_fsm=NEGOTIATING ramp_lane_cmd_state=WAIT_EDGE ramp_edge=34126779 ramp_lane=0 ramp_merge_completed=False ramp_merge_committed=True
obu-main-back-left-1   | [11.0] Main_Back_Left HOST_HOLD_YIELD: for merge=107 spd=7.56
obu-ramp-merge-3-1     | MERGE_ATTEMPT_TIMELINE: vehicle=Ramp_Merge_3 manoeuvre=66 host=106 lead=105 event=AUTHORIZED t=11.0 edge=34126779 lane=0 lane_cmd_state=NONE speed=6.50 target=6.38 dtm=82.3 lead_gap=65.11 host_gap=71.17 lead_gap_t1=65.11 lead_gap_t2=65.11 lead_gap_t3=65.11 host_gap_t1=71.17 host_gap_t2=71.17 host_gap_t3=71.17
obu-ramp-merge-3-1     | MERGE_SLOT_QUALITY_DIAG: vehicle=Ramp_Merge_3 event=AUTHORIZED t=11.0 manoeuvre=66 source=pending_request lead=105 host=106 own_eta=12.66 lead_eta=10.87 host_eta=15.98 min_eta=12.37 max_eta=14.48 desired_eta=12.66 gap_possible=True dtm=82.3 edge=34126779 lane=0 speed=6.50 lead_speed=7.55 host_speed=7.00 lead_gap=65.11 host_gap=71.17 lead_gap_t1=65.11 lead_gap_t2=65.11 lead_gap_t3=65.11 host_gap_t1=71.17 host_gap_t2=71.17 host_gap_t3=71.17 rel_to_lead=-1.05 rel_to_host=-0.50 lead_lat=18.97 host_lat=48.16 pending=True accepted=True authorized=True committed=False pending_age=1.20 accepted_age=0.00 lane_cmd_state=NONE lane_cmd_target=None
obu-ramp-merge-3-1     | [11.0] Ramp_Merge_3 MERGE_AUTHORIZED_BY_MCM: host=106 manoeuvre=66
obu-ramp-merge-3-1     | [11.0] Ramp_Merge_3 MERGE_DECISION: auth=True phys=False fgok=True lgok=True hgok=True cok=True esok=True cready=False dtm=82.3 past=False committed=False hid=106 ra=2 lclear=True hyok=True
obu-ramp-merge-3-1     | [11.0] Ramp_Merge_3 MERGE_PREPARE_WAIT_PHYSICAL: dtm=82.3
obu-main-back-right-1  | HOST_RESERVATION_HOLD: host=Main_Back_Right ramp=109 manoeuvre=66 remaining=0.9 own_speed=7.42 target_speed=7.39 ramp_fsm=NEGOTIATING ramp_lane_cmd_state=NONE ramp_edge=34126779 ramp_lane=0 ramp_merge_completed=False ramp_merge_committed=False
obu-main-back-right-1  | [11.1] Main_Back_Right HOST_HOLD_YIELD: for merge=109 spd=7.39
obu-ramp-merge-2-1     | [11.1] Ramp_Merge_2 MERGE_DECISION: auth=False phys=True fgok=True lgok=False hgok=True cok=True esok=True cready=True dtm=62.8 past=False committed=False hid=None ra=None lclear=True hyok=True
obu-merge-car-1        | [11.2] Merge_Car CAR_FOLLOW: sid=103 edge=34126779 lane=0 leader_edge= leader_lane=None leader_role_hint=main self_merge_completed=False self_merge_completed_age=-1.0 self_merge_committed=True lane_cmd_state=WAIT_EDGE lane_cmd_edge=34126779 lane_cmd_target=1 lane_cmd_executable=False same_lane=True reason=same_lane_cam gap=10.4 follow_spd=4.31 emergency=False target_before=6.75 target_after=6.479756992610884 target_after_raw=4.31
obu-main-back-left-1   | HOST_RESERVATION_EXTEND_UNTIL_CLEAR: host=Main_Back_Left ramp=107 manoeuvre=4 new_remaining=4.0 ramp_lcs=WAIT_EDGE ramp_edge=34126779
obu-main-back-left-1   | HOST_RESERVATION_HOLD: host=Main_Back_Left ramp=107 manoeuvre=4 remaining=4.0 own_speed=7.55 target_speed=7.56 ramp_fsm=NEGOTIATING ramp_lane_cmd_state=WAIT_EDGE ramp_edge=34126779 ramp_lane=0 ramp_merge_completed=False ramp_merge_committed=True
obu-main-back-left-1   | [11.2] Main_Back_Left HOST_HOLD_YIELD: for merge=107 spd=7.56
obu-main-back-left-1   | [11.2] Main_Back_Left MCM_TX_ACCEPT: manoeuvre=4 target=107
obu-merge-car-1        | [11.2] Merge_Car MCM_RX_ACCEPT: from=105 manoeuvre=4 target=107
obu-ramp-back-1        | [11.3] Ramp_Back role=merge state=YIELDING->YIELDING speed=5.77 target=5.52 neighbors=11
obu-ramp-merge-5-1     | [11.3] Ramp_Merge_5 role=merge state=YIELDING->YIELDING speed=6.73 target=6.48 neighbors=11
obu-merge-car-1        | [11.3] Merge_Car CAR_FOLLOW: sid=103 edge=34126779 lane=0 leader_edge= leader_lane=None leader_role_hint=main self_merge_completed=False self_merge_completed_age=-1.0 self_merge_committed=True lane_cmd_state=WAIT_EDGE lane_cmd_edge=34126779 lane_cmd_target=1 lane_cmd_executable=False same_lane=True reason=same_lane_cam gap=11.0 follow_spd=4.96 emergency=False target_before=6.75 target_after=6.4671476467260955 target_after_raw=4.96
obu-merge-car-1        | [11.3] Merge_Car role=merge state=NEGOTIATING->NEGOTIATING speed=6.72 target=6.47 neighbors=11
obu-main-back-left-1   | HOST_RESERVATION_EXTEND_UNTIL_CLEAR: host=Main_Back_Left ramp=107 manoeuvre=4 new_remaining=4.0 ramp_lcs=WAIT_EDGE ramp_edge=34126779
obu-ramp-merge-3-1     | [11.3] Ramp_Merge_3 role=merge state=NEGOTIATING->NEGOTIATING speed=6.48 target=6.38 neighbors=11
obu-ramp-merge-2-1     | MERGE_SLOT_SKIP_BUSY_HOST: skipped_host=105 busy_for=107 remaining=3.9000000000000004 next_host=106 lead=104 own_eta=9.94
obu-ramp-merge-2-1     | [11.3] Ramp_Merge_2 MERGE_DECISION: auth=False phys=True fgok=True lgok=False hgok=True cok=True esok=True cready=True dtm=61.8 past=False committed=False hid=None ra=None lclear=True hyok=True
obu-ramp-merge-2-1     | [11.3] Ramp_Merge_2 role=merge state=CRUISE->CRUISE speed=6.21 target=5.96 neighbors=11
obu-ramp-merge-4-1     | [11.4] Ramp_Merge_4 role=merge state=CRUISE->CRUISE speed=6.85 target=6.75 neighbors=11
obu-main-back-right-1  | HOST_RESERVATION_HOLD: host=Main_Back_Right ramp=109 manoeuvre=66 remaining=0.6 own_speed=7.41 target_speed=7.39 ramp_fsm=NEGOTIATING ramp_lane_cmd_state=NONE ramp_edge=34126779 ramp_lane=0 ramp_merge_completed=False ramp_merge_committed=False
obu-main-back-right-1  | [11.4] Main_Back_Right HOST_HOLD_YIELD: for merge=109 spd=7.39
obu-main-back-right-1  | [11.4] Main_Back_Right MCM_TX_ACCEPT: manoeuvre=66 target=109
obu-main-back-right-1  | [11.4] Main_Back_Right role=host state=YIELDING->YIELDING speed=7.41 target=7.39 neighbors=11
obu-main-mid-right-1   | [11.4] Main_Mid_Right role=lead state=CRUISE->CRUISE speed=7.47 target=7.50 neighbors=11
obu-main-back-left-1   | HOST_RESERVATION_HOLD: host=Main_Back_Left ramp=107 manoeuvre=4 remaining=4.0 own_speed=7.55 target_speed=7.56 ramp_fsm=NEGOTIATING ramp_lane_cmd_state=WAIT_EDGE ramp_edge=34126779 ramp_lane=0 ramp_merge_completed=False ramp_merge_committed=True
obu-main-back-left-1   | [11.3] Main_Back_Left HOST_HOLD_YIELD: for merge=107 spd=7.56
obu-lead-car-1         | [11.5] Lead_Car role=cruise state=CRUISE->CRUISE speed=7.53 target=7.50 neighbors=11
obu-ramp-merge-3-1     | [11.4] Ramp_Merge_3 MCM_RX_ACCEPT: from=106 manoeuvre=66 target=109
obu-merge-car-1        | [11.5] Merge_Car CAR_FOLLOW: sid=103 edge=34126779 lane=0 leader_edge= leader_lane=None leader_role_hint=main self_merge_completed=False self_merge_completed_age=-1.0 self_merge_committed=True lane_cmd_state=WAIT_EDGE lane_cmd_edge=34126779 lane_cmd_target=1 lane_cmd_executable=False same_lane=True reason=same_lane_cam gap=10.8 follow_spd=4.80 emergency=False target_before=6.75 target_after=6.443898179359313 target_after_raw=4.80
obu-host-car-1         | [11.5] Host_Car role=host state=CRUISE->CRUISE speed=7.24 target=7.50 neighbors=11
obu-ramp-merge-3-1     | [11.6] Ramp_Merge_3 MERGE_DECISION: auth=True phys=False fgok=True lgok=True hgok=True cok=True esok=True cready=False dtm=79.8 past=False committed=False hid=106 ra=2 lclear=True hyok=True
obu-ramp-merge-3-1     | [11.6] Ramp_Merge_3 MERGE_PREPARE_WAIT_PHYSICAL: dtm=79.8
obu-main-back-left-1   | HOST_RESERVATION_EXTEND_UNTIL_CLEAR: host=Main_Back_Left ramp=107 manoeuvre=4 new_remaining=3.8 ramp_lcs=WAIT_EDGE ramp_edge=34126779
obu-main-back-left-1   | HOST_RESERVATION_HOLD: host=Main_Back_Left ramp=107 manoeuvre=4 remaining=3.8 own_speed=7.56 target_speed=7.56 ramp_fsm=NEGOTIATING ramp_lane_cmd_state=WAIT_EDGE ramp_edge=34126779 ramp_lane=0 ramp_merge_completed=False ramp_merge_committed=True
obu-main-back-left-1   | [11.6] Main_Back_Left HOST_HOLD_YIELD: for merge=107 spd=7.56
obu-main-back-left-1   | [11.6] Main_Back_Left MCM_TX_ACCEPT: manoeuvre=4 target=107
obu-main-back-left-1   | [11.6] Main_Back_Left role=host state=YIELDING->YIELDING speed=7.56 target=7.56 neighbors=11
obu-main-back-right-1  | HOST_RESERVATION_HOLD: host=Main_Back_Right ramp=109 manoeuvre=66 remaining=0.4 own_speed=7.41 target_speed=7.39 ramp_fsm=NEGOTIATING ramp_lane_cmd_state=NONE ramp_edge=34126779 ramp_lane=0 ramp_merge_completed=False ramp_merge_committed=False
obu-main-back-right-1  | [11.6] Main_Back_Right HOST_HOLD_YIELD: for merge=109 spd=7.39
obu-ramp-merge-2-1     | [11.6] Ramp_Merge_2 MERGE_DECISION: auth=False phys=True fgok=True lgok=False hgok=True cok=True esok=True cready=True dtm=60.1 past=False committed=False hid=None ra=None lclear=True hyok=True
obu-merge-car-1        | [11.7] Merge_Car CAR_FOLLOW: sid=103 edge=34126779 lane=0 leader_edge= leader_lane=None leader_role_hint=main self_merge_completed=False self_merge_completed_age=-1.0 self_merge_committed=True lane_cmd_state=WAIT_EDGE lane_cmd_edge=34126779 lane_cmd_target=1 lane_cmd_executable=False same_lane=True reason=same_lane_cam gap=10.8 follow_spd=4.73 emergency=False target_before=6.75 target_after=6.421790002427574 target_after_raw=4.73
obu-merge-car-1        | [11.7] Merge_Car MCM_RX_ACCEPT: from=105 manoeuvre=4 target=107
obu-main-back-right-1  | HOST_RESERVATION_HOLD: host=Main_Back_Right ramp=109 manoeuvre=66 remaining=0.1 own_speed=7.40 target_speed=7.39 ramp_fsm=NEGOTIATING ramp_lane_cmd_state=NONE ramp_edge=34126779 ramp_lane=0 ramp_merge_completed=False ramp_merge_committed=False
obu-main-back-right-1  | [11.9] Main_Back_Right HOST_HOLD_YIELD: for merge=109 spd=7.39
obu-main-back-right-1  | [11.9] Main_Back_Right MCM_TX_ACCEPT: manoeuvre=66 target=109
obu-merge-car-1        | [11.9] Merge_Car CAR_FOLLOW: sid=103 edge=34126779 lane=0 leader_edge= leader_lane=None leader_role_hint=main self_merge_completed=False self_merge_completed_age=-1.0 self_merge_committed=True lane_cmd_state=WAIT_EDGE lane_cmd_edge=34126779 lane_cmd_target=1 lane_cmd_executable=False same_lane=True reason=same_lane_cam gap=9.4 follow_spd=3.06 emergency=False target_before=6.75 target_after=6.398465140831831 target_after_raw=3.06
obu-ramp-merge-4-1     | MERGE_SLOT_SKIP_BUSY_HOST: skipped_host=106 busy_for=109 remaining=0.40000000000000036 next_host=None lead=105 own_eta=13.79
obu-ramp-merge-4-1     | [11.9] Ramp_Merge_4 FINAL_GUARD: REJECTED slot-boundary ETA sid=106
obu-ramp-merge-4-1     | [11.9] Ramp_Merge_4 MERGE_DECISION: auth=False phys=False fgok=False lgok=False hgok=True cok=True esok=True cready=False dtm=94.1 past=False committed=False hid=None ra=None lclear=True hyok=True
obu-main-front-left-1  | [11.9] Main_Front_Left role=cruise state=CRUISE->CRUISE speed=7.61 target=7.50 neighbors=11
obu-ramp-merge-2-1     | [11.9] Ramp_Merge_2 MERGE_DECISION: auth=False phys=True fgok=True lgok=False hgok=True cok=True esok=True cready=True dtm=58.4 past=False committed=False hid=None ra=None lclear=True hyok=True
obu-main-back-left-1   | HOST_RESERVATION_HOLD: host=Main_Back_Left ramp=107 manoeuvre=4 remaining=3.5 own_speed=7.56 target_speed=7.56 ramp_fsm=NEGOTIATING ramp_lane_cmd_state=WAIT_EDGE ramp_edge=34126779 ramp_lane=0 ramp_merge_completed=False ramp_merge_committed=True
obu-main-back-left-1   | [11.9] Main_Back_Left HOST_HOLD_YIELD: for merge=107 spd=7.56
obu-main-back-left-1   | [11.9] Main_Back_Left MCM_TX_ACCEPT: manoeuvre=4 target=107
obu-merge-car-1        | [11.9] Merge_Car MCM_RX_ACCEPT: from=105 manoeuvre=4 target=107
obu-ramp-merge-3-1     | [11.9] Ramp_Merge_3 MCM_RX_ACCEPT: from=106 manoeuvre=66 target=109
obu-main-back-right-1  | HOST_RELEASE_BEFORE_CLEAR: host=Main_Back_Right ramp=109 manoeuvre=66 reason=timeout ramp_fsm=NEGOTIATING ramp_lane_cmd_state=NONE ramp_edge=34126779 ramp_lane=0 ramp_merge_completed=False ramp_merge_committed=False
obu-ramp-merge-2-1     | MERGE_SLOT_QUALITY_DIAG: vehicle=Ramp_Merge_2 event=REQUEST_NEW t=12.1 manoeuvre=35 source=new_request lead=105 host=106 own_eta=9.36 lead_eta=9.77 host_eta=13.92 min_eta=11.27 max_eta=12.42 desired_eta=11.27 gap_possible=True dtm=57.3 edge=34126779 lane=0 speed=6.12 lead_speed=7.55 host_speed=7.40 lead_gap=10.70 host_gap=0.00 lead_gap_t1=10.70 lead_gap_t2=10.70 lead_gap_t3=10.70 host_gap_t1=0.00 host_gap_t2=0.00 host_gap_t3=0.00 rel_to_lead=-1.43 rel_to_host=-1.28 lead_lat=39.89 host_lat=65.53 pending=True accepted=False authorized=False committed=False pending_age=0.00 accepted_age=None lane_cmd_state=NONE lane_cmd_target=None
obu-ramp-merge-2-1     | MERGE_ATTEMPT_TIMELINE: vehicle=Ramp_Merge_2 manoeuvre=35 host=106 lead=105 event=REQUEST_SENT t=12.1 edge=34126779 lane=0 lane_cmd_state=NONE speed=6.12 target=6.75 dtm=57.3 lead_gap=10.70 host_gap=0.00 lead_gap_t1=10.70 lead_gap_t2=10.70 lead_gap_t3=10.70 host_gap_t1=0.00 host_gap_t2=0.00 host_gap_t3=0.00
obu-ramp-merge-2-1     | [12.1] Ramp_Merge_2 MCM_TX_REQUEST: manoeuvre=35 target=106
obu-ramp-merge-2-1     | [12.1] Ramp_Merge_2 FINAL_GUARD: REJECTED slot-boundary ETA sid=105
obu-ramp-merge-2-1     | [12.1] Ramp_Merge_2 MERGE_DECISION: auth=False phys=True fgok=False lgok=False hgok=True cok=True esok=True cready=True dtm=57.3 past=False committed=False hid=106 ra=None lclear=True hyok=True
obu-merge-car-1        | [12.1] Merge_Car MERGE_PREPARE_WAIT_LANE_AVAILABLE: edge=34126779 lane=0 target_lane=1 lane_count=1 executable=False dtm=21.8 speed=6.63 host=105 lead=103
obu-merge-car-1        | [12.1] Merge_Car CAR_FOLLOW: sid=103 edge=34126779 lane=0 leader_edge= leader_lane=None leader_role_hint=main self_merge_completed=False self_merge_completed_age=-1.0 self_merge_committed=True lane_cmd_state=WAIT_EDGE lane_cmd_edge=34126779 lane_cmd_target=1 lane_cmd_executable=False same_lane=True reason=same_lane_cam gap=10.1 follow_spd=3.83 emergency=False target_before=6.75 target_after=6.375198071757628 target_after_raw=3.83
obu-main-back-left-1   | HOST_RESERVATION_HOLD: host=Main_Back_Left ramp=107 manoeuvre=4 remaining=3.3 own_speed=7.56 target_speed=7.56 ramp_fsm=NEGOTIATING ramp_lane_cmd_state=WAIT_EDGE ramp_edge=34126779 ramp_lane=0 ramp_merge_completed=False ramp_merge_committed=True
obu-main-back-left-1   | [12.1] Main_Back_Left HOST_HOLD_YIELD: for merge=107 spd=7.56
obu-ramp-merge-4-1     | MERGE_SLOT_QUALITY_DIAG: vehicle=Ramp_Merge_4 event=REQUEST_NEW t=12.2 manoeuvre=96 source=new_request lead=105 host=106 own_eta=13.70 lead_eta=9.77 host_eta=13.92 min_eta=11.27 max_eta=12.42 desired_eta=12.42 gap_possible=True dtm=93.1 edge=34126779 lane=0 speed=6.80 lead_speed=7.55 host_speed=7.40 lead_gap=81.29 host_gap=97.98 lead_gap_t1=81.29 lead_gap_t2=81.29 lead_gap_t3=81.29 host_gap_t1=97.98 host_gap_t2=97.98 host_gap_t3=97.98 rel_to_lead=-0.75 rel_to_host=-0.60 lead_lat=20.09 host_lat=3.90 pending=True accepted=False authorized=False committed=False pending_age=0.00 accepted_age=None lane_cmd_state=NONE lane_cmd_target=None
obu-ramp-merge-4-1     | MERGE_ATTEMPT_TIMELINE: vehicle=Ramp_Merge_4 manoeuvre=96 host=106 lead=105 event=REQUEST_SENT t=12.2 edge=34126779 lane=0 lane_cmd_state=NONE speed=6.80 target=6.75 dtm=93.1 lead_gap=81.29 host_gap=97.98 lead_gap_t1=81.29 lead_gap_t2=81.29 lead_gap_t3=81.29 host_gap_t1=97.98 host_gap_t2=97.98 host_gap_t3=97.98
obu-ramp-merge-4-1     | [12.2] Ramp_Merge_4 MCM_TX_REQUEST: manoeuvre=96 target=106
obu-ramp-merge-4-1     | [12.2] Ramp_Merge_4 FINAL_GUARD: REJECTED slot-boundary ETA sid=106
obu-ramp-merge-4-1     | [12.2] Ramp_Merge_4 MERGE_LCLEAR_BLOCK: sid=105 gap=5.0 neighbor_age=0.3 from_memory=False dtm=93.1
obu-ramp-merge-4-1     | [12.2] Ramp_Merge_4 MERGE_DECISION: auth=False phys=False fgok=False lgok=True hgok=False cok=True esok=True cready=False dtm=93.1 past=False committed=False hid=106 ra=None lclear=False hyok=False
obu-main-back-right-1  | [12.2] Main_Back_Right MCM_RX_REQUEST: from=108 manoeuvre=35 target=106
obu-main-back-right-1  | [12.2] Main_Back_Right MCM_RX_REQUEST: from=110 manoeuvre=96 target=106
obu-ramp-merge-3-1     | [12.3] Ramp_Merge_3 role=merge state=NEGOTIATING->NEGOTIATING speed=6.44 target=6.38 neighbors=11
obu-merge-car-1        | [12.3] Merge_Car CAR_FOLLOW: sid=103 edge=34126779 lane=0 leader_edge= leader_lane=None leader_role_hint=main self_merge_completed=False self_merge_completed_age=-1.0 self_merge_committed=True lane_cmd_state=WAIT_EDGE lane_cmd_edge=34126779 lane_cmd_target=1 lane_cmd_executable=False same_lane=True reason=same_lane_cam gap=10.1 follow_spd=3.86 emergency=False target_before=6.75 target_after=6.351928257538653 target_after_raw=3.86
obu-merge-car-1        | [12.3] Merge_Car role=merge state=NEGOTIATING->NEGOTIATING speed=6.60 target=6.35 neighbors=11
obu-main-back-left-1   | HOST_RESERVATION_HOLD: host=Main_Back_Left ramp=107 manoeuvre=4 remaining=3.1 own_speed=7.56 target_speed=7.56 ramp_fsm=NEGOTIATING ramp_lane_cmd_state=WAIT_EDGE ramp_edge=34126779 ramp_lane=0 ramp_merge_completed=False ramp_merge_committed=True
obu-main-back-left-1   | [12.3] Main_Back_Left HOST_HOLD_YIELD: for merge=107 spd=7.56
obu-main-back-left-1   | [12.3] Main_Back_Left MCM_TX_ACCEPT: manoeuvre=4 target=107
obu-ramp-back-1        | [12.3] Ramp_Back role=merge state=YIELDING->YIELDING speed=5.66 target=5.41 neighbors=11
obu-ramp-merge-2-1     | [12.3] Ramp_Merge_2 MERGE_DECISION: auth=False phys=True fgok=True lgok=True hgok=True cok=True esok=True cready=True dtm=56.2 past=False committed=False hid=106 ra=None lclear=True hyok=True
obu-ramp-merge-2-1     | [12.3] Ramp_Merge_2 role=merge state=NEGOTIATING->NEGOTIATING speed=6.10 target=6.28 neighbors=11
obu-ramp-merge-4-1     | [12.3] Ramp_Merge_4 FINAL_GUARD: REJECTED slot-boundary ETA sid=106
obu-ramp-merge-4-1     | [12.3] Ramp_Merge_4 MERGE_DECISION: auth=False phys=False fgok=False lgok=True hgok=False cok=True esok=True cready=False dtm=92.8 past=False committed=False hid=106 ra=None lclear=False hyok=False
obu-main-back-right-1  | HOST_RESERVATION_START: host=Main_Back_Right ramp=108 manoeuvre=35 until=16.3 own_speed=7.41 target_speed=6.41 required_speed=7.12 gap_eta=4.16
obu-main-back-right-1  | [12.3] Main_Back_Right HOST_RESERVED: merge=108 manoeuvre=35 until=16.3 target_spd=6.41
obu-main-back-right-1  | [12.3] Main_Back_Right HOST_YIELD: for merge=108 req_spd=6.41
obu-main-back-right-1  | HOST_REQUEST_DECISION: host=Main_Back_Right ramp=108 manoeuvre=35 decision=ACCEPT reason=YIELDING ramp_eta=9.55 host_eta=13.71 required_speed=7.12 current_speed=7.41 active_request_ramp=108 active_request_remaining=4.0 ramp_remote_edge=34126779 ramp_remote_lane=0 ramp_remote_fsm=NEGOTIATING
obu-main-back-right-1  | [12.3] Main_Back_Right MCM_TX_ACCEPT: manoeuvre=35 target=108
obu-ramp-merge-5-1     | [12.3] Ramp_Merge_5 role=merge state=CRUISE->CRUISE speed=6.63 target=6.75 neighbors=11
obu-merge-car-1        | [12.3] Merge_Car MCM_RX_ACCEPT: from=105 manoeuvre=4 target=107
obu-ramp-merge-2-1     | [12.4] Ramp_Merge_2 MCM_RX_ACCEPT: from=106 manoeuvre=35 target=108
obu-lead-car-1         | [12.5] Lead_Car role=cruise state=CRUISE->CRUISE speed=7.52 target=7.50 neighbors=11
obu-main-mid-right-1   | [12.5] Main_Mid_Right role=lead state=CRUISE->CRUISE speed=7.48 target=7.50 neighbors=11
obu-main-back-right-1  | HOST_RESERVATION_HOLD: host=Main_Back_Right ramp=108 manoeuvre=35 remaining=3.8 own_speed=7.42 target_speed=6.41 ramp_fsm=NEGOTIATING ramp_lane_cmd_state=NONE ramp_edge=34126779 ramp_lane=0 ramp_merge_completed=False ramp_merge_committed=False
obu-main-back-right-1  | [12.5] Main_Back_Right HOST_HOLD_YIELD: for merge=108 spd=6.41
obu-main-back-right-1  | [12.5] Main_Back_Right role=host state=YIELDING->YIELDING speed=7.42 target=6.41 neighbors=11
obu-ramp-merge-4-1     | MCM_REQUEST_RETRY_DIAG: vehicle=Ramp_Merge_4 host=106 lead=105 manoeuvre=96 retry_count=1 pending_age=0.3 dtm=92.2 own_eta=13.54 host_eta_current=13.718558339057545 host_eta_at_request=13.91900789228435 lead_eta_current=9.371550379776433 lead_eta_at_request=9.771530173706815 last_response_action=None last_response_age=None host_remote_fsm=CRUISE host_remote_edge=560761994 host_remote_lane=0 host_remote_merge_committed=False host_remote_merge_completed=False host_remote_active_merge_request=False host_remote_active_station_id=None host_remote_active_manoeuvre_id=None host_remote_active_remaining_s=0.0
obu-ramp-merge-4-1     | MERGE_SLOT_QUALITY_DIAG: vehicle=Ramp_Merge_4 event=REQUEST_RETRY t=12.5 manoeuvre=96 source=retry_request lead=105 host=106 own_eta=13.54 lead_eta=9.77 host_eta=13.72 min_eta=11.27 max_eta=12.22 desired_eta=12.22 gap_possible=True dtm=92.2 edge=34126779 lane=0 speed=6.81 lead_speed=7.55 host_speed=7.40 lead_gap=77.52 host_gap=95.09 lead_gap_t1=77.52 lead_gap_t2=77.52 lead_gap_t3=77.52 host_gap_t1=95.09 host_gap_t2=95.09 host_gap_t3=95.09 rel_to_lead=-0.74 rel_to_host=-0.59 lead_lat=22.57 host_lat=2.68 pending=True accepted=False authorized=False committed=False pending_age=0.30 accepted_age=None lane_cmd_state=NONE lane_cmd_target=None
obu-host-car-1         | [12.5] Host_Car role=host state=CRUISE->CRUISE speed=7.34 target=7.50 neighbors=11
obu-ramp-merge-4-1     | [12.5] Ramp_Merge_4 MCM_TX_REQUEST: manoeuvre=96 target=106
obu-ramp-merge-4-1     | [12.5] Ramp_Merge_4 FINAL_GUARD: REJECTED slot-boundary ETA sid=106
obu-ramp-merge-4-1     | [12.5] Ramp_Merge_4 MERGE_DECISION: auth=False phys=False fgok=False lgok=True hgok=False cok=True esok=True cready=False dtm=92.2 past=False committed=False hid=106 ra=None lclear=False hyok=False
obu-ramp-merge-4-1     | [12.5] Ramp_Merge_4 role=merge state=NEGOTIATING->NEGOTIATING speed=6.81 target=6.99 neighbors=11
obu-merge-car-1        | [12.5] Merge_Car CAR_FOLLOW: sid=103 edge=34126779 lane=0 leader_edge= leader_lane=None leader_role_hint=main self_merge_completed=False self_merge_completed_age=-1.0 self_merge_committed=True lane_cmd_state=WAIT_EDGE lane_cmd_edge=34126779 lane_cmd_target=1 lane_cmd_executable=False same_lane=True reason=same_lane_cam gap=10.1 follow_spd=3.93 emergency=False target_before=6.75 target_after=6.328658573714054 target_after_raw=3.93
obu-main-back-left-1   | HOST_RESERVATION_HOLD: host=Main_Back_Left ramp=107 manoeuvre=4 remaining=2.9 own_speed=7.56 target_speed=7.56 ramp_fsm=NEGOTIATING ramp_lane_cmd_state=WAIT_EDGE ramp_edge=34126779 ramp_lane=0 ramp_merge_completed=False ramp_merge_committed=True
obu-main-back-left-1   | [12.5] Main_Back_Left HOST_HOLD_YIELD: for merge=107 spd=7.56
obu-ramp-merge-2-1     | MERGE_SLOT_SKIP_BUSY_HOST: skipped_host=105 busy_for=107 remaining=3.0 next_host=106 lead=104 own_eta=9.03
obu-ramp-merge-2-1     | MCM_REQUEST_RETRY_DIAG: vehicle=Ramp_Merge_2 host=106 lead=105 manoeuvre=35 retry_count=1 pending_age=0.4 dtm=55.1 own_eta=9.03 host_eta_current=14.502475958432262 host_eta_at_request=13.91900789228435 lead_eta_current=9.371550379776433 lead_eta_at_request=9.771530173706815 last_response_action=2 last_response_age=0.09999999999999964 host_remote_fsm=YIELDING host_remote_edge=560761994 host_remote_lane=0 host_remote_merge_committed=False host_remote_merge_completed=False host_remote_active_merge_request=True host_remote_active_station_id=108 host_remote_active_manoeuvre_id=35 host_remote_active_remaining_s=3.8000000000000007
obu-ramp-merge-2-1     | MERGE_SLOT_QUALITY_DIAG: vehicle=Ramp_Merge_2 event=REQUEST_RETRY t=12.5 manoeuvre=35 source=retry_request lead=105 host=106 own_eta=9.03 lead_eta=9.77 host_eta=14.50 min_eta=11.27 max_eta=13.00 desired_eta=11.27 gap_possible=True dtm=55.1 edge=34126779 lane=0 speed=6.10 lead_speed=7.55 host_speed=7.00 lead_gap=9.70 host_gap=0.00 lead_gap_t1=9.70 lead_gap_t2=9.70 lead_gap_t3=9.70 host_gap_t1=0.00 host_gap_t2=0.00 host_gap_t3=0.00 rel_to_lead=-1.45 rel_to_host=0.90 lead_lat=37.24 host_lat=64.23 pending=True accepted=False authorized=False committed=False pending_age=0.40 accepted_age=None lane_cmd_state=NONE lane_cmd_target=None
obu-ramp-merge-2-1     | [12.5] Ramp_Merge_2 MCM_TX_REQUEST: manoeuvre=35 target=106
obu-ramp-merge-2-1     | MERGE_ATTEMPT_TIMELINE: vehicle=Ramp_Merge_2 manoeuvre=35 host=106 lead=105 event=ACCEPT_MATCHED t=12.5 edge=34126779 lane=0 lane_cmd_state=NONE speed=6.10 target=6.75 dtm=55.1 lead_gap=9.70 host_gap=0.00 lead_gap_t1=9.70 lead_gap_t2=9.70 lead_gap_t3=9.70 host_gap_t1=0.00 host_gap_t2=0.00 host_gap_t3=0.00
obu-ramp-merge-2-1     | MERGE_SLOT_QUALITY_DIAG: vehicle=Ramp_Merge_2 event=ACCEPT_MATCHED t=12.5 manoeuvre=35 source=accept_matched lead=105 host=106 own_eta=9.03 lead_eta=9.77 host_eta=14.50 min_eta=11.27 max_eta=13.00 desired_eta=11.27 gap_possible=True dtm=55.1 edge=34126779 lane=0 speed=6.10 lead_speed=7.55 host_speed=7.00 lead_gap=9.70 host_gap=0.00 lead_gap_t1=9.70 lead_gap_t2=9.70 lead_gap_t3=9.70 host_gap_t1=0.00 host_gap_t2=0.00 host_gap_t3=0.00 rel_to_lead=-1.45 rel_to_host=0.90 lead_lat=37.24 host_lat=64.23 pending=True accepted=False authorized=False committed=False pending_age=0.40 accepted_age=None lane_cmd_state=NONE lane_cmd_target=None
obu-ramp-merge-2-1     | [12.5] Ramp_Merge_2 MCM_ACCEPT_MATCHED: host=106 manoeuvre=35
obu-ramp-merge-2-1     | MERGE_ATTEMPT_TIMELINE: vehicle=Ramp_Merge_2 manoeuvre=35 host=106 lead=105 event=AUTHORIZED t=12.5 edge=34126779 lane=0 lane_cmd_state=NONE speed=6.10 target=6.28 dtm=55.1 lead_gap=9.70 host_gap=0.00 lead_gap_t1=9.70 lead_gap_t2=9.70 lead_gap_t3=9.70 host_gap_t1=0.00 host_gap_t2=0.00 host_gap_t3=0.00
obu-ramp-merge-2-1     | MERGE_SLOT_QUALITY_DIAG: vehicle=Ramp_Merge_2 event=AUTHORIZED t=12.5 manoeuvre=35 source=pending_request lead=104 host=106 own_eta=9.03 lead_eta=6.56 host_eta=14.50 min_eta=8.06 max_eta=13.00 desired_eta=9.03 gap_possible=True dtm=55.1 edge=34126779 lane=0 speed=6.10 lead_speed=7.32 host_speed=7.00 lead_gap=20.62 host_gap=0.00 lead_gap_t1=20.62 lead_gap_t2=20.62 lead_gap_t3=20.62 host_gap_t1=0.00 host_gap_t2=0.00 host_gap_t3=0.00 rel_to_lead=-1.22 rel_to_host=0.90 lead_lat=17.28 host_lat=64.23 pending=True accepted=True authorized=True committed=False pending_age=0.40 accepted_age=0.00 lane_cmd_state=NONE lane_cmd_target=None
obu-ramp-merge-2-1     | [12.5] Ramp_Merge_2 MERGE_AUTHORIZED_BY_MCM: host=106 manoeuvre=35
obu-ramp-merge-2-1     | [12.5] Ramp_Merge_2 MERGE_DECISION: auth=True phys=True fgok=True lgok=True hgok=True cok=True esok=True cready=True dtm=55.1 past=False committed=False hid=106 ra=2 lclear=True hyok=True
obu-ramp-merge-2-1     | [12.5] Ramp_Merge_2 MERGE_PREPARE_WAIT_LANE_AVAILABLE: edge=None lane=None target_lane=None lane_count=None executable=None dtm=55.1 speed=6.10 host=106 lead=104
obu-main-back-right-1  | [12.6] Main_Back_Right MCM_RX_REQUEST: from=110 manoeuvre=96 target=106
obu-merge-car-1        | [12.7] Merge_Car CAR_FOLLOW: sid=103 edge=34126779 lane=0 leader_edge= leader_lane=None leader_role_hint=main self_merge_completed=False self_merge_completed_age=-1.0 self_merge_committed=True lane_cmd_state=WAIT_EDGE lane_cmd_edge=34126779 lane_cmd_target=1 lane_cmd_executable=False same_lane=True reason=same_lane_cam gap=10.2 follow_spd=4.02 emergency=False target_before=6.735388883695722 target_after=6.305388883695723 target_after_raw=4.02
obu-main-back-left-1   | HOST_RESERVATION_HOLD: host=Main_Back_Left ramp=107 manoeuvre=4 remaining=2.7 own_speed=7.56 target_speed=7.56 ramp_fsm=NEGOTIATING ramp_lane_cmd_state=WAIT_EDGE ramp_edge=34126779 ramp_lane=0 ramp_merge_completed=False ramp_merge_committed=True
obu-main-back-left-1   | [12.7] Main_Back_Left HOST_HOLD_YIELD: for merge=107 spd=7.56
obu-main-back-left-1   | [12.7] Main_Back_Left MCM_TX_ACCEPT: manoeuvre=4 target=107
obu-main-back-left-1   | [12.7] Main_Back_Left role=host state=YIELDING->YIELDING speed=7.56 target=7.56 neighbors=11
obu-main-back-right-1  | HOST_RESERVATION_EXTEND_UNTIL_CLEAR: host=Main_Back_Right ramp=108 manoeuvre=35 new_remaining=4.0 ramp_lcs=NONE ramp_edge=34126779
obu-main-back-right-1  | HOST_RESERVATION_HOLD: host=Main_Back_Right ramp=108 manoeuvre=35 remaining=4.0 own_speed=7.32 target_speed=6.41 ramp_fsm=NEGOTIATING ramp_lane_cmd_state=NONE ramp_edge=34126779 ramp_lane=0 ramp_merge_completed=False ramp_merge_committed=True
obu-main-back-right-1  | [12.7] Main_Back_Right HOST_HOLD_YIELD: for merge=108 spd=6.41
obu-main-back-right-1  | [12.7] Main_Back_Right MCM_TX_ACCEPT: manoeuvre=35 target=108
obu-ramp-merge-2-1     | [12.7] Ramp_Merge_2 MERGE_LANE_WAIT_EDGE_CONFIRMED: edge=34126779 lane=0 target_lane=1 lane_count=1 executable=False
obu-ramp-merge-4-1     | [12.7] Ramp_Merge_4 FINAL_GUARD: REJECTED slot-boundary ETA sid=106
obu-ramp-merge-4-1     | [12.7] Ramp_Merge_4 MERGE_DECISION: auth=False phys=False fgok=False lgok=True hgok=False cok=True esok=True cready=False dtm=91.5 past=False committed=False hid=106 ra=None lclear=False hyok=False
obu-ramp-merge-2-1     | [12.7] Ramp_Merge_2 MERGE_PREPARE_WAIT_LANE_AVAILABLE: edge=34126779 lane=0 target_lane=1 lane_count=1 executable=False dtm=54.0 speed=6.12 host=106 lead=104
obu-ramp-merge-2-1     | MERGE_ATTEMPT_TIMELINE: vehicle=Ramp_Merge_2 manoeuvre=35 host=106 lead=104 event=WAIT_EDGE t=12.7 edge=34126779 lane=0 lane_cmd_state=WAIT_EDGE speed=6.12 target=6.75 dtm=54.0 lead_gap=20.81 host_gap=0.00 lead_gap_t1=20.81 lead_gap_t2=20.81 lead_gap_t3=20.81 host_gap_t1=0.00 host_gap_t2=0.00 host_gap_t3=0.00
obu-ramp-merge-2-1     | [12.7] Ramp_Merge_2 CAR_FOLLOW: sid=105 edge=34126779 lane=0 leader_edge= leader_lane=None leader_role_hint=main self_merge_completed=False self_merge_completed_age=-1.0 self_merge_committed=True lane_cmd_state=WAIT_EDGE lane_cmd_edge=34126779 lane_cmd_target=1 lane_cmd_executable=False same_lane=False reason=merge_conflict_eta gap=0.3 follow_spd=5.06 emergency=False target_before=6.296841523964904 target_after=5.866841523964904 target_after_raw=5.06
obu-ramp-merge-2-1     | [12.7] Ramp_Merge_2 MCM_RX_ACCEPT: from=106 manoeuvre=35 target=108
obu-ramp-merge-3-1     | MERGE_SLOT_SKIP_BUSY_HOST: skipped_host=106 busy_for=108 remaining=3.8000000000000007 next_host=None lead=105 own_eta=11.63
obu-merge-car-1        | [12.7] Merge_Car MCM_RX_ACCEPT: from=105 manoeuvre=4 target=107
obu-merge-car-1        | [12.8] Merge_Car CAR_FOLLOW: sid=103 edge=34126779 lane=0 leader_edge= leader_lane=None leader_role_hint=main self_merge_completed=False self_merge_completed_age=-1.0 self_merge_committed=True lane_cmd_state=WAIT_EDGE lane_cmd_edge=34126779 lane_cmd_target=1 lane_cmd_executable=False same_lane=True reason=same_lane_cam gap=10.9 follow_spd=4.93 emergency=False target_before=6.724052368196639 target_after=6.294052368196639 target_after_raw=4.93
obu-main-back-right-1  | [12.7] Main_Back_Right MCM_RX_REQUEST: from=108 manoeuvre=35 target=106
obu-main-back-left-1   | HOST_RESERVATION_HOLD: host=Main_Back_Left ramp=107 manoeuvre=4 remaining=2.5 own_speed=7.56 target_speed=7.56 ramp_fsm=NEGOTIATING ramp_lane_cmd_state=WAIT_EDGE ramp_edge=34126779 ramp_lane=0 ramp_merge_completed=False ramp_merge_committed=True
obu-main-back-left-1   | [12.9] Main_Back_Left HOST_HOLD_YIELD: for merge=107 spd=7.56
obu-ramp-merge-4-1     | MCM_REQUEST_RETRY_DIAG: vehicle=Ramp_Merge_4 host=106 lead=105 manoeuvre=96 retry_count=2 pending_age=0.6 dtm=91.2 own_eta=13.35 host_eta_current=13.483534177053691 host_eta_at_request=13.91900789228435 lead_eta_current=8.971580730458086 lead_eta_at_request=9.771530173706815 last_response_action=None last_response_age=None host_remote_fsm=YIELDING host_remote_edge=560761994 host_remote_lane=0 host_remote_merge_committed=False host_remote_merge_completed=False host_remote_active_merge_request=True host_remote_active_station_id=108 host_remote_active_manoeuvre_id=35 host_remote_active_remaining_s=3.8000000000000007
obu-main-back-right-1  | HOST_RESERVATION_EXTEND_UNTIL_CLEAR: host=Main_Back_Right ramp=108 manoeuvre=35 new_remaining=4.0 ramp_lcs=NONE ramp_edge=34126779
obu-main-back-right-1  | HOST_RESERVATION_HOLD: host=Main_Back_Right ramp=108 manoeuvre=35 remaining=4.0 own_speed=7.27 target_speed=6.41 ramp_fsm=NEGOTIATING ramp_lane_cmd_state=NONE ramp_edge=34126779 ramp_lane=0 ramp_merge_completed=False ramp_merge_committed=True
obu-main-back-right-1  | [12.8] Main_Back_Right HOST_HOLD_YIELD: for merge=108 spd=6.41
obu-ramp-merge-4-1     | MERGE_SLOT_QUALITY_DIAG: vehicle=Ramp_Merge_4 event=REQUEST_RETRY t=12.8 manoeuvre=96 source=retry_request lead=105 host=106 own_eta=13.35 lead_eta=9.77 host_eta=13.48 min_eta=11.27 max_eta=11.98 desired_eta=11.98 gap_possible=True dtm=91.2 edge=34126779 lane=0 speed=6.83 lead_speed=7.55 host_speed=7.31 lead_gap=73.74 host_gap=91.36 lead_gap_t1=73.74 lead_gap_t2=73.74 lead_gap_t3=73.74 host_gap_t1=91.36 host_gap_t2=91.36 host_gap_t3=91.36 rel_to_lead=-0.72 rel_to_host=-0.48 lead_lat=25.05 host_lat=0.26 pending=True accepted=False authorized=False committed=False pending_age=0.60 accepted_age=None lane_cmd_state=NONE lane_cmd_target=None
obu-ramp-merge-4-1     | [12.8] Ramp_Merge_4 MCM_TX_REQUEST: manoeuvre=96 target=106
obu-ramp-merge-4-1     | [12.8] Ramp_Merge_4 FINAL_GUARD: REJECTED slot-boundary ETA sid=106
obu-ramp-merge-4-1     | [12.8] Ramp_Merge_4 MERGE_DECISION: auth=False phys=False fgok=False lgok=True hgok=False cok=True esok=True cready=False dtm=91.2 past=False committed=False hid=106 ra=None lclear=False hyok=False
obu-ramp-merge-2-1     | [12.8] Ramp_Merge_2 CAR_FOLLOW: sid=105 edge=34126779 lane=0 leader_edge= leader_lane=None leader_role_hint=main self_merge_completed=False self_merge_completed_age=-1.0 self_merge_committed=True lane_cmd_state=WAIT_EDGE lane_cmd_edge=34126779 lane_cmd_target=1 lane_cmd_executable=False same_lane=False reason=merge_conflict_eta gap=0.2 follow_spd=5.10 emergency=False target_before=6.304955401577849 target_after=5.874955401577849 target_after_raw=5.10
obu-main-back-right-1  | [12.8] Main_Back_Right MCM_RX_REQUEST: from=110 manoeuvre=96 target=106
obu-ramp-merge-2-1     | [13.0] Ramp_Merge_2 CAR_FOLLOW: sid=105 edge=34126779 lane=0 leader_edge= leader_lane=None leader_role_hint=main self_merge_completed=False self_merge_completed_age=-1.0 self_merge_committed=True lane_cmd_state=WAIT_EDGE lane_cmd_edge=34126779 lane_cmd_target=1 lane_cmd_executable=False same_lane=False reason=merge_conflict_eta gap=0.2 follow_spd=5.10 emergency=False target_before=6.279789298510587 target_after=5.849789298510587 target_after_raw=5.10
obu-main-back-right-1  | HOST_RESERVATION_EXTEND_UNTIL_CLEAR: host=Main_Back_Right ramp=108 manoeuvre=35 new_remaining=4.0 ramp_lcs=WAIT_EDGE ramp_edge=34126779
obu-main-back-right-1  | HOST_RESERVATION_HOLD: host=Main_Back_Right ramp=108 manoeuvre=35 remaining=4.0 own_speed=7.19 target_speed=6.41 ramp_fsm=NEGOTIATING ramp_lane_cmd_state=WAIT_EDGE ramp_edge=34126779 ramp_lane=0 ramp_merge_completed=False ramp_merge_committed=True
obu-main-back-right-1  | [13.0] Main_Back_Right HOST_HOLD_YIELD: for merge=108 spd=6.41
obu-main-back-right-1  | [13.0] Main_Back_Right MCM_TX_ACCEPT: manoeuvre=35 target=108
obu-merge-car-1        | [13.0] Merge_Car CAR_FOLLOW: sid=103 edge=34126779 lane=0 leader_edge= leader_lane=None leader_role_hint=main self_merge_completed=False self_merge_completed_age=-1.0 self_merge_committed=True lane_cmd_state=WAIT_EDGE lane_cmd_edge=34126779 lane_cmd_target=1 lane_cmd_executable=False same_lane=True reason=same_lane_cam gap=11.0 follow_spd=5.02 emergency=False target_before=6.700215852682845 target_after=6.2702158526828455 target_after_raw=5.02
obu-ramp-merge-4-1     | MERGE_SLOT_SKIP_BUSY_HOST: skipped_host=106 busy_for=108 remaining=4.0 next_host=None lead=105 own_eta=13.23
obu-ramp-merge-4-1     | [13.0] Ramp_Merge_4 FINAL_GUARD: REJECTED slot-boundary ETA sid=106
obu-ramp-merge-4-1     | [13.0] Ramp_Merge_4 MERGE_DECISION: auth=False phys=False fgok=False lgok=True hgok=False cok=True esok=True cready=False dtm=90.6 past=False committed=False hid=106 ra=None lclear=True hyok=False
obu-main-front-left-1  | [13.0] Main_Front_Left role=cruise state=CRUISE->CRUISE speed=7.56 target=7.50 neighbors=11
obu-ramp-merge-3-1     | [13.1] Ramp_Merge_3 MCM_ACCEPT_STALE: host=106 manoeuvre=66
obu-ramp-merge-3-1     | [13.1] Ramp_Merge_3 MERGE_DECISION: auth=True phys=False fgok=True lgok=True hgok=True cok=True esok=True cready=False dtm=72.9 past=False committed=False hid=106 ra=2 lclear=True hyok=True
obu-ramp-merge-3-1     | [13.1] Ramp_Merge_3 MERGE_PREPARE_WAIT_PHYSICAL: dtm=72.9
obu-ramp-merge-2-1     | [13.1] Ramp_Merge_2 MCM_RX_ACCEPT: from=106 manoeuvre=35 target=108
obu-main-back-left-1   | HOST_RESERVATION_HOLD: host=Main_Back_Left ramp=107 manoeuvre=4 remaining=2.3 own_speed=7.56 target_speed=7.56 ramp_fsm=NEGOTIATING ramp_lane_cmd_state=WAIT_EDGE ramp_edge=34126779 ramp_lane=0 ramp_merge_completed=False ramp_merge_committed=True
obu-main-back-left-1   | [13.1] Main_Back_Left HOST_HOLD_YIELD: for merge=107 spd=7.56
obu-main-back-left-1   | [13.1] Main_Back_Left MCM_TX_ACCEPT: manoeuvre=4 target=107
obu-merge-car-1        | [13.2] Merge_Car MERGE_PREPARE_WAIT_LANE_AVAILABLE: edge=34126779 lane=0 target_lane=1 lane_count=1 executable=False dtm=14.6 speed=6.50 host=105 lead=103
obu-ramp-merge-2-1     | [13.2] Ramp_Merge_2 CAR_FOLLOW: sid=105 edge=34126779 lane=0 leader_edge= leader_lane=None leader_role_hint=main self_merge_completed=False self_merge_completed_age=-1.0 self_merge_committed=True lane_cmd_state=WAIT_EDGE lane_cmd_edge=34126779 lane_cmd_target=1 lane_cmd_executable=False same_lane=False reason=merge_conflict_eta gap=0.1 follow_spd=5.09 emergency=False target_before=6.256609688406281 target_after=5.826609688406282 target_after_raw=5.09
obu-main-back-right-1  | HOST_RESERVATION_EXTEND_UNTIL_CLEAR: host=Main_Back_Right ramp=108 manoeuvre=35 new_remaining=4.0 ramp_lcs=WAIT_EDGE ramp_edge=34126779
obu-main-back-right-1  | HOST_RESERVATION_HOLD: host=Main_Back_Right ramp=108 manoeuvre=35 remaining=4.0 own_speed=7.11 target_speed=6.41 ramp_fsm=NEGOTIATING ramp_lane_cmd_state=WAIT_EDGE ramp_edge=34126779 ramp_lane=0 ramp_merge_completed=False ramp_merge_committed=True
obu-main-back-right-1  | [13.2] Main_Back_Right HOST_HOLD_YIELD: for merge=108 spd=6.41
obu-ramp-merge-4-1     | MCM_REQUEST_RETRY_DIAG: vehicle=Ramp_Merge_4 host=106 lead=105 manoeuvre=96 retry_count=3 pending_age=1.0 dtm=89.9 own_eta=13.09 host_eta_current=13.357209174359193 host_eta_at_request=13.91900789228435 lead_eta_current=8.571319222703604 lead_eta_at_request=9.771530173706815 last_response_action=None last_response_age=None host_remote_fsm=YIELDING host_remote_edge=560761994 host_remote_lane=0 host_remote_merge_committed=False host_remote_merge_completed=False host_remote_active_merge_request=True host_remote_active_station_id=108 host_remote_active_manoeuvre_id=35 host_remote_active_remaining_s=3.9000000000000004
obu-ramp-merge-4-1     | MERGE_SLOT_QUALITY_DIAG: vehicle=Ramp_Merge_4 event=REQUEST_RETRY t=13.2 manoeuvre=96 source=retry_request lead=105 host=106 own_eta=13.09 lead_eta=9.77 host_eta=13.36 min_eta=11.27 max_eta=11.86 desired_eta=11.86 gap_possible=True dtm=89.9 edge=34126779 lane=0 speed=6.86 lead_speed=7.55 host_speed=7.11 lead_gap=70.31 host_gap=86.61 lead_gap_t1=70.31 lead_gap_t2=70.31 lead_gap_t3=70.31 host_gap_t1=86.61 host_gap_t2=86.61 host_gap_t3=86.61 rel_to_lead=-0.69 rel_to_host=-0.25 lead_lat=24.47 host_lat=1.02 pending=True accepted=False authorized=False committed=False pending_age=1.00 accepted_age=None lane_cmd_state=NONE lane_cmd_target=None
obu-ramp-merge-4-1     | [13.2] Ramp_Merge_4 MCM_TX_REQUEST: manoeuvre=96 target=106
obu-ramp-merge-4-1     | [13.2] Ramp_Merge_4 FINAL_GUARD: REJECTED slot-boundary ETA sid=106
obu-ramp-merge-4-1     | [13.2] Ramp_Merge_4 MERGE_DECISION: auth=False phys=False fgok=False lgok=True hgok=False cok=True esok=True cready=False dtm=89.9 past=False committed=False hid=106 ra=None lclear=True hyok=False
obu-main-back-left-1   | HOST_RESERVATION_HOLD: host=Main_Back_Left ramp=107 manoeuvre=4 remaining=2.1 own_speed=7.56 target_speed=7.56 ramp_fsm=NEGOTIATING ramp_lane_cmd_state=WAIT_EDGE ramp_edge=34126779 ramp_lane=0 ramp_merge_completed=False ramp_merge_committed=True
obu-main-back-left-1   | [13.3] Main_Back_Left HOST_HOLD_YIELD: for merge=107 spd=7.56
obu-ramp-merge-4-1     | [13.3] Ramp_Merge_4 FINAL_GUARD: REJECTED slot-boundary ETA sid=106
obu-ramp-merge-4-1     | [13.3] Ramp_Merge_4 MERGE_DECISION: auth=False phys=False fgok=False lgok=True hgok=False cok=True esok=True cready=False dtm=89.5 past=False committed=False hid=106 ra=None lclear=True hyok=False
obu-merge-car-1        | [13.2] Merge_Car MCM_RX_ACCEPT: from=105 manoeuvre=4 target=107
obu-merge-car-1        | [13.3] Merge_Car role=merge state=NEGOTIATING->NEGOTIATING speed=6.49 target=6.67 neighbors=11
obu-ramp-merge-5-1     | [13.3] Ramp_Merge_5 role=merge state=CRUISE->CRUISE speed=6.68 target=6.75 neighbors=11
obu-ramp-merge-3-1     | [13.4] Ramp_Merge_3 MERGE_DECISION: auth=True phys=False fgok=True lgok=True hgok=True cok=True esok=True cready=False dtm=71.5 past=False committed=False hid=106 ra=2 lclear=True hyok=True
obu-ramp-merge-3-1     | [13.4] Ramp_Merge_3 MERGE_PREPARE_WAIT_PHYSICAL: dtm=71.5
obu-ramp-merge-3-1     | [13.4] Ramp_Merge_3 role=merge state=NEGOTIATING->NEGOTIATING speed=6.41 target=6.38 neighbors=11
obu-main-back-right-1  | HOST_RESERVATION_EXTEND_UNTIL_CLEAR: host=Main_Back_Right ramp=108 manoeuvre=35 new_remaining=4.0 ramp_lcs=WAIT_EDGE ramp_edge=34126779
obu-main-back-right-1  | HOST_RESERVATION_HOLD: host=Main_Back_Right ramp=108 manoeuvre=35 remaining=4.0 own_speed=7.08 target_speed=6.41 ramp_fsm=NEGOTIATING ramp_lane_cmd_state=WAIT_EDGE ramp_edge=34126779 ramp_lane=0 ramp_merge_completed=False ramp_merge_committed=True
obu-ramp-back-1        | [13.4] Ramp_Back role=merge state=YIELDING->YIELDING speed=5.54 target=5.29 neighbors=11
obu-main-back-right-1  | [13.3] Main_Back_Right HOST_HOLD_YIELD: for merge=108 spd=6.41
obu-main-back-right-1  | [13.4] Main_Back_Right MCM_TX_ACCEPT: manoeuvre=35 target=108
obu-main-back-right-1  | [13.4] Main_Back_Right MCM_RX_REQUEST: from=110 manoeuvre=96 target=106
obu-ramp-merge-2-1     | [13.4] Ramp_Merge_2 CAR_FOLLOW: sid=105 edge=34126779 lane=0 leader_edge= leader_lane=None leader_role_hint=main self_merge_completed=False self_merge_completed_age=-1.0 self_merge_committed=True lane_cmd_state=WAIT_EDGE lane_cmd_edge=34126779 lane_cmd_target=1 lane_cmd_executable=False same_lane=False reason=merge_conflict_eta gap=0.1 follow_spd=5.07 emergency=False target_before=6.23449470039145 target_after=5.804494700391451 target_after_raw=5.07
obu-ramp-merge-2-1     | [13.4] Ramp_Merge_2 role=merge state=NEGOTIATING->NEGOTIATING speed=6.05 target=5.80 neighbors=11
obu-main-mid-right-1   | [13.5] Main_Mid_Right role=lead state=CRUISE->CRUISE speed=7.49 target=7.50 neighbors=11
obu-merge-car-1        | [13.5] Merge_Car MERGE_COMMIT_SAFETY_HOLD: lgok=False hgok=True fgok=True edge=34126779 lane=0 target_lane=1 speed=6.50 lane_cmd_state=WAIT_EDGE lane_cmd_executable=False lane_cmd_edge=34126779 lane_cmd_lane_count=1
obu-merge-car-1        | [13.5] Merge_Car CAR_FOLLOW: sid=103 edge=34126779 lane=0 leader_edge= leader_lane=None leader_role_hint=main self_merge_completed=False self_merge_completed_age=-1.0 self_merge_committed=True lane_cmd_state=WAIT_EDGE lane_cmd_edge=34126779 lane_cmd_target=1 lane_cmd_executable=False same_lane=True reason=same_lane_cam gap=10.7 follow_spd=4.68 emergency=False target_before=2.25 target_after=6.254290666963529 target_after_raw=4.68
obu-lead-car-1         | [13.5] Lead_Car role=cruise state=CRUISE->CRUISE speed=7.51 target=7.50 neighbors=11
obu-ramp-merge-2-1     | [13.4] Ramp_Merge_2 MCM_RX_ACCEPT: from=106 manoeuvre=35 target=108
obu-ramp-merge-4-1     | MCM_REQUEST_RETRY_DIAG: vehicle=Ramp_Merge_4 host=106 lead=105 manoeuvre=96 retry_count=4 pending_age=1.3 dtm=88.7 own_eta=12.88 host_eta_current=13.333225594940812 host_eta_at_request=13.91900789228435 lead_eta_current=8.371496116346487 lead_eta_at_request=9.771530173706815 last_response_action=None last_response_age=None host_remote_fsm=YIELDING host_remote_edge=560761994 host_remote_lane=0 host_remote_merge_committed=False host_remote_merge_completed=False host_remote_active_merge_request=True host_remote_active_station_id=108 host_remote_active_manoeuvre_id=35 host_remote_active_remaining_s=3.9000000000000004
obu-ramp-merge-4-1     | MERGE_SLOT_QUALITY_DIAG: vehicle=Ramp_Merge_4 event=REQUEST_RETRY t=13.5 manoeuvre=96 source=retry_request lead=105 host=106 own_eta=12.88 lead_eta=9.77 host_eta=13.33 min_eta=11.27 max_eta=11.83 desired_eta=11.83 gap_possible=True dtm=88.7 edge=34126779 lane=0 speed=6.89 lead_speed=7.55 host_speed=7.07 lead_gap=69.33 host_gap=83.81 lead_gap_t1=69.33 lead_gap_t2=69.33 lead_gap_t3=69.33 host_gap_t1=83.81 host_gap_t2=83.81 host_gap_t3=83.81 rel_to_lead=-0.66 rel_to_host=-0.18 lead_lat=19.32 host_lat=8.16 pending=True accepted=False authorized=False committed=False pending_age=1.30 accepted_age=None lane_cmd_state=NONE lane_cmd_target=None
obu-ramp-merge-4-1     | [13.5] Ramp_Merge_4 MCM_TX_REQUEST: manoeuvre=96 target=106
obu-ramp-merge-4-1     | [13.5] Ramp_Merge_4 FINAL_GUARD: REJECTED slot-boundary ETA sid=106
obu-ramp-merge-4-1     | [13.5] Ramp_Merge_4 MERGE_DECISION: auth=False phys=False fgok=False lgok=True hgok=False cok=True esok=True cready=False dtm=88.7 past=False committed=False hid=106 ra=None lclear=True hyok=False
obu-ramp-merge-4-1     | [13.5] Ramp_Merge_4 role=merge state=NEGOTIATING->NEGOTIATING speed=6.89 target=7.07 neighbors=11
obu-main-back-left-1   | HOST_RESERVATION_HOLD: host=Main_Back_Left ramp=107 manoeuvre=4 remaining=1.8 own_speed=7.56 target_speed=7.56 ramp_fsm=NEGOTIATING ramp_lane_cmd_state=WAIT_EDGE ramp_edge=34126779 ramp_lane=0 ramp_merge_completed=False ramp_merge_committed=True
obu-host-car-1         | [13.6] Host_Car role=host state=CRUISE->CRUISE speed=7.41 target=7.50 neighbors=11
obu-main-back-left-1   | [13.6] Main_Back_Left HOST_HOLD_YIELD: for merge=107 spd=7.56
obu-main-back-left-1   | [13.6] Main_Back_Left MCM_TX_ACCEPT: manoeuvre=4 target=107
obu-main-back-right-1  | HOST_RESERVATION_EXTEND_UNTIL_CLEAR: host=Main_Back_Right ramp=108 manoeuvre=35 new_remaining=4.0 ramp_lcs=WAIT_EDGE ramp_edge=34126779
obu-main-back-right-1  | HOST_RESERVATION_HOLD: host=Main_Back_Right ramp=108 manoeuvre=35 remaining=4.0 own_speed=6.98 target_speed=6.41 ramp_fsm=NEGOTIATING ramp_lane_cmd_state=WAIT_EDGE ramp_edge=34126779 ramp_lane=0 ramp_merge_completed=False ramp_merge_committed=True
obu-main-back-right-1  | [13.6] Main_Back_Right HOST_HOLD_YIELD: for merge=108 spd=6.41
obu-main-back-right-1  | [13.6] Main_Back_Right MCM_TX_ACCEPT: manoeuvre=35 target=108
obu-main-back-right-1  | [13.6] Main_Back_Right role=host state=YIELDING->YIELDING speed=6.98 target=6.41 neighbors=11
obu-ramp-merge-2-1     | [13.6] Ramp_Merge_2 CAR_FOLLOW: sid=105 edge=34126779 lane=0 leader_edge= leader_lane=None leader_role_hint=main self_merge_completed=False self_merge_completed_age=-1.0 self_merge_committed=True lane_cmd_state=WAIT_EDGE lane_cmd_edge=34126779 lane_cmd_target=1 lane_cmd_executable=False same_lane=False reason=merge_conflict_eta gap=0.3 follow_spd=4.96 emergency=False target_before=6.211170162322155 target_after=5.781170162322155 target_after_raw=4.96
obu-merge-car-1        | [13.7] Merge_Car FINAL_GUARD: REJECTED slot-boundary ETA sid=103
obu-merge-car-1        | [13.7] Merge_Car MERGE_COMMIT_SAFETY_HOLD: lgok=False hgok=True fgok=False edge=34126779 lane=0 target_lane=1 speed=6.52 lane_cmd_state=WAIT_EDGE lane_cmd_executable=False lane_cmd_edge=34126779 lane_cmd_lane_count=1
obu-merge-car-1        | [13.7] Merge_Car CAR_FOLLOW: sid=103 edge=34126779 lane=0 leader_edge= leader_lane=None leader_role_hint=main self_merge_completed=False self_merge_completed_age=-1.0 self_merge_committed=True lane_cmd_state=WAIT_EDGE lane_cmd_edge=34126779 lane_cmd_target=1 lane_cmd_executable=False same_lane=True reason=same_lane_cam gap=10.9 follow_spd=4.88 emergency=False target_before=2.25 target_after=6.270021761415512 target_after_raw=4.88
obu-ramp-merge-3-1     | [13.7] Ramp_Merge_3 MERGE_DECISION: auth=True phys=False fgok=True lgok=True hgok=True cok=True esok=True cready=False dtm=70.2 past=False committed=False hid=106 ra=2 lclear=True hyok=True
obu-ramp-merge-3-1     | [13.7] Ramp_Merge_3 MERGE_PREPARE_WAIT_PHYSICAL: dtm=70.2
obu-main-back-left-1   | HOST_RESERVATION_HOLD: host=Main_Back_Left ramp=107 manoeuvre=4 remaining=1.6 own_speed=7.56 target_speed=7.56 ramp_fsm=NEGOTIATING ramp_lane_cmd_state=WAIT_EDGE ramp_edge=34126779 ramp_lane=0 ramp_merge_completed=False ramp_merge_committed=True
obu-main-back-left-1   | [13.8] Main_Back_Left HOST_HOLD_YIELD: for merge=107 spd=7.56
obu-main-back-left-1   | [13.8] Main_Back_Left role=host state=YIELDING->YIELDING speed=7.56 target=7.56 neighbors=11
obu-ramp-merge-4-1     | [13.7] Ramp_Merge_4 FINAL_GUARD: REJECTED slot-boundary ETA sid=106
obu-ramp-merge-4-1     | [13.7] Ramp_Merge_4 MERGE_DECISION: auth=False phys=False fgok=False lgok=True hgok=False cok=True esok=True cready=False dtm=87.9 past=False committed=False hid=106 ra=None lclear=True hyok=False
obu-ramp-merge-2-1     | [13.7] Ramp_Merge_2 MCM_RX_ACCEPT: from=106 manoeuvre=35 target=108
obu-ramp-merge-4-1     | MCM_REQUEST_RETRY_DIAG: vehicle=Ramp_Merge_4 host=106 lead=105 manoeuvre=96 retry_count=5 pending_age=1.6 dtm=87.6 own_eta=12.67 host_eta_current=13.203472246369255 host_eta_at_request=13.91900789228435 lead_eta_current=8.07077231794643 lead_eta_at_request=9.771530173706815 last_response_action=None last_response_age=None host_remote_fsm=YIELDING host_remote_edge=560761994 host_remote_lane=0 host_remote_merge_committed=False host_remote_merge_completed=False host_remote_active_merge_request=True host_remote_active_station_id=108 host_remote_active_manoeuvre_id=35 host_remote_active_remaining_s=3.900000000000002
obu-ramp-merge-4-1     | MERGE_SLOT_QUALITY_DIAG: vehicle=Ramp_Merge_4 event=REQUEST_RETRY t=13.8 manoeuvre=96 source=retry_request lead=105 host=106 own_eta=12.67 lead_eta=9.77 host_eta=13.20 min_eta=11.27 max_eta=11.70 desired_eta=11.70 gap_possible=True dtm=87.6 edge=34126779 lane=0 speed=6.91 lead_speed=7.55 host_speed=6.98 lead_gap=67.21 host_gap=80.32 lead_gap_t1=67.21 lead_gap_t2=67.21 lead_gap_t3=67.21 host_gap_t1=80.32 host_gap_t2=80.32 host_gap_t3=80.32 rel_to_lead=-0.64 rel_to_host=-0.07 lead_lat=17.53 host_lat=10.82 pending=True accepted=False authorized=False committed=False pending_age=1.60 accepted_age=None lane_cmd_state=NONE lane_cmd_target=None
obu-ramp-merge-4-1     | [13.8] Ramp_Merge_4 MCM_TX_REQUEST: manoeuvre=96 target=106
obu-ramp-merge-4-1     | [13.8] Ramp_Merge_4 FINAL_GUARD: REJECTED slot-boundary ETA sid=106
obu-ramp-merge-4-1     | [13.8] Ramp_Merge_4 MERGE_DECISION: auth=False phys=False fgok=False lgok=True hgok=False cok=True esok=True cready=False dtm=87.6 past=False committed=False hid=106 ra=None lclear=True hyok=False
obu-ramp-merge-2-1     | [13.8] Ramp_Merge_2 MERGE_PREPARE_WAIT_LANE_AVAILABLE: edge=34126779 lane=0 target_lane=1 lane_count=1 executable=False dtm=47.8 speed=6.01 host=106 lead=104
obu-ramp-merge-2-1     | [13.8] Ramp_Merge_2 CAR_FOLLOW: sid=105 edge=34126779 lane=0 leader_edge= leader_lane=None leader_role_hint=main self_merge_completed=False self_merge_completed_age=-1.0 self_merge_committed=True lane_cmd_state=WAIT_EDGE lane_cmd_edge=34126779 lane_cmd_target=1 lane_cmd_executable=False same_lane=False reason=merge_conflict_eta gap=0.1 follow_spd=4.99 emergency=False target_before=6.1879030778804465 target_after=5.757903077880447 target_after_raw=4.99
obu-main-back-right-1  | [13.7] Main_Back_Right MCM_RX_REQUEST: from=110 manoeuvre=96 target=106
obu-main-back-right-1  | HOST_RESERVATION_EXTEND_UNTIL_CLEAR: host=Main_Back_Right ramp=108 manoeuvre=35 new_remaining=4.0 ramp_lcs=WAIT_EDGE ramp_edge=34126779
obu-main-back-right-1  | HOST_RESERVATION_HOLD: host=Main_Back_Right ramp=108 manoeuvre=35 remaining=4.0 own_speed=6.93 target_speed=6.41 ramp_fsm=NEGOTIATING ramp_lane_cmd_state=WAIT_EDGE ramp_edge=34126779 ramp_lane=0 ramp_merge_completed=False ramp_merge_committed=True
obu-main-back-right-1  | [13.8] Main_Back_Right HOST_HOLD_YIELD: for merge=108 spd=6.41
obu-main-back-right-1  | HOST_REQUEST_DECISION: host=Main_Back_Right ramp=110 manoeuvre=96 decision=REJECT reason=BUSY ramp_eta=12.67 host_eta=13.11 required_speed=5.22 current_speed=6.93 active_request_ramp=108 active_request_remaining=4.0 ramp_remote_edge=34126779 ramp_remote_lane=0 ramp_remote_fsm=NEGOTIATING
obu-main-back-right-1  | [13.8] Main_Back_Right MCM_TX_REJECT: manoeuvre=96 target=110
traci-bridge-1         | LANE_CMD_WAIT_EDGE veh=Merge_Car edge=34126779 lane=0 target=1 lane_count=1
traci-bridge-1         | LANE_CMD_STATE veh=Merge_Car edge=34126779 lane=0 target=1 lane_count=1 recently=False speed=6.74
traci-bridge-1         | LANE_CMD_WAIT_EDGE veh=Merge_Car edge=34126779 lane=0 target=1 lane_count=1
traci-bridge-1         | LANE_CMD_STATE veh=Merge_Car edge=34126779 lane=0 target=1 lane_count=1 recently=False speed=6.74
traci-bridge-1         | LANE_CMD_WAIT_EDGE veh=Merge_Car edge=34126779 lane=0 target=1 lane_count=1
traci-bridge-1         | LANE_CMD_STATE veh=Merge_Car edge=34126779 lane=0 target=1 lane_count=1 recently=False speed=6.74
traci-bridge-1         | LANE_CMD_WAIT_EDGE veh=Merge_Car edge=34126779 lane=0 target=1 lane_count=1
traci-bridge-1         | LANE_CMD_STATE veh=Merge_Car edge=34126779 lane=0 target=1 lane_count=1 recently=False speed=6.74
traci-bridge-1         | LANE_CMD_WAIT_EDGE veh=Merge_Car edge=34126779 lane=0 target=1 lane_count=1
traci-bridge-1         | LANE_CMD_STATE veh=Merge_Car edge=34126779 lane=0 target=1 lane_count=1 recently=False speed=6.73
traci-bridge-1         | LANE_CMD_WAIT_EDGE veh=Merge_Car edge=34126779 lane=0 target=1 lane_count=1
traci-bridge-1         | LANE_CMD_STATE veh=Merge_Car edge=34126779 lane=0 target=1 lane_count=1 recently=False speed=6.73
traci-bridge-1         | LANE_CMD_WAIT_EDGE veh=Merge_Car edge=34126779 lane=0 target=1 lane_count=1
traci-bridge-1         | LANE_CMD_STATE veh=Merge_Car edge=34126779 lane=0 target=1 lane_count=1 recently=False speed=6.73
traci-bridge-1         | LANE_CMD_WAIT_EDGE veh=Merge_Car edge=34126779 lane=0 target=1 lane_count=1
traci-bridge-1         | LANE_CMD_STATE veh=Merge_Car edge=34126779 lane=0 target=1 lane_count=1 recently=False speed=6.73
traci-bridge-1         | LANE_CMD_WAIT_EDGE veh=Merge_Car edge=34126779 lane=0 target=1 lane_count=1
traci-bridge-1         | LANE_CMD_STATE veh=Merge_Car edge=34126779 lane=0 target=1 lane_count=1 recently=False speed=6.72
traci-bridge-1         | LANE_CMD_WAIT_EDGE veh=Merge_Car edge=34126779 lane=0 target=1 lane_count=1
traci-bridge-1         | LANE_CMD_STATE veh=Merge_Car edge=34126779 lane=0 target=1 lane_count=1 recently=False speed=6.71
traci-bridge-1         | LANE_CMD_WAIT_EDGE veh=Merge_Car edge=34126779 lane=0 target=1 lane_count=1
traci-bridge-1         | LANE_CMD_STATE veh=Merge_Car edge=34126779 lane=0 target=1 lane_count=1 recently=False speed=6.69
traci-bridge-1         | LANE_CMD_WAIT_EDGE veh=Merge_Car edge=34126779 lane=0 target=1 lane_count=1
traci-bridge-1         | LANE_CMD_STATE veh=Merge_Car edge=34126779 lane=0 target=1 lane_count=1 recently=False speed=6.68
traci-bridge-1         | LANE_CMD_WAIT_EDGE veh=Merge_Car edge=34126779 lane=0 target=1 lane_count=1
traci-bridge-1         | LANE_CMD_STATE veh=Merge_Car edge=34126779 lane=0 target=1 lane_count=1 recently=False speed=6.67
traci-bridge-1         | LANE_CMD_WAIT_EDGE veh=Merge_Car edge=34126779 lane=0 target=1 lane_count=1
traci-bridge-1         | LANE_CMD_STATE veh=Merge_Car edge=34126779 lane=0 target=1 lane_count=1 recently=False speed=6.66
traci-bridge-1         | LANE_CMD_WAIT_EDGE veh=Merge_Car edge=34126779 lane=0 target=1 lane_count=1
traci-bridge-1         | LANE_CMD_STATE veh=Merge_Car edge=34126779 lane=0 target=1 lane_count=1 recently=False speed=6.65
traci-bridge-1         | LANE_CMD_WAIT_EDGE veh=Merge_Car edge=34126779 lane=0 target=1 lane_count=1
traci-bridge-1         | LANE_CMD_STATE veh=Merge_Car edge=34126779 lane=0 target=1 lane_count=1 recently=False speed=6.64
traci-bridge-1         | LANE_CMD_WAIT_EDGE veh=Merge_Car edge=34126779 lane=0 target=1 lane_count=1
traci-bridge-1         | LANE_CMD_STATE veh=Merge_Car edge=34126779 lane=0 target=1 lane_count=1 recently=False speed=6.63
traci-bridge-1         | LANE_CMD_WAIT_EDGE veh=Merge_Car edge=34126779 lane=0 target=1 lane_count=1
traci-bridge-1         | LANE_CMD_STATE veh=Merge_Car edge=34126779 lane=0 target=1 lane_count=1 recently=False speed=6.61
traci-bridge-1         | LANE_CMD_WAIT_EDGE veh=Merge_Car edge=34126779 lane=0 target=1 lane_count=1
traci-bridge-1         | LANE_CMD_STATE veh=Merge_Car edge=34126779 lane=0 target=1 lane_count=1 recently=False speed=6.60
traci-bridge-1         | LANE_CMD_WAIT_EDGE veh=Merge_Car edge=34126779 lane=0 target=1 lane_count=1
traci-bridge-1         | LANE_CMD_STATE veh=Merge_Car edge=34126779 lane=0 target=1 lane_count=1 recently=False speed=6.59
traci-bridge-1         | LANE_CMD_WAIT_EDGE veh=Merge_Car edge=34126779 lane=0 target=1 lane_count=1
traci-bridge-1         | LANE_CMD_STATE veh=Merge_Car edge=34126779 lane=0 target=1 lane_count=1 recently=False speed=6.58
traci-bridge-1         | LANE_CMD_WAIT_EDGE veh=Merge_Car edge=34126779 lane=0 target=1 lane_count=1
traci-bridge-1         | LANE_CMD_STATE veh=Merge_Car edge=34126779 lane=0 target=1 lane_count=1 recently=False speed=6.57
traci-bridge-1         | LANE_CMD_WAIT_EDGE veh=Merge_Car edge=34126779 lane=0 target=1 lane_count=1
traci-bridge-1         | LANE_CMD_STATE veh=Merge_Car edge=34126779 lane=0 target=1 lane_count=1 recently=False speed=6.56
traci-bridge-1         | LANE_CMD_WAIT_EDGE veh=Merge_Car edge=34126779 lane=0 target=1 lane_count=1
traci-bridge-1         | LANE_CMD_STATE veh=Ramp_Merge_2 edge=34126779 lane=0 target=1 lane_count=1 recently=False speed=6.12
traci-bridge-1         | LANE_CMD_WAIT_EDGE veh=Ramp_Merge_2 edge=34126779 lane=0 target=1 lane_count=1
traci-bridge-1         | LANE_CMD_STATE veh=Merge_Car edge=34126779 lane=0 target=1 lane_count=1 recently=False speed=6.54
traci-bridge-1         | LANE_CMD_WAIT_EDGE veh=Merge_Car edge=34126779 lane=0 target=1 lane_count=1
traci-bridge-1         | LANE_CMD_STATE veh=Ramp_Merge_2 edge=34126779 lane=0 target=1 lane_count=1 recently=False speed=6.12
traci-bridge-1         | LANE_CMD_WAIT_EDGE veh=Ramp_Merge_2 edge=34126779 lane=0 target=1 lane_count=1
traci-bridge-1         | LANE_CMD_STATE veh=Merge_Car edge=34126779 lane=0 target=1 lane_count=1 recently=False speed=6.53
traci-bridge-1         | LANE_CMD_WAIT_EDGE veh=Merge_Car edge=34126779 lane=0 target=1 lane_count=1
traci-bridge-1         | LANE_CMD_STATE veh=Ramp_Merge_2 edge=34126779 lane=0 target=1 lane_count=1 recently=False speed=6.11
traci-bridge-1         | LANE_CMD_WAIT_EDGE veh=Ramp_Merge_2 edge=34126779 lane=0 target=1 lane_count=1
traci-bridge-1         | LANE_CMD_STATE veh=Merge_Car edge=34126779 lane=0 target=1 lane_count=1 recently=False speed=6.52
traci-bridge-1         | LANE_CMD_WAIT_EDGE veh=Merge_Car edge=34126779 lane=0 target=1 lane_count=1
traci-bridge-1         | LANE_CMD_STATE veh=Ramp_Merge_2 edge=34126779 lane=0 target=1 lane_count=1 recently=False speed=6.10
traci-bridge-1         | LANE_CMD_WAIT_EDGE veh=Ramp_Merge_2 edge=34126779 lane=0 target=1 lane_count=1
traci-bridge-1         | LANE_CMD_STATE veh=Merge_Car edge=34126779 lane=0 target=1 lane_count=1 recently=False speed=6.51
traci-bridge-1         | LANE_CMD_WAIT_EDGE veh=Merge_Car edge=34126779 lane=0 target=1 lane_count=1
traci-bridge-1         | LANE_CMD_STATE veh=Ramp_Merge_2 edge=34126779 lane=0 target=1 lane_count=1 recently=False speed=6.09
traci-bridge-1         | LANE_CMD_WAIT_EDGE veh=Ramp_Merge_2 edge=34126779 lane=0 target=1 lane_count=1
traci-bridge-1         | LANE_CMD_STATE veh=Merge_Car edge=34126779 lane=0 target=1 lane_count=1 recently=False speed=6.50
traci-bridge-1         | LANE_CMD_WAIT_EDGE veh=Merge_Car edge=34126779 lane=0 target=1 lane_count=1
traci-bridge-1         | LANE_CMD_STATE veh=Ramp_Merge_2 edge=34126779 lane=0 target=1 lane_count=1 recently=False speed=6.08
traci-bridge-1         | LANE_CMD_WAIT_EDGE veh=Ramp_Merge_2 edge=34126779 lane=0 target=1 lane_count=1
traci-bridge-1         | LANE_CMD_STATE veh=Merge_Car edge=34126779 lane=0 target=1 lane_count=1 recently=False speed=6.49
traci-bridge-1         | LANE_CMD_WAIT_EDGE veh=Merge_Car edge=34126779 lane=0 target=1 lane_count=1
traci-bridge-1         | LANE_CMD_STATE veh=Ramp_Merge_2 edge=34126779 lane=0 target=1 lane_count=1 recently=False speed=6.07
traci-bridge-1         | LANE_CMD_WAIT_EDGE veh=Ramp_Merge_2 edge=34126779 lane=0 target=1 lane_count=1
traci-bridge-1         | LANE_CMD_STATE veh=Merge_Car edge=34126779 lane=0 target=1 lane_count=1 recently=False speed=6.50
traci-bridge-1         | LANE_CMD_WAIT_EDGE veh=Merge_Car edge=34126779 lane=0 target=1 lane_count=1
traci-bridge-1         | LANE_CMD_STATE veh=Ramp_Merge_2 edge=34126779 lane=0 target=1 lane_count=1 recently=False speed=6.05
traci-bridge-1         | LANE_CMD_WAIT_EDGE veh=Ramp_Merge_2 edge=34126779 lane=0 target=1 lane_count=1
traci-bridge-1         | LANE_CMD_STATE veh=Merge_Car edge=34126779 lane=0 target=1 lane_count=1 recently=False speed=6.50
traci-bridge-1         | LANE_CMD_WAIT_EDGE veh=Merge_Car edge=34126779 lane=0 target=1 lane_count=1
traci-bridge-1         | LANE_CMD_STATE veh=Ramp_Merge_2 edge=34126779 lane=0 target=1 lane_count=1 recently=False speed=6.04
traci-bridge-1         | LANE_CMD_WAIT_EDGE veh=Ramp_Merge_2 edge=34126779 lane=0 target=1 lane_count=1
traci-bridge-1         | LANE_CMD_STATE veh=Merge_Car edge=34126779 lane=0 target=1 lane_count=1 recently=False speed=6.51
traci-bridge-1         | LANE_CMD_WAIT_EDGE veh=Merge_Car edge=34126779 lane=0 target=1 lane_count=1
traci-bridge-1         | LANE_CMD_STATE veh=Ramp_Merge_2 edge=34126779 lane=0 target=1 lane_count=1 recently=False speed=6.03
traci-bridge-1         | LANE_CMD_WAIT_EDGE veh=Ramp_Merge_2 edge=34126779 lane=0 target=1 lane_count=1
traci-bridge-1         | LANE_CMD_STATE veh=Merge_Car edge=34126779 lane=0 target=1 lane_count=1 recently=False speed=6.52
traci-bridge-1         | LANE_CMD_WAIT_EDGE veh=Merge_Car edge=34126779 lane=0 target=1 lane_count=1
traci-bridge-1         | LANE_CMD_STATE veh=Ramp_Merge_2 edge=34126779 lane=0 target=1 lane_count=1 recently=False speed=6.02
traci-bridge-1         | LANE_CMD_WAIT_EDGE veh=Ramp_Merge_2 edge=34126779 lane=0 target=1 lane_count=1
traci-bridge-1         | LANE_CMD_STATE veh=Merge_Car edge=34126779 lane=0 target=1 lane_count=1 recently=False speed=6.51
traci-bridge-1         | LANE_CMD_WAIT_EDGE veh=Merge_Car edge=34126779 lane=0 target=1 lane_count=1
traci-bridge-1         | LANE_CMD_STATE veh=Ramp_Merge_2 edge=34126779 lane=0 target=1 lane_count=1 recently=False speed=6.01
traci-bridge-1         | LANE_CMD_WAIT_EDGE veh=Ramp_Merge_2 edge=34126779 lane=0 target=1 lane_count=1
obu-ramp-merge-3-1     | MERGE_SLOT_SKIP_BUSY_HOST: skipped_host=106 busy_for=108 remaining=3.900000000000002 next_host=None lead=105 own_eta=10.88
obu-merge-car-1        | [13.7] Merge_Car MCM_RX_ACCEPT: from=105 manoeuvre=4 target=107
obu-ramp-merge-3-1     | [13.8] Ramp_Merge_3 MERGE_DECISION: auth=True phys=True fgok=True lgok=True hgok=True cok=True esok=True cready=True dtm=69.7 past=False committed=False hid=106 ra=2 lclear=True hyok=True
obu-ramp-merge-3-1     | [13.8] Ramp_Merge_3 MERGE_PREPARE_WAIT_LANE_AVAILABLE: edge=None lane=None target_lane=None lane_count=None executable=None dtm=69.7 speed=6.40 host=106 lead=105
obu-merge-car-1        | [13.9] Merge_Car FINAL_GUARD: REJECTED slot-boundary ETA sid=103
obu-merge-car-1        | [13.9] Merge_Car MERGE_COMMIT_SAFETY_HOLD: lgok=False hgok=True fgok=False edge=34126779 lane=0 target_lane=1 speed=6.49 lane_cmd_state=WAIT_EDGE lane_cmd_executable=False lane_cmd_edge=34126779 lane_cmd_lane_count=1
obu-ramp-merge-4-1     | [13.8] Ramp_Merge_4 MCM_RX_REJECT: from=106 manoeuvre=96 target=110
obu-main-back-right-1  | [13.9] Main_Back_Right MCM_RX_REQUEST: from=110 manoeuvre=96 target=106
obu-ramp-merge-2-1     | [14.0] Ramp_Merge_2 CAR_FOLLOW: sid=105 edge=34126779 lane=0 leader_edge= leader_lane=None leader_role_hint=main self_merge_completed=False self_merge_completed_age=-1.0 self_merge_committed=True lane_cmd_state=WAIT_EDGE lane_cmd_edge=34126779 lane_cmd_target=1 lane_cmd_executable=False same_lane=False reason=merge_conflict_eta gap=0.1 follow_spd=4.98 emergency=False target_before=6.164633264391427 target_after=5.7346332643914275 target_after_raw=4.98
obu-ramp-merge-3-1     | [14.0] Ramp_Merge_3 MERGE_LANE_WAIT_EDGE_CONFIRMED: edge=34126779 lane=0 target_lane=1 lane_count=1 executable=False
obu-main-back-left-1   | HOST_RESERVATION_HOLD: host=Main_Back_Left ramp=107 manoeuvre=4 remaining=1.4 own_speed=7.56 target_speed=7.56 ramp_fsm=NEGOTIATING ramp_lane_cmd_state=WAIT_EDGE ramp_edge=34126779 ramp_lane=0 ramp_merge_completed=False ramp_merge_committed=True
obu-main-back-left-1   | [14.0] Main_Back_Left HOST_HOLD_YIELD: for merge=107 spd=7.56
obu-main-front-left-1  | [14.0] Main_Front_Left role=cruise state=CRUISE->CRUISE speed=7.54 target=7.50 neighbors=11
obu-main-back-left-1   | [14.0] Main_Back_Left MCM_TX_ACCEPT: manoeuvre=4 target=107
obu-merge-car-1        | [14.1] Merge_Car FINAL_GUARD: REJECTED slot-boundary ETA sid=103
obu-merge-car-1        | [14.1] Merge_Car MERGE_COMMIT_SAFETY_HOLD: lgok=False hgok=True fgok=False edge=34126779 lane=0 target_lane=1 speed=6.27 lane_cmd_state=WAIT_EDGE lane_cmd_executable=False lane_cmd_edge=34126779 lane_cmd_lane_count=1
obu-ramp-merge-4-1     | [14.0] Ramp_Merge_4 MCM_REJECT: host=106 manoeuvre=96
obu-ramp-merge-4-1     | [14.0] Ramp_Merge_4 FINAL_GUARD: REJECTED slot-boundary ETA sid=106
obu-main-back-right-1  | HOST_RESERVATION_EXTEND_UNTIL_CLEAR: host=Main_Back_Right ramp=108 manoeuvre=35 new_remaining=4.0 ramp_lcs=WAIT_EDGE ramp_edge=34126779
obu-main-back-right-1  | HOST_RESERVATION_HOLD: host=Main_Back_Right ramp=108 manoeuvre=35 remaining=4.0 own_speed=6.85 target_speed=6.41 ramp_fsm=NEGOTIATING ramp_lane_cmd_state=WAIT_EDGE ramp_edge=34126779 ramp_lane=0 ramp_merge_completed=False ramp_merge_committed=True
obu-main-back-right-1  | [14.1] Main_Back_Right HOST_HOLD_YIELD: for merge=108 spd=6.41
obu-main-back-right-1  | HOST_REQUEST_DECISION: host=Main_Back_Right ramp=110 manoeuvre=96 decision=REJECT reason=BUSY ramp_eta=12.51 host_eta=12.95 required_speed=5.15 current_speed=6.85 active_request_ramp=108 active_request_remaining=4.0 ramp_remote_edge=34126779 ramp_remote_lane=0 ramp_remote_fsm=NEGOTIATING
obu-main-back-right-1  | [14.1] Main_Back_Right MCM_TX_REJECT: manoeuvre=96 target=110
obu-main-back-right-1  | [14.1] Main_Back_Right MCM_TX_ACCEPT: manoeuvre=35 target=108
obu-merge-car-1        | [14.1] Merge_Car MCM_RX_ACCEPT: from=105 manoeuvre=4 target=107
obu-main-back-left-1   | HOST_RESERVATION_HOLD: host=Main_Back_Left ramp=107 manoeuvre=4 remaining=1.2 own_speed=7.56 target_speed=7.56 ramp_fsm=NEGOTIATING ramp_lane_cmd_state=WAIT_EDGE ramp_edge=34126779 ramp_lane=0 ramp_merge_completed=False ramp_merge_committed=True
obu-main-back-left-1   | [14.2] Main_Back_Left HOST_HOLD_YIELD: for merge=107 spd=7.56
obu-ramp-merge-3-1     | [14.2] Ramp_Merge_3 MERGE_PREPARE_WAIT_LANE_AVAILABLE: edge=34126779 lane=0 target_lane=1 lane_count=1 executable=False dtm=67.5 speed=6.42 host=106 lead=105
obu-ramp-merge-3-1     | MERGE_ATTEMPT_TIMELINE: vehicle=Ramp_Merge_3 manoeuvre=66 host=106 lead=105 event=WAIT_EDGE t=14.2 edge=34126779 lane=0 lane_cmd_state=WAIT_EDGE speed=6.42 target=6.75 dtm=67.5 lead_gap=37.43 host_gap=31.94 lead_gap_t1=37.43 lead_gap_t2=37.43 lead_gap_t3=37.43 host_gap_t1=31.94 host_gap_t2=31.94 host_gap_t3=31.94
obu-ramp-merge-4-1     | MERGE_SLOT_SKIP_BUSY_HOST: skipped_host=106 busy_for=108 remaining=4.000000000000002 next_host=None lead=105 own_eta=12.40
obu-ramp-merge-4-1     | [14.2] Ramp_Merge_4 FINAL_GUARD: REJECTED slot-boundary ETA sid=106
obu-ramp-merge-4-1     | [14.2] Ramp_Merge_4 MERGE_LCLEAR_BLOCK: sid=106 gap=4.1 neighbor_age=0.4 from_memory=False dtm=86.1
obu-ramp-merge-4-1     | [14.2] Ramp_Merge_4 MERGE_DECISION: auth=False phys=False fgok=False lgok=False hgok=True cok=True esok=True cready=False dtm=86.1 past=False committed=False hid=None ra=None lclear=False hyok=True
obu-ramp-merge-2-1     | [14.2] Ramp_Merge_2 CAR_FOLLOW: sid=105 edge=34126779 lane=0 leader_edge= leader_lane=None leader_role_hint=main self_merge_completed=False self_merge_completed_age=-1.0 self_merge_committed=True lane_cmd_state=WAIT_EDGE lane_cmd_edge=34126779 lane_cmd_target=1 lane_cmd_executable=False same_lane=False reason=merge_conflict_eta gap=0.0 follow_spd=4.96 emergency=False target_before=6.141363580532156 target_after=5.711363580532156 target_after_raw=4.96
obu-main-back-right-1  | HOST_RESERVATION_EXTEND_UNTIL_CLEAR: host=Main_Back_Right ramp=108 manoeuvre=35 new_remaining=4.0 ramp_lcs=WAIT_EDGE ramp_edge=34126779
obu-main-back-right-1  | HOST_RESERVATION_HOLD: host=Main_Back_Right ramp=108 manoeuvre=35 remaining=4.0 own_speed=6.81 target_speed=6.41 ramp_fsm=NEGOTIATING ramp_lane_cmd_state=WAIT_EDGE ramp_edge=34126779 ramp_lane=0 ramp_merge_completed=False ramp_merge_committed=True
obu-main-back-right-1  | [14.3] Main_Back_Right HOST_HOLD_YIELD: for merge=108 spd=6.41
obu-main-back-right-1  | HOST_REQUEST_DECISION: host=Main_Back_Right ramp=110 manoeuvre=96 decision=IGNORE reason=BUSY_PERIOD ramp_eta=12.41 host_eta=12.83 required_speed=5.11 current_speed=6.81 active_request_ramp=108 active_request_remaining=4.0 ramp_remote_edge=34126779 ramp_remote_lane=0 ramp_remote_fsm=NEGOTIATING
obu-main-back-left-1   | HOST_RESERVATION_HOLD: host=Main_Back_Left ramp=107 manoeuvre=4 remaining=1.1 own_speed=7.56 target_speed=7.56 ramp_fsm=NEGOTIATING ramp_lane_cmd_state=WAIT_EDGE ramp_edge=34126779 ramp_lane=0 ramp_merge_completed=False ramp_merge_committed=True
obu-main-back-left-1   | [14.3] Main_Back_Left HOST_HOLD_YIELD: for merge=107 spd=7.56
obu-main-back-left-1   | [14.3] Main_Back_Left MCM_TX_ACCEPT: manoeuvre=4 target=107
obu-ramp-merge-4-1     | [14.2] Ramp_Merge_4 MCM_RX_REJECT: from=106 manoeuvre=96 target=110
obu-ramp-merge-5-1     | [14.3] Ramp_Merge_5 role=merge state=CRUISE->CRUISE speed=6.71 target=6.75 neighbors=11
obu-ramp-merge-4-1     | [14.3] Ramp_Merge_4 FINAL_GUARD: REJECTED slot-boundary ETA sid=106
obu-ramp-merge-4-1     | [14.3] Ramp_Merge_4 MERGE_DECISION: auth=False phys=False fgok=False lgok=False hgok=True cok=True esok=True cready=False dtm=85.7 past=False committed=False hid=None ra=None lclear=False hyok=True
obu-ramp-merge-2-1     | [14.2] Ramp_Merge_2 MCM_RX_ACCEPT: from=106 manoeuvre=35 target=108
obu-merge-car-1        | [14.3] Merge_Car MERGE_PREPARE_WAIT_LANE_AVAILABLE: edge=34126779 lane=0 target_lane=1 lane_count=1 executable=False dtm=8.2 speed=5.88 host=105 lead=103
obu-merge-car-1        | [14.3] Merge_Car FINAL_GUARD: REJECTED slot-boundary ETA sid=103
obu-merge-car-1        | [14.3] Merge_Car MERGE_COMMIT_SAFETY_HOLD: lgok=False hgok=True fgok=False edge=34126779 lane=0 target_lane=1 speed=5.88 lane_cmd_state=WAIT_EDGE lane_cmd_executable=False lane_cmd_edge=34126779 lane_cmd_lane_count=1
obu-merge-car-1        | [14.3] Merge_Car role=merge state=NEGOTIATING->NEGOTIATING speed=5.88 target=2.25 neighbors=11
obu-ramp-merge-2-1     | [14.3] Ramp_Merge_2 CAR_FOLLOW: sid=105 edge=34126779 lane=0 leader_edge= leader_lane=None leader_role_hint=main self_merge_completed=False self_merge_completed_age=-1.0 self_merge_committed=True lane_cmd_state=WAIT_EDGE lane_cmd_edge=34126779 lane_cmd_target=1 lane_cmd_executable=False same_lane=False reason=merge_conflict_eta gap=0.1 follow_spd=5.01 emergency=False target_before=6.13002706472512 target_after=5.70002706472512 target_after_raw=5.01
obu-merge-car-1        | [14.4] Merge_Car MCM_RX_ACCEPT: from=105 manoeuvre=4 target=107
obu-merge-car-1        | [14.5] Merge_Car FINAL_GUARD: REJECTED slot-boundary ETA sid=103
obu-merge-car-1        | [14.5] Merge_Car MERGE_COMMIT_SAFETY_HOLD: lgok=False hgok=True fgok=False edge=34126779 lane=0 target_lane=1 speed=5.53 lane_cmd_state=WAIT_EDGE lane_cmd_executable=False lane_cmd_edge=34126779 lane_cmd_lane_count=1
obu-main-mid-right-1   | [14.5] Main_Mid_Right role=cruise state=CRUISE->CRUISE speed=7.49 target=7.50 neighbors=11
obu-main-back-left-1   | HOST_RESERVATION_HOLD: host=Main_Back_Left ramp=107 manoeuvre=4 remaining=0.9 own_speed=7.56 target_speed=7.56 ramp_fsm=NEGOTIATING ramp_lane_cmd_state=WAIT_EDGE ramp_edge=34126779 ramp_lane=0 ramp_merge_completed=False ramp_merge_committed=True
obu-main-back-left-1   | [14.5] Main_Back_Left HOST_HOLD_YIELD: for merge=107 spd=7.56
obu-lead-car-1         | [14.5] Lead_Car role=cruise state=CRUISE->CRUISE speed=7.51 target=7.50 neighbors=11
obu-main-back-right-1  | HOST_RESERVATION_EXTEND_UNTIL_CLEAR: host=Main_Back_Right ramp=108 manoeuvre=35 new_remaining=4.0 ramp_lcs=WAIT_EDGE ramp_edge=34126779
obu-main-back-right-1  | HOST_RESERVATION_HOLD: host=Main_Back_Right ramp=108 manoeuvre=35 remaining=4.0 own_speed=6.77 target_speed=6.41 ramp_fsm=NEGOTIATING ramp_lane_cmd_state=WAIT_EDGE ramp_edge=34126779 ramp_lane=0 ramp_merge_completed=False ramp_merge_committed=True
obu-main-back-right-1  | [14.5] Main_Back_Right HOST_HOLD_YIELD: for merge=108 spd=6.41
obu-main-back-right-1  | HOST_REQUEST_DECISION: host=Main_Back_Right ramp=110 manoeuvre=96 decision=REJECT reason=BUSY ramp_eta=12.34 host_eta=12.70 required_speed=5.05 current_speed=6.77 active_request_ramp=108 active_request_remaining=4.0 ramp_remote_edge=34126779 ramp_remote_lane=0 ramp_remote_fsm=CRUISE
obu-main-back-right-1  | [14.5] Main_Back_Right MCM_TX_REJECT: manoeuvre=96 target=110
obu-main-back-right-1  | [14.5] Main_Back_Right MCM_TX_ACCEPT: manoeuvre=35 target=108
obu-ramp-merge-4-1     | [14.5] Ramp_Merge_4 FINAL_GUARD: REJECTED slot-boundary ETA sid=106
obu-ramp-merge-4-1     | [14.5] Ramp_Merge_4 MERGE_DECISION: auth=False phys=False fgok=False lgok=False hgok=True cok=True esok=True cready=False dtm=84.8 past=False committed=False hid=None ra=None lclear=False hyok=True
obu-ramp-merge-4-1     | [14.5] Ramp_Merge_4 role=merge state=CRUISE->CRUISE speed=6.93 target=6.68 neighbors=11
obu-ramp-merge-3-1     | [14.5] Ramp_Merge_3 role=merge state=NEGOTIATING->NEGOTIATING speed=6.44 target=6.62 neighbors=11
obu-ramp-merge-2-1     | [14.5] Ramp_Merge_2 CAR_FOLLOW: sid=105 edge=34126779 lane=0 leader_edge= leader_lane=None leader_role_hint=main self_merge_completed=False self_merge_completed_age=-1.0 self_merge_committed=True lane_cmd_state=WAIT_EDGE lane_cmd_edge=34126779 lane_cmd_target=1 lane_cmd_executable=False same_lane=False reason=merge_conflict_eta gap=0.0 follow_spd=4.94 emergency=False target_before=6.107862684999621 target_after=5.677862684999622 target_after_raw=4.94
obu-ramp-merge-2-1     | [14.5] Ramp_Merge_2 role=merge state=NEGOTIATING->NEGOTIATING speed=5.93 target=5.68 neighbors=11
obu-ramp-merge-2-1     | [14.5] Ramp_Merge_2 MCM_RX_ACCEPT: from=106 manoeuvre=35 target=108
obu-ramp-back-1        | [14.5] Ramp_Back role=merge state=YIELDING->YIELDING speed=5.41 target=5.16 neighbors=11
obu-ramp-merge-4-1     | [14.5] Ramp_Merge_4 MCM_RX_REJECT: from=106 manoeuvre=96 target=110
obu-ramp-merge-2-1     | [14.7] Ramp_Merge_2 CAR_FOLLOW: sid=105 edge=34126779 lane=0 leader_edge= leader_lane=None leader_role_hint=main self_merge_completed=False self_merge_completed_age=-1.0 self_merge_committed=True lane_cmd_state=WAIT_EDGE lane_cmd_edge=34126779 lane_cmd_target=1 lane_cmd_executable=False same_lane=False reason=merge_conflict_eta gap=0.1 follow_spd=4.93 emergency=False target_before=6.084540493036582 target_after=5.654540493036582 target_after_raw=4.93
obu-main-back-right-1  | HOST_RESERVATION_EXTEND_UNTIL_CLEAR: host=Main_Back_Right ramp=108 manoeuvre=35 new_remaining=4.0 ramp_lcs=WAIT_EDGE ramp_edge=34126779
obu-main-back-right-1  | HOST_RESERVATION_HOLD: host=Main_Back_Right ramp=108 manoeuvre=35 remaining=4.0 own_speed=6.73 target_speed=6.41 ramp_fsm=NEGOTIATING ramp_lane_cmd_state=WAIT_EDGE ramp_edge=34126779 ramp_lane=0 ramp_merge_completed=False ramp_merge_committed=True
obu-main-back-right-1  | [14.7] Main_Back_Right HOST_HOLD_YIELD: for merge=108 spd=6.41
obu-host-car-1         | [14.7] Host_Car role=host state=CRUISE->CRUISE speed=7.45 target=7.50 neighbors=11
obu-main-back-right-1  | HOST_REQUEST_DECISION: host=Main_Back_Right ramp=110 manoeuvre=96 decision=IGNORE reason=BUSY_PERIOD ramp_eta=12.26 host_eta=12.57 required_speed=4.99 current_speed=6.73 active_request_ramp=108 active_request_remaining=4.0 ramp_remote_edge=34126779 ramp_remote_lane=0 ramp_remote_fsm=CRUISE
obu-main-back-right-1  | [14.7] Main_Back_Right role=host state=YIELDING->YIELDING speed=6.73 target=6.41 neighbors=11
obu-merge-car-1        | [14.7] Merge_Car FINAL_GUARD: REJECTED slot-boundary ETA sid=103
obu-merge-car-1        | [14.7] Merge_Car MERGE_COMMIT_SAFETY_HOLD: lgok=False hgok=True fgok=False edge=34126779 lane=0 target_lane=1 speed=5.21 lane_cmd_state=WAIT_EDGE lane_cmd_executable=False lane_cmd_edge=34126779 lane_cmd_lane_count=1
obu-main-back-left-1   | HOST_RESERVATION_HOLD: host=Main_Back_Left ramp=107 manoeuvre=4 remaining=0.7 own_speed=7.56 target_speed=7.56 ramp_fsm=NEGOTIATING ramp_lane_cmd_state=WAIT_EDGE ramp_edge=34126779 ramp_lane=0 ramp_merge_completed=False ramp_merge_committed=True
obu-main-back-left-1   | [14.7] Main_Back_Left HOST_HOLD_YIELD: for merge=107 spd=7.56
obu-main-back-left-1   | [14.7] Main_Back_Left MCM_TX_ACCEPT: manoeuvre=4 target=107
obu-ramp-merge-4-1     | [14.7] Ramp_Merge_4 FINAL_GUARD: REJECTED slot-boundary ETA sid=106
obu-ramp-merge-4-1     | [14.7] Ramp_Merge_4 MERGE_DECISION: auth=False phys=False fgok=False lgok=False hgok=True cok=True esok=True cready=False dtm=83.9 past=False committed=False hid=None ra=None lclear=False hyok=True
obu-main-back-right-1  | HOST_RESERVATION_EXTEND_UNTIL_CLEAR: host=Main_Back_Right ramp=108 manoeuvre=35 new_remaining=4.0 ramp_lcs=WAIT_EDGE ramp_edge=34126779
obu-main-back-right-1  | HOST_RESERVATION_HOLD: host=Main_Back_Right ramp=108 manoeuvre=35 remaining=4.0 own_speed=6.72 target_speed=6.41 ramp_fsm=NEGOTIATING ramp_lane_cmd_state=WAIT_EDGE ramp_edge=34126779 ramp_lane=0 ramp_merge_completed=False ramp_merge_committed=True
obu-main-back-right-1  | [14.8] Main_Back_Right HOST_HOLD_YIELD: for merge=108 spd=6.41
obu-main-back-right-1  | HOST_REQUEST_DECISION: host=Main_Back_Right ramp=110 manoeuvre=96 decision=REJECT reason=BUSY ramp_eta=12.26 host_eta=12.50 required_speed=4.95 current_speed=6.72 active_request_ramp=108 active_request_remaining=4.0 ramp_remote_edge=34126779 ramp_remote_lane=0 ramp_remote_fsm=CRUISE
obu-main-back-right-1  | [14.8] Main_Back_Right MCM_TX_REJECT: manoeuvre=96 target=110
obu-main-back-right-1  | [14.8] Main_Back_Right MCM_TX_ACCEPT: manoeuvre=35 target=108
obu-ramp-merge-4-1     | [14.8] Ramp_Merge_4 FINAL_GUARD: REJECTED slot-boundary ETA sid=106
obu-ramp-merge-4-1     | [14.8] Ramp_Merge_4 MERGE_DECISION: auth=False phys=False fgok=False lgok=False hgok=True cok=True esok=True cready=False dtm=83.4 past=False committed=False hid=None ra=None lclear=False hyok=True
obu-ramp-merge-2-1     | [14.8] Ramp_Merge_2 MERGE_PREPARE_WAIT_LANE_AVAILABLE: edge=34126779 lane=0 target_lane=1 lane_count=1 executable=False dtm=42.2 speed=5.89 host=106 lead=104
obu-ramp-merge-2-1     | [14.8] Ramp_Merge_2 CAR_FOLLOW: sid=105 edge=34126779 lane=0 leader_edge= leader_lane=None leader_role_hint=main self_merge_completed=False self_merge_completed_age=-1.0 self_merge_committed=True lane_cmd_state=WAIT_EDGE lane_cmd_edge=34126779 lane_cmd_target=1 lane_cmd_executable=False same_lane=False reason=merge_conflict_eta gap=0.2 follow_spd=4.98 emergency=False target_before=6.073206602634734 target_after=5.643206602634734 target_after_raw=4.98
obu-merge-car-1        | [14.8] Merge_Car MCM_RX_ACCEPT: from=105 manoeuvre=4 target=107
obu-merge-car-1        | [14.8] Merge_Car FINAL_GUARD: REJECTED slot-boundary ETA sid=103
obu-merge-car-1        | [14.8] Merge_Car MERGE_COMMIT_SAFETY_HOLD: lgok=False hgok=True fgok=False edge=34126779 lane=0 target_lane=1 speed=5.06 lane_cmd_state=WAIT_EDGE lane_cmd_executable=False lane_cmd_edge=34126779 lane_cmd_lane_count=1
obu-main-back-left-1   | HOST_RESERVATION_HOLD: host=Main_Back_Left ramp=107 manoeuvre=4 remaining=0.6 own_speed=7.56 target_speed=7.56 ramp_fsm=NEGOTIATING ramp_lane_cmd_state=WAIT_EDGE ramp_edge=34126779 ramp_lane=0 ramp_merge_completed=False ramp_merge_committed=True
obu-main-back-left-1   | [14.8] Main_Back_Left HOST_HOLD_YIELD: for merge=107 spd=7.56
obu-main-back-left-1   | [14.8] Main_Back_Left role=host state=YIELDING->YIELDING speed=7.56 target=7.56 neighbors=11
obu-ramp-merge-2-1     | [14.9] Ramp_Merge_2 MCM_RX_ACCEPT: from=106 manoeuvre=35 target=108
obu-ramp-merge-2-1     | [15.0] Ramp_Merge_2 CAR_FOLLOW: sid=105 edge=34126779 lane=0 leader_edge= leader_lane=None leader_role_hint=main self_merge_completed=False self_merge_completed_age=-1.0 self_merge_committed=True lane_cmd_state=WAIT_EDGE lane_cmd_edge=34126779 lane_cmd_target=1 lane_cmd_executable=False same_lane=False reason=merge_conflict_eta gap=0.1 follow_spd=4.91 emergency=False target_before=6.0493699624288215 target_after=5.619369962428822 target_after_raw=4.91
obu-ramp-merge-4-1     | [14.9] Ramp_Merge_4 MCM_RX_REJECT: from=106 manoeuvre=96 target=110
obu-merge-car-1        | [15.0] Merge_Car FINAL_GUARD: REJECTED slot-boundary ETA sid=103
obu-merge-car-1        | [15.0] Merge_Car MERGE_COMMIT_SAFETY_HOLD: lgok=False hgok=True fgok=False edge=34126779 lane=0 target_lane=1 speed=4.78 lane_cmd_state=WAIT_EDGE lane_cmd_executable=False lane_cmd_edge=34126779 lane_cmd_lane_count=1
obu-main-back-right-1  | HOST_RESERVATION_EXTEND_UNTIL_CLEAR: host=Main_Back_Right ramp=108 manoeuvre=35 new_remaining=4.0 ramp_lcs=WAIT_EDGE ramp_edge=34126779
obu-main-back-right-1  | HOST_RESERVATION_HOLD: host=Main_Back_Right ramp=108 manoeuvre=35 remaining=4.0 own_speed=6.69 target_speed=6.41 ramp_fsm=NEGOTIATING ramp_lane_cmd_state=WAIT_EDGE ramp_edge=34126779 ramp_lane=0 ramp_merge_completed=False ramp_merge_committed=True
obu-main-back-right-1  | [15.0] Main_Back_Right HOST_HOLD_YIELD: for merge=108 spd=6.41
obu-main-back-left-1   | HOST_RESERVATION_HOLD: host=Main_Back_Left ramp=107 manoeuvre=4 remaining=0.4 own_speed=7.56 target_speed=7.56 ramp_fsm=NEGOTIATING ramp_lane_cmd_state=WAIT_EDGE ramp_edge=34126779 ramp_lane=0 ramp_merge_completed=False ramp_merge_committed=True
obu-main-back-left-1   | [15.0] Main_Back_Left HOST_HOLD_YIELD: for merge=107 spd=7.56
obu-main-back-left-1   | [15.0] Main_Back_Left MCM_TX_ACCEPT: manoeuvre=4 target=107
obu-ramp-merge-4-1     | [15.0] Ramp_Merge_4 FINAL_GUARD: REJECTED slot-boundary ETA sid=106
obu-ramp-merge-4-1     | [15.0] Ramp_Merge_4 MERGE_DECISION: auth=False phys=False fgok=False lgok=False hgok=True cok=True esok=True cready=False dtm=82.5 past=False committed=False hid=None ra=None lclear=False hyok=True
obu-main-front-left-1  | [15.1] Main_Front_Left role=cruise state=CRUISE->CRUISE speed=7.52 target=7.50 neighbors=11
obu-merge-car-1        | [15.0] Merge_Car MCM_RX_ACCEPT: from=105 manoeuvre=4 target=107
obu-ramp-merge-4-1     | [15.2] Ramp_Merge_4 FINAL_GUARD: REJECTED slot-boundary ETA sid=106
obu-ramp-merge-4-1     | [15.2] Ramp_Merge_4 MERGE_DECISION: auth=False phys=False fgok=False lgok=False hgok=True cok=True esok=True cready=False dtm=81.6 past=False committed=False hid=None ra=None lclear=True hyok=True
obu-ramp-merge-2-1     | [15.2] Ramp_Merge_2 CAR_FOLLOW: sid=105 edge=34126779 lane=0 leader_edge= leader_lane=None leader_role_hint=main self_merge_completed=False self_merge_completed_age=-1.0 self_merge_committed=True lane_cmd_state=WAIT_EDGE lane_cmd_edge=34126779 lane_cmd_target=1 lane_cmd_executable=False same_lane=False reason=merge_conflict_eta gap=0.2 follow_spd=4.89 emergency=False target_before=6.026127202838603 target_after=5.596127202838603 target_after_raw=4.89
obu-main-back-right-1  | HOST_RESERVATION_EXTEND_UNTIL_CLEAR: host=Main_Back_Right ramp=108 manoeuvre=35 new_remaining=4.0 ramp_lcs=WAIT_EDGE ramp_edge=34126779
obu-main-back-right-1  | HOST_RESERVATION_HOLD: host=Main_Back_Right ramp=108 manoeuvre=35 remaining=4.0 own_speed=6.66 target_speed=6.41 ramp_fsm=NEGOTIATING ramp_lane_cmd_state=WAIT_EDGE ramp_edge=34126779 ramp_lane=0 ramp_merge_completed=False ramp_merge_committed=True
obu-main-back-right-1  | [15.2] Main_Back_Right HOST_HOLD_YIELD: for merge=108 spd=6.41
obu-main-back-right-1  | [15.2] Main_Back_Right MCM_TX_ACCEPT: manoeuvre=35 target=108
obu-ramp-merge-3-1     | [15.2] Ramp_Merge_3 MERGE_PREPARE_WAIT_LANE_AVAILABLE: edge=34126779 lane=0 target_lane=1 lane_count=1 executable=False dtm=62.4 speed=6.50 host=106 lead=105
obu-main-back-left-1   | HOST_RESERVATION_HOLD: host=Main_Back_Left ramp=107 manoeuvre=4 remaining=0.2 own_speed=7.56 target_speed=7.56 ramp_fsm=NEGOTIATING ramp_lane_cmd_state=WAIT_EDGE ramp_edge=34126779 ramp_lane=0 ramp_merge_completed=False ramp_merge_committed=True
obu-main-back-left-1   | [15.2] Main_Back_Left HOST_HOLD_YIELD: for merge=107 spd=7.56
obu-main-back-left-1   | HOST_RESERVATION_HOLD: host=Main_Back_Left ramp=107 manoeuvre=4 remaining=0.1 own_speed=7.56 target_speed=7.56 ramp_fsm=NEGOTIATING ramp_lane_cmd_state=WAIT_EDGE ramp_edge=34126779 ramp_lane=0 ramp_merge_completed=False ramp_merge_committed=True
obu-main-back-left-1   | [15.3] Main_Back_Left HOST_HOLD_YIELD: for merge=107 spd=7.56
obu-main-back-left-1   | [15.3] Main_Back_Left MCM_TX_ACCEPT: manoeuvre=4 target=107
obu-ramp-merge-4-1     | MERGE_SLOT_SKIP_BUSY_HOST: skipped_host=106 busy_for=108 remaining=4.0 next_host=None lead=105 own_eta=11.87
obu-merge-car-1        | [15.2] Merge_Car FINAL_GUARD: REJECTED slot-boundary ETA sid=103
obu-merge-car-1        | [15.2] Merge_Car MERGE_COMMIT_SAFETY_HOLD: lgok=False hgok=True fgok=False edge=34126779 lane=0 target_lane=1 speed=4.54 lane_cmd_state=WAIT_EDGE lane_cmd_executable=False lane_cmd_edge=34126779 lane_cmd_lane_count=1
obu-ramp-merge-2-1     | [15.3] Ramp_Merge_2 CAR_FOLLOW: sid=105 edge=34126779 lane=0 leader_edge= leader_lane=None leader_role_hint=main self_merge_completed=False self_merge_completed_age=-1.0 self_merge_committed=True lane_cmd_state=WAIT_EDGE lane_cmd_edge=34126779 lane_cmd_target=1 lane_cmd_executable=False same_lane=False reason=merge_conflict_eta gap=0.1 follow_spd=4.82 emergency=False target_before=6.014789340818114 target_after=5.584789340818114 target_after_raw=4.82
obu-main-back-right-1  | HOST_RESERVATION_EXTEND_UNTIL_CLEAR: host=Main_Back_Right ramp=108 manoeuvre=35 new_remaining=4.0 ramp_lcs=WAIT_EDGE ramp_edge=34126779
obu-main-back-right-1  | HOST_RESERVATION_HOLD: host=Main_Back_Right ramp=108 manoeuvre=35 remaining=4.0 own_speed=6.65 target_speed=6.41 ramp_fsm=NEGOTIATING ramp_lane_cmd_state=WAIT_EDGE ramp_edge=34126779 ramp_lane=0 ramp_merge_completed=False ramp_merge_committed=True
obu-main-back-right-1  | [15.3] Main_Back_Right HOST_HOLD_YIELD: for merge=108 spd=6.41
obu-ramp-merge-4-1     | [15.3] Ramp_Merge_4 FINAL_GUARD: REJECTED slot-boundary ETA sid=106
obu-ramp-merge-4-1     | [15.3] Ramp_Merge_4 MERGE_DECISION: auth=False phys=False fgok=False lgok=False hgok=True cok=True esok=True cready=False dtm=81.2 past=False committed=False hid=None ra=None lclear=True hyok=True
obu-ramp-merge-5-1     | [15.3] Ramp_Merge_5 role=merge state=CRUISE->CRUISE speed=6.72 target=6.75 neighbors=11
obu-merge-car-1        | [15.3] Merge_Car MERGE_PREPARE_WAIT_LANE_AVAILABLE: edge=34126779 lane=0 target_lane=1 lane_count=1 executable=False dtm=5.1 speed=4.42 host=105 lead=103
obu-merge-car-1        | [15.3] Merge_Car MERGE_PREPARE_WAIT_LANE_AVAILABLE: edge=:390064918_0 lane=0 target_lane=1 lane_count=1 executable=False dtm=5.1 speed=4.42 host=105 lead=103
obu-merge-car-1        | [15.3] Merge_Car MERGE_LANE_WAIT_EDGE_CONFIRMED: edge=:390064918_0 lane=0 target_lane=1 lane_count=1 executable=False
obu-merge-car-1        | [15.3] Merge_Car MERGE_COMMIT_SAFETY_HOLD: lgok=False hgok=True fgok=True edge=:390064918_0 lane=0 target_lane=1 speed=4.42 lane_cmd_state=WAIT_EDGE lane_cmd_executable=False lane_cmd_edge=:390064918_0 lane_cmd_lane_count=1
obu-merge-car-1        | [15.3] Merge_Car role=merge state=NEGOTIATING->NEGOTIATING speed=4.42 target=2.25 neighbors=11
obu-ramp-merge-2-1     | [15.3] Ramp_Merge_2 MCM_RX_ACCEPT: from=106 manoeuvre=35 target=108
traci-bridge-1         | LANE_CMD_STATE veh=Merge_Car edge=34126779 lane=0 target=1 lane_count=1 recently=False speed=6.49
traci-bridge-1         | LANE_CMD_WAIT_EDGE veh=Merge_Car edge=34126779 lane=0 target=1 lane_count=1
traci-bridge-1         | LANE_CMD_STATE veh=Ramp_Merge_2 edge=34126779 lane=0 target=1 lane_count=1 recently=False speed=6.00
traci-bridge-1         | LANE_CMD_WAIT_EDGE veh=Ramp_Merge_2 edge=34126779 lane=0 target=1 lane_count=1
traci-bridge-1         | LANE_CMD_STATE veh=Merge_Car edge=34126779 lane=0 target=1 lane_count=1 recently=False speed=6.48
traci-bridge-1         | LANE_CMD_WAIT_EDGE veh=Merge_Car edge=34126779 lane=0 target=1 lane_count=1
traci-bridge-1         | LANE_CMD_STATE veh=Ramp_Merge_2 edge=34126779 lane=0 target=1 lane_count=1 recently=False speed=5.98
traci-bridge-1         | LANE_CMD_WAIT_EDGE veh=Ramp_Merge_2 edge=34126779 lane=0 target=1 lane_count=1
traci-bridge-1         | LANE_CMD_STATE veh=Ramp_Merge_3 edge=34126779 lane=0 target=1 lane_count=1 recently=False speed=6.40
traci-bridge-1         | LANE_CMD_WAIT_EDGE veh=Ramp_Merge_3 edge=34126779 lane=0 target=1 lane_count=1
traci-bridge-1         | LANE_CMD_STATE veh=Merge_Car edge=34126779 lane=0 target=1 lane_count=1 recently=False speed=6.27
traci-bridge-1         | LANE_CMD_WAIT_EDGE veh=Merge_Car edge=34126779 lane=0 target=1 lane_count=1
traci-bridge-1         | LANE_CMD_STATE veh=Ramp_Merge_2 edge=34126779 lane=0 target=1 lane_count=1 recently=False speed=5.97
traci-bridge-1         | LANE_CMD_WAIT_EDGE veh=Ramp_Merge_2 edge=34126779 lane=0 target=1 lane_count=1
traci-bridge-1         | LANE_CMD_STATE veh=Ramp_Merge_3 edge=34126779 lane=0 target=1 lane_count=1 recently=False speed=6.41
traci-bridge-1         | LANE_CMD_WAIT_EDGE veh=Ramp_Merge_3 edge=34126779 lane=0 target=1 lane_count=1
traci-bridge-1         | LANE_CMD_STATE veh=Merge_Car edge=34126779 lane=0 target=1 lane_count=1 recently=False speed=6.07
traci-bridge-1         | LANE_CMD_WAIT_EDGE veh=Merge_Car edge=34126779 lane=0 target=1 lane_count=1
traci-bridge-1         | LANE_CMD_STATE veh=Ramp_Merge_2 edge=34126779 lane=0 target=1 lane_count=1 recently=False speed=5.96
traci-bridge-1         | LANE_CMD_WAIT_EDGE veh=Ramp_Merge_2 edge=34126779 lane=0 target=1 lane_count=1
traci-bridge-1         | LANE_CMD_STATE veh=Ramp_Merge_3 edge=34126779 lane=0 target=1 lane_count=1 recently=False speed=6.42
traci-bridge-1         | LANE_CMD_WAIT_EDGE veh=Ramp_Merge_3 edge=34126779 lane=0 target=1 lane_count=1
traci-bridge-1         | LANE_CMD_STATE veh=Merge_Car edge=34126779 lane=0 target=1 lane_count=1 recently=False speed=5.88
traci-bridge-1         | LANE_CMD_WAIT_EDGE veh=Merge_Car edge=34126779 lane=0 target=1 lane_count=1
traci-bridge-1         | LANE_CMD_STATE veh=Ramp_Merge_2 edge=34126779 lane=0 target=1 lane_count=1 recently=False speed=5.95
traci-bridge-1         | LANE_CMD_WAIT_EDGE veh=Ramp_Merge_2 edge=34126779 lane=0 target=1 lane_count=1
traci-bridge-1         | LANE_CMD_STATE veh=Ramp_Merge_3 edge=34126779 lane=0 target=1 lane_count=1 recently=False speed=6.43
traci-bridge-1         | LANE_CMD_WAIT_EDGE veh=Ramp_Merge_3 edge=34126779 lane=0 target=1 lane_count=1
traci-bridge-1         | LANE_CMD_STATE veh=Merge_Car edge=34126779 lane=0 target=1 lane_count=1 recently=False speed=5.70
traci-bridge-1         | LANE_CMD_WAIT_EDGE veh=Merge_Car edge=34126779 lane=0 target=1 lane_count=1
traci-bridge-1         | LANE_CMD_STATE veh=Ramp_Merge_2 edge=34126779 lane=0 target=1 lane_count=1 recently=False speed=5.94
traci-bridge-1         | LANE_CMD_WAIT_EDGE veh=Ramp_Merge_2 edge=34126779 lane=0 target=1 lane_count=1
traci-bridge-1         | LANE_CMD_STATE veh=Ramp_Merge_3 edge=34126779 lane=0 target=1 lane_count=1 recently=False speed=6.44
traci-bridge-1         | LANE_CMD_WAIT_EDGE veh=Ramp_Merge_3 edge=34126779 lane=0 target=1 lane_count=1
traci-bridge-1         | LANE_CMD_STATE veh=Merge_Car edge=34126779 lane=0 target=1 lane_count=1 recently=False speed=5.53
traci-bridge-1         | LANE_CMD_WAIT_EDGE veh=Merge_Car edge=34126779 lane=0 target=1 lane_count=1
traci-bridge-1         | LANE_CMD_STATE veh=Ramp_Merge_2 edge=34126779 lane=0 target=1 lane_count=1 recently=False speed=5.93
traci-bridge-1         | LANE_CMD_WAIT_EDGE veh=Ramp_Merge_2 edge=34126779 lane=0 target=1 lane_count=1
traci-bridge-1         | LANE_CMD_STATE veh=Ramp_Merge_3 edge=34126779 lane=0 target=1 lane_count=1 recently=False speed=6.44
traci-bridge-1         | LANE_CMD_WAIT_EDGE veh=Ramp_Merge_3 edge=34126779 lane=0 target=1 lane_count=1
traci-bridge-1         | LANE_CMD_STATE veh=Merge_Car edge=34126779 lane=0 target=1 lane_count=1 recently=False speed=5.36
traci-bridge-1         | LANE_CMD_WAIT_EDGE veh=Merge_Car edge=34126779 lane=0 target=1 lane_count=1
traci-bridge-1         | LANE_CMD_STATE veh=Ramp_Merge_2 edge=34126779 lane=0 target=1 lane_count=1 recently=False speed=5.92
traci-bridge-1         | LANE_CMD_WAIT_EDGE veh=Ramp_Merge_2 edge=34126779 lane=0 target=1 lane_count=1
traci-bridge-1         | LANE_CMD_STATE veh=Ramp_Merge_3 edge=34126779 lane=0 target=1 lane_count=1 recently=False speed=6.45
traci-bridge-1         | LANE_CMD_WAIT_EDGE veh=Ramp_Merge_3 edge=34126779 lane=0 target=1 lane_count=1
traci-bridge-1         | LANE_CMD_STATE veh=Merge_Car edge=34126779 lane=0 target=1 lane_count=1 recently=False speed=5.21
traci-bridge-1         | LANE_CMD_WAIT_EDGE veh=Merge_Car edge=34126779 lane=0 target=1 lane_count=1
traci-bridge-1         | LANE_CMD_STATE veh=Ramp_Merge_2 edge=34126779 lane=0 target=1 lane_count=1 recently=False speed=5.90
traci-bridge-1         | LANE_CMD_WAIT_EDGE veh=Ramp_Merge_2 edge=34126779 lane=0 target=1 lane_count=1
traci-bridge-1         | LANE_CMD_STATE veh=Ramp_Merge_3 edge=34126779 lane=0 target=1 lane_count=1 recently=False speed=6.46
traci-bridge-1         | LANE_CMD_WAIT_EDGE veh=Ramp_Merge_3 edge=34126779 lane=0 target=1 lane_count=1
traci-bridge-1         | LANE_CMD_STATE veh=Merge_Car edge=34126779 lane=0 target=1 lane_count=1 recently=False speed=5.06
traci-bridge-1         | LANE_CMD_WAIT_EDGE veh=Merge_Car edge=34126779 lane=0 target=1 lane_count=1
traci-bridge-1         | LANE_CMD_STATE veh=Ramp_Merge_2 edge=34126779 lane=0 target=1 lane_count=1 recently=False speed=5.89
traci-bridge-1         | LANE_CMD_WAIT_EDGE veh=Ramp_Merge_2 edge=34126779 lane=0 target=1 lane_count=1
traci-bridge-1         | LANE_CMD_STATE veh=Ramp_Merge_3 edge=34126779 lane=0 target=1 lane_count=1 recently=False speed=6.47
traci-bridge-1         | LANE_CMD_WAIT_EDGE veh=Ramp_Merge_3 edge=34126779 lane=0 target=1 lane_count=1
traci-bridge-1         | LANE_CMD_STATE veh=Merge_Car edge=34126779 lane=0 target=1 lane_count=1 recently=False speed=4.92
traci-bridge-1         | LANE_CMD_WAIT_EDGE veh=Merge_Car edge=34126779 lane=0 target=1 lane_count=1
traci-bridge-1         | LANE_CMD_STATE veh=Ramp_Merge_2 edge=34126779 lane=0 target=1 lane_count=1 recently=False speed=5.88
traci-bridge-1         | LANE_CMD_WAIT_EDGE veh=Ramp_Merge_2 edge=34126779 lane=0 target=1 lane_count=1
traci-bridge-1         | LANE_CMD_STATE veh=Ramp_Merge_3 edge=34126779 lane=0 target=1 lane_count=1 recently=False speed=6.48
traci-bridge-1         | LANE_CMD_WAIT_EDGE veh=Ramp_Merge_3 edge=34126779 lane=0 target=1 lane_count=1
traci-bridge-1         | LANE_CMD_STATE veh=Merge_Car edge=34126779 lane=0 target=1 lane_count=1 recently=False speed=4.78
traci-bridge-1         | LANE_CMD_WAIT_EDGE veh=Merge_Car edge=34126779 lane=0 target=1 lane_count=1
traci-bridge-1         | LANE_CMD_STATE veh=Ramp_Merge_2 edge=34126779 lane=0 target=1 lane_count=1 recently=False speed=5.87
traci-bridge-1         | LANE_CMD_WAIT_EDGE veh=Ramp_Merge_2 edge=34126779 lane=0 target=1 lane_count=1
traci-bridge-1         | LANE_CMD_STATE veh=Ramp_Merge_3 edge=34126779 lane=0 target=1 lane_count=1 recently=False speed=6.49
traci-bridge-1         | LANE_CMD_WAIT_EDGE veh=Ramp_Merge_3 edge=34126779 lane=0 target=1 lane_count=1
traci-bridge-1         | LANE_CMD_STATE veh=Merge_Car edge=34126779 lane=0 target=1 lane_count=1 recently=False speed=4.66
traci-bridge-1         | LANE_CMD_WAIT_EDGE veh=Merge_Car edge=34126779 lane=0 target=1 lane_count=1
traci-bridge-1         | LANE_CMD_STATE veh=Ramp_Merge_2 edge=34126779 lane=0 target=1 lane_count=1 recently=False speed=5.86
traci-bridge-1         | LANE_CMD_WAIT_EDGE veh=Ramp_Merge_2 edge=34126779 lane=0 target=1 lane_count=1
traci-bridge-1         | LANE_CMD_STATE veh=Ramp_Merge_3 edge=34126779 lane=0 target=1 lane_count=1 recently=False speed=6.49
traci-bridge-1         | LANE_CMD_WAIT_EDGE veh=Ramp_Merge_3 edge=34126779 lane=0 target=1 lane_count=1
traci-bridge-1         | LANE_CMD_STATE veh=Merge_Car edge=34126779 lane=0 target=1 lane_count=1 recently=False speed=4.54
traci-bridge-1         | LANE_CMD_WAIT_EDGE veh=Merge_Car edge=34126779 lane=0 target=1 lane_count=1
traci-bridge-1         | LANE_CMD_STATE veh=Ramp_Merge_2 edge=34126779 lane=0 target=1 lane_count=1 recently=False speed=5.85
traci-bridge-1         | LANE_CMD_WAIT_EDGE veh=Ramp_Merge_2 edge=34126779 lane=0 target=1 lane_count=1
traci-bridge-1         | LANE_CMD_STATE veh=Ramp_Merge_3 edge=34126779 lane=0 target=1 lane_count=1 recently=False speed=6.50
traci-bridge-1         | LANE_CMD_WAIT_EDGE veh=Ramp_Merge_3 edge=34126779 lane=0 target=1 lane_count=1
traci-bridge-1         | LANE_CMD_STATE veh=Merge_Car edge=:390064918_0 lane=0 target=1 lane_count=1 recently=False speed=4.42
traci-bridge-1         | LANE_CMD_WAIT_EDGE veh=Merge_Car edge=:390064918_0 lane=0 target=1 lane_count=1
traci-bridge-1         | LANE_CMD_STATE veh=Ramp_Merge_2 edge=34126779 lane=0 target=1 lane_count=1 recently=False speed=5.83
traci-bridge-1         | LANE_CMD_WAIT_EDGE veh=Ramp_Merge_2 edge=34126779 lane=0 target=1 lane_count=1
traci-bridge-1         | LANE_CMD_STATE veh=Ramp_Merge_3 edge=34126779 lane=0 target=1 lane_count=1 recently=False speed=6.51
traci-bridge-1         | LANE_CMD_WAIT_EDGE veh=Ramp_Merge_3 edge=34126779 lane=0 target=1 lane_count=1
traci-bridge-1         | LANE_CMD_STATE veh=Merge_Car edge=:390064918_0 lane=0 target=1 lane_count=1 recently=False speed=4.31
traci-bridge-1         | LANE_CMD_WAIT_EDGE veh=Merge_Car edge=:390064918_0 lane=0 target=1 lane_count=1
traci-bridge-1         | LANE_CMD_STATE veh=Ramp_Merge_2 edge=34126779 lane=0 target=1 lane_count=1 recently=False speed=5.82
obu-merge-car-1        | [15.3] Merge_Car MCM_RX_ACCEPT: from=105 manoeuvre=4 target=107
obu-lead-car-1         | [15.5] Lead_Car role=cruise state=CRUISE->CRUISE speed=7.50 target=7.50 neighbors=11
obu-ramp-back-1        | [15.5] Ramp_Back role=merge state=YIELDING->CRUISE speed=5.30 target=6.75 neighbors=11
obu-ramp-merge-2-1     | [15.5] Ramp_Merge_2 CAR_FOLLOW: sid=105 edge=34126779 lane=0 leader_edge= leader_lane=None leader_role_hint=main self_merge_completed=False self_merge_completed_age=-1.0 self_merge_committed=True lane_cmd_state=WAIT_EDGE lane_cmd_edge=34126779 lane_cmd_target=1 lane_cmd_executable=False same_lane=False reason=merge_conflict_eta gap=0.2 follow_spd=4.86 emergency=False target_before=5.990952889264086 target_after=5.560952889264087 target_after_raw=4.86
obu-ramp-merge-2-1     | [15.5] Ramp_Merge_2 role=merge state=NEGOTIATING->NEGOTIATING speed=5.81 target=5.56 neighbors=11
obu-ramp-merge-4-1     | [15.5] Ramp_Merge_4 FINAL_GUARD: REJECTED slot-boundary ETA sid=106
obu-ramp-merge-4-1     | [15.5] Ramp_Merge_4 MERGE_DECISION: auth=False phys=False fgok=False lgok=False hgok=True cok=True esok=True cready=False dtm=80.3 past=False committed=False hid=None ra=None lclear=True hyok=True
obu-ramp-merge-4-1     | [15.5] Ramp_Merge_4 role=merge state=CRUISE->CRUISE speed=6.81 target=6.56 neighbors=11
obu-main-back-right-1  | HOST_RESERVATION_EXTEND_UNTIL_CLEAR: host=Main_Back_Right ramp=108 manoeuvre=35 new_remaining=4.0 ramp_lcs=WAIT_EDGE ramp_edge=34126779
obu-main-back-right-1  | HOST_RESERVATION_HOLD: host=Main_Back_Right ramp=108 manoeuvre=35 remaining=4.0 own_speed=6.62 target_speed=6.41 ramp_fsm=NEGOTIATING ramp_lane_cmd_state=WAIT_EDGE ramp_edge=34126779 ramp_lane=0 ramp_merge_completed=False ramp_merge_committed=True
obu-main-back-right-1  | [15.5] Main_Back_Right HOST_HOLD_YIELD: for merge=108 spd=6.41
obu-main-back-right-1  | [15.5] Main_Back_Right MCM_TX_ACCEPT: manoeuvre=35 target=108
obu-ramp-merge-3-1     | [15.5] Ramp_Merge_3 role=merge state=NEGOTIATING->NEGOTIATING speed=6.53 target=6.71 neighbors=11
obu-main-mid-right-1   | [15.5] Main_Mid_Right role=cruise state=CRUISE->CRUISE speed=7.50 target=7.50 neighbors=11
obu-merge-car-1        | [15.5] Merge_Car MERGE_COMMIT_SAFETY_HOLD: lgok=False hgok=True fgok=True edge=:390064918_0 lane=0 target_lane=1 speed=4.21 lane_cmd_state=WAIT_EDGE lane_cmd_executable=False lane_cmd_edge=:390064918_0 lane_cmd_lane_count=1
obu-main-back-left-1   | HOST_RESERVATION_RELEASE_MAX_TIMEOUT: host=Main_Back_Left ramp=107 manoeuvre=4 duration=10.1 ramp_fsm=NEGOTIATING ramp_lcs=WAIT_EDGE ramp_edge=:390064918_0 ramp_merge_completed=False
obu-ramp-merge-2-1     | [15.6] Ramp_Merge_2 MCM_RX_ACCEPT: from=106 manoeuvre=35 target=108
obu-ramp-merge-2-1     | [15.7] Ramp_Merge_2 CAR_FOLLOW: sid=105 edge=34126779 lane=0 leader_edge= leader_lane=None leader_role_hint=main self_merge_completed=False self_merge_completed_age=-1.0 self_merge_committed=True lane_cmd_state=WAIT_EDGE lane_cmd_edge=34126779 lane_cmd_target=1 lane_cmd_executable=False same_lane=False reason=merge_conflict_eta gap=0.2 follow_spd=4.84 emergency=False target_before=5.968901943290604 target_after=5.538901943290604 target_after_raw=4.84
obu-merge-car-1        | [15.7] Merge_Car MERGE_COMMIT_SAFETY_HOLD: lgok=False hgok=True fgok=True edge=:390064918_0 lane=0 target_lane=1 speed=4.02 lane_cmd_state=WAIT_EDGE lane_cmd_executable=False lane_cmd_edge=:390064918_0 lane_cmd_lane_count=1
obu-ramp-merge-5-1     | [15.7] Ramp_Merge_5 MERGE_LCLEAR_BLOCK: sid=106 gap=1.1 neighbor_age=0.1 from_memory=False dtm=94.9
obu-ramp-merge-5-1     | [15.7] Ramp_Merge_5 MERGE_DECISION: auth=False phys=False fgok=True lgok=True hgok=True cok=True esok=True cready=False dtm=94.9 past=False committed=False hid=None ra=None lclear=False hyok=True
obu-ramp-merge-4-1     | [15.7] Ramp_Merge_4 FINAL_GUARD: REJECTED slot-boundary ETA sid=106
obu-ramp-merge-4-1     | [15.7] Ramp_Merge_4 MERGE_DECISION: auth=False phys=False fgok=False lgok=False hgok=True cok=True esok=True cready=False dtm=79.4 past=False committed=False hid=None ra=None lclear=True hyok=True
obu-main-back-right-1  | HOST_RESERVATION_EXTEND_UNTIL_CLEAR: host=Main_Back_Right ramp=108 manoeuvre=35 new_remaining=4.0 ramp_lcs=WAIT_EDGE ramp_edge=34126779
obu-main-back-right-1  | HOST_RESERVATION_HOLD: host=Main_Back_Right ramp=108 manoeuvre=35 remaining=4.0 own_speed=6.60 target_speed=6.41 ramp_fsm=NEGOTIATING ramp_lane_cmd_state=WAIT_EDGE ramp_edge=34126779 ramp_lane=0 ramp_merge_completed=False ramp_merge_committed=True
obu-main-back-right-1  | [15.7] Main_Back_Right HOST_HOLD_YIELD: for merge=108 spd=6.41
obu-main-back-right-1  | [15.7] Main_Back_Right role=host state=YIELDING->YIELDING speed=6.60 target=6.41 neighbors=11
obu-merge-car-1        | [15.8] Merge_Car MERGE_COMMIT_SAFETY_HOLD: lgok=False hgok=True fgok=True edge=:390064918_0 lane=0 target_lane=1 speed=3.93 lane_cmd_state=WAIT_EDGE lane_cmd_executable=False lane_cmd_edge=:390064918_0 lane_cmd_lane_count=1
obu-host-car-1         | [15.9] Host_Car role=host state=CRUISE->CRUISE speed=7.47 target=7.50 neighbors=11
obu-main-back-left-1   | [15.9] Main_Back_Left role=host state=CRUISE->CRUISE speed=7.55 target=7.50 neighbors=11
obu-ramp-merge-5-1     | [15.8] Ramp_Merge_5 MERGE_DECISION: auth=False phys=False fgok=True lgok=True hgok=True cok=True esok=True cready=False dtm=94.6 past=False committed=False hid=None ra=None lclear=False hyok=True
obu-ramp-merge-2-1     | [15.9] Ramp_Merge_2 MERGE_PREPARE_WAIT_LANE_AVAILABLE: edge=34126779 lane=0 target_lane=1 lane_count=1 executable=False dtm=36.0 speed=5.77 host=106 lead=104
obu-ramp-merge-2-1     | [15.9] Ramp_Merge_2 CAR_FOLLOW: sid=105 edge=34126779 lane=0 leader_edge= leader_lane=None leader_role_hint=main self_merge_completed=False self_merge_completed_age=-1.0 self_merge_committed=True lane_cmd_state=WAIT_EDGE lane_cmd_edge=34126779 lane_cmd_target=1 lane_cmd_executable=False same_lane=False reason=merge_conflict_eta gap=0.3 follow_spd=4.82 emergency=False target_before=5.945574363224344 target_after=5.515574363224344 target_after_raw=4.82
obu-ramp-merge-4-1     | [15.8] Ramp_Merge_4 FINAL_GUARD: REJECTED slot-boundary ETA sid=106
obu-ramp-merge-4-1     | [15.8] Ramp_Merge_4 MERGE_DECISION: auth=False phys=False fgok=False lgok=False hgok=True cok=True esok=True cready=False dtm=79.0 past=False committed=False hid=None ra=None lclear=True hyok=True
obu-main-back-right-1  | HOST_RESERVATION_EXTEND_UNTIL_CLEAR: host=Main_Back_Right ramp=108 manoeuvre=35 new_remaining=4.0 ramp_lcs=WAIT_EDGE ramp_edge=34126779
obu-main-back-right-1  | HOST_RESERVATION_HOLD: host=Main_Back_Right ramp=108 manoeuvre=35 remaining=4.0 own_speed=6.58 target_speed=6.41 ramp_fsm=NEGOTIATING ramp_lane_cmd_state=WAIT_EDGE ramp_edge=34126779 ramp_lane=0 ramp_merge_completed=False ramp_merge_committed=True
obu-main-back-right-1  | [15.9] Main_Back_Right HOST_HOLD_YIELD: for merge=108 spd=6.41
obu-main-back-right-1  | [15.9] Main_Back_Right MCM_TX_ACCEPT: manoeuvre=35 target=108
obu-ramp-merge-5-1     | [16.0] Ramp_Merge_5 MERGE_DECISION: auth=False phys=False fgok=True lgok=True hgok=True cok=True esok=True cready=False dtm=93.9 past=False committed=False hid=None ra=None lclear=False hyok=True
obu-ramp-merge-2-1     | [15.9] Ramp_Merge_2 MCM_RX_ACCEPT: from=106 manoeuvre=35 target=108
obu-ramp-merge-4-1     | [16.0] Ramp_Merge_4 FINAL_GUARD: REJECTED slot-boundary ETA sid=106
obu-ramp-merge-4-1     | [16.0] Ramp_Merge_4 MERGE_DECISION: auth=False phys=False fgok=False lgok=False hgok=True cok=True esok=True cready=False dtm=78.0 past=False committed=False hid=None ra=None lclear=True hyok=True
obu-merge-car-1        | [16.0] Merge_Car MERGE_COMMIT_SAFETY_HOLD: lgok=False hgok=True fgok=True edge=:390064918_0 lane=0 target_lane=1 speed=3.77 lane_cmd_state=WAIT_EDGE lane_cmd_executable=False lane_cmd_edge=:390064918_0 lane_cmd_lane_count=1
obu-merge-car-1        | [16.0] Merge_Car CAR_FOLLOW: sid=104 edge=:390064918_0 lane=0 leader_edge= leader_lane=None leader_role_hint=main self_merge_completed=False self_merge_completed_age=-1.0 self_merge_committed=True lane_cmd_state=WAIT_EDGE lane_cmd_edge=:390064918_0 lane_cmd_target=1 lane_cmd_executable=False same_lane=False reason=merge_conflict_eta gap=1.5 follow_spd=4.12 emergency=False target_before=2.25 target_after=3.94770594933699 target_after_raw=4.12
obu-main-back-right-1  | HOST_RESERVATION_EXTEND_UNTIL_CLEAR: host=Main_Back_Right ramp=108 manoeuvre=35 new_remaining=4.0 ramp_lcs=WAIT_EDGE ramp_edge=34126779
obu-main-back-right-1  | HOST_RESERVATION_HOLD: host=Main_Back_Right ramp=108 manoeuvre=35 remaining=4.0 own_speed=6.57 target_speed=6.41 ramp_fsm=NEGOTIATING ramp_lane_cmd_state=WAIT_EDGE ramp_edge=34126779 ramp_lane=0 ramp_merge_completed=False ramp_merge_committed=True
obu-main-back-right-1  | [16.1] Main_Back_Right HOST_HOLD_YIELD: for merge=108 spd=6.41
obu-ramp-merge-2-1     | [16.1] Ramp_Merge_2 CAR_FOLLOW: sid=105 edge=34126779 lane=0 leader_edge= leader_lane=None leader_role_hint=main self_merge_completed=False self_merge_completed_age=-1.0 self_merge_committed=True lane_cmd_state=WAIT_EDGE lane_cmd_edge=34126779 lane_cmd_target=1 lane_cmd_executable=False same_lane=False reason=merge_conflict_eta gap=0.3 follow_spd=4.79 emergency=False target_before=5.92230742327749 target_after=5.492307423277491 target_after_raw=4.79
obu-merge-car-1        | [16.1] Merge_Car MERGE_LANE_APPLY_CONFIRMED: edge=1331698336 lane=0 target_lane=1 lane_count=3 executable=True
obu-merge-car-1        | [16.1] Merge_Car MERGE_PHYSICAL_START_DELAYED_UNTIL_LANE_APPLY: waited_s=10.4 edge=1331698336 lane=0 target_lane=1 lane_count=3 lane_cmd_state=APPLY executable=True dtm=5.1 speed=3.69 reason=apply_seen
obu-merge-car-1        | [16.1] Merge_Car MERGE_START_GAP_DIAG: event=apply_seen lead=103 host=105 lead_eta=3.24947913227787 own_eta=1.3895098693559413 host_eta=5.7703748054167106 lead_gap=18.072795987336008 host_gap=40.70289281719738 lead_gap_p1=18.072795987336008 lead_gap_p2=18.072795987336008 lead_gap_p3=18.072795987336008 host_gap_p1=36.84471346906752 host_gap_p2=32.98653412093766 host_gap_p3=29.128354772807803 rel_to_lead=-3.79817934812986 rel_to_host=3.8581793481298594 lead_lat=2.356931282291823 host_lat=4.845221158698308 edge=1331698336 lane=0 lane_cmd_state=APPLY lane_cmd_edge=1331698336 lane_cmd_target=1 lane_cmd_executable=True dtm=5.1 speed=3.69
obu-merge-car-1        | MERGE_ATTEMPT_TIMELINE: vehicle=Merge_Car manoeuvre=4 host=105 lead=103 event=PHYSICAL_START t=16.1 edge=1331698336 lane=0 lane_cmd_state=APPLY speed=3.69 target=6.75 dtm=5.1 lead_gap=18.07 host_gap=40.70 lead_gap_t1=18.07 lead_gap_t2=18.07 lead_gap_t3=18.07 host_gap_t1=36.84 host_gap_t2=32.99 host_gap_t3=29.13
obu-merge-car-1        | [16.1] Merge_Car MERGE_PHYSICAL_START: host=105 manoeuvre=4
obu-merge-car-1        | [16.1] Merge_Car MERGING!
obu-merge-car-1        | MERGE_ATTEMPT_TIMELINE: vehicle=Merge_Car manoeuvre=4 host=105 lead=103 event=APPLY t=16.1 edge=1331698336 lane=0 lane_cmd_state=APPLY speed=3.69 target=6.75 dtm=5.1 lead_gap=18.07 host_gap=40.70 lead_gap_t1=18.07 lead_gap_t2=18.07 lead_gap_t3=18.07 host_gap_t1=36.84 host_gap_t2=32.99 host_gap_t3=29.13
obu-merge-car-1        | [16.1] Merge_Car MERGE_COMMIT_LANE_APPLY_ACTIVE: edge=1331698336 lane=0 target_lane=1 lane_count=3 executable=True speed=3.69 dtm=5.1
obu-merge-car-1        | [16.1] Merge_Car CAR_FOLLOW: sid=104 edge=1331698336 lane=0 leader_edge= leader_lane=None leader_role_hint=main self_merge_completed=False self_merge_completed_age=-1.0 self_merge_committed=True lane_cmd_state=APPLY lane_cmd_edge=1331698336 lane_cmd_target=1 lane_cmd_executable=True same_lane=False reason=merge_conflict_eta gap=1.5 follow_spd=4.12 emergency=False target_before=6.75 target_after=3.8718206518701406 target_after_raw=4.12
obu-merge-car-1        | MERGE_ATTEMPT_TIMELINE: vehicle=Merge_Car manoeuvre=4 host=105 lead=103 event=CLEAR t=16.2 edge=1331698336 lane=1 lane_cmd_state=CLEAR speed=3.70 target=3.87 dtm=2.7 lead_gap=13.24 host_gap=32.25 lead_gap_t1=13.24 lead_gap_t2=13.24 lead_gap_t3=13.24 host_gap_t1=28.41 host_gap_t2=24.56 host_gap_t3=20.72
obu-merge-car-1        | [16.2] Merge_Car MERGE_LANE_CLEAR_CONFIRMED: edge=1331698336 lane=1 target_lane=1 lane_count=3 executable=False
obu-ramp-merge-5-1     | [16.1] Ramp_Merge_5 MERGE_DECISION: auth=False phys=False fgok=True lgok=True hgok=True cok=True esok=True cready=False dtm=93.6 past=False committed=False hid=None ra=None lclear=False hyok=True
obu-ramp-merge-4-1     | [16.2] Ramp_Merge_4 FINAL_GUARD: REJECTED slot-boundary ETA sid=106
obu-ramp-merge-4-1     | [16.2] Ramp_Merge_4 MERGE_DECISION: auth=False phys=False fgok=False lgok=False hgok=True cok=True esok=True cready=False dtm=77.0 past=False committed=False hid=None ra=None lclear=True hyok=True
obu-main-front-left-1  | [16.1] Main_Front_Left role=cruise state=CRUISE->CRUISE speed=7.51 target=7.50 neighbors=11
obu-merge-car-1        | MERGE_ATTEMPT_TIMELINE: vehicle=Merge_Car manoeuvre=4 host=105 lead=103 event=COMPLETED t=16.3 edge=1331698336 lane=1 lane_cmd_state=CLEAR speed=3.72 target=6.75 dtm=3.0 lead_gap=12.99 host_gap=31.43 lead_gap_t1=12.99 lead_gap_t2=12.99 lead_gap_t3=12.99 host_gap_t1=27.61 host_gap_t2=23.79 host_gap_t3=19.96
obu-ramp-merge-2-1     | [16.3] Ramp_Merge_2 CAR_FOLLOW: sid=105 edge=34126779 lane=0 leader_edge= leader_lane=None leader_role_hint=main self_merge_completed=False self_merge_completed_age=-1.0 self_merge_committed=True lane_cmd_state=WAIT_EDGE lane_cmd_edge=34126779 lane_cmd_target=1 lane_cmd_executable=False same_lane=False reason=merge_conflict_eta gap=0.3 follow_spd=4.77 emergency=False target_before=5.899037602924966 target_after=5.469037602924966 target_after_raw=4.77
obu-merge-car-1        | [16.3] Merge_Car MERGE_COMPLETED: eid=1331698336 lane=1 clean=True
obu-merge-car-1        | [16.3] Merge_Car role=merge state=MERGING->CRUISE speed=3.72 target=7.50 neighbors=11
obu-ramp-merge-3-1     | [16.3] Ramp_Merge_3 MERGE_PREPARE_WAIT_LANE_AVAILABLE: edge=34126779 lane=0 target_lane=1 lane_count=1 executable=False dtm=55.9 speed=6.59 host=106 lead=105
obu-ramp-merge-5-1     | [16.3] Ramp_Merge_5 MERGE_DECISION: auth=False phys=False fgok=True lgok=True hgok=True cok=True esok=True cready=False dtm=92.9 past=False committed=False hid=None ra=None lclear=False hyok=True
obu-ramp-merge-5-1     | [16.3] Ramp_Merge_5 role=merge state=CRUISE->CRUISE speed=6.73 target=6.75 neighbors=11
obu-ramp-merge-4-1     | [16.3] Ramp_Merge_4 FINAL_GUARD: REJECTED slot-boundary ETA sid=106
obu-ramp-merge-4-1     | [16.3] Ramp_Merge_4 MERGE_DECISION: auth=False phys=False fgok=False lgok=False hgok=True cok=True esok=True cready=False dtm=76.5 past=False committed=False hid=None ra=None lclear=True hyok=True
obu-main-back-right-1  | HOST_RESERVATION_EXTEND_UNTIL_CLEAR: host=Main_Back_Right ramp=108 manoeuvre=35 new_remaining=4.0 ramp_lcs=WAIT_EDGE ramp_edge=34126779
obu-main-back-right-1  | HOST_RESERVATION_HOLD: host=Main_Back_Right ramp=108 manoeuvre=35 remaining=4.0 own_speed=6.54 target_speed=6.41 ramp_fsm=NEGOTIATING ramp_lane_cmd_state=WAIT_EDGE ramp_edge=34126779 ramp_lane=0 ramp_merge_completed=False ramp_merge_committed=True
obu-main-back-right-1  | [16.4] Main_Back_Right HOST_HOLD_YIELD: for merge=108 spd=6.41
obu-main-back-right-1  | [16.4] Main_Back_Right MCM_TX_ACCEPT: manoeuvre=35 target=108
obu-lead-car-1         | [16.5] Lead_Car role=cruise state=CRUISE->CRUISE speed=7.50 target=7.50 neighbors=11
obu-main-mid-right-1   | [16.5] Main_Mid_Right role=cruise state=CRUISE->CRUISE speed=7.50 target=7.50 neighbors=11
obu-ramp-merge-2-1     | [16.5] Ramp_Merge_2 MCM_RX_ACCEPT: from=106 manoeuvre=35 target=108
obu-ramp-merge-2-1     | [16.5] Ramp_Merge_2 CAR_FOLLOW: sid=105 edge=34126779 lane=0 leader_edge= leader_lane=None leader_role_hint=main self_merge_completed=False self_merge_completed_age=-1.0 self_merge_committed=True lane_cmd_state=WAIT_EDGE lane_cmd_edge=34126779 lane_cmd_target=1 lane_cmd_executable=False same_lane=False reason=merge_conflict_eta gap=0.4 follow_spd=4.75 emergency=False target_before=5.875767919391711 target_after=5.445767919391711 target_after_raw=4.75
obu-ramp-merge-2-1     | [16.5] Ramp_Merge_2 role=merge state=NEGOTIATING->NEGOTIATING speed=5.70 target=5.45 neighbors=11
obu-ramp-merge-4-1     | [16.5] Ramp_Merge_4 FINAL_GUARD: REJECTED slot-boundary ETA sid=106
obu-ramp-merge-4-1     | [16.5] Ramp_Merge_4 MERGE_DECISION: auth=False phys=False fgok=False lgok=False hgok=True cok=True esok=True cready=False dtm=75.5 past=False committed=False hid=None ra=None lclear=True hyok=True
obu-ramp-merge-4-1     | [16.5] Ramp_Merge_4 role=merge state=CRUISE->CRUISE speed=6.70 target=6.45 neighbors=11
obu-ramp-merge-3-1     | [16.5] Ramp_Merge_3 role=merge state=NEGOTIATING->NEGOTIATING speed=6.61 target=6.75 neighbors=11
obu-ramp-merge-5-1     | [16.5] Ramp_Merge_5 MERGE_DECISION: auth=False phys=False fgok=True lgok=True hgok=True cok=True esok=True cready=False dtm=92.3 past=False committed=False hid=None ra=None lclear=False hyok=True
obu-main-back-right-1  | HOST_RESERVATION_EXTEND_UNTIL_CLEAR: host=Main_Back_Right ramp=108 manoeuvre=35 new_remaining=4.0 ramp_lcs=WAIT_EDGE ramp_edge=34126779
obu-main-back-right-1  | HOST_RESERVATION_HOLD: host=Main_Back_Right ramp=108 manoeuvre=35 remaining=4.0 own_speed=6.54 target_speed=6.41 ramp_fsm=NEGOTIATING ramp_lane_cmd_state=WAIT_EDGE ramp_edge=34126779 ramp_lane=0 ramp_merge_completed=False ramp_merge_committed=True
obu-main-back-right-1  | [16.5] Main_Back_Right HOST_HOLD_YIELD: for merge=108 spd=6.41
obu-main-back-right-1  | HOST_RESERVATION_EXTEND_UNTIL_CLEAR: host=Main_Back_Right ramp=108 manoeuvre=35 new_remaining=4.0 ramp_lcs=WAIT_EDGE ramp_edge=34126779
obu-main-back-right-1  | HOST_RESERVATION_HOLD: host=Main_Back_Right ramp=108 manoeuvre=35 remaining=4.0 own_speed=6.53 target_speed=6.41 ramp_fsm=NEGOTIATING ramp_lane_cmd_state=WAIT_EDGE ramp_edge=34126779 ramp_lane=0 ramp_merge_completed=False ramp_merge_committed=True
obu-main-back-right-1  | [16.6] Main_Back_Right HOST_HOLD_YIELD: for merge=108 spd=6.41
obu-ramp-back-1        | [16.5] Ramp_Back role=merge state=CRUISE->CRUISE speed=5.77 target=6.75 neighbors=11
obu-ramp-merge-2-1     | [16.6] Ramp_Merge_2 CAR_FOLLOW: sid=105 edge=34126779 lane=0 leader_edge= leader_lane=None leader_role_hint=main self_merge_completed=False self_merge_completed_age=-1.0 self_merge_committed=True lane_cmd_state=WAIT_EDGE lane_cmd_edge=34126779 lane_cmd_target=1 lane_cmd_executable=False same_lane=False reason=merge_conflict_eta gap=0.5 follow_spd=4.80 emergency=False target_before=5.864431403568374 target_after=5.434431403568374 target_after_raw=4.80
obu-ramp-merge-4-1     | [16.6] Ramp_Merge_4 FINAL_GUARD: REJECTED slot-boundary ETA sid=106
obu-ramp-merge-4-1     | [16.6] Ramp_Merge_4 MERGE_DECISION: auth=False phys=False fgok=False lgok=False hgok=True cok=True esok=True cready=False dtm=75.1 past=False committed=False hid=None ra=None lclear=True hyok=True
obu-ramp-merge-5-1     | [16.6] Ramp_Merge_5 MERGE_DECISION: auth=False phys=False fgok=True lgok=True hgok=True cok=True esok=True cready=False dtm=92.0 past=False committed=False hid=None ra=None lclear=False hyok=True
obu-ramp-merge-4-1     | [16.9] Ramp_Merge_4 FINAL_GUARD: REJECTED slot-boundary ETA sid=106
obu-ramp-merge-4-1     | [16.9] Ramp_Merge_4 MERGE_DECISION: auth=False phys=False fgok=False lgok=False hgok=True cok=True esok=True cready=False dtm=73.6 past=False committed=False hid=None ra=None lclear=True hyok=True
obu-ramp-merge-5-1     | [16.8] Ramp_Merge_5 MERGE_LCLEAR_BLOCK: sid=106 gap=7.5 neighbor_age=0.2 from_memory=False dtm=91.4
obu-ramp-merge-5-1     | [16.8] Ramp_Merge_5 MERGE_DECISION: auth=False phys=False fgok=True lgok=True hgok=True cok=True esok=True cready=False dtm=91.4 past=False committed=False hid=None ra=None lclear=False hyok=True
obu-ramp-merge-2-1     | [16.9] Ramp_Merge_2 CAR_FOLLOW: sid=105 edge=34126779 lane=0 leader_edge= leader_lane=None leader_role_hint=main self_merge_completed=False self_merge_completed_age=-1.0 self_merge_committed=True lane_cmd_state=WAIT_EDGE lane_cmd_edge=34126779 lane_cmd_target=1 lane_cmd_executable=False same_lane=False reason=merge_conflict_eta gap=0.3 follow_spd=4.62 emergency=False target_before=5.829286713844902 target_after=5.399286713844902 target_after_raw=4.62
obu-main-back-right-1  | HOST_RESERVATION_EXTEND_UNTIL_CLEAR: host=Main_Back_Right ramp=108 manoeuvre=35 new_remaining=4.0 ramp_lcs=WAIT_EDGE ramp_edge=34126779
obu-main-back-right-1  | HOST_RESERVATION_HOLD: host=Main_Back_Right ramp=108 manoeuvre=35 remaining=4.0 own_speed=6.51 target_speed=6.41 ramp_fsm=NEGOTIATING ramp_lane_cmd_state=WAIT_EDGE ramp_edge=34126779 ramp_lane=0 ramp_merge_completed=False ramp_merge_committed=True
obu-main-back-right-1  | [16.9] Main_Back_Right HOST_HOLD_YIELD: for merge=108 spd=6.41
obu-main-back-right-1  | [16.9] Main_Back_Right MCM_TX_ACCEPT: manoeuvre=35 target=108
obu-main-back-right-1  | [16.9] Main_Back_Right role=host state=YIELDING->YIELDING speed=6.51 target=6.41 neighbors=11
obu-ramp-merge-5-1     | [17.0] Ramp_Merge_5 MERGE_DECISION: auth=False phys=False fgok=True lgok=True hgok=True cok=True esok=True cready=False dtm=90.8 past=False committed=False hid=None ra=None lclear=False hyok=True
obu-host-car-1         | [17.0] Host_Car role=lead state=CRUISE->CRUISE speed=6.94 target=7.50 neighbors=11
obu-ramp-merge-2-1     | [16.9] Ramp_Merge_2 MCM_RX_ACCEPT: from=106 manoeuvre=35 target=108
obu-ramp-merge-4-1     | [17.0] Ramp_Merge_4 FINAL_GUARD: REJECTED slot-boundary ETA sid=106
obu-ramp-merge-4-1     | [17.0] Ramp_Merge_4 MERGE_DECISION: auth=False phys=False fgok=False lgok=False hgok=True cok=True esok=True cready=False dtm=73.1 past=False committed=False hid=None ra=None lclear=True hyok=True
obu-ramp-merge-2-1     | [17.0] Ramp_Merge_2 MERGE_PREPARE_WAIT_LANE_AVAILABLE: edge=34126779 lane=0 target_lane=1 lane_count=1 executable=False dtm=29.9 speed=5.64 host=106 lead=104
obu-ramp-merge-2-1     | [17.0] Ramp_Merge_2 CAR_FOLLOW: sid=105 edge=34126779 lane=0 leader_edge= leader_lane=None leader_role_hint=main self_merge_completed=False self_merge_completed_age=-1.0 self_merge_committed=True lane_cmd_state=WAIT_EDGE lane_cmd_edge=34126779 lane_cmd_target=1 lane_cmd_executable=False same_lane=False reason=merge_conflict_eta gap=0.5 follow_spd=4.76 emergency=False target_before=5.818543948331076 target_after=5.388543948331076 target_after_raw=4.76
obu-main-back-right-1  | HOST_RESERVATION_EXTEND_UNTIL_CLEAR: host=Main_Back_Right ramp=108 manoeuvre=35 new_remaining=4.0 ramp_lcs=WAIT_EDGE ramp_edge=34126779
obu-main-back-right-1  | HOST_RESERVATION_HOLD: host=Main_Back_Right ramp=108 manoeuvre=35 remaining=4.0 own_speed=6.51 target_speed=6.41 ramp_fsm=NEGOTIATING ramp_lane_cmd_state=WAIT_EDGE ramp_edge=34126779 ramp_lane=0 ramp_merge_completed=False ramp_merge_committed=True
obu-main-back-right-1  | [17.0] Main_Back_Right HOST_HOLD_YIELD: for merge=108 spd=6.41
obu-main-back-left-1   | [17.0] Main_Back_Left role=lead state=CRUISE->CRUISE speed=7.54 target=7.54 neighbors=11
obu-main-front-left-1  | [17.1] Main_Front_Left role=cruise state=CRUISE->CRUISE speed=7.51 target=7.50 neighbors=11
obu-ramp-merge-2-1     | [17.1] Ramp_Merge_2 CAR_FOLLOW: sid=105 edge=34126779 lane=0 leader_edge= leader_lane=None leader_role_hint=main self_merge_completed=False self_merge_completed_age=-1.0 self_merge_committed=True lane_cmd_state=WAIT_EDGE lane_cmd_edge=34126779 lane_cmd_target=1 lane_cmd_executable=False same_lane=False reason=merge_conflict_eta gap=0.5 follow_spd=4.74 emergency=False target_before=5.8065810866067675 target_after=5.376581086606768 target_after_raw=4.74
traci-bridge-1         | LANE_CMD_WAIT_EDGE veh=Ramp_Merge_2 edge=34126779 lane=0 target=1 lane_count=1
traci-bridge-1         | LANE_CMD_STATE veh=Ramp_Merge_3 edge=34126779 lane=0 target=1 lane_count=1 recently=False speed=6.52
traci-bridge-1         | LANE_CMD_WAIT_EDGE veh=Ramp_Merge_3 edge=34126779 lane=0 target=1 lane_count=1
traci-bridge-1         | LANE_CMD_STATE veh=Merge_Car edge=:390064918_0 lane=0 target=1 lane_count=1 recently=False speed=4.21
traci-bridge-1         | LANE_CMD_WAIT_EDGE veh=Merge_Car edge=:390064918_0 lane=0 target=1 lane_count=1
traci-bridge-1         | LANE_CMD_STATE veh=Ramp_Merge_2 edge=34126779 lane=0 target=1 lane_count=1 recently=False speed=5.81
traci-bridge-1         | LANE_CMD_WAIT_EDGE veh=Ramp_Merge_2 edge=34126779 lane=0 target=1 lane_count=1
traci-bridge-1         | LANE_CMD_STATE veh=Ramp_Merge_3 edge=34126779 lane=0 target=1 lane_count=1 recently=False speed=6.53
traci-bridge-1         | LANE_CMD_WAIT_EDGE veh=Ramp_Merge_3 edge=34126779 lane=0 target=1 lane_count=1
traci-bridge-1         | LANE_CMD_STATE veh=Merge_Car edge=:390064918_0 lane=0 target=1 lane_count=1 recently=False speed=4.11
traci-bridge-1         | LANE_CMD_WAIT_EDGE veh=Merge_Car edge=:390064918_0 lane=0 target=1 lane_count=1
traci-bridge-1         | LANE_CMD_STATE veh=Ramp_Merge_2 edge=34126779 lane=0 target=1 lane_count=1 recently=False speed=5.80
traci-bridge-1         | LANE_CMD_WAIT_EDGE veh=Ramp_Merge_2 edge=34126779 lane=0 target=1 lane_count=1
traci-bridge-1         | LANE_CMD_STATE veh=Ramp_Merge_3 edge=34126779 lane=0 target=1 lane_count=1 recently=False speed=6.54
traci-bridge-1         | LANE_CMD_WAIT_EDGE veh=Ramp_Merge_3 edge=34126779 lane=0 target=1 lane_count=1
traci-bridge-1         | LANE_CMD_STATE veh=Merge_Car edge=:390064918_0 lane=0 target=1 lane_count=1 recently=False speed=4.02
traci-bridge-1         | LANE_CMD_WAIT_EDGE veh=Merge_Car edge=:390064918_0 lane=0 target=1 lane_count=1
traci-bridge-1         | LANE_CMD_STATE veh=Ramp_Merge_2 edge=34126779 lane=0 target=1 lane_count=1 recently=False speed=5.79
traci-bridge-1         | LANE_CMD_WAIT_EDGE veh=Ramp_Merge_2 edge=34126779 lane=0 target=1 lane_count=1
traci-bridge-1         | LANE_CMD_STATE veh=Ramp_Merge_3 edge=34126779 lane=0 target=1 lane_count=1 recently=False speed=6.54
traci-bridge-1         | LANE_CMD_WAIT_EDGE veh=Ramp_Merge_3 edge=34126779 lane=0 target=1 lane_count=1
traci-bridge-1         | LANE_CMD_STATE veh=Merge_Car edge=:390064918_0 lane=0 target=1 lane_count=1 recently=False speed=3.93
traci-bridge-1         | LANE_CMD_WAIT_EDGE veh=Merge_Car edge=:390064918_0 lane=0 target=1 lane_count=1
traci-bridge-1         | LANE_CMD_STATE veh=Ramp_Merge_2 edge=34126779 lane=0 target=1 lane_count=1 recently=False speed=5.78
traci-bridge-1         | LANE_CMD_WAIT_EDGE veh=Ramp_Merge_2 edge=34126779 lane=0 target=1 lane_count=1
traci-bridge-1         | LANE_CMD_STATE veh=Ramp_Merge_3 edge=34126779 lane=0 target=1 lane_count=1 recently=False speed=6.55
traci-bridge-1         | LANE_CMD_WAIT_EDGE veh=Ramp_Merge_3 edge=34126779 lane=0 target=1 lane_count=1
traci-bridge-1         | LANE_CMD_STATE veh=Merge_Car edge=:390064918_0 lane=0 target=1 lane_count=1 recently=False speed=3.85
traci-bridge-1         | LANE_CMD_WAIT_EDGE veh=Merge_Car edge=:390064918_0 lane=0 target=1 lane_count=1
traci-bridge-1         | LANE_CMD_STATE veh=Ramp_Merge_2 edge=34126779 lane=0 target=1 lane_count=1 recently=False speed=5.77
traci-bridge-1         | LANE_CMD_WAIT_EDGE veh=Ramp_Merge_2 edge=34126779 lane=0 target=1 lane_count=1
traci-bridge-1         | LANE_CMD_STATE veh=Ramp_Merge_3 edge=34126779 lane=0 target=1 lane_count=1 recently=False speed=6.56
traci-bridge-1         | LANE_CMD_WAIT_EDGE veh=Ramp_Merge_3 edge=34126779 lane=0 target=1 lane_count=1
traci-bridge-1         | LANE_CMD_STATE veh=Merge_Car edge=:390064918_0 lane=0 target=1 lane_count=1 recently=False speed=3.77
traci-bridge-1         | LANE_CMD_WAIT_EDGE veh=Merge_Car edge=:390064918_0 lane=0 target=1 lane_count=1
traci-bridge-1         | LANE_CMD_STATE veh=Ramp_Merge_2 edge=34126779 lane=0 target=1 lane_count=1 recently=False speed=5.75
traci-bridge-1         | LANE_CMD_WAIT_EDGE veh=Ramp_Merge_2 edge=34126779 lane=0 target=1 lane_count=1
traci-bridge-1         | LANE_CMD_STATE veh=Ramp_Merge_3 edge=34126779 lane=0 target=1 lane_count=1 recently=False speed=6.57
traci-bridge-1         | LANE_CMD_WAIT_EDGE veh=Ramp_Merge_3 edge=34126779 lane=0 target=1 lane_count=1
traci-bridge-1         | LANE_CMD_STATE veh=Merge_Car edge=1331698336 lane=0 target=1 lane_count=3 recently=False speed=3.69
traci-bridge-1         | LANE_CMD_APPLY veh=Merge_Car edge=1331698336 from_lane=0 target=1 duration=2.00 mode=256 speed=3.69
traci-bridge-1         | LANE_CMD_STATE veh=Ramp_Merge_2 edge=34126779 lane=0 target=1 lane_count=1 recently=False speed=5.74
traci-bridge-1         | LANE_CMD_WAIT_EDGE veh=Ramp_Merge_2 edge=34126779 lane=0 target=1 lane_count=1
traci-bridge-1         | LANE_CMD_STATE veh=Ramp_Merge_3 edge=34126779 lane=0 target=1 lane_count=1 recently=False speed=6.58
traci-bridge-1         | LANE_CMD_WAIT_EDGE veh=Ramp_Merge_3 edge=34126779 lane=0 target=1 lane_count=1
traci-bridge-1         | LANE_CMD_STATE veh=Merge_Car edge=1331698336 lane=1 target=1 lane_count=3 recently=True speed=3.70
traci-bridge-1         | LANE_CMD_CLEAR veh=Merge_Car edge=1331698336 target=1
traci-bridge-1         | LANE_CMD_STATE veh=Ramp_Merge_2 edge=34126779 lane=0 target=1 lane_count=1 recently=False speed=5.73
traci-bridge-1         | LANE_CMD_WAIT_EDGE veh=Ramp_Merge_2 edge=34126779 lane=0 target=1 lane_count=1
traci-bridge-1         | LANE_CMD_STATE veh=Ramp_Merge_3 edge=34126779 lane=0 target=1 lane_count=1 recently=False speed=6.59
traci-bridge-1         | LANE_CMD_WAIT_EDGE veh=Ramp_Merge_3 edge=34126779 lane=0 target=1 lane_count=1
traci-bridge-1         | LANE_CMD_STATE veh=Merge_Car edge=1331698336 lane=1 target=1 lane_count=3 recently=False speed=3.72
traci-bridge-1         | LANE_CMD_CLEAR veh=Merge_Car edge=1331698336 target=1
traci-bridge-1         | LANE_CMD_STATE veh=Ramp_Merge_2 edge=34126779 lane=0 target=1 lane_count=1 recently=False speed=5.72
traci-bridge-1         | LANE_CMD_WAIT_EDGE veh=Ramp_Merge_2 edge=34126779 lane=0 target=1 lane_count=1
traci-bridge-1         | LANE_CMD_STATE veh=Ramp_Merge_3 edge=34126779 lane=0 target=1 lane_count=1 recently=False speed=6.59
traci-bridge-1         | LANE_CMD_WAIT_EDGE veh=Ramp_Merge_3 edge=34126779 lane=0 target=1 lane_count=1
traci-bridge-1         | LANE_CMD_STATE veh=Ramp_Merge_2 edge=34126779 lane=0 target=1 lane_count=1 recently=False speed=5.71
traci-bridge-1         | LANE_CMD_WAIT_EDGE veh=Ramp_Merge_2 edge=34126779 lane=0 target=1 lane_count=1
traci-bridge-1         | LANE_CMD_STATE veh=Ramp_Merge_3 edge=34126779 lane=0 target=1 lane_count=1 recently=False speed=6.60
traci-bridge-1         | LANE_CMD_WAIT_EDGE veh=Ramp_Merge_3 edge=34126779 lane=0 target=1 lane_count=1
traci-bridge-1         | LANE_CMD_STATE veh=Ramp_Merge_2 edge=34126779 lane=0 target=1 lane_count=1 recently=False speed=5.70
traci-bridge-1         | LANE_CMD_WAIT_EDGE veh=Ramp_Merge_2 edge=34126779 lane=0 target=1 lane_count=1
traci-bridge-1         | LANE_CMD_STATE veh=Ramp_Merge_3 edge=34126779 lane=0 target=1 lane_count=1 recently=False speed=6.61
traci-bridge-1         | LANE_CMD_WAIT_EDGE veh=Ramp_Merge_3 edge=34126779 lane=0 target=1 lane_count=1
traci-bridge-1         | LANE_CMD_STATE veh=Ramp_Merge_2 edge=34126779 lane=0 target=1 lane_count=1 recently=False speed=5.68
traci-bridge-1         | LANE_CMD_WAIT_EDGE veh=Ramp_Merge_2 edge=34126779 lane=0 target=1 lane_count=1
traci-bridge-1         | LANE_CMD_STATE veh=Ramp_Merge_3 edge=34126779 lane=0 target=1 lane_count=1 recently=False speed=6.62
traci-bridge-1         | LANE_CMD_WAIT_EDGE veh=Ramp_Merge_3 edge=34126779 lane=0 target=1 lane_count=1
traci-bridge-1         | LANE_CMD_STATE veh=Ramp_Merge_2 edge=34126779 lane=0 target=1 lane_count=1 recently=False speed=5.67
traci-bridge-1         | LANE_CMD_WAIT_EDGE veh=Ramp_Merge_2 edge=34126779 lane=0 target=1 lane_count=1
traci-bridge-1         | LANE_CMD_STATE veh=Ramp_Merge_3 edge=34126779 lane=0 target=1 lane_count=1 recently=False speed=6.62
traci-bridge-1         | LANE_CMD_WAIT_EDGE veh=Ramp_Merge_3 edge=34126779 lane=0 target=1 lane_count=1
traci-bridge-1         | LANE_CMD_STATE veh=Ramp_Merge_2 edge=34126779 lane=0 target=1 lane_count=1 recently=False speed=5.66
traci-bridge-1         | LANE_CMD_WAIT_EDGE veh=Ramp_Merge_2 edge=34126779 lane=0 target=1 lane_count=1
traci-bridge-1         | LANE_CMD_STATE veh=Ramp_Merge_3 edge=34126779 lane=0 target=1 lane_count=1 recently=False speed=6.63
traci-bridge-1         | LANE_CMD_WAIT_EDGE veh=Ramp_Merge_3 edge=34126779 lane=0 target=1 lane_count=1
traci-bridge-1         | LANE_CMD_STATE veh=Ramp_Merge_2 edge=34126779 lane=0 target=1 lane_count=1 recently=False speed=5.65
traci-bridge-1         | LANE_CMD_WAIT_EDGE veh=Ramp_Merge_2 edge=34126779 lane=0 target=1 lane_count=1
traci-bridge-1         | LANE_CMD_STATE veh=Ramp_Merge_3 edge=34126779 lane=0 target=1 lane_count=1 recently=False speed=6.64
traci-bridge-1         | LANE_CMD_WAIT_EDGE veh=Ramp_Merge_3 edge=34126779 lane=0 target=1 lane_count=1
traci-bridge-1         | LANE_CMD_STATE veh=Ramp_Merge_2 edge=34126779 lane=0 target=1 lane_count=1 recently=False speed=5.64
traci-bridge-1         | LANE_CMD_WAIT_EDGE veh=Ramp_Merge_2 edge=34126779 lane=0 target=1 lane_count=1
traci-bridge-1         | LANE_CMD_STATE veh=Ramp_Merge_3 edge=34126779 lane=0 target=1 lane_count=1 recently=False speed=6.64
traci-bridge-1         | LANE_CMD_WAIT_EDGE veh=Ramp_Merge_3 edge=34126779 lane=0 target=1 lane_count=1
traci-bridge-1         | LANE_CMD_STATE veh=Ramp_Merge_2 edge=34126779 lane=0 target=1 lane_count=1 recently=False speed=5.63
traci-bridge-1         | LANE_CMD_WAIT_EDGE veh=Ramp_Merge_2 edge=34126779 lane=0 target=1 lane_count=1
traci-bridge-1         | LANE_CMD_STATE veh=Ramp_Merge_3 edge=34126779 lane=0 target=1 lane_count=1 recently=False speed=6.65
traci-bridge-1         | LANE_CMD_WAIT_EDGE veh=Ramp_Merge_3 edge=34126779 lane=0 target=1 lane_count=1
traci-bridge-1         | LANE_CMD_STATE veh=Ramp_Merge_2 edge=34126779 lane=0 target=1 lane_count=1 recently=False speed=5.61
traci-bridge-1         | LANE_CMD_WAIT_EDGE veh=Ramp_Merge_2 edge=34126779 lane=0 target=1 lane_count=1
obu-ramp-merge-5-1     | [17.1] Ramp_Merge_5 MERGE_DECISION: auth=False phys=False fgok=True lgok=True hgok=True cok=True esok=True cready=False dtm=90.5 past=False committed=False hid=None ra=None lclear=False hyok=True
obu-ramp-merge-4-1     | [17.1] Ramp_Merge_4 FINAL_GUARD: REJECTED slot-boundary ETA sid=106
obu-ramp-merge-4-1     | [17.1] Ramp_Merge_4 MERGE_DECISION: auth=False phys=False fgok=False lgok=False hgok=True cok=True esok=True cready=False dtm=72.7 past=False committed=False hid=None ra=None lclear=True hyok=True
obu-main-back-right-1  | HOST_RESERVATION_EXTEND_UNTIL_CLEAR: host=Main_Back_Right ramp=108 manoeuvre=35 new_remaining=4.0 ramp_lcs=WAIT_EDGE ramp_edge=34126779
obu-main-back-right-1  | HOST_RESERVATION_HOLD: host=Main_Back_Right ramp=108 manoeuvre=35 remaining=4.0 own_speed=6.50 target_speed=6.41 ramp_fsm=NEGOTIATING ramp_lane_cmd_state=WAIT_EDGE ramp_edge=34126779 ramp_lane=0 ramp_merge_completed=False ramp_merge_committed=True
obu-main-back-right-1  | [17.2] Main_Back_Right HOST_HOLD_YIELD: for merge=108 spd=6.41
obu-main-back-right-1  | [17.2] Main_Back_Right MCM_TX_ACCEPT: manoeuvre=35 target=108
obu-ramp-merge-2-1     | [17.2] Ramp_Merge_2 MCM_RX_ACCEPT: from=106 manoeuvre=35 target=108
obu-ramp-merge-3-1     | [17.3] Ramp_Merge_3 MERGE_PREPARE_WAIT_LANE_AVAILABLE: edge=34126779 lane=0 target_lane=1 lane_count=1 executable=False dtm=49.9 speed=6.66 host=106 lead=105
obu-ramp-merge-4-1     | [17.3] Ramp_Merge_4 FINAL_GUARD: REJECTED slot-boundary ETA sid=106
obu-ramp-merge-4-1     | [17.3] Ramp_Merge_4 MERGE_DECISION: auth=False phys=False fgok=False lgok=False hgok=True cok=True esok=True cready=False dtm=71.7 past=False committed=False hid=None ra=None lclear=True hyok=True
obu-merge-car-1        | [17.3] Merge_Car role=host state=CRUISE->CRUISE speed=5.12 target=7.50 neighbors=11
obu-main-back-right-1  | HOST_RESERVATION_EXTEND_UNTIL_CLEAR: host=Main_Back_Right ramp=108 manoeuvre=35 new_remaining=4.0 ramp_lcs=WAIT_EDGE ramp_edge=34126779
obu-main-back-right-1  | HOST_RESERVATION_HOLD: host=Main_Back_Right ramp=108 manoeuvre=35 remaining=4.0 own_speed=6.49 target_speed=6.41 ramp_fsm=NEGOTIATING ramp_lane_cmd_state=WAIT_EDGE ramp_edge=34126779 ramp_lane=0 ramp_merge_completed=False ramp_merge_committed=True
obu-main-back-right-1  | [17.3] Main_Back_Right HOST_HOLD_YIELD: for merge=108 spd=6.41
obu-ramp-merge-5-1     | [17.3] Ramp_Merge_5 MERGE_DECISION: auth=False phys=False fgok=True lgok=True hgok=True cok=True esok=True cready=False dtm=89.7 past=False committed=False hid=None ra=None lclear=True hyok=True
obu-ramp-merge-5-1     | [17.3] Ramp_Merge_5 role=merge state=CRUISE->CRUISE speed=6.74 target=6.75 neighbors=11
obu-ramp-merge-2-1     | [17.3] Ramp_Merge_2 CAR_FOLLOW: sid=105 edge=34126779 lane=0 leader_edge= leader_lane=None leader_role_hint=main self_merge_completed=False self_merge_completed_age=-1.0 self_merge_committed=True lane_cmd_state=WAIT_EDGE lane_cmd_edge=34126779 lane_cmd_target=1 lane_cmd_executable=False same_lane=False reason=merge_conflict_eta gap=0.6 follow_spd=4.72 emergency=False target_before=5.782774322538672 target_after=5.352774322538672 target_after_raw=4.72
obu-ramp-merge-3-1     | [17.5] Ramp_Merge_3 role=merge state=NEGOTIATING->NEGOTIATING speed=6.67 target=6.75 neighbors=11
obu-ramp-merge-2-1     | [17.5] Ramp_Merge_2 CAR_FOLLOW: sid=105 edge=34126779 lane=0 leader_edge= leader_lane=None leader_role_hint=main self_merge_completed=False self_merge_completed_age=-1.0 self_merge_committed=True lane_cmd_state=WAIT_EDGE lane_cmd_edge=34126779 lane_cmd_target=1 lane_cmd_executable=False same_lane=False reason=merge_conflict_eta gap=0.5 follow_spd=4.61 emergency=False target_before=5.760720482035311 target_after=5.330720482035312 target_after_raw=4.61
obu-ramp-merge-2-1     | [17.5] Ramp_Merge_2 role=merge state=NEGOTIATING->NEGOTIATING speed=5.58 target=5.33 neighbors=11
obu-main-mid-right-1   | [17.5] Main_Mid_Right role=cruise state=CRUISE->CRUISE speed=7.50 target=7.50 neighbors=11
obu-ramp-merge-4-1     | [17.5] Ramp_Merge_4 FINAL_GUARD: REJECTED slot-boundary ETA sid=106
obu-ramp-merge-4-1     | [17.5] Ramp_Merge_4 MERGE_DECISION: auth=False phys=False fgok=False lgok=False hgok=True cok=True esok=True cready=False dtm=70.8 past=False committed=False hid=None ra=None lclear=True hyok=True
obu-ramp-merge-4-1     | [17.5] Ramp_Merge_4 role=merge state=CRUISE->CRUISE speed=6.58 target=6.33 neighbors=11
obu-ramp-merge-5-1     | [17.5] Ramp_Merge_5 MERGE_DECISION: auth=False phys=False fgok=True lgok=True hgok=True cok=True esok=True cready=False dtm=88.9 past=False committed=False hid=None ra=None lclear=True hyok=True
obu-host-car-1         | [17.5] Host_Car CAR_FOLLOW: sid=107 edge=560761994 lane=0 leader_edge= leader_lane=None leader_role_hint=ramp self_merge_completed=False self_merge_completed_age=-1.0 self_merge_committed=False lane_cmd_state=None lane_cmd_edge=None lane_cmd_target=None lane_cmd_executable=None same_lane=True reason=same_lane_cam gap=12.4 follow_spd=4.32 emergency=False target_before=7.5 target_after=6.335343260320905 target_after_raw=4.32
obu-lead-car-1         | [17.6] Lead_Car role=cruise state=CRUISE->CRUISE speed=7.50 target=7.50 neighbors=11
obu-ramp-back-1        | [17.5] Ramp_Back role=merge state=CRUISE->CRUISE speed=6.16 target=6.75 neighbors=11
obu-host-car-1         | [17.6] Host_Car CAR_FOLLOW: sid=107 edge=560761994 lane=0 leader_edge= leader_lane=None leader_role_hint=ramp self_merge_completed=False self_merge_completed_age=-1.0 self_merge_committed=False lane_cmd_state=None lane_cmd_edge=None lane_cmd_target=None lane_cmd_executable=None same_lane=True reason=same_lane_cam gap=11.7 follow_spd=4.32 emergency=False target_before=7.5 target_after=6.288684528105494 target_after_raw=4.32
obu-main-back-right-1  | HOST_RESERVATION_EXTEND_UNTIL_CLEAR: host=Main_Back_Right ramp=108 manoeuvre=35 new_remaining=4.0 ramp_lcs=WAIT_EDGE ramp_edge=34126779
obu-main-back-right-1  | HOST_RESERVATION_HOLD: host=Main_Back_Right ramp=108 manoeuvre=35 remaining=4.0 own_speed=6.48 target_speed=6.41 ramp_fsm=NEGOTIATING ramp_lane_cmd_state=WAIT_EDGE ramp_edge=34126779 ramp_lane=0 ramp_merge_completed=False ramp_merge_committed=True
obu-main-back-right-1  | [17.6] Main_Back_Right HOST_HOLD_YIELD: for merge=108 spd=6.41
obu-main-back-right-1  | [17.6] Main_Back_Right MCM_TX_ACCEPT: manoeuvre=35 target=108
obu-ramp-merge-2-1     | [17.6] Ramp_Merge_2 MCM_RX_ACCEPT: from=106 manoeuvre=35 target=108
obu-ramp-merge-2-1     | [17.6] Ramp_Merge_2 CAR_FOLLOW: sid=105 edge=34126779 lane=0 leader_edge= leader_lane=None leader_role_hint=main self_merge_completed=False self_merge_completed_age=-1.0 self_merge_committed=True lane_cmd_state=WAIT_EDGE lane_cmd_edge=34126779 lane_cmd_target=1 lane_cmd_executable=False same_lane=False reason=merge_conflict_eta gap=0.7 follow_spd=4.76 emergency=False target_before=5.749323174060479 target_after=5.31932317406048 target_after_raw=4.76
obu-ramp-merge-4-1     | [17.6] Ramp_Merge_4 FINAL_GUARD: REJECTED slot-boundary ETA sid=106
obu-ramp-merge-4-1     | [17.6] Ramp_Merge_4 MERGE_DECISION: auth=False phys=False fgok=False lgok=False hgok=True cok=True esok=True cready=False dtm=70.4 past=False committed=False hid=None ra=None lclear=True hyok=True
obu-ramp-merge-5-1     | [17.7] Ramp_Merge_5 MERGE_DECISION: auth=False phys=False fgok=True lgok=True hgok=True cok=True esok=True cready=False dtm=88.2 past=False committed=False hid=None ra=None lclear=True hyok=True
obu-ramp-merge-5-1     | [17.8] Ramp_Merge_5 MERGE_DECISION: auth=False phys=False fgok=True lgok=True hgok=True cok=True esok=True cready=False dtm=87.8 past=False committed=False hid=None ra=None lclear=True hyok=True
obu-ramp-merge-2-1     | [17.9] Ramp_Merge_2 CAR_FOLLOW: sid=105 edge=34126779 lane=0 leader_edge= leader_lane=None leader_role_hint=main self_merge_completed=False self_merge_completed_age=-1.0 self_merge_committed=True lane_cmd_state=WAIT_EDGE lane_cmd_edge=34126779 lane_cmd_target=1 lane_cmd_executable=False same_lane=False reason=merge_conflict_eta gap=0.4 follow_spd=4.47 emergency=False target_before=5.7147225997116475 target_after=5.284722599711648 target_after_raw=4.47
obu-ramp-merge-4-1     | [17.8] Ramp_Merge_4 FINAL_GUARD: REJECTED slot-boundary ETA sid=106
obu-ramp-merge-4-1     | [17.8] Ramp_Merge_4 MERGE_DECISION: auth=False phys=True fgok=False lgok=False hgok=True cok=True esok=True cready=True dtm=69.3 past=False committed=False hid=None ra=None lclear=True hyok=True
obu-main-back-right-1  | HOST_RESERVATION_EXTEND_UNTIL_CLEAR: host=Main_Back_Right ramp=108 manoeuvre=35 new_remaining=4.0 ramp_lcs=WAIT_EDGE ramp_edge=34126779
obu-main-back-right-1  | HOST_RESERVATION_HOLD: host=Main_Back_Right ramp=108 manoeuvre=35 remaining=4.0 own_speed=6.47 target_speed=6.41 ramp_fsm=NEGOTIATING ramp_lane_cmd_state=WAIT_EDGE ramp_edge=34126779 ramp_lane=0 ramp_merge_completed=False ramp_merge_committed=True
obu-main-back-right-1  | [17.9] Main_Back_Right HOST_HOLD_YIELD: for merge=108 spd=6.41
obu-main-back-right-1  | [17.9] Main_Back_Right MCM_TX_ACCEPT: manoeuvre=35 target=108
obu-main-back-right-1  | [17.9] Main_Back_Right role=host state=YIELDING->YIELDING speed=6.47 target=6.41 neighbors=11
obu-host-car-1         | [17.9] Host_Car CAR_FOLLOW: sid=107 edge=560761994 lane=0 leader_edge= leader_lane=None leader_role_hint=ramp self_merge_completed=False self_merge_completed_age=-1.0 self_merge_committed=False lane_cmd_state=None lane_cmd_edge=None lane_cmd_target=None lane_cmd_executable=None same_lane=True reason=same_lane_cam gap=11.4 follow_spd=4.65 emergency=False target_before=7.5 target_after=6.012863859644753 target_after_raw=4.65
obu-main-back-left-1   | [18.0] Main_Back_Left role=lead state=CRUISE->CRUISE speed=7.54 target=7.54 neighbors=11
obu-main-back-right-1  | HOST_RESERVATION_EXTEND_UNTIL_CLEAR: host=Main_Back_Right ramp=108 manoeuvre=35 new_remaining=4.0 ramp_lcs=WAIT_EDGE ramp_edge=34126779
obu-main-back-right-1  | HOST_RESERVATION_HOLD: host=Main_Back_Right ramp=108 manoeuvre=35 remaining=4.0 own_speed=6.47 target_speed=6.41 ramp_fsm=NEGOTIATING ramp_lane_cmd_state=WAIT_EDGE ramp_edge=34126779 ramp_lane=0 ramp_merge_completed=False ramp_merge_committed=True
obu-main-back-right-1  | [18.0] Main_Back_Right HOST_HOLD_YIELD: for merge=108 spd=6.41
obu-ramp-merge-2-1     | [18.0] Ramp_Merge_2 MCM_RX_ACCEPT: from=106 manoeuvre=35 target=108
obu-host-car-1         | [18.0] Host_Car role=lead state=YIELDING->CRUISE speed=6.26 target=7.50 neighbors=11
obu-main-front-left-1  | [18.1] Main_Front_Left role=cruise state=CRUISE->CRUISE speed=7.50 target=7.50 neighbors=11
obu-ramp-merge-2-1     | [18.0] Ramp_Merge_2 MERGE_PREPARE_WAIT_LANE_AVAILABLE: edge=34126779 lane=0 target_lane=1 lane_count=1 executable=False dtm=24.4 speed=5.52 host=106 lead=104
obu-ramp-merge-2-1     | [18.0] Ramp_Merge_2 FINAL_GUARD: REJECTED sid=105 gap=9.6 ttc_danger=False
obu-ramp-merge-2-1     | [18.0] Ramp_Merge_2 MERGE_COMMIT_SAFETY_HOLD: lgok=True hgok=True fgok=False edge=34126779 lane=0 target_lane=1 speed=5.52 lane_cmd_state=WAIT_EDGE lane_cmd_executable=False lane_cmd_edge=34126779 lane_cmd_lane_count=1
obu-ramp-merge-2-1     | [18.0] Ramp_Merge_2 CAR_FOLLOW: sid=105 edge=34126779 lane=0 leader_edge= leader_lane=None leader_role_hint=main self_merge_completed=False self_merge_completed_age=-1.0 self_merge_committed=True lane_cmd_state=WAIT_EDGE lane_cmd_edge=34126779 lane_cmd_target=1 lane_cmd_executable=False same_lane=False reason=merge_conflict_eta gap=0.7 follow_spd=4.71 emergency=False target_before=2.25 target_after=5.27395262842909 target_after_raw=4.71
obu-ramp-merge-5-1     | [18.0] Ramp_Merge_5 MERGE_DECISION: auth=False phys=False fgok=True lgok=True hgok=True cok=True esok=True cready=False dtm=87.1 past=False committed=False hid=None ra=None lclear=True hyok=True
obu-ramp-merge-4-1     | [18.0] Ramp_Merge_4 FINAL_GUARD: REJECTED slot-boundary ETA sid=106
obu-ramp-merge-4-1     | [18.0] Ramp_Merge_4 MERGE_DECISION: auth=False phys=True fgok=False lgok=False hgok=True cok=True esok=True cready=True dtm=68.2 past=False committed=False hid=None ra=None lclear=True hyok=True
obu-host-car-1         | [18.1] Host_Car CAR_FOLLOW: sid=107 edge=560761994 lane=0 leader_edge= leader_lane=None leader_role_hint=ramp self_merge_completed=False self_merge_completed_age=-1.0 self_merge_committed=False lane_cmd_state=None lane_cmd_edge=None lane_cmd_target=None lane_cmd_executable=None same_lane=True reason=same_lane_cam gap=11.9 follow_spd=4.95 emergency=False target_before=7.5 target_after=5.860924463611389 target_after_raw=4.95
obu-ramp-merge-2-1     | [18.1] Ramp_Merge_2 FINAL_GUARD: REJECTED sid=105 gap=9.7 ttc_danger=False
obu-ramp-merge-2-1     | [18.1] Ramp_Merge_2 MERGE_COMMIT_SAFETY_HOLD: lgok=True hgok=True fgok=False edge=34126779 lane=0 target_lane=1 speed=5.51 lane_cmd_state=WAIT_EDGE lane_cmd_executable=False lane_cmd_edge=34126779 lane_cmd_lane_count=1
obu-ramp-merge-2-1     | [18.1] Ramp_Merge_2 CAR_FOLLOW: sid=105 edge=34126779 lane=0 leader_edge= leader_lane=None leader_role_hint=main self_merge_completed=False self_merge_completed_age=-1.0 self_merge_committed=True lane_cmd_state=WAIT_EDGE lane_cmd_edge=34126779 lane_cmd_target=1 lane_cmd_executable=False same_lane=False reason=merge_conflict_eta gap=0.6 follow_spd=4.60 emergency=False target_before=2.25 target_after=5.261991126993218 target_after_raw=4.60
obu-ramp-merge-4-1     | [18.1] Ramp_Merge_4 FINAL_GUARD: REJECTED slot-boundary ETA sid=106
obu-ramp-merge-4-1     | [18.1] Ramp_Merge_4 MERGE_DECISION: auth=False phys=True fgok=False lgok=False hgok=True cok=True esok=True cready=True dtm=67.7 past=False committed=False hid=None ra=None lclear=True hyok=True
obu-main-back-right-1  | HOST_RESERVATION_EXTEND_UNTIL_CLEAR: host=Main_Back_Right ramp=108 manoeuvre=35 new_remaining=4.0 ramp_lcs=WAIT_EDGE ramp_edge=34126779
obu-main-back-right-1  | HOST_RESERVATION_HOLD: host=Main_Back_Right ramp=108 manoeuvre=35 remaining=4.0 own_speed=6.46 target_speed=6.41 ramp_fsm=NEGOTIATING ramp_lane_cmd_state=WAIT_EDGE ramp_edge=34126779 ramp_lane=0 ramp_merge_completed=False ramp_merge_committed=True
obu-main-back-right-1  | [18.1] Main_Back_Right HOST_HOLD_YIELD: for merge=108 spd=6.41
obu-ramp-merge-5-1     | [18.1] Ramp_Merge_5 MERGE_DECISION: auth=False phys=False fgok=True lgok=True hgok=True cok=True esok=True cready=False dtm=86.7 past=False committed=False hid=None ra=None lclear=True hyok=True
obu-main-back-right-1  | HOST_RESERVATION_EXTEND_UNTIL_CLEAR: host=Main_Back_Right ramp=108 manoeuvre=35 new_remaining=4.0 ramp_lcs=WAIT_EDGE ramp_edge=34126779
obu-main-back-right-1  | HOST_RESERVATION_HOLD: host=Main_Back_Right ramp=108 manoeuvre=35 remaining=4.0 own_speed=6.46 target_speed=6.41 ramp_fsm=NEGOTIATING ramp_lane_cmd_state=WAIT_EDGE ramp_edge=34126779 ramp_lane=0 ramp_merge_completed=False ramp_merge_committed=True
obu-main-back-right-1  | [18.3] Main_Back_Right HOST_HOLD_YIELD: for merge=108 spd=6.41
obu-main-back-right-1  | [18.3] Main_Back_Right MCM_TX_ACCEPT: manoeuvre=35 target=108
obu-ramp-merge-4-1     | [18.3] Ramp_Merge_4 FINAL_GUARD: REJECTED slot-boundary ETA sid=106
obu-ramp-merge-4-1     | [18.3] Ramp_Merge_4 MERGE_DECISION: auth=False phys=True fgok=False lgok=False hgok=True cok=True esok=True cready=True dtm=66.6 past=False committed=False hid=None ra=None lclear=True hyok=True
obu-host-car-1         | [18.3] Host_Car CAR_FOLLOW: sid=107 edge=560761994 lane=0 leader_edge= leader_lane=None leader_role_hint=ramp self_merge_completed=False self_merge_completed_age=-1.0 self_merge_committed=False lane_cmd_state=None lane_cmd_edge=None lane_cmd_target=None lane_cmd_executable=None same_lane=True reason=same_lane_cam gap=11.8 follow_spd=5.12 emergency=False target_before=7.5 target_after=5.8437665849229745 target_after_raw=5.12
obu-ramp-merge-3-1     | [18.3] Ramp_Merge_3 MERGE_PREPARE_WAIT_LANE_AVAILABLE: edge=34126779 lane=0 target_lane=1 lane_count=1 executable=False dtm=43.6 speed=6.69 host=106 lead=105
obu-ramp-merge-5-1     | [18.3] Ramp_Merge_5 MERGE_DECISION: auth=False phys=False fgok=True lgok=True hgok=True cok=True esok=True cready=False dtm=86.0 past=False committed=False hid=None ra=None lclear=True hyok=True
obu-ramp-merge-5-1     | [18.3] Ramp_Merge_5 role=merge state=CRUISE->CRUISE speed=6.74 target=6.75 neighbors=11
obu-merge-car-1        | [18.3] Merge_Car role=cruise state=CRUISE->CRUISE speed=6.08 target=7.50 neighbors=11
obu-ramp-merge-2-1     | [18.3] Ramp_Merge_2 FINAL_GUARD: REJECTED sid=105 gap=9.5 ttc_danger=False
obu-ramp-merge-2-1     | [18.3] Ramp_Merge_2 MERGE_COMMIT_SAFETY_HOLD: lgok=True hgok=True fgok=False edge=34126779 lane=0 target_lane=1 speed=5.49 lane_cmd_state=WAIT_EDGE lane_cmd_executable=False lane_cmd_edge=34126779 lane_cmd_lane_count=1
obu-ramp-merge-2-1     | [18.3] Ramp_Merge_2 CAR_FOLLOW: sid=105 edge=34126779 lane=0 leader_edge= leader_lane=None leader_role_hint=main self_merge_completed=False self_merge_completed_age=-1.0 self_merge_committed=True lane_cmd_state=WAIT_EDGE lane_cmd_edge=34126779 lane_cmd_target=1 lane_cmd_executable=False same_lane=False reason=merge_conflict_eta gap=0.6 follow_spd=4.48 emergency=False target_before=2.25 target_after=5.2386958719473435 target_after_raw=4.48
obu-ramp-merge-3-1     | [18.5] Ramp_Merge_3 role=merge state=NEGOTIATING->NEGOTIATING speed=6.70 target=6.75 neighbors=11
obu-ramp-merge-2-1     | [18.4] Ramp_Merge_2 MCM_RX_ACCEPT: from=106 manoeuvre=35 target=108
obu-ramp-merge-2-1     | [18.5] Ramp_Merge_2 FINAL_GUARD: REJECTED sid=105 gap=8.4 ttc_danger=False
obu-ramp-merge-2-1     | [18.5] Ramp_Merge_2 MERGE_COMMIT_SAFETY_HOLD: lgok=True hgok=True fgok=False edge=34126779 lane=0 target_lane=1 speed=5.47 lane_cmd_state=WAIT_EDGE lane_cmd_executable=False lane_cmd_edge=34126779 lane_cmd_lane_count=1
obu-ramp-merge-2-1     | [18.5] Ramp_Merge_2 CAR_FOLLOW: sid=105 edge=34126779 lane=0 leader_edge= leader_lane=None leader_role_hint=main self_merge_completed=False self_merge_completed_age=-1.0 self_merge_committed=True lane_cmd_state=WAIT_EDGE lane_cmd_edge=34126779 lane_cmd_target=1 lane_cmd_executable=False same_lane=False reason=merge_conflict_eta gap=0.7 follow_spd=4.53 emergency=False target_before=2.25 target_after=5.216592159314316 target_after_raw=4.53
obu-ramp-merge-2-1     | [18.5] Ramp_Merge_2 role=merge state=NEGOTIATING->NEGOTIATING speed=5.47 target=5.22 neighbors=11
obu-ramp-merge-2-1     | [18.6] Ramp_Merge_2 FINAL_GUARD: REJECTED sid=105 gap=8.5 ttc_danger=False
obu-ramp-merge-2-1     | [18.6] Ramp_Merge_2 MERGE_COMMIT_SAFETY_HOLD: lgok=True hgok=True fgok=False edge=34126779 lane=0 target_lane=1 speed=5.46 lane_cmd_state=WAIT_EDGE lane_cmd_executable=False lane_cmd_edge=34126779 lane_cmd_lane_count=1
obu-host-car-1         | [18.6] Host_Car CAR_FOLLOW: sid=107 edge=560761994 lane=0 leader_edge= leader_lane=None leader_role_hint=ramp self_merge_completed=False self_merge_completed_age=-1.0 self_merge_committed=False lane_cmd_state=None lane_cmd_edge=None lane_cmd_target=None lane_cmd_executable=None same_lane=True reason=same_lane_cam gap=11.2 follow_spd=5.26 emergency=False target_before=7.5 target_after=5.809699583436489 target_after_raw=5.26
obu-ramp-merge-2-1     | [18.6] Ramp_Merge_2 CAR_FOLLOW: sid=105 edge=34126779 lane=0 leader_edge= leader_lane=None leader_role_hint=main self_merge_completed=False self_merge_completed_age=-1.0 self_merge_committed=True lane_cmd_state=WAIT_EDGE lane_cmd_edge=34126779 lane_cmd_target=1 lane_cmd_executable=False same_lane=False reason=merge_conflict_eta gap=0.6 follow_spd=4.41 emergency=False target_before=2.25 target_after=5.205197344945967 target_after_raw=4.41
obu-ramp-merge-5-1     | [18.5] Ramp_Merge_5 MERGE_DECISION: auth=False phys=False fgok=True lgok=True hgok=True cok=True esok=True cready=False dtm=85.2 past=False committed=False hid=None ra=None lclear=True hyok=True
obu-main-back-right-1  | HOST_RESERVATION_HOLD: host=Main_Back_Right ramp=108 manoeuvre=35 remaining=3.7 own_speed=6.45 target_speed=6.41 ramp_fsm=NEGOTIATING ramp_lane_cmd_state=WAIT_EDGE ramp_edge=34126779 ramp_lane=0 ramp_merge_completed=False ramp_merge_committed=True
obu-main-back-right-1  | [18.6] Main_Back_Right HOST_HOLD_YIELD: for merge=108 spd=6.41
obu-lead-car-1         | [18.6] Lead_Car role=cruise state=CRUISE->CRUISE speed=7.50 target=7.50 neighbors=11
obu-main-mid-right-1   | [18.6] Main_Mid_Right role=cruise state=CRUISE->CRUISE speed=7.50 target=7.50 neighbors=11
obu-main-back-right-1  | [18.6] Main_Back_Right MCM_TX_ACCEPT: manoeuvre=35 target=108
obu-ramp-back-1        | [18.5] Ramp_Back role=merge state=CRUISE->CRUISE speed=6.40 target=6.75 neighbors=11
obu-ramp-merge-4-1     | [18.5] Ramp_Merge_4 FINAL_GUARD: REJECTED slot-boundary ETA sid=106
obu-ramp-merge-4-1     | [18.5] Ramp_Merge_4 MERGE_DECISION: auth=False phys=True fgok=False lgok=False hgok=True cok=True esok=True cready=True dtm=65.6 past=False committed=False hid=None ra=None lclear=True hyok=True
obu-ramp-merge-4-1     | [18.5] Ramp_Merge_4 role=merge state=CRUISE->CRUISE speed=6.47 target=6.22 neighbors=11
obu-ramp-merge-4-1     | [18.6] Ramp_Merge_4 FINAL_GUARD: REJECTED slot-boundary ETA sid=106
obu-ramp-merge-4-1     | [18.6] Ramp_Merge_4 MERGE_DECISION: auth=False phys=True fgok=False lgok=False hgok=True cok=True esok=True cready=True dtm=65.1 past=False committed=False hid=None ra=None lclear=True hyok=True
obu-ramp-merge-5-1     | [18.6] Ramp_Merge_5 MERGE_DECISION: auth=False phys=False fgok=True lgok=True hgok=True cok=True esok=True cready=False dtm=84.8 past=False committed=False hid=None ra=None lclear=True hyok=True
obu-ramp-merge-2-1     | [18.7] Ramp_Merge_2 MCM_RX_ACCEPT: from=106 manoeuvre=35 target=108
obu-ramp-merge-2-1     | [18.8] Ramp_Merge_2 FINAL_GUARD: REJECTED sid=105 gap=7.9 ttc_danger=False
obu-ramp-merge-2-1     | [18.8] Ramp_Merge_2 MERGE_COMMIT_SAFETY_HOLD: lgok=True hgok=True fgok=False edge=34126779 lane=0 target_lane=1 speed=5.43 lane_cmd_state=WAIT_EDGE lane_cmd_executable=False lane_cmd_edge=34126779 lane_cmd_lane_count=1
obu-ramp-merge-2-1     | [18.8] Ramp_Merge_2 CAR_FOLLOW: sid=105 edge=34126779 lane=0 leader_edge= leader_lane=None leader_role_hint=main self_merge_completed=False self_merge_completed_age=-1.0 self_merge_committed=True lane_cmd_state=WAIT_EDGE lane_cmd_edge=34126779 lane_cmd_target=1 lane_cmd_executable=False same_lane=False reason=merge_conflict_eta gap=0.6 follow_spd=4.34 emergency=False target_before=2.25 target_after=5.182413524978532 target_after_raw=4.34
obu-main-back-right-1  | HOST_RESERVATION_HOLD: host=Main_Back_Right ramp=108 manoeuvre=35 remaining=3.5 own_speed=6.45 target_speed=6.41 ramp_fsm=NEGOTIATING ramp_lane_cmd_state=WAIT_EDGE ramp_edge=34126779 ramp_lane=0 ramp_merge_completed=False ramp_merge_committed=True
obu-main-back-right-1  | [18.8] Main_Back_Right HOST_HOLD_YIELD: for merge=108 spd=6.41
obu-ramp-merge-4-1     | [18.8] Ramp_Merge_4 FINAL_GUARD: REJECTED slot-boundary ETA sid=106
obu-ramp-merge-4-1     | [18.8] Ramp_Merge_4 MERGE_DECISION: auth=False phys=True fgok=False lgok=False hgok=True cok=True esok=True cready=True dtm=64.0 past=False committed=False hid=None ra=None lclear=True hyok=True
obu-ramp-merge-5-1     | [18.9] Ramp_Merge_5 MERGE_DECISION: auth=False phys=False fgok=True lgok=True hgok=True cok=True esok=True cready=False dtm=83.4 past=False committed=False hid=None ra=None lclear=True hyok=True
obu-ramp-merge-2-1     | [19.0] Ramp_Merge_2 MERGE_PREPARE_WAIT_LANE_AVAILABLE: edge=34126779 lane=0 target_lane=1 lane_count=1 executable=False dtm=18.9 speed=5.41 host=106 lead=104
obu-ramp-merge-2-1     | [19.0] Ramp_Merge_2 FINAL_GUARD: REJECTED sid=105 gap=7.3 ttc_danger=False
obu-ramp-merge-2-1     | [19.0] Ramp_Merge_2 MERGE_COMMIT_SAFETY_HOLD: lgok=True hgok=True fgok=False edge=34126779 lane=0 target_lane=1 speed=5.41 lane_cmd_state=WAIT_EDGE lane_cmd_executable=False lane_cmd_edge=34126779 lane_cmd_lane_count=1
obu-ramp-merge-2-1     | [19.0] Ramp_Merge_2 CAR_FOLLOW: sid=105 edge=34126779 lane=0 leader_edge= leader_lane=None leader_role_hint=main self_merge_completed=False self_merge_completed_age=-1.0 self_merge_committed=True lane_cmd_state=WAIT_EDGE lane_cmd_edge=34126779 lane_cmd_target=1 lane_cmd_executable=False same_lane=False reason=merge_conflict_eta gap=0.5 follow_spd=4.25 emergency=False target_before=2.25 target_after=5.160259947425357 target_after_raw=4.25
obu-main-back-right-1  | HOST_RESERVATION_HOLD: host=Main_Back_Right ramp=108 manoeuvre=35 remaining=3.3 own_speed=6.44 target_speed=6.41 ramp_fsm=NEGOTIATING ramp_lane_cmd_state=WAIT_EDGE ramp_edge=34126779 ramp_lane=0 ramp_merge_completed=False ramp_merge_committed=True
obu-main-back-right-1  | [19.0] Main_Back_Right HOST_HOLD_YIELD: for merge=108 spd=6.41
obu-main-back-right-1  | [19.0] Main_Back_Right MCM_TX_ACCEPT: manoeuvre=35 target=108
obu-main-back-right-1  | [19.0] Main_Back_Right role=host state=YIELDING->YIELDING speed=6.44 target=6.41 neighbors=11
obu-ramp-merge-4-1     | [19.0] Ramp_Merge_4 FINAL_GUARD: REJECTED slot-boundary ETA sid=106
obu-ramp-merge-4-1     | [19.0] Ramp_Merge_4 MERGE_DECISION: auth=False phys=True fgok=False lgok=False hgok=True cok=True esok=True cready=True dtm=63.0 past=False committed=False hid=None ra=None lclear=True hyok=True
obu-ramp-merge-5-1     | [19.0] Ramp_Merge_5 MERGE_DECISION: auth=False phys=False fgok=True lgok=True hgok=True cok=True esok=True cready=False dtm=82.9 past=False committed=False hid=None ra=None lclear=True hyok=True
obu-main-back-left-1   | [19.1] Main_Back_Left role=lead state=CRUISE->CRUISE speed=7.23 target=7.50 neighbors=11
obu-host-car-1         | [19.1] Host_Car CAR_FOLLOW: sid=107 edge=:390064918_1 lane=0 leader_edge= leader_lane=None leader_role_hint=ramp self_merge_completed=False self_merge_completed_age=-1.0 self_merge_committed=False lane_cmd_state=None lane_cmd_edge=None lane_cmd_target=None lane_cmd_executable=None same_lane=True reason=same_lane_cam gap=11.3 follow_spd=5.40 emergency=False target_before=7.5 target_after=5.83904722792114 target_after_raw=5.40
obu-host-car-1         | [19.1] Host_Car role=lead state=CRUISE->YIELDING speed=6.09 target=5.84 neighbors=11
obu-main-front-left-1  | [19.1] Main_Front_Left role=cruise state=CRUISE->CRUISE speed=7.50 target=7.50 neighbors=11
obu-ramp-merge-2-1     | [19.0] Ramp_Merge_2 MCM_RX_ACCEPT: from=106 manoeuvre=35 target=108
obu-ramp-merge-2-1     | [19.1] Ramp_Merge_2 FINAL_GUARD: REJECTED sid=105 gap=6.2 ttc_danger=False
obu-ramp-merge-2-1     | [19.1] Ramp_Merge_2 MERGE_COMMIT_SAFETY_HOLD: lgok=True hgok=True fgok=False edge=34126779 lane=0 target_lane=1 speed=5.40 lane_cmd_state=WAIT_EDGE lane_cmd_executable=False lane_cmd_edge=34126779 lane_cmd_lane_count=1
obu-ramp-merge-2-1     | [19.1] Ramp_Merge_2 CAR_FOLLOW: sid=105 edge=34126779 lane=0 leader_edge= leader_lane=None leader_role_hint=main self_merge_completed=False self_merge_completed_age=-1.0 self_merge_committed=True lane_cmd_state=WAIT_EDGE lane_cmd_edge=34126779 lane_cmd_target=1 lane_cmd_executable=False same_lane=False reason=merge_conflict_eta gap=0.7 follow_spd=4.37 emergency=False target_before=2.25 target_after=5.148867626303016 target_after_raw=4.37
obu-main-back-right-1  | HOST_RESERVATION_HOLD: host=Main_Back_Right ramp=108 manoeuvre=35 remaining=3.2 own_speed=6.44 target_speed=6.41 ramp_fsm=NEGOTIATING ramp_lane_cmd_state=WAIT_EDGE ramp_edge=34126779 ramp_lane=0 ramp_merge_completed=False ramp_merge_committed=True
obu-main-back-right-1  | [19.1] Main_Back_Right HOST_HOLD_YIELD: for merge=108 spd=6.41
obu-ramp-merge-5-1     | [19.1] Ramp_Merge_5 MERGE_DECISION: auth=False phys=False fgok=True lgok=True hgok=True cok=True esok=True cready=False dtm=82.5 past=False committed=False hid=None ra=None lclear=True hyok=True
obu-ramp-merge-4-1     | [19.1] Ramp_Merge_4 FINAL_GUARD: REJECTED slot-boundary ETA sid=106
obu-ramp-merge-4-1     | [19.1] Ramp_Merge_4 MERGE_DECISION: auth=False phys=True fgok=False lgok=False hgok=True cok=True esok=True cready=True dtm=62.5 past=False committed=False hid=None ra=None lclear=True hyok=True
obu-ramp-merge-4-1     | [19.3] Ramp_Merge_4 FINAL_GUARD: REJECTED slot-boundary ETA sid=106
obu-ramp-merge-4-1     | [19.3] Ramp_Merge_4 MERGE_DECISION: auth=False phys=True fgok=False lgok=False hgok=True cok=True esok=True cready=True dtm=61.5 past=False committed=False hid=None ra=None lclear=True hyok=True
obu-ramp-merge-2-1     | [19.3] Ramp_Merge_2 FINAL_GUARD: REJECTED sid=105 gap=6.4 ttc_danger=False
obu-main-back-right-1  | HOST_RESERVATION_HOLD: host=Main_Back_Right ramp=108 manoeuvre=35 remaining=3.0 own_speed=6.44 target_speed=6.41 ramp_fsm=NEGOTIATING ramp_lane_cmd_state=WAIT_EDGE ramp_edge=34126779 ramp_lane=0 ramp_merge_completed=False ramp_merge_committed=True
obu-ramp-merge-2-1     | [19.3] Ramp_Merge_2 MERGE_COMMIT_SAFETY_HOLD: lgok=True hgok=True fgok=False edge=34126779 lane=0 target_lane=1 speed=5.38 lane_cmd_state=WAIT_EDGE lane_cmd_executable=False lane_cmd_edge=34126779 lane_cmd_lane_count=1
obu-main-back-right-1  | [19.3] Main_Back_Right HOST_HOLD_YIELD: for merge=108 spd=6.41
obu-ramp-merge-2-1     | [19.3] Ramp_Merge_2 CAR_FOLLOW: sid=105 edge=34126779 lane=0 leader_edge= leader_lane=None leader_role_hint=main self_merge_completed=False self_merge_completed_age=-1.0 self_merge_committed=True lane_cmd_state=WAIT_EDGE lane_cmd_edge=34126779 lane_cmd_target=1 lane_cmd_executable=False same_lane=False reason=merge_conflict_eta gap=0.5 follow_spd=4.12 emergency=False target_before=2.25 target_after=5.12665567254622 target_after_raw=4.12
obu-main-back-right-1  | [19.3] Main_Back_Right MCM_TX_ACCEPT: manoeuvre=35 target=108
obu-merge-car-1        | [19.3] Merge_Car role=cruise state=CRUISE->CRUISE speed=6.65 target=7.50 neighbors=11
obu-ramp-merge-3-1     | [19.4] Ramp_Merge_3 MERGE_PREPARE_WAIT_LANE_AVAILABLE: edge=34126779 lane=0 target_lane=1 lane_count=1 executable=False dtm=36.5 speed=6.72 host=106 lead=105
obu-ramp-merge-5-1     | [19.4] Ramp_Merge_5 MERGE_DECISION: auth=False phys=False fgok=True lgok=True hgok=True cok=True esok=True cready=False dtm=81.2 past=False committed=False hid=None ra=None lclear=True hyok=True
obu-ramp-merge-5-1     | [19.4] Ramp_Merge_5 role=merge state=CRUISE->CRUISE speed=6.75 target=6.75 neighbors=11
traci-bridge-1         | LANE_CMD_STATE veh=Ramp_Merge_3 edge=34126779 lane=0 target=1 lane_count=1 recently=False speed=6.65
traci-bridge-1         | LANE_CMD_WAIT_EDGE veh=Ramp_Merge_3 edge=34126779 lane=0 target=1 lane_count=1
traci-bridge-1         | LANE_CMD_STATE veh=Ramp_Merge_2 edge=34126779 lane=0 target=1 lane_count=1 recently=False speed=5.60
traci-bridge-1         | LANE_CMD_WAIT_EDGE veh=Ramp_Merge_2 edge=34126779 lane=0 target=1 lane_count=1
traci-bridge-1         | LANE_CMD_STATE veh=Ramp_Merge_3 edge=34126779 lane=0 target=1 lane_count=1 recently=False speed=6.66
traci-bridge-1         | LANE_CMD_WAIT_EDGE veh=Ramp_Merge_3 edge=34126779 lane=0 target=1 lane_count=1
traci-bridge-1         | LANE_CMD_STATE veh=Ramp_Merge_2 edge=34126779 lane=0 target=1 lane_count=1 recently=False speed=5.59
traci-bridge-1         | LANE_CMD_WAIT_EDGE veh=Ramp_Merge_2 edge=34126779 lane=0 target=1 lane_count=1
traci-bridge-1         | LANE_CMD_STATE veh=Ramp_Merge_3 edge=34126779 lane=0 target=1 lane_count=1 recently=False speed=6.66
traci-bridge-1         | LANE_CMD_WAIT_EDGE veh=Ramp_Merge_3 edge=34126779 lane=0 target=1 lane_count=1
traci-bridge-1         | LANE_CMD_STATE veh=Ramp_Merge_2 edge=34126779 lane=0 target=1 lane_count=1 recently=False speed=5.58
traci-bridge-1         | LANE_CMD_WAIT_EDGE veh=Ramp_Merge_2 edge=34126779 lane=0 target=1 lane_count=1
traci-bridge-1         | LANE_CMD_STATE veh=Ramp_Merge_3 edge=34126779 lane=0 target=1 lane_count=1 recently=False speed=6.67
traci-bridge-1         | LANE_CMD_WAIT_EDGE veh=Ramp_Merge_3 edge=34126779 lane=0 target=1 lane_count=1
traci-bridge-1         | LANE_CMD_STATE veh=Ramp_Merge_2 edge=34126779 lane=0 target=1 lane_count=1 recently=False speed=5.57
traci-bridge-1         | LANE_CMD_WAIT_EDGE veh=Ramp_Merge_2 edge=34126779 lane=0 target=1 lane_count=1
traci-bridge-1         | LANE_CMD_STATE veh=Ramp_Merge_3 edge=34126779 lane=0 target=1 lane_count=1 recently=False speed=6.67
traci-bridge-1         | LANE_CMD_WAIT_EDGE veh=Ramp_Merge_3 edge=34126779 lane=0 target=1 lane_count=1
traci-bridge-1         | LANE_CMD_STATE veh=Ramp_Merge_2 edge=34126779 lane=0 target=1 lane_count=1 recently=False speed=5.56
traci-bridge-1         | LANE_CMD_WAIT_EDGE veh=Ramp_Merge_2 edge=34126779 lane=0 target=1 lane_count=1
traci-bridge-1         | LANE_CMD_STATE veh=Ramp_Merge_3 edge=34126779 lane=0 target=1 lane_count=1 recently=False speed=6.67
traci-bridge-1         | LANE_CMD_WAIT_EDGE veh=Ramp_Merge_3 edge=34126779 lane=0 target=1 lane_count=1
traci-bridge-1         | LANE_CMD_STATE veh=Ramp_Merge_2 edge=34126779 lane=0 target=1 lane_count=1 recently=False speed=5.55
traci-bridge-1         | LANE_CMD_WAIT_EDGE veh=Ramp_Merge_2 edge=34126779 lane=0 target=1 lane_count=1
traci-bridge-1         | LANE_CMD_STATE veh=Ramp_Merge_3 edge=34126779 lane=0 target=1 lane_count=1 recently=False speed=6.68
traci-bridge-1         | LANE_CMD_WAIT_EDGE veh=Ramp_Merge_3 edge=34126779 lane=0 target=1 lane_count=1
traci-bridge-1         | LANE_CMD_STATE veh=Ramp_Merge_2 edge=34126779 lane=0 target=1 lane_count=1 recently=False speed=5.53
traci-bridge-1         | LANE_CMD_WAIT_EDGE veh=Ramp_Merge_2 edge=34126779 lane=0 target=1 lane_count=1
traci-bridge-1         | LANE_CMD_STATE veh=Ramp_Merge_3 edge=34126779 lane=0 target=1 lane_count=1 recently=False speed=6.68
traci-bridge-1         | LANE_CMD_WAIT_EDGE veh=Ramp_Merge_3 edge=34126779 lane=0 target=1 lane_count=1
traci-bridge-1         | LANE_CMD_STATE veh=Ramp_Merge_2 edge=34126779 lane=0 target=1 lane_count=1 recently=False speed=5.52
traci-bridge-1         | LANE_CMD_WAIT_EDGE veh=Ramp_Merge_2 edge=34126779 lane=0 target=1 lane_count=1
traci-bridge-1         | LANE_CMD_STATE veh=Ramp_Merge_3 edge=34126779 lane=0 target=1 lane_count=1 recently=False speed=6.69
traci-bridge-1         | LANE_CMD_WAIT_EDGE veh=Ramp_Merge_3 edge=34126779 lane=0 target=1 lane_count=1
traci-bridge-1         | LANE_CMD_STATE veh=Ramp_Merge_2 edge=34126779 lane=0 target=1 lane_count=1 recently=False speed=5.51
traci-bridge-1         | LANE_CMD_WAIT_EDGE veh=Ramp_Merge_2 edge=34126779 lane=0 target=1 lane_count=1
traci-bridge-1         | LANE_CMD_STATE veh=Ramp_Merge_3 edge=34126779 lane=0 target=1 lane_count=1 recently=False speed=6.69
traci-bridge-1         | LANE_CMD_WAIT_EDGE veh=Ramp_Merge_3 edge=34126779 lane=0 target=1 lane_count=1
traci-bridge-1         | LANE_CMD_STATE veh=Ramp_Merge_2 edge=34126779 lane=0 target=1 lane_count=1 recently=False speed=5.50
traci-bridge-1         | LANE_CMD_WAIT_EDGE veh=Ramp_Merge_2 edge=34126779 lane=0 target=1 lane_count=1
traci-bridge-1         | LANE_CMD_STATE veh=Ramp_Merge_3 edge=34126779 lane=0 target=1 lane_count=1 recently=False speed=6.69
traci-bridge-1         | LANE_CMD_WAIT_EDGE veh=Ramp_Merge_3 edge=34126779 lane=0 target=1 lane_count=1
traci-bridge-1         | LANE_CMD_STATE veh=Ramp_Merge_2 edge=34126779 lane=0 target=1 lane_count=1 recently=False speed=5.49
traci-bridge-1         | LANE_CMD_WAIT_EDGE veh=Ramp_Merge_2 edge=34126779 lane=0 target=1 lane_count=1
traci-bridge-1         | LANE_CMD_STATE veh=Ramp_Merge_3 edge=34126779 lane=0 target=1 lane_count=1 recently=False speed=6.69
traci-bridge-1         | LANE_CMD_WAIT_EDGE veh=Ramp_Merge_3 edge=34126779 lane=0 target=1 lane_count=1
traci-bridge-1         | LANE_CMD_STATE veh=Ramp_Merge_2 edge=34126779 lane=0 target=1 lane_count=1 recently=False speed=5.48
traci-bridge-1         | LANE_CMD_WAIT_EDGE veh=Ramp_Merge_2 edge=34126779 lane=0 target=1 lane_count=1
traci-bridge-1         | LANE_CMD_STATE veh=Ramp_Merge_3 edge=34126779 lane=0 target=1 lane_count=1 recently=False speed=6.70
traci-bridge-1         | LANE_CMD_WAIT_EDGE veh=Ramp_Merge_3 edge=34126779 lane=0 target=1 lane_count=1
traci-bridge-1         | LANE_CMD_STATE veh=Ramp_Merge_2 edge=34126779 lane=0 target=1 lane_count=1 recently=False speed=5.47
traci-bridge-1         | LANE_CMD_WAIT_EDGE veh=Ramp_Merge_2 edge=34126779 lane=0 target=1 lane_count=1
traci-bridge-1         | LANE_CMD_STATE veh=Ramp_Merge_3 edge=34126779 lane=0 target=1 lane_count=1 recently=False speed=6.70
traci-bridge-1         | LANE_CMD_WAIT_EDGE veh=Ramp_Merge_3 edge=34126779 lane=0 target=1 lane_count=1
traci-bridge-1         | LANE_CMD_STATE veh=Ramp_Merge_2 edge=34126779 lane=0 target=1 lane_count=1 recently=False speed=5.46
traci-bridge-1         | LANE_CMD_WAIT_EDGE veh=Ramp_Merge_2 edge=34126779 lane=0 target=1 lane_count=1
traci-bridge-1         | LANE_CMD_STATE veh=Ramp_Merge_3 edge=34126779 lane=0 target=1 lane_count=1 recently=False speed=6.70
traci-bridge-1         | LANE_CMD_WAIT_EDGE veh=Ramp_Merge_3 edge=34126779 lane=0 target=1 lane_count=1
traci-bridge-1         | LANE_CMD_STATE veh=Ramp_Merge_2 edge=34126779 lane=0 target=1 lane_count=1 recently=False speed=5.44
traci-bridge-1         | LANE_CMD_WAIT_EDGE veh=Ramp_Merge_2 edge=34126779 lane=0 target=1 lane_count=1
traci-bridge-1         | LANE_CMD_STATE veh=Ramp_Merge_3 edge=34126779 lane=0 target=1 lane_count=1 recently=False speed=6.70
traci-bridge-1         | LANE_CMD_WAIT_EDGE veh=Ramp_Merge_3 edge=34126779 lane=0 target=1 lane_count=1
traci-bridge-1         | LANE_CMD_STATE veh=Ramp_Merge_2 edge=34126779 lane=0 target=1 lane_count=1 recently=False speed=5.43
traci-bridge-1         | LANE_CMD_WAIT_EDGE veh=Ramp_Merge_2 edge=34126779 lane=0 target=1 lane_count=1
traci-bridge-1         | LANE_CMD_STATE veh=Ramp_Merge_3 edge=34126779 lane=0 target=1 lane_count=1 recently=False speed=6.71
traci-bridge-1         | LANE_CMD_WAIT_EDGE veh=Ramp_Merge_3 edge=34126779 lane=0 target=1 lane_count=1
traci-bridge-1         | LANE_CMD_STATE veh=Ramp_Merge_2 edge=34126779 lane=0 target=1 lane_count=1 recently=False speed=5.42
traci-bridge-1         | LANE_CMD_WAIT_EDGE veh=Ramp_Merge_2 edge=34126779 lane=0 target=1 lane_count=1
traci-bridge-1         | LANE_CMD_STATE veh=Ramp_Merge_3 edge=34126779 lane=0 target=1 lane_count=1 recently=False speed=6.71
traci-bridge-1         | LANE_CMD_WAIT_EDGE veh=Ramp_Merge_3 edge=34126779 lane=0 target=1 lane_count=1
traci-bridge-1         | LANE_CMD_STATE veh=Ramp_Merge_2 edge=34126779 lane=0 target=1 lane_count=1 recently=False speed=5.41
traci-bridge-1         | LANE_CMD_WAIT_EDGE veh=Ramp_Merge_2 edge=34126779 lane=0 target=1 lane_count=1
traci-bridge-1         | LANE_CMD_STATE veh=Ramp_Merge_3 edge=34126779 lane=0 target=1 lane_count=1 recently=False speed=6.71
traci-bridge-1         | LANE_CMD_WAIT_EDGE veh=Ramp_Merge_3 edge=34126779 lane=0 target=1 lane_count=1
traci-bridge-1         | LANE_CMD_STATE veh=Ramp_Merge_2 edge=34126779 lane=0 target=1 lane_count=1 recently=False speed=5.40
traci-bridge-1         | LANE_CMD_WAIT_EDGE veh=Ramp_Merge_2 edge=34126779 lane=0 target=1 lane_count=1
traci-bridge-1         | LANE_CMD_STATE veh=Ramp_Merge_3 edge=34126779 lane=0 target=1 lane_count=1 recently=False speed=6.71
traci-bridge-1         | LANE_CMD_WAIT_EDGE veh=Ramp_Merge_3 edge=34126779 lane=0 target=1 lane_count=1
traci-bridge-1         | LANE_CMD_STATE veh=Ramp_Merge_2 edge=34126779 lane=0 target=1 lane_count=1 recently=False speed=5.39
traci-bridge-1         | LANE_CMD_WAIT_EDGE veh=Ramp_Merge_2 edge=34126779 lane=0 target=1 lane_count=1
traci-bridge-1         | LANE_CMD_STATE veh=Ramp_Merge_3 edge=34126779 lane=0 target=1 lane_count=1 recently=False speed=6.71
traci-bridge-1         | LANE_CMD_WAIT_EDGE veh=Ramp_Merge_3 edge=34126779 lane=0 target=1 lane_count=1
traci-bridge-1         | LANE_CMD_STATE veh=Ramp_Merge_2 edge=34126779 lane=0 target=1 lane_count=1 recently=False speed=5.38
traci-bridge-1         | LANE_CMD_WAIT_EDGE veh=Ramp_Merge_2 edge=34126779 lane=0 target=1 lane_count=1
traci-bridge-1         | LANE_CMD_STATE veh=Ramp_Merge_3 edge=34126779 lane=0 target=1 lane_count=1 recently=False speed=6.72
traci-bridge-1         | LANE_CMD_WAIT_EDGE veh=Ramp_Merge_3 edge=34126779 lane=0 target=1 lane_count=1
traci-bridge-1         | LANE_CMD_STATE veh=Ramp_Merge_2 edge=34126779 lane=0 target=1 lane_count=1 recently=False speed=5.37
traci-bridge-1         | LANE_CMD_WAIT_EDGE veh=Ramp_Merge_2 edge=34126779 lane=0 target=1 lane_count=1
traci-bridge-1         | LANE_CMD_STATE veh=Ramp_Merge_3 edge=34126779 lane=0 target=1 lane_count=1 recently=False speed=6.72
traci-bridge-1         | LANE_CMD_WAIT_EDGE veh=Ramp_Merge_3 edge=34126779 lane=0 target=1 lane_count=1
obu-main-back-right-1  | HOST_RESERVATION_HOLD: host=Main_Back_Right ramp=108 manoeuvre=35 remaining=2.8 own_speed=6.43 target_speed=6.41 ramp_fsm=NEGOTIATING ramp_lane_cmd_state=WAIT_EDGE ramp_edge=34126779 ramp_lane=0 ramp_merge_completed=False ramp_merge_committed=True
obu-main-back-right-1  | [19.5] Main_Back_Right HOST_HOLD_YIELD: for merge=108 spd=6.41
obu-ramp-merge-2-1     | [19.4] Ramp_Merge_2 MCM_RX_ACCEPT: from=106 manoeuvre=35 target=108
obu-ramp-merge-2-1     | [19.5] Ramp_Merge_2 FINAL_GUARD: REJECTED sid=105 gap=5.8 ttc_danger=False
obu-ramp-merge-3-1     | [19.5] Ramp_Merge_3 role=merge state=NEGOTIATING->NEGOTIATING speed=6.72 target=6.75 neighbors=11
obu-ramp-merge-2-1     | [19.5] Ramp_Merge_2 MERGE_COMMIT_SAFETY_HOLD: lgok=True hgok=True fgok=False edge=34126779 lane=0 target_lane=1 speed=5.35 lane_cmd_state=WAIT_EDGE lane_cmd_executable=False lane_cmd_edge=34126779 lane_cmd_lane_count=1
obu-ramp-back-1        | [19.5] Ramp_Back role=merge state=CRUISE->CRUISE speed=6.54 target=6.75 neighbors=11
obu-ramp-merge-2-1     | [19.5] Ramp_Merge_2 CAR_FOLLOW: sid=105 edge=34126779 lane=0 leader_edge= leader_lane=None leader_role_hint=main self_merge_completed=False self_merge_completed_age=-1.0 self_merge_committed=True lane_cmd_state=WAIT_EDGE lane_cmd_edge=34126779 lane_cmd_target=1 lane_cmd_executable=False same_lane=False reason=merge_conflict_eta gap=0.5 follow_spd=4.12 emergency=False target_before=2.25 target_after=5.103335740349668 target_after_raw=4.12
obu-ramp-merge-2-1     | [19.5] Ramp_Merge_2 role=merge state=NEGOTIATING->NEGOTIATING speed=5.35 target=5.10 neighbors=11
obu-ramp-merge-4-1     | [19.5] Ramp_Merge_4 FINAL_GUARD: REJECTED slot-boundary ETA sid=106
obu-ramp-merge-4-1     | [19.5] Ramp_Merge_4 MERGE_DECISION: auth=False phys=True fgok=False lgok=False hgok=True cok=True esok=True cready=True dtm=60.3 past=False committed=False hid=None ra=None lclear=True hyok=True
obu-ramp-merge-4-1     | [19.5] Ramp_Merge_4 role=merge state=CRUISE->CRUISE speed=6.35 target=6.10 neighbors=11
obu-lead-car-1         | [19.6] Lead_Car role=cruise state=CRUISE->CRUISE speed=7.50 target=7.50 neighbors=11
obu-ramp-merge-5-1     | [19.5] Ramp_Merge_5 MERGE_DECISION: auth=False phys=False fgok=True lgok=True hgok=True cok=True esok=True cready=False dtm=80.7 past=False committed=False hid=None ra=None lclear=True hyok=True
obu-main-mid-right-1   | [19.6] Main_Mid_Right role=cruise state=CRUISE->CRUISE speed=7.50 target=7.50 neighbors=11
obu-ramp-merge-2-1     | [19.6] Ramp_Merge_2 FINAL_GUARD: REJECTED sid=105 gap=5.1 ttc_danger=False
obu-ramp-merge-2-1     | [19.6] Ramp_Merge_2 MERGE_COMMIT_SAFETY_HOLD: lgok=True hgok=True fgok=False edge=34126779 lane=0 target_lane=1 speed=5.34 lane_cmd_state=WAIT_EDGE lane_cmd_executable=False lane_cmd_edge=34126779 lane_cmd_lane_count=1
obu-ramp-merge-2-1     | [19.6] Ramp_Merge_2 CAR_FOLLOW: sid=105 edge=34126779 lane=0 leader_edge= leader_lane=None leader_role_hint=main self_merge_completed=False self_merge_completed_age=-1.0 self_merge_committed=True lane_cmd_state=WAIT_EDGE lane_cmd_edge=34126779 lane_cmd_target=1 lane_cmd_executable=False same_lane=False reason=merge_conflict_eta gap=0.6 follow_spd=4.12 emergency=False target_before=2.25 target_after=5.092001736959496 target_after_raw=4.12
obu-ramp-merge-4-1     | [19.7] Ramp_Merge_4 FINAL_GUARD: REJECTED slot-boundary ETA sid=106
obu-ramp-merge-4-1     | [19.7] Ramp_Merge_4 MERGE_DECISION: auth=False phys=True fgok=False lgok=False hgok=True cok=True esok=True cready=True dtm=59.2 past=False committed=False hid=None ra=None lclear=True hyok=True
obu-main-back-right-1  | HOST_RESERVATION_HOLD: host=Main_Back_Right ramp=108 manoeuvre=35 remaining=2.6 own_speed=6.43 target_speed=6.41 ramp_fsm=NEGOTIATING ramp_lane_cmd_state=WAIT_EDGE ramp_edge=34126779 ramp_lane=0 ramp_merge_completed=False ramp_merge_committed=True
obu-main-back-right-1  | [19.7] Main_Back_Right HOST_HOLD_YIELD: for merge=108 spd=6.41
obu-main-back-right-1  | [19.7] Main_Back_Right MCM_TX_ACCEPT: manoeuvre=35 target=108
obu-host-car-1         | [19.8] Host_Car CAR_FOLLOW: sid=107 edge=1331698336 lane=1 leader_edge= leader_lane=None leader_role_hint=ramp self_merge_completed=False self_merge_completed_age=-1.0 self_merge_committed=False lane_cmd_state=None lane_cmd_edge=None lane_cmd_target=None lane_cmd_executable=None same_lane=True reason=same_lane_cam gap=11.6 follow_spd=5.76 emergency=False target_before=7.5 target_after=6.06157258673564 target_after_raw=5.76
obu-ramp-merge-4-1     | [19.8] Ramp_Merge_4 FINAL_GUARD: REJECTED slot-boundary ETA sid=106
obu-ramp-merge-4-1     | [19.8] Ramp_Merge_4 MERGE_DECISION: auth=False phys=True fgok=False lgok=False hgok=True cok=True esok=True cready=True dtm=58.6 past=False committed=False hid=None ra=None lclear=True hyok=True
obu-main-back-right-1  | HOST_RESERVATION_HOLD: host=Main_Back_Right ramp=108 manoeuvre=35 remaining=2.5 own_speed=6.43 target_speed=6.41 ramp_fsm=NEGOTIATING ramp_lane_cmd_state=WAIT_EDGE ramp_edge=34126779 ramp_lane=0 ramp_merge_completed=False ramp_merge_committed=True
obu-main-back-right-1  | [19.8] Main_Back_Right HOST_HOLD_YIELD: for merge=108 spd=6.41
obu-ramp-merge-5-1     | [19.8] Ramp_Merge_5 MERGE_DECISION: auth=False phys=False fgok=True lgok=True hgok=True cok=True esok=True cready=False dtm=79.4 past=False committed=False hid=None ra=None lclear=True hyok=True
obu-ramp-merge-2-1     | [19.8] Ramp_Merge_2 FINAL_GUARD: REJECTED sid=105 gap=5.3 ttc_danger=False
obu-ramp-merge-2-1     | [19.8] Ramp_Merge_2 MERGE_COMMIT_SAFETY_HOLD: lgok=True hgok=True fgok=False edge=34126779 lane=0 target_lane=1 speed=5.32 lane_cmd_state=WAIT_EDGE lane_cmd_executable=False lane_cmd_edge=34126779 lane_cmd_lane_count=1
obu-ramp-merge-2-1     | [19.8] Ramp_Merge_2 CAR_FOLLOW: sid=105 edge=34126779 lane=0 leader_edge= leader_lane=None leader_role_hint=main self_merge_completed=False self_merge_completed_age=-1.0 self_merge_committed=True lane_cmd_state=WAIT_EDGE lane_cmd_edge=34126779 lane_cmd_target=1 lane_cmd_executable=False same_lane=False reason=merge_conflict_eta gap=0.4 follow_spd=4.12 emergency=False target_before=2.25 target_after=5.068731802290038 target_after_raw=4.12
obu-ramp-merge-2-1     | [19.8] Ramp_Merge_2 MCM_RX_ACCEPT: from=106 manoeuvre=35 target=108
obu-main-back-right-1  | HOST_RESERVATION_HOLD: host=Main_Back_Right ramp=108 manoeuvre=35 remaining=2.3 own_speed=6.43 target_speed=6.41 ramp_fsm=NEGOTIATING ramp_lane_cmd_state=WAIT_EDGE ramp_edge=34126779 ramp_lane=0 ramp_merge_completed=False ramp_merge_committed=True
obu-main-back-right-1  | [20.0] Main_Back_Right HOST_HOLD_YIELD: for merge=108 spd=6.41
obu-main-back-right-1  | [20.0] Main_Back_Right MCM_TX_ACCEPT: manoeuvre=35 target=108
obu-main-back-right-1  | [20.0] Main_Back_Right role=host state=YIELDING->YIELDING speed=6.43 target=6.41 neighbors=11
obu-ramp-merge-5-1     | [20.0] Ramp_Merge_5 MERGE_DECISION: auth=False phys=False fgok=True lgok=True hgok=True cok=True esok=True cready=False dtm=78.6 past=False committed=False hid=None ra=None lclear=True hyok=True
obu-ramp-merge-2-1     | [20.0] Ramp_Merge_2 MERGE_PREPARE_WAIT_LANE_AVAILABLE: edge=34126779 lane=0 target_lane=1 lane_count=1 executable=False dtm=13.6 speed=5.30 host=106 lead=104
obu-ramp-merge-2-1     | [20.0] Ramp_Merge_2 FINAL_GUARD: REJECTED sid=105 gap=4.5 ttc_danger=False
obu-ramp-merge-2-1     | [20.0] Ramp_Merge_2 MERGE_COMMIT_SAFETY_HOLD: lgok=True hgok=True fgok=False edge=34126779 lane=0 target_lane=1 speed=5.30 lane_cmd_state=WAIT_EDGE lane_cmd_executable=False lane_cmd_edge=34126779 lane_cmd_lane_count=1
obu-ramp-merge-2-1     | [20.0] Ramp_Merge_2 CAR_FOLLOW: sid=107 edge=34126779 lane=0 leader_edge= leader_lane=None leader_role_hint=ramp self_merge_completed=False self_merge_completed_age=-1.0 self_merge_committed=True lane_cmd_state=WAIT_EDGE lane_cmd_edge=34126779 lane_cmd_target=1 lane_cmd_executable=False same_lane=False reason=merge_conflict_eta gap=0.6 follow_spd=4.12 emergency=False target_before=2.25 target_after=5.0454621241868365 target_after_raw=4.12
obu-ramp-merge-4-1     | [20.0] Ramp_Merge_4 MERGE_DECISION: auth=False phys=True fgok=True lgok=False hgok=True cok=True esok=True cready=True dtm=57.5 past=False committed=False hid=None ra=None lclear=True hyok=True
obu-main-back-right-1  | HOST_RESERVATION_HOLD: host=Main_Back_Right ramp=108 manoeuvre=35 remaining=2.2 own_speed=6.43 target_speed=6.41 ramp_fsm=NEGOTIATING ramp_lane_cmd_state=WAIT_EDGE ramp_edge=34126779 ramp_lane=0 ramp_merge_completed=False ramp_merge_committed=True
obu-main-back-right-1  | [20.1] Main_Back_Right HOST_HOLD_YIELD: for merge=108 spd=6.41
obu-ramp-merge-2-1     | [20.1] Ramp_Merge_2 FINAL_GUARD: REJECTED sid=105 gap=4.7 ttc_danger=False
obu-ramp-merge-2-1     | [20.1] Ramp_Merge_2 MERGE_COMMIT_SAFETY_HOLD: lgok=True hgok=True fgok=False edge=34126779 lane=0 target_lane=1 speed=5.28 lane_cmd_state=WAIT_EDGE lane_cmd_executable=False lane_cmd_edge=34126779 lane_cmd_lane_count=1
obu-ramp-merge-2-1     | [20.1] Ramp_Merge_2 CAR_FOLLOW: sid=107 edge=34126779 lane=0 leader_edge= leader_lane=None leader_role_hint=ramp self_merge_completed=False self_merge_completed_age=-1.0 self_merge_committed=True lane_cmd_state=WAIT_EDGE lane_cmd_edge=34126779 lane_cmd_target=1 lane_cmd_executable=False same_lane=False reason=merge_conflict_eta gap=0.7 follow_spd=4.12 emergency=False target_before=2.25 target_after=5.034125608091997 target_after_raw=4.12
obu-main-front-left-1  | [20.1] Main_Front_Left role=cruise state=CRUISE->CRUISE speed=7.50 target=7.50 neighbors=11
obu-main-back-left-1   | [20.1] Main_Back_Left role=lead state=CRUISE->CRUISE speed=6.90 target=7.50 neighbors=11
obu-host-car-1         | [20.1] Host_Car CAR_FOLLOW: sid=107 edge=1331698336 lane=1 leader_edge= leader_lane=None leader_role_hint=ramp self_merge_completed=False self_merge_completed_age=-1.0 self_merge_committed=False lane_cmd_state=None lane_cmd_edge=None lane_cmd_target=None lane_cmd_executable=None same_lane=True reason=same_lane_cam gap=11.7 follow_spd=5.93 emergency=False target_before=7.5 target_after=6.090825373759193 target_after_raw=5.93
obu-host-car-1         | [20.1] Host_Car role=lead state=CRUISE->YIELDING speed=6.34 target=6.09 neighbors=11
obu-ramp-merge-2-1     | [20.1] Ramp_Merge_2 MCM_RX_ACCEPT: from=106 manoeuvre=35 target=108
obu-ramp-merge-5-1     | [20.2] Ramp_Merge_5 MERGE_DECISION: auth=False phys=False fgok=True lgok=True hgok=True cok=True esok=True cready=False dtm=77.6 past=False committed=False hid=None ra=None lclear=True hyok=True
obu-ramp-merge-4-1     | [20.1] Ramp_Merge_4 MERGE_DECISION: auth=False phys=True fgok=True lgok=False hgok=True cok=True esok=True cready=True dtm=56.9 past=False committed=False hid=None ra=None lclear=True hyok=True
obu-main-back-right-1  | HOST_RESERVATION_HOLD: host=Main_Back_Right ramp=108 manoeuvre=35 remaining=2.0 own_speed=6.43 target_speed=6.41 ramp_fsm=NEGOTIATING ramp_lane_cmd_state=WAIT_EDGE ramp_edge=34126779 ramp_lane=0 ramp_merge_completed=False ramp_merge_committed=True
obu-main-back-right-1  | [20.3] Main_Back_Right HOST_HOLD_YIELD: for merge=108 spd=6.41
obu-main-back-right-1  | [20.3] Main_Back_Right MCM_TX_ACCEPT: manoeuvre=35 target=108
obu-ramp-merge-2-1     | [20.3] Ramp_Merge_2 FINAL_GUARD: REJECTED sid=105 gap=4.2 ttc_danger=False
obu-ramp-merge-2-1     | [20.3] Ramp_Merge_2 MERGE_COMMIT_SAFETY_HOLD: lgok=False hgok=True fgok=False edge=34126779 lane=0 target_lane=1 speed=5.26 lane_cmd_state=WAIT_EDGE lane_cmd_executable=False lane_cmd_edge=34126779 lane_cmd_lane_count=1
obu-ramp-merge-2-1     | [20.3] Ramp_Merge_2 CAR_FOLLOW: sid=105 edge=34126779 lane=0 leader_edge= leader_lane=None leader_role_hint=main self_merge_completed=False self_merge_completed_age=-1.0 self_merge_committed=True lane_cmd_state=WAIT_EDGE lane_cmd_edge=34126779 lane_cmd_target=1 lane_cmd_executable=False same_lane=False reason=merge_conflict_eta gap=0.5 follow_spd=4.12 emergency=False target_before=2.25 target_after=5.011394402316403 target_after_raw=4.12
obu-merge-car-1        | [20.3] Merge_Car role=cruise state=CRUISE->CRUISE speed=6.99 target=7.50 neighbors=11
obu-ramp-merge-5-1     | [20.4] Ramp_Merge_5 MERGE_DECISION: auth=False phys=False fgok=True lgok=True hgok=True cok=True esok=True cready=False dtm=76.6 past=False committed=False hid=None ra=None lclear=True hyok=True
obu-ramp-merge-5-1     | [20.4] Ramp_Merge_5 role=merge state=CRUISE->CRUISE speed=6.75 target=6.75 neighbors=11
obu-ramp-merge-2-1     | [20.3] Ramp_Merge_2 MCM_RX_ACCEPT: from=106 manoeuvre=35 target=108
obu-ramp-merge-4-1     | [20.4] Ramp_Merge_4 MERGE_DECISION: auth=False phys=True fgok=True lgok=False hgok=True cok=True esok=True cready=True dtm=55.2 past=False committed=False hid=None ra=None lclear=True hyok=True
obu-main-back-right-1  | HOST_RESERVATION_HOLD: host=Main_Back_Right ramp=108 manoeuvre=35 remaining=1.8 own_speed=6.42 target_speed=6.41 ramp_fsm=NEGOTIATING ramp_lane_cmd_state=WAIT_EDGE ramp_edge=34126779 ramp_lane=0 ramp_merge_completed=False ramp_merge_committed=True
obu-main-back-right-1  | [20.5] Main_Back_Right HOST_HOLD_YIELD: for merge=108 spd=6.41
obu-ramp-merge-2-1     | [20.5] Ramp_Merge_2 FINAL_GUARD: REJECTED slot-boundary ETA sid=104
obu-ramp-merge-2-1     | [20.5] Ramp_Merge_2 MERGE_COMMIT_SAFETY_HOLD: lgok=False hgok=True fgok=False edge=34126779 lane=0 target_lane=1 speed=5.24 lane_cmd_state=WAIT_EDGE lane_cmd_executable=False lane_cmd_edge=34126779 lane_cmd_lane_count=1
obu-ramp-merge-2-1     | [20.5] Ramp_Merge_2 CAR_FOLLOW: sid=105 edge=34126779 lane=0 leader_edge= leader_lane=None leader_role_hint=main self_merge_completed=False self_merge_completed_age=-1.0 self_merge_committed=True lane_cmd_state=WAIT_EDGE lane_cmd_edge=34126779 lane_cmd_target=1 lane_cmd_executable=False same_lane=False reason=merge_conflict_eta gap=0.7 follow_spd=4.12 emergency=False target_before=2.25 target_after=4.988099134590744 target_after_raw=4.12
obu-ramp-merge-2-1     | [20.5] Ramp_Merge_2 role=merge state=NEGOTIATING->NEGOTIATING speed=5.24 target=4.99 neighbors=11
obu-ramp-merge-3-1     | [20.5] Ramp_Merge_3 MERGE_PREPARE_WAIT_LANE_AVAILABLE: edge=34126779 lane=0 target_lane=1 lane_count=1 executable=False dtm=29.2 speed=6.73 host=106 lead=105
obu-ramp-merge-3-1     | [20.5] Ramp_Merge_3 role=merge state=NEGOTIATING->NEGOTIATING speed=6.73 target=6.75 neighbors=11
obu-ramp-merge-5-1     | [20.5] Ramp_Merge_5 MERGE_DECISION: auth=False phys=False fgok=True lgok=True hgok=True cok=True esok=True cready=False dtm=76.1 past=False committed=False hid=None ra=None lclear=True hyok=True
obu-ramp-back-1        | [20.5] Ramp_Back role=merge state=CRUISE->CRUISE speed=6.62 target=6.75 neighbors=11
obu-ramp-merge-4-1     | [20.5] Ramp_Merge_4 MERGE_DECISION: auth=False phys=True fgok=True lgok=False hgok=True cok=True esok=True cready=True dtm=54.6 past=False committed=False hid=None ra=None lclear=True hyok=True
obu-ramp-merge-4-1     | [20.5] Ramp_Merge_4 CAR_FOLLOW: sid=106 edge=34126779 lane=0 leader_edge= leader_lane=None leader_role_hint=main self_merge_completed=False self_merge_completed_age=-1.0 self_merge_committed=False lane_cmd_state=None lane_cmd_edge=None lane_cmd_target=None lane_cmd_executable=None same_lane=False reason=merge_conflict_eta gap=1.4 follow_spd=6.20 emergency=False target_before=6.203626298928809 target_after=6.203626298928809 target_after_raw=6.20
obu-ramp-merge-4-1     | [20.5] Ramp_Merge_4 role=merge state=CRUISE->YIELDING speed=6.26 target=6.20 neighbors=11
obu-ramp-merge-5-1     | [20.6] Ramp_Merge_5 MERGE_DECISION: auth=False phys=False fgok=True lgok=True hgok=True cok=True esok=True cready=False dtm=75.6 past=False committed=False hid=None ra=None lclear=True hyok=True
obu-lead-car-1         | [20.6] Lead_Car role=cruise state=CRUISE->CRUISE speed=7.50 target=7.50 neighbors=11
obu-ramp-merge-4-1     | [20.6] Ramp_Merge_4 MERGE_DECISION: auth=False phys=True fgok=True lgok=False hgok=True cok=True esok=True cready=True dtm=54.1 past=False committed=False hid=None ra=None lclear=True hyok=True
obu-ramp-merge-4-1     | [20.6] Ramp_Merge_4 CAR_FOLLOW: sid=106 edge=34126779 lane=0 leader_edge= leader_lane=None leader_role_hint=main self_merge_completed=False self_merge_completed_age=-1.0 self_merge_committed=False lane_cmd_state=None lane_cmd_edge=None lane_cmd_target=None lane_cmd_executable=None same_lane=False reason=merge_conflict_eta gap=1.3 follow_spd=6.14 emergency=False target_before=6.139963016508035 target_after=6.139963016508035 target_after_raw=6.14
obu-main-back-right-1  | HOST_RESERVATION_HOLD: host=Main_Back_Right ramp=108 manoeuvre=35 remaining=1.7 own_speed=6.42 target_speed=6.41 ramp_fsm=NEGOTIATING ramp_lane_cmd_state=WAIT_EDGE ramp_edge=34126779 ramp_lane=0 ramp_merge_completed=False ramp_merge_committed=True
obu-main-back-right-1  | [20.6] Main_Back_Right HOST_HOLD_YIELD: for merge=108 spd=6.41
obu-main-back-right-1  | [20.6] Main_Back_Right MCM_TX_ACCEPT: manoeuvre=35 target=108
obu-host-car-1         | [20.6] Host_Car CAR_FOLLOW: sid=107 edge=1331698336 lane=1 leader_edge= leader_lane=None leader_role_hint=ramp self_merge_completed=False self_merge_completed_age=-1.0 self_merge_committed=False lane_cmd_state=None lane_cmd_edge=None lane_cmd_target=None lane_cmd_executable=None same_lane=True reason=same_lane_cam gap=12.0 follow_spd=6.18 emergency=False target_before=7.5 target_after=6.180000000000001 target_after_raw=6.18
obu-main-mid-right-1   | [20.6] Main_Mid_Right role=cruise state=CRUISE->CRUISE speed=7.50 target=7.50 neighbors=11
obu-ramp-merge-2-1     | [20.6] Ramp_Merge_2 FINAL_GUARD: REJECTED slot-boundary ETA sid=104
obu-ramp-merge-2-1     | MERGE_ATTEMPT_TIMELINE: vehicle=Ramp_Merge_2 manoeuvre=35 host=106 lead=104 event=ABORT_SAFETY_HOLD t=20.6 edge=34126779 lane=0 lane_cmd_state=WAIT_EDGE speed=5.23 target=6.75 dtm=10.7 lead_gap=13.90 host_gap=32.40 lead_gap_t1=13.90 lead_gap_t2=13.90 lead_gap_t3=13.90 host_gap_t1=31.21 host_gap_t2=30.01 host_gap_t3=28.82
obu-ramp-merge-2-1     | [20.6] Ramp_Merge_2 MERGE_COMMIT_ABORT_SAFETY_HOLD: lgok=False hgok=True fgok=False edge=34126779 lane=0 target_lane=1 speed=5.23 lane_cmd_state=WAIT_EDGE lane_cmd_executable=False lane_cmd_edge=34126779 lane_cmd_lane_count=1
obu-ramp-merge-2-1     | [20.6] Ramp_Merge_2 CAR_FOLLOW: sid=105 edge=34126779 lane=0 leader_edge= leader_lane=None leader_role_hint=main self_merge_completed=False self_merge_completed_age=-1.0 self_merge_committed=False lane_cmd_state=WAIT_EDGE lane_cmd_edge=34126779 lane_cmd_target=1 lane_cmd_executable=False same_lane=False reason=merge_conflict_eta gap=0.6 follow_spd=4.12 emergency=False target_before=6.75 target_after=4.976763897977027 target_after_raw=4.12
obu-ramp-merge-2-1     | [20.6] Ramp_Merge_2 MCM_RX_ACCEPT: from=106 manoeuvre=35 target=108
obu-main-back-right-1  | HOST_RESERVATION_HOLD: host=Main_Back_Right ramp=108 manoeuvre=35 remaining=1.5 own_speed=6.42 target_speed=6.41 ramp_fsm=NEGOTIATING ramp_lane_cmd_state=WAIT_EDGE ramp_edge=34126779 ramp_lane=0 ramp_merge_completed=False ramp_merge_committed=False
obu-main-back-right-1  | [20.8] Main_Back_Right HOST_HOLD_YIELD: for merge=108 spd=6.41
obu-ramp-merge-5-1     | [20.8] Ramp_Merge_5 MERGE_DECISION: auth=False phys=False fgok=True lgok=True hgok=True cok=True esok=True cready=False dtm=74.6 past=False committed=False hid=None ra=None lclear=True hyok=True
obu-ramp-merge-4-1     | [20.8] Ramp_Merge_4 MERGE_DECISION: auth=False phys=True fgok=True lgok=False hgok=True cok=True esok=True cready=True dtm=53.0 past=False committed=False hid=None ra=None lclear=True hyok=True
obu-ramp-merge-4-1     | [20.8] Ramp_Merge_4 CAR_FOLLOW: sid=106 edge=34126779 lane=0 leader_edge= leader_lane=None leader_role_hint=main self_merge_completed=False self_merge_completed_age=-1.0 self_merge_committed=False lane_cmd_state=None lane_cmd_edge=None lane_cmd_target=None lane_cmd_executable=None same_lane=False reason=merge_conflict_eta gap=1.3 follow_spd=6.08 emergency=False target_before=6.082361626301298 target_after=6.082361626301298 target_after_raw=6.08
obu-ramp-merge-2-1     | MERGE_SLOT_QUALITY_DIAG: vehicle=Ramp_Merge_2 event=REQUEST_NEW t=20.8 manoeuvre=36 source=new_request lead=105 host=106 own_eta=1.88 lead_eta=1.36 host_eta=7.71 min_eta=2.86 max_eta=6.21 desired_eta=2.86 gap_possible=True dtm=9.8 edge=34126779 lane=0 speed=5.20 lead_speed=6.79 host_speed=6.00 lead_gap=0.00 host_gap=33.21 lead_gap_t1=0.00 lead_gap_t2=0.00 lead_gap_t3=0.00 host_gap_t1=32.41 host_gap_t2=31.62 host_gap_t3=30.82 rel_to_lead=1.59 rel_to_host=0.80 lead_lat=3.73 host_lat=5.92 pending=True accepted=False authorized=False committed=False pending_age=0.00 accepted_age=None lane_cmd_state=WAIT_EDGE lane_cmd_target=1
obu-ramp-merge-2-1     | MERGE_ATTEMPT_TIMELINE: vehicle=Ramp_Merge_2 manoeuvre=36 host=106 lead=104 event=REQUEST_SENT t=20.8 edge=34126779 lane=0 lane_cmd_state=WAIT_EDGE speed=5.20 target=6.75 dtm=9.8 lead_gap=14.67 host_gap=33.21 lead_gap_t1=14.67 lead_gap_t2=14.67 lead_gap_t3=14.67 host_gap_t1=32.41 host_gap_t2=31.62 host_gap_t3=30.82
obu-ramp-merge-2-1     | [20.8] Ramp_Merge_2 MCM_TX_REQUEST: manoeuvre=36 target=106
obu-ramp-merge-2-1     | [20.8] Ramp_Merge_2 FINAL_GUARD: REJECTED slot-boundary sid=105 gap=3.8
obu-ramp-merge-2-1     | [20.8] Ramp_Merge_2 MERGE_LCLEAR_BLOCK: sid=105 gap=6.0 neighbor_age=0.2 from_memory=False dtm=9.8
obu-ramp-merge-2-1     | [20.8] Ramp_Merge_2 MERGE_DECISION: auth=False phys=True fgok=False lgok=False hgok=True cok=True esok=True cready=True dtm=9.8 past=False committed=False hid=106 ra=None lclear=False hyok=True
obu-ramp-merge-2-1     | [20.8] Ramp_Merge_2 CAR_FOLLOW: sid=105 edge=34126779 lane=0 leader_edge= leader_lane=None leader_role_hint=main self_merge_completed=False self_merge_completed_age=-1.0 self_merge_committed=False lane_cmd_state=WAIT_EDGE lane_cmd_edge=34126779 lane_cmd_target=1 lane_cmd_executable=False same_lane=False reason=merge_conflict_eta gap=0.5 follow_spd=4.12 emergency=False target_before=4.752927321716178 target_after=4.952927321716178 target_after_raw=4.12
obu-main-back-right-1  | [20.9] Main_Back_Right MCM_RX_REQUEST: from=108 manoeuvre=36 target=106
obu-ramp-merge-4-1     | [21.0] Ramp_Merge_4 MERGE_DECISION: auth=False phys=True fgok=True lgok=False hgok=True cok=True esok=True cready=True dtm=51.8 past=False committed=False hid=None ra=None lclear=True hyok=True
obu-ramp-merge-4-1     | [21.0] Ramp_Merge_4 CAR_FOLLOW: sid=106 edge=34126779 lane=0 leader_edge= leader_lane=None leader_role_hint=main self_merge_completed=False self_merge_completed_age=-1.0 self_merge_committed=False lane_cmd_state=None lane_cmd_edge=None lane_cmd_target=None lane_cmd_executable=None same_lane=False reason=merge_conflict_eta gap=1.3 follow_spd=6.09 emergency=False target_before=6.093328178955883 target_after=6.093328178955883 target_after_raw=6.09
obu-main-back-right-1  | HOST_MANOEUVRE_ID_UPDATE: host=Main_Back_Right ramp=108 old_mid=35 new_mid=36
obu-main-back-right-1  | HOST_RESERVATION_HOLD: host=Main_Back_Right ramp=108 manoeuvre=36 remaining=1.3 own_speed=6.42 target_speed=6.41 ramp_fsm=YIELDING ramp_lane_cmd_state=WAIT_EDGE ramp_edge=34126779 ramp_lane=0 ramp_merge_completed=False ramp_merge_committed=False
obu-main-back-right-1  | [21.0] Main_Back_Right HOST_HOLD_YIELD: for merge=108 spd=6.41
obu-main-back-right-1  | [21.0] Main_Back_Right MCM_TX_ACCEPT: manoeuvre=36 target=108
obu-main-back-right-1  | [21.0] Main_Back_Right role=host state=YIELDING->YIELDING speed=6.42 target=6.41 neighbors=11
obu-ramp-merge-5-1     | [21.0] Ramp_Merge_5 MERGE_DECISION: auth=False phys=False fgok=True lgok=True hgok=True cok=True esok=True cready=False dtm=73.6 past=False committed=False hid=None ra=None lclear=True hyok=True
obu-ramp-back-1        | [21.0] Ramp_Back MERGE_LCLEAR_BLOCK: sid=106 gap=9.9 neighbor_age=0.1 from_memory=False dtm=94.9
obu-ramp-back-1        | [21.0] Ramp_Back MERGE_DECISION: auth=False phys=False fgok=True lgok=True hgok=True cok=True esok=True cready=False dtm=94.9 past=False committed=False hid=None ra=None lclear=False hyok=True
obu-ramp-merge-2-1     | [21.0] Ramp_Merge_2 FINAL_GUARD: REJECTED slot-boundary sid=105 gap=3.7
obu-ramp-merge-2-1     | [21.0] Ramp_Merge_2 MERGE_DECISION: auth=False phys=True fgok=False lgok=False hgok=True cok=True esok=True cready=True dtm=8.9 past=False committed=False hid=106 ra=None lclear=False hyok=True
obu-ramp-merge-2-1     | [21.0] Ramp_Merge_2 CAR_FOLLOW: sid=105 edge=34126779 lane=0 leader_edge= leader_lane=None leader_role_hint=main self_merge_completed=False self_merge_completed_age=-1.0 self_merge_committed=False lane_cmd_state=WAIT_EDGE lane_cmd_edge=34126779 lane_cmd_target=1 lane_cmd_executable=False same_lane=False reason=merge_conflict_eta gap=0.6 follow_spd=4.12 emergency=False target_before=4.730876387901611 target_after=4.930876387901611 target_after_raw=4.12
obu-main-front-left-1  | [21.1] Main_Front_Left role=cruise state=CRUISE->CRUISE speed=7.50 target=7.50 neighbors=11
obu-host-car-1         | [21.1] Host_Car role=cruise state=CRUISE->CRUISE speed=6.54 target=7.50 neighbors=11
obu-main-back-left-1   | [21.1] Main_Back_Left role=lead state=CRUISE->CRUISE speed=6.74 target=7.50 neighbors=11
obu-ramp-merge-2-1     | [21.0] Ramp_Merge_2 MCM_RX_ACCEPT: from=106 manoeuvre=36 target=108
obu-main-back-right-1  | HOST_RESERVATION_HOLD: host=Main_Back_Right ramp=108 manoeuvre=36 remaining=1.2 own_speed=6.42 target_speed=6.41 ramp_fsm=YIELDING ramp_lane_cmd_state=WAIT_EDGE ramp_edge=34126779 ramp_lane=0 ramp_merge_completed=False ramp_merge_committed=False
obu-main-back-right-1  | [21.1] Main_Back_Right HOST_HOLD_YIELD: for merge=108 spd=6.41
obu-ramp-merge-5-1     | [21.1] Ramp_Merge_5 MERGE_DECISION: auth=False phys=False fgok=True lgok=True hgok=True cok=True esok=True cready=False dtm=73.1 past=False committed=False hid=None ra=None lclear=True hyok=True
obu-ramp-merge-4-1     | MERGE_ATTEMPT_TIMELINE: vehicle=Ramp_Merge_4 manoeuvre=96 host=None lead=None event=AUTHORIZED t=21.1 edge=34126779 lane=0 lane_cmd_state=NONE speed=6.22 target=6.40 dtm=51.2 lead_gap= host_gap= lead_gap_t1= lead_gap_t2= lead_gap_t3= host_gap_t1= host_gap_t2= host_gap_t3=
obu-ramp-merge-4-1     | MERGE_AUTHORIZED_LEAD_ONLY_AFTER_LAST_MAIN: vehicle=Ramp_Merge_4 lead=106 dtm=51.2 lead_gap=18.30 lead_gap_t1=18.30 lead_gap_t2=18.30 source=true_after_last_main
obu-ramp-merge-4-1     | [21.1] Ramp_Merge_4 MERGE_DECISION: auth=True phys=True fgok=True lgok=True hgok=True cok=True esok=True cready=True dtm=51.2 past=False committed=False hid=None ra=None lclear=True hyok=True
obu-ramp-merge-4-1     | [21.1] Ramp_Merge_4 MERGE_PREPARE_WAIT_LANE_AVAILABLE: edge=None lane=None target_lane=None lane_count=None executable=None dtm=51.2 speed=6.22 host=None lead=106
obu-ramp-merge-2-1     | MCM_REQUEST_RETRY_DIAG: vehicle=Ramp_Merge_2 host=106 lead=105 manoeuvre=36 retry_count=1 pending_age=0.4 dtm=8.1 own_eta=1.56 host_eta_current=6.717901239690184 host_eta_at_request=7.710870291502473 lead_eta_current=0.8782789702138192 lead_eta_at_request=1.357754489853154 last_response_action=2 last_response_age=0.1999999999999993 host_remote_fsm=YIELDING host_remote_edge=560761994 host_remote_lane=0 host_remote_merge_committed=False host_remote_merge_completed=False host_remote_active_merge_request=True host_remote_active_station_id=108 host_remote_active_manoeuvre_id=35 host_remote_active_remaining_s=1.5
obu-ramp-merge-2-1     | MERGE_SLOT_QUALITY_DIAG: vehicle=Ramp_Merge_2 event=REQUEST_RETRY t=21.2 manoeuvre=36 source=retry_request lead=105 host=106 own_eta=1.56 lead_eta=1.36 host_eta=6.72 min_eta=2.86 max_eta=5.22 desired_eta=2.86 gap_possible=True dtm=8.1 edge=34126779 lane=0 speed=5.16 lead_speed=6.74 host_speed=6.41 lead_gap=0.00 host_gap=32.08 lead_gap_t1=0.00 lead_gap_t2=0.00 lead_gap_t3=0.00 host_gap_t1=30.83 host_gap_t2=29.58 host_gap_t3=28.32 rel_to_lead=-1.58 rel_to_host=1.25 lead_lat=3.52 host_lat=5.72 pending=True accepted=False authorized=False committed=False pending_age=0.40 accepted_age=None lane_cmd_state=WAIT_EDGE lane_cmd_target=1
obu-ramp-merge-2-1     | [21.2] Ramp_Merge_2 MCM_TX_REQUEST: manoeuvre=36 target=106
obu-ramp-merge-2-1     | MERGE_ATTEMPT_TIMELINE: vehicle=Ramp_Merge_2 manoeuvre=36 host=106 lead=104 event=ACCEPT_MATCHED t=21.2 edge=34126779 lane=0 lane_cmd_state=WAIT_EDGE speed=5.16 target=6.75 dtm=8.1 lead_gap=14.55 host_gap=32.08 lead_gap_t1=14.55 lead_gap_t2=14.55 lead_gap_t3=14.55 host_gap_t1=30.83 host_gap_t2=29.58 host_gap_t3=28.32
obu-ramp-merge-2-1     | MERGE_SLOT_QUALITY_DIAG: vehicle=Ramp_Merge_2 event=ACCEPT_MATCHED t=21.2 manoeuvre=36 source=accept_matched lead=105 host=106 own_eta=1.56 lead_eta=1.36 host_eta=6.72 min_eta=2.86 max_eta=5.22 desired_eta=2.86 gap_possible=True dtm=8.1 edge=34126779 lane=0 speed=5.16 lead_speed=6.74 host_speed=6.41 lead_gap=0.00 host_gap=32.08 lead_gap_t1=0.00 lead_gap_t2=0.00 lead_gap_t3=0.00 host_gap_t1=30.83 host_gap_t2=29.58 host_gap_t3=28.32 rel_to_lead=-1.58 rel_to_host=1.25 lead_lat=3.52 host_lat=5.72 pending=True accepted=False authorized=False committed=False pending_age=0.40 accepted_age=None lane_cmd_state=WAIT_EDGE lane_cmd_target=1
obu-ramp-merge-2-1     | [21.2] Ramp_Merge_2 MCM_ACCEPT_MATCHED: host=106 manoeuvre=36
obu-ramp-merge-2-1     | [21.2] Ramp_Merge_2 FINAL_GUARD: REJECTED slot-boundary sid=105 gap=3.6
obu-ramp-merge-2-1     | MERGE_SLOT_QUALITY_DIAG: vehicle=Ramp_Merge_2 event=ACCEPTED_WAIT_SLOT_VALID t=21.2 manoeuvre=36 source=pending_request lead=105 host=106 own_eta=1.56 lead_eta=0.88 host_eta=6.72 min_eta=2.38 max_eta=5.22 desired_eta=2.38 gap_possible=True dtm=8.1 edge=34126779 lane=0 speed=5.16 lead_speed=6.74 host_speed=6.41 lead_gap=0.00 host_gap=32.08 lead_gap_t1=0.00 lead_gap_t2=0.00 lead_gap_t3=0.00 host_gap_t1=30.83 host_gap_t2=29.58 host_gap_t3=28.32 rel_to_lead=-1.58 rel_to_host=1.25 lead_lat=3.52 host_lat=5.72 pending=True accepted=True authorized=False committed=False pending_age=0.40 accepted_age=0.00 lane_cmd_state=WAIT_EDGE lane_cmd_target=1
obu-ramp-merge-2-1     | [21.2] Ramp_Merge_2 MERGE_ACCEPTED_WAIT_SLOT_VALID: reason=lgok=False(gap=0.00),fgok=False,lclear=False,lgok_proj=False(t1=0.00, t2=0.00)
obu-ramp-merge-2-1     | [21.2] Ramp_Merge_2 MERGE_DECISION: auth=False phys=True fgok=False lgok=False hgok=True cok=True esok=True cready=True dtm=8.1 past=False committed=False hid=106 ra=2 lclear=False hyok=True
obu-ramp-merge-2-1     | [21.2] Ramp_Merge_2 CAR_FOLLOW: sid=105 edge=34126779 lane=0 leader_edge= leader_lane=None leader_role_hint=main self_merge_completed=False self_merge_completed_age=-1.0 self_merge_committed=False lane_cmd_state=WAIT_EDGE lane_cmd_edge=34126779 lane_cmd_target=1 lane_cmd_executable=False same_lane=False reason=merge_conflict_eta gap=0.7 follow_spd=4.12 emergency=False target_before=4.707548807257803 target_after=4.907548807257803 target_after_raw=4.12
obu-ramp-back-1        | [21.2] Ramp_Back MERGE_DECISION: auth=False phys=False fgok=True lgok=True hgok=True cok=True esok=True cready=False dtm=94.2 past=False committed=False hid=None ra=None lclear=True hyok=True
obu-main-back-right-1  | [21.3] Main_Back_Right MCM_RX_REQUEST: from=108 manoeuvre=36 target=106
obu-ramp-merge-4-1     | [21.3] Ramp_Merge_4 MERGE_LANE_WAIT_EDGE_CONFIRMED: edge=34126779 lane=0 target_lane=1 lane_count=1 executable=False
obu-merge-car-1        | [21.3] Merge_Car role=cruise state=CRUISE->CRUISE speed=7.19 target=7.50 neighbors=11
obu-ramp-merge-5-1     | [21.3] Ramp_Merge_5 MERGE_DECISION: auth=False phys=False fgok=True lgok=True hgok=True cok=True esok=True cready=False dtm=72.2 past=False committed=False hid=None ra=None lclear=True hyok=True
obu-ramp-merge-4-1     | [21.3] Ramp_Merge_4 MERGE_PREPARE_WAIT_LANE_AVAILABLE: edge=34126779 lane=0 target_lane=1 lane_count=1 executable=False dtm=50.1 speed=6.21 host=None lead=106
obu-ramp-merge-4-1     | MERGE_ATTEMPT_TIMELINE: vehicle=Ramp_Merge_4 manoeuvre=96 host=None lead=106 event=WAIT_EDGE t=21.3 edge=34126779 lane=0 lane_cmd_state=WAIT_EDGE speed=6.21 target=6.75 dtm=50.1 lead_gap=16.33 host_gap= lead_gap_t1=16.33 lead_gap_t2=16.33 lead_gap_t3=16.33 host_gap_t1= host_gap_t2= host_gap_t3=
obu-ramp-merge-4-1     | MERGE_WAIT_EDGE_ROLLING_FLOOR: vehicle=Ramp_Merge_4 waited_s=0.2 edge=34126779 lane=0 target_lane=1 lane_count=1 speed=6.21 target=6.21 floor=3.38 dtm=50.1 lead=106
obu-ramp-merge-4-1     | [21.3] Ramp_Merge_4 CAR_FOLLOW: sid=106 edge=34126779 lane=0 leader_edge= leader_lane=None leader_role_hint=main self_merge_completed=False self_merge_completed_age=-1.0 self_merge_committed=True lane_cmd_state=WAIT_EDGE lane_cmd_edge=34126779 lane_cmd_target=1 lane_cmd_executable=False same_lane=False reason=merge_conflict_eta gap=1.3 follow_spd=6.09 emergency=False target_before=6.207752757528151 target_after=6.0914545049635604 target_after_raw=6.09
obu-ramp-merge-2-1     | [21.3] Ramp_Merge_2 FINAL_GUARD: REJECTED slot-boundary sid=105 gap=3.5
obu-ramp-merge-2-1     | [21.3] Ramp_Merge_2 MERGE_DECISION: auth=False phys=True fgok=False lgok=False hgok=True cok=True esok=True cready=True dtm=7.6 past=False committed=False hid=106 ra=2 lclear=False hyok=True
obu-ramp-merge-2-1     | [21.3] Ramp_Merge_2 CAR_FOLLOW: sid=105 edge=34126779 lane=0 leader_edge= leader_lane=None leader_role_hint=main self_merge_completed=False self_merge_completed_age=-1.0 self_merge_committed=False lane_cmd_state=WAIT_EDGE lane_cmd_edge=34126779 lane_cmd_target=1 lane_cmd_executable=False same_lane=False reason=merge_conflict_eta gap=0.6 follow_spd=4.12 emergency=False target_before=4.696215186289994 target_after=4.896215186289994 target_after_raw=4.12
obu-main-back-right-1  | HOST_RESERVATION_HOLD: host=Main_Back_Right ramp=108 manoeuvre=36 remaining=1.0 own_speed=6.42 target_speed=6.41 ramp_fsm=YIELDING ramp_lane_cmd_state=WAIT_EDGE ramp_edge=34126779 ramp_lane=0 ramp_merge_completed=False ramp_merge_committed=False
obu-main-back-right-1  | [21.3] Main_Back_Right HOST_HOLD_YIELD: for merge=108 spd=6.41
obu-main-back-right-1  | [21.3] Main_Back_Right MCM_TX_ACCEPT: manoeuvre=36 target=108
obu-ramp-back-1        | [21.3] Ramp_Back MERGE_DECISION: auth=False phys=False fgok=True lgok=True hgok=True cok=True esok=True cready=False dtm=93.9 past=False committed=False hid=None ra=None lclear=True hyok=True
obu-ramp-merge-2-1     | [21.4] Ramp_Merge_2 MCM_RX_ACCEPT: from=106 manoeuvre=36 target=108
obu-ramp-merge-3-1     | [21.5] Ramp_Merge_3 MERGE_PREPARE_WAIT_LANE_AVAILABLE: edge=34126779 lane=0 target_lane=1 lane_count=1 executable=False dtm=22.9 speed=5.80 host=106 lead=105
obu-ramp-merge-3-1     | [21.5] Ramp_Merge_3 role=merge state=NEGOTIATING->NEGOTIATING speed=5.80 target=5.98 neighbors=11
obu-main-mid-right-1   | [21.6] Main_Mid_Right role=cruise state=CRUISE->CRUISE speed=7.50 target=7.50 neighbors=11
traci-bridge-1         | LANE_CMD_STATE veh=Ramp_Merge_2 edge=34126779 lane=0 target=1 lane_count=1 recently=False speed=5.35
traci-bridge-1         | LANE_CMD_WAIT_EDGE veh=Ramp_Merge_2 edge=34126779 lane=0 target=1 lane_count=1
traci-bridge-1         | LANE_CMD_STATE veh=Ramp_Merge_3 edge=34126779 lane=0 target=1 lane_count=1 recently=False speed=6.72
traci-bridge-1         | LANE_CMD_WAIT_EDGE veh=Ramp_Merge_3 edge=34126779 lane=0 target=1 lane_count=1
traci-bridge-1         | LANE_CMD_STATE veh=Ramp_Merge_2 edge=34126779 lane=0 target=1 lane_count=1 recently=False speed=5.34
traci-bridge-1         | LANE_CMD_WAIT_EDGE veh=Ramp_Merge_2 edge=34126779 lane=0 target=1 lane_count=1
traci-bridge-1         | LANE_CMD_STATE veh=Ramp_Merge_3 edge=34126779 lane=0 target=1 lane_count=1 recently=False speed=6.72
traci-bridge-1         | LANE_CMD_WAIT_EDGE veh=Ramp_Merge_3 edge=34126779 lane=0 target=1 lane_count=1
traci-bridge-1         | LANE_CMD_STATE veh=Ramp_Merge_2 edge=34126779 lane=0 target=1 lane_count=1 recently=False speed=5.33
traci-bridge-1         | LANE_CMD_WAIT_EDGE veh=Ramp_Merge_2 edge=34126779 lane=0 target=1 lane_count=1
traci-bridge-1         | LANE_CMD_STATE veh=Ramp_Merge_3 edge=34126779 lane=0 target=1 lane_count=1 recently=False speed=6.72
traci-bridge-1         | LANE_CMD_WAIT_EDGE veh=Ramp_Merge_3 edge=34126779 lane=0 target=1 lane_count=1
traci-bridge-1         | LANE_CMD_STATE veh=Ramp_Merge_2 edge=34126779 lane=0 target=1 lane_count=1 recently=False speed=5.32
traci-bridge-1         | LANE_CMD_WAIT_EDGE veh=Ramp_Merge_2 edge=34126779 lane=0 target=1 lane_count=1
traci-bridge-1         | LANE_CMD_STATE veh=Ramp_Merge_3 edge=34126779 lane=0 target=1 lane_count=1 recently=False speed=6.72
traci-bridge-1         | LANE_CMD_WAIT_EDGE veh=Ramp_Merge_3 edge=34126779 lane=0 target=1 lane_count=1
traci-bridge-1         | LANE_CMD_STATE veh=Ramp_Merge_2 edge=34126779 lane=0 target=1 lane_count=1 recently=False speed=5.31
traci-bridge-1         | LANE_CMD_WAIT_EDGE veh=Ramp_Merge_2 edge=34126779 lane=0 target=1 lane_count=1
traci-bridge-1         | LANE_CMD_STATE veh=Ramp_Merge_3 edge=34126779 lane=0 target=1 lane_count=1 recently=False speed=6.73
traci-bridge-1         | LANE_CMD_WAIT_EDGE veh=Ramp_Merge_3 edge=34126779 lane=0 target=1 lane_count=1
traci-bridge-1         | LANE_CMD_STATE veh=Ramp_Merge_2 edge=34126779 lane=0 target=1 lane_count=1 recently=False speed=5.30
traci-bridge-1         | LANE_CMD_WAIT_EDGE veh=Ramp_Merge_2 edge=34126779 lane=0 target=1 lane_count=1
traci-bridge-1         | LANE_CMD_STATE veh=Ramp_Merge_3 edge=34126779 lane=0 target=1 lane_count=1 recently=False speed=6.73
traci-bridge-1         | LANE_CMD_WAIT_EDGE veh=Ramp_Merge_3 edge=34126779 lane=0 target=1 lane_count=1
traci-bridge-1         | LANE_CMD_STATE veh=Ramp_Merge_2 edge=34126779 lane=0 target=1 lane_count=1 recently=False speed=5.28
traci-bridge-1         | LANE_CMD_WAIT_EDGE veh=Ramp_Merge_2 edge=34126779 lane=0 target=1 lane_count=1
traci-bridge-1         | LANE_CMD_STATE veh=Ramp_Merge_3 edge=34126779 lane=0 target=1 lane_count=1 recently=False speed=6.73
traci-bridge-1         | LANE_CMD_WAIT_EDGE veh=Ramp_Merge_3 edge=34126779 lane=0 target=1 lane_count=1
traci-bridge-1         | LANE_CMD_STATE veh=Ramp_Merge_2 edge=34126779 lane=0 target=1 lane_count=1 recently=False speed=5.27
traci-bridge-1         | LANE_CMD_WAIT_EDGE veh=Ramp_Merge_2 edge=34126779 lane=0 target=1 lane_count=1
traci-bridge-1         | LANE_CMD_STATE veh=Ramp_Merge_3 edge=34126779 lane=0 target=1 lane_count=1 recently=False speed=6.73
traci-bridge-1         | LANE_CMD_WAIT_EDGE veh=Ramp_Merge_3 edge=34126779 lane=0 target=1 lane_count=1
traci-bridge-1         | LANE_CMD_STATE veh=Ramp_Merge_2 edge=34126779 lane=0 target=1 lane_count=1 recently=False speed=5.26
traci-bridge-1         | LANE_CMD_WAIT_EDGE veh=Ramp_Merge_2 edge=34126779 lane=0 target=1 lane_count=1
traci-bridge-1         | LANE_CMD_STATE veh=Ramp_Merge_3 edge=34126779 lane=0 target=1 lane_count=1 recently=False speed=6.73
traci-bridge-1         | LANE_CMD_WAIT_EDGE veh=Ramp_Merge_3 edge=34126779 lane=0 target=1 lane_count=1
traci-bridge-1         | LANE_CMD_STATE veh=Ramp_Merge_2 edge=34126779 lane=0 target=1 lane_count=1 recently=False speed=5.25
traci-bridge-1         | LANE_CMD_WAIT_EDGE veh=Ramp_Merge_2 edge=34126779 lane=0 target=1 lane_count=1
traci-bridge-1         | LANE_CMD_STATE veh=Ramp_Merge_3 edge=34126779 lane=0 target=1 lane_count=1 recently=False speed=6.73
traci-bridge-1         | LANE_CMD_WAIT_EDGE veh=Ramp_Merge_3 edge=34126779 lane=0 target=1 lane_count=1
traci-bridge-1         | LANE_CMD_STATE veh=Ramp_Merge_2 edge=34126779 lane=0 target=1 lane_count=1 recently=False speed=5.24
traci-bridge-1         | LANE_CMD_WAIT_EDGE veh=Ramp_Merge_2 edge=34126779 lane=0 target=1 lane_count=1
traci-bridge-1         | LANE_CMD_STATE veh=Ramp_Merge_3 edge=34126779 lane=0 target=1 lane_count=1 recently=False speed=6.73
traci-bridge-1         | LANE_CMD_WAIT_EDGE veh=Ramp_Merge_3 edge=34126779 lane=0 target=1 lane_count=1
traci-bridge-1         | LANE_CMD_STATE veh=Ramp_Merge_2 edge=34126779 lane=0 target=1 lane_count=1 recently=False speed=5.23
traci-bridge-1         | LANE_CMD_WAIT_EDGE veh=Ramp_Merge_2 edge=34126779 lane=0 target=1 lane_count=1
traci-bridge-1         | LANE_CMD_STATE veh=Ramp_Merge_3 edge=34126779 lane=0 target=1 lane_count=1 recently=False speed=6.73
traci-bridge-1         | LANE_CMD_WAIT_EDGE veh=Ramp_Merge_3 edge=34126779 lane=0 target=1 lane_count=1
traci-bridge-1         | LANE_CMD_STATE veh=Ramp_Merge_2 edge=34126779 lane=0 target=1 lane_count=1 recently=False speed=5.21
traci-bridge-1         | LANE_CMD_WAIT_EDGE veh=Ramp_Merge_2 edge=34126779 lane=0 target=1 lane_count=1
traci-bridge-1         | LANE_CMD_STATE veh=Ramp_Merge_3 edge=34126779 lane=0 target=1 lane_count=1 recently=False speed=6.73
traci-bridge-1         | LANE_CMD_WAIT_EDGE veh=Ramp_Merge_3 edge=34126779 lane=0 target=1 lane_count=1
traci-bridge-1         | LANE_CMD_STATE veh=Ramp_Merge_2 edge=34126779 lane=0 target=1 lane_count=1 recently=False speed=5.20
traci-bridge-1         | LANE_CMD_WAIT_EDGE veh=Ramp_Merge_2 edge=34126779 lane=0 target=1 lane_count=1
traci-bridge-1         | LANE_CMD_STATE veh=Ramp_Merge_3 edge=34126779 lane=0 target=1 lane_count=1 recently=False speed=6.67
traci-bridge-1         | LANE_CMD_WAIT_EDGE veh=Ramp_Merge_3 edge=34126779 lane=0 target=1 lane_count=1
traci-bridge-1         | LANE_CMD_STATE veh=Ramp_Merge_2 edge=34126779 lane=0 target=1 lane_count=1 recently=False speed=5.19
traci-bridge-1         | LANE_CMD_WAIT_EDGE veh=Ramp_Merge_2 edge=34126779 lane=0 target=1 lane_count=1
traci-bridge-1         | LANE_CMD_STATE veh=Ramp_Merge_3 edge=34126779 lane=0 target=1 lane_count=1 recently=False speed=6.61
traci-bridge-1         | LANE_CMD_WAIT_EDGE veh=Ramp_Merge_3 edge=34126779 lane=0 target=1 lane_count=1
traci-bridge-1         | LANE_CMD_STATE veh=Ramp_Merge_2 edge=34126779 lane=0 target=1 lane_count=1 recently=False speed=5.18
traci-bridge-1         | LANE_CMD_WAIT_EDGE veh=Ramp_Merge_2 edge=34126779 lane=0 target=1 lane_count=1
traci-bridge-1         | LANE_CMD_STATE veh=Ramp_Merge_3 edge=34126779 lane=0 target=1 lane_count=1 recently=False speed=6.55
traci-bridge-1         | LANE_CMD_WAIT_EDGE veh=Ramp_Merge_3 edge=34126779 lane=0 target=1 lane_count=1
traci-bridge-1         | LANE_CMD_STATE veh=Ramp_Merge_2 edge=34126779 lane=0 target=1 lane_count=1 recently=False speed=5.17
traci-bridge-1         | LANE_CMD_WAIT_EDGE veh=Ramp_Merge_2 edge=34126779 lane=0 target=1 lane_count=1
traci-bridge-1         | LANE_CMD_STATE veh=Ramp_Merge_3 edge=34126779 lane=0 target=1 lane_count=1 recently=False speed=6.49
traci-bridge-1         | LANE_CMD_WAIT_EDGE veh=Ramp_Merge_3 edge=34126779 lane=0 target=1 lane_count=1
traci-bridge-1         | LANE_CMD_STATE veh=Ramp_Merge_2 edge=34126779 lane=0 target=1 lane_count=1 recently=False speed=5.16
traci-bridge-1         | LANE_CMD_WAIT_EDGE veh=Ramp_Merge_2 edge=34126779 lane=0 target=1 lane_count=1
traci-bridge-1         | LANE_CMD_STATE veh=Ramp_Merge_3 edge=34126779 lane=0 target=1 lane_count=1 recently=False speed=6.23
traci-bridge-1         | LANE_CMD_WAIT_EDGE veh=Ramp_Merge_3 edge=34126779 lane=0 target=1 lane_count=1
traci-bridge-1         | LANE_CMD_STATE veh=Ramp_Merge_2 edge=34126779 lane=0 target=1 lane_count=1 recently=False speed=5.15
traci-bridge-1         | LANE_CMD_WAIT_EDGE veh=Ramp_Merge_2 edge=34126779 lane=0 target=1 lane_count=1
traci-bridge-1         | LANE_CMD_STATE veh=Ramp_Merge_3 edge=34126779 lane=0 target=1 lane_count=1 recently=False speed=6.25
traci-bridge-1         | LANE_CMD_WAIT_EDGE veh=Ramp_Merge_3 edge=34126779 lane=0 target=1 lane_count=1
traci-bridge-1         | LANE_CMD_STATE veh=Ramp_Merge_4 edge=34126779 lane=0 target=1 lane_count=1 recently=False speed=6.21
traci-bridge-1         | LANE_CMD_WAIT_EDGE veh=Ramp_Merge_4 edge=34126779 lane=0 target=1 lane_count=1
traci-bridge-1         | LANE_CMD_STATE veh=Ramp_Merge_2 edge=34126779 lane=0 target=1 lane_count=1 recently=False speed=5.13
traci-bridge-1         | LANE_CMD_WAIT_EDGE veh=Ramp_Merge_2 edge=34126779 lane=0 target=1 lane_count=1
traci-bridge-1         | LANE_CMD_STATE veh=Ramp_Merge_3 edge=34126779 lane=0 target=1 lane_count=1 recently=False speed=6.01
traci-bridge-1         | LANE_CMD_WAIT_EDGE veh=Ramp_Merge_3 edge=34126779 lane=0 target=1 lane_count=1
traci-bridge-1         | LANE_CMD_STATE veh=Ramp_Merge_4 edge=34126779 lane=0 target=1 lane_count=1 recently=False speed=6.22
traci-bridge-1         | LANE_CMD_WAIT_EDGE veh=Ramp_Merge_4 edge=34126779 lane=0 target=1 lane_count=1
traci-bridge-1         | LANE_CMD_STATE veh=Ramp_Merge_2 edge=34126779 lane=0 target=1 lane_count=1 recently=False speed=5.12
traci-bridge-1         | LANE_CMD_WAIT_EDGE veh=Ramp_Merge_2 edge=34126779 lane=0 target=1 lane_count=1
traci-bridge-1         | LANE_CMD_STATE veh=Ramp_Merge_3 edge=34126779 lane=0 target=1 lane_count=1 recently=False speed=5.80
traci-bridge-1         | LANE_CMD_WAIT_EDGE veh=Ramp_Merge_3 edge=34126779 lane=0 target=1 lane_count=1
traci-bridge-1         | LANE_CMD_STATE veh=Ramp_Merge_4 edge=34126779 lane=0 target=1 lane_count=1 recently=False speed=6.23
traci-bridge-1         | LANE_CMD_WAIT_EDGE veh=Ramp_Merge_4 edge=34126779 lane=0 target=1 lane_count=1
obu-ramp-back-1        | [21.5] Ramp_Back MERGE_DECISION: auth=False phys=False fgok=True lgok=True hgok=True cok=True esok=True cready=False dtm=93.2 past=False committed=False hid=None ra=None lclear=True hyok=True
obu-ramp-back-1        | [21.5] Ramp_Back role=merge state=CRUISE->CRUISE speed=6.67 target=6.75 neighbors=11
obu-lead-car-1         | [21.6] Lead_Car role=cruise state=CRUISE->CRUISE speed=7.50 target=7.50 neighbors=11
obu-ramp-merge-5-1     | [21.5] Ramp_Merge_5 MERGE_DECISION: auth=False phys=False fgok=True lgok=True hgok=True cok=True esok=True cready=False dtm=71.2 past=False committed=False hid=None ra=None lclear=True hyok=True
obu-ramp-merge-5-1     | [21.5] Ramp_Merge_5 role=merge state=CRUISE->CRUISE speed=6.75 target=6.75 neighbors=11
obu-ramp-merge-4-1     | [21.5] Ramp_Merge_4 CAR_FOLLOW: sid=106 edge=34126779 lane=0 leader_edge= leader_lane=None leader_role_hint=main self_merge_completed=False self_merge_completed_age=-1.0 self_merge_committed=True lane_cmd_state=WAIT_EDGE lane_cmd_edge=34126779 lane_cmd_target=1 lane_cmd_executable=False same_lane=False reason=merge_conflict_eta gap=1.3 follow_spd=6.10 emergency=False target_before=6.226508019190259 target_after=6.096388124742933 target_after_raw=6.10
obu-ramp-merge-4-1     | [21.5] Ramp_Merge_4 role=merge state=NEGOTIATING->NEGOTIATING speed=6.23 target=6.10 neighbors=11
obu-ramp-merge-2-1     | [21.5] Ramp_Merge_2 FINAL_GUARD: REJECTED slot-boundary sid=105 gap=3.5
obu-ramp-merge-2-1     | [21.5] Ramp_Merge_2 MERGE_DECISION: auth=False phys=True fgok=False lgok=False hgok=True cok=True esok=True cready=True dtm=6.9 past=False committed=False hid=106 ra=2 lclear=False hyok=True
obu-ramp-merge-2-1     | [21.5] Ramp_Merge_2 CAR_FOLLOW: sid=105 edge=34126779 lane=0 leader_edge= leader_lane=None leader_role_hint=main self_merge_completed=False self_merge_completed_age=-1.0 self_merge_committed=False lane_cmd_state=WAIT_EDGE lane_cmd_edge=34126779 lane_cmd_target=1 lane_cmd_executable=False same_lane=False reason=merge_conflict_eta gap=0.7 follow_spd=4.12 emergency=False target_before=4.672945214334355 target_after=4.872945214334355 target_after_raw=4.12
obu-ramp-merge-2-1     | [21.5] Ramp_Merge_2 role=merge state=YIELDING->YIELDING speed=5.12 target=4.87 neighbors=11
obu-main-back-right-1  | HOST_RESERVATION_HOLD: host=Main_Back_Right ramp=108 manoeuvre=36 remaining=0.7 own_speed=6.42 target_speed=6.41 ramp_fsm=YIELDING ramp_lane_cmd_state=WAIT_EDGE ramp_edge=34126779 ramp_lane=0 ramp_merge_completed=False ramp_merge_committed=False
obu-main-back-right-1  | [21.6] Main_Back_Right HOST_HOLD_YIELD: for merge=108 spd=6.41
obu-main-back-right-1  | [21.6] Main_Back_Right MCM_TX_ACCEPT: manoeuvre=36 target=108
obu-ramp-back-1        | [21.6] Ramp_Back MERGE_DECISION: auth=False phys=False fgok=True lgok=True hgok=True cok=True esok=True cready=False dtm=92.9 past=False committed=False hid=None ra=None lclear=True hyok=True
obu-ramp-merge-5-1     | [21.6] Ramp_Merge_5 MERGE_DECISION: auth=False phys=False fgok=True lgok=True hgok=True cok=True esok=True cready=False dtm=70.8 past=False committed=False hid=None ra=None lclear=True hyok=True
obu-ramp-merge-4-1     | [21.6] Ramp_Merge_4 CAR_FOLLOW: sid=106 edge=34126779 lane=0 leader_edge= leader_lane=None leader_role_hint=main self_merge_completed=False self_merge_completed_age=-1.0 self_merge_committed=True lane_cmd_state=WAIT_EDGE lane_cmd_edge=34126779 lane_cmd_target=1 lane_cmd_executable=False same_lane=False reason=merge_conflict_eta gap=1.2 follow_spd=6.02 emergency=False target_before=6.219755343478925 target_after=6.022961190922535 target_after_raw=6.02
obu-ramp-merge-2-1     | [21.6] Ramp_Merge_2 FINAL_GUARD: REJECTED slot-boundary sid=105 gap=3.5
obu-ramp-merge-2-1     | [21.6] Ramp_Merge_2 MERGE_DECISION: auth=False phys=True fgok=False lgok=False hgok=True cok=True esok=True cready=True dtm=6.5 past=False committed=False hid=106 ra=2 lclear=False hyok=True
obu-ramp-merge-2-1     | [21.6] Ramp_Merge_2 CAR_FOLLOW: sid=105 edge=34126779 lane=0 leader_edge= leader_lane=None leader_role_hint=main self_merge_completed=False self_merge_completed_age=-1.0 self_merge_committed=False lane_cmd_state=WAIT_EDGE lane_cmd_edge=34126779 lane_cmd_target=1 lane_cmd_executable=False same_lane=False reason=merge_conflict_eta gap=0.6 follow_spd=4.12 emergency=False target_before=4.661608712932137 target_after=4.861608712932137 target_after_raw=4.12
obu-ramp-merge-2-1     | [21.6] Ramp_Merge_2 MCM_RX_ACCEPT: from=106 manoeuvre=36 target=108
obu-ramp-back-1        | [21.8] Ramp_Back MERGE_DECISION: auth=False phys=False fgok=True lgok=True hgok=True cok=True esok=True cready=False dtm=92.3 past=False committed=False hid=None ra=None lclear=True hyok=True
obu-ramp-merge-2-1     | [21.8] Ramp_Merge_2 FINAL_GUARD: REJECTED slot-boundary sid=105 gap=4.0
obu-ramp-merge-2-1     | [21.8] Ramp_Merge_2 MERGE_DECISION: auth=False phys=True fgok=False lgok=False hgok=True cok=True esok=True cready=True dtm=5.9 past=False committed=False hid=106 ra=2 lclear=False hyok=True
obu-ramp-merge-2-1     | [21.8] Ramp_Merge_2 CAR_FOLLOW: sid=105 edge=34126779 lane=0 leader_edge= leader_lane=None leader_role_hint=main self_merge_completed=False self_merge_completed_age=-1.0 self_merge_committed=False lane_cmd_state=WAIT_EDGE lane_cmd_edge=34126779 lane_cmd_target=1 lane_cmd_executable=False same_lane=False reason=merge_conflict_eta gap=0.9 follow_spd=4.12 emergency=False target_before=4.638877520416634 target_after=4.838877520416634 target_after_raw=4.12
obu-main-back-right-1  | HOST_RESERVATION_HOLD: host=Main_Back_Right ramp=108 manoeuvre=36 remaining=0.4 own_speed=6.42 target_speed=6.41 ramp_fsm=YIELDING ramp_lane_cmd_state=WAIT_EDGE ramp_edge=34126779 ramp_lane=0 ramp_merge_completed=False ramp_merge_committed=False
obu-main-back-right-1  | [21.9] Main_Back_Right HOST_HOLD_YIELD: for merge=108 spd=6.41
obu-main-back-right-1  | [21.9] Main_Back_Right MCM_TX_ACCEPT: manoeuvre=36 target=108
obu-ramp-merge-5-1     | MERGE_ATTEMPT_TIMELINE: vehicle=Ramp_Merge_5 manoeuvre=None host=None lead=None event=AUTHORIZED t=21.8 edge=34126779 lane=0 lane_cmd_state=NONE speed=6.75 target=6.75 dtm=69.7 lead_gap= host_gap= lead_gap_t1= lead_gap_t2= lead_gap_t3= host_gap_t1= host_gap_t2= host_gap_t3=
obu-ramp-merge-5-1     | MERGE_AUTHORIZED_LEAD_ONLY_AFTER_LAST_MAIN: vehicle=Ramp_Merge_5 lead=106 dtm=69.7 lead_gap=42.24 lead_gap_t1=41.90 lead_gap_t2=41.56 source=true_after_last_main
obu-ramp-merge-5-1     | [21.8] Ramp_Merge_5 MERGE_DECISION: auth=True phys=True fgok=True lgok=True hgok=True cok=True esok=True cready=True dtm=69.7 past=False committed=False hid=None ra=None lclear=True hyok=True
obu-ramp-merge-5-1     | [21.8] Ramp_Merge_5 MERGE_PREPARE_WAIT_LANE_AVAILABLE: edge=None lane=None target_lane=None lane_count=None executable=None dtm=69.7 speed=6.75 host=None lead=106
obu-ramp-merge-4-1     | [21.9] Ramp_Merge_4 CAR_FOLLOW: sid=106 edge=34126779 lane=0 leader_edge= leader_lane=None leader_role_hint=main self_merge_completed=False self_merge_completed_age=-1.0 self_merge_committed=True lane_cmd_state=WAIT_EDGE lane_cmd_edge=34126779 lane_cmd_target=1 lane_cmd_executable=False same_lane=False reason=merge_conflict_eta gap=1.3 follow_spd=6.03 emergency=False target_before=6.194778338266671 target_after=6.030073398849233 target_after_raw=6.03
obu-ramp-merge-2-1     | [21.9] Ramp_Merge_2 MCM_RX_ACCEPT: from=106 manoeuvre=36 target=108
obu-ramp-merge-2-1     | [22.0] Ramp_Merge_2 FINAL_GUARD: REJECTED slot-boundary sid=105 gap=3.5
obu-ramp-merge-2-1     | [22.0] Ramp_Merge_2 MERGE_LCLEAR_BLOCK: sid=105 gap=1.9 neighbor_age=0.2 from_memory=False dtm=5.4
obu-ramp-merge-2-1     | [22.0] Ramp_Merge_2 MERGE_DECISION: auth=False phys=True fgok=False lgok=False hgok=True cok=True esok=True cready=True dtm=5.4 past=False committed=False hid=106 ra=2 lclear=False hyok=True
obu-ramp-merge-2-1     | [22.0] Ramp_Merge_2 CAR_FOLLOW: sid=105 edge=34126779 lane=0 leader_edge= leader_lane=None leader_role_hint=main self_merge_completed=False self_merge_completed_age=-1.0 self_merge_committed=False lane_cmd_state=WAIT_EDGE lane_cmd_edge=34126779 lane_cmd_target=1 lane_cmd_executable=False same_lane=False reason=merge_conflict_eta gap=0.8 follow_spd=4.12 emergency=False target_before=4.616718811686895 target_after=4.816718811686895 target_after_raw=4.12
obu-ramp-back-1        | [22.0] Ramp_Back MERGE_DECISION: auth=False phys=False fgok=True lgok=True hgok=True cok=True esok=True cready=False dtm=91.7 past=False committed=False hid=None ra=None lclear=True hyok=True
obu-ramp-merge-5-1     | [22.0] Ramp_Merge_5 MERGE_LANE_WAIT_EDGE_CONFIRMED: edge=34126779 lane=0 target_lane=1 lane_count=1 executable=False
obu-main-back-right-1  | HOST_RESERVATION_HOLD: host=Main_Back_Right ramp=108 manoeuvre=36 remaining=0.3 own_speed=6.41 target_speed=6.41 ramp_fsm=YIELDING ramp_lane_cmd_state=WAIT_EDGE ramp_edge=34126779 ramp_lane=0 ramp_merge_completed=False ramp_merge_committed=False
obu-main-back-right-1  | [22.0] Main_Back_Right HOST_HOLD_YIELD: for merge=108 spd=6.41
obu-main-back-right-1  | [22.0] Main_Back_Right role=host state=YIELDING->YIELDING speed=6.41 target=6.41 neighbors=11
obu-host-car-1         | [22.1] Host_Car role=cruise state=CRUISE->CRUISE speed=6.93 target=7.50 neighbors=11
obu-main-back-left-1   | [22.1] Main_Back_Left role=lead state=CRUISE->CRUISE speed=6.76 target=7.50 neighbors=11
obu-main-back-right-1  | HOST_RESERVATION_HOLD: host=Main_Back_Right ramp=108 manoeuvre=36 remaining=0.2 own_speed=6.41 target_speed=6.41 ramp_fsm=YIELDING ramp_lane_cmd_state=WAIT_EDGE ramp_edge=34126779 ramp_lane=0 ramp_merge_completed=False ramp_merge_committed=False
obu-main-back-right-1  | [22.1] Main_Back_Right HOST_HOLD_YIELD: for merge=108 spd=6.41
obu-main-front-left-1  | [22.1] Main_Front_Left role=cruise state=CRUISE->CRUISE speed=7.50 target=7.50 neighbors=11
obu-ramp-back-1        | [22.1] Ramp_Back MERGE_DECISION: auth=False phys=False fgok=True lgok=True hgok=True cok=True esok=True cready=False dtm=91.4 past=False committed=False hid=None ra=None lclear=True hyok=True
obu-ramp-merge-2-1     | [22.1] Ramp_Merge_2 FINAL_GUARD: REJECTED slot-boundary sid=105 gap=4.2
obu-ramp-merge-2-1     | [22.1] Ramp_Merge_2 MERGE_DECISION: auth=False phys=True fgok=False lgok=False hgok=True cok=True esok=True cready=True dtm=5.2 past=False committed=False hid=106 ra=2 lclear=False hyok=True
obu-ramp-merge-2-1     | [22.2] Ramp_Merge_2 MERGE_LANE_WAIT_EDGE_CONFIRMED: edge=:390064918_0 lane=0 target_lane=1 lane_count=1 executable=False
obu-ramp-merge-5-1     | [22.2] Ramp_Merge_5 MERGE_PREPARE_WAIT_LANE_AVAILABLE: edge=34126779 lane=0 target_lane=1 lane_count=1 executable=False dtm=67.5 speed=6.75 host=None lead=106
obu-ramp-merge-5-1     | MERGE_ATTEMPT_TIMELINE: vehicle=Ramp_Merge_5 manoeuvre=None host=None lead=106 event=WAIT_EDGE t=22.2 edge=34126779 lane=0 lane_cmd_state=WAIT_EDGE speed=6.75 target=6.75 dtm=67.5 lead_gap=40.98 host_gap= lead_gap_t1=40.64 lead_gap_t2=40.30 lead_gap_t3=39.96 host_gap_t1= host_gap_t2= host_gap_t3=
obu-ramp-merge-5-1     | MERGE_WAIT_EDGE_ROLLING_FLOOR: vehicle=Ramp_Merge_5 waited_s=0.4 edge=34126779 lane=0 target_lane=1 lane_count=1 speed=6.75 target=6.75 floor=3.38 dtm=67.5 lead=106
obu-main-back-right-1  | HOST_RESERVATION_HOLD: host=Main_Back_Right ramp=108 manoeuvre=36 remaining=0.0 own_speed=6.41 target_speed=6.41 ramp_fsm=YIELDING ramp_lane_cmd_state=WAIT_EDGE ramp_edge=34126779 ramp_lane=0 ramp_merge_completed=False ramp_merge_committed=False
obu-main-back-right-1  | [22.3] Main_Back_Right HOST_HOLD_YIELD: for merge=108 spd=6.41
obu-main-back-right-1  | [22.3] Main_Back_Right MCM_TX_ACCEPT: manoeuvre=36 target=108
obu-ramp-back-1        | [22.3] Ramp_Back MERGE_DECISION: auth=False phys=False fgok=True lgok=True hgok=True cok=True esok=True cready=False dtm=90.8 past=False committed=False hid=None ra=None lclear=True hyok=True
obu-ramp-merge-4-1     | [22.3] Ramp_Merge_4 MERGE_PREPARE_WAIT_LANE_AVAILABLE: edge=34126779 lane=0 target_lane=1 lane_count=1 executable=False dtm=44.2 speed=6.18 host=None lead=106
obu-ramp-merge-4-1     | MERGE_WAIT_EDGE_ROLLING_FLOOR: vehicle=Ramp_Merge_4 waited_s=1.2 edge=34126779 lane=0 target_lane=1 lane_count=1 speed=6.18 target=6.18 floor=3.38 dtm=44.2 lead=106
obu-ramp-merge-4-1     | [22.3] Ramp_Merge_4 CAR_FOLLOW: sid=106 edge=34126779 lane=0 leader_edge= leader_lane=None leader_role_hint=main self_merge_completed=False self_merge_completed_age=-1.0 self_merge_committed=True lane_cmd_state=WAIT_EDGE lane_cmd_edge=34126779 lane_cmd_target=1 lane_cmd_executable=False same_lane=False reason=merge_conflict_eta gap=1.4 follow_spd=6.13 emergency=False target_before=6.1791428329469475 target_after=6.126089143695686 target_after_raw=6.13
obu-ramp-merge-2-1     | [22.3] Ramp_Merge_2 FINAL_GUARD: REJECTED slot-boundary sid=105 gap=3.6
obu-ramp-merge-2-1     | MERGE_SLOT_QUALITY_DIAG: vehicle=Ramp_Merge_2 event=ACCEPTED_WAIT_SLOT_VALID t=22.3 manoeuvre=36 source=pending_request lead=105 host=106 own_eta=0.97 lead_eta=1.36 host_eta=5.72 min_eta=2.86 max_eta=4.22 desired_eta=2.86 gap_possible=True dtm=4.9 edge=:390064918_0 lane=0 speed=5.03 lead_speed=6.75 host_speed=6.41 lead_gap=0.00 host_gap=31.30 lead_gap_t1=0.00 lead_gap_t2=0.00 lead_gap_t3=0.00 host_gap_t1=29.93 host_gap_t2=28.55 host_gap_t3=27.17 rel_to_lead=-1.72 rel_to_host=1.38 lead_lat=3.17 host_lat=5.16 pending=True accepted=True authorized=False committed=False pending_age=1.50 accepted_age=0.00 lane_cmd_state=WAIT_EDGE lane_cmd_target=1
obu-ramp-merge-2-1     | [22.3] Ramp_Merge_2 MERGE_ACCEPTED_WAIT_SLOT_VALID: reason=lgok=False(gap=0.00),fgok=False,lclear=False,lgok_proj=False(t1=0.00, t2=0.00)
obu-ramp-merge-2-1     | [22.3] Ramp_Merge_2 MERGE_DECISION: auth=False phys=True fgok=False lgok=False hgok=True cok=True esok=True cready=True dtm=4.9 past=False committed=False hid=106 ra=2 lclear=False hyok=True
obu-merge-car-1        | [22.3] Merge_Car role=cruise state=CRUISE->CRUISE speed=7.32 target=7.50 neighbors=11
obu-ramp-merge-2-1     | [22.4] Ramp_Merge_2 MCM_RX_ACCEPT: from=106 manoeuvre=36 target=108
obu-main-back-right-1  | HOST_RESERVATION_RELEASE_MAX_TIMEOUT: host=Main_Back_Right ramp=108 manoeuvre=36 duration=10.2 ramp_fsm=YIELDING ramp_lcs=WAIT_EDGE ramp_edge=34126779 ramp_merge_completed=False
obu-ramp-merge-4-1     | [22.5] Ramp_Merge_4 CAR_FOLLOW: sid=106 edge=34126779 lane=0 leader_edge= leader_lane=None leader_role_hint=main self_merge_completed=False self_merge_completed_age=-1.0 self_merge_committed=True lane_cmd_state=WAIT_EDGE lane_cmd_edge=34126779 lane_cmd_target=1 lane_cmd_executable=False same_lane=False reason=merge_conflict_eta gap=1.5 follow_spd=6.14 emergency=False target_before=6.1764725368645035 target_after=6.136536077080192 target_after_raw=6.14
obu-ramp-merge-4-1     | [22.5] Ramp_Merge_4 role=merge state=NEGOTIATING->NEGOTIATING speed=6.18 target=6.14 neighbors=11
obu-ramp-merge-5-1     | [22.5] Ramp_Merge_5 role=merge state=NEGOTIATING->NEGOTIATING speed=6.75 target=6.75 neighbors=11
obu-lead-car-1         | [22.6] Lead_Car role=cruise state=CRUISE->CRUISE speed=7.50 target=7.50 neighbors=11
obu-ramp-back-1        | [22.5] Ramp_Back MERGE_DECISION: auth=False phys=False fgok=True lgok=True hgok=True cok=True esok=True cready=False dtm=90.1 past=False committed=False hid=None ra=None lclear=True hyok=True
obu-ramp-back-1        | [22.5] Ramp_Back role=merge state=CRUISE->CRUISE speed=6.70 target=6.75 neighbors=11
obu-ramp-merge-2-1     | [22.5] Ramp_Merge_2 FINAL_GUARD: REJECTED slot-boundary sid=105 gap=4.6
obu-ramp-merge-2-1     | [22.5] Ramp_Merge_2 MERGE_DECISION: auth=False phys=True fgok=False lgok=False hgok=True cok=True esok=True cready=True dtm=4.9 past=False committed=False hid=106 ra=2 lclear=False hyok=True
obu-ramp-merge-2-1     | [22.5] Ramp_Merge_2 role=merge state=YIELDING->YIELDING speed=4.99 target=4.54 neighbors=11
obu-ramp-merge-3-1     | [22.5] Ramp_Merge_3 MERGE_PREPARE_WAIT_LANE_AVAILABLE: edge=34126779 lane=0 target_lane=1 lane_count=1 executable=False dtm=17.4 speed=5.25 host=106 lead=105
obu-ramp-merge-3-1     | [22.5] Ramp_Merge_3 role=merge state=NEGOTIATING->NEGOTIATING speed=5.25 target=5.43 neighbors=11
obu-ramp-back-1        | [22.6] Ramp_Back MERGE_DECISION: auth=False phys=False fgok=True lgok=True hgok=True cok=True esok=True cready=False dtm=89.7 past=False committed=False hid=None ra=None lclear=True hyok=True
obu-ramp-merge-2-1     | [22.6] Ramp_Merge_2 FINAL_GUARD: REJECTED slot-boundary sid=105 gap=4.3
obu-ramp-merge-2-1     | [22.6] Ramp_Merge_2 MERGE_DECISION: auth=False phys=True fgok=False lgok=False hgok=True cok=True esok=True cready=True dtm=4.9 past=False committed=False hid=106 ra=2 lclear=False hyok=True
obu-main-mid-right-1   | [22.6] Main_Mid_Right role=cruise state=CRUISE->CRUISE speed=7.50 target=7.50 neighbors=11
traci-bridge-1         | LANE_CMD_STATE veh=Ramp_Merge_2 edge=34126779 lane=0 target=1 lane_count=1 recently=False speed=5.11
traci-bridge-1         | LANE_CMD_WAIT_EDGE veh=Ramp_Merge_2 edge=34126779 lane=0 target=1 lane_count=1
traci-bridge-1         | LANE_CMD_STATE veh=Ramp_Merge_3 edge=34126779 lane=0 target=1 lane_count=1 recently=False speed=5.84
traci-bridge-1         | LANE_CMD_WAIT_EDGE veh=Ramp_Merge_3 edge=34126779 lane=0 target=1 lane_count=1
traci-bridge-1         | LANE_CMD_STATE veh=Ramp_Merge_4 edge=34126779 lane=0 target=1 lane_count=1 recently=False speed=6.22
traci-bridge-1         | LANE_CMD_WAIT_EDGE veh=Ramp_Merge_4 edge=34126779 lane=0 target=1 lane_count=1
traci-bridge-1         | LANE_CMD_STATE veh=Ramp_Merge_2 edge=34126779 lane=0 target=1 lane_count=1 recently=False speed=5.10
traci-bridge-1         | LANE_CMD_WAIT_EDGE veh=Ramp_Merge_2 edge=34126779 lane=0 target=1 lane_count=1
traci-bridge-1         | LANE_CMD_STATE veh=Ramp_Merge_3 edge=34126779 lane=0 target=1 lane_count=1 recently=False speed=5.65
traci-bridge-1         | LANE_CMD_WAIT_EDGE veh=Ramp_Merge_3 edge=34126779 lane=0 target=1 lane_count=1
traci-bridge-1         | LANE_CMD_STATE veh=Ramp_Merge_4 edge=34126779 lane=0 target=1 lane_count=1 recently=False speed=6.21
traci-bridge-1         | LANE_CMD_WAIT_EDGE veh=Ramp_Merge_4 edge=34126779 lane=0 target=1 lane_count=1
traci-bridge-1         | LANE_CMD_STATE veh=Ramp_Merge_2 edge=34126779 lane=0 target=1 lane_count=1 recently=False speed=5.09
traci-bridge-1         | LANE_CMD_WAIT_EDGE veh=Ramp_Merge_2 edge=34126779 lane=0 target=1 lane_count=1
traci-bridge-1         | LANE_CMD_STATE veh=Ramp_Merge_3 edge=34126779 lane=0 target=1 lane_count=1 recently=False speed=5.66
traci-bridge-1         | LANE_CMD_WAIT_EDGE veh=Ramp_Merge_3 edge=34126779 lane=0 target=1 lane_count=1
traci-bridge-1         | LANE_CMD_STATE veh=Ramp_Merge_4 edge=34126779 lane=0 target=1 lane_count=1 recently=False speed=6.20
traci-bridge-1         | LANE_CMD_WAIT_EDGE veh=Ramp_Merge_4 edge=34126779 lane=0 target=1 lane_count=1
traci-bridge-1         | LANE_CMD_STATE veh=Ramp_Merge_2 edge=34126779 lane=0 target=1 lane_count=1 recently=False speed=5.08
traci-bridge-1         | LANE_CMD_WAIT_EDGE veh=Ramp_Merge_2 edge=34126779 lane=0 target=1 lane_count=1
traci-bridge-1         | LANE_CMD_STATE veh=Ramp_Merge_3 edge=34126779 lane=0 target=1 lane_count=1 recently=False speed=5.49
traci-bridge-1         | LANE_CMD_WAIT_EDGE veh=Ramp_Merge_3 edge=34126779 lane=0 target=1 lane_count=1
traci-bridge-1         | LANE_CMD_STATE veh=Ramp_Merge_4 edge=34126779 lane=0 target=1 lane_count=1 recently=False speed=6.19
traci-bridge-1         | LANE_CMD_WAIT_EDGE veh=Ramp_Merge_4 edge=34126779 lane=0 target=1 lane_count=1
traci-bridge-1         | LANE_CMD_STATE veh=Ramp_Merge_2 edge=34126779 lane=0 target=1 lane_count=1 recently=False speed=5.07
traci-bridge-1         | LANE_CMD_WAIT_EDGE veh=Ramp_Merge_2 edge=34126779 lane=0 target=1 lane_count=1
traci-bridge-1         | LANE_CMD_STATE veh=Ramp_Merge_3 edge=34126779 lane=0 target=1 lane_count=1 recently=False speed=5.51
traci-bridge-1         | LANE_CMD_WAIT_EDGE veh=Ramp_Merge_3 edge=34126779 lane=0 target=1 lane_count=1
traci-bridge-1         | LANE_CMD_STATE veh=Ramp_Merge_4 edge=34126779 lane=0 target=1 lane_count=1 recently=False speed=6.19
traci-bridge-1         | LANE_CMD_WAIT_EDGE veh=Ramp_Merge_4 edge=34126779 lane=0 target=1 lane_count=1
traci-bridge-1         | LANE_CMD_STATE veh=Ramp_Merge_5 edge=34126779 lane=0 target=1 lane_count=1 recently=False speed=6.75
traci-bridge-1         | LANE_CMD_WAIT_EDGE veh=Ramp_Merge_5 edge=34126779 lane=0 target=1 lane_count=1
traci-bridge-1         | LANE_CMD_STATE veh=Ramp_Merge_2 edge=34126779 lane=0 target=1 lane_count=1 recently=False speed=5.06
traci-bridge-1         | LANE_CMD_WAIT_EDGE veh=Ramp_Merge_2 edge=34126779 lane=0 target=1 lane_count=1
traci-bridge-1         | LANE_CMD_STATE veh=Ramp_Merge_3 edge=34126779 lane=0 target=1 lane_count=1 recently=False speed=5.35
traci-bridge-1         | LANE_CMD_WAIT_EDGE veh=Ramp_Merge_3 edge=34126779 lane=0 target=1 lane_count=1
traci-bridge-1         | LANE_CMD_STATE veh=Ramp_Merge_4 edge=34126779 lane=0 target=1 lane_count=1 recently=False speed=6.18
traci-bridge-1         | LANE_CMD_WAIT_EDGE veh=Ramp_Merge_4 edge=34126779 lane=0 target=1 lane_count=1
traci-bridge-1         | LANE_CMD_STATE veh=Ramp_Merge_5 edge=34126779 lane=0 target=1 lane_count=1 recently=False speed=6.75
traci-bridge-1         | LANE_CMD_WAIT_EDGE veh=Ramp_Merge_5 edge=34126779 lane=0 target=1 lane_count=1
traci-bridge-1         | LANE_CMD_STATE veh=Ramp_Merge_2 edge=:390064918_0 lane=0 target=1 lane_count=1 recently=False speed=5.04
traci-bridge-1         | LANE_CMD_WAIT_EDGE veh=Ramp_Merge_2 edge=:390064918_0 lane=0 target=1 lane_count=1
traci-bridge-1         | LANE_CMD_STATE veh=Ramp_Merge_3 edge=34126779 lane=0 target=1 lane_count=1 recently=False speed=5.37
traci-bridge-1         | LANE_CMD_WAIT_EDGE veh=Ramp_Merge_3 edge=34126779 lane=0 target=1 lane_count=1
traci-bridge-1         | LANE_CMD_STATE veh=Ramp_Merge_4 edge=34126779 lane=0 target=1 lane_count=1 recently=False speed=6.18
traci-bridge-1         | LANE_CMD_WAIT_EDGE veh=Ramp_Merge_4 edge=34126779 lane=0 target=1 lane_count=1
traci-bridge-1         | LANE_CMD_STATE veh=Ramp_Merge_5 edge=34126779 lane=0 target=1 lane_count=1 recently=False speed=6.75
traci-bridge-1         | LANE_CMD_WAIT_EDGE veh=Ramp_Merge_5 edge=34126779 lane=0 target=1 lane_count=1
traci-bridge-1         | LANE_CMD_STATE veh=Ramp_Merge_2 edge=:390064918_0 lane=0 target=1 lane_count=1 recently=False speed=5.03
traci-bridge-1         | LANE_CMD_WAIT_EDGE veh=Ramp_Merge_2 edge=:390064918_0 lane=0 target=1 lane_count=1
traci-bridge-1         | LANE_CMD_STATE veh=Ramp_Merge_3 edge=34126779 lane=0 target=1 lane_count=1 recently=False speed=5.38
traci-bridge-1         | LANE_CMD_WAIT_EDGE veh=Ramp_Merge_3 edge=34126779 lane=0 target=1 lane_count=1
traci-bridge-1         | LANE_CMD_STATE veh=Ramp_Merge_4 edge=34126779 lane=0 target=1 lane_count=1 recently=False speed=6.18
traci-bridge-1         | LANE_CMD_WAIT_EDGE veh=Ramp_Merge_4 edge=34126779 lane=0 target=1 lane_count=1
traci-bridge-1         | LANE_CMD_STATE veh=Ramp_Merge_5 edge=34126779 lane=0 target=1 lane_count=1 recently=False speed=6.75
traci-bridge-1         | LANE_CMD_WAIT_EDGE veh=Ramp_Merge_5 edge=34126779 lane=0 target=1 lane_count=1
traci-bridge-1         | LANE_CMD_STATE veh=Ramp_Merge_2 edge=:390064918_0 lane=0 target=1 lane_count=1 recently=False speed=5.01
traci-bridge-1         | LANE_CMD_WAIT_EDGE veh=Ramp_Merge_2 edge=:390064918_0 lane=0 target=1 lane_count=1
traci-bridge-1         | LANE_CMD_STATE veh=Ramp_Merge_3 edge=34126779 lane=0 target=1 lane_count=1 recently=False speed=5.24
traci-bridge-1         | LANE_CMD_WAIT_EDGE veh=Ramp_Merge_3 edge=34126779 lane=0 target=1 lane_count=1
traci-bridge-1         | LANE_CMD_STATE veh=Ramp_Merge_4 edge=34126779 lane=0 target=1 lane_count=1 recently=False speed=6.18
traci-bridge-1         | LANE_CMD_WAIT_EDGE veh=Ramp_Merge_4 edge=34126779 lane=0 target=1 lane_count=1
traci-bridge-1         | LANE_CMD_STATE veh=Ramp_Merge_5 edge=34126779 lane=0 target=1 lane_count=1 recently=False speed=6.75
traci-bridge-1         | LANE_CMD_WAIT_EDGE veh=Ramp_Merge_5 edge=34126779 lane=0 target=1 lane_count=1
traci-bridge-1         | LANE_CMD_STATE veh=Ramp_Merge_2 edge=:390064918_0 lane=0 target=1 lane_count=1 recently=False speed=4.99
traci-bridge-1         | LANE_CMD_WAIT_EDGE veh=Ramp_Merge_2 edge=:390064918_0 lane=0 target=1 lane_count=1
traci-bridge-1         | LANE_CMD_STATE veh=Ramp_Merge_3 edge=34126779 lane=0 target=1 lane_count=1 recently=False speed=5.25
traci-bridge-1         | LANE_CMD_WAIT_EDGE veh=Ramp_Merge_3 edge=34126779 lane=0 target=1 lane_count=1
traci-bridge-1         | LANE_CMD_STATE veh=Ramp_Merge_4 edge=34126779 lane=0 target=1 lane_count=1 recently=False speed=6.18
traci-bridge-1         | LANE_CMD_WAIT_EDGE veh=Ramp_Merge_4 edge=34126779 lane=0 target=1 lane_count=1
traci-bridge-1         | LANE_CMD_STATE veh=Ramp_Merge_5 edge=34126779 lane=0 target=1 lane_count=1 recently=False speed=6.75
traci-bridge-1         | LANE_CMD_WAIT_EDGE veh=Ramp_Merge_5 edge=34126779 lane=0 target=1 lane_count=1
traci-bridge-1         | LANE_CMD_STATE veh=Ramp_Merge_2 edge=:390064918_0 lane=0 target=1 lane_count=1 recently=False speed=4.97
traci-bridge-1         | LANE_CMD_WAIT_EDGE veh=Ramp_Merge_2 edge=:390064918_0 lane=0 target=1 lane_count=1
traci-bridge-1         | LANE_CMD_STATE veh=Ramp_Merge_3 edge=34126779 lane=0 target=1 lane_count=1 recently=False speed=5.27
traci-bridge-1         | LANE_CMD_WAIT_EDGE veh=Ramp_Merge_3 edge=34126779 lane=0 target=1 lane_count=1
traci-bridge-1         | LANE_CMD_STATE veh=Ramp_Merge_4 edge=34126779 lane=0 target=1 lane_count=1 recently=False speed=6.17
traci-bridge-1         | LANE_CMD_WAIT_EDGE veh=Ramp_Merge_4 edge=34126779 lane=0 target=1 lane_count=1
traci-bridge-1         | LANE_CMD_STATE veh=Ramp_Merge_5 edge=34126779 lane=0 target=1 lane_count=1 recently=False speed=6.75
traci-bridge-1         | LANE_CMD_WAIT_EDGE veh=Ramp_Merge_5 edge=34126779 lane=0 target=1 lane_count=1
traci-bridge-1         | LANE_CMD_STATE veh=Ramp_Merge_2 edge=:390064918_0 lane=0 target=1 lane_count=1 recently=False speed=4.95
traci-bridge-1         | LANE_CMD_WAIT_EDGE veh=Ramp_Merge_2 edge=:390064918_0 lane=0 target=1 lane_count=1
traci-bridge-1         | LANE_CMD_STATE veh=Ramp_Merge_3 edge=34126779 lane=0 target=1 lane_count=1 recently=False speed=5.13
traci-bridge-1         | LANE_CMD_WAIT_EDGE veh=Ramp_Merge_3 edge=34126779 lane=0 target=1 lane_count=1
traci-bridge-1         | LANE_CMD_STATE veh=Ramp_Merge_4 edge=34126779 lane=0 target=1 lane_count=1 recently=False speed=6.17
traci-bridge-1         | LANE_CMD_WAIT_EDGE veh=Ramp_Merge_4 edge=34126779 lane=0 target=1 lane_count=1
traci-bridge-1         | LANE_CMD_STATE veh=Ramp_Merge_5 edge=34126779 lane=0 target=1 lane_count=1 recently=False speed=6.75
traci-bridge-1         | LANE_CMD_WAIT_EDGE veh=Ramp_Merge_5 edge=34126779 lane=0 target=1 lane_count=1
traci-bridge-1         | LANE_CMD_STATE veh=Ramp_Merge_2 edge=1331698336 lane=0 target=1 lane_count=3 recently=False speed=4.93
traci-bridge-1         | LANE_CMD_APPLY veh=Ramp_Merge_2 edge=1331698336 from_lane=0 target=1 duration=2.00 mode=256 speed=4.93
obu-ramp-merge-4-1     | [22.8] Ramp_Merge_4 CAR_FOLLOW: sid=106 edge=34126779 lane=0 leader_edge= leader_lane=None leader_role_hint=main self_merge_completed=False self_merge_completed_age=-1.0 self_merge_committed=True lane_cmd_state=WAIT_EDGE lane_cmd_edge=34126779 lane_cmd_target=1 lane_cmd_executable=False same_lane=False reason=merge_conflict_eta gap=1.5 follow_spd=6.15 emergency=False target_before=6.1721760459250845 target_after=6.150609250294087 target_after_raw=6.15
obu-ramp-merge-2-1     | [22.8] Ramp_Merge_2 MERGE_LANE_APPLY_CONFIRMED: edge=1331698336 lane=0 target_lane=1 lane_count=3 executable=True
obu-ramp-merge-2-1     | [22.8] Ramp_Merge_2 FINAL_GUARD: REJECTED slot-boundary sid=105 gap=4.1
obu-ramp-merge-2-1     | MERGE_ATTEMPT_TIMELINE: vehicle=Ramp_Merge_2 manoeuvre=36 host=106 lead=104 event=SLOT_EXPIRED t=22.8 edge=1331698336 lane=0 lane_cmd_state=APPLY speed=4.93 target=4.93 dtm=5.2 lead_gap=16.67 host_gap=30.68 lead_gap_t1=16.67 lead_gap_t2=16.67 lead_gap_t3=16.67 host_gap_t1=29.19 host_gap_t2=27.71 host_gap_t3=26.22
obu-ramp-merge-2-1     | MERGE_SLOT_QUALITY_DIAG: vehicle=Ramp_Merge_2 event=SLOT_EXPIRED t=22.8 manoeuvre=36 source=pending_request lead=105 host=106 own_eta=1.05 lead_eta=1.36 host_eta=5.22 min_eta=2.86 max_eta=3.72 desired_eta=2.86 gap_possible=True dtm=5.2 edge=1331698336 lane=0 speed=4.93 lead_speed=6.80 host_speed=6.41 lead_gap=0.00 host_gap=30.68 lead_gap_t1=0.00 lead_gap_t2=0.00 lead_gap_t3=0.00 host_gap_t1=29.19 host_gap_t2=27.71 host_gap_t3=26.22 rel_to_lead=-1.87 rel_to_host=1.48 lead_lat=3.10 host_lat=4.40 pending=True accepted=True authorized=False committed=False pending_age=2.00 accepted_age=0.00 lane_cmd_state=APPLY lane_cmd_target=1
obu-ramp-merge-2-1     | [22.8] Ramp_Merge_2 MERGE_ACCEPTED_SLOT_EXPIRED: age=1.6 dtm=5.2
obu-ramp-back-1        | [22.8] Ramp_Back MERGE_DECISION: auth=False phys=False fgok=True lgok=True hgok=True cok=True esok=True cready=False dtm=88.9 past=False committed=False hid=None ra=None lclear=True hyok=True
obu-ramp-merge-2-1     | MERGE_SLOT_QUALITY_DIAG: vehicle=Ramp_Merge_2 event=REQUEST_NEW t=23.0 manoeuvre=37 source=new_request lead=None host=106 own_eta=1.14 lead_eta=None host_eta=4.94 min_eta=None max_eta=3.44 desired_eta=1.14 gap_possible=True dtm=5.6 edge=1331698336 lane=0 speed=4.91 lead_speed=None host_speed=6.51 lead_gap=None host_gap=30.41 lead_gap_t1=None lead_gap_t2=None lead_gap_t3=None host_gap_t1=28.81 host_gap_t2=27.20 host_gap_t3=25.60 rel_to_lead=None rel_to_host=1.60 lead_lat=None host_lat=3.94 pending=True accepted=False authorized=False committed=False pending_age=0.00 accepted_age=None lane_cmd_state=APPLY lane_cmd_target=1
obu-ramp-merge-2-1     | MERGE_ATTEMPT_TIMELINE: vehicle=Ramp_Merge_2 manoeuvre=37 host=106 lead=104 event=REQUEST_SENT t=23.0 edge=1331698336 lane=0 lane_cmd_state=APPLY speed=4.91 target=6.75 dtm=5.6 lead_gap=17.07 host_gap=30.41 lead_gap_t1=17.07 lead_gap_t2=17.07 lead_gap_t3=17.07 host_gap_t1=28.81 host_gap_t2=27.20 host_gap_t3=25.60
obu-ramp-merge-2-1     | [23.0] Ramp_Merge_2 MCM_TX_REQUEST: manoeuvre=37 target=106
obu-ramp-merge-2-1     | [23.0] Ramp_Merge_2 FINAL_GUARD: REJECTED sid=105 gap=4.3 ttc_danger=False
obu-ramp-merge-2-1     | [23.0] Ramp_Merge_2 MERGE_DECISION: auth=False phys=True fgok=False lgok=True hgok=True cok=True esok=True cready=True dtm=5.6 past=False committed=False hid=106 ra=None lclear=True hyok=False
obu-main-back-right-1  | [23.0] Main_Back_Right role=host state=CRUISE->CRUISE speed=6.61 target=7.50 neighbors=11
obu-ramp-back-1        | [23.0] Ramp_Back MERGE_DECISION: auth=False phys=False fgok=True lgok=True hgok=True cok=True esok=True cready=False dtm=88.2 past=False committed=False hid=None ra=None lclear=True hyok=True
obu-host-car-1         | [23.1] Host_Car role=cruise state=CRUISE->CRUISE speed=7.16 target=7.50 neighbors=11
obu-main-front-left-1  | [23.1] Main_Front_Left role=cruise state=CRUISE->CRUISE speed=7.50 target=7.50 neighbors=11
obu-main-back-left-1   | [23.1] Main_Back_Left role=cruise state=CRUISE->CRUISE speed=6.86 target=7.50 neighbors=11
obu-ramp-merge-2-1     | [23.1] Ramp_Merge_2 FINAL_GUARD: REJECTED sid=105 gap=5.5 ttc_danger=False
obu-ramp-merge-2-1     | [23.1] Ramp_Merge_2 MERGE_DECISION: auth=False phys=True fgok=False lgok=True hgok=True cok=True esok=True cready=True dtm=5.9 past=False committed=False hid=106 ra=None lclear=True hyok=False
obu-main-back-right-1  | [23.1] Main_Back_Right MCM_RX_REQUEST: from=108 manoeuvre=37 target=106
obu-ramp-merge-5-1     | [23.2] Ramp_Merge_5 MERGE_PREPARE_WAIT_LANE_AVAILABLE: edge=34126779 lane=0 target_lane=1 lane_count=1 executable=False dtm=62.1 speed=6.75 host=None lead=106
obu-ramp-merge-5-1     | MERGE_WAIT_EDGE_ROLLING_FLOOR: vehicle=Ramp_Merge_5 waited_s=1.4 edge=34126779 lane=0 target_lane=1 lane_count=1 speed=6.75 target=6.75 floor=3.38 dtm=62.1 lead=106
obu-ramp-back-1        | [23.1] Ramp_Back MERGE_DECISION: auth=False phys=False fgok=True lgok=True hgok=True cok=True esok=True cready=False dtm=87.8 past=False committed=False hid=None ra=None lclear=True hyok=True
obu-ramp-merge-3-1     | [23.2] Ramp_Merge_3 CAR_FOLLOW: sid=106 edge=34126779 lane=0 leader_edge= leader_lane=None leader_role_hint=main self_merge_completed=False self_merge_completed_age=-1.0 self_merge_committed=True lane_cmd_state=WAIT_EDGE lane_cmd_edge=34126779 lane_cmd_target=1 lane_cmd_executable=False same_lane=False reason=merge_conflict_eta gap=1.8 follow_spd=4.12 emergency=False target_before=5.239495623333433 target_after=4.809495623333433 target_after_raw=4.12
obu-ramp-merge-2-1     | MCM_REQUEST_RETRY_DIAG: vehicle=Ramp_Merge_2 host=106 lead=None manoeuvre=37 retry_count=1 pending_age=0.3 dtm=6.5 own_eta=1.33 host_eta_current=4.536616298561934 host_eta_at_request=4.938338920621692 lead_eta_current=None lead_eta_at_request=None last_response_action=None last_response_age=None host_remote_fsm=CRUISE host_remote_edge=560761994 host_remote_lane=0 host_remote_merge_committed=False host_remote_merge_completed=False host_remote_active_merge_request=False host_remote_active_station_id=None host_remote_active_manoeuvre_id=None host_remote_active_remaining_s=0.0
obu-ramp-merge-2-1     | MERGE_SLOT_QUALITY_DIAG: vehicle=Ramp_Merge_2 event=REQUEST_RETRY t=23.3 manoeuvre=37 source=retry_request lead=None host=106 own_eta=1.33 lead_eta=None host_eta=4.54 min_eta=None max_eta=3.04 desired_eta=1.33 gap_possible=True dtm=6.5 edge=1331698336 lane=0 speed=4.89 lead_speed=None host_speed=6.65 lead_gap=None host_gap=29.94 lead_gap_t1=None lead_gap_t2=None lead_gap_t3=None host_gap_t1=28.18 host_gap_t2=26.41 host_gap_t3=24.65 rel_to_lead=None rel_to_host=1.76 lead_lat=None host_lat=3.56 pending=True accepted=False authorized=False committed=False pending_age=0.30 accepted_age=None lane_cmd_state=APPLY lane_cmd_target=1
obu-ramp-merge-2-1     | [23.3] Ramp_Merge_2 MCM_TX_REQUEST: manoeuvre=37 target=106
obu-ramp-merge-2-1     | [23.3] Ramp_Merge_2 FINAL_GUARD: REJECTED sid=105 gap=4.7 ttc_danger=False
obu-ramp-merge-2-1     | [23.3] Ramp_Merge_2 MERGE_DECISION: auth=False phys=True fgok=False lgok=True hgok=True cok=True esok=True cready=True dtm=6.5 past=False committed=False hid=106 ra=None lclear=True hyok=False
obu-merge-car-1        | [23.3] Merge_Car role=cruise state=CRUISE->CRUISE speed=7.39 target=7.50 neighbors=11
obu-ramp-merge-4-1     | [23.3] Ramp_Merge_4 MERGE_PREPARE_WAIT_LANE_AVAILABLE: edge=34126779 lane=0 target_lane=1 lane_count=1 executable=False dtm=38.3 speed=6.17 host=None lead=106
obu-ramp-merge-4-1     | MERGE_WAIT_EDGE_ROLLING_FLOOR: vehicle=Ramp_Merge_4 waited_s=2.2 edge=34126779 lane=0 target_lane=1 lane_count=1 speed=6.17 target=6.17 floor=3.38 dtm=38.3 lead=106
obu-main-back-right-1  | [23.3] Main_Back_Right MCM_RX_REQUEST: from=108 manoeuvre=37 target=106
obu-main-back-right-1  | HOST_RESERVATION_START: host=Main_Back_Right ramp=108 manoeuvre=37 until=27.3 own_speed=6.74 target_speed=4.88 required_speed=4.88 gap_eta=2.98
obu-main-back-right-1  | [23.3] Main_Back_Right HOST_RESERVED: merge=108 manoeuvre=37 until=27.3 target_spd=4.88
obu-main-back-right-1  | [23.3] Main_Back_Right HOST_YIELD: for merge=108 req_spd=4.88
obu-main-back-right-1  | HOST_REQUEST_DECISION: host=Main_Back_Right ramp=108 manoeuvre=37 decision=ACCEPT reason=YIELDING ramp_eta=1.30 host_eta=4.28 required_speed=4.81 current_speed=6.74 active_request_ramp=108 active_request_remaining=4.0 ramp_remote_edge=1331698336 ramp_remote_lane=0 ramp_remote_fsm=YIELDING
obu-ramp-back-1        | [23.3] Ramp_Back MERGE_DECISION: auth=False phys=False fgok=True lgok=True hgok=True cok=True esok=True cready=False dtm=87.1 past=False committed=False hid=None ra=None lclear=True hyok=True
obu-main-back-right-1  | [23.3] Main_Back_Right MCM_TX_ACCEPT: manoeuvre=37 target=108
obu-ramp-merge-3-1     | [23.3] Ramp_Merge_3 MERGE_COMMIT_SAFETY_HOLD: lgok=False hgok=True fgok=True edge=34126779 lane=0 target_lane=1 speed=4.94 lane_cmd_state=WAIT_EDGE lane_cmd_executable=False lane_cmd_edge=34126779 lane_cmd_lane_count=1
obu-ramp-merge-2-1     | [23.4] Ramp_Merge_2 MCM_RX_ACCEPT: from=106 manoeuvre=37 target=108
obu-ramp-merge-2-1     | MERGE_ATTEMPT_TIMELINE: vehicle=Ramp_Merge_2 manoeuvre=37 host=106 lead=104 event=ACCEPT_MATCHED t=23.5 edge=1331698336 lane=0 lane_cmd_state=APPLY speed=4.84 target=6.75 dtm=7.2 lead_gap=18.16 host_gap=29.59 lead_gap_t1=18.16 lead_gap_t2=18.16 lead_gap_t3=18.16 host_gap_t1=27.43 host_gap_t2=25.28 host_gap_t3=23.12
obu-ramp-merge-2-1     | MERGE_SLOT_QUALITY_DIAG: vehicle=Ramp_Merge_2 event=ACCEPT_MATCHED t=23.5 manoeuvre=37 source=accept_matched lead=None host=106 own_eta=1.48 lead_eta=None host_eta=4.12 min_eta=None max_eta=2.62 desired_eta=1.48 gap_possible=True dtm=7.2 edge=1331698336 lane=0 speed=4.84 lead_speed=None host_speed=7.00 lead_gap=None host_gap=29.59 lead_gap_t1=None lead_gap_t2=None lead_gap_t3=None host_gap_t1=27.43 host_gap_t2=25.28 host_gap_t3=23.12 rel_to_lead=None rel_to_host=2.16 lead_lat=None host_lat=3.30 pending=True accepted=False authorized=False committed=False pending_age=0.50 accepted_age=None lane_cmd_state=APPLY lane_cmd_target=1
obu-ramp-merge-2-1     | [23.5] Ramp_Merge_2 MCM_ACCEPT_MATCHED: host=106 manoeuvre=37
obu-ramp-merge-2-1     | [23.5] Ramp_Merge_2 FINAL_GUARD: REJECTED sid=105 gap=6.2 ttc_danger=False
obu-ramp-merge-2-1     | [23.5] Ramp_Merge_2 role=merge state=YIELDING->NEGOTIATING speed=4.84 target=4.84 neighbors=11
obu-ramp-back-1        | [23.5] Ramp_Back MERGE_DECISION: auth=False phys=False fgok=True lgok=True hgok=True cok=True esok=True cready=False dtm=86.4 past=False committed=False hid=None ra=None lclear=True hyok=True
obu-ramp-back-1        | [23.5] Ramp_Back role=merge state=CRUISE->CRUISE speed=6.72 target=6.75 neighbors=11
obu-main-back-right-1  | HOST_RESERVATION_EXTEND_UNTIL_CLEAR: host=Main_Back_Right ramp=108 manoeuvre=37 new_remaining=4.0 ramp_lcs=APPLY ramp_edge=1331698336
obu-lead-car-1         | [23.6] Lead_Car role=cruise state=CRUISE->CRUISE speed=7.50 target=7.50 neighbors=11
obu-ramp-merge-3-1     | [23.5] Ramp_Merge_3 MERGE_PREPARE_WAIT_LANE_AVAILABLE: edge=34126779 lane=0 target_lane=1 lane_count=1 executable=False dtm=12.5 speed=4.93 host=106 lead=105
obu-main-back-right-1  | HOST_RESERVATION_HOLD: host=Main_Back_Right ramp=108 manoeuvre=37 remaining=4.0 own_speed=6.72 target_speed=4.88 ramp_fsm=YIELDING ramp_lane_cmd_state=APPLY ramp_edge=1331698336 ramp_lane=0 ramp_merge_completed=False ramp_merge_committed=False
obu-ramp-merge-3-1     | [23.5] Ramp_Merge_3 FINAL_GUARD: REJECTED slot-boundary ETA sid=105
obu-main-back-right-1  | [23.6] Main_Back_Right HOST_HOLD_YIELD: for merge=108 spd=4.88
obu-ramp-merge-3-1     | [23.5] Ramp_Merge_3 MERGE_COMMIT_SAFETY_HOLD: lgok=False hgok=True fgok=False edge=34126779 lane=0 target_lane=1 speed=4.93 lane_cmd_state=WAIT_EDGE lane_cmd_executable=False lane_cmd_edge=34126779 lane_cmd_lane_count=1
obu-main-back-right-1  | [23.6] Main_Back_Right MCM_TX_ACCEPT: manoeuvre=37 target=108
obu-ramp-merge-3-1     | [23.6] Ramp_Merge_3 CAR_FOLLOW: sid=106 edge=34126779 lane=0 leader_edge= leader_lane=None leader_role_hint=main self_merge_completed=False self_merge_completed_age=-1.0 self_merge_committed=True lane_cmd_state=WAIT_EDGE lane_cmd_edge=34126779 lane_cmd_target=1 lane_cmd_executable=False same_lane=False reason=merge_conflict_eta gap=1.8 follow_spd=4.12 emergency=False target_before=2.25 target_after=4.543952288315049 target_after_raw=4.12
obu-ramp-merge-3-1     | [23.5] Ramp_Merge_3 role=merge state=NEGOTIATING->NEGOTIATING speed=4.79 target=4.54 neighbors=11
obu-ramp-merge-4-1     | [23.6] Ramp_Merge_4 role=merge state=NEGOTIATING->NEGOTIATING speed=6.17 target=6.17 neighbors=11
obu-main-mid-right-1   | [23.6] Main_Mid_Right role=cruise state=CRUISE->CRUISE speed=7.50 target=7.50 neighbors=11
obu-ramp-merge-5-1     | [23.6] Ramp_Merge_5 role=merge state=NEGOTIATING->NEGOTIATING speed=6.75 target=6.75 neighbors=11
obu-ramp-back-1        | [23.6] Ramp_Back MERGE_DECISION: auth=False phys=False fgok=True lgok=True hgok=True cok=True esok=True cready=False dtm=86.0 past=False committed=False hid=None ra=None lclear=True hyok=True
obu-ramp-merge-2-1     | [23.6] Ramp_Merge_2 FINAL_GUARD: REJECTED sid=105 gap=5.8 ttc_danger=False
obu-ramp-merge-3-1     | [23.6] Ramp_Merge_3 FINAL_GUARD: REJECTED slot-boundary ETA sid=105
obu-ramp-merge-3-1     | [23.6] Ramp_Merge_3 MERGE_COMMIT_SAFETY_HOLD: lgok=False hgok=True fgok=False edge=34126779 lane=0 target_lane=1 speed=4.79 lane_cmd_state=WAIT_EDGE lane_cmd_executable=False lane_cmd_edge=34126779 lane_cmd_lane_count=1
obu-ramp-merge-3-1     | [23.6] Ramp_Merge_3 CAR_FOLLOW: sid=106 edge=34126779 lane=0 leader_edge= leader_lane=None leader_role_hint=main self_merge_completed=False self_merge_completed_age=-1.0 self_merge_committed=True lane_cmd_state=WAIT_EDGE lane_cmd_edge=34126779 lane_cmd_target=1 lane_cmd_executable=False same_lane=False reason=merge_conflict_eta gap=1.8 follow_spd=4.12 emergency=False target_before=2.25 target_after=4.543952288315049 target_after_raw=4.12
obu-ramp-merge-2-1     | [23.6] Ramp_Merge_2 MCM_RX_ACCEPT: from=106 manoeuvre=37 target=108
obu-ramp-merge-2-1     | [23.8] Ramp_Merge_2 FINAL_GUARD: REJECTED sid=105 gap=5.6 ttc_danger=False
obu-ramp-merge-3-1     | [23.8] Ramp_Merge_3 FINAL_GUARD: REJECTED slot-boundary ETA sid=105
obu-ramp-merge-3-1     | [23.8] Ramp_Merge_3 MERGE_COMMIT_SAFETY_HOLD: lgok=False hgok=True fgok=False edge=34126779 lane=0 target_lane=1 speed=4.66 lane_cmd_state=WAIT_EDGE lane_cmd_executable=False lane_cmd_edge=34126779 lane_cmd_lane_count=1
obu-ramp-merge-3-1     | [23.8] Ramp_Merge_3 CAR_FOLLOW: sid=106 edge=34126779 lane=0 leader_edge= leader_lane=None leader_role_hint=main self_merge_completed=False self_merge_completed_age=-1.0 self_merge_committed=True lane_cmd_state=WAIT_EDGE lane_cmd_edge=34126779 lane_cmd_target=1 lane_cmd_executable=False same_lane=False reason=merge_conflict_eta gap=1.6 follow_spd=4.12 emergency=False target_before=2.25 target_after=4.410614554620084 target_after_raw=4.12
obu-main-back-right-1  | HOST_RESERVATION_EXTEND_UNTIL_CLEAR: host=Main_Back_Right ramp=108 manoeuvre=37 new_remaining=4.0 ramp_lcs=APPLY ramp_edge=1331698336
obu-main-back-right-1  | HOST_RESERVATION_HOLD: host=Main_Back_Right ramp=108 manoeuvre=37 remaining=4.0 own_speed=6.54 target_speed=4.88 ramp_fsm=NEGOTIATING ramp_lane_cmd_state=APPLY ramp_edge=1331698336 ramp_lane=0 ramp_merge_completed=False ramp_merge_committed=False
obu-main-back-right-1  | [23.8] Main_Back_Right HOST_HOLD_YIELD: for merge=108 spd=4.88
obu-ramp-back-1        | [23.8] Ramp_Back MERGE_DECISION: auth=False phys=False fgok=True lgok=True hgok=True cok=True esok=True cready=False dtm=85.3 past=False committed=False hid=None ra=None lclear=True hyok=True
traci-bridge-1         | LANE_CMD_STATE veh=Ramp_Merge_3 edge=34126779 lane=0 target=1 lane_count=1 recently=False speed=5.15
traci-bridge-1         | LANE_CMD_WAIT_EDGE veh=Ramp_Merge_3 edge=34126779 lane=0 target=1 lane_count=1
traci-bridge-1         | LANE_CMD_STATE veh=Ramp_Merge_4 edge=34126779 lane=0 target=1 lane_count=1 recently=False speed=6.17
traci-bridge-1         | LANE_CMD_WAIT_EDGE veh=Ramp_Merge_4 edge=34126779 lane=0 target=1 lane_count=1
traci-bridge-1         | LANE_CMD_STATE veh=Ramp_Merge_5 edge=34126779 lane=0 target=1 lane_count=1 recently=False speed=6.75
traci-bridge-1         | LANE_CMD_WAIT_EDGE veh=Ramp_Merge_5 edge=34126779 lane=0 target=1 lane_count=1
traci-bridge-1         | LANE_CMD_STATE veh=Ramp_Merge_2 edge=1331698336 lane=0 target=1 lane_count=3 recently=True speed=4.91
traci-bridge-1         | LANE_CMD_STATE veh=Ramp_Merge_3 edge=34126779 lane=0 target=1 lane_count=1 recently=False speed=5.16
traci-bridge-1         | LANE_CMD_WAIT_EDGE veh=Ramp_Merge_3 edge=34126779 lane=0 target=1 lane_count=1
traci-bridge-1         | LANE_CMD_STATE veh=Ramp_Merge_4 edge=34126779 lane=0 target=1 lane_count=1 recently=False speed=6.17
traci-bridge-1         | LANE_CMD_WAIT_EDGE veh=Ramp_Merge_4 edge=34126779 lane=0 target=1 lane_count=1
traci-bridge-1         | LANE_CMD_STATE veh=Ramp_Merge_5 edge=34126779 lane=0 target=1 lane_count=1 recently=False speed=6.75
traci-bridge-1         | LANE_CMD_WAIT_EDGE veh=Ramp_Merge_5 edge=34126779 lane=0 target=1 lane_count=1
traci-bridge-1         | LANE_CMD_STATE veh=Ramp_Merge_2 edge=1331698336 lane=0 target=1 lane_count=3 recently=True speed=4.91
traci-bridge-1         | LANE_CMD_STATE veh=Ramp_Merge_3 edge=34126779 lane=0 target=1 lane_count=1 recently=False speed=5.03
traci-bridge-1         | LANE_CMD_WAIT_EDGE veh=Ramp_Merge_3 edge=34126779 lane=0 target=1 lane_count=1
traci-bridge-1         | LANE_CMD_STATE veh=Ramp_Merge_4 edge=34126779 lane=0 target=1 lane_count=1 recently=False speed=6.17
traci-bridge-1         | LANE_CMD_WAIT_EDGE veh=Ramp_Merge_4 edge=34126779 lane=0 target=1 lane_count=1
traci-bridge-1         | LANE_CMD_STATE veh=Ramp_Merge_5 edge=34126779 lane=0 target=1 lane_count=1 recently=False speed=6.75
traci-bridge-1         | LANE_CMD_WAIT_EDGE veh=Ramp_Merge_5 edge=34126779 lane=0 target=1 lane_count=1
traci-bridge-1         | LANE_CMD_STATE veh=Ramp_Merge_2 edge=1331698336 lane=0 target=1 lane_count=3 recently=True speed=4.91
traci-bridge-1         | LANE_CMD_STATE veh=Ramp_Merge_3 edge=34126779 lane=0 target=1 lane_count=1 recently=False speed=5.04
traci-bridge-1         | LANE_CMD_WAIT_EDGE veh=Ramp_Merge_3 edge=34126779 lane=0 target=1 lane_count=1
traci-bridge-1         | LANE_CMD_STATE veh=Ramp_Merge_4 edge=34126779 lane=0 target=1 lane_count=1 recently=False speed=6.17
traci-bridge-1         | LANE_CMD_WAIT_EDGE veh=Ramp_Merge_4 edge=34126779 lane=0 target=1 lane_count=1
traci-bridge-1         | LANE_CMD_STATE veh=Ramp_Merge_5 edge=34126779 lane=0 target=1 lane_count=1 recently=False speed=6.75
traci-bridge-1         | LANE_CMD_WAIT_EDGE veh=Ramp_Merge_5 edge=34126779 lane=0 target=1 lane_count=1
traci-bridge-1         | LANE_CMD_STATE veh=Ramp_Merge_2 edge=1331698336 lane=0 target=1 lane_count=3 recently=True speed=4.91
traci-bridge-1         | LANE_CMD_STATE veh=Ramp_Merge_3 edge=34126779 lane=0 target=1 lane_count=1 recently=False speed=5.06
traci-bridge-1         | LANE_CMD_WAIT_EDGE veh=Ramp_Merge_3 edge=34126779 lane=0 target=1 lane_count=1
traci-bridge-1         | LANE_CMD_STATE veh=Ramp_Merge_4 edge=34126779 lane=0 target=1 lane_count=1 recently=False speed=6.17
traci-bridge-1         | LANE_CMD_WAIT_EDGE veh=Ramp_Merge_4 edge=34126779 lane=0 target=1 lane_count=1
traci-bridge-1         | LANE_CMD_STATE veh=Ramp_Merge_5 edge=34126779 lane=0 target=1 lane_count=1 recently=False speed=6.75
traci-bridge-1         | LANE_CMD_WAIT_EDGE veh=Ramp_Merge_5 edge=34126779 lane=0 target=1 lane_count=1
traci-bridge-1         | LANE_CMD_STATE veh=Ramp_Merge_2 edge=1331698336 lane=0 target=1 lane_count=3 recently=True speed=4.89
traci-bridge-1         | LANE_CMD_STATE veh=Ramp_Merge_3 edge=34126779 lane=0 target=1 lane_count=1 recently=False speed=4.94
traci-bridge-1         | LANE_CMD_WAIT_EDGE veh=Ramp_Merge_3 edge=34126779 lane=0 target=1 lane_count=1
traci-bridge-1         | LANE_CMD_STATE veh=Ramp_Merge_4 edge=34126779 lane=0 target=1 lane_count=1 recently=False speed=6.17
traci-bridge-1         | LANE_CMD_WAIT_EDGE veh=Ramp_Merge_4 edge=34126779 lane=0 target=1 lane_count=1
traci-bridge-1         | LANE_CMD_STATE veh=Ramp_Merge_5 edge=34126779 lane=0 target=1 lane_count=1 recently=False speed=6.75
traci-bridge-1         | LANE_CMD_WAIT_EDGE veh=Ramp_Merge_5 edge=34126779 lane=0 target=1 lane_count=1
traci-bridge-1         | LANE_CMD_STATE veh=Ramp_Merge_2 edge=1331698336 lane=0 target=1 lane_count=3 recently=True speed=4.86
traci-bridge-1         | LANE_CMD_STATE veh=Ramp_Merge_3 edge=34126779 lane=0 target=1 lane_count=1 recently=False speed=4.93
traci-bridge-1         | LANE_CMD_WAIT_EDGE veh=Ramp_Merge_3 edge=34126779 lane=0 target=1 lane_count=1
traci-bridge-1         | LANE_CMD_STATE veh=Ramp_Merge_4 edge=34126779 lane=0 target=1 lane_count=1 recently=False speed=6.17
traci-bridge-1         | LANE_CMD_WAIT_EDGE veh=Ramp_Merge_4 edge=34126779 lane=0 target=1 lane_count=1
traci-bridge-1         | LANE_CMD_STATE veh=Ramp_Merge_5 edge=34126779 lane=0 target=1 lane_count=1 recently=False speed=6.75
traci-bridge-1         | LANE_CMD_WAIT_EDGE veh=Ramp_Merge_5 edge=34126779 lane=0 target=1 lane_count=1
traci-bridge-1         | LANE_CMD_STATE veh=Ramp_Merge_2 edge=1331698336 lane=0 target=1 lane_count=3 recently=True speed=4.84
traci-bridge-1         | LANE_CMD_STATE veh=Ramp_Merge_3 edge=34126779 lane=0 target=1 lane_count=1 recently=False speed=4.93
traci-bridge-1         | LANE_CMD_WAIT_EDGE veh=Ramp_Merge_3 edge=34126779 lane=0 target=1 lane_count=1
traci-bridge-1         | LANE_CMD_STATE veh=Ramp_Merge_4 edge=34126779 lane=0 target=1 lane_count=1 recently=False speed=6.17
traci-bridge-1         | LANE_CMD_WAIT_EDGE veh=Ramp_Merge_4 edge=34126779 lane=0 target=1 lane_count=1
traci-bridge-1         | LANE_CMD_STATE veh=Ramp_Merge_5 edge=34126779 lane=0 target=1 lane_count=1 recently=False speed=6.75
traci-bridge-1         | LANE_CMD_WAIT_EDGE veh=Ramp_Merge_5 edge=34126779 lane=0 target=1 lane_count=1
traci-bridge-1         | LANE_CMD_STATE veh=Ramp_Merge_2 edge=1331698336 lane=0 target=1 lane_count=3 recently=True speed=4.82
traci-bridge-1         | LANE_CMD_STATE veh=Ramp_Merge_3 edge=34126779 lane=0 target=1 lane_count=1 recently=False speed=4.79
traci-bridge-1         | LANE_CMD_WAIT_EDGE veh=Ramp_Merge_3 edge=34126779 lane=0 target=1 lane_count=1
traci-bridge-1         | LANE_CMD_STATE veh=Ramp_Merge_4 edge=34126779 lane=0 target=1 lane_count=1 recently=False speed=6.17
traci-bridge-1         | LANE_CMD_WAIT_EDGE veh=Ramp_Merge_4 edge=34126779 lane=0 target=1 lane_count=1
traci-bridge-1         | LANE_CMD_STATE veh=Ramp_Merge_5 edge=34126779 lane=0 target=1 lane_count=1 recently=False speed=6.75
traci-bridge-1         | LANE_CMD_WAIT_EDGE veh=Ramp_Merge_5 edge=34126779 lane=0 target=1 lane_count=1
traci-bridge-1         | LANE_CMD_STATE veh=Ramp_Merge_2 edge=1331698336 lane=0 target=1 lane_count=3 recently=True speed=4.80
traci-bridge-1         | LANE_CMD_STATE veh=Ramp_Merge_3 edge=34126779 lane=0 target=1 lane_count=1 recently=False speed=4.67
traci-bridge-1         | LANE_CMD_WAIT_EDGE veh=Ramp_Merge_3 edge=34126779 lane=0 target=1 lane_count=1
traci-bridge-1         | LANE_CMD_STATE veh=Ramp_Merge_4 edge=34126779 lane=0 target=1 lane_count=1 recently=False speed=6.17
traci-bridge-1         | LANE_CMD_WAIT_EDGE veh=Ramp_Merge_4 edge=34126779 lane=0 target=1 lane_count=1
traci-bridge-1         | LANE_CMD_STATE veh=Ramp_Merge_5 edge=34126779 lane=0 target=1 lane_count=1 recently=False speed=6.75
traci-bridge-1         | LANE_CMD_WAIT_EDGE veh=Ramp_Merge_5 edge=34126779 lane=0 target=1 lane_count=1
traci-bridge-1         | LANE_CMD_STATE veh=Ramp_Merge_2 edge=1331698336 lane=0 target=1 lane_count=3 recently=True speed=4.79
traci-bridge-1         | LANE_CMD_STATE veh=Ramp_Merge_3 edge=34126779 lane=0 target=1 lane_count=1 recently=False speed=4.66
traci-bridge-1         | LANE_CMD_WAIT_EDGE veh=Ramp_Merge_3 edge=34126779 lane=0 target=1 lane_count=1
traci-bridge-1         | LANE_CMD_STATE veh=Ramp_Merge_4 edge=34126779 lane=0 target=1 lane_count=1 recently=False speed=6.17
traci-bridge-1         | LANE_CMD_WAIT_EDGE veh=Ramp_Merge_4 edge=34126779 lane=0 target=1 lane_count=1
traci-bridge-1         | LANE_CMD_STATE veh=Ramp_Merge_5 edge=34126779 lane=0 target=1 lane_count=1 recently=False speed=6.75
traci-bridge-1         | LANE_CMD_WAIT_EDGE veh=Ramp_Merge_5 edge=34126779 lane=0 target=1 lane_count=1
traci-bridge-1         | LANE_CMD_STATE veh=Ramp_Merge_2 edge=1331698336 lane=0 target=1 lane_count=3 recently=True speed=4.79
traci-bridge-1         | LANE_CMD_STATE veh=Ramp_Merge_3 edge=34126779 lane=0 target=1 lane_count=1 recently=False speed=4.65
traci-bridge-1         | LANE_CMD_WAIT_EDGE veh=Ramp_Merge_3 edge=34126779 lane=0 target=1 lane_count=1
traci-bridge-1         | LANE_CMD_STATE veh=Ramp_Merge_4 edge=34126779 lane=0 target=1 lane_count=1 recently=False speed=6.17
traci-bridge-1         | LANE_CMD_WAIT_EDGE veh=Ramp_Merge_4 edge=34126779 lane=0 target=1 lane_count=1
traci-bridge-1         | LANE_CMD_STATE veh=Ramp_Merge_5 edge=34126779 lane=0 target=1 lane_count=1 recently=False speed=6.75
traci-bridge-1         | LANE_CMD_WAIT_EDGE veh=Ramp_Merge_5 edge=34126779 lane=0 target=1 lane_count=1
traci-bridge-1         | LANE_CMD_STATE veh=Ramp_Merge_2 edge=1331698336 lane=0 target=1 lane_count=3 recently=True speed=4.79
traci-bridge-1         | LANE_CMD_STATE veh=Ramp_Merge_3 edge=34126779 lane=0 target=1 lane_count=1 recently=False speed=4.65
traci-bridge-1         | LANE_CMD_WAIT_EDGE veh=Ramp_Merge_3 edge=34126779 lane=0 target=1 lane_count=1
traci-bridge-1         | LANE_CMD_STATE veh=Ramp_Merge_4 edge=34126779 lane=0 target=1 lane_count=1 recently=False speed=6.17
traci-bridge-1         | LANE_CMD_WAIT_EDGE veh=Ramp_Merge_4 edge=34126779 lane=0 target=1 lane_count=1
traci-bridge-1         | LANE_CMD_STATE veh=Ramp_Merge_5 edge=34126779 lane=0 target=1 lane_count=1 recently=False speed=6.75
obu-main-back-left-1   | [24.1] Main_Back_Left role=cruise state=CRUISE->CRUISE speed=6.99 target=7.50 neighbors=11
obu-ramp-back-1        | [24.0] Ramp_Back MERGE_DECISION: auth=False phys=False fgok=True lgok=True hgok=True cok=True esok=True cready=False dtm=84.3 past=False committed=False hid=None ra=None lclear=True hyok=True
obu-main-back-right-1  | HOST_RESERVATION_EXTEND_UNTIL_CLEAR: host=Main_Back_Right ramp=108 manoeuvre=37 new_remaining=4.0 ramp_lcs=APPLY ramp_edge=1331698336
obu-main-back-right-1  | HOST_RESERVATION_HOLD: host=Main_Back_Right ramp=108 manoeuvre=37 remaining=4.0 own_speed=6.30 target_speed=4.88 ramp_fsm=NEGOTIATING ramp_lane_cmd_state=APPLY ramp_edge=1331698336 ramp_lane=0 ramp_merge_completed=False ramp_merge_committed=False
obu-main-back-right-1  | [24.1] Main_Back_Right HOST_HOLD_YIELD: for merge=108 spd=4.88
obu-main-back-right-1  | [24.1] Main_Back_Right MCM_TX_ACCEPT: manoeuvre=37 target=108
obu-main-back-right-1  | [24.1] Main_Back_Right role=host state=YIELDING->YIELDING speed=6.30 target=4.88 neighbors=11
obu-host-car-1         | [24.1] Host_Car role=cruise state=CRUISE->CRUISE speed=7.29 target=7.50 neighbors=11
obu-ramp-merge-3-1     | [24.0] Ramp_Merge_3 FINAL_GUARD: REJECTED slot-boundary ETA sid=105
obu-ramp-merge-3-1     | [24.0] Ramp_Merge_3 MERGE_COMMIT_SAFETY_HOLD: lgok=False hgok=True fgok=False edge=34126779 lane=0 target_lane=1 speed=4.65 lane_cmd_state=WAIT_EDGE lane_cmd_executable=False lane_cmd_edge=34126779 lane_cmd_lane_count=1
obu-ramp-merge-3-1     | [24.0] Ramp_Merge_3 CAR_FOLLOW: sid=106 edge=34126779 lane=0 leader_edge= leader_lane=None leader_role_hint=main self_merge_completed=False self_merge_completed_age=-1.0 self_merge_committed=True lane_cmd_state=WAIT_EDGE lane_cmd_edge=34126779 lane_cmd_target=1 lane_cmd_executable=False same_lane=False reason=merge_conflict_eta gap=1.7 follow_spd=4.12 emergency=False target_before=2.25 target_after=4.3992399836553435 target_after_raw=4.12
obu-main-front-left-1  | [24.1] Main_Front_Left role=cruise state=CRUISE->CRUISE speed=7.50 target=7.50 neighbors=11
obu-ramp-merge-2-1     | [24.0] Ramp_Merge_2 FINAL_GUARD: REJECTED sid=105 gap=7.8 ttc_danger=False
obu-ramp-back-1        | [24.1] Ramp_Back MERGE_DECISION: auth=False phys=False fgok=True lgok=True hgok=True cok=True esok=True cready=False dtm=83.9 past=False committed=False hid=None ra=None lclear=True hyok=True
obu-ramp-merge-3-1     | [24.1] Ramp_Merge_3 FINAL_GUARD: REJECTED slot-boundary ETA sid=105
obu-ramp-merge-3-1     | [24.1] Ramp_Merge_3 MERGE_COMMIT_SAFETY_HOLD: lgok=False hgok=True fgok=False edge=34126779 lane=0 target_lane=1 speed=4.64 lane_cmd_state=WAIT_EDGE lane_cmd_executable=False lane_cmd_edge=34126779 lane_cmd_lane_count=1
obu-ramp-merge-3-1     | [24.1] Ramp_Merge_3 CAR_FOLLOW: sid=108 edge=34126779 lane=0 leader_edge= leader_lane=None leader_role_hint=ramp self_merge_completed=False self_merge_completed_age=-1.0 self_merge_committed=True lane_cmd_state=WAIT_EDGE lane_cmd_edge=34126779 lane_cmd_target=1 lane_cmd_executable=False same_lane=True reason=same_lane_cam gap=10.7 follow_spd=3.98 emergency=False target_before=2.25 target_after=4.3873087122035805 target_after_raw=3.98
obu-ramp-merge-2-1     | [24.1] Ramp_Merge_2 FINAL_GUARD: REJECTED sid=105 gap=7.3 ttc_danger=False
obu-ramp-merge-4-1     | [24.3] Ramp_Merge_4 MERGE_PREPARE_WAIT_LANE_AVAILABLE: edge=34126779 lane=0 target_lane=1 lane_count=1 executable=False dtm=32.3 speed=6.17 host=None lead=106
obu-ramp-merge-4-1     | MERGE_WAIT_EDGE_ROLLING_FLOOR: vehicle=Ramp_Merge_4 waited_s=3.2 edge=34126779 lane=0 target_lane=1 lane_count=1 speed=6.17 target=6.17 floor=3.38 dtm=32.3 lead=106
obu-ramp-merge-4-1     | [24.3] Ramp_Merge_4 CAR_FOLLOW: sid=106 edge=34126779 lane=0 leader_edge= leader_lane=None leader_role_hint=main self_merge_completed=False self_merge_completed_age=-1.0 self_merge_committed=True lane_cmd_state=WAIT_EDGE lane_cmd_edge=34126779 lane_cmd_target=1 lane_cmd_executable=False same_lane=False reason=merge_conflict_eta gap=1.5 follow_spd=6.16 emergency=False target_before=6.169272236264261 target_after=6.1625120434573875 target_after_raw=6.16
obu-ramp-merge-2-1     | [24.2] Ramp_Merge_2 MCM_RX_ACCEPT: from=106 manoeuvre=37 target=108
obu-ramp-merge-2-1     | MERGE_ATTEMPT_TIMELINE: vehicle=Ramp_Merge_2 manoeuvre=37 host=106 lead=104 event=CLEAR t=24.3 edge=1331698336 lane=1 lane_cmd_state=CLEAR speed=4.79 target=4.79 dtm=9.3 lead_gap=20.11 host_gap=28.18 lead_gap_t1=20.11 lead_gap_t2=20.11 lead_gap_t3=20.11 host_gap_t1=26.97 host_gap_t2=25.76 host_gap_t3=24.55
obu-ramp-merge-2-1     | [24.3] Ramp_Merge_2 MERGE_LANE_CLEAR_CONFIRMED: edge=1331698336 lane=1 target_lane=1 lane_count=3 executable=False
obu-ramp-merge-2-1     | [24.3] Ramp_Merge_2 MERGE_PHYSICAL_START_DELAYED_UNTIL_LANE_APPLY: waited_s=0.0 edge=1331698336 lane=1 target_lane=1 lane_count=3 lane_cmd_state=CLEAR executable=False dtm=9.3 speed=4.79 reason=implicit_before_completed
obu-ramp-merge-2-1     | [24.3] Ramp_Merge_2 MERGE_START_GAP_DIAG: event=implicit_before_completed lead=104 host=106 lead_eta=4.638021101512721 own_eta=1.9430866011615475 host_eta=3.928400543843767 lead_gap=20.107541302563867 host_gap=28.180176328000925 lead_gap_p1=20.107541302563867 lead_gap_p2=20.107541302563867 lead_gap_p3=20.107541302563867 host_gap_p1=26.96857430429116 host_gap_p2=25.756972280581397 host_gap_p3=24.545370256871635 rel_to_lead=-2.501602023709764 rel_to_host=1.211602023709764 lead_lat=0.007053338917039298 host_lat=0.0153542673830529 edge=1331698336 lane=1 lane_cmd_state=CLEAR lane_cmd_edge=1331698336 lane_cmd_target=1 lane_cmd_executable=False dtm=9.3 speed=4.79
obu-ramp-merge-2-1     | MERGE_ATTEMPT_TIMELINE: vehicle=Ramp_Merge_2 manoeuvre=37 host=106 lead=104 event=PHYSICAL_START t=24.3 edge=1331698336 lane=1 lane_cmd_state=CLEAR speed=4.79 target=6.75 dtm=9.3 lead_gap=20.11 host_gap=28.18 lead_gap_t1=20.11 lead_gap_t2=20.11 lead_gap_t3=20.11 host_gap_t1=26.97 host_gap_t2=25.76 host_gap_t3=24.55
obu-ramp-merge-2-1     | [24.3] Ramp_Merge_2 MERGE_PHYSICAL_START: host=106 manoeuvre=37
obu-ramp-merge-2-1     | [24.3] Ramp_Merge_2 MERGING!
obu-ramp-merge-2-1     | MERGE_ATTEMPT_TIMELINE: vehicle=Ramp_Merge_2 manoeuvre=37 host=106 lead=104 event=COMPLETED t=24.3 edge=1331698336 lane=1 lane_cmd_state=CLEAR speed=4.79 target=6.75 dtm=9.3 lead_gap=20.11 host_gap=28.18 lead_gap_t1=20.11 lead_gap_t2=20.11 lead_gap_t3=20.11 host_gap_t1=26.97 host_gap_t2=25.76 host_gap_t3=24.55
obu-ramp-merge-2-1     | [24.3] Ramp_Merge_2 MERGE_COMPLETED: eid=1331698336 lane=1 clean=True
obu-ramp-merge-2-1     | POST_MERGE_LOCK_ACTIVE: vehicle=Ramp_Merge_2 protected speed from 3.11 to 6.00 (flow)
obu-ramp-merge-2-1     | [24.3] Ramp_Merge_2 CAR_FOLLOW: sid=105 edge=1331698336 lane=1 leader_edge= leader_lane=None leader_role_hint=main self_merge_completed=True self_merge_completed_age=0.0 self_merge_committed=False lane_cmd_state=CLEAR lane_cmd_edge=1331698336 lane_cmd_target=1 lane_cmd_executable=False same_lane=True reason=same_lane_cam gap=1.1 follow_spd=6.00 emergency=False target_before=7.5 target_after=6.0 target_after_raw=3.11
obu-ramp-merge-2-1     | MERGE_ATTEMPT_TIMELINE: vehicle=Ramp_Merge_2 manoeuvre=37 host=None lead=None event=POST_MERGE_CAR_FOLLOW t=24.3 edge=1331698336 lane=1 lane_cmd_state=CLEAR speed=4.79 target=6.00 dtm=9.3 lead_gap= host_gap= lead_gap_t1= lead_gap_t2= lead_gap_t3= host_gap_t1= host_gap_t2= host_gap_t3=
obu-ramp-merge-2-1     | [24.3] Ramp_Merge_2 POST_MERGE_CAR_FOLLOW: age=0.0 sid=105 gap=1.1 reason=same_lane_cam follow_spd=6.00 self_edge=1331698336 self_lane=1 leader_edge= leader_lane=None lane_cmd_state=CLEAR
obu-ramp-merge-2-1     | MERGE_ATTEMPT_TIMELINE: vehicle=Ramp_Merge_2 manoeuvre=37 host=None lead=None event=POST_CLEAR_CAR_FOLLOW t=24.3 edge=1331698336 lane=1 lane_cmd_state=CLEAR speed=4.79 target=6.00 dtm=9.3 lead_gap= host_gap= lead_gap_t1= lead_gap_t2= lead_gap_t3= host_gap_t1= host_gap_t2= host_gap_t3=
obu-ramp-merge-2-1     | [24.3] Ramp_Merge_2 POST_CLEAR_CAR_FOLLOW: age=0.0 sid=105 gap=1.1 reason=same_lane_cam follow_spd=6.00 self_edge=1331698336 self_lane=1 leader_edge= leader_lane=None lane_cmd_state=CLEAR
obu-main-back-right-1  | HOST_RESERVATION_EXTEND_UNTIL_CLEAR: host=Main_Back_Right ramp=108 manoeuvre=37 new_remaining=4.0 ramp_lcs=APPLY ramp_edge=1331698336
obu-main-back-right-1  | HOST_RESERVATION_HOLD: host=Main_Back_Right ramp=108 manoeuvre=37 remaining=4.0 own_speed=6.16 target_speed=4.88 ramp_fsm=NEGOTIATING ramp_lane_cmd_state=APPLY ramp_edge=1331698336 ramp_lane=0 ramp_merge_completed=False ramp_merge_committed=False
obu-main-back-right-1  | [24.3] Main_Back_Right HOST_HOLD_YIELD: for merge=108 spd=4.88
obu-ramp-merge-5-1     | [24.3] Ramp_Merge_5 MERGE_PREPARE_WAIT_LANE_AVAILABLE: edge=34126779 lane=0 target_lane=1 lane_count=1 executable=False dtm=55.5 speed=6.75 host=None lead=106
obu-ramp-merge-5-1     | MERGE_WAIT_EDGE_ROLLING_FLOOR: vehicle=Ramp_Merge_5 waited_s=2.5 edge=34126779 lane=0 target_lane=1 lane_count=1 speed=6.75 target=6.75 floor=3.38 dtm=55.5 lead=106
obu-ramp-back-1        | [24.3] Ramp_Back MERGE_DECISION: auth=False phys=False fgok=True lgok=True hgok=True cok=True esok=True cready=False dtm=83.0 past=False committed=False hid=None ra=None lclear=True hyok=True
obu-merge-car-1        | [24.3] Merge_Car role=cruise state=CRUISE->CRUISE speed=7.43 target=7.50 neighbors=11
obu-ramp-merge-3-1     | [24.4] Ramp_Merge_3 FINAL_GUARD: REJECTED slot-boundary ETA sid=105
obu-ramp-merge-3-1     | [24.4] Ramp_Merge_3 MERGE_COMMIT_SAFETY_HOLD: lgok=False hgok=True fgok=False edge=34126779 lane=0 target_lane=1 speed=4.60 lane_cmd_state=WAIT_EDGE lane_cmd_executable=False lane_cmd_edge=34126779 lane_cmd_lane_count=1
obu-ramp-merge-2-1     | POST_MERGE_LOCK_ACTIVE: vehicle=Ramp_Merge_2 protected speed from 2.25 to 6.00 (flow)
obu-ramp-merge-2-1     | [24.6] Ramp_Merge_2 CAR_FOLLOW: sid=105 edge=1331698336 lane=1 leader_edge= leader_lane=None leader_role_hint=main self_merge_completed=True self_merge_completed_age=0.3 self_merge_committed=False lane_cmd_state=CLEAR lane_cmd_edge=1331698336 lane_cmd_target=1 lane_cmd_executable=False same_lane=True reason=same_lane_cam gap=2.8 follow_spd=6.00 emergency=False target_before=7.5 target_after=6.0 target_after_raw=2.25
obu-lead-car-1         | [24.6] Lead_Car role=cruise state=CRUISE->CRUISE speed=7.50 target=7.50 neighbors=11
obu-ramp-merge-2-1     | MERGE_ATTEMPT_TIMELINE: vehicle=Ramp_Merge_2 manoeuvre=37 host=None lead=None event=POST_MERGE_CAR_FOLLOW t=24.6 edge=1331698336 lane=1 lane_cmd_state=CLEAR speed=3.44 target=6.00 dtm=10.5 lead_gap= host_gap= lead_gap_t1= lead_gap_t2= lead_gap_t3= host_gap_t1= host_gap_t2= host_gap_t3=
obu-ramp-back-1        | [24.5] Ramp_Back MERGE_DECISION: auth=False phys=False fgok=True lgok=True hgok=True cok=True esok=True cready=False dtm=82.1 past=False committed=False hid=None ra=None lclear=True hyok=True
obu-ramp-merge-2-1     | [24.6] Ramp_Merge_2 POST_MERGE_CAR_FOLLOW: age=0.3 sid=105 gap=2.8 reason=same_lane_cam follow_spd=6.00 self_edge=1331698336 self_lane=1 leader_edge= leader_lane=None lane_cmd_state=CLEAR
obu-ramp-back-1        | [24.5] Ramp_Back role=merge state=CRUISE->CRUISE speed=6.73 target=6.75 neighbors=11
obu-ramp-merge-2-1     | MERGE_ATTEMPT_TIMELINE: vehicle=Ramp_Merge_2 manoeuvre=37 host=None lead=None event=POST_CLEAR_CAR_FOLLOW t=24.6 edge=1331698336 lane=1 lane_cmd_state=CLEAR speed=3.44 target=6.00 dtm=10.5 lead_gap= host_gap= lead_gap_t1= lead_gap_t2= lead_gap_t3= host_gap_t1= host_gap_t2= host_gap_t3=
obu-ramp-merge-2-1     | [24.6] Ramp_Merge_2 POST_CLEAR_CAR_FOLLOW: age=0.3 sid=105 gap=2.8 reason=same_lane_cam follow_spd=6.00 self_edge=1331698336 self_lane=1 leader_edge= leader_lane=None lane_cmd_state=CLEAR
obu-ramp-merge-2-1     | [24.6] Ramp_Merge_2 role=host state=YIELDING->YIELDING speed=3.44 target=6.00 neighbors=11
obu-main-back-right-1  | HOST_RESERVATION_EXTEND_UNTIL_CLEAR: host=Main_Back_Right ramp=108 manoeuvre=37 new_remaining=4.0 ramp_lcs=APPLY ramp_edge=1331698336
obu-main-back-right-1  | HOST_RESERVATION_HOLD: host=Main_Back_Right ramp=108 manoeuvre=37 remaining=4.0 own_speed=5.98 target_speed=4.88 ramp_fsm=NEGOTIATING ramp_lane_cmd_state=APPLY ramp_edge=1331698336 ramp_lane=0 ramp_merge_completed=False ramp_merge_committed=False
obu-main-back-right-1  | [24.6] Main_Back_Right HOST_HOLD_YIELD: for merge=108 spd=4.88
obu-main-back-right-1  | [24.6] Main_Back_Right MCM_TX_ACCEPT: manoeuvre=37 target=108
obu-main-mid-right-1   | [24.6] Main_Mid_Right role=cruise state=CRUISE->CRUISE speed=7.50 target=7.50 neighbors=11
obu-ramp-merge-4-1     | [24.5] Ramp_Merge_4 CAR_FOLLOW: sid=106 edge=34126779 lane=0 leader_edge= leader_lane=None leader_role_hint=main self_merge_completed=False self_merge_completed_age=-1.0 self_merge_committed=True lane_cmd_state=WAIT_EDGE lane_cmd_edge=34126779 lane_cmd_target=1 lane_cmd_executable=False same_lane=False reason=merge_conflict_eta gap=1.4 follow_spd=6.06 emergency=False target_before=6.169272236177154 target_after=6.064971205739245 target_after_raw=6.06
obu-ramp-merge-3-1     | [24.6] Ramp_Merge_3 MERGE_PREPARE_WAIT_LANE_AVAILABLE: edge=34126779 lane=0 target_lane=1 lane_count=1 executable=False dtm=8.0 speed=4.48 host=106 lead=105
obu-ramp-merge-3-1     | [24.6] Ramp_Merge_3 FINAL_GUARD: REJECTED slot-boundary ETA sid=105
obu-ramp-merge-3-1     | [24.6] Ramp_Merge_3 MERGE_COMMIT_SAFETY_HOLD: lgok=False hgok=True fgok=False edge=34126779 lane=0 target_lane=1 speed=4.48 lane_cmd_state=WAIT_EDGE lane_cmd_executable=False lane_cmd_edge=34126779 lane_cmd_lane_count=1
obu-ramp-merge-3-1     | [24.6] Ramp_Merge_3 role=merge state=NEGOTIATING->NEGOTIATING speed=4.48 target=2.25 neighbors=11
obu-ramp-back-1        | [24.6] Ramp_Back MERGE_DECISION: auth=False phys=False fgok=True lgok=True hgok=True cok=True esok=True cready=False dtm=81.6 past=False committed=False hid=None ra=None lclear=True hyok=True
obu-ramp-merge-4-1     | [24.6] Ramp_Merge_4 CAR_FOLLOW: sid=106 edge=34126779 lane=0 leader_edge= leader_lane=None leader_role_hint=main self_merge_completed=False self_merge_completed_age=-1.0 self_merge_committed=True lane_cmd_state=WAIT_EDGE lane_cmd_edge=34126779 lane_cmd_target=1 lane_cmd_executable=False same_lane=False reason=merge_conflict_eta gap=1.3 follow_spd=5.95 emergency=False target_before=6.1689342265411655 target_after=5.946837744821673 target_after_raw=5.95
obu-ramp-merge-4-1     | [24.6] Ramp_Merge_4 role=merge state=NEGOTIATING->NEGOTIATING speed=6.17 target=5.95 neighbors=11
obu-ramp-merge-2-1     | [24.6] Ramp_Merge_2 MCM_RX_ACCEPT: from=106 manoeuvre=37 target=108
obu-ramp-merge-5-1     | [24.6] Ramp_Merge_5 role=merge state=NEGOTIATING->NEGOTIATING speed=6.75 target=6.75 neighbors=11
obu-ramp-merge-3-1     | [24.8] Ramp_Merge_3 FINAL_GUARD: REJECTED slot-boundary ETA sid=105
obu-ramp-merge-3-1     | [24.8] Ramp_Merge_3 MERGE_COMMIT_SAFETY_HOLD: lgok=False hgok=True fgok=False edge=34126779 lane=0 target_lane=1 speed=4.26 lane_cmd_state=WAIT_EDGE lane_cmd_executable=False lane_cmd_edge=34126779 lane_cmd_lane_count=1
obu-ramp-merge-3-1     | [24.8] Ramp_Merge_3 CAR_FOLLOW: sid=106 edge=34126779 lane=0 leader_edge= leader_lane=None leader_role_hint=main self_merge_completed=False self_merge_completed_age=-1.0 self_merge_committed=True lane_cmd_state=WAIT_EDGE lane_cmd_edge=34126779 lane_cmd_target=1 lane_cmd_executable=False same_lane=False reason=merge_conflict_eta gap=1.7 follow_spd=4.12 emergency=False target_before=2.25 target_after=4.125 target_after_raw=4.12
obu-ramp-merge-4-1     | [24.8] Ramp_Merge_4 CAR_FOLLOW: sid=106 edge=34126779 lane=0 leader_edge= leader_lane=None leader_role_hint=main self_merge_completed=False self_merge_completed_age=-1.0 self_merge_committed=True lane_cmd_state=WAIT_EDGE lane_cmd_edge=34126779 lane_cmd_target=1 lane_cmd_executable=False same_lane=False reason=merge_conflict_eta gap=1.3 follow_spd=5.93 emergency=False target_before=6.163431021804589 target_after=5.927429623992318 target_after_raw=5.93
obu-ramp-merge-2-1     | POST_MERGE_LOCK_ACTIVE: vehicle=Ramp_Merge_2 protected speed from 2.25 to 6.00 (flow)
obu-ramp-merge-2-1     | [24.8] Ramp_Merge_2 CAR_FOLLOW: sid=105 edge=1331698336 lane=1 leader_edge= leader_lane=None leader_role_hint=main self_merge_completed=True self_merge_completed_age=0.5 self_merge_committed=False lane_cmd_state=CLEAR lane_cmd_edge=1331698336 lane_cmd_target=1 lane_cmd_executable=False same_lane=True reason=same_lane_cam gap=2.9 follow_spd=6.00 emergency=False target_before=7.5 target_after=6.0 target_after_raw=2.25
obu-main-back-right-1  | HOST_RESERVATION_RELEASE_AFTER_CLEAR: host=Main_Back_Right ramp=108 manoeuvre=37 reason=completed ramp_fsm=YIELDING ramp_lcs=CLEAR ramp_edge=1331698336 ramp_merge_completed=True
obu-ramp-merge-2-1     | MERGE_ATTEMPT_TIMELINE: vehicle=Ramp_Merge_2 manoeuvre=37 host=None lead=None event=POST_MERGE_CAR_FOLLOW t=24.8 edge=1331698336 lane=1 lane_cmd_state=CLEAR speed=2.54 target=6.00 dtm=11.0 lead_gap= host_gap= lead_gap_t1= lead_gap_t2= lead_gap_t3= host_gap_t1= host_gap_t2= host_gap_t3=
obu-ramp-merge-2-1     | [24.8] Ramp_Merge_2 POST_MERGE_CAR_FOLLOW: age=0.5 sid=105 gap=2.9 reason=same_lane_cam follow_spd=6.00 self_edge=1331698336 self_lane=1 leader_edge= leader_lane=None lane_cmd_state=CLEAR
obu-ramp-merge-2-1     | MERGE_ATTEMPT_TIMELINE: vehicle=Ramp_Merge_2 manoeuvre=37 host=None lead=None event=POST_CLEAR_CAR_FOLLOW t=24.8 edge=1331698336 lane=1 lane_cmd_state=CLEAR speed=2.54 target=6.00 dtm=11.0 lead_gap= host_gap= lead_gap_t1= lead_gap_t2= lead_gap_t3= host_gap_t1= host_gap_t2= host_gap_t3=
obu-ramp-merge-2-1     | [24.8] Ramp_Merge_2 POST_CLEAR_CAR_FOLLOW: age=0.5 sid=105 gap=2.9 reason=same_lane_cam follow_spd=6.00 self_edge=1331698336 self_lane=1 leader_edge= leader_lane=None lane_cmd_state=CLEAR
obu-ramp-back-1        | [24.9] Ramp_Back MERGE_DECISION: auth=False phys=False fgok=True lgok=True hgok=True cok=True esok=True cready=False dtm=80.3 past=False committed=False hid=None ra=None lclear=True hyok=True
obu-ramp-merge-4-1     | [25.0] Ramp_Merge_4 CAR_FOLLOW: sid=106 edge=34126779 lane=0 leader_edge= leader_lane=None leader_role_hint=main self_merge_completed=False self_merge_completed_age=-1.0 self_merge_committed=True lane_cmd_state=WAIT_EDGE lane_cmd_edge=34126779 lane_cmd_target=1 lane_cmd_executable=False same_lane=False reason=merge_conflict_eta gap=1.3 follow_spd=5.85 emergency=False target_before=6.142313177298755 target_after=5.892313177298755 target_after_raw=5.85
obu-host-car-1         | [25.1] Host_Car role=cruise state=CRUISE->CRUISE speed=7.38 target=7.50 neighbors=11
obu-ramp-merge-3-1     | [25.0] Ramp_Merge_3 MERGE_COMMIT_SAFETY_HOLD: lgok=False hgok=True fgok=True edge=34126779 lane=0 target_lane=1 speed=4.06 lane_cmd_state=WAIT_EDGE lane_cmd_executable=False lane_cmd_edge=34126779 lane_cmd_lane_count=1
obu-ramp-merge-3-1     | [25.0] Ramp_Merge_3 CAR_FOLLOW: sid=106 edge=34126779 lane=0 leader_edge= leader_lane=None leader_role_hint=main self_merge_completed=False self_merge_completed_age=-1.0 self_merge_committed=True lane_cmd_state=WAIT_EDGE lane_cmd_edge=34126779 lane_cmd_target=1 lane_cmd_executable=False same_lane=False reason=merge_conflict_eta gap=1.6 follow_spd=4.12 emergency=False target_before=2.25 target_after=4.125 target_after_raw=4.12
obu-main-front-left-1  | [25.1] Main_Front_Left role=cruise state=CRUISE->CRUISE speed=7.50 target=7.50 neighbors=11
obu-ramp-back-1        | [25.0] Ramp_Back MERGE_DECISION: auth=False phys=False fgok=True lgok=True hgok=True cok=True esok=True cready=False dtm=79.9 past=False committed=False hid=None ra=None lclear=True hyok=True
obu-main-back-left-1   | [25.1] Main_Back_Left role=cruise state=CRUISE->CRUISE speed=7.11 target=7.50 neighbors=11
obu-ramp-merge-2-1     | POST_MERGE_LOCK_ACTIVE: vehicle=Ramp_Merge_2 protected speed from 2.25 to 6.00 (flow)
obu-ramp-merge-2-1     | [25.0] Ramp_Merge_2 CAR_FOLLOW: sid=105 edge=1331698336 lane=1 leader_edge= leader_lane=None leader_role_hint=main self_merge_completed=True self_merge_completed_age=0.7 self_merge_committed=False lane_cmd_state=CLEAR lane_cmd_edge=1331698336 lane_cmd_target=1 lane_cmd_executable=False same_lane=True reason=same_lane_cam gap=3.9 follow_spd=6.00 emergency=False target_before=7.5 target_after=6.0 target_after_raw=2.25
obu-ramp-merge-2-1     | MERGE_ATTEMPT_TIMELINE: vehicle=Ramp_Merge_2 manoeuvre=37 host=None lead=None event=POST_MERGE_CAR_FOLLOW t=25.0 edge=1331698336 lane=1 lane_cmd_state=CLEAR speed=2.01 target=6.00 dtm=11.4 lead_gap= host_gap= lead_gap_t1= lead_gap_t2= lead_gap_t3= host_gap_t1= host_gap_t2= host_gap_t3=
obu-ramp-merge-2-1     | [25.0] Ramp_Merge_2 POST_MERGE_CAR_FOLLOW: age=0.7 sid=105 gap=3.9 reason=same_lane_cam follow_spd=6.00 self_edge=1331698336 self_lane=1 leader_edge= leader_lane=None lane_cmd_state=CLEAR
obu-ramp-merge-2-1     | MERGE_ATTEMPT_TIMELINE: vehicle=Ramp_Merge_2 manoeuvre=37 host=None lead=None event=POST_CLEAR_CAR_FOLLOW t=25.0 edge=1331698336 lane=1 lane_cmd_state=CLEAR speed=2.01 target=6.00 dtm=11.4 lead_gap= host_gap= lead_gap_t1= lead_gap_t2= lead_gap_t3= host_gap_t1= host_gap_t2= host_gap_t3=
obu-ramp-merge-2-1     | [25.0] Ramp_Merge_2 POST_CLEAR_CAR_FOLLOW: age=0.7 sid=105 gap=3.9 reason=same_lane_cam follow_spd=6.00 self_edge=1331698336 self_lane=1 leader_edge= leader_lane=None lane_cmd_state=CLEAR
obu-main-back-right-1  | [25.1] Main_Back_Right role=host state=CRUISE->CRUISE speed=5.86 target=7.50 neighbors=11
obu-ramp-merge-4-1     | [25.1] Ramp_Merge_4 CAR_FOLLOW: sid=106 edge=34126779 lane=0 leader_edge= leader_lane=None leader_role_hint=main self_merge_completed=False self_merge_completed_age=-1.0 self_merge_committed=True lane_cmd_state=WAIT_EDGE lane_cmd_edge=34126779 lane_cmd_target=1 lane_cmd_executable=False same_lane=False reason=merge_conflict_eta gap=1.2 follow_spd=5.73 emergency=False target_before=6.1315689996334335 target_after=5.8815689996334335 target_after_raw=5.73
obu-ramp-merge-3-1     | [25.2] Ramp_Merge_3 MERGE_COMMIT_SAFETY_HOLD: lgok=False hgok=True fgok=True edge=34126779 lane=0 target_lane=1 speed=4.07 lane_cmd_state=WAIT_EDGE lane_cmd_executable=False lane_cmd_edge=34126779 lane_cmd_lane_count=1
obu-ramp-merge-3-1     | [25.2] Ramp_Merge_3 CAR_FOLLOW: sid=106 edge=34126779 lane=0 leader_edge= leader_lane=None leader_role_hint=main self_merge_completed=False self_merge_completed_age=-1.0 self_merge_committed=True lane_cmd_state=WAIT_EDGE lane_cmd_edge=34126779 lane_cmd_target=1 lane_cmd_executable=False same_lane=False reason=merge_conflict_eta gap=1.8 follow_spd=4.12 emergency=False target_before=2.25 target_after=4.125 target_after_raw=4.12
obu-ramp-back-1        | [25.1] Ramp_Back MERGE_DECISION: auth=False phys=False fgok=True lgok=True hgok=True cok=True esok=True cready=False dtm=79.5 past=False committed=False hid=None ra=None lclear=True hyok=True
obu-ramp-merge-4-1     | [25.3] Ramp_Merge_4 MERGE_PREPARE_WAIT_LANE_AVAILABLE: edge=34126779 lane=0 target_lane=1 lane_count=1 executable=False dtm=26.3 speed=6.11 host=None lead=106
obu-ramp-merge-4-1     | MERGE_WAIT_EDGE_ROLLING_FLOOR: vehicle=Ramp_Merge_4 waited_s=4.2 edge=34126779 lane=0 target_lane=1 lane_count=1 speed=6.11 target=6.11 floor=3.38 dtm=26.3 lead=106
obu-ramp-merge-4-1     | [25.3] Ramp_Merge_4 CAR_FOLLOW: sid=106 edge=34126779 lane=0 leader_edge= leader_lane=None leader_role_hint=main self_merge_completed=False self_merge_completed_age=-1.0 self_merge_committed=True lane_cmd_state=WAIT_EDGE lane_cmd_edge=34126779 lane_cmd_target=1 lane_cmd_executable=False same_lane=False reason=merge_conflict_eta gap=1.3 follow_spd=5.83 emergency=False target_before=6.108241556955803 target_after=5.858241556955803 target_after_raw=5.83
obu-ramp-merge-3-1     | [25.3] Ramp_Merge_3 MERGE_COMMIT_SAFETY_HOLD: lgok=False hgok=True fgok=True edge=34126779 lane=0 target_lane=1 speed=4.07 lane_cmd_state=WAIT_EDGE lane_cmd_executable=False lane_cmd_edge=34126779 lane_cmd_lane_count=1
obu-ramp-merge-3-1     | [25.3] Ramp_Merge_3 CAR_FOLLOW: sid=106 edge=34126779 lane=0 leader_edge= leader_lane=None leader_role_hint=main self_merge_completed=False self_merge_completed_age=-1.0 self_merge_committed=True lane_cmd_state=WAIT_EDGE lane_cmd_edge=34126779 lane_cmd_target=1 lane_cmd_executable=False same_lane=False reason=merge_conflict_eta gap=1.5 follow_spd=4.12 emergency=False target_before=2.25 target_after=4.125 target_after_raw=4.12
obu-ramp-back-1        | [25.3] Ramp_Back MERGE_DECISION: auth=False phys=False fgok=True lgok=True hgok=True cok=True esok=True cready=False dtm=78.6 past=False committed=False hid=None ra=None lclear=True hyok=True
obu-ramp-merge-5-1     | [25.3] Ramp_Merge_5 MERGE_PREPARE_WAIT_LANE_AVAILABLE: edge=34126779 lane=0 target_lane=1 lane_count=1 executable=False dtm=49.3 speed=6.75 host=None lead=106
obu-ramp-merge-5-1     | MERGE_WAIT_EDGE_ROLLING_FLOOR: vehicle=Ramp_Merge_5 waited_s=3.5 edge=34126779 lane=0 target_lane=1 lane_count=1 speed=6.75 target=6.75 floor=3.38 dtm=49.3 lead=106
obu-merge-car-1        | [25.3] Merge_Car role=cruise state=CRUISE->CRUISE speed=7.46 target=7.50 neighbors=11
traci-bridge-1         | LANE_CMD_WAIT_EDGE veh=Ramp_Merge_5 edge=34126779 lane=0 target=1 lane_count=1
traci-bridge-1         | LANE_CMD_STATE veh=Ramp_Merge_2 edge=1331698336 lane=0 target=1 lane_count=3 recently=True speed=4.79
traci-bridge-1         | LANE_CMD_STATE veh=Ramp_Merge_3 edge=34126779 lane=0 target=1 lane_count=1 recently=False speed=4.64
traci-bridge-1         | LANE_CMD_WAIT_EDGE veh=Ramp_Merge_3 edge=34126779 lane=0 target=1 lane_count=1
traci-bridge-1         | LANE_CMD_STATE veh=Ramp_Merge_4 edge=34126779 lane=0 target=1 lane_count=1 recently=False speed=6.17
traci-bridge-1         | LANE_CMD_WAIT_EDGE veh=Ramp_Merge_4 edge=34126779 lane=0 target=1 lane_count=1
traci-bridge-1         | LANE_CMD_STATE veh=Ramp_Merge_5 edge=34126779 lane=0 target=1 lane_count=1 recently=False speed=6.75
traci-bridge-1         | LANE_CMD_WAIT_EDGE veh=Ramp_Merge_5 edge=34126779 lane=0 target=1 lane_count=1
traci-bridge-1         | LANE_CMD_STATE veh=Ramp_Merge_2 edge=1331698336 lane=0 target=1 lane_count=3 recently=True speed=4.79
traci-bridge-1         | LANE_CMD_STATE veh=Ramp_Merge_3 edge=34126779 lane=0 target=1 lane_count=1 recently=False speed=4.63
traci-bridge-1         | LANE_CMD_WAIT_EDGE veh=Ramp_Merge_3 edge=34126779 lane=0 target=1 lane_count=1
traci-bridge-1         | LANE_CMD_STATE veh=Ramp_Merge_4 edge=34126779 lane=0 target=1 lane_count=1 recently=False speed=6.17
traci-bridge-1         | LANE_CMD_WAIT_EDGE veh=Ramp_Merge_4 edge=34126779 lane=0 target=1 lane_count=1
traci-bridge-1         | LANE_CMD_STATE veh=Ramp_Merge_5 edge=34126779 lane=0 target=1 lane_count=1 recently=False speed=6.75
traci-bridge-1         | LANE_CMD_WAIT_EDGE veh=Ramp_Merge_5 edge=34126779 lane=0 target=1 lane_count=1
traci-bridge-1         | LANE_CMD_STATE veh=Ramp_Merge_2 edge=1331698336 lane=1 target=1 lane_count=3 recently=True speed=4.79
traci-bridge-1         | LANE_CMD_CLEAR veh=Ramp_Merge_2 edge=1331698336 target=1
traci-bridge-1         | LANE_CMD_STATE veh=Ramp_Merge_3 edge=34126779 lane=0 target=1 lane_count=1 recently=False speed=4.61
traci-bridge-1         | LANE_CMD_WAIT_EDGE veh=Ramp_Merge_3 edge=34126779 lane=0 target=1 lane_count=1
traci-bridge-1         | LANE_CMD_STATE veh=Ramp_Merge_4 edge=34126779 lane=0 target=1 lane_count=1 recently=False speed=6.17
traci-bridge-1         | LANE_CMD_WAIT_EDGE veh=Ramp_Merge_4 edge=34126779 lane=0 target=1 lane_count=1
traci-bridge-1         | LANE_CMD_STATE veh=Ramp_Merge_5 edge=34126779 lane=0 target=1 lane_count=1 recently=False speed=6.75
traci-bridge-1         | LANE_CMD_WAIT_EDGE veh=Ramp_Merge_5 edge=34126779 lane=0 target=1 lane_count=1
traci-bridge-1         | LANE_CMD_STATE veh=Ramp_Merge_3 edge=34126779 lane=0 target=1 lane_count=1 recently=False speed=4.60
traci-bridge-1         | LANE_CMD_WAIT_EDGE veh=Ramp_Merge_3 edge=34126779 lane=0 target=1 lane_count=1
traci-bridge-1         | LANE_CMD_STATE veh=Ramp_Merge_4 edge=34126779 lane=0 target=1 lane_count=1 recently=False speed=6.17
traci-bridge-1         | LANE_CMD_WAIT_EDGE veh=Ramp_Merge_4 edge=34126779 lane=0 target=1 lane_count=1
traci-bridge-1         | LANE_CMD_STATE veh=Ramp_Merge_5 edge=34126779 lane=0 target=1 lane_count=1 recently=False speed=6.75
traci-bridge-1         | LANE_CMD_WAIT_EDGE veh=Ramp_Merge_5 edge=34126779 lane=0 target=1 lane_count=1
traci-bridge-1         | LANE_CMD_STATE veh=Ramp_Merge_3 edge=34126779 lane=0 target=1 lane_count=1 recently=False speed=4.59
traci-bridge-1         | LANE_CMD_WAIT_EDGE veh=Ramp_Merge_3 edge=34126779 lane=0 target=1 lane_count=1
traci-bridge-1         | LANE_CMD_STATE veh=Ramp_Merge_4 edge=34126779 lane=0 target=1 lane_count=1 recently=False speed=6.17
traci-bridge-1         | LANE_CMD_WAIT_EDGE veh=Ramp_Merge_4 edge=34126779 lane=0 target=1 lane_count=1
traci-bridge-1         | LANE_CMD_STATE veh=Ramp_Merge_5 edge=34126779 lane=0 target=1 lane_count=1 recently=False speed=6.75
traci-bridge-1         | LANE_CMD_WAIT_EDGE veh=Ramp_Merge_5 edge=34126779 lane=0 target=1 lane_count=1
traci-bridge-1         | LANE_CMD_STATE veh=Ramp_Merge_3 edge=34126779 lane=0 target=1 lane_count=1 recently=False speed=4.48
traci-bridge-1         | LANE_CMD_WAIT_EDGE veh=Ramp_Merge_3 edge=34126779 lane=0 target=1 lane_count=1
traci-bridge-1         | LANE_CMD_STATE veh=Ramp_Merge_4 edge=34126779 lane=0 target=1 lane_count=1 recently=False speed=6.17
traci-bridge-1         | LANE_CMD_WAIT_EDGE veh=Ramp_Merge_4 edge=34126779 lane=0 target=1 lane_count=1
traci-bridge-1         | LANE_CMD_STATE veh=Ramp_Merge_5 edge=34126779 lane=0 target=1 lane_count=1 recently=False speed=6.75
traci-bridge-1         | LANE_CMD_WAIT_EDGE veh=Ramp_Merge_5 edge=34126779 lane=0 target=1 lane_count=1
traci-bridge-1         | LANE_CMD_STATE veh=Ramp_Merge_3 edge=34126779 lane=0 target=1 lane_count=1 recently=False speed=4.36
traci-bridge-1         | LANE_CMD_WAIT_EDGE veh=Ramp_Merge_3 edge=34126779 lane=0 target=1 lane_count=1
traci-bridge-1         | LANE_CMD_STATE veh=Ramp_Merge_4 edge=34126779 lane=0 target=1 lane_count=1 recently=False speed=6.17
traci-bridge-1         | LANE_CMD_WAIT_EDGE veh=Ramp_Merge_4 edge=34126779 lane=0 target=1 lane_count=1
traci-bridge-1         | LANE_CMD_STATE veh=Ramp_Merge_5 edge=34126779 lane=0 target=1 lane_count=1 recently=False speed=6.75
traci-bridge-1         | LANE_CMD_WAIT_EDGE veh=Ramp_Merge_5 edge=34126779 lane=0 target=1 lane_count=1
traci-bridge-1         | LANE_CMD_STATE veh=Ramp_Merge_3 edge=34126779 lane=0 target=1 lane_count=1 recently=False speed=4.26
traci-bridge-1         | LANE_CMD_WAIT_EDGE veh=Ramp_Merge_3 edge=34126779 lane=0 target=1 lane_count=1
traci-bridge-1         | LANE_CMD_STATE veh=Ramp_Merge_4 edge=34126779 lane=0 target=1 lane_count=1 recently=False speed=6.16
traci-bridge-1         | LANE_CMD_WAIT_EDGE veh=Ramp_Merge_4 edge=34126779 lane=0 target=1 lane_count=1
traci-bridge-1         | LANE_CMD_STATE veh=Ramp_Merge_5 edge=34126779 lane=0 target=1 lane_count=1 recently=False speed=6.75
traci-bridge-1         | LANE_CMD_WAIT_EDGE veh=Ramp_Merge_5 edge=34126779 lane=0 target=1 lane_count=1
traci-bridge-1         | LANE_CMD_STATE veh=Ramp_Merge_3 edge=34126779 lane=0 target=1 lane_count=1 recently=False speed=4.16
traci-bridge-1         | LANE_CMD_WAIT_EDGE veh=Ramp_Merge_3 edge=34126779 lane=0 target=1 lane_count=1
traci-bridge-1         | LANE_CMD_STATE veh=Ramp_Merge_4 edge=34126779 lane=0 target=1 lane_count=1 recently=False speed=6.15
traci-bridge-1         | LANE_CMD_WAIT_EDGE veh=Ramp_Merge_4 edge=34126779 lane=0 target=1 lane_count=1
traci-bridge-1         | LANE_CMD_STATE veh=Ramp_Merge_5 edge=34126779 lane=0 target=1 lane_count=1 recently=False speed=6.75
traci-bridge-1         | LANE_CMD_WAIT_EDGE veh=Ramp_Merge_5 edge=34126779 lane=0 target=1 lane_count=1
traci-bridge-1         | LANE_CMD_STATE veh=Ramp_Merge_3 edge=34126779 lane=0 target=1 lane_count=1 recently=False speed=4.06
traci-bridge-1         | LANE_CMD_WAIT_EDGE veh=Ramp_Merge_3 edge=34126779 lane=0 target=1 lane_count=1
traci-bridge-1         | LANE_CMD_STATE veh=Ramp_Merge_4 edge=34126779 lane=0 target=1 lane_count=1 recently=False speed=6.14
traci-bridge-1         | LANE_CMD_WAIT_EDGE veh=Ramp_Merge_4 edge=34126779 lane=0 target=1 lane_count=1
traci-bridge-1         | LANE_CMD_STATE veh=Ramp_Merge_5 edge=34126779 lane=0 target=1 lane_count=1 recently=False speed=6.75
traci-bridge-1         | LANE_CMD_WAIT_EDGE veh=Ramp_Merge_5 edge=34126779 lane=0 target=1 lane_count=1
traci-bridge-1         | LANE_CMD_STATE veh=Ramp_Merge_3 edge=34126779 lane=0 target=1 lane_count=1 recently=False speed=4.07
traci-bridge-1         | LANE_CMD_WAIT_EDGE veh=Ramp_Merge_3 edge=34126779 lane=0 target=1 lane_count=1
traci-bridge-1         | LANE_CMD_STATE veh=Ramp_Merge_4 edge=34126779 lane=0 target=1 lane_count=1 recently=False speed=6.13
traci-bridge-1         | LANE_CMD_WAIT_EDGE veh=Ramp_Merge_4 edge=34126779 lane=0 target=1 lane_count=1
traci-bridge-1         | LANE_CMD_STATE veh=Ramp_Merge_5 edge=34126779 lane=0 target=1 lane_count=1 recently=False speed=6.75
traci-bridge-1         | LANE_CMD_WAIT_EDGE veh=Ramp_Merge_5 edge=34126779 lane=0 target=1 lane_count=1
traci-bridge-1         | LANE_CMD_STATE veh=Ramp_Merge_3 edge=34126779 lane=0 target=1 lane_count=1 recently=False speed=4.07
traci-bridge-1         | LANE_CMD_WAIT_EDGE veh=Ramp_Merge_3 edge=34126779 lane=0 target=1 lane_count=1
traci-bridge-1         | LANE_CMD_STATE veh=Ramp_Merge_4 edge=34126779 lane=0 target=1 lane_count=1 recently=False speed=6.12
traci-bridge-1         | LANE_CMD_WAIT_EDGE veh=Ramp_Merge_4 edge=34126779 lane=0 target=1 lane_count=1
traci-bridge-1         | LANE_CMD_STATE veh=Ramp_Merge_5 edge=34126779 lane=0 target=1 lane_count=1 recently=False speed=6.75
traci-bridge-1         | LANE_CMD_WAIT_EDGE veh=Ramp_Merge_5 edge=34126779 lane=0 target=1 lane_count=1
traci-bridge-1         | LANE_CMD_STATE veh=Ramp_Merge_3 edge=34126779 lane=0 target=1 lane_count=1 recently=False speed=4.07
traci-bridge-1         | LANE_CMD_WAIT_EDGE veh=Ramp_Merge_3 edge=34126779 lane=0 target=1 lane_count=1
traci-bridge-1         | LANE_CMD_STATE veh=Ramp_Merge_4 edge=34126779 lane=0 target=1 lane_count=1 recently=False speed=6.11
traci-bridge-1         | LANE_CMD_WAIT_EDGE veh=Ramp_Merge_4 edge=34126779 lane=0 target=1 lane_count=1
traci-bridge-1         | LANE_CMD_STATE veh=Ramp_Merge_5 edge=34126779 lane=0 target=1 lane_count=1 recently=False speed=6.75
traci-bridge-1         | LANE_CMD_WAIT_EDGE veh=Ramp_Merge_5 edge=34126779 lane=0 target=1 lane_count=1
traci-bridge-1         | LANE_CMD_STATE veh=Ramp_Merge_3 edge=34126779 lane=0 target=1 lane_count=1 recently=False speed=4.07
traci-bridge-1         | LANE_CMD_WAIT_EDGE veh=Ramp_Merge_3 edge=34126779 lane=0 target=1 lane_count=1
traci-bridge-1         | LANE_CMD_STATE veh=Ramp_Merge_4 edge=34126779 lane=0 target=1 lane_count=1 recently=False speed=6.10
traci-bridge-1         | LANE_CMD_WAIT_EDGE veh=Ramp_Merge_4 edge=34126779 lane=0 target=1 lane_count=1
traci-bridge-1         | LANE_CMD_STATE veh=Ramp_Merge_5 edge=34126779 lane=0 target=1 lane_count=1 recently=False speed=6.75
traci-bridge-1         | LANE_CMD_WAIT_EDGE veh=Ramp_Merge_5 edge=34126779 lane=0 target=1 lane_count=1
traci-bridge-1         | LANE_CMD_STATE veh=Ramp_Merge_3 edge=34126779 lane=0 target=1 lane_count=1 recently=False speed=4.08
traci-bridge-1         | LANE_CMD_WAIT_EDGE veh=Ramp_Merge_3 edge=34126779 lane=0 target=1 lane_count=1
obu-ramp-merge-3-1     | [25.5] Ramp_Merge_3 FINAL_GUARD: REJECTED sid=108 gap=14.7 ttc_danger=False
obu-ramp-merge-3-1     | [25.5] Ramp_Merge_3 MERGE_COMMIT_SAFETY_HOLD: lgok=False hgok=False fgok=False edge=34126779 lane=0 target_lane=1 speed=4.08 lane_cmd_state=WAIT_EDGE lane_cmd_executable=False lane_cmd_edge=34126779 lane_cmd_lane_count=1
obu-ramp-merge-3-1     | [25.5] Ramp_Merge_3 CAR_FOLLOW: sid=106 edge=34126779 lane=0 leader_edge= leader_lane=None leader_role_hint=main self_merge_completed=False self_merge_completed_age=-1.0 self_merge_committed=True lane_cmd_state=WAIT_EDGE lane_cmd_edge=34126779 lane_cmd_target=1 lane_cmd_executable=False same_lane=False reason=merge_conflict_eta gap=1.4 follow_spd=4.12 emergency=False target_before=2.25 target_after=4.125 target_after_raw=4.12
obu-ramp-merge-2-1     | [25.6] Ramp_Merge_2 role=cruise state=CRUISE->CRUISE speed=1.73 target=7.50 neighbors=11
obu-lead-car-1         | [25.6] Lead_Car role=cruise state=CRUISE->CRUISE speed=7.50 target=7.50 neighbors=11
obu-ramp-back-1        | [25.5] Ramp_Back MERGE_DECISION: auth=False phys=False fgok=True lgok=True hgok=True cok=True esok=True cready=False dtm=77.6 past=False committed=False hid=None ra=None lclear=True hyok=True
obu-ramp-merge-4-1     | [25.5] Ramp_Merge_4 CAR_FOLLOW: sid=106 edge=34126779 lane=0 leader_edge= leader_lane=None leader_role_hint=main self_merge_completed=False self_merge_completed_age=-1.0 self_merge_committed=True lane_cmd_state=WAIT_EDGE lane_cmd_edge=34126779 lane_cmd_target=1 lane_cmd_executable=False same_lane=False reason=merge_conflict_eta gap=1.4 follow_spd=5.92 emergency=False target_before=6.08497461048299 target_after=5.924722833263684 target_after_raw=5.92
obu-ramp-back-1        | [25.5] Ramp_Back role=merge state=CRUISE->CRUISE speed=6.74 target=6.75 neighbors=11
obu-main-mid-right-1   | [25.6] Main_Mid_Right role=cruise state=CRUISE->CRUISE speed=7.50 target=7.50 neighbors=11
obu-ramp-merge-3-1     | [25.6] Ramp_Merge_3 MERGE_PREPARE_WAIT_LANE_AVAILABLE: edge=34126779 lane=0 target_lane=1 lane_count=1 executable=False dtm=5.3 speed=4.08 host=106 lead=105
obu-ramp-merge-3-1     | [25.6] Ramp_Merge_3 FINAL_GUARD: REJECTED slot-boundary ETA sid=106
obu-ramp-merge-3-1     | [25.6] Ramp_Merge_3 MERGE_COMMIT_SAFETY_HOLD: lgok=False hgok=False fgok=False edge=34126779 lane=0 target_lane=1 speed=4.08 lane_cmd_state=WAIT_EDGE lane_cmd_executable=False lane_cmd_edge=34126779 lane_cmd_lane_count=1
obu-ramp-merge-3-1     | [25.6] Ramp_Merge_3 CAR_FOLLOW: sid=106 edge=34126779 lane=0 leader_edge= leader_lane=None leader_role_hint=main self_merge_completed=False self_merge_completed_age=-1.0 self_merge_committed=True lane_cmd_state=WAIT_EDGE lane_cmd_edge=34126779 lane_cmd_target=1 lane_cmd_executable=False same_lane=False reason=merge_conflict_eta gap=1.0 follow_spd=4.12 emergency=False target_before=2.25 target_after=4.125 target_after_raw=4.12
obu-ramp-merge-3-1     | [25.6] Ramp_Merge_3 role=merge state=NEGOTIATING->NEGOTIATING speed=4.08 target=4.12 neighbors=11
obu-ramp-merge-4-1     | [25.6] Ramp_Merge_4 role=merge state=NEGOTIATING->NEGOTIATING speed=6.07 target=6.07 neighbors=11
obu-ramp-back-1        | [25.6] Ramp_Back MERGE_LCLEAR_BLOCK: sid=106 gap=10.0 neighbor_age=0.1 from_memory=False dtm=77.1
obu-ramp-back-1        | [25.6] Ramp_Back MERGE_DECISION: auth=False phys=False fgok=True lgok=True hgok=True cok=True esok=True cready=False dtm=77.1 past=False committed=False hid=None ra=None lclear=False hyok=True
obu-ramp-merge-5-1     | [25.6] Ramp_Merge_5 role=merge state=NEGOTIATING->NEGOTIATING speed=6.75 target=6.75 neighbors=11
obu-ramp-back-1        | [25.8] Ramp_Back MERGE_DECISION: auth=False phys=False fgok=True lgok=True hgok=True cok=True esok=True cready=False dtm=76.1 past=False committed=False hid=None ra=None lclear=True hyok=True
obu-ramp-merge-4-1     | [25.8] Ramp_Merge_4 CAR_FOLLOW: sid=106 edge=34126779 lane=0 leader_edge= leader_lane=None leader_role_hint=main self_merge_completed=False self_merge_completed_age=-1.0 self_merge_committed=True lane_cmd_state=WAIT_EDGE lane_cmd_edge=34126779 lane_cmd_target=1 lane_cmd_executable=False same_lane=False reason=merge_conflict_eta gap=1.5 follow_spd=6.05 emergency=False target_before=6.055960872539069 target_after=6.054337041632975 target_after_raw=6.05
obu-ramp-merge-3-1     | [25.8] Ramp_Merge_3 FINAL_GUARD: REJECTED slot-boundary ETA sid=106
obu-ramp-merge-3-1     | [25.8] Ramp_Merge_3 MERGE_COMMIT_SAFETY_HOLD: lgok=False hgok=False fgok=False edge=:390064918_0 lane=0 target_lane=1 speed=4.08 lane_cmd_state=WAIT_EDGE lane_cmd_executable=False lane_cmd_edge=34126779 lane_cmd_lane_count=1
obu-ramp-merge-3-1     | [25.8] Ramp_Merge_3 CAR_FOLLOW: sid=106 edge=:390064918_0 lane=0 leader_edge= leader_lane=None leader_role_hint=main self_merge_completed=False self_merge_completed_age=-1.0 self_merge_committed=True lane_cmd_state=WAIT_EDGE lane_cmd_edge=34126779 lane_cmd_target=1 lane_cmd_executable=False same_lane=False reason=merge_conflict_eta gap=1.1 follow_spd=4.12 emergency=False target_before=2.25 target_after=4.125 target_after_raw=4.12
obu-ramp-merge-3-1     | [25.8] Ramp_Merge_3 MERGE_LANE_WAIT_EDGE_CONFIRMED: edge=:390064918_0 lane=0 target_lane=1 lane_count=1 executable=False
obu-ramp-back-1        | [26.0] Ramp_Back MERGE_DECISION: auth=False phys=False fgok=True lgok=True hgok=True cok=True esok=True cready=False dtm=75.1 past=False committed=False hid=None ra=None lclear=False hyok=True
obu-ramp-merge-3-1     | [26.0] Ramp_Merge_3 MERGE_PREPARE_WAIT_LANE_AVAILABLE: edge=:390064918_0 lane=0 target_lane=1 lane_count=1 executable=False dtm=4.9 speed=4.09 host=106 lead=105
obu-ramp-merge-3-1     | [26.0] Ramp_Merge_3 FINAL_GUARD: REJECTED slot-boundary ETA sid=106
obu-ramp-merge-3-1     | MERGE_ATTEMPT_TIMELINE: vehicle=Ramp_Merge_3 manoeuvre=66 host=106 lead=105 event=ABORT_SAFETY_HOLD t=26.0 edge=:390064918_0 lane=0 lane_cmd_state=WAIT_EDGE speed=4.09 target=6.75 dtm=4.9 lead_gap=22.86 host_gap=6.88 lead_gap_t1=22.86 lead_gap_t2=22.86 lead_gap_t3=22.86 host_gap_t1=4.51 host_gap_t2=2.14 host_gap_t3=0.00
obu-ramp-merge-3-1     | [26.0] Ramp_Merge_3 MERGE_COMMIT_ABORT_SAFETY_HOLD: lgok=False hgok=False fgok=False edge=:390064918_0 lane=0 target_lane=1 speed=4.09 lane_cmd_state=WAIT_EDGE lane_cmd_executable=False lane_cmd_edge=:390064918_0 lane_cmd_lane_count=1
obu-ramp-merge-3-1     | [26.0] Ramp_Merge_3 CAR_FOLLOW: sid=106 edge=:390064918_0 lane=0 leader_edge= leader_lane=None leader_role_hint=main self_merge_completed=False self_merge_completed_age=-1.0 self_merge_committed=False lane_cmd_state=WAIT_EDGE lane_cmd_edge=:390064918_0 lane_cmd_target=1 lane_cmd_executable=False same_lane=False reason=merge_conflict_eta gap=0.7 follow_spd=4.12 emergency=False target_before=6.75 target_after=4.125 target_after_raw=4.12
obu-main-front-left-1  | [26.1] Main_Front_Left role=cruise state=CRUISE->CRUISE speed=7.50 target=7.50 neighbors=11
obu-host-car-1         | [26.1] Host_Car role=cruise state=CRUISE->CRUISE speed=7.43 target=7.50 neighbors=11
obu-main-back-left-1   | [26.1] Main_Back_Left role=cruise state=CRUISE->CRUISE speed=7.21 target=7.50 neighbors=11
obu-ramp-merge-3-1     | MERGE_SLOT_QUALITY_DIAG: vehicle=Ramp_Merge_3 event=REQUEST_NEW t=26.1 manoeuvre=67 source=new_request lead=None host=106 own_eta=1.19 lead_eta=None host_eta=1.87 min_eta=None max_eta=0.37 desired_eta=0.37 gap_possible=True dtm=4.8 edge=:390064918_0 lane=0 speed=4.09 lead_speed=None host_speed=6.46 lead_gap=None host_gap=7.30 lead_gap_t1=None lead_gap_t2=None lead_gap_t3=None host_gap_t1=4.93 host_gap_t2=2.56 host_gap_t3=0.19 rel_to_lead=None rel_to_host=2.37 lead_lat=None host_lat=3.82 pending=True accepted=False authorized=False committed=False pending_age=0.00 accepted_age=None lane_cmd_state=WAIT_EDGE lane_cmd_target=1
obu-ramp-merge-3-1     | MERGE_ATTEMPT_TIMELINE: vehicle=Ramp_Merge_3 manoeuvre=67 host=106 lead=105 event=REQUEST_SENT t=26.1 edge=:390064918_0 lane=0 lane_cmd_state=WAIT_EDGE speed=4.09 target=6.75 dtm=4.8 lead_gap=22.45 host_gap=7.30 lead_gap_t1=22.45 lead_gap_t2=22.45 lead_gap_t3=22.45 host_gap_t1=4.93 host_gap_t2=2.56 host_gap_t3=0.19
obu-ramp-merge-3-1     | [26.1] Ramp_Merge_3 MCM_TX_REQUEST: manoeuvre=67 target=106
obu-ramp-merge-3-1     | [26.1] Ramp_Merge_3 FINAL_GUARD: REJECTED slot-boundary ETA sid=106
obu-ramp-merge-3-1     | [26.1] Ramp_Merge_3 MERGE_DECISION: auth=False phys=True fgok=False lgok=True hgok=False cok=True esok=False cready=True dtm=4.8 past=False committed=False hid=106 ra=None lclear=True hyok=False
obu-main-back-right-1  | [26.1] Main_Back_Right role=host state=CRUISE->CRUISE speed=6.52 target=7.50 neighbors=11
obu-ramp-merge-3-1     | [26.1] Ramp_Merge_3 CAR_FOLLOW: sid=106 edge=:390064918_0 lane=0 leader_edge= leader_lane=None leader_role_hint=main self_merge_completed=False self_merge_completed_age=-1.0 self_merge_committed=False lane_cmd_state=WAIT_EDGE lane_cmd_edge=:390064918_0 lane_cmd_target=1 lane_cmd_executable=False same_lane=False reason=merge_conflict_eta gap=0.7 follow_spd=4.12 emergency=False target_before=3.639484561739031 target_after=4.125 target_after_raw=4.12
obu-ramp-back-1        | [26.1] Ramp_Back MERGE_DECISION: auth=False phys=False fgok=True lgok=True hgok=True cok=True esok=True cready=False dtm=74.6 past=False committed=False hid=None ra=None lclear=False hyok=True
obu-main-back-right-1  | [26.1] Main_Back_Right MCM_RX_REQUEST: from=109 manoeuvre=67 target=106
obu-main-back-right-1  | HOST_REQUEST_DECISION: host=Main_Back_Right ramp=109 manoeuvre=67 decision=REJECT reason=DISTANCE ramp_eta=1.21 host_eta=1.53 required_speed=1.71 current_speed=6.61 active_request_ramp=None active_request_remaining=0.0 ramp_remote_edge=:390064918_0 ramp_remote_lane=0 ramp_remote_fsm=YIELDING
obu-main-back-right-1  | [26.3] Main_Back_Right MCM_TX_REJECT: manoeuvre=67 target=109
obu-merge-car-1        | [26.3] Merge_Car role=cruise state=CRUISE->CRUISE speed=7.48 target=7.50 neighbors=11
obu-ramp-merge-4-1     | [26.3] Ramp_Merge_4 MERGE_PREPARE_WAIT_LANE_AVAILABLE: edge=34126779 lane=0 target_lane=1 lane_count=1 executable=False dtm=20.2 speed=6.06 host=None lead=106
obu-ramp-merge-4-1     | MERGE_WAIT_EDGE_ROLLING_FLOOR: vehicle=Ramp_Merge_4 waited_s=5.2 edge=34126779 lane=0 target_lane=1 lane_count=1 speed=6.06 target=6.06 floor=3.38 dtm=20.2 lead=106
obu-ramp-merge-3-1     | [26.3] Ramp_Merge_3 FINAL_GUARD: REJECTED slot-boundary ETA sid=106
obu-ramp-merge-3-1     | [26.3] Ramp_Merge_3 MERGE_DECISION: auth=False phys=True fgok=False lgok=True hgok=False cok=True esok=False cready=True dtm=4.9 past=False committed=False hid=106 ra=None lclear=True hyok=False
obu-ramp-merge-3-1     | [26.3] Ramp_Merge_3 CAR_FOLLOW: sid=106 edge=:390064918_0 lane=0 leader_edge= leader_lane=None leader_role_hint=main self_merge_completed=False self_merge_completed_age=-1.0 self_merge_committed=False lane_cmd_state=WAIT_EDGE lane_cmd_edge=:390064918_0 lane_cmd_target=1 lane_cmd_executable=False same_lane=False reason=merge_conflict_eta gap=0.6 follow_spd=4.12 emergency=False target_before=3.642947316969475 target_after=4.125 target_after_raw=4.12
obu-ramp-back-1        | [26.3] Ramp_Back MERGE_DECISION: auth=False phys=False fgok=True lgok=True hgok=True cok=True esok=True cready=False dtm=73.7 past=False committed=False hid=None ra=None lclear=False hyok=True
obu-ramp-merge-5-1     | [26.3] Ramp_Merge_5 MERGE_PREPARE_WAIT_LANE_AVAILABLE: edge=34126779 lane=0 target_lane=1 lane_count=1 executable=False dtm=42.9 speed=6.75 host=None lead=106
obu-ramp-merge-5-1     | MERGE_WAIT_EDGE_ROLLING_FLOOR: vehicle=Ramp_Merge_5 waited_s=4.5 edge=34126779 lane=0 target_lane=1 lane_count=1 speed=6.75 target=6.75 floor=3.38 dtm=42.9 lead=106
obu-ramp-merge-3-1     | [26.3] Ramp_Merge_3 MCM_RX_REJECT: from=106 manoeuvre=67 target=109
obu-main-back-right-1  | HOST_REQUEST_DECISION: host=Main_Back_Right ramp=109 manoeuvre=67 decision=IGNORE reason=DISTANCE_PERIOD ramp_eta=1.20 host_eta=1.31 required_speed=1.49 current_speed=6.70 active_request_ramp=None active_request_remaining=0.0 ramp_remote_edge=:390064918_0 ramp_remote_lane=0 ramp_remote_fsm=YIELDING
obu-ramp-merge-3-1     | [26.5] Ramp_Merge_3 MERGE_LANE_APPLY_CONFIRMED: edge=1331698336 lane=0 target_lane=1 lane_count=3 executable=True
obu-ramp-merge-3-1     | MCM_REQUEST_RETRY_DIAG: vehicle=Ramp_Merge_3 host=106 lead=None manoeuvre=67 retry_count=1 pending_age=0.4 dtm=5.1 own_eta=1.24 host_eta_current=1.3117410878588378 host_eta_at_request=1.8665159890829366 lead_eta_current=None lead_eta_at_request=None last_response_action=3 last_response_age=0.1999999999999993 host_remote_fsm=CRUISE host_remote_edge=560761994 host_remote_lane=0 host_remote_merge_committed=False host_remote_merge_completed=False host_remote_active_merge_request=False host_remote_active_station_id=None host_remote_active_manoeuvre_id=None host_remote_active_remaining_s=0.0
obu-ramp-merge-3-1     | MERGE_SLOT_QUALITY_DIAG: vehicle=Ramp_Merge_3 event=REQUEST_RETRY t=26.5 manoeuvre=67 source=retry_request lead=None host=106 own_eta=1.24 lead_eta=None host_eta=1.31 min_eta=None max_eta=-0.19 desired_eta=-0.19 gap_possible=True dtm=5.1 edge=1331698336 lane=0 speed=4.10 lead_speed=None host_speed=6.70 lead_gap=None host_gap=5.68 lead_gap_t1=None lead_gap_t2=None lead_gap_t3=None host_gap_t1=3.07 host_gap_t2=0.47 host_gap_t3=0.00 rel_to_lead=None rel_to_host=2.60 lead_lat=None host_lat=3.58 pending=True accepted=False authorized=False committed=False pending_age=0.40 accepted_age=None lane_cmd_state=APPLY lane_cmd_target=1
obu-ramp-merge-3-1     | [26.5] Ramp_Merge_3 MCM_TX_REQUEST: manoeuvre=67 target=106
obu-ramp-merge-3-1     | [26.5] Ramp_Merge_3 MCM_REJECT: host=106 manoeuvre=67
obu-ramp-merge-3-1     | [26.5] Ramp_Merge_3 CAR_FOLLOW: sid=106 edge=1331698336 lane=0 leader_edge= leader_lane=None leader_role_hint=main self_merge_completed=False self_merge_completed_age=-1.0 self_merge_committed=False lane_cmd_state=APPLY lane_cmd_edge=1331698336 lane_cmd_target=1 lane_cmd_executable=True same_lane=False reason=merge_conflict_eta gap=0.1 follow_spd=4.12 emergency=False target_before=3.8460724535649513 target_after=4.125 target_after_raw=4.12
obu-ramp-merge-3-1     | [26.6] Ramp_Merge_3 MERGE_PHYSICAL_START_DELAYED_UNTIL_LANE_APPLY: waited_s=0.0 edge=1331698336 lane=0 target_lane=1 lane_count=3 lane_cmd_state=APPLY executable=True dtm=2.6 speed=4.10 reason=implicit_before_completed
obu-ramp-merge-3-1     | [26.6] Ramp_Merge_3 MERGE_START_GAP_DIAG: event=implicit_before_completed lead=105 host=106 lead_eta=4.224416765549298 own_eta=0.6415917501268282 host_eta=1.3117410878588378 lead_gap=17.93282037436985 host_gap=3.9849719949938045 lead_gap_p1=17.93282037436985 lead_gap_p2=17.93282037436985 lead_gap_p3=17.93282037436985 host_gap_p1=1.3824908258805078 host_gap_p2=0.0 host_gap_p3=0.0 rel_to_lead=-3.1224811691132963 rel_to_host=2.6024811691132967 lead_lat=17.3729047801985 host_lat=6.55911028263305 edge=1331698336 lane=1 lane_cmd_state=APPLY lane_cmd_edge=1331698336 lane_cmd_target=1 lane_cmd_executable=True dtm=2.6 speed=4.10
obu-ramp-merge-3-1     | MERGE_ATTEMPT_TIMELINE: vehicle=Ramp_Merge_3 manoeuvre=67 host=106 lead=105 event=PHYSICAL_START t=26.6 edge=1331698336 lane=1 lane_cmd_state=APPLY speed=4.10 target=6.75 dtm=2.6 lead_gap=17.93 host_gap=3.98 lead_gap_t1=17.93 lead_gap_t2=17.93 lead_gap_t3=17.93 host_gap_t1=1.38 host_gap_t2=0.00 host_gap_t3=0.00
obu-ramp-merge-3-1     | [26.6] Ramp_Merge_3 MERGE_PHYSICAL_START: host=106 manoeuvre=0
obu-ramp-merge-3-1     | [26.6] Ramp_Merge_3 MERGING!
obu-ramp-merge-3-1     | MERGE_ATTEMPT_TIMELINE: vehicle=Ramp_Merge_3 manoeuvre=67 host=106 lead=105 event=COMPLETED t=26.6 edge=1331698336 lane=1 lane_cmd_state=APPLY speed=4.10 target=6.75 dtm=2.6 lead_gap=17.93 host_gap=3.98 lead_gap_t1=17.93 lead_gap_t2=17.93 lead_gap_t3=17.93 host_gap_t1=1.38 host_gap_t2=0.00 host_gap_t3=0.00
obu-ramp-merge-3-1     | [26.6] Ramp_Merge_3 MERGE_COMPLETED: eid=1331698336 lane=1 clean=True
obu-ramp-merge-3-1     | [26.6] Ramp_Merge_3 CAR_FOLLOW: sid=106 edge=1331698336 lane=1 leader_edge= leader_lane=None leader_role_hint=main self_merge_completed=True self_merge_completed_age=0.0 self_merge_committed=False lane_cmd_state=APPLY lane_cmd_edge=1331698336 lane_cmd_target=1 lane_cmd_executable=True same_lane=False reason=merge_conflict_eta gap=0.7 follow_spd=4.12 emergency=False target_before=7.5 target_after=4.125 target_after_raw=4.12
obu-ramp-merge-3-1     | MERGE_ATTEMPT_TIMELINE: vehicle=Ramp_Merge_3 manoeuvre=67 host=None lead=None event=POST_MERGE_CAR_FOLLOW t=26.6 edge=1331698336 lane=1 lane_cmd_state=APPLY speed=4.10 target=4.12 dtm=2.6 lead_gap= host_gap= lead_gap_t1= lead_gap_t2= lead_gap_t3= host_gap_t1= host_gap_t2= host_gap_t3=
obu-ramp-merge-3-1     | [26.6] Ramp_Merge_3 POST_MERGE_CAR_FOLLOW: age=0.0 sid=106 gap=0.7 reason=merge_conflict_eta follow_spd=4.12 self_edge=1331698336 self_lane=1 leader_edge= leader_lane=None lane_cmd_state=APPLY
obu-ramp-merge-3-1     | [26.6] Ramp_Merge_3 role=merge state=NEGOTIATING->YIELDING speed=4.10 target=4.12 neighbors=11
obu-main-mid-right-1   | [26.6] Main_Mid_Right role=cruise state=CRUISE->CRUISE speed=7.50 target=7.50 neighbors=11
obu-main-back-right-1  | HOST_REQUEST_DECISION: host=Main_Back_Right ramp=109 manoeuvre=67 decision=REJECT reason=DISTANCE ramp_eta=1.20 host_eta=1.21 required_speed=1.38 current_speed=6.74 active_request_ramp=None active_request_remaining=0.0 ramp_remote_edge=:390064918_0 ramp_remote_lane=0 ramp_remote_fsm=YIELDING
obu-ramp-back-1        | [26.6] Ramp_Back MERGE_DECISION: auth=False phys=False fgok=True lgok=True hgok=True cok=True esok=True cready=False dtm=72.2 past=False committed=False hid=None ra=None lclear=False hyok=True
obu-main-back-right-1  | [26.6] Main_Back_Right MCM_TX_REJECT: manoeuvre=67 target=109
obu-ramp-back-1        | [26.6] Ramp_Back role=merge state=CRUISE->CRUISE speed=6.74 target=6.75 neighbors=11
obu-lead-car-1         | [26.6] Lead_Car role=cruise state=CRUISE->CRUISE speed=7.50 target=7.50 neighbors=11
obu-main-back-right-1  | [26.6] Main_Back_Right MCM_RX_REQUEST: from=109 manoeuvre=67 target=106
obu-ramp-merge-2-1     | [26.6] Ramp_Merge_2 role=cruise state=CRUISE->CRUISE speed=3.07 target=7.50 neighbors=11
obu-ramp-merge-4-1     | [26.6] Ramp_Merge_4 role=merge state=NEGOTIATING->NEGOTIATING speed=6.06 target=6.06 neighbors=11
obu-ramp-merge-5-1     | [26.6] Ramp_Merge_5 role=merge state=NEGOTIATING->NEGOTIATING speed=6.75 target=6.75 neighbors=11
obu-ramp-merge-3-1     | MERGE_ATTEMPT_TIMELINE: vehicle=Ramp_Merge_3 manoeuvre=67 host=None lead=None event=CLEAR t=26.6 edge=1331698336 lane=1 lane_cmd_state=CLEAR speed=4.10 target=4.12 dtm=2.6 lead_gap= host_gap= lead_gap_t1= lead_gap_t2= lead_gap_t3= host_gap_t1= host_gap_t2= host_gap_t3=
obu-ramp-merge-3-1     | [26.6] Ramp_Merge_3 MERGE_LANE_CLEAR_CONFIRMED: edge=1331698336 lane=1 target_lane=1 lane_count=3 executable=False
obu-ramp-merge-3-1     | [26.6] Ramp_Merge_3 MCM_RX_REJECT: from=106 manoeuvre=67 target=109
obu-ramp-merge-4-1     | [26.8] Ramp_Merge_4 CAR_FOLLOW: sid=106 edge=34126779 lane=0 leader_edge= leader_lane=None leader_role_hint=main self_merge_completed=False self_merge_completed_age=-1.0 self_merge_committed=True lane_cmd_state=WAIT_EDGE lane_cmd_edge=34126779 lane_cmd_target=1 lane_cmd_executable=False same_lane=True reason=same_lane_cam gap=4.7 follow_spd=2.62 emergency=False target_before=6.056497589294762 target_after=5.806497589294762 target_after_raw=2.62
obu-main-back-right-1  | HOST_REQUEST_DECISION: host=Main_Back_Right ramp=109 manoeuvre=67 decision=IGNORE reason=DISTANCE_PERIOD ramp_eta=0.64 host_eta=1.19 required_speed=1.30 current_speed=5.84 active_request_ramp=None active_request_remaining=0.0 ramp_remote_edge=:390064918_0 ramp_remote_lane=0 ramp_remote_fsm=YIELDING
obu-main-back-right-1  | [26.8] Main_Back_Right CAR_FOLLOW: sid=109 edge=560761994 lane=0 leader_edge= leader_lane=None leader_role_hint=ramp self_merge_completed=False self_merge_completed_age=-1.0 self_merge_committed=False lane_cmd_state=None lane_cmd_edge=None lane_cmd_target=None lane_cmd_executable=None same_lane=True reason=same_lane_cam gap=4.3 follow_spd=2.62 emergency=False target_before=7.5 target_after=5.590191441068977 target_after_raw=2.62
obu-ramp-back-1        | [26.8] Ramp_Back MERGE_LCLEAR_BLOCK: sid=106 gap=6.6 neighbor_age=0.2 from_memory=False dtm=71.3
obu-ramp-back-1        | [26.8] Ramp_Back MERGE_DECISION: auth=False phys=False fgok=True lgok=True hgok=True cok=True esok=True cready=False dtm=71.3 past=False committed=False hid=None ra=None lclear=False hyok=True
obu-main-back-right-1  | HOST_REQUEST_DECISION: host=Main_Back_Right ramp=109 manoeuvre=67 decision=REJECT reason=DISTANCE ramp_eta=0.89 host_eta=1.20 required_speed=1.06 current_speed=4.94 active_request_ramp=None active_request_remaining=0.0 ramp_remote_edge=1331698336 ramp_remote_lane=1 ramp_remote_fsm=YIELDING
obu-main-back-right-1  | [27.0] Main_Back_Right MCM_TX_REJECT: manoeuvre=67 target=109
obu-main-back-right-1  | [27.0] Main_Back_Right CAR_FOLLOW: sid=109 edge=560761994 lane=0 leader_edge= leader_lane=None leader_role_hint=ramp self_merge_completed=False self_merge_completed_age=-1.0 self_merge_committed=False lane_cmd_state=None lane_cmd_edge=None lane_cmd_target=None lane_cmd_executable=None same_lane=True reason=same_lane_cam gap=4.1 follow_spd=2.62 emergency=False target_before=7.5 target_after=4.6901914410689765 target_after_raw=2.62
obu-ramp-back-1        | [27.0] Ramp_Back MERGE_DECISION: auth=False phys=False fgok=True lgok=True hgok=True cok=True esok=True cready=False dtm=70.4 past=False committed=False hid=None ra=None lclear=False hyok=True
obu-main-back-left-1   | [27.1] Main_Back_Left role=cruise state=CRUISE->CRUISE speed=7.29 target=7.50 neighbors=11
obu-host-car-1         | [27.1] Host_Car role=cruise state=CRUISE->CRUISE speed=7.46 target=7.50 neighbors=11
obu-ramp-merge-4-1     | [27.1] Ramp_Merge_4 CAR_FOLLOW: sid=106 edge=34126779 lane=0 leader_edge= leader_lane=None leader_role_hint=main self_merge_completed=False self_merge_completed_age=-1.0 self_merge_committed=True lane_cmd_state=WAIT_EDGE lane_cmd_edge=34126779 lane_cmd_target=1 lane_cmd_executable=False same_lane=True reason=same_lane_cam gap=4.0 follow_spd=2.62 emergency=False target_before=6.032122588747509 target_after=5.782122588747509 target_after_raw=2.62
obu-main-back-right-1  | HOST_REQUEST_DECISION: host=Main_Back_Right ramp=109 manoeuvre=67 decision=IGNORE reason=DISTANCE_PERIOD ramp_eta=0.89 host_eta=1.23 required_speed=0.99 current_speed=4.49 active_request_ramp=None active_request_remaining=0.0 ramp_remote_edge=1331698336 ramp_remote_lane=1 ramp_remote_fsm=YIELDING
obu-main-back-right-1  | [27.1] Main_Back_Right CAR_FOLLOW: sid=109 edge=560761994 lane=0 leader_edge= leader_lane=None leader_role_hint=ramp self_merge_completed=False self_merge_completed_age=-1.0 self_merge_committed=False lane_cmd_state=None lane_cmd_edge=None lane_cmd_target=None lane_cmd_executable=None same_lane=True reason=same_lane_cam gap=3.6 follow_spd=2.62 emergency=False target_before=7.5 target_after=4.240191441068976 target_after_raw=2.62
obu-main-back-right-1  | [27.1] Main_Back_Right role=host state=YIELDING->YIELDING speed=4.49 target=4.24 neighbors=11
obu-main-front-left-1  | [27.1] Main_Front_Left role=cruise state=CRUISE->CRUISE speed=7.50 target=7.50 neighbors=11
traci-bridge-1         | LANE_CMD_STATE veh=Ramp_Merge_4 edge=34126779 lane=0 target=1 lane_count=1 recently=False speed=6.08
traci-bridge-1         | LANE_CMD_WAIT_EDGE veh=Ramp_Merge_4 edge=34126779 lane=0 target=1 lane_count=1
traci-bridge-1         | LANE_CMD_STATE veh=Ramp_Merge_5 edge=34126779 lane=0 target=1 lane_count=1 recently=False speed=6.75
traci-bridge-1         | LANE_CMD_WAIT_EDGE veh=Ramp_Merge_5 edge=34126779 lane=0 target=1 lane_count=1
traci-bridge-1         | LANE_CMD_STATE veh=Ramp_Merge_3 edge=34126779 lane=0 target=1 lane_count=1 recently=False speed=4.08
traci-bridge-1         | LANE_CMD_WAIT_EDGE veh=Ramp_Merge_3 edge=34126779 lane=0 target=1 lane_count=1
traci-bridge-1         | LANE_CMD_STATE veh=Ramp_Merge_4 edge=34126779 lane=0 target=1 lane_count=1 recently=False speed=6.07
traci-bridge-1         | LANE_CMD_WAIT_EDGE veh=Ramp_Merge_4 edge=34126779 lane=0 target=1 lane_count=1
traci-bridge-1         | LANE_CMD_STATE veh=Ramp_Merge_5 edge=34126779 lane=0 target=1 lane_count=1 recently=False speed=6.75
traci-bridge-1         | LANE_CMD_WAIT_EDGE veh=Ramp_Merge_5 edge=34126779 lane=0 target=1 lane_count=1
traci-bridge-1         | LANE_CMD_STATE veh=Ramp_Merge_3 edge=34126779 lane=0 target=1 lane_count=1 recently=False speed=4.08
traci-bridge-1         | LANE_CMD_WAIT_EDGE veh=Ramp_Merge_3 edge=34126779 lane=0 target=1 lane_count=1
traci-bridge-1         | LANE_CMD_STATE veh=Ramp_Merge_4 edge=34126779 lane=0 target=1 lane_count=1 recently=False speed=6.06
traci-bridge-1         | LANE_CMD_WAIT_EDGE veh=Ramp_Merge_4 edge=34126779 lane=0 target=1 lane_count=1
traci-bridge-1         | LANE_CMD_STATE veh=Ramp_Merge_5 edge=34126779 lane=0 target=1 lane_count=1 recently=False speed=6.75
traci-bridge-1         | LANE_CMD_WAIT_EDGE veh=Ramp_Merge_5 edge=34126779 lane=0 target=1 lane_count=1
traci-bridge-1         | LANE_CMD_STATE veh=Ramp_Merge_3 edge=:390064918_0 lane=0 target=1 lane_count=1 recently=False speed=4.08
traci-bridge-1         | LANE_CMD_WAIT_EDGE veh=Ramp_Merge_3 edge=:390064918_0 lane=0 target=1 lane_count=1
traci-bridge-1         | LANE_CMD_STATE veh=Ramp_Merge_4 edge=34126779 lane=0 target=1 lane_count=1 recently=False speed=6.06
traci-bridge-1         | LANE_CMD_WAIT_EDGE veh=Ramp_Merge_4 edge=34126779 lane=0 target=1 lane_count=1
traci-bridge-1         | LANE_CMD_STATE veh=Ramp_Merge_5 edge=34126779 lane=0 target=1 lane_count=1 recently=False speed=6.75
traci-bridge-1         | LANE_CMD_WAIT_EDGE veh=Ramp_Merge_5 edge=34126779 lane=0 target=1 lane_count=1
traci-bridge-1         | LANE_CMD_STATE veh=Ramp_Merge_3 edge=:390064918_0 lane=0 target=1 lane_count=1 recently=False speed=4.09
traci-bridge-1         | LANE_CMD_WAIT_EDGE veh=Ramp_Merge_3 edge=:390064918_0 lane=0 target=1 lane_count=1
traci-bridge-1         | LANE_CMD_STATE veh=Ramp_Merge_4 edge=34126779 lane=0 target=1 lane_count=1 recently=False speed=6.06
traci-bridge-1         | LANE_CMD_WAIT_EDGE veh=Ramp_Merge_4 edge=34126779 lane=0 target=1 lane_count=1
traci-bridge-1         | LANE_CMD_STATE veh=Ramp_Merge_5 edge=34126779 lane=0 target=1 lane_count=1 recently=False speed=6.75
traci-bridge-1         | LANE_CMD_WAIT_EDGE veh=Ramp_Merge_5 edge=34126779 lane=0 target=1 lane_count=1
traci-bridge-1         | LANE_CMD_STATE veh=Ramp_Merge_3 edge=:390064918_0 lane=0 target=1 lane_count=1 recently=False speed=4.09
traci-bridge-1         | LANE_CMD_WAIT_EDGE veh=Ramp_Merge_3 edge=:390064918_0 lane=0 target=1 lane_count=1
traci-bridge-1         | LANE_CMD_STATE veh=Ramp_Merge_4 edge=34126779 lane=0 target=1 lane_count=1 recently=False speed=6.06
traci-bridge-1         | LANE_CMD_WAIT_EDGE veh=Ramp_Merge_4 edge=34126779 lane=0 target=1 lane_count=1
traci-bridge-1         | LANE_CMD_STATE veh=Ramp_Merge_5 edge=34126779 lane=0 target=1 lane_count=1 recently=False speed=6.75
traci-bridge-1         | LANE_CMD_WAIT_EDGE veh=Ramp_Merge_5 edge=34126779 lane=0 target=1 lane_count=1
traci-bridge-1         | LANE_CMD_STATE veh=Ramp_Merge_3 edge=:390064918_0 lane=0 target=1 lane_count=1 recently=False speed=4.09
traci-bridge-1         | LANE_CMD_WAIT_EDGE veh=Ramp_Merge_3 edge=:390064918_0 lane=0 target=1 lane_count=1
traci-bridge-1         | LANE_CMD_STATE veh=Ramp_Merge_4 edge=34126779 lane=0 target=1 lane_count=1 recently=False speed=6.06
traci-bridge-1         | LANE_CMD_WAIT_EDGE veh=Ramp_Merge_4 edge=34126779 lane=0 target=1 lane_count=1
traci-bridge-1         | LANE_CMD_STATE veh=Ramp_Merge_5 edge=34126779 lane=0 target=1 lane_count=1 recently=False speed=6.75
traci-bridge-1         | LANE_CMD_WAIT_EDGE veh=Ramp_Merge_5 edge=34126779 lane=0 target=1 lane_count=1
traci-bridge-1         | LANE_CMD_STATE veh=Ramp_Merge_3 edge=:390064918_0 lane=0 target=1 lane_count=1 recently=False speed=4.09
traci-bridge-1         | LANE_CMD_WAIT_EDGE veh=Ramp_Merge_3 edge=:390064918_0 lane=0 target=1 lane_count=1
traci-bridge-1         | LANE_CMD_STATE veh=Ramp_Merge_4 edge=34126779 lane=0 target=1 lane_count=1 recently=False speed=6.06
traci-bridge-1         | LANE_CMD_WAIT_EDGE veh=Ramp_Merge_4 edge=34126779 lane=0 target=1 lane_count=1
traci-bridge-1         | LANE_CMD_STATE veh=Ramp_Merge_5 edge=34126779 lane=0 target=1 lane_count=1 recently=False speed=6.75
traci-bridge-1         | LANE_CMD_WAIT_EDGE veh=Ramp_Merge_5 edge=34126779 lane=0 target=1 lane_count=1
traci-bridge-1         | LANE_CMD_STATE veh=Ramp_Merge_3 edge=:390064918_0 lane=0 target=1 lane_count=1 recently=False speed=4.09
traci-bridge-1         | LANE_CMD_WAIT_EDGE veh=Ramp_Merge_3 edge=:390064918_0 lane=0 target=1 lane_count=1
traci-bridge-1         | LANE_CMD_STATE veh=Ramp_Merge_4 edge=34126779 lane=0 target=1 lane_count=1 recently=False speed=6.06
traci-bridge-1         | LANE_CMD_WAIT_EDGE veh=Ramp_Merge_4 edge=34126779 lane=0 target=1 lane_count=1
traci-bridge-1         | LANE_CMD_STATE veh=Ramp_Merge_5 edge=34126779 lane=0 target=1 lane_count=1 recently=False speed=6.75
traci-bridge-1         | LANE_CMD_WAIT_EDGE veh=Ramp_Merge_5 edge=34126779 lane=0 target=1 lane_count=1
traci-bridge-1         | LANE_CMD_STATE veh=Ramp_Merge_3 edge=:390064918_0 lane=0 target=1 lane_count=1 recently=False speed=4.09
traci-bridge-1         | LANE_CMD_WAIT_EDGE veh=Ramp_Merge_3 edge=:390064918_0 lane=0 target=1 lane_count=1
traci-bridge-1         | LANE_CMD_STATE veh=Ramp_Merge_4 edge=34126779 lane=0 target=1 lane_count=1 recently=False speed=6.06
traci-bridge-1         | LANE_CMD_WAIT_EDGE veh=Ramp_Merge_4 edge=34126779 lane=0 target=1 lane_count=1
traci-bridge-1         | LANE_CMD_STATE veh=Ramp_Merge_5 edge=34126779 lane=0 target=1 lane_count=1 recently=False speed=6.75
traci-bridge-1         | LANE_CMD_WAIT_EDGE veh=Ramp_Merge_5 edge=34126779 lane=0 target=1 lane_count=1
traci-bridge-1         | LANE_CMD_STATE veh=Ramp_Merge_3 edge=1331698336 lane=0 target=1 lane_count=3 recently=False speed=4.10
traci-bridge-1         | LANE_CMD_APPLY veh=Ramp_Merge_3 edge=1331698336 from_lane=0 target=1 duration=2.00 mode=256 speed=4.10
traci-bridge-1         | LANE_CMD_STATE veh=Ramp_Merge_4 edge=34126779 lane=0 target=1 lane_count=1 recently=False speed=6.06
traci-bridge-1         | LANE_CMD_WAIT_EDGE veh=Ramp_Merge_4 edge=34126779 lane=0 target=1 lane_count=1
traci-bridge-1         | LANE_CMD_STATE veh=Ramp_Merge_5 edge=34126779 lane=0 target=1 lane_count=1 recently=False speed=6.75
traci-bridge-1         | LANE_CMD_WAIT_EDGE veh=Ramp_Merge_5 edge=34126779 lane=0 target=1 lane_count=1
traci-bridge-1         | LANE_CMD_STATE veh=Ramp_Merge_3 edge=1331698336 lane=1 target=1 lane_count=3 recently=True speed=4.10
traci-bridge-1         | LANE_CMD_CLEAR veh=Ramp_Merge_3 edge=1331698336 target=1
traci-bridge-1         | LANE_CMD_STATE veh=Ramp_Merge_4 edge=34126779 lane=0 target=1 lane_count=1 recently=False speed=6.06
traci-bridge-1         | LANE_CMD_WAIT_EDGE veh=Ramp_Merge_4 edge=34126779 lane=0 target=1 lane_count=1
traci-bridge-1         | LANE_CMD_STATE veh=Ramp_Merge_5 edge=34126779 lane=0 target=1 lane_count=1 recently=False speed=6.75
traci-bridge-1         | LANE_CMD_WAIT_EDGE veh=Ramp_Merge_5 edge=34126779 lane=0 target=1 lane_count=1
traci-bridge-1         | LANE_CMD_STATE veh=Ramp_Merge_4 edge=34126779 lane=0 target=1 lane_count=1 recently=False speed=6.06
traci-bridge-1         | LANE_CMD_WAIT_EDGE veh=Ramp_Merge_4 edge=34126779 lane=0 target=1 lane_count=1
traci-bridge-1         | LANE_CMD_STATE veh=Ramp_Merge_5 edge=34126779 lane=0 target=1 lane_count=1 recently=False speed=6.75
traci-bridge-1         | LANE_CMD_WAIT_EDGE veh=Ramp_Merge_5 edge=34126779 lane=0 target=1 lane_count=1
traci-bridge-1         | LANE_CMD_STATE veh=Ramp_Merge_4 edge=34126779 lane=0 target=1 lane_count=1 recently=False speed=6.06
traci-bridge-1         | LANE_CMD_WAIT_EDGE veh=Ramp_Merge_4 edge=34126779 lane=0 target=1 lane_count=1
traci-bridge-1         | LANE_CMD_STATE veh=Ramp_Merge_5 edge=34126779 lane=0 target=1 lane_count=1 recently=False speed=6.75
traci-bridge-1         | LANE_CMD_WAIT_EDGE veh=Ramp_Merge_5 edge=34126779 lane=0 target=1 lane_count=1
traci-bridge-1         | LANE_CMD_STATE veh=Ramp_Merge_4 edge=34126779 lane=0 target=1 lane_count=1 recently=False speed=6.06
traci-bridge-1         | LANE_CMD_WAIT_EDGE veh=Ramp_Merge_4 edge=34126779 lane=0 target=1 lane_count=1
traci-bridge-1         | LANE_CMD_STATE veh=Ramp_Merge_5 edge=34126779 lane=0 target=1 lane_count=1 recently=False speed=6.75
traci-bridge-1         | LANE_CMD_WAIT_EDGE veh=Ramp_Merge_5 edge=34126779 lane=0 target=1 lane_count=1
traci-bridge-1         | LANE_CMD_STATE veh=Ramp_Merge_4 edge=34126779 lane=0 target=1 lane_count=1 recently=False speed=6.04
traci-bridge-1         | LANE_CMD_WAIT_EDGE veh=Ramp_Merge_4 edge=34126779 lane=0 target=1 lane_count=1
traci-bridge-1         | LANE_CMD_STATE veh=Ramp_Merge_5 edge=34126779 lane=0 target=1 lane_count=1 recently=False speed=6.75
traci-bridge-1         | LANE_CMD_WAIT_EDGE veh=Ramp_Merge_5 edge=34126779 lane=0 target=1 lane_count=1
traci-bridge-1         | LANE_CMD_STATE veh=Ramp_Merge_4 edge=34126779 lane=0 target=1 lane_count=1 recently=False speed=6.03
traci-bridge-1         | LANE_CMD_WAIT_EDGE veh=Ramp_Merge_4 edge=34126779 lane=0 target=1 lane_count=1
traci-bridge-1         | LANE_CMD_STATE veh=Ramp_Merge_5 edge=34126779 lane=0 target=1 lane_count=1 recently=False speed=6.75
traci-bridge-1         | LANE_CMD_WAIT_EDGE veh=Ramp_Merge_5 edge=34126779 lane=0 target=1 lane_count=1
obu-ramp-back-1        | [27.1] Ramp_Back MERGE_DECISION: auth=False phys=True fgok=True lgok=True hgok=True cok=True esok=True cready=True dtm=69.8 past=False committed=False hid=None ra=None lclear=False hyok=True
obu-ramp-merge-3-1     | [27.1] Ramp_Merge_3 MCM_RX_REJECT: from=106 manoeuvre=67 target=109
obu-ramp-merge-5-1     | [27.3] Ramp_Merge_5 MERGE_PREPARE_WAIT_LANE_AVAILABLE: edge=34126779 lane=0 target_lane=1 lane_count=1 executable=False dtm=36.4 speed=6.75 host=None lead=106
obu-ramp-merge-5-1     | MERGE_WAIT_EDGE_ROLLING_FLOOR: vehicle=Ramp_Merge_5 waited_s=5.5 edge=34126779 lane=0 target_lane=1 lane_count=1 speed=6.75 target=6.75 floor=3.38 dtm=36.4 lead=106
obu-main-back-right-1  | HOST_REQUEST_DECISION: host=Main_Back_Right ramp=109 manoeuvre=67 decision=REJECT reason=DISTANCE ramp_eta=1.30 host_eta=1.33 required_speed=0.80 current_speed=3.59 active_request_ramp=None active_request_remaining=0.0 ramp_remote_edge=1331698336 ramp_remote_lane=1 ramp_remote_fsm=CRUISE
obu-main-back-right-1  | [27.3] Main_Back_Right MCM_TX_REJECT: manoeuvre=67 target=109
obu-main-back-right-1  | [27.3] Main_Back_Right CAR_FOLLOW: sid=109 edge=560761994 lane=0 leader_edge= leader_lane=None leader_role_hint=ramp self_merge_completed=False self_merge_completed_age=-1.0 self_merge_committed=False lane_cmd_state=None lane_cmd_edge=None lane_cmd_target=None lane_cmd_executable=None same_lane=True reason=same_lane_cam gap=3.9 follow_spd=2.33 emergency=False target_before=7.5 target_after=3.340191441068976 target_after_raw=2.33
obu-merge-car-1        | [27.3] Merge_Car role=cruise state=CRUISE->CRUISE speed=7.49 target=7.50 neighbors=11
obu-ramp-back-1        | [27.3] Ramp_Back MERGE_DECISION: auth=False phys=True fgok=True lgok=True hgok=True cok=True esok=True cready=True dtm=68.7 past=False committed=False hid=None ra=None lclear=False hyok=True
obu-ramp-merge-4-1     | [27.3] Ramp_Merge_4 MERGE_PREPARE_WAIT_LANE_AVAILABLE: edge=34126779 lane=0 target_lane=1 lane_count=1 executable=False dtm=14.2 speed=6.01 host=None lead=106
obu-ramp-merge-4-1     | MERGE_WAIT_EDGE_ROLLING_FLOOR: vehicle=Ramp_Merge_4 waited_s=6.2 edge=34126779 lane=0 target_lane=1 lane_count=1 speed=6.01 target=6.01 floor=3.38 dtm=14.2 lead=106
obu-ramp-merge-4-1     | [27.3] Ramp_Merge_4 CAR_FOLLOW: sid=106 edge=34126779 lane=0 leader_edge= leader_lane=None leader_role_hint=main self_merge_completed=False self_merge_completed_age=-1.0 self_merge_committed=True lane_cmd_state=WAIT_EDGE lane_cmd_edge=34126779 lane_cmd_target=1 lane_cmd_executable=False same_lane=True reason=same_lane_cam gap=4.2 follow_spd=2.62 emergency=False target_before=6.008905401273503 target_after=5.758905401273503 target_after_raw=2.62
obu-ramp-merge-3-1     | [27.3] Ramp_Merge_3 MCM_RX_REJECT: from=106 manoeuvre=67 target=109
obu-ramp-merge-4-1     | [27.5] Ramp_Merge_4 CAR_FOLLOW: sid=106 edge=34126779 lane=0 leader_edge= leader_lane=None leader_role_hint=main self_merge_completed=False self_merge_completed_age=-1.0 self_merge_committed=True lane_cmd_state=WAIT_EDGE lane_cmd_edge=34126779 lane_cmd_target=1 lane_cmd_executable=False same_lane=True reason=same_lane_cam gap=3.7 follow_spd=2.62 emergency=True target_before=5.647566260647204 target_after=5.1975662606472035 target_after_raw=2.62
obu-ramp-merge-4-1     | [27.6] Ramp_Merge_4 CAR_FOLLOW: sid=106 edge=34126779 lane=0 leader_edge= leader_lane=None leader_role_hint=main self_merge_completed=False self_merge_completed_age=-1.0 self_merge_committed=True lane_cmd_state=WAIT_EDGE lane_cmd_edge=34126779 lane_cmd_target=1 lane_cmd_executable=False same_lane=True reason=same_lane_cam gap=3.1 follow_spd=2.62 emergency=True target_before=5.297566260647204 target_after=4.847566260647204 target_after_raw=2.62
obu-ramp-merge-4-1     | [27.6] Ramp_Merge_4 role=merge state=NEGOTIATING->NEGOTIATING speed=5.30 target=4.85 neighbors=11
obu-main-back-right-1  | HOST_REQUEST_DECISION: host=Main_Back_Right ramp=109 manoeuvre=67 decision=REJECT reason=DISTANCE ramp_eta=1.90 host_eta=1.80 required_speed=0.61 current_speed=2.24 active_request_ramp=None active_request_remaining=0.0 ramp_remote_edge=1331698336 ramp_remote_lane=1 ramp_remote_fsm=CRUISE
obu-main-back-right-1  | [27.6] Main_Back_Right MCM_TX_REJECT: manoeuvre=67 target=109
obu-main-back-right-1  | [27.6] Main_Back_Right CAR_FOLLOW: sid=109 edge=560761994 lane=0 leader_edge= leader_lane=None leader_role_hint=ramp self_merge_completed=False self_merge_completed_age=-1.0 self_merge_committed=False lane_cmd_state=None lane_cmd_edge=None lane_cmd_target=None lane_cmd_executable=None same_lane=True reason=same_lane_cam gap=4.2 follow_spd=2.25 emergency=False target_before=7.5 target_after=2.25 target_after_raw=2.25
obu-ramp-back-1        | [27.5] Ramp_Back MERGE_DECISION: auth=False phys=True fgok=True lgok=True hgok=True cok=True esok=True cready=True dtm=67.6 past=False committed=False hid=None ra=None lclear=False hyok=True
obu-ramp-merge-2-1     | [27.6] Ramp_Merge_2 role=cruise state=CRUISE->CRUISE speed=4.82 target=7.50 neighbors=11
obu-lead-car-1         | [27.6] Lead_Car role=cruise state=CRUISE->CRUISE speed=7.50 target=7.50 neighbors=11
obu-main-mid-right-1   | [27.6] Main_Mid_Right role=cruise state=CRUISE->CRUISE speed=7.50 target=7.50 neighbors=11
obu-ramp-merge-5-1     | [27.6] Ramp_Merge_5 role=merge state=NEGOTIATING->NEGOTIATING speed=6.75 target=6.75 neighbors=11
obu-ramp-back-1        | [27.6] Ramp_Back MERGE_DECISION: auth=False phys=True fgok=True lgok=True hgok=True cok=True esok=True cready=True dtm=67.0 past=False committed=False hid=None ra=None lclear=False hyok=True
obu-ramp-back-1        | [27.6] Ramp_Back role=merge state=CRUISE->CRUISE speed=6.75 target=6.75 neighbors=11
obu-ramp-merge-3-1     | [27.6] Ramp_Merge_3 role=host state=CRUISE->CRUISE speed=2.70 target=7.50 neighbors=11
obu-ramp-merge-3-1     | [27.6] Ramp_Merge_3 MCM_RX_REJECT: from=106 manoeuvre=67 target=109
obu-ramp-back-1        | [27.8] Ramp_Back MERGE_DECISION: auth=False phys=True fgok=True lgok=True hgok=True cok=True esok=True cready=True dtm=65.9 past=False committed=False hid=None ra=None lclear=False hyok=True
obu-main-back-right-1  | [27.8] Main_Back_Right CAR_FOLLOW: sid=109 edge=560761994 lane=0 leader_edge= leader_lane=None leader_role_hint=ramp self_merge_completed=False self_merge_completed_age=-1.0 self_merge_committed=False lane_cmd_state=None lane_cmd_edge=None lane_cmd_target=None lane_cmd_executable=None same_lane=True reason=same_lane_cam gap=4.1 follow_spd=2.25 emergency=False target_before=7.5 target_after=2.0146882791966196 target_after_raw=2.25
obu-ramp-merge-4-1     | [27.9] Ramp_Merge_4 CAR_FOLLOW: sid=106 edge=34126779 lane=0 leader_edge= leader_lane=None leader_role_hint=main self_merge_completed=False self_merge_completed_age=-1.0 self_merge_committed=True lane_cmd_state=WAIT_EDGE lane_cmd_edge=34126779 lane_cmd_target=1 lane_cmd_executable=False same_lane=False reason=merge_conflict_eta gap=0.9 follow_spd=4.12 emergency=False target_before=4.247566260647205 target_after=4.125 target_after_raw=4.12
obu-main-front-left-1  | [28.1] Main_Front_Left role=cruise state=CRUISE->CRUISE speed=7.50 target=7.50 neighbors=11
obu-main-back-right-1  | [28.0] Main_Back_Right CAR_FOLLOW: sid=109 edge=560761994 lane=0 leader_edge= leader_lane=None leader_role_hint=ramp self_merge_completed=False self_merge_completed_age=-1.0 self_merge_committed=False lane_cmd_state=None lane_cmd_edge=None lane_cmd_target=None lane_cmd_executable=None same_lane=True reason=same_lane_cam gap=4.3 follow_spd=2.25 emergency=False target_before=7.5 target_after=1.9362457137599118 target_after_raw=2.25
obu-ramp-merge-4-1     | [28.0] Ramp_Merge_4 CAR_FOLLOW: sid=106 edge=34126779 lane=0 leader_edge= leader_lane=None leader_role_hint=main self_merge_completed=False self_merge_completed_age=-1.0 self_merge_committed=True lane_cmd_state=WAIT_EDGE lane_cmd_edge=34126779 lane_cmd_target=1 lane_cmd_executable=False same_lane=False reason=merge_conflict_eta gap=0.5 follow_spd=4.12 emergency=False target_before=4.277566260647205 target_after=4.125 target_after_raw=4.12
obu-ramp-back-1        | [28.0] Ramp_Back MERGE_LCLEAR_BLOCK: sid=106 gap=3.6 neighbor_age=0.1 from_memory=False dtm=64.9
obu-ramp-back-1        | [28.0] Ramp_Back MERGE_DECISION: auth=False phys=True fgok=True lgok=True hgok=True cok=True esok=True cready=True dtm=64.9 past=False committed=False hid=None ra=None lclear=False hyok=True
obu-main-back-left-1   | [28.1] Main_Back_Left role=cruise state=CRUISE->CRUISE speed=7.34 target=7.50 neighbors=11
obu-main-back-right-1  | [28.1] Main_Back_Right CAR_FOLLOW: sid=109 edge=560761994 lane=0 leader_edge= leader_lane=None leader_role_hint=ramp self_merge_completed=False self_merge_completed_age=-1.0 self_merge_committed=False lane_cmd_state=None lane_cmd_edge=None lane_cmd_target=None lane_cmd_executable=None same_lane=True reason=same_lane_cam gap=4.1 follow_spd=2.25 emergency=False target_before=7.5 target_after=1.904214999539923 target_after_raw=2.25
obu-main-back-right-1  | [28.1] Main_Back_Right role=lead state=YIELDING->YIELDING speed=1.72 target=1.90 neighbors=11
obu-ramp-merge-4-1     | [28.1] Ramp_Merge_4 CAR_FOLLOW: sid=106 edge=34126779 lane=0 leader_edge= leader_lane=None leader_role_hint=main self_merge_completed=False self_merge_completed_age=-1.0 self_merge_committed=True lane_cmd_state=WAIT_EDGE lane_cmd_edge=34126779 lane_cmd_target=1 lane_cmd_executable=False same_lane=False reason=merge_conflict_eta gap=0.5 follow_spd=4.12 emergency=False target_before=4.269937947614845 target_after=4.125 target_after_raw=4.12
obu-host-car-1         | [28.1] Host_Car role=cruise state=CRUISE->CRUISE speed=7.47 target=7.50 neighbors=11
obu-ramp-back-1        | [28.1] Ramp_Back MERGE_DECISION: auth=False phys=True fgok=True lgok=True hgok=True cok=True esok=True cready=True dtm=64.3 past=False committed=False hid=None ra=None lclear=False hyok=True
obu-merge-car-1        | [28.3] Merge_Car role=cruise state=CRUISE->CRUISE speed=7.49 target=7.50 neighbors=11
obu-main-back-right-1  | [28.3] Main_Back_Right CAR_FOLLOW: sid=109 edge=560761994 lane=0 leader_edge= leader_lane=None leader_role_hint=ramp self_merge_completed=False self_merge_completed_age=-1.0 self_merge_committed=False lane_cmd_state=None lane_cmd_edge=None lane_cmd_target=None lane_cmd_executable=None same_lane=True reason=same_lane_cam gap=4.5 follow_spd=2.25 emergency=False target_before=7.5 target_after=1.8516646090227535 target_after_raw=2.25
obu-ramp-merge-5-1     | [28.3] Ramp_Merge_5 MERGE_PREPARE_WAIT_LANE_AVAILABLE: edge=34126779 lane=0 target_lane=1 lane_count=1 executable=False dtm=29.8 speed=6.75 host=None lead=106
obu-ramp-merge-5-1     | MERGE_WAIT_EDGE_ROLLING_FLOOR: vehicle=Ramp_Merge_5 waited_s=6.5 edge=34126779 lane=0 target_lane=1 lane_count=1 speed=6.75 target=6.75 floor=3.38 dtm=29.8 lead=106
obu-ramp-merge-4-1     | [28.3] Ramp_Merge_4 MERGE_PREPARE_WAIT_LANE_AVAILABLE: edge=34126779 lane=0 target_lane=1 lane_count=1 executable=False dtm=9.8 speed=4.26 host=None lead=106
obu-ramp-merge-4-1     | MERGE_WAIT_EDGE_ROLLING_FLOOR: vehicle=Ramp_Merge_4 waited_s=7.2 edge=34126779 lane=0 target_lane=1 lane_count=1 speed=4.26 target=4.26 floor=3.38 dtm=9.8 lead=106
obu-ramp-merge-4-1     | [28.3] Ramp_Merge_4 CAR_FOLLOW: sid=106 edge=34126779 lane=0 leader_edge= leader_lane=None leader_role_hint=main self_merge_completed=False self_merge_completed_age=-1.0 self_merge_committed=True lane_cmd_state=WAIT_EDGE lane_cmd_edge=34126779 lane_cmd_target=1 lane_cmd_executable=False same_lane=False reason=merge_conflict_eta gap=0.4 follow_spd=4.12 emergency=False target_before=4.255806497722397 target_after=4.125 target_after_raw=4.12
obu-ramp-back-1        | [28.3] Ramp_Back MERGE_DECISION: auth=False phys=True fgok=True lgok=True hgok=True cok=True esok=True cready=True dtm=63.3 past=False committed=False hid=None ra=None lclear=False hyok=True
obu-main-back-right-1  | [28.5] Main_Back_Right CAR_FOLLOW: sid=109 edge=560761994 lane=0 leader_edge= leader_lane=None leader_role_hint=ramp self_merge_completed=False self_merge_completed_age=-1.0 self_merge_committed=False lane_cmd_state=None lane_cmd_edge=None lane_cmd_target=None lane_cmd_executable=None same_lane=True reason=same_lane_cam gap=4.7 follow_spd=2.25 emergency=False target_before=7.5 target_after=1.8114307162830456 target_after_raw=2.25
obu-ramp-merge-4-1     | [28.5] Ramp_Merge_4 CAR_FOLLOW: sid=106 edge=34126779 lane=0 leader_edge= leader_lane=None leader_role_hint=main self_merge_completed=False self_merge_completed_age=-1.0 self_merge_committed=True lane_cmd_state=WAIT_EDGE lane_cmd_edge=34126779 lane_cmd_target=1 lane_cmd_executable=False same_lane=False reason=merge_conflict_eta gap=0.4 follow_spd=4.12 emergency=False target_before=4.243052864194463 target_after=4.125 target_after_raw=4.12
obu-ramp-back-1        | [28.5] Ramp_Back MERGE_DECISION: auth=False phys=True fgok=True lgok=True hgok=True cok=True esok=True cready=True dtm=62.2 past=False committed=False hid=None ra=None lclear=False hyok=True
obu-lead-car-1         | [28.6] Lead_Car role=cruise state=CRUISE->CRUISE speed=7.50 target=7.50 neighbors=11
obu-main-mid-right-1   | [28.6] Main_Mid_Right role=cruise state=CRUISE->CRUISE speed=7.50 target=7.50 neighbors=11
obu-ramp-merge-4-1     | [28.6] Ramp_Merge_4 CAR_FOLLOW: sid=106 edge=34126779 lane=0 leader_edge= leader_lane=None leader_role_hint=main self_merge_completed=False self_merge_completed_age=-1.0 self_merge_committed=True lane_cmd_state=WAIT_EDGE lane_cmd_edge=34126779 lane_cmd_target=1 lane_cmd_executable=False same_lane=False reason=merge_conflict_eta gap=0.4 follow_spd=4.12 emergency=False target_before=4.23715022098474 target_after=4.125 target_after_raw=4.12
obu-ramp-merge-4-1     | [28.6] Ramp_Merge_4 role=merge state=NEGOTIATING->NEGOTIATING speed=4.24 target=4.12 neighbors=11
obu-ramp-merge-2-1     | [28.6] Ramp_Merge_2 role=cruise state=CRUISE->CRUISE speed=5.90 target=7.50 neighbors=11
obu-ramp-back-1        | [28.6] Ramp_Back MERGE_DECISION: auth=False phys=True fgok=True lgok=True hgok=True cok=True esok=True cready=True dtm=61.7 past=False committed=False hid=None ra=None lclear=False hyok=True
obu-ramp-back-1        | [28.6] Ramp_Back role=merge state=CRUISE->CRUISE speed=6.75 target=6.75 neighbors=11
obu-ramp-merge-3-1     | [28.6] Ramp_Merge_3 role=host state=CRUISE->CRUISE speed=3.28 target=7.50 neighbors=11
obu-ramp-merge-5-1     | [28.6] Ramp_Merge_5 role=merge state=NEGOTIATING->NEGOTIATING speed=6.75 target=6.75 neighbors=11
obu-main-back-right-1  | [28.7] Main_Back_Right CAR_FOLLOW: sid=109 edge=560761994 lane=0 leader_edge= leader_lane=None leader_role_hint=ramp self_merge_completed=False self_merge_completed_age=-1.0 self_merge_committed=False lane_cmd_state=None lane_cmd_edge=None lane_cmd_target=None lane_cmd_executable=None same_lane=True reason=same_lane_cam gap=5.0 follow_spd=2.25 emergency=False target_before=7.5 target_after=1.7806266421542067 target_after_raw=2.25
obu-ramp-merge-4-1     | [28.8] Ramp_Merge_4 CAR_FOLLOW: sid=106 edge=34126779 lane=0 leader_edge= leader_lane=None leader_role_hint=main self_merge_completed=False self_merge_completed_age=-1.0 self_merge_committed=True lane_cmd_state=WAIT_EDGE lane_cmd_edge=34126779 lane_cmd_target=1 lane_cmd_executable=False same_lane=False reason=merge_conflict_eta gap=0.4 follow_spd=4.12 emergency=False target_before=4.2262155744387275 target_after=4.125 target_after_raw=4.12
obu-main-back-right-1  | [28.8] Main_Back_Right CAR_FOLLOW: sid=109 edge=560761994 lane=0 leader_edge= leader_lane=None leader_role_hint=ramp self_merge_completed=False self_merge_completed_age=-1.0 self_merge_committed=False lane_cmd_state=None lane_cmd_edge=None lane_cmd_target=None lane_cmd_executable=None same_lane=True reason=same_lane_cam gap=5.9 follow_spd=2.62 emergency=False target_before=7.5 target_after=1.7680483118849308 target_after_raw=2.62
obu-ramp-back-1        | [28.8] Ramp_Back MERGE_DECISION: auth=False phys=True fgok=True lgok=True hgok=True cok=True esok=True cready=True dtm=60.4 past=False committed=False hid=None ra=None lclear=False hyok=True
obu-main-back-right-1  | [29.0] Main_Back_Right CAR_FOLLOW: sid=109 edge=:390064918_1 lane=0 leader_edge= leader_lane=None leader_role_hint=ramp self_merge_completed=False self_merge_completed_age=-1.0 self_merge_committed=False lane_cmd_state=None lane_cmd_edge=None lane_cmd_target=None lane_cmd_executable=None same_lane=True reason=same_lane_cam gap=5.6 follow_spd=2.62 emergency=False target_before=7.5 target_after=1.7474119887869002 target_after_raw=2.62
obu-ramp-merge-4-1     | [29.0] Ramp_Merge_4 CAR_FOLLOW: sid=106 edge=34126779 lane=0 leader_edge= leader_lane=None leader_role_hint=main self_merge_completed=False self_merge_completed_age=-1.0 self_merge_committed=True lane_cmd_state=WAIT_EDGE lane_cmd_edge=34126779 lane_cmd_target=1 lane_cmd_executable=False same_lane=False reason=merge_conflict_eta gap=0.3 follow_spd=4.12 emergency=False target_before=4.216347055930952 target_after=4.125 target_after_raw=4.12
obu-ramp-back-1        | [29.0] Ramp_Back MERGE_DECISION: auth=False phys=True fgok=True lgok=True hgok=True cok=True esok=True cready=True dtm=59.2 past=False committed=False hid=None ra=None lclear=False hyok=True
obu-ramp-back-1        | [29.1] Ramp_Back MERGE_LCLEAR_BLOCK: sid=106 gap=2.0 neighbor_age=0.1 from_memory=False dtm=58.6
obu-ramp-back-1        | [29.1] Ramp_Back MERGE_DECISION: auth=False phys=True fgok=True lgok=True hgok=True cok=True esok=True cready=True dtm=58.6 past=False committed=False hid=None ra=None lclear=False hyok=True
obu-main-front-left-1  | [29.1] Main_Front_Left role=cruise state=CRUISE->CRUISE speed=7.50 target=7.50 neighbors=11
obu-main-back-left-1   | [29.1] Main_Back_Left role=cruise state=CRUISE->CRUISE speed=7.39 target=7.50 neighbors=11
obu-ramp-merge-4-1     | [29.1] Ramp_Merge_4 CAR_FOLLOW: sid=106 edge=34126779 lane=0 leader_edge= leader_lane=None leader_role_hint=main self_merge_completed=False self_merge_completed_age=-1.0 self_merge_committed=True lane_cmd_state=WAIT_EDGE lane_cmd_edge=34126779 lane_cmd_target=1 lane_cmd_executable=False same_lane=False reason=merge_conflict_eta gap=0.3 follow_spd=4.12 emergency=False target_before=4.211779703134405 target_after=4.125 target_after_raw=4.12
obu-main-back-right-1  | [29.1] Main_Back_Right CAR_FOLLOW: sid=109 edge=:390064918_1 lane=0 leader_edge= leader_lane=None leader_role_hint=ramp self_merge_completed=False self_merge_completed_age=-1.0 self_merge_committed=False lane_cmd_state=None lane_cmd_edge=None lane_cmd_target=None lane_cmd_executable=None same_lane=True reason=same_lane_cam gap=6.2 follow_spd=2.62 emergency=False target_before=7.5 target_after=1.7389854901885375 target_after_raw=2.62
obu-main-back-right-1  | [29.1] Main_Back_Right role=lead state=YIELDING->YIELDING speed=1.56 target=1.74 neighbors=11
obu-host-car-1         | [29.2] Host_Car role=cruise state=CRUISE->CRUISE speed=7.48 target=7.50 neighbors=11
obu-ramp-back-1        | [29.3] Ramp_Back MERGE_DECISION: auth=False phys=True fgok=True lgok=True hgok=True cok=True esok=True cready=True dtm=57.4 past=False committed=False hid=None ra=None lclear=False hyok=True
obu-ramp-merge-4-1     | [29.3] Ramp_Merge_4 MERGE_PREPARE_WAIT_LANE_AVAILABLE: edge=34126779 lane=0 target_lane=1 lane_count=1 executable=False dtm=6.5 speed=4.20 host=None lead=106
obu-ramp-merge-4-1     | MERGE_WAIT_EDGE_ROLLING_FLOOR: vehicle=Ramp_Merge_4 waited_s=8.2 edge=34126779 lane=0 target_lane=1 lane_count=1 speed=4.20 target=4.20 floor=3.38 dtm=6.5 lead=106
obu-ramp-merge-4-1     | [29.3] Ramp_Merge_4 CAR_FOLLOW: sid=106 edge=34126779 lane=0 leader_edge= leader_lane=None leader_role_hint=main self_merge_completed=False self_merge_completed_age=-1.0 self_merge_committed=True lane_cmd_state=WAIT_EDGE lane_cmd_edge=34126779 lane_cmd_target=1 lane_cmd_executable=False same_lane=False reason=merge_conflict_eta gap=0.2 follow_spd=4.12 emergency=False target_before=4.2033186820788 target_after=4.125 target_after_raw=4.12
obu-ramp-merge-5-1     | [29.3] Ramp_Merge_5 MERGE_PREPARE_WAIT_LANE_AVAILABLE: edge=34126779 lane=0 target_lane=1 lane_count=1 executable=False dtm=23.1 speed=6.72 host=None lead=106
obu-ramp-merge-5-1     | MERGE_WAIT_EDGE_ROLLING_FLOOR: vehicle=Ramp_Merge_5 waited_s=7.5 edge=34126779 lane=0 target_lane=1 lane_count=1 speed=6.72 target=6.72 floor=3.38 dtm=23.1 lead=106
obu-main-back-right-1  | [29.3] Main_Back_Right CAR_FOLLOW: sid=109 edge=:390064918_1 lane=0 leader_edge= leader_lane=None leader_role_hint=ramp self_merge_completed=False self_merge_completed_age=-1.0 self_merge_committed=False lane_cmd_state=None lane_cmd_edge=None lane_cmd_target=None lane_cmd_executable=None same_lane=True reason=same_lane_cam gap=7.2 follow_spd=2.62 emergency=False target_before=7.5 target_after=1.7251607659255992 target_after_raw=2.62
obu-merge-car-1        | [29.3] Merge_Car role=cruise state=CRUISE->CRUISE speed=7.49 target=7.50 neighbors=11
traci-bridge-1         | LANE_CMD_STATE veh=Ramp_Merge_4 edge=34126779 lane=0 target=1 lane_count=1 recently=False speed=6.02
traci-bridge-1         | LANE_CMD_WAIT_EDGE veh=Ramp_Merge_4 edge=34126779 lane=0 target=1 lane_count=1
traci-bridge-1         | LANE_CMD_STATE veh=Ramp_Merge_5 edge=34126779 lane=0 target=1 lane_count=1 recently=False speed=6.75
traci-bridge-1         | LANE_CMD_WAIT_EDGE veh=Ramp_Merge_5 edge=34126779 lane=0 target=1 lane_count=1
traci-bridge-1         | LANE_CMD_STATE veh=Ramp_Merge_4 edge=34126779 lane=0 target=1 lane_count=1 recently=False speed=6.01
traci-bridge-1         | LANE_CMD_WAIT_EDGE veh=Ramp_Merge_4 edge=34126779 lane=0 target=1 lane_count=1
traci-bridge-1         | LANE_CMD_STATE veh=Ramp_Merge_5 edge=34126779 lane=0 target=1 lane_count=1 recently=False speed=6.75
traci-bridge-1         | LANE_CMD_WAIT_EDGE veh=Ramp_Merge_5 edge=34126779 lane=0 target=1 lane_count=1
traci-bridge-1         | LANE_CMD_STATE veh=Ramp_Merge_4 edge=34126779 lane=0 target=1 lane_count=1 recently=False speed=6.00
traci-bridge-1         | LANE_CMD_WAIT_EDGE veh=Ramp_Merge_4 edge=34126779 lane=0 target=1 lane_count=1
traci-bridge-1         | LANE_CMD_STATE veh=Ramp_Merge_5 edge=34126779 lane=0 target=1 lane_count=1 recently=False speed=6.75
traci-bridge-1         | LANE_CMD_WAIT_EDGE veh=Ramp_Merge_5 edge=34126779 lane=0 target=1 lane_count=1
traci-bridge-1         | LANE_CMD_STATE veh=Ramp_Merge_4 edge=34126779 lane=0 target=1 lane_count=1 recently=False speed=5.65
traci-bridge-1         | LANE_CMD_WAIT_EDGE veh=Ramp_Merge_4 edge=34126779 lane=0 target=1 lane_count=1
traci-bridge-1         | LANE_CMD_STATE veh=Ramp_Merge_5 edge=34126779 lane=0 target=1 lane_count=1 recently=False speed=6.75
traci-bridge-1         | LANE_CMD_WAIT_EDGE veh=Ramp_Merge_5 edge=34126779 lane=0 target=1 lane_count=1
traci-bridge-1         | LANE_CMD_STATE veh=Ramp_Merge_4 edge=34126779 lane=0 target=1 lane_count=1 recently=False speed=5.30
traci-bridge-1         | LANE_CMD_WAIT_EDGE veh=Ramp_Merge_4 edge=34126779 lane=0 target=1 lane_count=1
traci-bridge-1         | LANE_CMD_STATE veh=Ramp_Merge_5 edge=34126779 lane=0 target=1 lane_count=1 recently=False speed=6.75
traci-bridge-1         | LANE_CMD_WAIT_EDGE veh=Ramp_Merge_5 edge=34126779 lane=0 target=1 lane_count=1
traci-bridge-1         | LANE_CMD_STATE veh=Ramp_Merge_4 edge=34126779 lane=0 target=1 lane_count=1 recently=False speed=4.95
traci-bridge-1         | LANE_CMD_WAIT_EDGE veh=Ramp_Merge_4 edge=34126779 lane=0 target=1 lane_count=1
traci-bridge-1         | LANE_CMD_STATE veh=Ramp_Merge_5 edge=34126779 lane=0 target=1 lane_count=1 recently=False speed=6.75
traci-bridge-1         | LANE_CMD_WAIT_EDGE veh=Ramp_Merge_5 edge=34126779 lane=0 target=1 lane_count=1
traci-bridge-1         | LANE_CMD_STATE veh=Ramp_Merge_4 edge=34126779 lane=0 target=1 lane_count=1 recently=False speed=4.60
traci-bridge-1         | LANE_CMD_WAIT_EDGE veh=Ramp_Merge_4 edge=34126779 lane=0 target=1 lane_count=1
traci-bridge-1         | LANE_CMD_STATE veh=Ramp_Merge_5 edge=34126779 lane=0 target=1 lane_count=1 recently=False speed=6.75
traci-bridge-1         | LANE_CMD_WAIT_EDGE veh=Ramp_Merge_5 edge=34126779 lane=0 target=1 lane_count=1
traci-bridge-1         | LANE_CMD_STATE veh=Ramp_Merge_4 edge=34126779 lane=0 target=1 lane_count=1 recently=False speed=4.25
traci-bridge-1         | LANE_CMD_WAIT_EDGE veh=Ramp_Merge_4 edge=34126779 lane=0 target=1 lane_count=1
traci-bridge-1         | LANE_CMD_STATE veh=Ramp_Merge_5 edge=34126779 lane=0 target=1 lane_count=1 recently=False speed=6.75
traci-bridge-1         | LANE_CMD_WAIT_EDGE veh=Ramp_Merge_5 edge=34126779 lane=0 target=1 lane_count=1
traci-bridge-1         | LANE_CMD_STATE veh=Ramp_Merge_4 edge=34126779 lane=0 target=1 lane_count=1 recently=False speed=4.28
traci-bridge-1         | LANE_CMD_WAIT_EDGE veh=Ramp_Merge_4 edge=34126779 lane=0 target=1 lane_count=1
traci-bridge-1         | LANE_CMD_STATE veh=Ramp_Merge_5 edge=34126779 lane=0 target=1 lane_count=1 recently=False speed=6.75
traci-bridge-1         | LANE_CMD_WAIT_EDGE veh=Ramp_Merge_5 edge=34126779 lane=0 target=1 lane_count=1
traci-bridge-1         | LANE_CMD_STATE veh=Ramp_Merge_4 edge=34126779 lane=0 target=1 lane_count=1 recently=False speed=4.27
traci-bridge-1         | LANE_CMD_WAIT_EDGE veh=Ramp_Merge_4 edge=34126779 lane=0 target=1 lane_count=1
traci-bridge-1         | LANE_CMD_STATE veh=Ramp_Merge_5 edge=34126779 lane=0 target=1 lane_count=1 recently=False speed=6.75
traci-bridge-1         | LANE_CMD_WAIT_EDGE veh=Ramp_Merge_5 edge=34126779 lane=0 target=1 lane_count=1
traci-bridge-1         | LANE_CMD_STATE veh=Ramp_Merge_4 edge=34126779 lane=0 target=1 lane_count=1 recently=False speed=4.26
traci-bridge-1         | LANE_CMD_WAIT_EDGE veh=Ramp_Merge_4 edge=34126779 lane=0 target=1 lane_count=1
traci-bridge-1         | LANE_CMD_STATE veh=Ramp_Merge_5 edge=34126779 lane=0 target=1 lane_count=1 recently=False speed=6.75
traci-bridge-1         | LANE_CMD_WAIT_EDGE veh=Ramp_Merge_5 edge=34126779 lane=0 target=1 lane_count=1
traci-bridge-1         | LANE_CMD_STATE veh=Ramp_Merge_4 edge=34126779 lane=0 target=1 lane_count=1 recently=False speed=4.26
traci-bridge-1         | LANE_CMD_WAIT_EDGE veh=Ramp_Merge_4 edge=34126779 lane=0 target=1 lane_count=1
traci-bridge-1         | LANE_CMD_STATE veh=Ramp_Merge_5 edge=34126779 lane=0 target=1 lane_count=1 recently=False speed=6.75
traci-bridge-1         | LANE_CMD_WAIT_EDGE veh=Ramp_Merge_5 edge=34126779 lane=0 target=1 lane_count=1
traci-bridge-1         | LANE_CMD_STATE veh=Ramp_Merge_4 edge=34126779 lane=0 target=1 lane_count=1 recently=False speed=4.25
traci-bridge-1         | LANE_CMD_WAIT_EDGE veh=Ramp_Merge_4 edge=34126779 lane=0 target=1 lane_count=1
traci-bridge-1         | LANE_CMD_STATE veh=Ramp_Merge_5 edge=34126779 lane=0 target=1 lane_count=1 recently=False speed=6.75
traci-bridge-1         | LANE_CMD_WAIT_EDGE veh=Ramp_Merge_5 edge=34126779 lane=0 target=1 lane_count=1
traci-bridge-1         | LANE_CMD_STATE veh=Ramp_Merge_4 edge=34126779 lane=0 target=1 lane_count=1 recently=False speed=4.24
traci-bridge-1         | LANE_CMD_WAIT_EDGE veh=Ramp_Merge_4 edge=34126779 lane=0 target=1 lane_count=1
traci-bridge-1         | LANE_CMD_STATE veh=Ramp_Merge_5 edge=34126779 lane=0 target=1 lane_count=1 recently=False speed=6.75
traci-bridge-1         | LANE_CMD_WAIT_EDGE veh=Ramp_Merge_5 edge=34126779 lane=0 target=1 lane_count=1
traci-bridge-1         | LANE_CMD_STATE veh=Ramp_Merge_4 edge=34126779 lane=0 target=1 lane_count=1 recently=False speed=4.24
traci-bridge-1         | LANE_CMD_WAIT_EDGE veh=Ramp_Merge_4 edge=34126779 lane=0 target=1 lane_count=1
traci-bridge-1         | LANE_CMD_STATE veh=Ramp_Merge_5 edge=34126779 lane=0 target=1 lane_count=1 recently=False speed=6.75
traci-bridge-1         | LANE_CMD_WAIT_EDGE veh=Ramp_Merge_5 edge=34126779 lane=0 target=1 lane_count=1
traci-bridge-1         | LANE_CMD_STATE veh=Ramp_Merge_4 edge=34126779 lane=0 target=1 lane_count=1 recently=False speed=4.23
traci-bridge-1         | LANE_CMD_WAIT_EDGE veh=Ramp_Merge_4 edge=34126779 lane=0 target=1 lane_count=1
traci-bridge-1         | LANE_CMD_STATE veh=Ramp_Merge_5 edge=34126779 lane=0 target=1 lane_count=1 recently=False speed=6.75
traci-bridge-1         | LANE_CMD_WAIT_EDGE veh=Ramp_Merge_5 edge=34126779 lane=0 target=1 lane_count=1
traci-bridge-1         | LANE_CMD_STATE veh=Ramp_Merge_4 edge=34126779 lane=0 target=1 lane_count=1 recently=False speed=4.23
traci-bridge-1         | LANE_CMD_WAIT_EDGE veh=Ramp_Merge_4 edge=34126779 lane=0 target=1 lane_count=1
traci-bridge-1         | LANE_CMD_STATE veh=Ramp_Merge_5 edge=34126779 lane=0 target=1 lane_count=1 recently=False speed=6.75
traci-bridge-1         | LANE_CMD_WAIT_EDGE veh=Ramp_Merge_5 edge=34126779 lane=0 target=1 lane_count=1
traci-bridge-1         | LANE_CMD_STATE veh=Ramp_Merge_4 edge=34126779 lane=0 target=1 lane_count=1 recently=False speed=4.22
traci-bridge-1         | LANE_CMD_WAIT_EDGE veh=Ramp_Merge_4 edge=34126779 lane=0 target=1 lane_count=1
traci-bridge-1         | LANE_CMD_STATE veh=Ramp_Merge_5 edge=34126779 lane=0 target=1 lane_count=1 recently=False speed=6.75
traci-bridge-1         | LANE_CMD_WAIT_EDGE veh=Ramp_Merge_5 edge=34126779 lane=0 target=1 lane_count=1
traci-bridge-1         | LANE_CMD_STATE veh=Ramp_Merge_4 edge=34126779 lane=0 target=1 lane_count=1 recently=False speed=4.22
traci-bridge-1         | LANE_CMD_WAIT_EDGE veh=Ramp_Merge_4 edge=34126779 lane=0 target=1 lane_count=1
traci-bridge-1         | LANE_CMD_STATE veh=Ramp_Merge_5 edge=34126779 lane=0 target=1 lane_count=1 recently=False speed=6.75
traci-bridge-1         | LANE_CMD_WAIT_EDGE veh=Ramp_Merge_5 edge=34126779 lane=0 target=1 lane_count=1
traci-bridge-1         | LANE_CMD_STATE veh=Ramp_Merge_4 edge=34126779 lane=0 target=1 lane_count=1 recently=False speed=4.21
traci-bridge-1         | LANE_CMD_WAIT_EDGE veh=Ramp_Merge_4 edge=34126779 lane=0 target=1 lane_count=1
traci-bridge-1         | LANE_CMD_STATE veh=Ramp_Merge_5 edge=34126779 lane=0 target=1 lane_count=1 recently=False speed=6.75
traci-bridge-1         | LANE_CMD_WAIT_EDGE veh=Ramp_Merge_5 edge=34126779 lane=0 target=1 lane_count=1
traci-bridge-1         | LANE_CMD_STATE veh=Ramp_Merge_4 edge=34126779 lane=0 target=1 lane_count=1 recently=False speed=4.21
traci-bridge-1         | LANE_CMD_WAIT_EDGE veh=Ramp_Merge_4 edge=34126779 lane=0 target=1 lane_count=1
traci-bridge-1         | LANE_CMD_STATE veh=Ramp_Merge_5 edge=34126779 lane=0 target=1 lane_count=1 recently=False speed=6.75
traci-bridge-1         | LANE_CMD_WAIT_EDGE veh=Ramp_Merge_5 edge=34126779 lane=0 target=1 lane_count=1
traci-bridge-1         | LANE_CMD_STATE veh=Ramp_Merge_4 edge=34126779 lane=0 target=1 lane_count=1 recently=False speed=4.20
traci-bridge-1         | LANE_CMD_WAIT_EDGE veh=Ramp_Merge_4 edge=34126779 lane=0 target=1 lane_count=1
traci-bridge-1         | LANE_CMD_STATE veh=Ramp_Merge_5 edge=34126779 lane=0 target=1 lane_count=1 recently=False speed=6.72
traci-bridge-1         | LANE_CMD_WAIT_EDGE veh=Ramp_Merge_5 edge=34126779 lane=0 target=1 lane_count=1
traci-bridge-1         | LANE_CMD_STATE veh=Ramp_Merge_4 edge=34126779 lane=0 target=1 lane_count=1 recently=False speed=4.20
traci-bridge-1         | LANE_CMD_WAIT_EDGE veh=Ramp_Merge_4 edge=34126779 lane=0 target=1 lane_count=1
obu-ramp-merge-2-1     | [29.6] Ramp_Merge_2 role=cruise state=CRUISE->CRUISE speed=6.54 target=7.50 neighbors=11
obu-main-mid-right-1   | [29.6] Main_Mid_Right role=cruise state=CRUISE->CRUISE speed=7.50 target=7.50 neighbors=11
obu-ramp-merge-3-1     | [29.6] Ramp_Merge_3 role=cruise state=CRUISE->CRUISE speed=4.97 target=7.50 neighbors=11
obu-ramp-merge-4-1     | [29.6] Ramp_Merge_4 CAR_FOLLOW: sid=106 edge=34126779 lane=0 leader_edge= leader_lane=None leader_role_hint=main self_merge_completed=False self_merge_completed_age=-1.0 self_merge_committed=True lane_cmd_state=WAIT_EDGE lane_cmd_edge=34126779 lane_cmd_target=1 lane_cmd_executable=False same_lane=False reason=merge_conflict_eta gap=0.2 follow_spd=4.12 emergency=False target_before=4.192148480047312 target_after=4.125 target_after_raw=4.12
obu-ramp-merge-4-1     | [29.6] Ramp_Merge_4 role=merge state=NEGOTIATING->NEGOTIATING speed=4.19 target=4.12 neighbors=11
obu-ramp-merge-5-1     | [29.6] Ramp_Merge_5 role=merge state=NEGOTIATING->NEGOTIATING speed=6.17 target=6.17 neighbors=11
obu-main-back-right-1  | [29.6] Main_Back_Right CAR_FOLLOW: sid=109 edge=:390064918_1 lane=0 leader_edge= leader_lane=None leader_role_hint=ramp self_merge_completed=False self_merge_completed_age=-1.0 self_merge_committed=False lane_cmd_state=None lane_cmd_edge=None lane_cmd_target=None lane_cmd_executable=None same_lane=True reason=same_lane_cam gap=6.7 follow_spd=2.62 emergency=False target_before=7.5 target_after=1.7102541849853135 target_after_raw=2.62
obu-lead-car-1         | [29.6] Lead_Car role=cruise state=CRUISE->CRUISE speed=7.50 target=7.50 neighbors=11
obu-ramp-back-1        | [29.6] Ramp_Back MERGE_DECISION: auth=False phys=True fgok=True lgok=True hgok=True cok=True esok=True cready=True dtm=55.5 past=False committed=False hid=None ra=None lclear=False hyok=True
obu-ramp-back-1        | [29.6] Ramp_Back role=merge state=CRUISE->CRUISE speed=6.75 target=6.75 neighbors=11
obu-ramp-merge-4-1     | [29.8] Ramp_Merge_4 CAR_FOLLOW: sid=106 edge=34126779 lane=0 leader_edge= leader_lane=None leader_role_hint=main self_merge_completed=False self_merge_completed_age=-1.0 self_merge_committed=True lane_cmd_state=WAIT_EDGE lane_cmd_edge=34126779 lane_cmd_target=1 lane_cmd_executable=False same_lane=False reason=merge_conflict_eta gap=0.2 follow_spd=4.12 emergency=False target_before=4.185601503242698 target_after=4.125 target_after_raw=4.12
obu-main-back-right-1  | [29.8] Main_Back_Right CAR_FOLLOW: sid=109 edge=:390064918_1 lane=0 leader_edge= leader_lane=None leader_role_hint=ramp self_merge_completed=False self_merge_completed_age=-1.0 self_merge_committed=False lane_cmd_state=None lane_cmd_edge=None lane_cmd_target=None lane_cmd_executable=None same_lane=True reason=same_lane_cam gap=7.9 follow_spd=2.62 emergency=False target_before=7.5 target_after=1.7031633603793805 target_after_raw=2.62
obu-ramp-back-1        | [29.8] Ramp_Back MERGE_DECISION: auth=False phys=True fgok=True lgok=True hgok=True cok=True esok=True cready=True dtm=54.3 past=False committed=False hid=None ra=None lclear=False hyok=True
obu-ramp-merge-4-1     | [29.9] Ramp_Merge_4 MERGE_LANE_WAIT_EDGE_CONFIRMED: edge=:390064918_0 lane=0 target_lane=1 lane_count=1 executable=False
obu-host-car-1         | [30.0] Host_Car CAR_FOLLOW: sid=107 edge=135424828 lane=0 leader_edge= leader_lane=None leader_role_hint=ramp self_merge_completed=False self_merge_completed_age=-1.0 self_merge_committed=False lane_cmd_state=None lane_cmd_edge=None lane_cmd_target=None lane_cmd_executable=None same_lane=True reason=same_lane_cam gap=12.6 follow_spd=6.69 emergency=False target_before=7.5 target_after=7.240032717906686 target_after_raw=6.69
obu-ramp-merge-4-1     | [30.0] Ramp_Merge_4 MERGE_PREPARE_WAIT_LANE_AVAILABLE: edge=:390064918_0 lane=0 target_lane=1 lane_count=1 executable=False dtm=5.0 speed=4.18 host=None lead=106
obu-ramp-merge-4-1     | [30.0] Ramp_Merge_4 CAR_FOLLOW: sid=106 edge=:390064918_0 lane=0 leader_edge= leader_lane=None leader_role_hint=main self_merge_completed=False self_merge_completed_age=-1.0 self_merge_committed=True lane_cmd_state=WAIT_EDGE lane_cmd_edge=:390064918_0 lane_cmd_target=1 lane_cmd_executable=False same_lane=False reason=merge_conflict_eta gap=0.1 follow_spd=4.12 emergency=False target_before=4.179692856676535 target_after=4.125 target_after_raw=4.12
obu-main-front-left-1  | [30.1] Main_Front_Left role=cruise state=CRUISE->CRUISE speed=7.50 target=7.50 neighbors=11
obu-main-back-right-1  | [30.1] Main_Back_Right role=lead state=CRUISE->CRUISE speed=1.52 target=7.50 neighbors=11
obu-main-back-left-1   | [30.1] Main_Back_Left role=cruise state=CRUISE->CRUISE speed=7.42 target=7.50 neighbors=11
obu-ramp-back-1        | [30.0] Ramp_Back MERGE_DECISION: auth=False phys=True fgok=True lgok=True hgok=True cok=True esok=True cready=True dtm=53.1 past=False committed=False hid=None ra=None lclear=False hyok=True
obu-ramp-merge-4-1     | [30.1] Ramp_Merge_4 CAR_FOLLOW: sid=106 edge=:390064918_0 lane=0 leader_edge= leader_lane=None leader_role_hint=main self_merge_completed=False self_merge_completed_age=-1.0 self_merge_committed=True lane_cmd_state=WAIT_EDGE lane_cmd_edge=:390064918_0 lane_cmd_target=1 lane_cmd_executable=False same_lane=False reason=merge_conflict_eta gap=0.1 follow_spd=4.12 emergency=False target_before=4.176958213842709 target_after=4.125 target_after_raw=4.12
obu-ramp-back-1        | [30.1] Ramp_Back MERGE_DECISION: auth=False phys=True fgok=True lgok=True hgok=True cok=True esok=True cready=True dtm=52.5 past=False committed=False hid=None ra=None lclear=False hyok=True
obu-merge-car-1        | [30.3] Merge_Car role=cruise state=CRUISE->CRUISE speed=7.50 target=7.50 neighbors=11
obu-ramp-back-1        | [30.3] Ramp_Back MERGE_LCLEAR_BLOCK: sid=106 gap=0.6 neighbor_age=0.2 from_memory=False dtm=51.2
obu-ramp-back-1        | [30.3] Ramp_Back MERGE_DECISION: auth=False phys=True fgok=True lgok=True hgok=True cok=True esok=True cready=True dtm=51.2 past=False committed=False hid=None ra=None lclear=False hyok=True
obu-host-car-1         | [30.3] Host_Car role=cruise state=CRUISE->CRUISE speed=7.48 target=7.50 neighbors=11
obu-ramp-merge-5-1     | [30.3] Ramp_Merge_5 MERGE_PREPARE_WAIT_LANE_AVAILABLE: edge=34126779 lane=0 target_lane=1 lane_count=1 executable=False dtm=17.5 speed=4.87 host=None lead=106
obu-ramp-merge-5-1     | MERGE_WAIT_EDGE_ROLLING_FLOOR: vehicle=Ramp_Merge_5 waited_s=8.5 edge=34126779 lane=0 target_lane=1 lane_count=1 speed=4.87 target=4.87 floor=3.38 dtm=17.5 lead=106
obu-ramp-merge-4-1     | MERGE_WAIT_EDGE_ROLLING_FLOOR: vehicle=Ramp_Merge_4 waited_s=9.2 edge=:390064918_0 lane=0 target_lane=1 lane_count=1 speed=4.17 target=4.17 floor=3.38 dtm=4.8 lead=106
obu-ramp-merge-4-1     | [30.3] Ramp_Merge_4 CAR_FOLLOW: sid=106 edge=:390064918_0 lane=0 leader_edge= leader_lane=None leader_role_hint=main self_merge_completed=False self_merge_completed_age=-1.0 self_merge_committed=True lane_cmd_state=WAIT_EDGE lane_cmd_edge=:390064918_0 lane_cmd_target=1 lane_cmd_executable=False same_lane=False reason=merge_conflict_eta gap=0.1 follow_spd=4.12 emergency=False target_before=4.171892287993044 target_after=4.125 target_after_raw=4.12
obu-ramp-back-1        | [30.5] Ramp_Back FINAL_GUARD: REJECTED blind merge with main traffic
obu-ramp-back-1        | [30.5] Ramp_Back MERGE_DECISION: auth=False phys=True fgok=False lgok=True hgok=True cok=True esok=True cready=True dtm=50.0 past=False committed=False hid=None ra=None lclear=True hyok=True
obu-lead-car-1         | [30.6] Lead_Car role=cruise state=CRUISE->CRUISE speed=7.50 target=7.50 neighbors=11
obu-ramp-merge-4-1     | [30.6] Ramp_Merge_4 role=merge state=NEGOTIATING->NEGOTIATING speed=4.17 target=4.17 neighbors=11
obu-ramp-merge-3-1     | [30.6] Ramp_Merge_3 role=cruise state=CRUISE->CRUISE speed=5.98 target=7.50 neighbors=11
obu-ramp-back-1        | [30.6] Ramp_Back FINAL_GUARD: REJECTED blind merge with main traffic
obu-ramp-back-1        | [30.6] Ramp_Back MERGE_DECISION: auth=False phys=True fgok=False lgok=True hgok=True cok=True esok=True cready=True dtm=49.3 past=False committed=False hid=None ra=None lclear=True hyok=True
obu-ramp-back-1        | [30.6] Ramp_Back role=merge state=CRUISE->CRUISE speed=6.75 target=6.75 neighbors=11
obu-main-mid-right-1   | [30.7] Main_Mid_Right role=cruise state=CRUISE->CRUISE speed=7.50 target=7.50 neighbors=11
obu-ramp-merge-2-1     | [30.6] Ramp_Merge_2 role=cruise state=CRUISE->CRUISE speed=6.93 target=7.50 neighbors=11
obu-ramp-merge-5-1     | [30.6] Ramp_Merge_5 role=merge state=NEGOTIATING->NEGOTIATING speed=4.70 target=4.70 neighbors=11
obu-ramp-merge-4-1     | [30.7] Ramp_Merge_4 MERGE_LANE_APPLY_CONFIRMED: edge=1331698336 lane=0 target_lane=1 lane_count=3 executable=True
obu-ramp-merge-5-1     | [30.8] Ramp_Merge_5 CAR_FOLLOW: sid=106 edge=34126779 lane=0 leader_edge= leader_lane=None leader_role_hint=main self_merge_completed=False self_merge_completed_age=-1.0 self_merge_committed=True lane_cmd_state=WAIT_EDGE lane_cmd_edge=34126779 lane_cmd_target=1 lane_cmd_executable=False same_lane=True reason=same_lane_cam gap=11.2 follow_spd=2.62 emergency=False target_before=4.544863314736114 target_after=4.294863314736114 target_after_raw=2.62
obu-ramp-merge-4-1     | [30.8] Ramp_Merge_4 MERGE_PHYSICAL_START_DELAYED_UNTIL_LANE_APPLY: waited_s=9.7 edge=1331698336 lane=0 target_lane=1 lane_count=3 lane_cmd_state=APPLY executable=True dtm=5.3 speed=4.16 reason=apply_seen
obu-ramp-merge-4-1     | [30.8] Ramp_Merge_4 MERGE_START_GAP_DIAG: event=apply_seen lead=106 host=None lead_eta=0.9223738441838786 own_eta=1.2702201495241277 host_eta=None lead_gap=0.0 host_gap=None lead_gap_p1=0.0 lead_gap_p2=0.0 lead_gap_p3=0.0 host_gap_p1=None host_gap_p2=None host_gap_p3=None rel_to_lead=-1.9232945723356796 rel_to_host=None lead_lat=3.211738520525287 host_lat=None edge=1331698336 lane=0 lane_cmd_state=APPLY lane_cmd_edge=1331698336 lane_cmd_target=1 lane_cmd_executable=True dtm=5.3 speed=4.16
obu-ramp-merge-4-1     | MERGE_ATTEMPT_TIMELINE: vehicle=Ramp_Merge_4 manoeuvre=96 host=None lead=106 event=PHYSICAL_START t=30.8 edge=1331698336 lane=0 lane_cmd_state=APPLY speed=4.16 target=6.75 dtm=5.3 lead_gap=0.00 host_gap= lead_gap_t1=0.00 lead_gap_t2=0.00 lead_gap_t3=0.00 host_gap_t1= host_gap_t2= host_gap_t3=
obu-ramp-merge-4-1     | [30.8] Ramp_Merge_4 MERGE_PHYSICAL_START: host=None manoeuvre=0
obu-ramp-merge-4-1     | [30.8] Ramp_Merge_4 MERGING!
obu-ramp-merge-4-1     | MERGE_ATTEMPT_TIMELINE: vehicle=Ramp_Merge_4 manoeuvre=96 host=None lead=106 event=APPLY t=30.8 edge=1331698336 lane=0 lane_cmd_state=APPLY speed=4.16 target=6.75 dtm=5.3 lead_gap=0.00 host_gap= lead_gap_t1=0.00 lead_gap_t2=0.00 lead_gap_t3=0.00 host_gap_t1= host_gap_t2= host_gap_t3=
obu-ramp-merge-4-1     | [30.8] Ramp_Merge_4 MERGE_COMMIT_LANE_APPLY_ACTIVE: edge=1331698336 lane=0 target_lane=1 lane_count=3 executable=True speed=4.16 dtm=5.3
obu-ramp-back-1        | [30.8] Ramp_Back FINAL_GUARD: REJECTED blind merge with main traffic
obu-ramp-back-1        | [30.8] Ramp_Back MERGE_DECISION: auth=False phys=True fgok=False lgok=True hgok=True cok=True esok=True cready=True dtm=48.0 past=False committed=False hid=None ra=None lclear=True hyok=True
obu-main-back-left-1   | [31.1] Main_Back_Left role=cruise state=CRUISE->CRUISE speed=7.44 target=7.50 neighbors=11
obu-main-back-right-1  | [31.1] Main_Back_Right role=lead state=CRUISE->CRUISE speed=3.14 target=7.50 neighbors=11
obu-main-front-left-1  | [31.1] Main_Front_Left role=cruise state=CRUISE->CRUISE speed=7.50 target=7.50 neighbors=11
obu-ramp-back-1        | [31.0] Ramp_Back FINAL_GUARD: REJECTED blind merge with main traffic
obu-ramp-back-1        | [31.0] Ramp_Back MERGE_DECISION: auth=False phys=True fgok=False lgok=True hgok=True cok=True esok=True cready=True dtm=46.8 past=False committed=False hid=None ra=None lclear=True hyok=True
obu-ramp-back-1        | [31.1] Ramp_Back FINAL_GUARD: REJECTED blind merge with main traffic
obu-ramp-back-1        | [31.1] Ramp_Back MERGE_DECISION: auth=False phys=True fgok=False lgok=True hgok=True cok=True esok=True cready=True dtm=46.1 past=False committed=False hid=None ra=None lclear=True hyok=True
obu-host-car-1         | [31.3] Host_Car role=cruise state=CRUISE->CRUISE speed=7.49 target=7.50 neighbors=11
obu-merge-car-1        | [31.3] Merge_Car role=cruise state=CRUISE->CRUISE speed=7.50 target=7.50 neighbors=11
obu-ramp-back-1        | [31.3] Ramp_Back FINAL_GUARD: REJECTED blind merge with main traffic
obu-ramp-back-1        | [31.3] Ramp_Back MERGE_DECISION: auth=False phys=True fgok=False lgok=True hgok=True cok=True esok=True cready=True dtm=44.9 past=False committed=False hid=None ra=None lclear=True hyok=True
obu-ramp-merge-5-1     | [31.3] Ramp_Merge_5 MERGE_PREPARE_WAIT_LANE_AVAILABLE: edge=34126779 lane=0 target_lane=1 lane_count=1 executable=False dtm=13.0 speed=4.39 host=None lead=106
obu-ramp-merge-5-1     | MERGE_WAIT_EDGE_ROLLING_FLOOR: vehicle=Ramp_Merge_5 waited_s=9.5 edge=34126779 lane=0 target_lane=1 lane_count=1 speed=4.39 target=4.39 floor=3.38 dtm=13.0 lead=106
obu-ramp-merge-5-1     | [31.3] Ramp_Merge_5 CAR_FOLLOW: sid=106 edge=34126779 lane=0 leader_edge= leader_lane=None leader_role_hint=main self_merge_completed=False self_merge_completed_age=-1.0 self_merge_committed=True lane_cmd_state=WAIT_EDGE lane_cmd_edge=34126779 lane_cmd_target=1 lane_cmd_executable=False same_lane=True reason=same_lane_cam gap=10.5 follow_spd=2.62 emergency=False target_before=4.387666385954284 target_after=4.137666385954284 target_after_raw=2.62
obu-ramp-merge-5-1     | [31.5] Ramp_Merge_5 CAR_FOLLOW: sid=106 edge=34126779 lane=0 leader_edge= leader_lane=None leader_role_hint=main self_merge_completed=False self_merge_completed_age=-1.0 self_merge_committed=True lane_cmd_state=WAIT_EDGE lane_cmd_edge=34126779 lane_cmd_target=1 lane_cmd_executable=False same_lane=True reason=same_lane_cam gap=10.3 follow_spd=2.70 emergency=False target_before=4.375143880693198 target_after=4.125143880693198 target_after_raw=2.70
obu-ramp-back-1        | [31.5] Ramp_Back FINAL_GUARD: REJECTED blind merge with main traffic
obu-ramp-back-1        | [31.5] Ramp_Back MERGE_DECISION: auth=False phys=True fgok=False lgok=True hgok=True cok=True esok=True cready=True dtm=43.6 past=False committed=False hid=None ra=None lclear=True hyok=True
obu-ramp-merge-2-1     | [31.7] Ramp_Merge_2 role=cruise state=CRUISE->CRUISE speed=7.17 target=7.50 neighbors=11
obu-ramp-merge-3-1     | [31.7] Ramp_Merge_3 role=cruise state=CRUISE->CRUISE speed=6.64 target=7.50 neighbors=11
obu-ramp-back-1        | [31.6] Ramp_Back FINAL_GUARD: REJECTED blind merge with main traffic
obu-ramp-merge-5-1     | [31.7] Ramp_Merge_5 role=merge state=NEGOTIATING->NEGOTIATING speed=4.35 target=4.35 neighbors=11
obu-ramp-back-1        | [31.6] Ramp_Back MERGE_DECISION: auth=False phys=True fgok=False lgok=True hgok=True cok=True esok=True cready=True dtm=43.0 past=False committed=False hid=None ra=None lclear=True hyok=True
obu-ramp-back-1        | [31.6] Ramp_Back role=merge state=CRUISE->CRUISE speed=6.75 target=6.75 neighbors=11
obu-main-mid-right-1   | [31.7] Main_Mid_Right role=cruise state=CRUISE->CRUISE speed=7.50 target=7.50 neighbors=11
obu-ramp-merge-4-1     | [31.7] Ramp_Merge_4 role=merge state=MERGING->MERGING speed=5.03 target=6.75 neighbors=11
obu-lead-car-1         | [31.7] Lead_Car role=cruise state=CRUISE->CRUISE speed=7.50 target=7.50 neighbors=11
traci-bridge-1         | LANE_CMD_STATE veh=Ramp_Merge_5 edge=34126779 lane=0 target=1 lane_count=1 recently=False speed=6.62
traci-bridge-1         | LANE_CMD_WAIT_EDGE veh=Ramp_Merge_5 edge=34126779 lane=0 target=1 lane_count=1
traci-bridge-1         | LANE_CMD_STATE veh=Ramp_Merge_4 edge=34126779 lane=0 target=1 lane_count=1 recently=False speed=4.20
traci-bridge-1         | LANE_CMD_WAIT_EDGE veh=Ramp_Merge_4 edge=34126779 lane=0 target=1 lane_count=1
traci-bridge-1         | LANE_CMD_STATE veh=Ramp_Merge_5 edge=34126779 lane=0 target=1 lane_count=1 recently=False speed=6.52
traci-bridge-1         | LANE_CMD_WAIT_EDGE veh=Ramp_Merge_5 edge=34126779 lane=0 target=1 lane_count=1
traci-bridge-1         | LANE_CMD_STATE veh=Ramp_Merge_4 edge=34126779 lane=0 target=1 lane_count=1 recently=False speed=4.19
traci-bridge-1         | LANE_CMD_WAIT_EDGE veh=Ramp_Merge_4 edge=34126779 lane=0 target=1 lane_count=1
traci-bridge-1         | LANE_CMD_STATE veh=Ramp_Merge_5 edge=34126779 lane=0 target=1 lane_count=1 recently=False speed=6.17
traci-bridge-1         | LANE_CMD_WAIT_EDGE veh=Ramp_Merge_5 edge=34126779 lane=0 target=1 lane_count=1
traci-bridge-1         | LANE_CMD_STATE veh=Ramp_Merge_4 edge=34126779 lane=0 target=1 lane_count=1 recently=False speed=4.19
traci-bridge-1         | LANE_CMD_WAIT_EDGE veh=Ramp_Merge_4 edge=34126779 lane=0 target=1 lane_count=1
traci-bridge-1         | LANE_CMD_STATE veh=Ramp_Merge_5 edge=34126779 lane=0 target=1 lane_count=1 recently=False speed=5.82
traci-bridge-1         | LANE_CMD_WAIT_EDGE veh=Ramp_Merge_5 edge=34126779 lane=0 target=1 lane_count=1
traci-bridge-1         | LANE_CMD_STATE veh=Ramp_Merge_4 edge=34126779 lane=0 target=1 lane_count=1 recently=False speed=4.19
traci-bridge-1         | LANE_CMD_WAIT_EDGE veh=Ramp_Merge_4 edge=34126779 lane=0 target=1 lane_count=1
traci-bridge-1         | LANE_CMD_STATE veh=Ramp_Merge_5 edge=34126779 lane=0 target=1 lane_count=1 recently=False speed=5.87
traci-bridge-1         | LANE_CMD_WAIT_EDGE veh=Ramp_Merge_5 edge=34126779 lane=0 target=1 lane_count=1
traci-bridge-1         | LANE_CMD_STATE veh=Ramp_Merge_4 edge=:390064918_0 lane=0 target=1 lane_count=1 recently=False speed=4.18
traci-bridge-1         | LANE_CMD_WAIT_EDGE veh=Ramp_Merge_4 edge=:390064918_0 lane=0 target=1 lane_count=1
traci-bridge-1         | LANE_CMD_STATE veh=Ramp_Merge_5 edge=34126779 lane=0 target=1 lane_count=1 recently=False speed=5.56
traci-bridge-1         | LANE_CMD_WAIT_EDGE veh=Ramp_Merge_5 edge=34126779 lane=0 target=1 lane_count=1
traci-bridge-1         | LANE_CMD_STATE veh=Ramp_Merge_4 edge=:390064918_0 lane=0 target=1 lane_count=1 recently=False speed=4.18
traci-bridge-1         | LANE_CMD_WAIT_EDGE veh=Ramp_Merge_4 edge=:390064918_0 lane=0 target=1 lane_count=1
traci-bridge-1         | LANE_CMD_STATE veh=Ramp_Merge_5 edge=34126779 lane=0 target=1 lane_count=1 recently=False speed=5.28
traci-bridge-1         | LANE_CMD_WAIT_EDGE veh=Ramp_Merge_5 edge=34126779 lane=0 target=1 lane_count=1
traci-bridge-1         | LANE_CMD_STATE veh=Ramp_Merge_4 edge=:390064918_0 lane=0 target=1 lane_count=1 recently=False speed=4.18
traci-bridge-1         | LANE_CMD_WAIT_EDGE veh=Ramp_Merge_4 edge=:390064918_0 lane=0 target=1 lane_count=1
traci-bridge-1         | LANE_CMD_STATE veh=Ramp_Merge_5 edge=34126779 lane=0 target=1 lane_count=1 recently=False speed=5.05
traci-bridge-1         | LANE_CMD_WAIT_EDGE veh=Ramp_Merge_5 edge=34126779 lane=0 target=1 lane_count=1
traci-bridge-1         | LANE_CMD_STATE veh=Ramp_Merge_4 edge=:390064918_0 lane=0 target=1 lane_count=1 recently=False speed=4.17
traci-bridge-1         | LANE_CMD_WAIT_EDGE veh=Ramp_Merge_4 edge=:390064918_0 lane=0 target=1 lane_count=1
traci-bridge-1         | LANE_CMD_STATE veh=Ramp_Merge_5 edge=34126779 lane=0 target=1 lane_count=1 recently=False speed=5.09
traci-bridge-1         | LANE_CMD_WAIT_EDGE veh=Ramp_Merge_5 edge=34126779 lane=0 target=1 lane_count=1
traci-bridge-1         | LANE_CMD_STATE veh=Ramp_Merge_4 edge=:390064918_0 lane=0 target=1 lane_count=1 recently=False speed=4.17
traci-bridge-1         | LANE_CMD_WAIT_EDGE veh=Ramp_Merge_4 edge=:390064918_0 lane=0 target=1 lane_count=1
traci-bridge-1         | LANE_CMD_STATE veh=Ramp_Merge_5 edge=34126779 lane=0 target=1 lane_count=1 recently=False speed=4.87
traci-bridge-1         | LANE_CMD_WAIT_EDGE veh=Ramp_Merge_5 edge=34126779 lane=0 target=1 lane_count=1
traci-bridge-1         | LANE_CMD_STATE veh=Ramp_Merge_4 edge=:390064918_0 lane=0 target=1 lane_count=1 recently=False speed=4.17
traci-bridge-1         | LANE_CMD_WAIT_EDGE veh=Ramp_Merge_4 edge=:390064918_0 lane=0 target=1 lane_count=1
traci-bridge-1         | LANE_CMD_STATE veh=Ramp_Merge_5 edge=34126779 lane=0 target=1 lane_count=1 recently=False speed=4.69
traci-bridge-1         | LANE_CMD_WAIT_EDGE veh=Ramp_Merge_5 edge=34126779 lane=0 target=1 lane_count=1
traci-bridge-1         | LANE_CMD_STATE veh=Ramp_Merge_4 edge=:390064918_0 lane=0 target=1 lane_count=1 recently=False speed=4.17
traci-bridge-1         | LANE_CMD_WAIT_EDGE veh=Ramp_Merge_4 edge=:390064918_0 lane=0 target=1 lane_count=1
traci-bridge-1         | LANE_CMD_STATE veh=Ramp_Merge_5 edge=34126779 lane=0 target=1 lane_count=1 recently=False speed=4.69
traci-bridge-1         | LANE_CMD_WAIT_EDGE veh=Ramp_Merge_5 edge=34126779 lane=0 target=1 lane_count=1
traci-bridge-1         | LANE_CMD_STATE veh=Ramp_Merge_4 edge=:390064918_0 lane=0 target=1 lane_count=1 recently=False speed=4.17
traci-bridge-1         | LANE_CMD_WAIT_EDGE veh=Ramp_Merge_4 edge=:390064918_0 lane=0 target=1 lane_count=1
traci-bridge-1         | LANE_CMD_STATE veh=Ramp_Merge_5 edge=34126779 lane=0 target=1 lane_count=1 recently=False speed=4.70
traci-bridge-1         | LANE_CMD_WAIT_EDGE veh=Ramp_Merge_5 edge=34126779 lane=0 target=1 lane_count=1
traci-bridge-1         | LANE_CMD_STATE veh=Ramp_Merge_4 edge=1331698336 lane=0 target=1 lane_count=3 recently=False speed=4.16
traci-bridge-1         | LANE_CMD_APPLY veh=Ramp_Merge_4 edge=1331698336 from_lane=0 target=1 duration=2.00 mode=256 speed=4.16
traci-bridge-1         | LANE_CMD_STATE veh=Ramp_Merge_5 edge=34126779 lane=0 target=1 lane_count=1 recently=False speed=4.54
traci-bridge-1         | LANE_CMD_WAIT_EDGE veh=Ramp_Merge_5 edge=34126779 lane=0 target=1 lane_count=1
traci-bridge-1         | LANE_CMD_STATE veh=Ramp_Merge_4 edge=1331698336 lane=0 target=1 lane_count=3 recently=True speed=4.16
traci-bridge-1         | LANE_CMD_STATE veh=Ramp_Merge_5 edge=34126779 lane=0 target=1 lane_count=1 recently=False speed=4.54
traci-bridge-1         | LANE_CMD_WAIT_EDGE veh=Ramp_Merge_5 edge=34126779 lane=0 target=1 lane_count=1
traci-bridge-1         | LANE_CMD_STATE veh=Ramp_Merge_4 edge=1331698336 lane=0 target=1 lane_count=3 recently=True speed=4.16
traci-bridge-1         | LANE_CMD_STATE veh=Ramp_Merge_5 edge=34126779 lane=0 target=1 lane_count=1 recently=False speed=4.40
traci-bridge-1         | LANE_CMD_WAIT_EDGE veh=Ramp_Merge_5 edge=34126779 lane=0 target=1 lane_count=1
traci-bridge-1         | LANE_CMD_STATE veh=Ramp_Merge_4 edge=1331698336 lane=0 target=1 lane_count=3 recently=True speed=4.29
traci-bridge-1         | LANE_CMD_STATE veh=Ramp_Merge_5 edge=34126779 lane=0 target=1 lane_count=1 recently=False speed=4.39
traci-bridge-1         | LANE_CMD_WAIT_EDGE veh=Ramp_Merge_5 edge=34126779 lane=0 target=1 lane_count=1
traci-bridge-1         | LANE_CMD_STATE veh=Ramp_Merge_4 edge=1331698336 lane=0 target=1 lane_count=3 recently=True speed=4.42
traci-bridge-1         | LANE_CMD_STATE veh=Ramp_Merge_5 edge=34126779 lane=0 target=1 lane_count=1 recently=False speed=4.39
traci-bridge-1         | LANE_CMD_WAIT_EDGE veh=Ramp_Merge_5 edge=34126779 lane=0 target=1 lane_count=1
traci-bridge-1         | LANE_CMD_STATE veh=Ramp_Merge_4 edge=1331698336 lane=0 target=1 lane_count=3 recently=True speed=4.53
traci-bridge-1         | LANE_CMD_STATE veh=Ramp_Merge_5 edge=34126779 lane=0 target=1 lane_count=1 recently=False speed=4.39
traci-bridge-1         | LANE_CMD_WAIT_EDGE veh=Ramp_Merge_5 edge=34126779 lane=0 target=1 lane_count=1
traci-bridge-1         | LANE_CMD_STATE veh=Ramp_Merge_4 edge=1331698336 lane=0 target=1 lane_count=3 recently=True speed=4.64
traci-bridge-1         | LANE_CMD_STATE veh=Ramp_Merge_5 edge=34126779 lane=0 target=1 lane_count=1 recently=False speed=4.39
traci-bridge-1         | LANE_CMD_WAIT_EDGE veh=Ramp_Merge_5 edge=34126779 lane=0 target=1 lane_count=1
traci-bridge-1         | LANE_CMD_STATE veh=Ramp_Merge_4 edge=1331698336 lane=0 target=1 lane_count=3 recently=True speed=4.75
traci-bridge-1         | LANE_CMD_STATE veh=Ramp_Merge_5 edge=34126779 lane=0 target=1 lane_count=1 recently=False speed=4.39
traci-bridge-1         | LANE_CMD_WAIT_EDGE veh=Ramp_Merge_5 edge=34126779 lane=0 target=1 lane_count=1
traci-bridge-1         | LANE_CMD_STATE veh=Ramp_Merge_4 edge=1331698336 lane=0 target=1 lane_count=3 recently=True speed=4.85
traci-bridge-1         | LANE_CMD_STATE veh=Ramp_Merge_5 edge=34126779 lane=0 target=1 lane_count=1 recently=False speed=4.38
traci-bridge-1         | LANE_CMD_WAIT_EDGE veh=Ramp_Merge_5 edge=34126779 lane=0 target=1 lane_count=1
traci-bridge-1         | LANE_CMD_STATE veh=Ramp_Merge_4 edge=1331698336 lane=0 target=1 lane_count=3 recently=True speed=4.94
traci-bridge-1         | LANE_CMD_STATE veh=Ramp_Merge_5 edge=34126779 lane=0 target=1 lane_count=1 recently=False speed=4.36
traci-bridge-1         | LANE_CMD_WAIT_EDGE veh=Ramp_Merge_5 edge=34126779 lane=0 target=1 lane_count=1
traci-bridge-1         | LANE_CMD_STATE veh=Ramp_Merge_4 edge=1331698336 lane=0 target=1 lane_count=3 recently=True speed=5.03
traci-bridge-1         | LANE_CMD_STATE veh=Ramp_Merge_5 edge=34126779 lane=0 target=1 lane_count=1 recently=False speed=4.35
traci-bridge-1         | LANE_CMD_WAIT_EDGE veh=Ramp_Merge_5 edge=34126779 lane=0 target=1 lane_count=1
traci-bridge-1         | LANE_CMD_STATE veh=Ramp_Merge_4 edge=1331698336 lane=0 target=1 lane_count=3 recently=True speed=5.12
traci-bridge-1         | LANE_CMD_STATE veh=Ramp_Merge_5 edge=34126779 lane=0 target=1 lane_count=1 recently=False speed=4.34
traci-bridge-1         | LANE_CMD_WAIT_EDGE veh=Ramp_Merge_5 edge=34126779 lane=0 target=1 lane_count=1
traci-bridge-1         | LANE_CMD_STATE veh=Ramp_Merge_4 edge=1331698336 lane=0 target=1 lane_count=3 recently=True speed=5.20
obu-ramp-back-1        | MERGE_SLOT_QUALITY_DIAG: vehicle=Ramp_Back event=REQUEST_NEW t=31.9 manoeuvre=158 source=new_request lead=None host=105 own_eta=6.08 lead_eta=None host_eta=9.43 min_eta=None max_eta=7.93 desired_eta=6.08 gap_possible=True dtm=41.1 edge=34126779 lane=0 speed=6.75 lead_speed=None host_speed=7.45 lead_gap=None host_gap=77.78 lead_gap_t1=None lead_gap_t2=None lead_gap_t3=None host_gap_t1=77.78 host_gap_t2=77.78 host_gap_t3=77.78 rel_to_lead=None rel_to_host=-0.70 lead_lat=None host_lat=69.38 pending=True accepted=False authorized=False committed=False pending_age=0.00 accepted_age=None lane_cmd_state=NONE lane_cmd_target=None
obu-ramp-back-1        | MERGE_ATTEMPT_TIMELINE: vehicle=Ramp_Back manoeuvre=158 host=105 lead=None event=REQUEST_SENT t=31.9 edge=34126779 lane=0 lane_cmd_state=NONE speed=6.75 target=6.75 dtm=41.1 lead_gap= host_gap=77.78 lead_gap_t1= lead_gap_t2= lead_gap_t3= host_gap_t1=77.78 host_gap_t2=77.78 host_gap_t3=77.78
obu-ramp-back-1        | [31.9] Ramp_Back MCM_TX_REQUEST: manoeuvre=158 target=105
obu-ramp-back-1        | [31.9] Ramp_Back MERGE_DECISION: auth=False phys=True fgok=True lgok=True hgok=True cok=True esok=True cready=True dtm=41.1 past=False committed=False hid=105 ra=None lclear=True hyok=False
obu-ramp-back-1        | [32.0] Ramp_Back MERGE_DECISION: auth=False phys=True fgok=True lgok=True hgok=True cok=True esok=True cready=True dtm=40.4 past=False committed=False hid=105 ra=None lclear=True hyok=False
obu-main-back-left-1   | [32.0] Main_Back_Left MCM_RX_REQUEST: from=112 manoeuvre=158 target=105
obu-main-front-left-1  | [32.1] Main_Front_Left role=cruise state=CRUISE->CRUISE speed=7.50 target=7.50 neighbors=11
obu-ramp-back-1        | [32.1] Ramp_Back MERGE_DECISION: auth=False phys=True fgok=True lgok=True hgok=True cok=True esok=True cready=True dtm=39.7 past=False committed=False hid=105 ra=None lclear=True hyok=False
obu-main-back-left-1   | HOST_RESERVATION_START: host=Main_Back_Left ramp=112 manoeuvre=158 until=36.1 own_speed=7.46 target_speed=6.46 required_speed=6.84 gap_eta=3.82
obu-main-back-left-1   | [32.1] Main_Back_Left HOST_RESERVED: merge=112 manoeuvre=158 until=36.1 target_spd=6.46
obu-main-back-left-1   | [32.1] Main_Back_Left HOST_YIELD: for merge=112 req_spd=6.46
obu-main-back-left-1   | HOST_REQUEST_DECISION: host=Main_Back_Left ramp=112 manoeuvre=158 decision=ACCEPT reason=YIELDING ramp_eta=5.99 host_eta=9.81 required_speed=6.84 current_speed=7.46 active_request_ramp=112 active_request_remaining=4.0 ramp_remote_edge=34126779 ramp_remote_lane=0 ramp_remote_fsm=NEGOTIATING
obu-main-back-left-1   | [32.1] Main_Back_Left MCM_TX_ACCEPT: manoeuvre=158 target=112
obu-main-back-left-1   | [32.1] Main_Back_Left role=host state=CRUISE->YIELDING speed=7.46 target=6.46 neighbors=11
obu-main-back-right-1  | [32.2] Main_Back_Right role=lead state=CRUISE->CRUISE speed=4.96 target=7.50 neighbors=11
obu-main-back-left-1   | HOST_RESERVATION_HOLD: host=Main_Back_Left ramp=112 manoeuvre=158 remaining=3.9 own_speed=7.46 target_speed=6.46 ramp_fsm=NEGOTIATING ramp_lane_cmd_state=NONE ramp_edge=34126779 ramp_lane=0 ramp_merge_completed=False ramp_merge_committed=False
obu-main-back-left-1   | [32.2] Main_Back_Left HOST_HOLD_YIELD: for merge=112 spd=6.46
obu-ramp-back-1        | [32.1] Ramp_Back MCM_RX_ACCEPT: from=105 manoeuvre=158 target=112
obu-ramp-back-1        | MCM_REQUEST_RETRY_DIAG: vehicle=Ramp_Back host=105 lead=None manoeuvre=158 retry_count=1 pending_age=0.3 dtm=39.1 own_eta=5.79 host_eta_current=9.921178483023189 host_eta_at_request=9.425359507824897 lead_eta_current=None lead_eta_at_request=None last_response_action=2 last_response_age=0.10000000000000142 host_remote_fsm=CRUISE host_remote_edge=:1487416310_0 host_remote_lane=0 host_remote_merge_committed=False host_remote_merge_completed=False host_remote_active_merge_request=False host_remote_active_station_id=None host_remote_active_manoeuvre_id=None host_remote_active_remaining_s=0.0
obu-ramp-back-1        | MERGE_SLOT_QUALITY_DIAG: vehicle=Ramp_Back event=REQUEST_RETRY t=32.2 manoeuvre=158 source=retry_request lead=None host=105 own_eta=5.79 lead_eta=None host_eta=9.92 min_eta=None max_eta=8.42 desired_eta=5.79 gap_possible=True dtm=39.1 edge=34126779 lane=0 speed=6.75 lead_speed=None host_speed=7.45 lead_gap=None host_gap=83.27 lead_gap_t1=None lead_gap_t2=None lead_gap_t3=None host_gap_t1=83.27 host_gap_t2=83.27 host_gap_t3=83.27 rel_to_lead=None rel_to_host=-0.70 lead_lat=None host_lat=65.49 pending=True accepted=False authorized=False committed=False pending_age=0.30 accepted_age=None lane_cmd_state=NONE lane_cmd_target=None
obu-ramp-back-1        | [32.2] Ramp_Back MCM_TX_REQUEST: manoeuvre=158 target=105
obu-ramp-back-1        | MERGE_ATTEMPT_TIMELINE: vehicle=Ramp_Back manoeuvre=158 host=105 lead=None event=ACCEPT_MATCHED t=32.2 edge=34126779 lane=0 lane_cmd_state=NONE speed=6.75 target=6.75 dtm=39.1 lead_gap= host_gap=83.27 lead_gap_t1= lead_gap_t2= lead_gap_t3= host_gap_t1=83.27 host_gap_t2=83.27 host_gap_t3=83.27
obu-ramp-back-1        | MERGE_SLOT_QUALITY_DIAG: vehicle=Ramp_Back event=ACCEPT_MATCHED t=32.2 manoeuvre=158 source=accept_matched lead=None host=105 own_eta=5.79 lead_eta=None host_eta=9.92 min_eta=None max_eta=8.42 desired_eta=5.79 gap_possible=True dtm=39.1 edge=34126779 lane=0 speed=6.75 lead_speed=None host_speed=7.45 lead_gap=None host_gap=83.27 lead_gap_t1=None lead_gap_t2=None lead_gap_t3=None host_gap_t1=83.27 host_gap_t2=83.27 host_gap_t3=83.27 rel_to_lead=None rel_to_host=-0.70 lead_lat=None host_lat=65.49 pending=True accepted=False authorized=False committed=False pending_age=0.30 accepted_age=None lane_cmd_state=NONE lane_cmd_target=None
obu-ramp-back-1        | [32.2] Ramp_Back MCM_ACCEPT_MATCHED: host=105 manoeuvre=158
obu-main-back-left-1   | [32.3] Main_Back_Left MCM_RX_REQUEST: from=112 manoeuvre=158 target=105
obu-ramp-merge-5-1     | [32.4] Ramp_Merge_5 MERGE_PREPARE_WAIT_LANE_AVAILABLE: edge=34126779 lane=0 target_lane=1 lane_count=1 executable=False dtm=8.7 speed=4.34 host=None lead=106
obu-ramp-merge-5-1     | MERGE_WAIT_EDGE_ROLLING_FLOOR: vehicle=Ramp_Merge_5 waited_s=10.6 edge=34126779 lane=0 target_lane=1 lane_count=1 speed=4.34 target=4.34 floor=3.38 dtm=8.7 lead=106
obu-main-back-left-1   | HOST_RESERVATION_HOLD: host=Main_Back_Left ramp=112 manoeuvre=158 remaining=3.6 own_speed=7.36 target_speed=6.46 ramp_fsm=NEGOTIATING ramp_lane_cmd_state=NONE ramp_edge=34126779 ramp_lane=0 ramp_merge_completed=False ramp_merge_committed=False
obu-main-back-left-1   | [32.5] Main_Back_Left HOST_HOLD_YIELD: for merge=112 spd=6.46
obu-main-back-left-1   | [32.5] Main_Back_Left MCM_TX_ACCEPT: manoeuvre=158 target=112
obu-merge-car-1        | [32.4] Merge_Car role=cruise state=CRUISE->CRUISE speed=7.50 target=7.50 neighbors=11
obu-host-car-1         | [32.5] Host_Car role=cruise state=CRUISE->CRUISE speed=7.49 target=7.50 neighbors=11
obu-ramp-back-1        | [32.4] Ramp_Back MCM_RX_ACCEPT: from=105 manoeuvre=158 target=112
obu-ramp-back-1        | MERGE_ATTEMPT_TIMELINE: vehicle=Ramp_Back manoeuvre=158 host=105 lead=None event=AUTHORIZED t=32.5 edge=34126779 lane=0 lane_cmd_state=NONE speed=6.73 target=6.75 dtm=37.1 lead_gap= host_gap=87.54 lead_gap_t1= lead_gap_t2= lead_gap_t3= host_gap_t1=87.54 host_gap_t2=87.54 host_gap_t3=87.54
obu-ramp-back-1        | MERGE_SLOT_QUALITY_DIAG: vehicle=Ramp_Back event=AUTHORIZED t=32.5 manoeuvre=158 source=pending_request lead=None host=105 own_eta=5.51 lead_eta=None host_eta=10.88 min_eta=None max_eta=9.38 desired_eta=5.51 gap_possible=True dtm=37.1 edge=34126779 lane=0 speed=6.73 lead_speed=None host_speed=7.00 lead_gap=None host_gap=87.54 lead_gap_t1=None lead_gap_t2=None lead_gap_t3=None host_gap_t1=87.54 host_gap_t2=87.54 host_gap_t3=87.54 rel_to_lead=None rel_to_host=-0.27 lead_lat=None host_lat=60.20 pending=True accepted=True authorized=True committed=False pending_age=0.60 accepted_age=0.00 lane_cmd_state=NONE lane_cmd_target=None
obu-ramp-back-1        | [32.5] Ramp_Back MERGE_AUTHORIZED_BY_MCM: host=105 manoeuvre=158
obu-ramp-back-1        | [32.5] Ramp_Back MERGE_DECISION: auth=True phys=True fgok=True lgok=True hgok=True cok=True esok=True cready=True dtm=37.1 past=False committed=False hid=105 ra=2 lclear=True hyok=True
obu-ramp-back-1        | [32.5] Ramp_Back MERGE_PREPARE_WAIT_LANE_AVAILABLE: edge=None lane=None target_lane=None lane_count=None executable=None dtm=37.1 speed=6.73 host=105 lead=None
obu-main-back-left-1   | HOST_RESERVATION_HOLD: host=Main_Back_Left ramp=112 manoeuvre=158 remaining=3.5 own_speed=7.32 target_speed=6.46 ramp_fsm=NEGOTIATING ramp_lane_cmd_state=NONE ramp_edge=34126779 ramp_lane=0 ramp_merge_completed=False ramp_merge_committed=False
obu-main-back-left-1   | [32.6] Main_Back_Left HOST_HOLD_YIELD: for merge=112 spd=6.46
obu-ramp-back-1        | [32.6] Ramp_Back role=merge state=NEGOTIATING->NEGOTIATING speed=6.71 target=6.75 neighbors=11
obu-ramp-back-1        | [32.7] Ramp_Back MERGE_LANE_WAIT_EDGE_CONFIRMED: edge=34126779 lane=0 target_lane=1 lane_count=1 executable=False
obu-ramp-merge-5-1     | [32.7] Ramp_Merge_5 role=merge state=NEGOTIATING->NEGOTIATING speed=4.34 target=4.34 neighbors=11
obu-ramp-back-1        | [32.7] Ramp_Back MERGE_PREPARE_WAIT_LANE_AVAILABLE: edge=34126779 lane=0 target_lane=1 lane_count=1 executable=False dtm=35.8 speed=6.70 host=105 lead=None
obu-ramp-back-1        | MERGE_ATTEMPT_TIMELINE: vehicle=Ramp_Back manoeuvre=158 host=105 lead=None event=WAIT_EDGE t=32.7 edge=34126779 lane=0 lane_cmd_state=WAIT_EDGE speed=6.70 target=6.75 dtm=35.8 lead_gap= host_gap=87.31 lead_gap_t1= lead_gap_t2= lead_gap_t3= host_gap_t1=87.31 host_gap_t2=87.31 host_gap_t3=87.31
obu-main-mid-right-1   | [32.7] Main_Mid_Right role=cruise state=CRUISE->CRUISE speed=7.50 target=7.50 neighbors=11
obu-ramp-merge-2-1     | [32.7] Ramp_Merge_2 role=cruise state=CRUISE->CRUISE speed=7.30 target=7.50 neighbors=11
obu-main-back-left-1   | HOST_RESERVATION_EXTEND_UNTIL_CLEAR: host=Main_Back_Left ramp=112 manoeuvre=158 new_remaining=4.0 ramp_lcs=NONE ramp_edge=34126779
obu-ramp-merge-4-1     | [32.7] Ramp_Merge_4 role=merge state=MERGING->MERGING speed=5.72 target=6.75 neighbors=11
obu-main-back-left-1   | HOST_RESERVATION_HOLD: host=Main_Back_Left ramp=112 manoeuvre=158 remaining=4.0 own_speed=7.27 target_speed=6.46 ramp_fsm=NEGOTIATING ramp_lane_cmd_state=NONE ramp_edge=34126779 ramp_lane=0 ramp_merge_completed=False ramp_merge_committed=True
obu-main-back-left-1   | [32.7] Main_Back_Left HOST_HOLD_YIELD: for merge=112 spd=6.46
obu-ramp-merge-3-1     | [32.7] Ramp_Merge_3 role=cruise state=CRUISE->CRUISE speed=6.98 target=7.50 neighbors=11
obu-lead-car-1         | [32.7] Lead_Car role=cruise state=CRUISE->CRUISE speed=7.50 target=7.50 neighbors=11
obu-main-back-left-1   | HOST_RESERVATION_EXTEND_UNTIL_CLEAR: host=Main_Back_Left ramp=112 manoeuvre=158 new_remaining=4.0 ramp_lcs=WAIT_EDGE ramp_edge=34126779
obu-main-back-left-1   | HOST_RESERVATION_HOLD: host=Main_Back_Left ramp=112 manoeuvre=158 remaining=4.0 own_speed=7.19 target_speed=6.46 ramp_fsm=NEGOTIATING ramp_lane_cmd_state=WAIT_EDGE ramp_edge=34126779 ramp_lane=0 ramp_merge_completed=False ramp_merge_committed=True
obu-main-back-left-1   | [32.9] Main_Back_Left HOST_HOLD_YIELD: for merge=112 spd=6.46
obu-main-back-left-1   | [32.9] Main_Back_Left MCM_TX_ACCEPT: manoeuvre=158 target=112
obu-main-back-left-1   | HOST_RESERVATION_EXTEND_UNTIL_CLEAR: host=Main_Back_Left ramp=112 manoeuvre=158 new_remaining=4.0 ramp_lcs=WAIT_EDGE ramp_edge=34126779
obu-main-back-left-1   | HOST_RESERVATION_HOLD: host=Main_Back_Left ramp=112 manoeuvre=158 remaining=4.0 own_speed=7.16 target_speed=6.46 ramp_fsm=NEGOTIATING ramp_lane_cmd_state=WAIT_EDGE ramp_edge=34126779 ramp_lane=0 ramp_merge_completed=False ramp_merge_committed=True
obu-main-back-left-1   | [33.0] Main_Back_Left HOST_HOLD_YIELD: for merge=112 spd=6.46
obu-ramp-back-1        | [33.0] Ramp_Back MCM_RX_ACCEPT: from=105 manoeuvre=158 target=112
obu-main-front-left-1  | [33.1] Main_Front_Left role=cruise state=CRUISE->CRUISE speed=7.50 target=7.50 neighbors=11
obu-main-back-left-1   | HOST_RESERVATION_EXTEND_UNTIL_CLEAR: host=Main_Back_Left ramp=112 manoeuvre=158 new_remaining=4.0 ramp_lcs=WAIT_EDGE ramp_edge=34126779
obu-main-back-left-1   | HOST_RESERVATION_HOLD: host=Main_Back_Left ramp=112 manoeuvre=158 remaining=4.0 own_speed=7.12 target_speed=6.46 ramp_fsm=NEGOTIATING ramp_lane_cmd_state=WAIT_EDGE ramp_edge=34126779 ramp_lane=0 ramp_merge_completed=False ramp_merge_committed=True
obu-main-back-left-1   | [33.1] Main_Back_Left HOST_HOLD_YIELD: for merge=112 spd=6.46
obu-main-back-left-1   | [33.1] Main_Back_Left role=host state=YIELDING->YIELDING speed=7.12 target=6.46 neighbors=11
obu-main-back-right-1  | [33.2] Main_Back_Right role=cruise state=CRUISE->CRUISE speed=5.98 target=7.50 neighbors=11
obu-main-back-left-1   | HOST_RESERVATION_EXTEND_UNTIL_CLEAR: host=Main_Back_Left ramp=112 manoeuvre=158 new_remaining=4.0 ramp_lcs=WAIT_EDGE ramp_edge=34126779
obu-main-back-left-1   | HOST_RESERVATION_HOLD: host=Main_Back_Left ramp=112 manoeuvre=158 remaining=4.0 own_speed=7.09 target_speed=6.46 ramp_fsm=NEGOTIATING ramp_lane_cmd_state=WAIT_EDGE ramp_edge=34126779 ramp_lane=0 ramp_merge_completed=False ramp_merge_committed=True
obu-main-back-left-1   | [33.2] Main_Back_Left HOST_HOLD_YIELD: for merge=112 spd=6.46
obu-main-back-left-1   | [33.2] Main_Back_Left MCM_TX_ACCEPT: manoeuvre=158 target=112
obu-ramp-back-1        | [33.2] Ramp_Back MCM_RX_ACCEPT: from=105 manoeuvre=158 target=112
obu-ramp-merge-5-1     | [33.4] Ramp_Merge_5 MERGE_PREPARE_WAIT_LANE_AVAILABLE: edge=34126779 lane=0 target_lane=1 lane_count=1 executable=False dtm=5.6 speed=4.34 host=None lead=106
obu-ramp-merge-5-1     | MERGE_WAIT_EDGE_ROLLING_FLOOR: vehicle=Ramp_Merge_5 waited_s=11.6 edge=34126779 lane=0 target_lane=1 lane_count=1 speed=4.34 target=4.34 floor=3.38 dtm=5.6 lead=106
obu-merge-car-1        | [33.4] Merge_Car role=cruise state=CRUISE->CRUISE speed=7.50 target=7.50 neighbors=11
obu-main-back-left-1   | HOST_RESERVATION_EXTEND_UNTIL_CLEAR: host=Main_Back_Left ramp=112 manoeuvre=158 new_remaining=4.0 ramp_lcs=WAIT_EDGE ramp_edge=34126779
obu-main-back-left-1   | HOST_RESERVATION_HOLD: host=Main_Back_Left ramp=112 manoeuvre=158 remaining=4.0 own_speed=7.00 target_speed=6.46 ramp_fsm=NEGOTIATING ramp_lane_cmd_state=WAIT_EDGE ramp_edge=34126779 ramp_lane=0 ramp_merge_completed=False ramp_merge_committed=True
obu-main-back-left-1   | [33.5] Main_Back_Left HOST_HOLD_YIELD: for merge=112 spd=6.46
obu-main-back-left-1   | [33.5] Main_Back_Left MCM_TX_ACCEPT: manoeuvre=158 target=112
obu-host-car-1         | [33.5] Host_Car role=cruise state=CRUISE->CRUISE speed=7.50 target=7.50 neighbors=11
obu-ramp-back-1        | [33.4] Ramp_Back MCM_RX_ACCEPT: from=105 manoeuvre=158 target=112
obu-main-back-left-1   | HOST_RESERVATION_EXTEND_UNTIL_CLEAR: host=Main_Back_Left ramp=112 manoeuvre=158 new_remaining=4.0 ramp_lcs=WAIT_EDGE ramp_edge=34126779
obu-main-back-left-1   | HOST_RESERVATION_HOLD: host=Main_Back_Left ramp=112 manoeuvre=158 remaining=4.0 own_speed=6.97 target_speed=6.46 ramp_fsm=NEGOTIATING ramp_lane_cmd_state=WAIT_EDGE ramp_edge=34126779 ramp_lane=0 ramp_merge_completed=False ramp_merge_committed=True
obu-main-back-left-1   | [33.6] Main_Back_Left HOST_HOLD_YIELD: for merge=112 spd=6.46
obu-ramp-back-1        | [33.6] Ramp_Back role=merge state=NEGOTIATING->NEGOTIATING speed=6.72 target=6.75 neighbors=11
obu-lead-car-1         | [33.7] Lead_Car role=cruise state=CRUISE->CRUISE speed=7.50 target=7.50 neighbors=11
obu-main-mid-right-1   | [33.7] Main_Mid_Right role=cruise state=CRUISE->CRUISE speed=7.50 target=7.50 neighbors=11
obu-ramp-merge-4-1     | [33.7] Ramp_Merge_4 role=merge state=MERGING->MERGING speed=6.13 target=6.75 neighbors=11
obu-main-back-left-1   | HOST_RESERVATION_EXTEND_UNTIL_CLEAR: host=Main_Back_Left ramp=112 manoeuvre=158 new_remaining=4.0 ramp_lcs=WAIT_EDGE ramp_edge=34126779
obu-main-back-left-1   | HOST_RESERVATION_HOLD: host=Main_Back_Left ramp=112 manoeuvre=158 remaining=4.0 own_speed=6.95 target_speed=6.46 ramp_fsm=NEGOTIATING ramp_lane_cmd_state=WAIT_EDGE ramp_edge=34126779 ramp_lane=0 ramp_merge_completed=False ramp_merge_committed=True
obu-main-back-left-1   | [33.7] Main_Back_Left HOST_HOLD_YIELD: for merge=112 spd=6.46
obu-ramp-back-1        | [33.7] Ramp_Back MERGE_PREPARE_WAIT_LANE_AVAILABLE: edge=34126779 lane=0 target_lane=1 lane_count=1 executable=False dtm=29.3 speed=6.72 host=105 lead=None
obu-ramp-merge-2-1     | [33.7] Ramp_Merge_2 role=cruise state=CRUISE->CRUISE speed=7.38 target=7.50 neighbors=11
obu-ramp-merge-3-1     | [33.7] Ramp_Merge_3 role=cruise state=CRUISE->CRUISE speed=7.19 target=7.50 neighbors=11
obu-ramp-merge-5-1     | [33.7] Ramp_Merge_5 MERGE_LANE_WAIT_EDGE_CONFIRMED: edge=:390064918_0 lane=0 target_lane=1 lane_count=1 executable=False
obu-ramp-merge-5-1     | [33.8] Ramp_Merge_5 MERGE_PREPARE_WAIT_LANE_AVAILABLE: edge=:390064918_0 lane=0 target_lane=1 lane_count=1 executable=False dtm=5.0 speed=4.34 host=None lead=106
obu-ramp-merge-5-1     | [33.8] Ramp_Merge_5 role=merge state=NEGOTIATING->NEGOTIATING speed=4.34 target=4.34 neighbors=11
obu-main-back-left-1   | HOST_RESERVATION_EXTEND_UNTIL_CLEAR: host=Main_Back_Left ramp=112 manoeuvre=158 new_remaining=4.0 ramp_lcs=WAIT_EDGE ramp_edge=34126779
obu-main-back-left-1   | HOST_RESERVATION_HOLD: host=Main_Back_Left ramp=112 manoeuvre=158 remaining=4.0 own_speed=6.90 target_speed=6.46 ramp_fsm=NEGOTIATING ramp_lane_cmd_state=WAIT_EDGE ramp_edge=34126779 ramp_lane=0 ramp_merge_completed=False ramp_merge_committed=True
obu-main-back-left-1   | [33.9] Main_Back_Left HOST_HOLD_YIELD: for merge=112 spd=6.46
obu-main-back-left-1   | [33.9] Main_Back_Left MCM_TX_ACCEPT: manoeuvre=158 target=112
obu-main-back-left-1   | HOST_RESERVATION_EXTEND_UNTIL_CLEAR: host=Main_Back_Left ramp=112 manoeuvre=158 new_remaining=4.0 ramp_lcs=WAIT_EDGE ramp_edge=34126779
obu-main-back-left-1   | HOST_RESERVATION_HOLD: host=Main_Back_Left ramp=112 manoeuvre=158 remaining=4.0 own_speed=6.88 target_speed=6.46 ramp_fsm=NEGOTIATING ramp_lane_cmd_state=WAIT_EDGE ramp_edge=34126779 ramp_lane=0 ramp_merge_completed=False ramp_merge_committed=True
obu-main-back-left-1   | [34.0] Main_Back_Left HOST_HOLD_YIELD: for merge=112 spd=6.46
traci-bridge-1         | LANE_CMD_STATE veh=Ramp_Merge_5 edge=34126779 lane=0 target=1 lane_count=1 recently=False speed=4.34
traci-bridge-1         | LANE_CMD_WAIT_EDGE veh=Ramp_Merge_5 edge=34126779 lane=0 target=1 lane_count=1
traci-bridge-1         | LANE_CMD_STATE veh=Ramp_Merge_4 edge=1331698336 lane=0 target=1 lane_count=3 recently=True speed=5.28
traci-bridge-1         | LANE_CMD_STATE veh=Ramp_Merge_5 edge=34126779 lane=0 target=1 lane_count=1 recently=False speed=4.34
traci-bridge-1         | LANE_CMD_WAIT_EDGE veh=Ramp_Merge_5 edge=34126779 lane=0 target=1 lane_count=1
traci-bridge-1         | LANE_CMD_STATE veh=Ramp_Merge_4 edge=1331698336 lane=0 target=1 lane_count=3 recently=True speed=5.35
traci-bridge-1         | LANE_CMD_STATE veh=Ramp_Merge_5 edge=34126779 lane=0 target=1 lane_count=1 recently=False speed=4.34
traci-bridge-1         | LANE_CMD_WAIT_EDGE veh=Ramp_Merge_5 edge=34126779 lane=0 target=1 lane_count=1
traci-bridge-1         | LANE_CMD_STATE veh=Ramp_Merge_4 edge=1331698336 lane=0 target=1 lane_count=3 recently=True speed=5.42
traci-bridge-1         | LANE_CMD_STATE veh=Ramp_Merge_5 edge=34126779 lane=0 target=1 lane_count=1 recently=False speed=4.34
traci-bridge-1         | LANE_CMD_WAIT_EDGE veh=Ramp_Merge_5 edge=34126779 lane=0 target=1 lane_count=1
traci-bridge-1         | LANE_CMD_STATE veh=Ramp_Merge_4 edge=1331698336 lane=0 target=1 lane_count=3 recently=True speed=5.49
traci-bridge-1         | LANE_CMD_STATE veh=Ramp_Merge_5 edge=34126779 lane=0 target=1 lane_count=1 recently=False speed=4.34
traci-bridge-1         | LANE_CMD_WAIT_EDGE veh=Ramp_Merge_5 edge=34126779 lane=0 target=1 lane_count=1
traci-bridge-1         | LANE_CMD_STATE veh=Ramp_Merge_4 edge=1331698336 lane=0 target=1 lane_count=3 recently=True speed=5.55
traci-bridge-1         | LANE_CMD_STATE veh=Ramp_Merge_5 edge=34126779 lane=0 target=1 lane_count=1 recently=False speed=4.34
traci-bridge-1         | LANE_CMD_WAIT_EDGE veh=Ramp_Merge_5 edge=34126779 lane=0 target=1 lane_count=1
traci-bridge-1         | LANE_CMD_STATE veh=Ramp_Merge_4 edge=1331698336 lane=0 target=1 lane_count=3 recently=True speed=5.61
traci-bridge-1         | LANE_CMD_STATE veh=Ramp_Merge_5 edge=34126779 lane=0 target=1 lane_count=1 recently=False speed=4.34
traci-bridge-1         | LANE_CMD_WAIT_EDGE veh=Ramp_Merge_5 edge=34126779 lane=0 target=1 lane_count=1
traci-bridge-1         | LANE_CMD_STATE veh=Ramp_Merge_4 edge=1331698336 lane=0 target=1 lane_count=3 recently=True speed=5.67
traci-bridge-1         | LANE_CMD_STATE veh=Ramp_Merge_5 edge=34126779 lane=0 target=1 lane_count=1 recently=False speed=4.34
traci-bridge-1         | LANE_CMD_WAIT_EDGE veh=Ramp_Merge_5 edge=34126779 lane=0 target=1 lane_count=1
traci-bridge-1         | LANE_CMD_STATE veh=Ramp_Merge_4 edge=1331698336 lane=0 target=1 lane_count=3 recently=True speed=5.72
traci-bridge-1         | LANE_CMD_STATE veh=Ramp_Merge_5 edge=34126779 lane=0 target=1 lane_count=1 recently=False speed=4.34
traci-bridge-1         | LANE_CMD_WAIT_EDGE veh=Ramp_Merge_5 edge=34126779 lane=0 target=1 lane_count=1
traci-bridge-1         | LANE_CMD_STATE veh=Ramp_Back edge=34126779 lane=0 target=1 lane_count=1 recently=False speed=6.70
traci-bridge-1         | LANE_CMD_WAIT_EDGE veh=Ramp_Back edge=34126779 lane=0 target=1 lane_count=1
traci-bridge-1         | LANE_CMD_STATE veh=Ramp_Merge_4 edge=1331698336 lane=0 target=1 lane_count=3 recently=True speed=5.77
traci-bridge-1         | LANE_CMD_STATE veh=Ramp_Merge_5 edge=34126779 lane=0 target=1 lane_count=1 recently=False speed=4.34
traci-bridge-1         | LANE_CMD_WAIT_EDGE veh=Ramp_Merge_5 edge=34126779 lane=0 target=1 lane_count=1
traci-bridge-1         | LANE_CMD_STATE veh=Ramp_Back edge=34126779 lane=0 target=1 lane_count=1 recently=False speed=6.70
traci-bridge-1         | LANE_CMD_WAIT_EDGE veh=Ramp_Back edge=34126779 lane=0 target=1 lane_count=1
traci-bridge-1         | LANE_CMD_STATE veh=Ramp_Merge_4 edge=1331698336 lane=0 target=1 lane_count=3 recently=True speed=5.82
traci-bridge-1         | LANE_CMD_STATE veh=Ramp_Merge_5 edge=34126779 lane=0 target=1 lane_count=1 recently=False speed=4.34
traci-bridge-1         | LANE_CMD_WAIT_EDGE veh=Ramp_Merge_5 edge=34126779 lane=0 target=1 lane_count=1
traci-bridge-1         | LANE_CMD_STATE veh=Ramp_Back edge=34126779 lane=0 target=1 lane_count=1 recently=False speed=6.70
traci-bridge-1         | LANE_CMD_WAIT_EDGE veh=Ramp_Back edge=34126779 lane=0 target=1 lane_count=1
traci-bridge-1         | LANE_CMD_STATE veh=Ramp_Merge_4 edge=1331698336 lane=0 target=1 lane_count=3 recently=True speed=5.87
traci-bridge-1         | LANE_CMD_STATE veh=Ramp_Merge_5 edge=34126779 lane=0 target=1 lane_count=1 recently=False speed=4.34
traci-bridge-1         | LANE_CMD_WAIT_EDGE veh=Ramp_Merge_5 edge=34126779 lane=0 target=1 lane_count=1
traci-bridge-1         | LANE_CMD_STATE veh=Ramp_Back edge=34126779 lane=0 target=1 lane_count=1 recently=False speed=6.70
traci-bridge-1         | LANE_CMD_WAIT_EDGE veh=Ramp_Back edge=34126779 lane=0 target=1 lane_count=1
traci-bridge-1         | LANE_CMD_STATE veh=Ramp_Merge_4 edge=1331698336 lane=0 target=1 lane_count=3 recently=True speed=5.91
traci-bridge-1         | LANE_CMD_STATE veh=Ramp_Merge_5 edge=34126779 lane=0 target=1 lane_count=1 recently=False speed=4.34
traci-bridge-1         | LANE_CMD_WAIT_EDGE veh=Ramp_Merge_5 edge=34126779 lane=0 target=1 lane_count=1
traci-bridge-1         | LANE_CMD_STATE veh=Ramp_Back edge=34126779 lane=0 target=1 lane_count=1 recently=False speed=6.71
traci-bridge-1         | LANE_CMD_WAIT_EDGE veh=Ramp_Back edge=34126779 lane=0 target=1 lane_count=1
traci-bridge-1         | LANE_CMD_STATE veh=Ramp_Merge_4 edge=1331698336 lane=0 target=1 lane_count=3 recently=True speed=5.95
traci-bridge-1         | LANE_CMD_STATE veh=Ramp_Merge_5 edge=34126779 lane=0 target=1 lane_count=1 recently=False speed=4.34
traci-bridge-1         | LANE_CMD_WAIT_EDGE veh=Ramp_Merge_5 edge=34126779 lane=0 target=1 lane_count=1
traci-bridge-1         | LANE_CMD_STATE veh=Ramp_Back edge=34126779 lane=0 target=1 lane_count=1 recently=False speed=6.71
traci-bridge-1         | LANE_CMD_WAIT_EDGE veh=Ramp_Back edge=34126779 lane=0 target=1 lane_count=1
traci-bridge-1         | LANE_CMD_STATE veh=Ramp_Merge_4 edge=1331698336 lane=0 target=1 lane_count=3 recently=True speed=5.99
traci-bridge-1         | LANE_CMD_STATE veh=Ramp_Merge_5 edge=34126779 lane=0 target=1 lane_count=1 recently=False speed=4.34
traci-bridge-1         | LANE_CMD_WAIT_EDGE veh=Ramp_Merge_5 edge=34126779 lane=0 target=1 lane_count=1
traci-bridge-1         | LANE_CMD_STATE veh=Ramp_Back edge=34126779 lane=0 target=1 lane_count=1 recently=False speed=6.71
traci-bridge-1         | LANE_CMD_WAIT_EDGE veh=Ramp_Back edge=34126779 lane=0 target=1 lane_count=1
traci-bridge-1         | LANE_CMD_STATE veh=Ramp_Merge_4 edge=1331698336 lane=0 target=1 lane_count=3 recently=True speed=6.03
traci-bridge-1         | LANE_CMD_STATE veh=Ramp_Merge_5 edge=34126779 lane=0 target=1 lane_count=1 recently=False speed=4.34
traci-bridge-1         | LANE_CMD_WAIT_EDGE veh=Ramp_Merge_5 edge=34126779 lane=0 target=1 lane_count=1
traci-bridge-1         | LANE_CMD_STATE veh=Ramp_Back edge=34126779 lane=0 target=1 lane_count=1 recently=False speed=6.71
traci-bridge-1         | LANE_CMD_WAIT_EDGE veh=Ramp_Back edge=34126779 lane=0 target=1 lane_count=1
traci-bridge-1         | LANE_CMD_STATE veh=Ramp_Merge_4 edge=1331698336 lane=0 target=1 lane_count=3 recently=True speed=6.07
traci-bridge-1         | LANE_CMD_STATE veh=Ramp_Merge_5 edge=34126779 lane=0 target=1 lane_count=1 recently=False speed=4.34
traci-bridge-1         | LANE_CMD_WAIT_EDGE veh=Ramp_Merge_5 edge=34126779 lane=0 target=1 lane_count=1
traci-bridge-1         | LANE_CMD_STATE veh=Ramp_Back edge=34126779 lane=0 target=1 lane_count=1 recently=False speed=6.71
traci-bridge-1         | LANE_CMD_WAIT_EDGE veh=Ramp_Back edge=34126779 lane=0 target=1 lane_count=1
traci-bridge-1         | LANE_CMD_STATE veh=Ramp_Merge_4 edge=1331698336 lane=0 target=1 lane_count=3 recently=True speed=6.10
traci-bridge-1         | LANE_CMD_STATE veh=Ramp_Merge_5 edge=34126779 lane=0 target=1 lane_count=1 recently=False speed=4.34
traci-bridge-1         | LANE_CMD_WAIT_EDGE veh=Ramp_Merge_5 edge=34126779 lane=0 target=1 lane_count=1
traci-bridge-1         | LANE_CMD_STATE veh=Ramp_Back edge=34126779 lane=0 target=1 lane_count=1 recently=False speed=6.72
traci-bridge-1         | LANE_CMD_WAIT_EDGE veh=Ramp_Back edge=34126779 lane=0 target=1 lane_count=1
traci-bridge-1         | LANE_CMD_STATE veh=Ramp_Merge_4 edge=1331698336 lane=0 target=1 lane_count=3 recently=True speed=6.13
traci-bridge-1         | LANE_CMD_STATE veh=Ramp_Merge_5 edge=:390064918_0 lane=0 target=1 lane_count=1 recently=False speed=4.34
traci-bridge-1         | LANE_CMD_WAIT_EDGE veh=Ramp_Merge_5 edge=:390064918_0 lane=0 target=1 lane_count=1
traci-bridge-1         | LANE_CMD_STATE veh=Ramp_Back edge=34126779 lane=0 target=1 lane_count=1 recently=False speed=6.72
traci-bridge-1         | LANE_CMD_WAIT_EDGE veh=Ramp_Back edge=34126779 lane=0 target=1 lane_count=1
traci-bridge-1         | LANE_CMD_STATE veh=Ramp_Merge_4 edge=1331698336 lane=0 target=1 lane_count=3 recently=True speed=6.17
traci-bridge-1         | LANE_CMD_STATE veh=Ramp_Merge_5 edge=:390064918_0 lane=0 target=1 lane_count=1 recently=False speed=4.34
traci-bridge-1         | LANE_CMD_WAIT_EDGE veh=Ramp_Merge_5 edge=:390064918_0 lane=0 target=1 lane_count=1
traci-bridge-1         | LANE_CMD_STATE veh=Ramp_Back edge=34126779 lane=0 target=1 lane_count=1 recently=False speed=6.72
traci-bridge-1         | LANE_CMD_WAIT_EDGE veh=Ramp_Back edge=34126779 lane=0 target=1 lane_count=1
traci-bridge-1         | LANE_CMD_STATE veh=Ramp_Merge_4 edge=1331698336 lane=0 target=1 lane_count=3 recently=True speed=6.19
traci-bridge-1         | LANE_CMD_STATE veh=Ramp_Merge_5 edge=:390064918_0 lane=0 target=1 lane_count=1 recently=False speed=4.34
traci-bridge-1         | LANE_CMD_WAIT_EDGE veh=Ramp_Merge_5 edge=:390064918_0 lane=0 target=1 lane_count=1
traci-bridge-1         | LANE_CMD_STATE veh=Ramp_Back edge=34126779 lane=0 target=1 lane_count=1 recently=False speed=6.72
traci-bridge-1         | LANE_CMD_WAIT_EDGE veh=Ramp_Back edge=34126779 lane=0 target=1 lane_count=1
obu-ramp-back-1        | [34.0] Ramp_Back MCM_RX_ACCEPT: from=105 manoeuvre=158 target=112
obu-ramp-merge-4-1     | MERGE_APPLY_REAR_GUARD_FLOW_PROTECT: vehicle=Ramp_Merge_4 rear=106 host=None speed=6.22 target=6.75 rear_speed=6.49 rear_gap=0.00 rear_gap_t1=0.00 rear_gap_t2=0.00 rear_gap_t3=0.00 rear_closing=0.27 closing_ttc=0.00 lane_cmd_state=APPLY edge=1331698336 lane=0 dtm=20.2
obu-ramp-merge-5-1     | [34.0] Ramp_Merge_5 CAR_FOLLOW: sid=106 edge=:390064918_0 lane=0 leader_edge= leader_lane=None leader_role_hint=main self_merge_completed=False self_merge_completed_age=-1.0 self_merge_committed=True lane_cmd_state=WAIT_EDGE lane_cmd_edge=:390064918_0 lane_cmd_target=1 lane_cmd_executable=False same_lane=False reason=merge_conflict_eta gap=1.6 follow_spd=4.12 emergency=False target_before=4.341105516086074 target_after=4.125 target_after_raw=4.12
obu-main-front-left-1  | [34.1] Main_Front_Left role=cruise state=CRUISE->CRUISE speed=7.50 target=7.50 neighbors=11
obu-ramp-merge-5-1     | [34.1] Ramp_Merge_5 CAR_FOLLOW: sid=106 edge=:390064918_0 lane=0 leader_edge= leader_lane=None leader_role_hint=main self_merge_completed=False self_merge_completed_age=-1.0 self_merge_committed=True lane_cmd_state=WAIT_EDGE lane_cmd_edge=:390064918_0 lane_cmd_target=1 lane_cmd_executable=False same_lane=False reason=merge_conflict_eta gap=1.6 follow_spd=4.12 emergency=False target_before=4.341105516086074 target_after=4.125 target_after_raw=4.12
obu-main-back-left-1   | HOST_RESERVATION_EXTEND_UNTIL_CLEAR: host=Main_Back_Left ramp=112 manoeuvre=158 new_remaining=4.0 ramp_lcs=WAIT_EDGE ramp_edge=34126779
obu-main-back-left-1   | HOST_RESERVATION_HOLD: host=Main_Back_Left ramp=112 manoeuvre=158 remaining=4.0 own_speed=6.85 target_speed=6.46 ramp_fsm=NEGOTIATING ramp_lane_cmd_state=WAIT_EDGE ramp_edge=34126779 ramp_lane=0 ramp_merge_completed=False ramp_merge_committed=True
obu-main-back-left-1   | [34.1] Main_Back_Left HOST_HOLD_YIELD: for merge=112 spd=6.46
obu-main-back-left-1   | [34.1] Main_Back_Left role=host state=YIELDING->YIELDING speed=6.85 target=6.46 neighbors=11
obu-ramp-merge-5-1     | [34.2] Ramp_Merge_5 CAR_FOLLOW: sid=106 edge=:390064918_0 lane=0 leader_edge= leader_lane=None leader_role_hint=main self_merge_completed=False self_merge_completed_age=-1.0 self_merge_committed=True lane_cmd_state=WAIT_EDGE lane_cmd_edge=:390064918_0 lane_cmd_target=1 lane_cmd_executable=False same_lane=False reason=merge_conflict_eta gap=1.6 follow_spd=4.12 emergency=False target_before=4.330300240281771 target_after=4.125 target_after_raw=4.12
obu-main-back-right-1  | [34.2] Main_Back_Right role=cruise state=CRUISE->CRUISE speed=6.59 target=7.50 neighbors=11
obu-main-back-left-1   | HOST_RESERVATION_EXTEND_UNTIL_CLEAR: host=Main_Back_Left ramp=112 manoeuvre=158 new_remaining=4.0 ramp_lcs=WAIT_EDGE ramp_edge=34126779
obu-main-back-left-1   | HOST_RESERVATION_HOLD: host=Main_Back_Left ramp=112 manoeuvre=158 remaining=4.0 own_speed=6.84 target_speed=6.46 ramp_fsm=NEGOTIATING ramp_lane_cmd_state=WAIT_EDGE ramp_edge=34126779 ramp_lane=0 ramp_merge_completed=False ramp_merge_committed=True
obu-main-back-left-1   | [34.2] Main_Back_Left HOST_HOLD_YIELD: for merge=112 spd=6.46
obu-main-back-left-1   | [34.2] Main_Back_Left MCM_TX_ACCEPT: manoeuvre=158 target=112
obu-ramp-back-1        | [34.2] Ramp_Back MCM_RX_ACCEPT: from=105 manoeuvre=158 target=112
obu-ramp-merge-5-1     | [34.4] Ramp_Merge_5 MERGE_LANE_APPLY_CONFIRMED: edge=1331698336 lane=0 target_lane=1 lane_count=3 executable=True
obu-main-back-left-1   | HOST_RESERVATION_EXTEND_UNTIL_CLEAR: host=Main_Back_Left ramp=112 manoeuvre=158 new_remaining=4.0 ramp_lcs=WAIT_EDGE ramp_edge=34126779
obu-main-back-left-1   | HOST_RESERVATION_HOLD: host=Main_Back_Left ramp=112 manoeuvre=158 remaining=4.0 own_speed=6.80 target_speed=6.46 ramp_fsm=NEGOTIATING ramp_lane_cmd_state=WAIT_EDGE ramp_edge=34126779 ramp_lane=0 ramp_merge_completed=False ramp_merge_committed=True
obu-main-back-left-1   | [34.4] Main_Back_Left HOST_HOLD_YIELD: for merge=112 spd=6.46
obu-merge-car-1        | [34.4] Merge_Car role=cruise state=CRUISE->CRUISE speed=7.50 target=7.50 neighbors=11
obu-ramp-merge-5-1     | [34.4] Ramp_Merge_5 MERGE_PHYSICAL_START_DELAYED_UNTIL_LANE_APPLY: waited_s=12.6 edge=1331698336 lane=0 target_lane=1 lane_count=3 lane_cmd_state=APPLY executable=True dtm=5.1 speed=4.31 reason=apply_seen
obu-ramp-merge-5-1     | [34.4] Ramp_Merge_5 MERGE_START_GAP_DIAG: event=apply_seen lead=106 host=None lead_eta=2.9261007641637544 own_eta=1.1773598602221054 host_eta=None lead_gap=13.142481683758128 host_gap=None lead_gap_p1=13.142481683758128 lead_gap_p2=13.142481683758128 lead_gap_p3=13.142481683758128 host_gap_p1=None host_gap_p2=None host_gap_p3=None rel_to_lead=-2.2697165331457025 rel_to_host=None lead_lat=2.520198336058878 host_lat=None edge=1331698336 lane=0 lane_cmd_state=APPLY lane_cmd_edge=1331698336 lane_cmd_target=1 lane_cmd_executable=True dtm=5.1 speed=4.31
obu-ramp-merge-5-1     | MERGE_ATTEMPT_TIMELINE: vehicle=Ramp_Merge_5 manoeuvre=None host=None lead=106 event=PHYSICAL_START t=34.4 edge=1331698336 lane=0 lane_cmd_state=APPLY speed=4.31 target=6.75 dtm=5.1 lead_gap=13.14 host_gap= lead_gap_t1=13.14 lead_gap_t2=13.14 lead_gap_t3=13.14 host_gap_t1= host_gap_t2= host_gap_t3=
obu-ramp-merge-5-1     | [34.4] Ramp_Merge_5 MERGE_PHYSICAL_START: host=None manoeuvre=0
obu-ramp-merge-5-1     | [34.4] Ramp_Merge_5 MERGING!
obu-ramp-merge-5-1     | MERGE_ATTEMPT_TIMELINE: vehicle=Ramp_Merge_5 manoeuvre=None host=None lead=106 event=APPLY t=34.4 edge=1331698336 lane=0 lane_cmd_state=APPLY speed=4.31 target=6.75 dtm=5.1 lead_gap=13.14 host_gap= lead_gap_t1=13.14 lead_gap_t2=13.14 lead_gap_t3=13.14 host_gap_t1= host_gap_t2= host_gap_t3=
obu-ramp-merge-5-1     | [34.4] Ramp_Merge_5 MERGE_COMMIT_LANE_APPLY_ACTIVE: edge=1331698336 lane=0 target_lane=1 lane_count=3 executable=True speed=4.31 dtm=5.1
obu-ramp-merge-5-1     | MERGE_ATTEMPT_TIMELINE: vehicle=Ramp_Merge_5 manoeuvre=None host=None lead=106 event=CLEAR t=34.5 edge=1331698336 lane=1 lane_cmd_state=CLEAR speed=4.30 target=6.75 dtm=2.6 lead_gap=10.07 host_gap= lead_gap_t1=10.07 lead_gap_t2=10.07 lead_gap_t3=10.07 host_gap_t1= host_gap_t2= host_gap_t3=
obu-ramp-merge-5-1     | [34.5] Ramp_Merge_5 MERGE_LANE_CLEAR_CONFIRMED: edge=1331698336 lane=1 target_lane=1 lane_count=3 executable=False
obu-ramp-merge-5-1     | MERGE_ATTEMPT_TIMELINE: vehicle=Ramp_Merge_5 manoeuvre=None host=None lead=106 event=COMPLETED t=34.5 edge=1331698336 lane=1 lane_cmd_state=CLEAR speed=4.30 target=6.75 dtm=2.6 lead_gap=10.07 host_gap= lead_gap_t1=10.07 lead_gap_t2=10.07 lead_gap_t3=10.07 host_gap_t1= host_gap_t2= host_gap_t3=
obu-ramp-merge-5-1     | [34.5] Ramp_Merge_5 MERGE_COMPLETED: eid=1331698336 lane=1 clean=True
obu-ramp-merge-4-1     | MERGE_APPLY_REAR_GUARD_FLOW_PROTECT: vehicle=Ramp_Merge_4 rear=106 host=None speed=6.34 target=6.75 rear_speed=6.67 rear_gap=0.00 rear_gap_t1=0.00 rear_gap_t2=0.00 rear_gap_t3=0.00 rear_closing=0.33 closing_ttc=0.00 lane_cmd_state=APPLY edge=1331698336 lane=0 dtm=23.3
obu-main-back-left-1   | HOST_RESERVATION_EXTEND_UNTIL_CLEAR: host=Main_Back_Left ramp=112 manoeuvre=158 new_remaining=4.0 ramp_lcs=WAIT_EDGE ramp_edge=34126779
obu-main-back-left-1   | HOST_RESERVATION_HOLD: host=Main_Back_Left ramp=112 manoeuvre=158 remaining=4.0 own_speed=6.76 target_speed=6.46 ramp_fsm=NEGOTIATING ramp_lane_cmd_state=WAIT_EDGE ramp_edge=34126779 ramp_lane=0 ramp_merge_completed=False ramp_merge_committed=True
obu-main-back-left-1   | [34.6] Main_Back_Left HOST_HOLD_YIELD: for merge=112 spd=6.46
obu-main-back-left-1   | [34.6] Main_Back_Left MCM_TX_ACCEPT: manoeuvre=158 target=112
obu-host-car-1         | [34.6] Host_Car role=cruise state=CRUISE->CRUISE speed=7.50 target=7.50 neighbors=11
obu-main-mid-right-1   | [34.7] Main_Mid_Right role=cruise state=CRUISE->CRUISE speed=7.50 target=7.50 neighbors=11
obu-ramp-back-1        | [34.7] Ramp_Back MERGE_PREPARE_WAIT_LANE_AVAILABLE: edge=34126779 lane=0 target_lane=1 lane_count=1 executable=False dtm=22.6 speed=6.73 host=105 lead=None
obu-ramp-back-1        | [34.7] Ramp_Back role=merge state=NEGOTIATING->NEGOTIATING speed=6.73 target=6.75 neighbors=11
obu-ramp-merge-2-1     | [34.7] Ramp_Merge_2 role=cruise state=CRUISE->CRUISE speed=7.43 target=7.50 neighbors=11
obu-lead-car-1         | [34.7] Lead_Car role=cruise state=CRUISE->CRUISE speed=7.50 target=7.50 neighbors=11
obu-ramp-back-1        | [34.7] Ramp_Back MCM_RX_ACCEPT: from=105 manoeuvre=158 target=112
obu-ramp-merge-3-1     | [34.7] Ramp_Merge_3 role=cruise state=CRUISE->CRUISE speed=7.31 target=7.50 neighbors=11
obu-main-back-left-1   | HOST_RESERVATION_EXTEND_UNTIL_CLEAR: host=Main_Back_Left ramp=112 manoeuvre=158 new_remaining=4.0 ramp_lcs=WAIT_EDGE ramp_edge=34126779
obu-main-back-left-1   | HOST_RESERVATION_HOLD: host=Main_Back_Left ramp=112 manoeuvre=158 remaining=4.0 own_speed=6.75 target_speed=6.46 ramp_fsm=NEGOTIATING ramp_lane_cmd_state=WAIT_EDGE ramp_edge=34126779 ramp_lane=0 ramp_merge_completed=False ramp_merge_committed=True
obu-main-back-left-1   | [34.7] Main_Back_Left HOST_HOLD_YIELD: for merge=112 spd=6.46
obu-ramp-merge-4-1     | [34.7] Ramp_Merge_4 role=merge state=MERGING->MERGING speed=6.38 target=6.75 neighbors=11
obu-main-back-left-1   | HOST_RESERVATION_EXTEND_UNTIL_CLEAR: host=Main_Back_Left ramp=112 manoeuvre=158 new_remaining=4.0 ramp_lcs=WAIT_EDGE ramp_edge=34126779
obu-main-back-left-1   | HOST_RESERVATION_HOLD: host=Main_Back_Left ramp=112 manoeuvre=158 remaining=4.0 own_speed=6.72 target_speed=6.46 ramp_fsm=NEGOTIATING ramp_lane_cmd_state=WAIT_EDGE ramp_edge=34126779 ramp_lane=0 ramp_merge_completed=False ramp_merge_committed=True
obu-main-back-left-1   | [34.9] Main_Back_Left HOST_HOLD_YIELD: for merge=112 spd=6.46
obu-main-back-left-1   | [34.9] Main_Back_Left MCM_TX_ACCEPT: manoeuvre=158 target=112
obu-ramp-merge-5-1     | [35.0] Ramp_Merge_5 role=host state=CRUISE->CRUISE speed=4.96 target=7.50 neighbors=11
obu-ramp-merge-4-1     | MERGE_APPLY_REAR_GUARD_FLOW_PROTECT: vehicle=Ramp_Merge_4 rear=106 host=None speed=6.43 target=6.75 rear_speed=6.79 rear_gap=0.00 rear_gap_t1=0.00 rear_gap_t2=0.00 rear_gap_t3=0.00 rear_closing=0.36 closing_ttc=0.00 lane_cmd_state=APPLY edge=1331698336 lane=0 dtm=26.4
obu-main-back-left-1   | HOST_RESERVATION_EXTEND_UNTIL_CLEAR: host=Main_Back_Left ramp=112 manoeuvre=158 new_remaining=4.0 ramp_lcs=WAIT_EDGE ramp_edge=34126779
obu-ramp-back-1        | [35.0] Ramp_Back MCM_RX_ACCEPT: from=105 manoeuvre=158 target=112
obu-main-back-left-1   | HOST_RESERVATION_HOLD: host=Main_Back_Left ramp=112 manoeuvre=158 remaining=4.0 own_speed=6.71 target_speed=6.46 ramp_fsm=NEGOTIATING ramp_lane_cmd_state=WAIT_EDGE ramp_edge=34126779 ramp_lane=0 ramp_merge_completed=False ramp_merge_committed=True
obu-main-back-left-1   | [35.0] Main_Back_Left HOST_HOLD_YIELD: for merge=112 spd=6.46
obu-main-front-left-1  | [35.1] Main_Front_Left role=cruise state=CRUISE->CRUISE speed=7.50 target=7.50 neighbors=11
obu-main-back-left-1   | HOST_RESERVATION_EXTEND_UNTIL_CLEAR: host=Main_Back_Left ramp=112 manoeuvre=158 new_remaining=4.0 ramp_lcs=WAIT_EDGE ramp_edge=34126779
obu-main-back-left-1   | HOST_RESERVATION_HOLD: host=Main_Back_Left ramp=112 manoeuvre=158 remaining=4.0 own_speed=6.70 target_speed=6.46 ramp_fsm=NEGOTIATING ramp_lane_cmd_state=WAIT_EDGE ramp_edge=34126779 ramp_lane=0 ramp_merge_completed=False ramp_merge_committed=True
obu-main-back-left-1   | [35.1] Main_Back_Left HOST_HOLD_YIELD: for merge=112 spd=6.46
obu-main-back-left-1   | [35.1] Main_Back_Left role=host state=YIELDING->YIELDING speed=6.70 target=6.46 neighbors=11
obu-main-back-right-1  | [35.2] Main_Back_Right role=cruise state=CRUISE->CRUISE speed=6.95 target=7.50 neighbors=11
obu-main-back-left-1   | HOST_RESERVATION_EXTEND_UNTIL_CLEAR: host=Main_Back_Left ramp=112 manoeuvre=158 new_remaining=4.0 ramp_lcs=WAIT_EDGE ramp_edge=34126779
obu-main-back-left-1   | HOST_RESERVATION_HOLD: host=Main_Back_Left ramp=112 manoeuvre=158 remaining=4.0 own_speed=6.68 target_speed=6.46 ramp_fsm=NEGOTIATING ramp_lane_cmd_state=WAIT_EDGE ramp_edge=34126779 ramp_lane=0 ramp_merge_completed=False ramp_merge_committed=True
obu-main-back-left-1   | [35.2] Main_Back_Left HOST_HOLD_YIELD: for merge=112 spd=6.46
obu-main-back-left-1   | [35.2] Main_Back_Left MCM_TX_ACCEPT: manoeuvre=158 target=112
obu-ramp-back-1        | [35.1] Ramp_Back MCM_RX_ACCEPT: from=105 manoeuvre=158 target=112
obu-main-back-left-1   | HOST_RESERVATION_EXTEND_UNTIL_CLEAR: host=Main_Back_Left ramp=112 manoeuvre=158 new_remaining=4.0 ramp_lcs=WAIT_EDGE ramp_edge=34126779
obu-main-back-left-1   | HOST_RESERVATION_HOLD: host=Main_Back_Left ramp=112 manoeuvre=158 remaining=4.0 own_speed=6.66 target_speed=6.46 ramp_fsm=NEGOTIATING ramp_lane_cmd_state=WAIT_EDGE ramp_edge=34126779 ramp_lane=0 ramp_merge_completed=False ramp_merge_committed=True
obu-main-back-left-1   | [35.4] Main_Back_Left HOST_HOLD_YIELD: for merge=112 spd=6.46
obu-merge-car-1        | [35.4] Merge_Car role=cruise state=CRUISE->CRUISE speed=7.50 target=7.50 neighbors=11
obu-ramp-merge-4-1     | MERGE_APPLY_REAR_GUARD_FLOW_PROTECT: vehicle=Ramp_Merge_4 rear=106 host=None speed=6.51 target=6.75 rear_speed=6.95 rear_gap=0.00 rear_gap_t1=0.00 rear_gap_t2=0.00 rear_gap_t3=0.00 rear_closing=0.44 closing_ttc=0.00 lane_cmd_state=APPLY edge=1331698336 lane=0 dtm=29.6
obu-ramp-back-1        | [35.5] Ramp_Back FINAL_GUARD: REJECTED sid=111 gap=21.9 ttc_danger=False
obu-ramp-back-1        | [35.5] Ramp_Back MERGE_COMMIT_SAFETY_HOLD: lgok=True hgok=True fgok=False edge=34126779 lane=0 target_lane=1 speed=6.74 lane_cmd_state=WAIT_EDGE lane_cmd_executable=False lane_cmd_edge=34126779 lane_cmd_lane_count=1
obu-main-back-left-1   | HOST_RESERVATION_EXTEND_UNTIL_CLEAR: host=Main_Back_Left ramp=112 manoeuvre=158 new_remaining=4.0 ramp_lcs=WAIT_EDGE ramp_edge=34126779
obu-main-back-left-1   | HOST_RESERVATION_HOLD: host=Main_Back_Left ramp=112 manoeuvre=158 remaining=4.0 own_speed=6.65 target_speed=6.46 ramp_fsm=NEGOTIATING ramp_lane_cmd_state=WAIT_EDGE ramp_edge=34126779 ramp_lane=0 ramp_merge_completed=False ramp_merge_committed=True
obu-main-back-left-1   | [35.5] Main_Back_Left HOST_HOLD_YIELD: for merge=112 spd=6.46
obu-main-back-left-1   | [35.5] Main_Back_Left MCM_TX_ACCEPT: manoeuvre=158 target=112
obu-ramp-back-1        | [35.5] Ramp_Back MCM_RX_ACCEPT: from=105 manoeuvre=158 target=112
obu-host-car-1         | [35.7] Host_Car role=cruise state=CRUISE->CRUISE speed=7.50 target=7.50 neighbors=11
obu-ramp-merge-3-1     | [35.7] Ramp_Merge_3 role=cruise state=CRUISE->CRUISE speed=7.39 target=7.50 neighbors=11
obu-main-back-left-1   | HOST_RESERVATION_EXTEND_UNTIL_CLEAR: host=Main_Back_Left ramp=112 manoeuvre=158 new_remaining=4.0 ramp_lcs=WAIT_EDGE ramp_edge=34126779
obu-main-back-left-1   | HOST_RESERVATION_HOLD: host=Main_Back_Left ramp=112 manoeuvre=158 remaining=4.0 own_speed=6.63 target_speed=6.46 ramp_fsm=NEGOTIATING ramp_lane_cmd_state=WAIT_EDGE ramp_edge=34126779 ramp_lane=0 ramp_merge_completed=False ramp_merge_committed=True
obu-main-back-left-1   | [35.7] Main_Back_Left HOST_HOLD_YIELD: for merge=112 spd=6.46
obu-main-mid-right-1   | [35.7] Main_Mid_Right role=cruise state=CRUISE->CRUISE speed=7.50 target=7.50 neighbors=11
obu-ramp-merge-2-1     | [35.7] Ramp_Merge_2 role=cruise state=CRUISE->CRUISE speed=7.46 target=7.50 neighbors=11
obu-lead-car-1         | [35.7] Lead_Car role=cruise state=CRUISE->CRUISE speed=7.50 target=7.50 neighbors=11
obu-ramp-back-1        | [35.7] Ramp_Back MERGE_PREPARE_WAIT_LANE_AVAILABLE: edge=34126779 lane=0 target_lane=1 lane_count=1 executable=False dtm=15.9 speed=6.51 host=105 lead=None
obu-ramp-back-1        | [35.7] Ramp_Back role=merge state=NEGOTIATING->NEGOTIATING speed=6.51 target=6.69 neighbors=11
obu-ramp-merge-4-1     | [35.7] Ramp_Merge_4 role=merge state=MERGING->MERGING speed=6.53 target=6.75 neighbors=11
obu-main-back-left-1   | HOST_RESERVATION_EXTEND_UNTIL_CLEAR: host=Main_Back_Left ramp=112 manoeuvre=158 new_remaining=4.0 ramp_lcs=WAIT_EDGE ramp_edge=34126779
obu-main-back-left-1   | HOST_RESERVATION_HOLD: host=Main_Back_Left ramp=112 manoeuvre=158 remaining=4.0 own_speed=6.61 target_speed=6.46 ramp_fsm=NEGOTIATING ramp_lane_cmd_state=WAIT_EDGE ramp_edge=34126779 ramp_lane=0 ramp_merge_completed=False ramp_merge_committed=True
obu-main-back-left-1   | [35.9] Main_Back_Left HOST_HOLD_YIELD: for merge=112 spd=6.46
obu-main-back-left-1   | [35.9] Main_Back_Left MCM_TX_ACCEPT: manoeuvre=158 target=112
obu-main-back-left-1   | HOST_RESERVATION_EXTEND_UNTIL_CLEAR: host=Main_Back_Left ramp=112 manoeuvre=158 new_remaining=4.0 ramp_lcs=WAIT_EDGE ramp_edge=34126779
obu-main-back-left-1   | HOST_RESERVATION_HOLD: host=Main_Back_Left ramp=112 manoeuvre=158 remaining=4.0 own_speed=6.61 target_speed=6.46 ramp_fsm=NEGOTIATING ramp_lane_cmd_state=WAIT_EDGE ramp_edge=34126779 ramp_lane=0 ramp_merge_completed=False ramp_merge_committed=True
obu-main-back-left-1   | [36.0] Main_Back_Left HOST_HOLD_YIELD: for merge=112 spd=6.46
obu-ramp-merge-5-1     | [36.0] Ramp_Merge_5 role=cruise state=CRUISE->CRUISE speed=5.98 target=7.50 neighbors=11
obu-ramp-merge-4-1     | MERGE_APPLY_REAR_GUARD_FLOW_PROTECT: vehicle=Ramp_Merge_4 rear=106 host=None speed=6.56 target=6.75 rear_speed=7.07 rear_gap=0.00 rear_gap_t1=0.00 rear_gap_t2=0.00 rear_gap_t3=0.00 rear_closing=0.51 closing_ttc=0.00 lane_cmd_state=APPLY edge=1331698336 lane=0 dtm=32.9
obu-ramp-back-1        | [36.0] Ramp_Back MCM_RX_ACCEPT: from=105 manoeuvre=158 target=112
obu-main-back-left-1   | HOST_RESERVATION_EXTEND_UNTIL_CLEAR: host=Main_Back_Left ramp=112 manoeuvre=158 new_remaining=4.0 ramp_lcs=WAIT_EDGE ramp_edge=34126779
obu-main-back-left-1   | HOST_RESERVATION_HOLD: host=Main_Back_Left ramp=112 manoeuvre=158 remaining=4.0 own_speed=6.60 target_speed=6.46 ramp_fsm=NEGOTIATING ramp_lane_cmd_state=WAIT_EDGE ramp_edge=34126779 ramp_lane=0 ramp_merge_completed=False ramp_merge_committed=True
obu-main-back-left-1   | [36.1] Main_Back_Left HOST_HOLD_YIELD: for merge=112 spd=6.46
obu-main-back-left-1   | [36.1] Main_Back_Left role=host state=YIELDING->YIELDING speed=6.60 target=6.46 neighbors=11
obu-main-front-left-1  | [36.1] Main_Front_Left role=cruise state=CRUISE->CRUISE speed=7.50 target=7.50 neighbors=11
obu-main-back-left-1   | HOST_RESERVATION_EXTEND_UNTIL_CLEAR: host=Main_Back_Left ramp=112 manoeuvre=158 new_remaining=4.0 ramp_lcs=WAIT_EDGE ramp_edge=34126779
obu-main-back-left-1   | HOST_RESERVATION_HOLD: host=Main_Back_Left ramp=112 manoeuvre=158 remaining=4.0 own_speed=6.59 target_speed=6.46 ramp_fsm=NEGOTIATING ramp_lane_cmd_state=WAIT_EDGE ramp_edge=34126779 ramp_lane=0 ramp_merge_completed=False ramp_merge_committed=True
obu-main-back-left-1   | [36.2] Main_Back_Left HOST_HOLD_YIELD: for merge=112 spd=6.46
obu-main-back-left-1   | [36.2] Main_Back_Left MCM_TX_ACCEPT: manoeuvre=158 target=112
obu-main-back-right-1  | [36.2] Main_Back_Right role=cruise state=CRUISE->CRUISE speed=7.17 target=7.50 neighbors=11
obu-ramp-back-1        | [36.2] Ramp_Back FINAL_GUARD: REJECTED sid=111 gap=22.5 ttc_danger=False
obu-ramp-back-1        | [36.2] Ramp_Back MERGE_COMMIT_SAFETY_HOLD: lgok=True hgok=True fgok=False edge=34126779 lane=0 target_lane=1 speed=6.36 lane_cmd_state=WAIT_EDGE lane_cmd_executable=False lane_cmd_edge=34126779 lane_cmd_lane_count=1
obu-ramp-back-1        | [36.2] Ramp_Back MCM_RX_ACCEPT: from=105 manoeuvre=158 target=112
obu-ramp-back-1        | [36.4] Ramp_Back FINAL_GUARD: REJECTED sid=111 gap=21.9 ttc_danger=False
obu-ramp-back-1        | [36.4] Ramp_Back MERGE_COMMIT_SAFETY_HOLD: lgok=True hgok=True fgok=False edge=34126779 lane=0 target_lane=1 speed=6.16 lane_cmd_state=WAIT_EDGE lane_cmd_executable=False lane_cmd_edge=34126779 lane_cmd_lane_count=1
obu-merge-car-1        | [36.4] Merge_Car role=cruise state=CRUISE->CRUISE speed=7.50 target=7.50 neighbors=11
obu-main-back-left-1   | HOST_RESERVATION_EXTEND_UNTIL_CLEAR: host=Main_Back_Left ramp=112 manoeuvre=158 new_remaining=4.0 ramp_lcs=WAIT_EDGE ramp_edge=34126779
obu-main-back-left-1   | HOST_RESERVATION_HOLD: host=Main_Back_Left ramp=112 manoeuvre=158 remaining=4.0 own_speed=6.58 target_speed=6.46 ramp_fsm=NEGOTIATING ramp_lane_cmd_state=WAIT_EDGE ramp_edge=34126779 ramp_lane=0 ramp_merge_completed=False ramp_merge_committed=True
obu-main-back-left-1   | [36.4] Main_Back_Left HOST_HOLD_YIELD: for merge=112 spd=6.46
traci-bridge-1         | LANE_CMD_STATE veh=Ramp_Merge_4 edge=1331698336 lane=0 target=1 lane_count=3 recently=True speed=6.22
traci-bridge-1         | LANE_CMD_STATE veh=Ramp_Merge_5 edge=:390064918_0 lane=0 target=1 lane_count=1 recently=False speed=4.34
traci-bridge-1         | LANE_CMD_WAIT_EDGE veh=Ramp_Merge_5 edge=:390064918_0 lane=0 target=1 lane_count=1
traci-bridge-1         | LANE_CMD_STATE veh=Ramp_Back edge=34126779 lane=0 target=1 lane_count=1 recently=False speed=6.72
traci-bridge-1         | LANE_CMD_WAIT_EDGE veh=Ramp_Back edge=34126779 lane=0 target=1 lane_count=1
traci-bridge-1         | LANE_CMD_STATE veh=Ramp_Merge_4 edge=1331698336 lane=0 target=1 lane_count=3 recently=True speed=6.25
traci-bridge-1         | LANE_CMD_STATE veh=Ramp_Merge_5 edge=:390064918_0 lane=0 target=1 lane_count=1 recently=False speed=4.34
traci-bridge-1         | LANE_CMD_WAIT_EDGE veh=Ramp_Merge_5 edge=:390064918_0 lane=0 target=1 lane_count=1
traci-bridge-1         | LANE_CMD_STATE veh=Ramp_Back edge=34126779 lane=0 target=1 lane_count=1 recently=False speed=6.72
traci-bridge-1         | LANE_CMD_WAIT_EDGE veh=Ramp_Back edge=34126779 lane=0 target=1 lane_count=1
traci-bridge-1         | LANE_CMD_STATE veh=Ramp_Merge_4 edge=1331698336 lane=0 target=1 lane_count=3 recently=True speed=6.27
traci-bridge-1         | LANE_CMD_STATE veh=Ramp_Merge_5 edge=:390064918_0 lane=0 target=1 lane_count=1 recently=False speed=4.33
traci-bridge-1         | LANE_CMD_WAIT_EDGE veh=Ramp_Merge_5 edge=:390064918_0 lane=0 target=1 lane_count=1
traci-bridge-1         | LANE_CMD_STATE veh=Ramp_Back edge=34126779 lane=0 target=1 lane_count=1 recently=False speed=6.73
traci-bridge-1         | LANE_CMD_WAIT_EDGE veh=Ramp_Back edge=34126779 lane=0 target=1 lane_count=1
traci-bridge-1         | LANE_CMD_STATE veh=Ramp_Merge_4 edge=1331698336 lane=0 target=1 lane_count=3 recently=True speed=6.30
traci-bridge-1         | LANE_CMD_STATE veh=Ramp_Merge_5 edge=:390064918_0 lane=0 target=1 lane_count=1 recently=False speed=4.32
traci-bridge-1         | LANE_CMD_WAIT_EDGE veh=Ramp_Merge_5 edge=:390064918_0 lane=0 target=1 lane_count=1
traci-bridge-1         | LANE_CMD_STATE veh=Ramp_Back edge=34126779 lane=0 target=1 lane_count=1 recently=False speed=6.73
traci-bridge-1         | LANE_CMD_WAIT_EDGE veh=Ramp_Back edge=34126779 lane=0 target=1 lane_count=1
traci-bridge-1         | LANE_CMD_STATE veh=Ramp_Merge_4 edge=1331698336 lane=0 target=1 lane_count=3 recently=True speed=6.32
traci-bridge-1         | LANE_CMD_STATE veh=Ramp_Merge_5 edge=1331698336 lane=0 target=1 lane_count=3 recently=False speed=4.31
traci-bridge-1         | LANE_CMD_APPLY veh=Ramp_Merge_5 edge=1331698336 from_lane=0 target=1 duration=2.00 mode=256 speed=4.31
traci-bridge-1         | LANE_CMD_STATE veh=Ramp_Back edge=34126779 lane=0 target=1 lane_count=1 recently=False speed=6.73
traci-bridge-1         | LANE_CMD_WAIT_EDGE veh=Ramp_Back edge=34126779 lane=0 target=1 lane_count=1
traci-bridge-1         | LANE_CMD_STATE veh=Ramp_Merge_4 edge=1331698336 lane=0 target=1 lane_count=3 recently=True speed=6.34
traci-bridge-1         | LANE_CMD_STATE veh=Ramp_Merge_5 edge=1331698336 lane=1 target=1 lane_count=3 recently=True speed=4.30
traci-bridge-1         | LANE_CMD_CLEAR veh=Ramp_Merge_5 edge=1331698336 target=1
traci-bridge-1         | LANE_CMD_STATE veh=Ramp_Back edge=34126779 lane=0 target=1 lane_count=1 recently=False speed=6.73
traci-bridge-1         | LANE_CMD_WAIT_EDGE veh=Ramp_Back edge=34126779 lane=0 target=1 lane_count=1
traci-bridge-1         | LANE_CMD_STATE veh=Ramp_Merge_4 edge=1331698336 lane=0 target=1 lane_count=3 recently=True speed=6.36
traci-bridge-1         | LANE_CMD_STATE veh=Ramp_Back edge=34126779 lane=0 target=1 lane_count=1 recently=False speed=6.73
traci-bridge-1         | LANE_CMD_WAIT_EDGE veh=Ramp_Back edge=34126779 lane=0 target=1 lane_count=1
traci-bridge-1         | LANE_CMD_STATE veh=Ramp_Merge_4 edge=1331698336 lane=0 target=1 lane_count=3 recently=True speed=6.38
traci-bridge-1         | LANE_CMD_STATE veh=Ramp_Back edge=34126779 lane=0 target=1 lane_count=1 recently=False speed=6.73
traci-bridge-1         | LANE_CMD_WAIT_EDGE veh=Ramp_Back edge=34126779 lane=0 target=1 lane_count=1
traci-bridge-1         | LANE_CMD_STATE veh=Ramp_Merge_4 edge=1331698336 lane=0 target=1 lane_count=3 recently=True speed=6.40
traci-bridge-1         | LANE_CMD_STATE veh=Ramp_Back edge=34126779 lane=0 target=1 lane_count=1 recently=False speed=6.73
traci-bridge-1         | LANE_CMD_WAIT_EDGE veh=Ramp_Back edge=34126779 lane=0 target=1 lane_count=1
traci-bridge-1         | LANE_CMD_STATE veh=Ramp_Merge_4 edge=1331698336 lane=0 target=1 lane_count=3 recently=True speed=6.42
traci-bridge-1         | LANE_CMD_STATE veh=Ramp_Back edge=34126779 lane=0 target=1 lane_count=1 recently=False speed=6.73
traci-bridge-1         | LANE_CMD_WAIT_EDGE veh=Ramp_Back edge=34126779 lane=0 target=1 lane_count=1
traci-bridge-1         | LANE_CMD_STATE veh=Ramp_Merge_4 edge=1331698336 lane=0 target=1 lane_count=3 recently=True speed=6.43
traci-bridge-1         | LANE_CMD_STATE veh=Ramp_Back edge=34126779 lane=0 target=1 lane_count=1 recently=False speed=6.73
traci-bridge-1         | LANE_CMD_WAIT_EDGE veh=Ramp_Back edge=34126779 lane=0 target=1 lane_count=1
traci-bridge-1         | LANE_CMD_STATE veh=Ramp_Merge_4 edge=1331698336 lane=0 target=1 lane_count=3 recently=True speed=6.45
traci-bridge-1         | LANE_CMD_STATE veh=Ramp_Back edge=34126779 lane=0 target=1 lane_count=1 recently=False speed=6.73
traci-bridge-1         | LANE_CMD_WAIT_EDGE veh=Ramp_Back edge=34126779 lane=0 target=1 lane_count=1
traci-bridge-1         | LANE_CMD_STATE veh=Ramp_Merge_4 edge=1331698336 lane=0 target=1 lane_count=3 recently=True speed=6.46
traci-bridge-1         | LANE_CMD_STATE veh=Ramp_Back edge=34126779 lane=0 target=1 lane_count=1 recently=False speed=6.74
traci-bridge-1         | LANE_CMD_WAIT_EDGE veh=Ramp_Back edge=34126779 lane=0 target=1 lane_count=1
traci-bridge-1         | LANE_CMD_STATE veh=Ramp_Merge_4 edge=1331698336 lane=0 target=1 lane_count=3 recently=True speed=6.48
traci-bridge-1         | LANE_CMD_STATE veh=Ramp_Back edge=34126779 lane=0 target=1 lane_count=1 recently=False speed=6.74
traci-bridge-1         | LANE_CMD_WAIT_EDGE veh=Ramp_Back edge=34126779 lane=0 target=1 lane_count=1
traci-bridge-1         | LANE_CMD_STATE veh=Ramp_Merge_4 edge=1331698336 lane=0 target=1 lane_count=3 recently=True speed=6.49
traci-bridge-1         | LANE_CMD_STATE veh=Ramp_Back edge=34126779 lane=0 target=1 lane_count=1 recently=False speed=6.74
traci-bridge-1         | LANE_CMD_WAIT_EDGE veh=Ramp_Back edge=34126779 lane=0 target=1 lane_count=1
traci-bridge-1         | LANE_CMD_STATE veh=Ramp_Merge_4 edge=1331698336 lane=0 target=1 lane_count=3 recently=True speed=6.51
traci-bridge-1         | LANE_CMD_STATE veh=Ramp_Back edge=34126779 lane=0 target=1 lane_count=1 recently=False speed=6.74
traci-bridge-1         | LANE_CMD_WAIT_EDGE veh=Ramp_Back edge=34126779 lane=0 target=1 lane_count=1
traci-bridge-1         | LANE_CMD_STATE veh=Ramp_Merge_4 edge=1331698336 lane=0 target=1 lane_count=3 recently=True speed=6.52
traci-bridge-1         | LANE_CMD_STATE veh=Ramp_Back edge=34126779 lane=0 target=1 lane_count=1 recently=False speed=6.74
traci-bridge-1         | LANE_CMD_WAIT_EDGE veh=Ramp_Back edge=34126779 lane=0 target=1 lane_count=1
traci-bridge-1         | LANE_CMD_STATE veh=Ramp_Merge_4 edge=1331698336 lane=0 target=1 lane_count=3 recently=False speed=6.53
traci-bridge-1         | LANE_CMD_APPLY veh=Ramp_Merge_4 edge=1331698336 from_lane=0 target=1 duration=2.00 mode=256 speed=6.53
traci-bridge-1         | LANE_CMD_STATE veh=Ramp_Back edge=34126779 lane=0 target=1 lane_count=1 recently=False speed=6.51
traci-bridge-1         | LANE_CMD_WAIT_EDGE veh=Ramp_Back edge=34126779 lane=0 target=1 lane_count=1
traci-bridge-1         | LANE_CMD_STATE veh=Ramp_Merge_4 edge=1331698336 lane=0 target=1 lane_count=3 recently=True speed=6.54
traci-bridge-1         | LANE_CMD_STATE veh=Ramp_Back edge=34126779 lane=0 target=1 lane_count=1 recently=False speed=6.30
traci-bridge-1         | LANE_CMD_WAIT_EDGE veh=Ramp_Back edge=34126779 lane=0 target=1 lane_count=1
traci-bridge-1         | LANE_CMD_STATE veh=Ramp_Merge_4 edge=1331698336 lane=0 target=1 lane_count=3 recently=True speed=6.55
traci-bridge-1         | LANE_CMD_STATE veh=Ramp_Back edge=34126779 lane=0 target=1 lane_count=1 recently=False speed=6.32
traci-bridge-1         | LANE_CMD_WAIT_EDGE veh=Ramp_Back edge=34126779 lane=0 target=1 lane_count=1
traci-bridge-1         | LANE_CMD_STATE veh=Ramp_Merge_4 edge=1331698336 lane=0 target=1 lane_count=3 recently=True speed=6.56
traci-bridge-1         | LANE_CMD_STATE veh=Ramp_Back edge=34126779 lane=0 target=1 lane_count=1 recently=False speed=6.34
traci-bridge-1         | LANE_CMD_WAIT_EDGE veh=Ramp_Back edge=34126779 lane=0 target=1 lane_count=1
traci-bridge-1         | LANE_CMD_STATE veh=Ramp_Merge_4 edge=1331698336 lane=0 target=1 lane_count=3 recently=True speed=6.57
traci-bridge-1         | LANE_CMD_STATE veh=Ramp_Back edge=34126779 lane=0 target=1 lane_count=1 recently=False speed=6.35
traci-bridge-1         | LANE_CMD_WAIT_EDGE veh=Ramp_Back edge=34126779 lane=0 target=1 lane_count=1
traci-bridge-1         | LANE_CMD_STATE veh=Ramp_Merge_4 edge=1331698336 lane=0 target=1 lane_count=3 recently=True speed=6.58
traci-bridge-1         | LANE_CMD_STATE veh=Ramp_Back edge=34126779 lane=0 target=1 lane_count=1 recently=False speed=6.36
traci-bridge-1         | LANE_CMD_WAIT_EDGE veh=Ramp_Back edge=34126779 lane=0 target=1 lane_count=1
traci-bridge-1         | LANE_CMD_STATE veh=Ramp_Merge_4 edge=1331698336 lane=0 target=1 lane_count=3 recently=True speed=6.59
traci-bridge-1         | LANE_CMD_STATE veh=Ramp_Back edge=34126779 lane=0 target=1 lane_count=1 recently=False speed=6.36
traci-bridge-1         | LANE_CMD_WAIT_EDGE veh=Ramp_Back edge=34126779 lane=0 target=1 lane_count=1
traci-bridge-1         | LANE_CMD_STATE veh=Ramp_Merge_4 edge=1331698336 lane=0 target=1 lane_count=3 recently=True speed=6.60
traci-bridge-1         | LANE_CMD_STATE veh=Ramp_Back edge=34126779 lane=0 target=1 lane_count=1 recently=False speed=6.16
traci-bridge-1         | LANE_CMD_WAIT_EDGE veh=Ramp_Back edge=34126779 lane=0 target=1 lane_count=1
obu-main-back-left-1   | HOST_RESERVATION_EXTEND_UNTIL_CLEAR: host=Main_Back_Left ramp=112 manoeuvre=158 new_remaining=4.0 ramp_lcs=WAIT_EDGE ramp_edge=34126779
obu-main-back-left-1   | HOST_RESERVATION_HOLD: host=Main_Back_Left ramp=112 manoeuvre=158 remaining=4.0 own_speed=6.57 target_speed=6.46 ramp_fsm=NEGOTIATING ramp_lane_cmd_state=WAIT_EDGE ramp_edge=34126779 ramp_lane=0 ramp_merge_completed=False ramp_merge_committed=True
obu-main-back-left-1   | [36.5] Main_Back_Left HOST_HOLD_YIELD: for merge=112 spd=6.46
obu-main-back-left-1   | [36.5] Main_Back_Left MCM_TX_ACCEPT: manoeuvre=158 target=112
obu-ramp-merge-4-1     | MERGE_APPLY_REAR_GUARD_FLOW_PROTECT: vehicle=Ramp_Merge_4 rear=106 host=None speed=6.60 target=6.75 rear_speed=7.20 rear_gap=0.00 rear_gap_t1=0.00 rear_gap_t2=0.00 rear_gap_t3=0.00 rear_closing=0.60 closing_ttc=0.00 lane_cmd_state=APPLY edge=1331698336 lane=0 dtm=36.1
obu-main-back-left-1   | HOST_RESERVATION_EXTEND_UNTIL_CLEAR: host=Main_Back_Left ramp=112 manoeuvre=158 new_remaining=4.0 ramp_lcs=WAIT_EDGE ramp_edge=34126779
obu-main-back-left-1   | HOST_RESERVATION_HOLD: host=Main_Back_Left ramp=112 manoeuvre=158 remaining=4.0 own_speed=6.57 target_speed=6.46 ramp_fsm=NEGOTIATING ramp_lane_cmd_state=WAIT_EDGE ramp_edge=34126779 ramp_lane=0 ramp_merge_completed=False ramp_merge_committed=True
obu-main-back-left-1   | [36.6] Main_Back_Left HOST_HOLD_YIELD: for merge=112 spd=6.46
obu-ramp-back-1        | [36.5] Ramp_Back MCM_RX_ACCEPT: from=105 manoeuvre=158 target=112
obu-ramp-back-1        | [36.5] Ramp_Back FINAL_GUARD: REJECTED sid=111 gap=22.5 ttc_danger=False
obu-ramp-back-1        | [36.5] Ramp_Back MERGE_COMMIT_SAFETY_HOLD: lgok=True hgok=True fgok=False edge=34126779 lane=0 target_lane=1 speed=5.96 lane_cmd_state=WAIT_EDGE lane_cmd_executable=False lane_cmd_edge=34126779 lane_cmd_lane_count=1
obu-ramp-merge-4-1     | [36.7] Ramp_Merge_4 role=merge state=MERGING->MERGING speed=6.62 target=6.75 neighbors=11
obu-ramp-back-1        | [36.6] Ramp_Back FINAL_GUARD: REJECTED sid=111 gap=22.6 ttc_danger=False
obu-ramp-merge-2-1     | [36.7] Ramp_Merge_2 role=cruise state=CRUISE->CRUISE speed=7.47 target=7.50 neighbors=11
obu-ramp-back-1        | [36.6] Ramp_Back MERGE_COMMIT_SAFETY_HOLD: lgok=True hgok=True fgok=False edge=34126779 lane=0 target_lane=1 speed=5.78 lane_cmd_state=WAIT_EDGE lane_cmd_executable=False lane_cmd_edge=34126779 lane_cmd_lane_count=1
obu-main-back-left-1   | HOST_RESERVATION_EXTEND_UNTIL_CLEAR: host=Main_Back_Left ramp=112 manoeuvre=158 new_remaining=4.0 ramp_lcs=WAIT_EDGE ramp_edge=34126779
obu-main-back-left-1   | HOST_RESERVATION_HOLD: host=Main_Back_Left ramp=112 manoeuvre=158 remaining=4.0 own_speed=6.56 target_speed=6.46 ramp_fsm=NEGOTIATING ramp_lane_cmd_state=WAIT_EDGE ramp_edge=34126779 ramp_lane=0 ramp_merge_completed=False ramp_merge_committed=True
obu-main-back-left-1   | [36.7] Main_Back_Left HOST_HOLD_YIELD: for merge=112 spd=6.46
obu-host-car-1         | [36.7] Host_Car role=cruise state=CRUISE->CRUISE speed=7.50 target=7.50 neighbors=11
obu-main-mid-right-1   | [36.7] Main_Mid_Right role=cruise state=CRUISE->CRUISE speed=7.50 target=7.50 neighbors=11
obu-ramp-merge-3-1     | [36.7] Ramp_Merge_3 role=cruise state=CRUISE->CRUISE speed=7.43 target=7.50 neighbors=11
obu-lead-car-1         | [36.7] Lead_Car role=cruise state=CRUISE->CRUISE speed=7.50 target=7.50 neighbors=11
obu-ramp-back-1        | [36.7] Ramp_Back MERGE_PREPARE_WAIT_LANE_AVAILABLE: edge=34126779 lane=0 target_lane=1 lane_count=1 executable=False dtm=10.1 speed=5.60 host=105 lead=None
obu-ramp-back-1        | [36.7] Ramp_Back FINAL_GUARD: REJECTED sid=111 gap=23.3 ttc_danger=False
obu-ramp-back-1        | [36.7] Ramp_Back MERGE_COMMIT_SAFETY_HOLD: lgok=True hgok=True fgok=False edge=34126779 lane=0 target_lane=1 speed=5.60 lane_cmd_state=WAIT_EDGE lane_cmd_executable=False lane_cmd_edge=34126779 lane_cmd_lane_count=1
obu-ramp-back-1        | [36.7] Ramp_Back role=merge state=NEGOTIATING->NEGOTIATING speed=5.60 target=2.25 neighbors=11
obu-main-back-left-1   | HOST_RESERVATION_EXTEND_UNTIL_CLEAR: host=Main_Back_Left ramp=112 manoeuvre=158 new_remaining=4.0 ramp_lcs=WAIT_EDGE ramp_edge=34126779
obu-main-back-left-1   | HOST_RESERVATION_HOLD: host=Main_Back_Left ramp=112 manoeuvre=158 remaining=4.0 own_speed=6.55 target_speed=6.46 ramp_fsm=NEGOTIATING ramp_lane_cmd_state=WAIT_EDGE ramp_edge=34126779 ramp_lane=0 ramp_merge_completed=False ramp_merge_committed=True
obu-main-back-left-1   | [36.9] Main_Back_Left HOST_HOLD_YIELD: for merge=112 spd=6.46
obu-main-back-left-1   | [36.9] Main_Back_Left MCM_TX_ACCEPT: manoeuvre=158 target=112
obu-ramp-back-1        | [37.0] Ramp_Back FINAL_GUARD: REJECTED sid=111 gap=21.7 ttc_danger=False
obu-ramp-back-1        | [37.0] Ramp_Back MERGE_COMMIT_SAFETY_HOLD: lgok=True hgok=True fgok=False edge=34126779 lane=0 target_lane=1 speed=5.12 lane_cmd_state=WAIT_EDGE lane_cmd_executable=False lane_cmd_edge=34126779 lane_cmd_lane_count=1
obu-ramp-back-1        | [37.0] Ramp_Back FINAL_GUARD: REJECTED sid=111 gap=21.7 ttc_danger=False
obu-ramp-back-1        | [37.0] Ramp_Back MERGE_COMMIT_SAFETY_HOLD: lgok=True hgok=True fgok=False edge=34126779 lane=0 target_lane=1 speed=5.12 lane_cmd_state=WAIT_EDGE lane_cmd_executable=False lane_cmd_edge=34126779 lane_cmd_lane_count=1
obu-ramp-merge-4-1     | MERGE_APPLY_REAR_GUARD_FLOW_PROTECT: vehicle=Ramp_Merge_4 rear=106 host=None speed=6.64 target=6.75 rear_speed=7.27 rear_gap=0.00 rear_gap_t1=0.00 rear_gap_t2=0.00 rear_gap_t3=0.00 rear_closing=0.63 closing_ttc=0.00 lane_cmd_state=APPLY edge=1331698336 lane=0 dtm=39.4
obu-ramp-merge-5-1     | [37.0] Ramp_Merge_5 role=cruise state=CRUISE->CRUISE speed=6.59 target=7.50 neighbors=11
obu-main-back-left-1   | HOST_RESERVATION_EXTEND_UNTIL_CLEAR: host=Main_Back_Left ramp=112 manoeuvre=158 new_remaining=4.0 ramp_lcs=WAIT_EDGE ramp_edge=34126779
obu-main-back-left-1   | HOST_RESERVATION_HOLD: host=Main_Back_Left ramp=112 manoeuvre=158 remaining=4.0 own_speed=6.55 target_speed=6.46 ramp_fsm=NEGOTIATING ramp_lane_cmd_state=WAIT_EDGE ramp_edge=34126779 ramp_lane=0 ramp_merge_completed=False ramp_merge_committed=True
obu-main-back-left-1   | [37.0] Main_Back_Left HOST_HOLD_YIELD: for merge=112 spd=6.46
obu-ramp-back-1        | [37.0] Ramp_Back MCM_RX_ACCEPT: from=105 manoeuvre=158 target=112
obu-main-front-left-1  | [37.1] Main_Front_Left role=cruise state=CRUISE->CRUISE speed=7.50 target=7.50 neighbors=11
obu-main-back-left-1   | HOST_RESERVATION_EXTEND_UNTIL_CLEAR: host=Main_Back_Left ramp=112 manoeuvre=158 new_remaining=4.0 ramp_lcs=WAIT_EDGE ramp_edge=34126779
obu-main-back-left-1   | HOST_RESERVATION_HOLD: host=Main_Back_Left ramp=112 manoeuvre=158 remaining=4.0 own_speed=6.54 target_speed=6.46 ramp_fsm=NEGOTIATING ramp_lane_cmd_state=WAIT_EDGE ramp_edge=34126779 ramp_lane=0 ramp_merge_completed=False ramp_merge_committed=True
obu-main-back-left-1   | [37.1] Main_Back_Left HOST_HOLD_YIELD: for merge=112 spd=6.46
obu-main-back-left-1   | [37.1] Main_Back_Left role=host state=YIELDING->YIELDING speed=6.54 target=6.46 neighbors=11
obu-main-back-right-1  | [37.2] Main_Back_Right role=cruise state=CRUISE->CRUISE speed=7.30 target=7.50 neighbors=11
obu-main-back-left-1   | HOST_RESERVATION_EXTEND_UNTIL_CLEAR: host=Main_Back_Left ramp=112 manoeuvre=158 new_remaining=4.0 ramp_lcs=WAIT_EDGE ramp_edge=34126779
obu-main-back-left-1   | HOST_RESERVATION_HOLD: host=Main_Back_Left ramp=112 manoeuvre=158 remaining=4.0 own_speed=6.54 target_speed=6.46 ramp_fsm=NEGOTIATING ramp_lane_cmd_state=WAIT_EDGE ramp_edge=34126779 ramp_lane=0 ramp_merge_completed=False ramp_merge_committed=True
obu-main-back-left-1   | [37.2] Main_Back_Left HOST_HOLD_YIELD: for merge=112 spd=6.46
obu-main-back-left-1   | [37.2] Main_Back_Left MCM_TX_ACCEPT: manoeuvre=158 target=112
obu-ramp-back-1        | [37.1] Ramp_Back FINAL_GUARD: REJECTED sid=111 gap=23.1 ttc_danger=False
obu-ramp-back-1        | [37.1] Ramp_Back MERGE_COMMIT_SAFETY_HOLD: lgok=True hgok=True fgok=False edge=34126779 lane=0 target_lane=1 speed=4.98 lane_cmd_state=WAIT_EDGE lane_cmd_executable=False lane_cmd_edge=34126779 lane_cmd_lane_count=1
obu-ramp-back-1        | [37.1] Ramp_Back MCM_RX_ACCEPT: from=105 manoeuvre=158 target=112
obu-ramp-back-1        | [37.3] Ramp_Back FINAL_GUARD: REJECTED sid=111 gap=22.8 ttc_danger=False
obu-ramp-back-1        | [37.3] Ramp_Back MERGE_COMMIT_SAFETY_HOLD: lgok=True hgok=True fgok=False edge=34126779 lane=0 target_lane=1 speed=4.71 lane_cmd_state=WAIT_EDGE lane_cmd_executable=False lane_cmd_edge=34126779 lane_cmd_lane_count=1
obu-ramp-back-1        | [37.4] Ramp_Back FINAL_GUARD: REJECTED sid=111 gap=23.7 ttc_danger=False
obu-ramp-back-1        | [37.4] Ramp_Back MERGE_COMMIT_SAFETY_HOLD: lgok=True hgok=True fgok=False edge=34126779 lane=0 target_lane=1 speed=4.59 lane_cmd_state=WAIT_EDGE lane_cmd_executable=False lane_cmd_edge=34126779 lane_cmd_lane_count=1
obu-main-back-left-1   | HOST_RESERVATION_EXTEND_UNTIL_CLEAR: host=Main_Back_Left ramp=112 manoeuvre=158 new_remaining=4.0 ramp_lcs=WAIT_EDGE ramp_edge=34126779
obu-main-back-left-1   | HOST_RESERVATION_HOLD: host=Main_Back_Left ramp=112 manoeuvre=158 remaining=4.0 own_speed=6.53 target_speed=6.46 ramp_fsm=NEGOTIATING ramp_lane_cmd_state=WAIT_EDGE ramp_edge=34126779 ramp_lane=0 ramp_merge_completed=False ramp_merge_committed=True
obu-main-back-left-1   | [37.4] Main_Back_Left HOST_HOLD_YIELD: for merge=112 spd=6.46
obu-merge-car-1        | [37.4] Merge_Car role=cruise state=CRUISE->CRUISE speed=7.50 target=7.50 neighbors=11
obu-main-back-left-1   | HOST_RESERVATION_EXTEND_UNTIL_CLEAR: host=Main_Back_Left ramp=112 manoeuvre=158 new_remaining=4.0 ramp_lcs=WAIT_EDGE ramp_edge=34126779
obu-main-back-left-1   | HOST_RESERVATION_HOLD: host=Main_Back_Left ramp=112 manoeuvre=158 remaining=4.0 own_speed=6.52 target_speed=6.46 ramp_fsm=NEGOTIATING ramp_lane_cmd_state=WAIT_EDGE ramp_edge=34126779 ramp_lane=0 ramp_merge_completed=False ramp_merge_committed=True
obu-main-back-left-1   | [37.6] Main_Back_Left HOST_HOLD_YIELD: for merge=112 spd=6.46
obu-main-back-left-1   | [37.6] Main_Back_Left MCM_TX_ACCEPT: manoeuvre=158 target=112
obu-ramp-merge-4-1     | MERGE_APPLY_REAR_GUARD_FLOW_PROTECT: vehicle=Ramp_Merge_4 rear=106 host=None speed=6.67 target=6.75 rear_speed=7.33 rear_gap=0.00 rear_gap_t1=0.00 rear_gap_t2=0.00 rear_gap_t3=0.00 rear_closing=0.66 closing_ttc=0.00 lane_cmd_state=APPLY edge=1331698336 lane=0 dtm=43.4
obu-lead-car-1         | [37.7] Lead_Car role=cruise state=CRUISE->CRUISE speed=7.50 target=7.50 neighbors=11
obu-ramp-back-1        | [37.6] Ramp_Back FINAL_GUARD: REJECTED sid=111 gap=23.5 ttc_danger=False
obu-ramp-back-1        | [37.6] Ramp_Back MERGE_COMMIT_SAFETY_HOLD: lgok=True hgok=True fgok=False edge=34126779 lane=0 target_lane=1 speed=4.36 lane_cmd_state=WAIT_EDGE lane_cmd_executable=False lane_cmd_edge=34126779 lane_cmd_lane_count=1
obu-main-mid-right-1   | [37.7] Main_Mid_Right role=cruise state=CRUISE->CRUISE speed=7.50 target=7.50 neighbors=11
obu-ramp-back-1        | [37.6] Ramp_Back MCM_RX_ACCEPT: from=105 manoeuvre=158 target=112
obu-host-car-1         | [37.7] Host_Car role=cruise state=CRUISE->CRUISE speed=7.50 target=7.50 neighbors=11
obu-ramp-back-1        | [37.7] Ramp_Back MERGE_PREPARE_WAIT_LANE_AVAILABLE: edge=34126779 lane=0 target_lane=1 lane_count=1 executable=False dtm=6.3 speed=4.26 host=105 lead=None
obu-ramp-back-1        | [37.7] Ramp_Back role=merge state=NEGOTIATING->NEGOTIATING speed=4.26 target=4.44 neighbors=11
obu-ramp-merge-2-1     | [37.7] Ramp_Merge_2 role=cruise state=CRUISE->CRUISE speed=7.48 target=7.50 neighbors=11
obu-ramp-merge-3-1     | [37.7] Ramp_Merge_3 role=cruise state=CRUISE->CRUISE speed=7.46 target=7.50 neighbors=11
obu-main-back-left-1   | HOST_RESERVATION_EXTEND_UNTIL_CLEAR: host=Main_Back_Left ramp=112 manoeuvre=158 new_remaining=4.0 ramp_lcs=WAIT_EDGE ramp_edge=34126779
obu-main-back-left-1   | HOST_RESERVATION_HOLD: host=Main_Back_Left ramp=112 manoeuvre=158 remaining=4.0 own_speed=6.52 target_speed=6.46 ramp_fsm=NEGOTIATING ramp_lane_cmd_state=WAIT_EDGE ramp_edge=34126779 ramp_lane=0 ramp_merge_completed=False ramp_merge_committed=True
obu-main-back-left-1   | [37.8] Main_Back_Left HOST_HOLD_YIELD: for merge=112 spd=6.46
obu-ramp-merge-4-1     | [37.8] Ramp_Merge_4 role=merge state=MERGING->MERGING speed=6.67 target=6.75 neighbors=11
obu-main-back-left-1   | HOST_RESERVATION_EXTEND_UNTIL_CLEAR: host=Main_Back_Left ramp=112 manoeuvre=158 new_remaining=4.0 ramp_lcs=WAIT_EDGE ramp_edge=34126779
obu-main-back-left-1   | HOST_RESERVATION_HOLD: host=Main_Back_Left ramp=112 manoeuvre=158 remaining=4.0 own_speed=6.51 target_speed=6.46 ramp_fsm=NEGOTIATING ramp_lane_cmd_state=WAIT_EDGE ramp_edge=34126779 ramp_lane=0 ramp_merge_completed=False ramp_merge_committed=True
obu-main-back-left-1   | [37.9] Main_Back_Left HOST_HOLD_YIELD: for merge=112 spd=6.46
obu-main-back-left-1   | [37.9] Main_Back_Left MCM_TX_ACCEPT: manoeuvre=158 target=112
obu-ramp-back-1        | [37.9] Ramp_Back MCM_RX_ACCEPT: from=105 manoeuvre=158 target=112
obu-main-back-left-1   | HOST_RESERVATION_EXTEND_UNTIL_CLEAR: host=Main_Back_Left ramp=112 manoeuvre=158 new_remaining=4.0 ramp_lcs=WAIT_EDGE ramp_edge=34126779
obu-main-back-left-1   | HOST_RESERVATION_HOLD: host=Main_Back_Left ramp=112 manoeuvre=158 remaining=4.0 own_speed=6.51 target_speed=6.46 ramp_fsm=NEGOTIATING ramp_lane_cmd_state=WAIT_EDGE ramp_edge=34126779 ramp_lane=0 ramp_merge_completed=False ramp_merge_committed=True
obu-main-back-left-1   | [38.1] Main_Back_Left HOST_HOLD_YIELD: for merge=112 spd=6.46
obu-main-back-left-1   | [38.1] Main_Back_Left role=host state=YIELDING->YIELDING speed=6.51 target=6.46 neighbors=11
obu-main-front-left-1  | [38.1] Main_Front_Left role=cruise state=CRUISE->CRUISE speed=7.50 target=7.50 neighbors=11
obu-ramp-merge-5-1     | [38.0] Ramp_Merge_5 role=cruise state=CRUISE->CRUISE speed=6.96 target=7.50 neighbors=11
obu-ramp-merge-4-1     | MERGE_APPLY_REAR_GUARD_FLOW_PROTECT: vehicle=Ramp_Merge_4 rear=106 host=None speed=6.69 target=6.75 rear_speed=7.37 rear_gap=0.00 rear_gap_t1=0.00 rear_gap_t2=0.00 rear_gap_t3=0.00 rear_closing=0.68 closing_ttc=0.00 lane_cmd_state=APPLY edge=1331698336 lane=0 dtm=47.4
obu-main-back-left-1   | HOST_RESERVATION_HOLD: host=Main_Back_Left ramp=112 manoeuvre=158 remaining=3.9 own_speed=6.51 target_speed=6.46 ramp_fsm=NEGOTIATING ramp_lane_cmd_state=WAIT_EDGE ramp_edge=34126779 ramp_lane=0 ramp_merge_completed=False ramp_merge_committed=True
obu-main-back-left-1   | [38.2] Main_Back_Left HOST_HOLD_YIELD: for merge=112 spd=6.46
obu-main-back-left-1   | [38.2] Main_Back_Left MCM_TX_ACCEPT: manoeuvre=158 target=112
obu-main-back-right-1  | [38.2] Main_Back_Right role=cruise state=CRUISE->CRUISE speed=7.38 target=7.50 neighbors=11
obu-ramp-back-1        | [38.3] Ramp_Back MCM_RX_ACCEPT: from=105 manoeuvre=158 target=112
obu-merge-car-1        | [38.4] Merge_Car role=cruise state=CRUISE->CRUISE speed=7.50 target=7.50 neighbors=11
obu-ramp-back-1        | [38.3] Ramp_Back MERGE_LANE_WAIT_EDGE_CONFIRMED: edge=:390064918_0 lane=0 target_lane=1 lane_count=1 executable=False
obu-main-back-left-1   | HOST_RESERVATION_HOLD: host=Main_Back_Left ramp=112 manoeuvre=158 remaining=3.7 own_speed=6.50 target_speed=6.46 ramp_fsm=NEGOTIATING ramp_lane_cmd_state=WAIT_EDGE ramp_edge=:390064918_0 ramp_lane=0 ramp_merge_completed=False ramp_merge_committed=True
obu-main-back-left-1   | [38.4] Main_Back_Left HOST_HOLD_YIELD: for merge=112 spd=6.46
obu-ramp-back-1        | [38.4] Ramp_Back MERGE_PREPARE_WAIT_LANE_AVAILABLE: edge=:390064918_0 lane=0 target_lane=1 lane_count=1 executable=False dtm=5.0 speed=4.11 host=105 lead=None
obu-main-back-left-1   | HOST_RESERVATION_HOLD: host=Main_Back_Left ramp=112 manoeuvre=158 remaining=3.6 own_speed=6.50 target_speed=6.46 ramp_fsm=NEGOTIATING ramp_lane_cmd_state=WAIT_EDGE ramp_edge=:390064918_0 ramp_lane=0 ramp_merge_completed=False ramp_merge_committed=True
obu-main-back-left-1   | [38.5] Main_Back_Left HOST_HOLD_YIELD: for merge=112 spd=6.46
obu-main-back-left-1   | [38.5] Main_Back_Left MCM_TX_ACCEPT: manoeuvre=158 target=112
obu-ramp-back-1        | [38.5] Ramp_Back MCM_RX_ACCEPT: from=105 manoeuvre=158 target=112
obu-main-back-left-1   | HOST_RESERVATION_HOLD: host=Main_Back_Left ramp=112 manoeuvre=158 remaining=3.4 own_speed=6.49 target_speed=6.46 ramp_fsm=NEGOTIATING ramp_lane_cmd_state=WAIT_EDGE ramp_edge=:390064918_0 ramp_lane=0 ramp_merge_completed=False ramp_merge_committed=True
obu-main-back-left-1   | [38.7] Main_Back_Left HOST_HOLD_YIELD: for merge=112 spd=6.46
obu-lead-car-1         | [38.7] Lead_Car role=cruise state=CRUISE->CRUISE speed=7.50 target=7.50 neighbors=11
obu-ramp-back-1        | [38.7] Ramp_Back role=merge state=NEGOTIATING->NEGOTIATING speed=4.14 target=4.32 neighbors=11
obu-host-car-1         | [38.7] Host_Car role=cruise state=CRUISE->CRUISE speed=7.50 target=7.50 neighbors=11
obu-ramp-merge-3-1     | [38.7] Ramp_Merge_3 role=cruise state=CRUISE->CRUISE speed=7.48 target=7.50 neighbors=11
obu-ramp-merge-4-1     | MERGE_APPLY_REAR_GUARD_FLOW_PROTECT: vehicle=Ramp_Merge_4 rear=106 host=None speed=6.70 target=6.75 rear_speed=7.39 rear_gap=0.00 rear_gap_t1=0.00 rear_gap_t2=0.00 rear_gap_t3=0.00 rear_closing=0.69 closing_ttc=0.00 lane_cmd_state=APPLY edge=1331698336 lane=0 dtm=50.7
obu-ramp-merge-2-1     | [38.7] Ramp_Merge_2 role=cruise state=CRUISE->CRUISE speed=7.49 target=7.50 neighbors=11
obu-main-mid-right-1   | [38.7] Main_Mid_Right role=cruise state=CRUISE->CRUISE speed=7.50 target=7.50 neighbors=11
obu-main-back-left-1   | HOST_RESERVATION_HOLD: host=Main_Back_Left ramp=112 manoeuvre=158 remaining=3.2 own_speed=6.49 target_speed=6.46 ramp_fsm=NEGOTIATING ramp_lane_cmd_state=WAIT_EDGE ramp_edge=:390064918_0 ramp_lane=0 ramp_merge_completed=False ramp_merge_committed=True
obu-main-back-left-1   | [38.9] Main_Back_Left HOST_HOLD_YIELD: for merge=112 spd=6.46
obu-main-back-left-1   | [38.9] Main_Back_Left MCM_TX_ACCEPT: manoeuvre=158 target=112
obu-ramp-merge-4-1     | [39.0] Ramp_Merge_4 role=merge state=MERGING->MERGING speed=6.71 target=6.75 neighbors=11
obu-ramp-merge-5-1     | [39.0] Ramp_Merge_5 role=cruise state=CRUISE->CRUISE speed=7.17 target=7.50 neighbors=11
obu-ramp-back-1        | [39.0] Ramp_Back MERGE_LANE_APPLY_CONFIRMED: edge=1331698336 lane=0 target_lane=1 lane_count=3 executable=True
obu-main-front-left-1  | [39.1] Main_Front_Left role=cruise state=CRUISE->CRUISE speed=7.50 target=7.50 neighbors=11
obu-ramp-back-1        | [39.0] Ramp_Back MCM_RX_ACCEPT: from=105 manoeuvre=158 target=112
obu-main-back-left-1   | HOST_RESERVATION_HOLD: host=Main_Back_Left ramp=112 manoeuvre=158 remaining=3.1 own_speed=6.49 target_speed=6.46 ramp_fsm=NEGOTIATING ramp_lane_cmd_state=WAIT_EDGE ramp_edge=:390064918_0 ramp_lane=0 ramp_merge_completed=False ramp_merge_committed=True
obu-main-back-left-1   | [39.0] Main_Back_Left HOST_HOLD_YIELD: for merge=112 spd=6.46
obu-ramp-back-1        | [39.0] Ramp_Back MERGE_PHYSICAL_START_DELAYED_UNTIL_LANE_APPLY: waited_s=6.5 edge=1331698336 lane=0 target_lane=1 lane_count=3 lane_cmd_state=APPLY executable=True dtm=5.0 speed=4.16 reason=apply_seen
obu-ramp-back-1        | [39.0] Ramp_Back MERGE_START_GAP_DIAG: event=apply_seen lead=None host=105 lead_eta=None own_eta=1.211527228965037 host_eta=18.3496902901556 lead_gap=None host_gap=112.86301576828166 lead_gap_p1=None lead_gap_p2=None lead_gap_p3=None host_gap_p1=112.86301576828166 host_gap_p2=112.86301576828166 host_gap_p3=112.86301576828166 rel_to_lead=None rel_to_host=-1.8391865862412642 lead_lat=None host_lat=4.710162524155564 edge=1331698336 lane=0 lane_cmd_state=APPLY lane_cmd_edge=1331698336 lane_cmd_target=1 lane_cmd_executable=True dtm=5.0 speed=4.16
obu-ramp-back-1        | MERGE_ATTEMPT_TIMELINE: vehicle=Ramp_Back manoeuvre=158 host=105 lead=None event=PHYSICAL_START t=39.0 edge=1331698336 lane=0 lane_cmd_state=APPLY speed=4.16 target=6.75 dtm=5.0 lead_gap= host_gap=112.86 lead_gap_t1= lead_gap_t2= lead_gap_t3= host_gap_t1=112.86 host_gap_t2=112.86 host_gap_t3=112.86
obu-ramp-back-1        | [39.0] Ramp_Back MERGE_PHYSICAL_START: host=105 manoeuvre=158
obu-ramp-back-1        | [39.0] Ramp_Back MERGING!
obu-ramp-back-1        | MERGE_ATTEMPT_TIMELINE: vehicle=Ramp_Back manoeuvre=158 host=105 lead=None event=APPLY t=39.0 edge=1331698336 lane=0 lane_cmd_state=APPLY speed=4.16 target=6.75 dtm=5.0 lead_gap= host_gap=112.86 lead_gap_t1= lead_gap_t2= lead_gap_t3= host_gap_t1=112.86 host_gap_t2=112.86 host_gap_t3=112.86
obu-ramp-back-1        | [39.0] Ramp_Back MERGE_COMMIT_LANE_APPLY_ACTIVE: edge=1331698336 lane=0 target_lane=1 lane_count=3 executable=True speed=4.16 dtm=5.0
obu-ramp-back-1        | MERGE_ATTEMPT_TIMELINE: vehicle=Ramp_Back manoeuvre=158 host=105 lead=None event=CLEAR t=39.1 edge=1331698336 lane=1 lane_cmd_state=CLEAR speed=4.17 target=6.75 dtm=2.5 lead_gap= host_gap=91.34 lead_gap_t1= lead_gap_t2= lead_gap_t3= host_gap_t1=91.34 host_gap_t2=91.34 host_gap_t3=91.34
obu-ramp-back-1        | [39.1] Ramp_Back MERGE_LANE_CLEAR_CONFIRMED: edge=1331698336 lane=1 target_lane=1 lane_count=3 executable=False
obu-main-back-left-1   | HOST_RESERVATION_HOLD: host=Main_Back_Left ramp=112 manoeuvre=158 remaining=2.9 own_speed=6.49 target_speed=6.46 ramp_fsm=NEGOTIATING ramp_lane_cmd_state=WAIT_EDGE ramp_edge=:390064918_0 ramp_lane=0 ramp_merge_completed=False ramp_merge_committed=True
obu-main-back-left-1   | [39.2] Main_Back_Left HOST_HOLD_YIELD: for merge=112 spd=6.46
obu-main-back-left-1   | [39.2] Main_Back_Left MCM_TX_ACCEPT: manoeuvre=158 target=112
obu-main-back-left-1   | [39.2] Main_Back_Left role=host state=YIELDING->YIELDING speed=6.49 target=6.46 neighbors=11
obu-ramp-back-1        | MERGE_ATTEMPT_TIMELINE: vehicle=Ramp_Back manoeuvre=158 host=105 lead=None event=COMPLETED t=39.2 edge=1331698336 lane=1 lane_cmd_state=CLEAR speed=4.18 target=6.75 dtm=2.9 lead_gap= host_gap=91.23 lead_gap_t1= lead_gap_t2= lead_gap_t3= host_gap_t1=91.23 host_gap_t2=91.23 host_gap_t3=91.23
obu-ramp-back-1        | [39.2] Ramp_Back MERGE_COMPLETED: eid=1331698336 lane=1 clean=True
obu-main-back-right-1  | [39.2] Main_Back_Right role=cruise state=CRUISE->CRUISE speed=7.43 target=7.50 neighbors=11
obu-ramp-merge-4-1     | MERGE_APPLY_REAR_GUARD_FLOW_PROTECT: vehicle=Ramp_Merge_4 rear=106 host=None speed=6.71 target=6.75 rear_speed=7.42 rear_gap=0.00 rear_gap_t1=0.00 rear_gap_t2=0.00 rear_gap_t3=0.00 rear_closing=0.71 closing_ttc=0.00 lane_cmd_state=APPLY edge=1331698336 lane=0 dtm=54.0
obu-ramp-back-1        | [39.2] Ramp_Back MCM_RX_ACCEPT: from=105 manoeuvre=158 target=112
obu-main-back-left-1   | HOST_RESERVATION_RELEASE_AFTER_CLEAR: host=Main_Back_Left ramp=112 manoeuvre=158 reason=completed ramp_fsm=CRUISE ramp_lcs=CLEAR ramp_edge=1331698336 ramp_merge_completed=True
obu-merge-car-1        | [39.4] Merge_Car role=cruise state=CRUISE->CRUISE speed=7.50 target=7.50 neighbors=11
traci-bridge-1         | LANE_CMD_STATE veh=Ramp_Merge_4 edge=1331698336 lane=0 target=1 lane_count=3 recently=True speed=6.60
traci-bridge-1         | LANE_CMD_STATE veh=Ramp_Back edge=34126779 lane=0 target=1 lane_count=1 recently=False speed=5.96
traci-bridge-1         | LANE_CMD_WAIT_EDGE veh=Ramp_Back edge=34126779 lane=0 target=1 lane_count=1
traci-bridge-1         | LANE_CMD_STATE veh=Ramp_Merge_4 edge=1331698336 lane=0 target=1 lane_count=3 recently=True speed=6.61
traci-bridge-1         | LANE_CMD_STATE veh=Ramp_Back edge=34126779 lane=0 target=1 lane_count=1 recently=False speed=5.78
traci-bridge-1         | LANE_CMD_WAIT_EDGE veh=Ramp_Back edge=34126779 lane=0 target=1 lane_count=1
traci-bridge-1         | LANE_CMD_STATE veh=Ramp_Merge_4 edge=1331698336 lane=0 target=1 lane_count=3 recently=True speed=6.62
traci-bridge-1         | LANE_CMD_STATE veh=Ramp_Back edge=34126779 lane=0 target=1 lane_count=1 recently=False speed=5.60
traci-bridge-1         | LANE_CMD_WAIT_EDGE veh=Ramp_Back edge=34126779 lane=0 target=1 lane_count=1
traci-bridge-1         | LANE_CMD_STATE veh=Ramp_Merge_4 edge=1331698336 lane=0 target=1 lane_count=3 recently=True speed=6.62
traci-bridge-1         | LANE_CMD_STATE veh=Ramp_Back edge=34126779 lane=0 target=1 lane_count=1 recently=False speed=5.43
traci-bridge-1         | LANE_CMD_WAIT_EDGE veh=Ramp_Back edge=34126779 lane=0 target=1 lane_count=1
traci-bridge-1         | LANE_CMD_STATE veh=Ramp_Merge_4 edge=1331698336 lane=0 target=1 lane_count=3 recently=True speed=6.63
traci-bridge-1         | LANE_CMD_STATE veh=Ramp_Back edge=34126779 lane=0 target=1 lane_count=1 recently=False speed=5.27
traci-bridge-1         | LANE_CMD_WAIT_EDGE veh=Ramp_Back edge=34126779 lane=0 target=1 lane_count=1
traci-bridge-1         | LANE_CMD_STATE veh=Ramp_Merge_4 edge=1331698336 lane=0 target=1 lane_count=3 recently=True speed=6.64
traci-bridge-1         | LANE_CMD_STATE veh=Ramp_Back edge=34126779 lane=0 target=1 lane_count=1 recently=False speed=5.12
traci-bridge-1         | LANE_CMD_WAIT_EDGE veh=Ramp_Back edge=34126779 lane=0 target=1 lane_count=1
traci-bridge-1         | LANE_CMD_STATE veh=Ramp_Merge_4 edge=1331698336 lane=0 target=1 lane_count=3 recently=True speed=6.64
traci-bridge-1         | LANE_CMD_STATE veh=Ramp_Back edge=34126779 lane=0 target=1 lane_count=1 recently=False speed=4.98
traci-bridge-1         | LANE_CMD_WAIT_EDGE veh=Ramp_Back edge=34126779 lane=0 target=1 lane_count=1
traci-bridge-1         | LANE_CMD_STATE veh=Ramp_Merge_4 edge=1331698336 lane=0 target=1 lane_count=3 recently=True speed=6.65
traci-bridge-1         | LANE_CMD_STATE veh=Ramp_Back edge=34126779 lane=0 target=1 lane_count=1 recently=False speed=4.84
traci-bridge-1         | LANE_CMD_WAIT_EDGE veh=Ramp_Back edge=34126779 lane=0 target=1 lane_count=1
traci-bridge-1         | LANE_CMD_STATE veh=Ramp_Merge_4 edge=1331698336 lane=0 target=1 lane_count=3 recently=True speed=6.65
traci-bridge-1         | LANE_CMD_STATE veh=Ramp_Back edge=34126779 lane=0 target=1 lane_count=1 recently=False speed=4.71
traci-bridge-1         | LANE_CMD_WAIT_EDGE veh=Ramp_Back edge=34126779 lane=0 target=1 lane_count=1
traci-bridge-1         | LANE_CMD_STATE veh=Ramp_Merge_4 edge=1331698336 lane=0 target=1 lane_count=3 recently=True speed=6.66
traci-bridge-1         | LANE_CMD_STATE veh=Ramp_Back edge=34126779 lane=0 target=1 lane_count=1 recently=False speed=4.59
traci-bridge-1         | LANE_CMD_WAIT_EDGE veh=Ramp_Back edge=34126779 lane=0 target=1 lane_count=1
traci-bridge-1         | LANE_CMD_STATE veh=Ramp_Merge_4 edge=1331698336 lane=0 target=1 lane_count=3 recently=True speed=6.66
traci-bridge-1         | LANE_CMD_STATE veh=Ramp_Back edge=34126779 lane=0 target=1 lane_count=1 recently=False speed=4.47
traci-bridge-1         | LANE_CMD_WAIT_EDGE veh=Ramp_Back edge=34126779 lane=0 target=1 lane_count=1
traci-bridge-1         | LANE_CMD_STATE veh=Ramp_Merge_4 edge=1331698336 lane=0 target=1 lane_count=3 recently=True speed=6.67
traci-bridge-1         | LANE_CMD_STATE veh=Ramp_Back edge=34126779 lane=0 target=1 lane_count=1 recently=False speed=4.36
traci-bridge-1         | LANE_CMD_WAIT_EDGE veh=Ramp_Back edge=34126779 lane=0 target=1 lane_count=1
traci-bridge-1         | LANE_CMD_STATE veh=Ramp_Merge_4 edge=1331698336 lane=0 target=1 lane_count=3 recently=True speed=6.67
traci-bridge-1         | LANE_CMD_STATE veh=Ramp_Back edge=34126779 lane=0 target=1 lane_count=1 recently=False speed=4.26
traci-bridge-1         | LANE_CMD_WAIT_EDGE veh=Ramp_Back edge=34126779 lane=0 target=1 lane_count=1
traci-bridge-1         | LANE_CMD_STATE veh=Ramp_Merge_4 edge=1331698336 lane=0 target=1 lane_count=3 recently=True speed=6.67
traci-bridge-1         | LANE_CMD_STATE veh=Ramp_Back edge=34126779 lane=0 target=1 lane_count=1 recently=False speed=4.16
traci-bridge-1         | LANE_CMD_WAIT_EDGE veh=Ramp_Back edge=34126779 lane=0 target=1 lane_count=1
traci-bridge-1         | LANE_CMD_STATE veh=Ramp_Merge_4 edge=1331698336 lane=0 target=1 lane_count=3 recently=True speed=6.68
traci-bridge-1         | LANE_CMD_STATE veh=Ramp_Back edge=34126779 lane=0 target=1 lane_count=1 recently=False speed=4.06
traci-bridge-1         | LANE_CMD_WAIT_EDGE veh=Ramp_Back edge=34126779 lane=0 target=1 lane_count=1
traci-bridge-1         | LANE_CMD_STATE veh=Ramp_Merge_4 edge=1331698336 lane=0 target=1 lane_count=3 recently=True speed=6.68
traci-bridge-1         | LANE_CMD_STATE veh=Ramp_Back edge=34126779 lane=0 target=1 lane_count=1 recently=False speed=4.08
traci-bridge-1         | LANE_CMD_WAIT_EDGE veh=Ramp_Back edge=34126779 lane=0 target=1 lane_count=1
traci-bridge-1         | LANE_CMD_STATE veh=Ramp_Merge_4 edge=1331698336 lane=0 target=1 lane_count=3 recently=True speed=6.69
traci-bridge-1         | LANE_CMD_STATE veh=Ramp_Back edge=34126779 lane=0 target=1 lane_count=1 recently=False speed=4.09
traci-bridge-1         | LANE_CMD_WAIT_EDGE veh=Ramp_Back edge=34126779 lane=0 target=1 lane_count=1
traci-bridge-1         | LANE_CMD_STATE veh=Ramp_Merge_4 edge=1331698336 lane=0 target=1 lane_count=3 recently=True speed=6.69
traci-bridge-1         | LANE_CMD_STATE veh=Ramp_Back edge=34126779 lane=0 target=1 lane_count=1 recently=False speed=4.09
traci-bridge-1         | LANE_CMD_WAIT_EDGE veh=Ramp_Back edge=34126779 lane=0 target=1 lane_count=1
traci-bridge-1         | LANE_CMD_STATE veh=Ramp_Merge_4 edge=1331698336 lane=0 target=1 lane_count=3 recently=True speed=6.69
traci-bridge-1         | LANE_CMD_STATE veh=Ramp_Back edge=:390064918_0 lane=0 target=1 lane_count=1 recently=False speed=4.10
traci-bridge-1         | LANE_CMD_WAIT_EDGE veh=Ramp_Back edge=:390064918_0 lane=0 target=1 lane_count=1
traci-bridge-1         | LANE_CMD_STATE veh=Ramp_Merge_4 edge=1331698336 lane=0 target=1 lane_count=3 recently=True speed=6.69
traci-bridge-1         | LANE_CMD_STATE veh=Ramp_Back edge=:390064918_0 lane=0 target=1 lane_count=1 recently=False speed=4.11
traci-bridge-1         | LANE_CMD_WAIT_EDGE veh=Ramp_Back edge=:390064918_0 lane=0 target=1 lane_count=1
traci-bridge-1         | LANE_CMD_STATE veh=Ramp_Merge_4 edge=1331698336 lane=0 target=1 lane_count=3 recently=True speed=6.70
traci-bridge-1         | LANE_CMD_STATE veh=Ramp_Back edge=:390064918_0 lane=0 target=1 lane_count=1 recently=False speed=4.12
traci-bridge-1         | LANE_CMD_WAIT_EDGE veh=Ramp_Back edge=:390064918_0 lane=0 target=1 lane_count=1
traci-bridge-1         | LANE_CMD_STATE veh=Ramp_Merge_4 edge=1331698336 lane=0 target=1 lane_count=3 recently=True speed=6.70
traci-bridge-1         | LANE_CMD_STATE veh=Ramp_Back edge=:390064918_0 lane=0 target=1 lane_count=1 recently=False speed=4.13
traci-bridge-1         | LANE_CMD_WAIT_EDGE veh=Ramp_Back edge=:390064918_0 lane=0 target=1 lane_count=1
traci-bridge-1         | LANE_CMD_STATE veh=Ramp_Merge_4 edge=1331698336 lane=0 target=1 lane_count=3 recently=True speed=6.70
traci-bridge-1         | LANE_CMD_STATE veh=Ramp_Back edge=:390064918_0 lane=0 target=1 lane_count=1 recently=False speed=4.14
traci-bridge-1         | LANE_CMD_WAIT_EDGE veh=Ramp_Back edge=:390064918_0 lane=0 target=1 lane_count=1
traci-bridge-1         | LANE_CMD_STATE veh=Ramp_Merge_4 edge=1331698336 lane=0 target=1 lane_count=3 recently=True speed=6.71
traci-bridge-1         | LANE_CMD_STATE veh=Ramp_Back edge=:390064918_0 lane=0 target=1 lane_count=1 recently=False speed=4.14
traci-bridge-1         | LANE_CMD_WAIT_EDGE veh=Ramp_Back edge=:390064918_0 lane=0 target=1 lane_count=1
traci-bridge-1         | LANE_CMD_STATE veh=Ramp_Merge_4 edge=1331698336 lane=0 target=1 lane_count=3 recently=True speed=6.71
traci-bridge-1         | LANE_CMD_STATE veh=Ramp_Back edge=:390064918_0 lane=0 target=1 lane_count=1 recently=False speed=4.15
traci-bridge-1         | LANE_CMD_WAIT_EDGE veh=Ramp_Back edge=:390064918_0 lane=0 target=1 lane_count=1
traci-bridge-1         | LANE_CMD_STATE veh=Ramp_Merge_4 edge=1331698336 lane=0 target=1 lane_count=3 recently=True speed=6.71
traci-bridge-1         | LANE_CMD_STATE veh=Ramp_Back edge=1331698336 lane=0 target=1 lane_count=3 recently=False speed=4.16
traci-bridge-1         | LANE_CMD_APPLY veh=Ramp_Back edge=1331698336 from_lane=0 target=1 duration=2.00 mode=256 speed=4.16
traci-bridge-1         | LANE_CMD_STATE veh=Ramp_Merge_4 edge=1331698336 lane=0 target=1 lane_count=3 recently=True speed=6.71
traci-bridge-1         | LANE_CMD_STATE veh=Ramp_Back edge=1331698336 lane=1 target=1 lane_count=3 recently=True speed=4.17
traci-bridge-1         | LANE_CMD_CLEAR veh=Ramp_Back edge=1331698336 target=1
traci-bridge-1         | LANE_CMD_STATE veh=Ramp_Merge_4 edge=1331698336 lane=0 target=1 lane_count=3 recently=True speed=6.71
traci-bridge-1         | LANE_CMD_STATE veh=Ramp_Back edge=1331698336 lane=1 target=1 lane_count=3 recently=False speed=4.18
traci-bridge-1         | LANE_CMD_CLEAR veh=Ramp_Back edge=1331698336 target=1
traci-bridge-1         | LANE_CMD_STATE veh=Ramp_Merge_4 edge=1331698336 lane=0 target=1 lane_count=3 recently=True speed=6.72
traci-bridge-1         | LANE_CMD_STATE veh=Ramp_Merge_4 edge=1331698336 lane=0 target=1 lane_count=3 recently=True speed=6.72
traci-bridge-1         | LANE_CMD_STATE veh=Ramp_Merge_4 edge=1331698336 lane=0 target=1 lane_count=3 recently=True speed=6.72
traci-bridge-1         | LANE_CMD_STATE veh=Ramp_Merge_4 edge=1331698336 lane=0 target=1 lane_count=3 recently=True speed=6.72
obu-host-car-1         | [39.7] Host_Car role=cruise state=CRUISE->CRUISE speed=7.50 target=7.50 neighbors=11
obu-ramp-merge-2-1     | [39.7] Ramp_Merge_2 role=cruise state=CRUISE->CRUISE speed=7.48 target=7.50 neighbors=11
obu-main-mid-right-1   | [39.7] Main_Mid_Right role=cruise state=CRUISE->CRUISE speed=7.50 target=7.50 neighbors=11
obu-lead-car-1         | [39.7] Lead_Car role=cruise state=CRUISE->CRUISE speed=7.50 target=7.50 neighbors=11
obu-ramp-back-1        | [39.7] Ramp_Back role=host state=CRUISE->CRUISE speed=4.90 target=7.50 neighbors=11
obu-ramp-merge-3-1     | [39.7] Ramp_Merge_3 role=cruise state=CRUISE->CRUISE speed=7.49 target=7.50 neighbors=11
obu-ramp-merge-5-1     | [40.0] Ramp_Merge_5 role=cruise state=CRUISE->CRUISE speed=7.30 target=7.50 neighbors=11
obu-main-front-left-1  | [40.1] Main_Front_Left role=cruise state=CRUISE->CRUISE speed=7.50 target=7.50 neighbors=11
obu-ramp-merge-4-1     | [40.1] Ramp_Merge_4 role=merge state=MERGING->MERGING speed=6.73 target=6.75 neighbors=11
obu-main-back-left-1   | [40.2] Main_Back_Left role=cruise state=CRUISE->CRUISE speed=6.75 target=7.50 neighbors=11
obu-main-back-right-1  | [40.2] Main_Back_Right role=cruise state=CRUISE->CRUISE speed=7.46 target=7.50 neighbors=11
obu-merge-car-1        | [40.4] Merge_Car role=cruise state=CRUISE->CRUISE speed=7.50 target=7.50 neighbors=11
obu-host-car-1         | [40.7] Host_Car role=cruise state=CRUISE->CRUISE speed=7.50 target=7.50 neighbors=11
obu-main-mid-right-1   | [40.7] Main_Mid_Right role=cruise state=CRUISE->CRUISE speed=7.50 target=7.50 neighbors=11
obu-ramp-merge-3-1     | [40.7] Ramp_Merge_3 role=cruise state=CRUISE->CRUISE speed=7.49 target=7.50 neighbors=11
obu-ramp-back-1        | [40.7] Ramp_Back role=cruise state=CRUISE->CRUISE speed=5.94 target=7.50 neighbors=11
obu-lead-car-1         | [40.8] Lead_Car role=cruise state=CRUISE->CRUISE speed=7.50 target=7.50 neighbors=11
obu-ramp-merge-2-1     | [40.7] Ramp_Merge_2 role=cruise state=CRUISE->CRUISE speed=7.25 target=7.50 neighbors=11
obu-ramp-merge-5-1     | [41.0] Ramp_Merge_5 role=cruise state=CRUISE->CRUISE speed=7.38 target=7.50 neighbors=11
obu-ramp-merge-4-1     | MERGE_APPLY_REAR_GUARD_FLOW_PROTECT: vehicle=Ramp_Merge_4 rear=111 host=None speed=1.92 target=6.75 rear_speed=7.38 rear_gap=15.13 rear_gap_t1=9.67 rear_gap_t2=4.21 rear_gap_t3=0.00 rear_closing=5.46 closing_ttc=2.77 lane_cmd_state=APPLY edge=1331698336 lane=0 dtm=64.6
obu-ramp-merge-4-1     | [41.2] Ramp_Merge_4 role=merge state=MERGING->MERGING speed=1.92 target=6.75 neighbors=11
obu-main-back-right-1  | [41.2] Main_Back_Right role=cruise state=CRUISE->CRUISE speed=7.47 target=7.50 neighbors=11
obu-main-front-left-1  | [41.2] Main_Front_Left role=cruise state=CRUISE->CRUISE speed=7.50 target=7.50 neighbors=11
obu-main-back-left-1   | [41.2] Main_Back_Left role=cruise state=CRUISE->CRUISE speed=7.05 target=7.50 neighbors=11
obu-merge-car-1        | [41.4] Merge_Car role=cruise state=CRUISE->CRUISE speed=7.50 target=7.50 neighbors=11
obu-ramp-merge-4-1     | MERGE_ATTEMPT_TIMELINE: vehicle=Ramp_Merge_4 manoeuvre=96 host=None lead=106 event=CLEAR t=41.6 edge=1331698336 lane=1 lane_cmd_state=CLEAR speed=0.12 target=6.75 dtm=64.8 lead_gap=2.88 host_gap= lead_gap_t1=2.88 lead_gap_t2=2.88 lead_gap_t3=2.88 host_gap_t1= host_gap_t2= host_gap_t3=
obu-ramp-merge-4-1     | [41.6] Ramp_Merge_4 MERGE_LANE_CLEAR_CONFIRMED: edge=1331698336 lane=1 target_lane=1 lane_count=3 executable=False
obu-ramp-merge-4-1     | MERGE_COMPLETION_REAR_GUARD_HOLD: vehicle=Ramp_Merge_4 host=None lead=106 held_s=0.0 speed=0.12 target=6.75 lead_gap=2.88 hazard_sid=111 gap=12.48 t1=5.20 t2=0.00 t3=0.00 ttc=1.71 lane_cmd_state=CLEAR edge=1331698336 lane=1
obu-ramp-merge-4-1     | POST_CLEAR_REAR_GUARD_FLOW_PROTECT: vehicle=Ramp_Merge_4 protected speed from 2.25 to 4.88 (flow)
obu-ramp-merge-4-1     | [41.6] Ramp_Merge_4 CAR_FOLLOW: sid=106 edge=1331698336 lane=1 leader_edge= leader_lane=None leader_role_hint=main self_merge_completed=False self_merge_completed_age=-1.0 self_merge_committed=True lane_cmd_state=CLEAR lane_cmd_edge=1331698336 lane_cmd_target=1 lane_cmd_executable=False same_lane=True reason=same_lane_cam gap=2.9 follow_spd=4.88 emergency=False target_before=6.75 target_after=4.875 target_after_raw=2.25
obu-ramp-merge-4-1     | MERGE_ATTEMPT_TIMELINE: vehicle=Ramp_Merge_4 manoeuvre=96 host=None lead=106 event=POST_CLEAR_CAR_FOLLOW t=41.6 edge=1331698336 lane=1 lane_cmd_state=CLEAR speed=0.12 target=4.88 dtm=64.8 lead_gap=2.88 host_gap= lead_gap_t1=2.88 lead_gap_t2=2.88 lead_gap_t3=2.88 host_gap_t1= host_gap_t2= host_gap_t3=
obu-ramp-merge-4-1     | [41.6] Ramp_Merge_4 POST_CLEAR_CAR_FOLLOW: age=0.0 sid=106 gap=2.9 reason=same_lane_cam follow_spd=4.88 self_edge=1331698336 self_lane=1 leader_edge= leader_lane=None lane_cmd_state=CLEAR
obu-main-mid-right-1   | [41.7] Main_Mid_Right role=cruise state=CRUISE->CRUISE speed=7.50 target=7.50 neighbors=11
obu-host-car-1         | [41.7] Host_Car role=cruise state=CRUISE->CRUISE speed=7.50 target=7.50 neighbors=11
obu-ramp-merge-4-1     | [41.7] Ramp_Merge_4 MERGE_LANE_APPLY_CONFIRMED: edge=:1487416310_0 lane=0 target_lane=1 lane_count=2 executable=False
obu-ramp-merge-4-1     | [41.7] Ramp_Merge_4 MERGE_COMMIT_LANE_APPLY_ACTIVE: edge=:1487416310_0 lane=0 target_lane=1 lane_count=2 executable=False speed=0.12 dtm=64.8
obu-ramp-merge-4-1     | MERGE_APPLY_REAR_GUARD_FLOW_PROTECT: vehicle=Ramp_Merge_4 rear=111 host=None speed=0.12 target=6.75 rear_speed=7.40 rear_gap=12.49 rear_gap_t1=5.21 rear_gap_t2=0.00 rear_gap_t3=0.00 rear_closing=7.28 closing_ttc=1.72 lane_cmd_state=APPLY edge=:1487416310_0 lane=0 dtm=64.8
obu-ramp-merge-4-1     | [41.7] Ramp_Merge_4 FINAL_GUARD: REJECTED slot-boundary sid=106 gap=8.1
obu-ramp-merge-4-1     | [41.7] Ramp_Merge_4 MERGE_COMMIT_SAFETY_HOLD: lgok=True hgok=True fgok=False edge=:1487416310_0 lane=0 target_lane=1 speed=0.12 lane_cmd_state=APPLY lane_cmd_executable=False lane_cmd_edge=:1487416310_0 lane_cmd_lane_count=2
obu-ramp-merge-4-1     | POST_CLEAR_REAR_GUARD_FLOW_PROTECT: vehicle=Ramp_Merge_4 protected speed from 2.25 to 4.88 (flow)
obu-ramp-merge-4-1     | [41.7] Ramp_Merge_4 CAR_FOLLOW: sid=106 edge=:1487416310_0 lane=0 leader_edge= leader_lane=None leader_role_hint=main self_merge_completed=False self_merge_completed_age=-1.0 self_merge_committed=True lane_cmd_state=APPLY lane_cmd_edge=:1487416310_0 lane_cmd_target=1 lane_cmd_executable=False same_lane=True reason=same_lane_cam gap=3.6 follow_spd=4.88 emergency=False target_before=2.25 target_after=4.875 target_after_raw=2.25
obu-ramp-merge-4-1     | MERGE_ATTEMPT_TIMELINE: vehicle=Ramp_Merge_4 manoeuvre=96 host=None lead=106 event=POST_CLEAR_CAR_FOLLOW t=41.7 edge=:1487416310_0 lane=0 lane_cmd_state=APPLY speed=0.12 target=4.88 dtm=64.8 lead_gap=3.61 host_gap= lead_gap_t1=3.61 lead_gap_t2=3.61 lead_gap_t3=3.61 host_gap_t1= host_gap_t2= host_gap_t3=
obu-ramp-merge-4-1     | [41.7] Ramp_Merge_4 POST_CLEAR_CAR_FOLLOW: age=0.1 sid=106 gap=3.6 reason=same_lane_cam follow_spd=4.88 self_edge=:1487416310_0 self_lane=0 leader_edge= leader_lane=None lane_cmd_state=APPLY
obu-ramp-merge-3-1     | [41.7] Ramp_Merge_3 role=cruise state=CRUISE->CRUISE speed=7.49 target=7.50 neighbors=11
obu-ramp-back-1        | [41.7] Ramp_Back role=cruise state=CRUISE->CRUISE speed=6.57 target=7.50 neighbors=11
obu-ramp-merge-2-1     | [41.8] Ramp_Merge_2 role=cruise state=CRUISE->CRUISE speed=7.19 target=7.50 neighbors=11
obu-lead-car-1         | [41.9] Lead_Car role=cruise state=CRUISE->CRUISE speed=7.50 target=7.50 neighbors=11
obu-ramp-merge-4-1     | [41.9] Ramp_Merge_4 FINAL_GUARD: REJECTED sid=111 gap=15.2 ttc_danger=True
obu-ramp-merge-4-1     | [41.9] Ramp_Merge_4 MERGE_COMMIT_SAFETY_HOLD: lgok=True hgok=True fgok=False edge=:1487416310_0 lane=1 target_lane=1 speed=0.32 lane_cmd_state=HOLD_INTERNAL lane_cmd_executable=False lane_cmd_edge=:1487416310_0 lane_cmd_lane_count=2
obu-ramp-merge-4-1     | [42.0] Ramp_Merge_4 FINAL_GUARD: REJECTED sid=111 gap=14.0 ttc_danger=True
obu-ramp-merge-4-1     | [42.0] Ramp_Merge_4 MERGE_COMMIT_SAFETY_HOLD: lgok=True hgok=True fgok=False edge=:1487416310_0 lane=1 target_lane=1 speed=0.52 lane_cmd_state=HOLD_INTERNAL lane_cmd_executable=False lane_cmd_edge=:1487416310_0 lane_cmd_lane_count=2
obu-ramp-merge-5-1     | [42.0] Ramp_Merge_5 role=cruise state=CRUISE->CRUISE speed=6.61 target=7.50 neighbors=11
obu-ramp-merge-4-1     | [42.1] Ramp_Merge_4 FINAL_GUARD: REJECTED sid=111 gap=14.0 ttc_danger=True
obu-ramp-merge-4-1     | [42.1] Ramp_Merge_4 MERGE_COMMIT_SAFETY_HOLD: lgok=True hgok=True fgok=False edge=:1487416310_0 lane=1 target_lane=1 speed=0.61 lane_cmd_state=HOLD_INTERNAL lane_cmd_executable=False lane_cmd_edge=:1487416310_0 lane_cmd_lane_count=2
obu-main-front-left-1  | [42.2] Main_Front_Left role=cruise state=CRUISE->CRUISE speed=7.50 target=7.50 neighbors=11
obu-main-back-left-1   | [42.2] Main_Back_Left role=cruise state=CRUISE->CRUISE speed=7.23 target=7.50 neighbors=11
obu-main-back-right-1  | [42.2] Main_Back_Right role=cruise state=CRUISE->CRUISE speed=7.48 target=7.50 neighbors=11
obu-ramp-merge-4-1     | [42.3] Ramp_Merge_4 FINAL_GUARD: REJECTED sid=111 gap=12.9 ttc_danger=True
obu-ramp-merge-4-1     | [42.3] Ramp_Merge_4 MERGE_COMMIT_SAFETY_HOLD: lgok=True hgok=True fgok=False edge=:1487416310_0 lane=1 target_lane=1 speed=0.77 lane_cmd_state=HOLD_INTERNAL lane_cmd_executable=False lane_cmd_edge=:1487416310_0 lane_cmd_lane_count=2
obu-ramp-merge-4-1     | [42.3] Ramp_Merge_4 role=merge state=MERGING->MERGING speed=0.77 target=2.25 neighbors=11
obu-ramp-merge-4-1     | [42.4] Ramp_Merge_4 FINAL_GUARD: REJECTED sid=111 gap=11.7 ttc_danger=True
obu-ramp-merge-4-1     | [42.4] Ramp_Merge_4 MERGE_COMMIT_SAFETY_HOLD: lgok=True hgok=True fgok=False edge=:1487416310_0 lane=1 target_lane=1 speed=0.84 lane_cmd_state=HOLD_INTERNAL lane_cmd_executable=False lane_cmd_edge=:1487416310_0 lane_cmd_lane_count=2
obu-merge-car-1        | [42.4] Merge_Car role=cruise state=CRUISE->CRUISE speed=7.50 target=7.50 neighbors=11
obu-ramp-merge-4-1     | [42.5] Ramp_Merge_4 FINAL_GUARD: REJECTED sid=111 gap=11.1 ttc_danger=True
obu-ramp-merge-4-1     | [42.5] Ramp_Merge_4 MERGE_COMMIT_SAFETY_HOLD: lgok=True hgok=True fgok=False edge=:1487416310_0 lane=1 target_lane=1 speed=0.91 lane_cmd_state=HOLD_INTERNAL lane_cmd_executable=False lane_cmd_edge=:1487416310_0 lane_cmd_lane_count=2
obu-ramp-merge-4-1     | [42.6] Ramp_Merge_4 FINAL_GUARD: REJECTED sid=111 gap=10.6 ttc_danger=True
obu-ramp-merge-4-1     | [42.6] Ramp_Merge_4 MERGE_COMMIT_SAFETY_HOLD: lgok=True hgok=True fgok=False edge=:1487416310_0 lane=1 target_lane=1 speed=0.98 lane_cmd_state=HOLD_INTERNAL lane_cmd_executable=False lane_cmd_edge=:1487416310_0 lane_cmd_lane_count=2
obu-host-car-1         | [42.7] Host_Car role=cruise state=CRUISE->CRUISE speed=7.50 target=7.50 neighbors=11
obu-main-mid-right-1   | [42.7] Main_Mid_Right role=cruise state=CRUISE->CRUISE speed=7.50 target=7.50 neighbors=11
obu-ramp-merge-3-1     | [42.7] Ramp_Merge_3 role=cruise state=CRUISE->CRUISE speed=7.50 target=7.50 neighbors=11
obu-ramp-merge-4-1     | [42.7] Ramp_Merge_4 FINAL_GUARD: REJECTED sid=111 gap=10.7 ttc_danger=True
obu-ramp-merge-4-1     | [42.7] Ramp_Merge_4 MERGE_COMMIT_SAFETY_HOLD: lgok=True hgok=True fgok=False edge=:1487416310_0 lane=1 target_lane=1 speed=1.04 lane_cmd_state=HOLD_INTERNAL lane_cmd_executable=False lane_cmd_edge=:1487416310_0 lane_cmd_lane_count=2
obu-ramp-back-1        | [42.7] Ramp_Back role=cruise state=CRUISE->CRUISE speed=6.94 target=7.50 neighbors=11
obu-lead-car-1         | [42.9] Lead_Car role=cruise state=CRUISE->CRUISE speed=7.50 target=7.50 neighbors=11
obu-ramp-merge-4-1     | [42.9] Ramp_Merge_4 FINAL_GUARD: REJECTED sid=111 gap=9.6 ttc_danger=True
obu-ramp-merge-4-1     | [42.9] Ramp_Merge_4 MERGE_COMMIT_SAFETY_HOLD: lgok=True hgok=True fgok=False edge=:1487416310_0 lane=1 target_lane=1 speed=1.16 lane_cmd_state=HOLD_INTERNAL lane_cmd_executable=False lane_cmd_edge=:1487416310_0 lane_cmd_lane_count=2
obu-ramp-merge-2-1     | [43.0] Ramp_Merge_2 role=cruise state=CRUISE->CRUISE speed=7.22 target=7.50 neighbors=11
obu-ramp-merge-5-1     | [43.0] Ramp_Merge_5 role=cruise state=CRUISE->CRUISE speed=6.97 target=7.50 neighbors=11
obu-ramp-merge-4-1     | [43.0] Ramp_Merge_4 FINAL_GUARD: REJECTED sid=111 gap=7.8 ttc_danger=True
obu-ramp-merge-4-1     | [43.0] Ramp_Merge_4 MERGE_COMMIT_SAFETY_HOLD: lgok=True hgok=True fgok=False edge=:1487416310_0 lane=1 target_lane=1 speed=1.21 lane_cmd_state=HOLD_INTERNAL lane_cmd_executable=False lane_cmd_edge=:1487416310_0 lane_cmd_lane_count=2
obu-main-front-left-1  | [43.2] Main_Front_Left role=cruise state=CRUISE->CRUISE speed=7.50 target=7.50 neighbors=11
obu-ramp-merge-4-1     | [43.1] Ramp_Merge_4 FINAL_GUARD: REJECTED sid=111 gap=7.9 ttc_danger=True
obu-ramp-merge-4-1     | [43.1] Ramp_Merge_4 MERGE_COMMIT_SAFETY_HOLD: lgok=True hgok=True fgok=False edge=:1487416310_0 lane=1 target_lane=1 speed=1.27 lane_cmd_state=HOLD_INTERNAL lane_cmd_executable=False lane_cmd_edge=:1487416310_0 lane_cmd_lane_count=2
obu-main-back-right-1  | [43.2] Main_Back_Right role=cruise state=CRUISE->CRUISE speed=7.49 target=7.50 neighbors=11
obu-ramp-merge-4-1     | [43.2] Ramp_Merge_4 FINAL_GUARD: REJECTED sid=111 gap=8.0 ttc_danger=True
obu-ramp-merge-4-1     | [43.2] Ramp_Merge_4 MERGE_COMMIT_SAFETY_HOLD: lgok=True hgok=True fgok=False edge=:1487416310_0 lane=1 target_lane=1 speed=1.31 lane_cmd_state=HOLD_INTERNAL lane_cmd_executable=False lane_cmd_edge=:1487416310_0 lane_cmd_lane_count=2
obu-main-back-left-1   | [43.3] Main_Back_Left role=cruise state=CRUISE->CRUISE speed=7.35 target=7.50 neighbors=11
obu-merge-car-1        | [43.4] Merge_Car role=cruise state=CRUISE->CRUISE speed=7.50 target=7.50 neighbors=11
obu-ramp-merge-4-1     | [43.4] Ramp_Merge_4 FINAL_GUARD: REJECTED sid=111 gap=7.0 ttc_danger=True
obu-ramp-merge-4-1     | [43.4] Ramp_Merge_4 MERGE_COMMIT_SAFETY_HOLD: lgok=True hgok=True fgok=False edge=:1487416310_0 lane=1 target_lane=1 speed=1.41 lane_cmd_state=HOLD_INTERNAL lane_cmd_executable=False lane_cmd_edge=:1487416310_0 lane_cmd_lane_count=2
obu-ramp-merge-4-1     | [43.4] Ramp_Merge_4 role=merge state=MERGING->MERGING speed=1.41 target=2.25 neighbors=11
obu-ramp-merge-4-1     | [43.5] Ramp_Merge_4 FINAL_GUARD: REJECTED sid=111 gap=7.1 ttc_danger=True
obu-ramp-merge-4-1     | [43.5] Ramp_Merge_4 MERGE_COMMIT_SAFETY_HOLD: lgok=True hgok=True fgok=False edge=:1487416310_0 lane=1 target_lane=1 speed=1.45 lane_cmd_state=HOLD_INTERNAL lane_cmd_executable=False lane_cmd_edge=:1487416310_0 lane_cmd_lane_count=2
obu-ramp-merge-4-1     | [43.6] Ramp_Merge_4 FINAL_GUARD: REJECTED sid=111 gap=6.0 ttc_danger=True
obu-ramp-merge-4-1     | [43.6] Ramp_Merge_4 MERGE_COMMIT_SAFETY_HOLD: lgok=True hgok=True fgok=False edge=:1487416310_0 lane=1 target_lane=1 speed=1.49 lane_cmd_state=HOLD_INTERNAL lane_cmd_executable=False lane_cmd_edge=:1487416310_0 lane_cmd_lane_count=2
obu-ramp-merge-3-1     | [43.7] Ramp_Merge_3 role=cruise state=CRUISE->CRUISE speed=7.50 target=7.50 neighbors=11
obu-host-car-1         | [43.7] Host_Car role=cruise state=CRUISE->CRUISE speed=7.50 target=7.50 neighbors=11
obu-main-mid-right-1   | [43.7] Main_Mid_Right role=cruise state=CRUISE->CRUISE speed=7.50 target=7.50 neighbors=11
obu-ramp-back-1        | [43.7] Ramp_Back role=cruise state=CRUISE->CRUISE speed=7.17 target=7.50 neighbors=11
obu-ramp-merge-4-1     | [43.7] Ramp_Merge_4 FINAL_GUARD: REJECTED sid=111 gap=5.0 ttc_danger=True
obu-ramp-merge-4-1     | [43.7] Ramp_Merge_4 MERGE_COMMIT_SAFETY_HOLD: lgok=True hgok=True fgok=False edge=:1487416310_0 lane=1 target_lane=1 speed=1.53 lane_cmd_state=HOLD_INTERNAL lane_cmd_executable=False lane_cmd_edge=:1487416310_0 lane_cmd_lane_count=2
obu-lead-car-1         | [43.9] Lead_Car role=cruise state=CRUISE->CRUISE speed=7.50 target=7.50 neighbors=11
obu-ramp-merge-4-1     | [44.0] Ramp_Merge_4 FINAL_GUARD: REJECTED sid=111 gap=4.8 ttc_danger=True
obu-ramp-merge-4-1     | [44.0] Ramp_Merge_4 MERGE_COMMIT_SAFETY_HOLD: lgok=True hgok=True fgok=False edge=:1487416310_0 lane=1 target_lane=1 speed=1.63 lane_cmd_state=HOLD_INTERNAL lane_cmd_executable=False lane_cmd_edge=:1487416310_0 lane_cmd_lane_count=2
obu-ramp-merge-2-1     | [44.0] Ramp_Merge_2 role=cruise state=CRUISE->CRUISE speed=7.27 target=7.50 neighbors=11
obu-ramp-merge-5-1     | [44.0] Ramp_Merge_5 role=cruise state=CRUISE->CRUISE speed=7.18 target=7.50 neighbors=11
obu-ramp-merge-4-1     | [44.1] Ramp_Merge_4 FINAL_GUARD: REJECTED sid=111 gap=3.6 ttc_danger=True
obu-ramp-merge-4-1     | [44.1] Ramp_Merge_4 MERGE_COMMIT_SAFETY_HOLD: lgok=True hgok=True fgok=False edge=:1487416310_0 lane=1 target_lane=1 speed=1.66 lane_cmd_state=HOLD_INTERNAL lane_cmd_executable=False lane_cmd_edge=:1487416310_0 lane_cmd_lane_count=2
obu-main-front-left-1  | [44.2] Main_Front_Left role=cruise state=CRUISE->CRUISE speed=7.50 target=7.50 neighbors=11
obu-main-back-right-1  | [44.2] Main_Back_Right role=cruise state=CRUISE->CRUISE speed=7.49 target=7.50 neighbors=11
obu-ramp-merge-4-1     | [44.2] Ramp_Merge_4 FINAL_GUARD: REJECTED sid=111 gap=3.2 ttc_danger=True
obu-ramp-merge-4-1     | [44.2] Ramp_Merge_4 MERGE_COMMIT_SAFETY_HOLD: lgok=True hgok=True fgok=False edge=:1487416310_0 lane=1 target_lane=1 speed=1.69 lane_cmd_state=HOLD_INTERNAL lane_cmd_executable=False lane_cmd_edge=:1487416310_0 lane_cmd_lane_count=2
obu-ramp-merge-4-1     | [44.4] Ramp_Merge_4 FINAL_GUARD: REJECTED sid=111 gap=3.3 ttc_danger=True
obu-ramp-merge-4-1     | MERGE_ATTEMPT_TIMELINE: vehicle=Ramp_Merge_4 manoeuvre=96 host=None lead=106 event=ABORT_SAFETY_HOLD t=44.4 edge=:1487416310_0 lane=1 lane_cmd_state=HOLD_INTERNAL speed=1.74 target=6.75 dtm=68.0 lead_gap=19.93 host_gap= lead_gap_t1=19.93 lead_gap_t2=19.93 lead_gap_t3=19.93 host_gap_t1= host_gap_t2= host_gap_t3=
obu-ramp-merge-4-1     | [44.4] Ramp_Merge_4 MERGE_COMMIT_ABORT_SAFETY_HOLD: lgok=True hgok=True fgok=False edge=:1487416310_0 lane=1 target_lane=1 speed=1.74 lane_cmd_state=HOLD_INTERNAL lane_cmd_executable=False lane_cmd_edge=:1487416310_0 lane_cmd_lane_count=2
obu-ramp-merge-4-1     | [44.4] Ramp_Merge_4 role=merge state=MERGING->NEGOTIATING speed=1.74 target=6.75 neighbors=11
obu-main-back-left-1   | [44.4] Main_Back_Left role=cruise state=CRUISE->CRUISE speed=7.41 target=7.50 neighbors=11
obu-merge-car-1        | [44.5] Merge_Car role=cruise state=CRUISE->CRUISE speed=7.50 target=7.50 neighbors=11
obu-ramp-merge-4-1     | [44.5] Ramp_Merge_4 FINAL_GUARD: REJECTED blind merge with main traffic
obu-ramp-merge-4-1     | [44.5] Ramp_Merge_4 MERGE_DECISION: auth=False phys=True fgok=False lgok=True hgok=True cok=True esok=True cready=True dtm=68.2 past=True committed=False hid=None ra=None lclear=True hyok=True
obu-ramp-merge-4-1     | MERGE_SLOT_QUALITY_DIAG: vehicle=Ramp_Merge_4 event=LOST_AUTH_AFTER_POINT t=44.5 manoeuvre=None source=no_main_neighbors lead=None host=None own_eta=38.53 lead_eta=None host_eta=None min_eta=None max_eta=None desired_eta=38.53 gap_possible=True dtm=68.2 edge=:1487416310_0 lane=1 speed=1.77 lead_speed=None host_speed=None lead_gap=None host_gap=None lead_gap_t1=None lead_gap_t2=None lead_gap_t3=None host_gap_t1=None host_gap_t2=None host_gap_t3=None rel_to_lead=None rel_to_host=None lead_lat=None host_lat=None pending=False accepted=False authorized=False committed=False pending_age=None accepted_age=None lane_cmd_state=HOLD_INTERNAL lane_cmd_target=1
obu-ramp-merge-4-1     | [44.5] Ramp_Merge_4 MERGE_FAILED_LOST_AUTH_AFTER_POINT: dtm=68.2 past=True hid=None auth=False
obu-ramp-merge-4-1     | [44.6] Ramp_Merge_4 FINAL_GUARD: REJECTED blind merge with main traffic
obu-ramp-merge-3-1     | [44.7] Ramp_Merge_3 role=cruise state=CRUISE->CRUISE speed=7.50 target=7.50 neighbors=11
obu-ramp-merge-4-1     | [44.7] Ramp_Merge_4 FINAL_GUARD: REJECTED blind merge with main traffic
obu-host-car-1         | [44.7] Host_Car role=cruise state=CRUISE->CRUISE speed=7.50 target=7.50 neighbors=11
obu-ramp-back-1        | [44.7] Ramp_Back role=cruise state=CRUISE->CRUISE speed=7.30 target=7.50 neighbors=11
obu-main-mid-right-1   | [44.7] Main_Mid_Right role=cruise state=CRUISE->CRUISE speed=7.50 target=7.50 neighbors=11
obu-lead-car-1         | [44.9] Lead_Car role=cruise state=CRUISE->CRUISE speed=7.50 target=7.50 neighbors=11
obu-ramp-merge-4-1     | [44.9] Ramp_Merge_4 FINAL_GUARD: REJECTED blind merge with main traffic
obu-ramp-merge-2-1     | [45.0] Ramp_Merge_2 role=cruise state=CRUISE->CRUISE speed=7.32 target=7.50 neighbors=11
obu-ramp-merge-4-1     | [45.0] Ramp_Merge_4 FINAL_GUARD: REJECTED blind merge with main traffic
traci-bridge-1         | LANE_CMD_STATE veh=Ramp_Merge_4 edge=1331698336 lane=0 target=1 lane_count=3 recently=True speed=6.72
traci-bridge-1         | LANE_CMD_STATE veh=Ramp_Merge_4 edge=1331698336 lane=0 target=1 lane_count=3 recently=True speed=6.72
traci-bridge-1         | LANE_CMD_STATE veh=Ramp_Merge_4 edge=1331698336 lane=0 target=1 lane_count=3 recently=True speed=6.72
traci-bridge-1         | LANE_CMD_STATE veh=Ramp_Merge_4 edge=1331698336 lane=0 target=1 lane_count=3 recently=True speed=6.73
traci-bridge-1         | LANE_CMD_STATE veh=Ramp_Merge_4 edge=1331698336 lane=0 target=1 lane_count=3 recently=True speed=6.73
traci-bridge-1         | LANE_CMD_STATE veh=Ramp_Merge_4 edge=1331698336 lane=0 target=1 lane_count=3 recently=True speed=6.42
traci-bridge-1         | LANE_CMD_STATE veh=Ramp_Merge_4 edge=1331698336 lane=0 target=1 lane_count=3 recently=True speed=5.97
traci-bridge-1         | LANE_CMD_STATE veh=Ramp_Merge_4 edge=1331698336 lane=0 target=1 lane_count=3 recently=True speed=5.52
traci-bridge-1         | LANE_CMD_STATE veh=Ramp_Merge_4 edge=1331698336 lane=0 target=1 lane_count=3 recently=True speed=5.07
traci-bridge-1         | LANE_CMD_STATE veh=Ramp_Merge_4 edge=1331698336 lane=0 target=1 lane_count=3 recently=True speed=4.62
traci-bridge-1         | LANE_CMD_STATE veh=Ramp_Merge_4 edge=1331698336 lane=0 target=1 lane_count=3 recently=False speed=4.17
traci-bridge-1         | LANE_CMD_APPLY veh=Ramp_Merge_4 edge=1331698336 from_lane=0 target=1 duration=2.00 mode=256 speed=4.17
traci-bridge-1         | LANE_CMD_STATE veh=Ramp_Merge_4 edge=1331698336 lane=0 target=1 lane_count=3 recently=True speed=3.72
traci-bridge-1         | LANE_CMD_STATE veh=Ramp_Merge_4 edge=1331698336 lane=0 target=1 lane_count=3 recently=True speed=3.27
traci-bridge-1         | LANE_CMD_STATE veh=Ramp_Merge_4 edge=1331698336 lane=0 target=1 lane_count=3 recently=True speed=2.82
traci-bridge-1         | LANE_CMD_STATE veh=Ramp_Merge_4 edge=1331698336 lane=0 target=1 lane_count=3 recently=True speed=2.37
traci-bridge-1         | LANE_CMD_STATE veh=Ramp_Merge_4 edge=1331698336 lane=0 target=1 lane_count=3 recently=True speed=1.92
traci-bridge-1         | LANE_CMD_STATE veh=Ramp_Merge_4 edge=1331698336 lane=0 target=1 lane_count=3 recently=True speed=1.47
traci-bridge-1         | LANE_CMD_STATE veh=Ramp_Merge_4 edge=1331698336 lane=0 target=1 lane_count=3 recently=True speed=1.02
traci-bridge-1         | LANE_CMD_STATE veh=Ramp_Merge_4 edge=1331698336 lane=0 target=1 lane_count=3 recently=True speed=0.57
traci-bridge-1         | LANE_CMD_STATE veh=Ramp_Merge_4 edge=1331698336 lane=1 target=1 lane_count=3 recently=True speed=0.12
traci-bridge-1         | LANE_CMD_CLEAR veh=Ramp_Merge_4 edge=1331698336 target=1
traci-bridge-1         | LANE_CMD_STATE veh=Ramp_Merge_4 edge=:1487416310_0 lane=0 target=1 lane_count=2 recently=False speed=0.12
traci-bridge-1         | LANE_CMD_APPLY veh=Ramp_Merge_4 edge=:1487416310_0 from_lane=0 target=1 duration=2.00 mode=256 speed=0.12
traci-bridge-1         | LANE_CMD_STATE veh=Ramp_Merge_4 edge=:1487416310_0 lane=1 target=1 lane_count=2 recently=True speed=0.12
traci-bridge-1         | LANE_CMD_HOLD_INTERNAL veh=Ramp_Merge_4 edge=:1487416310_0 target=1
traci-bridge-1         | LANE_CMD_STATE veh=Ramp_Merge_4 edge=:1487416310_0 lane=1 target=1 lane_count=2 recently=True speed=0.32
traci-bridge-1         | LANE_CMD_HOLD_INTERNAL veh=Ramp_Merge_4 edge=:1487416310_0 target=1
traci-bridge-1         | LANE_CMD_STATE veh=Ramp_Merge_4 edge=:1487416310_0 lane=1 target=1 lane_count=2 recently=True speed=0.52
traci-bridge-1         | LANE_CMD_HOLD_INTERNAL veh=Ramp_Merge_4 edge=:1487416310_0 target=1
traci-bridge-1         | LANE_CMD_STATE veh=Ramp_Merge_4 edge=:1487416310_0 lane=1 target=1 lane_count=2 recently=True speed=0.61
traci-bridge-1         | LANE_CMD_HOLD_INTERNAL veh=Ramp_Merge_4 edge=:1487416310_0 target=1
traci-bridge-1         | LANE_CMD_STATE veh=Ramp_Merge_4 edge=:1487416310_0 lane=1 target=1 lane_count=2 recently=True speed=0.69
traci-bridge-1         | LANE_CMD_HOLD_INTERNAL veh=Ramp_Merge_4 edge=:1487416310_0 target=1
traci-bridge-1         | LANE_CMD_STATE veh=Ramp_Merge_4 edge=:1487416310_0 lane=1 target=1 lane_count=2 recently=True speed=0.77
traci-bridge-1         | LANE_CMD_HOLD_INTERNAL veh=Ramp_Merge_4 edge=:1487416310_0 target=1
traci-bridge-1         | LANE_CMD_STATE veh=Ramp_Merge_4 edge=:1487416310_0 lane=1 target=1 lane_count=2 recently=True speed=0.84
traci-bridge-1         | LANE_CMD_HOLD_INTERNAL veh=Ramp_Merge_4 edge=:1487416310_0 target=1
traci-bridge-1         | LANE_CMD_STATE veh=Ramp_Merge_4 edge=:1487416310_0 lane=1 target=1 lane_count=2 recently=True speed=0.91
traci-bridge-1         | LANE_CMD_HOLD_INTERNAL veh=Ramp_Merge_4 edge=:1487416310_0 target=1
traci-bridge-1         | LANE_CMD_STATE veh=Ramp_Merge_4 edge=:1487416310_0 lane=1 target=1 lane_count=2 recently=True speed=0.98
traci-bridge-1         | LANE_CMD_HOLD_INTERNAL veh=Ramp_Merge_4 edge=:1487416310_0 target=1
traci-bridge-1         | LANE_CMD_STATE veh=Ramp_Merge_4 edge=:1487416310_0 lane=1 target=1 lane_count=2 recently=True speed=1.04
traci-bridge-1         | LANE_CMD_HOLD_INTERNAL veh=Ramp_Merge_4 edge=:1487416310_0 target=1
traci-bridge-1         | LANE_CMD_STATE veh=Ramp_Merge_4 edge=:1487416310_0 lane=1 target=1 lane_count=2 recently=True speed=1.10
traci-bridge-1         | LANE_CMD_HOLD_INTERNAL veh=Ramp_Merge_4 edge=:1487416310_0 target=1
traci-bridge-1         | LANE_CMD_STATE veh=Ramp_Merge_4 edge=:1487416310_0 lane=1 target=1 lane_count=2 recently=True speed=1.16
traci-bridge-1         | LANE_CMD_HOLD_INTERNAL veh=Ramp_Merge_4 edge=:1487416310_0 target=1
traci-bridge-1         | LANE_CMD_STATE veh=Ramp_Merge_4 edge=:1487416310_0 lane=1 target=1 lane_count=2 recently=True speed=1.21
traci-bridge-1         | LANE_CMD_HOLD_INTERNAL veh=Ramp_Merge_4 edge=:1487416310_0 target=1
traci-bridge-1         | LANE_CMD_STATE veh=Ramp_Merge_4 edge=:1487416310_0 lane=1 target=1 lane_count=2 recently=True speed=1.27
traci-bridge-1         | LANE_CMD_HOLD_INTERNAL veh=Ramp_Merge_4 edge=:1487416310_0 target=1
traci-bridge-1         | LANE_CMD_STATE veh=Ramp_Merge_4 edge=:1487416310_0 lane=1 target=1 lane_count=2 recently=True speed=1.31
traci-bridge-1         | LANE_CMD_HOLD_INTERNAL veh=Ramp_Merge_4 edge=:1487416310_0 target=1
traci-bridge-1         | LANE_CMD_STATE veh=Ramp_Merge_4 edge=:1487416310_0 lane=1 target=1 lane_count=2 recently=True speed=1.36
traci-bridge-1         | LANE_CMD_HOLD_INTERNAL veh=Ramp_Merge_4 edge=:1487416310_0 target=1
traci-bridge-1         | LANE_CMD_STATE veh=Ramp_Merge_4 edge=:1487416310_0 lane=1 target=1 lane_count=2 recently=True speed=1.41
traci-bridge-1         | LANE_CMD_HOLD_INTERNAL veh=Ramp_Merge_4 edge=:1487416310_0 target=1
traci-bridge-1         | LANE_CMD_STATE veh=Ramp_Merge_4 edge=:1487416310_0 lane=1 target=1 lane_count=2 recently=True speed=1.45
traci-bridge-1         | LANE_CMD_HOLD_INTERNAL veh=Ramp_Merge_4 edge=:1487416310_0 target=1
traci-bridge-1         | LANE_CMD_STATE veh=Ramp_Merge_4 edge=:1487416310_0 lane=1 target=1 lane_count=2 recently=True speed=1.49
traci-bridge-1         | LANE_CMD_HOLD_INTERNAL veh=Ramp_Merge_4 edge=:1487416310_0 target=1
traci-bridge-1         | LANE_CMD_STATE veh=Ramp_Merge_4 edge=:1487416310_0 lane=1 target=1 lane_count=2 recently=True speed=1.53
traci-bridge-1         | LANE_CMD_HOLD_INTERNAL veh=Ramp_Merge_4 edge=:1487416310_0 target=1
traci-bridge-1         | LANE_CMD_STATE veh=Ramp_Merge_4 edge=:1487416310_0 lane=1 target=1 lane_count=2 recently=True speed=1.56
traci-bridge-1         | LANE_CMD_HOLD_INTERNAL veh=Ramp_Merge_4 edge=:1487416310_0 target=1
traci-bridge-1         | LANE_CMD_STATE veh=Ramp_Merge_4 edge=:1487416310_0 lane=1 target=1 lane_count=2 recently=True speed=1.60
traci-bridge-1         | LANE_CMD_HOLD_INTERNAL veh=Ramp_Merge_4 edge=:1487416310_0 target=1
traci-bridge-1         | LANE_CMD_STATE veh=Ramp_Merge_4 edge=:1487416310_0 lane=1 target=1 lane_count=2 recently=True speed=1.63
traci-bridge-1         | LANE_CMD_HOLD_INTERNAL veh=Ramp_Merge_4 edge=:1487416310_0 target=1
traci-bridge-1         | LANE_CMD_STATE veh=Ramp_Merge_4 edge=:1487416310_0 lane=1 target=1 lane_count=2 recently=True speed=1.66
traci-bridge-1         | LANE_CMD_HOLD_INTERNAL veh=Ramp_Merge_4 edge=:1487416310_0 target=1
traci-bridge-1         | LANE_CMD_STATE veh=Ramp_Merge_4 edge=:1487416310_0 lane=1 target=1 lane_count=2 recently=True speed=1.69
traci-bridge-1         | LANE_CMD_HOLD_INTERNAL veh=Ramp_Merge_4 edge=:1487416310_0 target=1
traci-bridge-1         | LANE_CMD_STATE veh=Ramp_Merge_4 edge=:1487416310_0 lane=1 target=1 lane_count=2 recently=True speed=1.72
traci-bridge-1         | LANE_CMD_HOLD_INTERNAL veh=Ramp_Merge_4 edge=:1487416310_0 target=1
traci-bridge-1         | LANE_CMD_STATE veh=Ramp_Merge_4 edge=:1487416310_0 lane=1 target=1 lane_count=2 recently=True speed=1.74
traci-bridge-1         | LANE_CMD_HOLD_INTERNAL veh=Ramp_Merge_4 edge=:1487416310_0 target=1
traci-bridge-1         | LANE_CMD_STATE veh=Ramp_Merge_4 edge=:1487416310_0 lane=1 target=1 lane_count=2 recently=True speed=1.77
traci-bridge-1         | LANE_CMD_HOLD_INTERNAL veh=Ramp_Merge_4 edge=:1487416310_0 target=1
traci-bridge-1         | LANE_CMD_STATE veh=Ramp_Merge_4 edge=:1487416310_0 lane=1 target=1 lane_count=2 recently=True speed=1.97
traci-bridge-1         | LANE_CMD_HOLD_INTERNAL veh=Ramp_Merge_4 edge=:1487416310_0 target=1
traci-bridge-1         | LANE_CMD_STATE veh=Ramp_Merge_4 edge=:1487416310_0 lane=1 target=1 lane_count=2 recently=True speed=1.90
traci-bridge-1         | LANE_CMD_HOLD_INTERNAL veh=Ramp_Merge_4 edge=:1487416310_0 target=1
traci-bridge-1         | LANE_CMD_STATE veh=Ramp_Merge_4 edge=:1487416310_0 lane=1 target=1 lane_count=2 recently=True speed=1.83
traci-bridge-1         | LANE_CMD_HOLD_INTERNAL veh=Ramp_Merge_4 edge=:1487416310_0 target=1
traci-bridge-1         | LANE_CMD_STATE veh=Ramp_Merge_4 edge=:1487416310_0 lane=1 target=1 lane_count=2 recently=True speed=1.84
traci-bridge-1         | LANE_CMD_HOLD_INTERNAL veh=Ramp_Merge_4 edge=:1487416310_0 target=1
traci-bridge-1         | LANE_CMD_STATE veh=Ramp_Merge_4 edge=:1487416310_0 lane=1 target=1 lane_count=2 recently=True speed=1.85
traci-bridge-1         | LANE_CMD_HOLD_INTERNAL veh=Ramp_Merge_4 edge=:1487416310_0 target=1
obu-ramp-merge-5-1     | [45.0] Ramp_Merge_5 role=cruise state=CRUISE->CRUISE speed=7.31 target=7.50 neighbors=11
obu-ramp-merge-4-1     | [45.2] Ramp_Merge_4 FINAL_GUARD: REJECTED blind merge with main traffic
obu-main-back-right-1  | [45.2] Main_Back_Right role=cruise state=CRUISE->CRUISE speed=7.50 target=7.50 neighbors=11
obu-main-front-left-1  | [45.3] Main_Front_Left role=cruise state=CRUISE->CRUISE speed=7.50 target=7.50 neighbors=11
obu-main-back-left-1   | [45.4] Main_Back_Left role=cruise state=CRUISE->CRUISE speed=7.45 target=7.50 neighbors=11
obu-ramp-merge-4-1     | [45.4] Ramp_Merge_4 FINAL_GUARD: REJECTED blind merge with main traffic
obu-ramp-merge-4-1     | [45.4] Ramp_Merge_4 role=merge state=ABORT->ABORT speed=1.89 target=2.07 neighbors=11
obu-merge-car-1        | [45.5] Merge_Car role=cruise state=CRUISE->CRUISE speed=7.50 target=7.50 neighbors=11
obu-ramp-merge-4-1     | [45.5] Ramp_Merge_4 FINAL_GUARD: REJECTED blind merge with main traffic
obu-host-car-1         | [45.7] Host_Car role=cruise state=CRUISE->CRUISE speed=7.50 target=7.50 neighbors=11
obu-main-mid-right-1   | [45.7] Main_Mid_Right role=cruise state=CRUISE->CRUISE speed=7.50 target=7.50 neighbors=11
obu-ramp-merge-4-1     | [45.7] Ramp_Merge_4 FINAL_GUARD: REJECTED blind merge with main traffic
obu-ramp-merge-3-1     | [45.7] Ramp_Merge_3 role=cruise state=CRUISE->CRUISE speed=7.44 target=7.50 neighbors=11
obu-ramp-back-1        | [45.7] Ramp_Back role=cruise state=CRUISE->CRUISE speed=7.38 target=7.50 neighbors=11
obu-ramp-merge-4-1     | [45.9] Ramp_Merge_4 FINAL_GUARD: REJECTED blind merge with main traffic
obu-lead-car-1         | [45.9] Lead_Car role=cruise state=CRUISE->CRUISE speed=7.50 target=7.50 neighbors=11
obu-ramp-merge-2-1     | [46.0] Ramp_Merge_2 role=cruise state=CRUISE->CRUISE speed=7.36 target=7.50 neighbors=11
obu-host-car-1         | [46.1] Host_Car CAR_FOLLOW: sid=107 edge=135424828 lane=0 leader_edge= leader_lane=None leader_role_hint=ramp self_merge_completed=False self_merge_completed_age=-1.0 self_merge_committed=False lane_cmd_state=None lane_cmd_edge=None lane_cmd_target=None lane_cmd_executable=None same_lane=True reason=same_lane_cam gap=12.7 follow_spd=6.69 emergency=False target_before=7.5 target_after=7.2499936852781275 target_after_raw=6.69
obu-ramp-merge-4-1     | [46.1] Ramp_Merge_4 FINAL_GUARD: REJECTED blind merge with main traffic
obu-ramp-merge-5-1     | [46.1] Ramp_Merge_5 role=cruise state=CRUISE->CRUISE speed=7.39 target=7.50 neighbors=11
obu-ramp-merge-4-1     | [46.2] Ramp_Merge_4 FINAL_GUARD: REJECTED blind merge with main traffic
obu-main-back-right-1  | [46.2] Main_Back_Right role=cruise state=CRUISE->CRUISE speed=7.50 target=7.50 neighbors=11
obu-main-front-left-1  | [46.4] Main_Front_Left role=cruise state=CRUISE->CRUISE speed=7.50 target=7.50 neighbors=11
obu-main-back-left-1   | [46.4] Main_Back_Left role=cruise state=CRUISE->CRUISE speed=7.47 target=7.50 neighbors=11
obu-ramp-merge-4-1     | [46.4] Ramp_Merge_4 FINAL_GUARD: REJECTED blind merge with main traffic
obu-ramp-merge-4-1     | [46.4] Ramp_Merge_4 role=merge state=ABORT->ABORT speed=1.97 target=2.15 neighbors=11
obu-merge-car-1        | [46.5] Merge_Car role=cruise state=CRUISE->CRUISE speed=7.50 target=7.50 neighbors=11
obu-ramp-merge-4-1     | [46.5] Ramp_Merge_4 FINAL_GUARD: REJECTED blind merge with main traffic
obu-ramp-merge-4-1     | [46.6] Ramp_Merge_4 FINAL_GUARD: REJECTED blind merge with main traffic
obu-ramp-merge-3-1     | [46.7] Ramp_Merge_3 role=cruise state=CRUISE->CRUISE speed=7.42 target=7.50 neighbors=11
obu-host-car-1         | [46.7] Host_Car role=cruise state=CRUISE->CRUISE speed=7.48 target=7.50 neighbors=11
obu-ramp-back-1        | [46.7] Ramp_Back role=cruise state=CRUISE->CRUISE speed=7.43 target=7.50 neighbors=11
obu-ramp-merge-4-1     | [46.7] Ramp_Merge_4 FINAL_GUARD: REJECTED blind merge with main traffic
obu-main-mid-right-1   | [46.8] Main_Mid_Right role=cruise state=CRUISE->CRUISE speed=7.50 target=7.50 neighbors=11
obu-ramp-merge-4-1     | [46.9] Ramp_Merge_4 MERGE_LANE_CLEAR_CONFIRMED: edge=135424828 lane=1 target_lane=1 lane_count=2 executable=False
obu-ramp-merge-4-1     | MERGE_COMPLETION_REAR_GUARD_RELEASE: vehicle=Ramp_Merge_4 reason=safe_gap host=None lead=106 edge=135424828 lane=1
obu-ramp-merge-4-1     | MERGE_ATTEMPT_TIMELINE: vehicle=Ramp_Merge_4 manoeuvre=96 host=None lead=106 event=COMPLETED t=46.9 edge=135424828 lane=1 lane_cmd_state=CLEAR speed=2.01 target=2.18 dtm=72.9 lead_gap=33.10 host_gap= lead_gap_t1=33.10 lead_gap_t2=33.10 lead_gap_t3=33.10 host_gap_t1= host_gap_t2= host_gap_t3=
obu-ramp-merge-4-1     | [46.9] Ramp_Merge_4 MERGE_COMPLETED: eid=135424828 lane=1 clean=True
obu-lead-car-1         | [47.0] Lead_Car role=cruise state=CRUISE->CRUISE speed=7.50 target=7.50 neighbors=11
obu-ramp-merge-2-1     | [47.0] Ramp_Merge_2 role=cruise state=CRUISE->CRUISE speed=7.40 target=7.50 neighbors=11
obu-ramp-merge-5-1     | [47.1] Ramp_Merge_5 role=cruise state=CRUISE->CRUISE speed=7.43 target=7.50 neighbors=11
obu-main-back-right-1  | [47.3] Main_Back_Right role=cruise state=CRUISE->CRUISE speed=7.50 target=7.50 neighbors=11
obu-main-back-left-1   | [47.4] Main_Back_Left role=cruise state=CRUISE->CRUISE speed=7.48 target=7.50 neighbors=11
obu-ramp-merge-4-1     | [47.4] Ramp_Merge_4 role=cruise state=CRUISE->CRUISE speed=2.63 target=7.50 neighbors=11
obu-merge-car-1        | [47.5] Merge_Car role=cruise state=CRUISE->CRUISE speed=7.50 target=7.50 neighbors=11
obu-main-front-left-1  | [47.5] Main_Front_Left role=cruise state=CRUISE->CRUISE speed=7.50 target=7.50 neighbors=11
obu-host-car-1         | [47.7] Host_Car role=cruise state=CRUISE->CRUISE speed=7.49 target=7.50 neighbors=11
obu-ramp-merge-3-1     | [47.7] Ramp_Merge_3 role=cruise state=CRUISE->CRUISE speed=7.42 target=7.50 neighbors=11
obu-ramp-back-1        | [47.7] Ramp_Back role=cruise state=CRUISE->CRUISE speed=7.46 target=7.50 neighbors=11
obu-main-mid-right-1   | [48.0] Main_Mid_Right role=cruise state=CRUISE->CRUISE speed=7.50 target=7.50 neighbors=11
obu-lead-car-1         | [48.0] Lead_Car role=cruise state=CRUISE->CRUISE speed=7.50 target=7.50 neighbors=11
obu-ramp-merge-2-1     | [48.0] Ramp_Merge_2 role=cruise state=CRUISE->CRUISE speed=7.42 target=7.50 neighbors=11
obu-ramp-merge-5-1     | [48.2] Ramp_Merge_5 role=cruise state=CRUISE->CRUISE speed=7.46 target=7.50 neighbors=11
obu-main-back-left-1   | [48.5] Main_Back_Left role=cruise state=CRUISE->CRUISE speed=7.49 target=7.50 neighbors=11
obu-main-front-left-1  | [48.5] Main_Front_Left role=cruise state=CRUISE->CRUISE speed=7.50 target=7.50 neighbors=11
obu-merge-car-1        | [48.5] Merge_Car role=cruise state=CRUISE->CRUISE speed=7.50 target=7.50 neighbors=11
obu-ramp-merge-4-1     | [48.5] Ramp_Merge_4 role=cruise state=CRUISE->CRUISE speed=4.65 target=7.50 neighbors=11
obu-main-back-right-1  | [48.5] Main_Back_Right role=cruise state=CRUISE->CRUISE speed=7.50 target=7.50 neighbors=11
obu-host-car-1         | [48.6] Host_Car CAR_FOLLOW: sid=107 edge=135424828 lane=0 leader_edge= leader_lane=None leader_role_hint=ramp self_merge_completed=False self_merge_completed_age=-1.0 self_merge_committed=False lane_cmd_state=None lane_cmd_edge=None lane_cmd_target=None lane_cmd_executable=None same_lane=True reason=same_lane_cam gap=12.7 follow_spd=6.69 emergency=False target_before=7.5 target_after=7.242111919008386 target_after_raw=6.69
obu-host-car-1         | [48.7] Host_Car role=cruise state=YIELDING->CRUISE speed=7.49 target=7.50 neighbors=11
obu-ramp-merge-3-1     | [48.7] Ramp_Merge_3 role=cruise state=CRUISE->CRUISE speed=7.42 target=7.50 neighbors=11
obu-ramp-back-1        | [48.7] Ramp_Back role=cruise state=CRUISE->CRUISE speed=7.47 target=7.50 neighbors=11
obu-main-mid-right-1   | [49.0] Main_Mid_Right role=cruise state=CRUISE->CRUISE speed=7.50 target=7.50 neighbors=11
obu-lead-car-1         | [49.0] Lead_Car role=cruise state=CRUISE->CRUISE speed=7.50 target=7.50 neighbors=11
obu-ramp-merge-2-1     | [49.0] Ramp_Merge_2 role=cruise state=CRUISE->CRUISE speed=7.45 target=7.50 neighbors=11
obu-ramp-merge-5-1     | [49.2] Ramp_Merge_5 role=cruise state=CRUISE->CRUISE speed=7.48 target=7.50 neighbors=11
obu-main-front-left-1  | [49.5] Main_Front_Left role=cruise state=CRUISE->CRUISE speed=7.50 target=7.50 neighbors=11
obu-main-back-left-1   | [49.5] Main_Back_Left role=cruise state=CRUISE->CRUISE speed=7.49 target=7.50 neighbors=11
obu-merge-car-1        | [49.5] Merge_Car role=cruise state=CRUISE->CRUISE speed=7.50 target=7.50 neighbors=11
obu-main-back-right-1  | [49.5] Main_Back_Right role=cruise state=CRUISE->CRUISE speed=7.50 target=7.50 neighbors=11
obu-ramp-merge-4-1     | [49.5] Ramp_Merge_4 role=cruise state=CRUISE->CRUISE speed=5.80 target=7.50 neighbors=11
obu-ramp-merge-3-1     | [49.7] Ramp_Merge_3 role=cruise state=CRUISE->CRUISE speed=7.43 target=7.50 neighbors=11
obu-host-car-1         | [49.7] Host_Car role=cruise state=CRUISE->CRUISE speed=7.48 target=7.50 neighbors=11
obu-ramp-back-1        | [49.7] Ramp_Back role=cruise state=CRUISE->CRUISE speed=7.48 target=7.50 neighbors=11
obu-lead-car-1         | [50.0] Lead_Car role=cruise state=CRUISE->CRUISE speed=7.50 target=7.50 neighbors=11
obu-ramp-merge-2-1     | [50.0] Ramp_Merge_2 role=cruise state=CRUISE->CRUISE speed=7.46 target=7.50 neighbors=11
obu-main-mid-right-1   | [50.0] Main_Mid_Right role=cruise state=CRUISE->CRUISE speed=7.50 target=7.50 neighbors=11
obu-ramp-merge-5-1     | [50.2] Ramp_Merge_5 role=cruise state=CRUISE->CRUISE speed=7.49 target=7.50 neighbors=11
obu-ramp-merge-4-1     | [50.5] Ramp_Merge_4 role=cruise state=CRUISE->CRUISE speed=6.48 target=7.50 neighbors=11
obu-main-back-right-1  | [50.5] Main_Back_Right role=cruise state=CRUISE->CRUISE speed=7.50 target=7.50 neighbors=11
obu-merge-car-1        | [50.5] Merge_Car role=cruise state=CRUISE->CRUISE speed=7.50 target=7.50 neighbors=11
obu-main-back-left-1   | [50.5] Main_Back_Left role=cruise state=CRUISE->CRUISE speed=7.50 target=7.50 neighbors=11
obu-main-front-left-1  | [50.5] Main_Front_Left role=cruise state=CRUISE->CRUISE speed=7.50 target=7.50 neighbors=11
obu-host-car-1         | [50.7] Host_Car role=cruise state=CRUISE->CRUISE speed=7.49 target=7.50 neighbors=11
obu-ramp-back-1        | [50.7] Ramp_Back role=cruise state=CRUISE->CRUISE speed=7.49 target=7.50 neighbors=11
obu-ramp-merge-3-1     | [50.7] Ramp_Merge_3 role=cruise state=CRUISE->CRUISE speed=7.44 target=7.50 neighbors=11
obu-ramp-merge-2-1     | [51.0] Ramp_Merge_2 role=cruise state=CRUISE->CRUISE speed=7.47 target=7.50 neighbors=11
obu-lead-car-1         | [51.0] Lead_Car role=cruise state=CRUISE->CRUISE speed=7.50 target=7.50 neighbors=11
obu-main-mid-right-1   | [51.0] Main_Mid_Right role=cruise state=CRUISE->CRUISE speed=7.50 target=7.50 neighbors=11
obu-host-car-1         | [51.1] Host_Car CAR_FOLLOW: sid=107 edge=135424828 lane=0 leader_edge= leader_lane=None leader_role_hint=ramp self_merge_completed=False self_merge_completed_age=-1.0 self_merge_committed=False lane_cmd_state=None lane_cmd_edge=None lane_cmd_target=None lane_cmd_executable=None same_lane=True reason=same_lane_cam gap=12.7 follow_spd=6.69 emergency=False target_before=7.5 target_after=7.239676972688642 target_after_raw=6.69
obu-ramp-merge-5-1     | [51.2] Ramp_Merge_5 role=cruise state=CRUISE->CRUISE speed=7.49 target=7.50 neighbors=11
obu-merge-car-1        | [51.5] Merge_Car role=cruise state=CRUISE->CRUISE speed=7.50 target=7.50 neighbors=11
obu-main-back-left-1   | [51.6] Main_Back_Left role=cruise state=CRUISE->CRUISE speed=7.50 target=7.50 neighbors=11
obu-ramp-merge-4-1     | [51.6] Ramp_Merge_4 role=cruise state=CRUISE->CRUISE speed=6.92 target=7.50 neighbors=11
obu-main-back-right-1  | [51.6] Main_Back_Right role=cruise state=CRUISE->CRUISE speed=7.50 target=7.50 neighbors=11
obu-main-front-left-1  | [51.6] Main_Front_Left role=cruise state=CRUISE->CRUISE speed=7.50 target=7.50 neighbors=11
obu-host-car-1         | [51.7] Host_Car role=cruise state=CRUISE->CRUISE speed=7.47 target=7.50 neighbors=11
obu-ramp-merge-3-1     | [51.8] Ramp_Merge_3 role=cruise state=CRUISE->CRUISE speed=7.45 target=7.50 neighbors=11
obu-ramp-back-1        | [51.7] Ramp_Back role=cruise state=CRUISE->CRUISE speed=7.49 target=7.50 neighbors=11
obu-lead-car-1         | [52.1] Lead_Car role=cruise state=CRUISE->CRUISE speed=7.50 target=7.50 neighbors=11
obu-main-mid-right-1   | [52.1] Main_Mid_Right role=cruise state=CRUISE->CRUISE speed=7.50 target=7.50 neighbors=11
obu-ramp-merge-2-1     | [52.1] Ramp_Merge_2 role=cruise state=CRUISE->CRUISE speed=7.48 target=7.50 neighbors=11
obu-ramp-merge-5-1     | [52.4] Ramp_Merge_5 role=cruise state=CRUISE->CRUISE speed=7.50 target=7.50 neighbors=11
obu-merge-car-1        | [52.5] Merge_Car role=cruise state=CRUISE->CRUISE speed=7.50 target=7.50 neighbors=11
obu-main-back-left-1   | [52.6] Main_Back_Left role=cruise state=CRUISE->CRUISE speed=7.50 target=7.50 neighbors=11
obu-ramp-merge-4-1     | [52.6] Ramp_Merge_4 role=cruise state=CRUISE->CRUISE speed=7.15 target=7.50 neighbors=11
obu-main-back-right-1  | [52.6] Main_Back_Right role=cruise state=CRUISE->CRUISE speed=7.50 target=7.50 neighbors=11
obu-main-front-left-1  | [52.6] Main_Front_Left role=cruise state=CRUISE->CRUISE speed=7.50 target=7.50 neighbors=11
obu-ramp-back-1        | [52.7] Ramp_Back role=cruise state=CRUISE->CRUISE speed=7.50 target=7.50 neighbors=11
obu-host-car-1         | [52.7] Host_Car role=cruise state=CRUISE->CRUISE speed=7.48 target=7.50 neighbors=11
obu-ramp-merge-3-1     | [52.9] Ramp_Merge_3 role=cruise state=CRUISE->CRUISE speed=7.46 target=7.50 neighbors=11
obu-main-mid-right-1   | [53.1] Main_Mid_Right role=cruise state=CRUISE->CRUISE speed=7.50 target=7.50 neighbors=11
obu-lead-car-1         | [53.1] Lead_Car role=cruise state=CRUISE->CRUISE speed=7.50 target=7.50 neighbors=11
obu-ramp-merge-2-1     | [53.1] Ramp_Merge_2 role=cruise state=CRUISE->CRUISE speed=7.49 target=7.50 neighbors=11
obu-merge-car-1        | [53.5] Merge_Car role=cruise state=CRUISE->CRUISE speed=7.50 target=7.50 neighbors=11
obu-ramp-merge-5-1     | [53.5] Ramp_Merge_5 role=cruise state=CRUISE->CRUISE speed=7.50 target=7.50 neighbors=11
obu-main-back-left-1   | [53.6] Main_Back_Left role=cruise state=CRUISE->CRUISE speed=7.50 target=7.50 neighbors=11
obu-main-front-left-1  | [53.6] Main_Front_Left role=cruise state=CRUISE->CRUISE speed=7.50 target=7.50 neighbors=11
obu-main-back-right-1  | [53.7] Main_Back_Right role=cruise state=CRUISE->CRUISE speed=7.50 target=7.50 neighbors=11
obu-ramp-merge-4-1     | [53.6] Ramp_Merge_4 role=cruise state=CRUISE->CRUISE speed=7.29 target=7.50 neighbors=11
obu-host-car-1         | [53.7] Host_Car role=cruise state=CRUISE->CRUISE speed=7.49 target=7.50 neighbors=11
obu-ramp-back-1        | [53.7] Ramp_Back role=cruise state=CRUISE->CRUISE speed=7.50 target=7.50 neighbors=11
obu-ramp-merge-3-1     | [54.0] Ramp_Merge_3 role=cruise state=CRUISE->CRUISE speed=7.47 target=7.50 neighbors=11
obu-ramp-merge-2-1     | [54.2] Ramp_Merge_2 role=cruise state=CRUISE->CRUISE speed=7.49 target=7.50 neighbors=11
obu-main-mid-right-1   | [54.2] Main_Mid_Right role=cruise state=CRUISE->CRUISE speed=7.50 target=7.50 neighbors=11
obu-lead-car-1         | [54.2] Lead_Car role=cruise state=CRUISE->CRUISE speed=7.50 target=7.50 neighbors=11
obu-merge-car-1        | [54.5] Merge_Car role=cruise state=CRUISE->CRUISE speed=7.50 target=7.50 neighbors=11
obu-ramp-merge-5-1     | [54.5] Ramp_Merge_5 role=cruise state=CRUISE->CRUISE speed=7.50 target=7.50 neighbors=11
obu-main-front-left-1  | [54.6] Main_Front_Left role=cruise state=CRUISE->CRUISE speed=7.50 target=7.50 neighbors=11
obu-main-back-left-1   | [54.6] Main_Back_Left role=cruise state=CRUISE->CRUISE speed=7.50 target=7.50 neighbors=11
obu-ramp-merge-4-1     | [54.6] Ramp_Merge_4 role=cruise state=CRUISE->CRUISE speed=7.38 target=7.50 neighbors=11
obu-ramp-back-1        | [54.7] Ramp_Back role=cruise state=CRUISE->CRUISE speed=7.50 target=7.50 neighbors=11
obu-main-back-right-1  | [54.7] Main_Back_Right role=cruise state=CRUISE->CRUISE speed=7.50 target=7.50 neighbors=11
obu-host-car-1         | [54.7] Host_Car role=cruise state=CRUISE->CRUISE speed=7.49 target=7.50 neighbors=11
obu-ramp-merge-3-1     | [55.0] Ramp_Merge_3 role=cruise state=CRUISE->CRUISE speed=7.48 target=7.50 neighbors=11
obu-lead-car-1         | [55.2] Lead_Car role=cruise state=CRUISE->CRUISE speed=7.50 target=7.50 neighbors=11
obu-main-mid-right-1   | [55.2] Main_Mid_Right role=cruise state=CRUISE->CRUISE speed=7.50 target=7.50 neighbors=11
obu-ramp-merge-2-1     | [55.2] Ramp_Merge_2 role=cruise state=CRUISE->CRUISE speed=7.49 target=7.50 neighbors=11
obu-merge-car-1        | [55.5] Merge_Car role=cruise state=CRUISE->CRUISE speed=7.50 target=7.50 neighbors=11
obu-main-front-left-1  | [55.6] Main_Front_Left role=cruise state=CRUISE->CRUISE speed=7.50 target=7.50 neighbors=11
obu-ramp-merge-5-1     | [55.5] Ramp_Merge_5 role=cruise state=CRUISE->CRUISE speed=7.50 target=7.50 neighbors=11
obu-main-back-left-1   | [55.6] Main_Back_Left role=cruise state=CRUISE->CRUISE speed=7.50 target=7.50 neighbors=11
obu-host-car-1         | [55.7] Host_Car role=cruise state=CRUISE->CRUISE speed=7.50 target=7.50 neighbors=11
obu-ramp-merge-4-1     | [55.6] Ramp_Merge_4 role=cruise state=CRUISE->CRUISE speed=7.43 target=7.50 neighbors=11
obu-ramp-back-1        | [55.7] Ramp_Back role=cruise state=CRUISE->CRUISE speed=7.50 target=7.50 neighbors=11
obu-main-back-right-1  | [55.7] Main_Back_Right role=cruise state=CRUISE->CRUISE speed=7.50 target=7.50 neighbors=11
obu-ramp-merge-3-1     | [56.0] Ramp_Merge_3 role=cruise state=CRUISE->CRUISE speed=7.48 target=7.50 neighbors=11
obu-ramp-merge-2-1     | [56.2] Ramp_Merge_2 role=cruise state=CRUISE->CRUISE speed=7.50 target=7.50 neighbors=11
obu-main-mid-right-1   | [56.2] Main_Mid_Right role=cruise state=CRUISE->CRUISE speed=7.50 target=7.50 neighbors=11
obu-lead-car-1         | [56.2] Lead_Car role=cruise state=CRUISE->CRUISE speed=7.50 target=7.50 neighbors=11
obu-merge-car-1        | [56.5] Merge_Car role=cruise state=CRUISE->CRUISE speed=7.50 target=7.50 neighbors=11
obu-ramp-merge-5-1     | [56.5] Ramp_Merge_5 role=cruise state=CRUISE->CRUISE speed=7.50 target=7.50 neighbors=11
obu-ramp-merge-4-1     | [56.6] Ramp_Merge_4 role=cruise state=CRUISE->CRUISE speed=7.46 target=7.50 neighbors=11
obu-main-front-left-1  | [56.6] Main_Front_Left role=cruise state=CRUISE->CRUISE speed=7.50 target=7.50 neighbors=11
obu-main-back-left-1   | [56.6] Main_Back_Left role=cruise state=CRUISE->CRUISE speed=7.50 target=7.50 neighbors=11
obu-main-back-right-1  | [56.8] Main_Back_Right role=cruise state=CRUISE->CRUISE speed=7.50 target=7.50 neighbors=11
obu-host-car-1         | [56.8] Host_Car role=cruise state=CRUISE->CRUISE speed=7.50 target=7.50 neighbors=11
obu-ramp-back-1        | [56.7] Ramp_Back role=cruise state=CRUISE->CRUISE speed=7.50 target=7.50 neighbors=11
obu-ramp-merge-3-1     | [57.0] Ramp_Merge_3 role=cruise state=CRUISE->CRUISE speed=7.49 target=7.50 neighbors=11
obu-ramp-merge-2-1     | [57.2] Ramp_Merge_2 role=cruise state=CRUISE->CRUISE speed=7.50 target=7.50 neighbors=11
obu-main-mid-right-1   | [57.3] Main_Mid_Right role=cruise state=CRUISE->CRUISE speed=7.50 target=7.50 neighbors=11
obu-lead-car-1         | [57.3] Lead_Car role=cruise state=CRUISE->CRUISE speed=7.50 target=7.50 neighbors=11
obu-merge-car-1        | [57.5] Merge_Car role=cruise state=CRUISE->CRUISE speed=7.50 target=7.50 neighbors=11
obu-ramp-merge-5-1     | [57.5] Ramp_Merge_5 role=cruise state=CRUISE->CRUISE speed=7.50 target=7.50 neighbors=11
obu-main-front-left-1  | [57.6] Main_Front_Left role=cruise state=CRUISE->CRUISE speed=7.50 target=7.50 neighbors=11
obu-ramp-merge-4-1     | [57.6] Ramp_Merge_4 role=cruise state=CRUISE->CRUISE speed=7.47 target=7.50 neighbors=11
obu-main-back-left-1   | [57.6] Main_Back_Left role=cruise state=CRUISE->CRUISE speed=7.50 target=7.50 neighbors=11
obu-ramp-back-1        | [57.8] Ramp_Back role=cruise state=CRUISE->CRUISE speed=7.50 target=7.50 neighbors=11
obu-main-back-right-1  | [58.0] Main_Back_Right role=cruise state=CRUISE->CRUISE speed=7.50 target=7.50 neighbors=11
obu-ramp-merge-3-1     | [58.0] Ramp_Merge_3 role=cruise state=CRUISE->CRUISE speed=7.49 target=7.50 neighbors=11
obu-host-car-1         | [58.0] Host_Car role=cruise state=CRUISE->CRUISE speed=7.50 target=7.50 neighbors=11
obu-ramp-merge-2-1     | [58.2] Ramp_Merge_2 role=cruise state=CRUISE->CRUISE speed=7.50 target=7.50 neighbors=11
obu-main-mid-right-1   | [58.4] Main_Mid_Right role=cruise state=CRUISE->CRUISE speed=7.50 target=7.50 neighbors=11
obu-merge-car-1        | [58.5] Merge_Car role=cruise state=CRUISE->CRUISE speed=7.50 target=7.50 neighbors=11
obu-main-front-left-1  | [58.6] Main_Front_Left role=cruise state=CRUISE->CRUISE speed=7.50 target=7.50 neighbors=11
obu-main-back-left-1   | [58.6] Main_Back_Left role=cruise state=CRUISE->CRUISE speed=7.50 target=7.50 neighbors=11
obu-ramp-merge-5-1     | [58.6] Ramp_Merge_5 role=cruise state=CRUISE->CRUISE speed=7.50 target=7.50 neighbors=11
obu-host-car-1         | [58.6] Host_Car CAR_FOLLOW: sid=107 edge=135424828 lane=0 leader_edge= leader_lane=None leader_role_hint=ramp self_merge_completed=False self_merge_completed_age=-1.0 self_merge_committed=False lane_cmd_state=None lane_cmd_edge=None lane_cmd_target=None lane_cmd_executable=None same_lane=True reason=same_lane_cam gap=12.8 follow_spd=6.69 emergency=False target_before=7.5 target_after=7.249147813989463 target_after_raw=6.69
obu-ramp-merge-4-1     | [58.6] Ramp_Merge_4 role=cruise state=CRUISE->CRUISE speed=7.48 target=7.50 neighbors=11
obu-host-car-1         | [58.7] Host_Car CAR_FOLLOW: sid=107 edge=135424828 lane=0 leader_edge= leader_lane=None leader_role_hint=ramp self_merge_completed=False self_merge_completed_age=-1.0 self_merge_committed=False lane_cmd_state=None lane_cmd_edge=None lane_cmd_target=None lane_cmd_executable=None same_lane=True reason=same_lane_cam gap=12.1 follow_spd=6.32 emergency=False target_before=7.5 target_after=7.24919042328999 target_after_raw=6.32
obu-ramp-back-1        | [58.9] Ramp_Back role=cruise state=CRUISE->CRUISE speed=7.50 target=7.50 neighbors=11
obu-main-back-right-1  | [59.0] Main_Back_Right role=cruise state=CRUISE->CRUISE speed=7.50 target=7.50 neighbors=11
obu-ramp-merge-3-1     | [59.0] Ramp_Merge_3 role=cruise state=CRUISE->CRUISE speed=7.49 target=7.50 neighbors=11
obu-host-car-1         | [59.1] Host_Car role=cruise state=CRUISE->CRUISE speed=7.48 target=7.50 neighbors=11
obu-ramp-merge-2-1     | [59.2] Ramp_Merge_2 role=cruise state=CRUISE->CRUISE speed=7.50 target=7.50 neighbors=11
obu-main-mid-right-1   | [59.5] Main_Mid_Right role=cruise state=CRUISE->CRUISE speed=7.50 target=7.50 neighbors=10
obu-merge-car-1        | [59.5] Merge_Car role=cruise state=CRUISE->CRUISE speed=7.50 target=7.50 neighbors=10
obu-main-front-left-1  | [59.6] Main_Front_Left role=cruise state=CRUISE->CRUISE speed=7.50 target=7.50 neighbors=10
obu-main-back-left-1   | [59.7] Main_Back_Left role=cruise state=CRUISE->CRUISE speed=7.50 target=7.50 neighbors=10
obu-ramp-merge-4-1     | [59.6] Ramp_Merge_4 role=cruise state=CRUISE->CRUISE speed=7.49 target=7.50 neighbors=10
obu-ramp-merge-5-1     | [59.7] Ramp_Merge_5 role=cruise state=CRUISE->CRUISE speed=7.50 target=7.50 neighbors=10
obu-ramp-merge-3-1     | [60.0] Ramp_Merge_3 role=cruise state=CRUISE->CRUISE speed=7.50 target=7.50 neighbors=10
obu-ramp-back-1        | [59.9] Ramp_Back role=cruise state=CRUISE->CRUISE speed=7.50 target=7.50 neighbors=10
obu-main-back-right-1  | [60.0] Main_Back_Right role=cruise state=CRUISE->CRUISE speed=7.50 target=7.50 neighbors=10
obu-host-car-1         | [60.1] Host_Car CAR_FOLLOW: sid=107 edge=135424828 lane=0 leader_edge= leader_lane=None leader_role_hint=ramp self_merge_completed=False self_merge_completed_age=-1.0 self_merge_committed=False lane_cmd_state=None lane_cmd_edge=None lane_cmd_target=None lane_cmd_executable=None same_lane=True reason=same_lane_cam gap=12.8 follow_spd=6.69 emergency=False target_before=7.5 target_after=7.235695789933147 target_after_raw=6.69
obu-host-car-1         | [60.1] Host_Car role=cruise state=CRUISE->YIELDING speed=7.49 target=7.24 neighbors=10
obu-ramp-merge-2-1     | [60.3] Ramp_Merge_2 role=cruise state=CRUISE->CRUISE speed=7.50 target=7.50 neighbors=10
obu-main-mid-right-1   | [60.5] Main_Mid_Right role=cruise state=CRUISE->CRUISE speed=7.50 target=7.50 neighbors=10
obu-merge-car-1        | [60.5] Merge_Car role=cruise state=CRUISE->CRUISE speed=7.50 target=7.50 neighbors=10
obu-main-front-left-1  | [60.6] Main_Front_Left role=cruise state=CRUISE->CRUISE speed=7.50 target=7.50 neighbors=10
obu-ramp-merge-4-1     | [60.6] Ramp_Merge_4 role=cruise state=CRUISE->CRUISE speed=7.49 target=7.50 neighbors=10
obu-main-back-left-1   | [60.7] Main_Back_Left role=cruise state=CRUISE->CRUISE speed=7.50 target=7.50 neighbors=10
obu-ramp-merge-5-1     | [60.7] Ramp_Merge_5 role=cruise state=CRUISE->CRUISE speed=7.50 target=7.50 neighbors=10
obu-main-back-right-1  | [61.0] Main_Back_Right role=cruise state=CRUISE->CRUISE speed=7.50 target=7.50 neighbors=10
obu-ramp-back-1        | [60.9] Ramp_Back role=cruise state=CRUISE->CRUISE speed=7.50 target=7.50 neighbors=10
obu-host-car-1         | [61.2] Host_Car role=cruise state=CRUISE->CRUISE speed=7.47 target=7.50 neighbors=10
obu-ramp-merge-3-1     | [61.2] Ramp_Merge_3 role=cruise state=CRUISE->CRUISE speed=7.50 target=7.50 neighbors=10
obu-ramp-merge-2-1     | [61.5] Ramp_Merge_2 role=cruise state=CRUISE->CRUISE speed=7.50 target=7.50 neighbors=10
obu-main-mid-right-1   | [61.5] Main_Mid_Right role=cruise state=CRUISE->CRUISE speed=7.50 target=7.50 neighbors=10
obu-merge-car-1        | [61.5] Merge_Car role=cruise state=CRUISE->CRUISE speed=7.50 target=7.50 neighbors=10
obu-main-back-left-1   | [61.7] Main_Back_Left role=cruise state=CRUISE->CRUISE speed=7.50 target=7.50 neighbors=10
obu-main-front-left-1  | [61.6] Main_Front_Left role=cruise state=CRUISE->CRUISE speed=7.50 target=7.50 neighbors=10
obu-ramp-merge-4-1     | [61.7] Ramp_Merge_4 role=cruise state=CRUISE->CRUISE speed=7.50 target=7.50 neighbors=10
obu-ramp-merge-5-1     | [61.7] Ramp_Merge_5 role=cruise state=CRUISE->CRUISE speed=7.50 target=7.50 neighbors=10
obu-main-back-right-1  | [62.0] Main_Back_Right role=cruise state=CRUISE->CRUISE speed=7.50 target=7.50 neighbors=10
obu-ramp-back-1        | [61.9] Ramp_Back role=cruise state=CRUISE->CRUISE speed=7.50 target=7.50 neighbors=10
obu-host-car-1         | [62.2] Host_Car role=cruise state=CRUISE->CRUISE speed=7.48 target=7.50 neighbors=10
obu-ramp-merge-3-1     | [62.2] Ramp_Merge_3 role=cruise state=CRUISE->CRUISE speed=7.50 target=7.50 neighbors=10
obu-main-mid-right-1   | [62.5] Main_Mid_Right role=cruise state=CRUISE->CRUISE speed=7.50 target=7.50 neighbors=10
obu-merge-car-1        | [62.5] Merge_Car role=cruise state=CRUISE->CRUISE speed=7.50 target=7.50 neighbors=10
obu-ramp-merge-2-1     | [62.5] Ramp_Merge_2 role=cruise state=CRUISE->CRUISE speed=7.50 target=7.50 neighbors=10
obu-main-back-left-1   | [62.7] Main_Back_Left role=cruise state=CRUISE->CRUISE speed=7.50 target=7.50 neighbors=10
obu-ramp-merge-4-1     | [62.8] Ramp_Merge_4 role=cruise state=CRUISE->CRUISE speed=7.50 target=7.50 neighbors=10
obu-ramp-back-1        | [62.9] Ramp_Back role=cruise state=CRUISE->CRUISE speed=7.50 target=7.50 neighbors=9
obu-ramp-merge-5-1     | [62.9] Ramp_Merge_5 role=cruise state=CRUISE->CRUISE speed=7.50 target=7.50 neighbors=9
obu-main-back-right-1  | [63.0] Main_Back_Right role=cruise state=CRUISE->CRUISE speed=7.50 target=7.50 neighbors=9
obu-ramp-merge-3-1     | [63.3] Ramp_Merge_3 role=cruise state=CRUISE->CRUISE speed=7.50 target=7.50 neighbors=9
obu-host-car-1         | [63.3] Host_Car role=cruise state=CRUISE->CRUISE speed=7.49 target=7.50 neighbors=9
obu-merge-car-1        | [63.5] Merge_Car role=cruise state=CRUISE->CRUISE speed=7.50 target=7.50 neighbors=9
obu-main-mid-right-1   | [63.5] Main_Mid_Right role=cruise state=CRUISE->CRUISE speed=7.50 target=7.50 neighbors=9
obu-ramp-merge-2-1     | [63.5] Ramp_Merge_2 role=cruise state=CRUISE->CRUISE speed=7.50 target=7.50 neighbors=9
obu-main-back-left-1   | [63.7] Main_Back_Left role=cruise state=CRUISE->CRUISE speed=7.50 target=7.50 neighbors=9
obu-host-car-1         | [63.9] Host_Car CAR_FOLLOW: sid=107 edge=135424828 lane=0 leader_edge= leader_lane=None leader_role_hint=ramp self_merge_completed=False self_merge_completed_age=-1.0 self_merge_committed=False lane_cmd_state=None lane_cmd_edge=None lane_cmd_target=None lane_cmd_executable=None same_lane=True reason=same_lane_cam gap=12.9 follow_spd=6.69 emergency=False target_before=7.5 target_after=7.2434579704379125 target_after_raw=6.69
obu-ramp-merge-4-1     | [63.9] Ramp_Merge_4 role=cruise state=CRUISE->CRUISE speed=7.50 target=7.50 neighbors=9
obu-ramp-back-1        | [63.9] Ramp_Back role=cruise state=CRUISE->CRUISE speed=7.50 target=7.50 neighbors=9
obu-ramp-merge-5-1     | [63.9] Ramp_Merge_5 role=cruise state=CRUISE->CRUISE speed=7.50 target=7.50 neighbors=9
obu-host-car-1         | [64.1] Host_Car CAR_FOLLOW: sid=107 edge=135424828 lane=0 leader_edge= leader_lane=None leader_role_hint=ramp self_merge_completed=False self_merge_completed_age=-1.0 self_merge_committed=False lane_cmd_state=None lane_cmd_edge=None lane_cmd_target=None lane_cmd_executable=None same_lane=True reason=same_lane_cam gap=12.9 follow_spd=6.69 emergency=False target_before=7.5 target_after=7.231268716842112 target_after_raw=6.69
obu-main-back-right-1  | [64.0] Main_Back_Right role=cruise state=CRUISE->CRUISE speed=7.50 target=7.50 neighbors=9
obu-ramp-merge-3-1     | [64.4] Ramp_Merge_3 role=cruise state=CRUISE->CRUISE speed=7.50 target=7.50 neighbors=9
obu-host-car-1         | [64.4] Host_Car role=cruise state=CRUISE->CRUISE speed=7.45 target=7.50 neighbors=9
obu-main-mid-right-1   | [64.7] Main_Mid_Right role=cruise state=CRUISE->CRUISE speed=7.50 target=7.50 neighbors=9
obu-main-back-left-1   | [64.7] Main_Back_Left role=cruise state=CRUISE->CRUISE speed=7.50 target=7.50 neighbors=9
obu-ramp-merge-2-1     | [64.7] Ramp_Merge_2 role=cruise state=CRUISE->CRUISE speed=7.50 target=7.50 neighbors=9
obu-merge-car-1        | [64.7] Merge_Car role=cruise state=CRUISE->CRUISE speed=7.50 target=7.50 neighbors=9
obu-host-car-1         | [64.9] Host_Car CAR_FOLLOW: sid=107 edge=135424828 lane=0 leader_edge= leader_lane=None leader_role_hint=ramp self_merge_completed=False self_merge_completed_age=-1.0 self_merge_committed=False lane_cmd_state=None lane_cmd_edge=None lane_cmd_target=None lane_cmd_executable=None same_lane=True reason=same_lane_cam gap=12.2 follow_spd=6.48 emergency=False target_before=7.5 target_after=7.208341574124652 target_after_raw=6.48
obu-ramp-merge-5-1     | [64.9] Ramp_Merge_5 role=cruise state=CRUISE->CRUISE speed=7.50 target=7.50 neighbors=9
obu-ramp-back-1        | [64.9] Ramp_Back role=cruise state=CRUISE->CRUISE speed=7.50 target=7.50 neighbors=9
obu-ramp-merge-4-1     | [64.9] Ramp_Merge_4 role=cruise state=CRUISE->CRUISE speed=7.50 target=7.50 neighbors=9
obu-main-back-right-1  | [65.1] Main_Back_Right role=cruise state=CRUISE->CRUISE speed=7.50 target=7.50 neighbors=9
obu-host-car-1         | [65.4] Host_Car role=cruise state=CRUISE->CRUISE speed=7.43 target=7.50 neighbors=9
obu-ramp-merge-3-1     | [65.4] Ramp_Merge_3 role=cruise state=CRUISE->CRUISE speed=7.50 target=7.50 neighbors=9
obu-main-back-left-1   | [65.7] Main_Back_Left role=cruise state=CRUISE->CRUISE speed=7.50 target=7.50 neighbors=9
obu-merge-car-1        | [65.7] Merge_Car role=cruise state=CRUISE->CRUISE speed=7.50 target=7.50 neighbors=9
obu-main-mid-right-1   | [65.7] Main_Mid_Right role=cruise state=CRUISE->CRUISE speed=7.50 target=7.50 neighbors=9
obu-ramp-merge-2-1     | [65.7] Ramp_Merge_2 role=cruise state=CRUISE->CRUISE speed=7.50 target=7.50 neighbors=9
obu-ramp-back-1        | [65.9] Ramp_Back role=cruise state=CRUISE->CRUISE speed=7.50 target=7.50 neighbors=9
obu-ramp-merge-5-1     | [65.9] Ramp_Merge_5 role=cruise state=CRUISE->CRUISE speed=7.50 target=7.50 neighbors=9
obu-ramp-merge-4-1     | [66.0] Ramp_Merge_4 role=cruise state=CRUISE->CRUISE speed=7.50 target=7.50 neighbors=9
obu-main-back-right-1  | [66.3] Main_Back_Right role=cruise state=CRUISE->CRUISE speed=7.50 target=7.50 neighbors=9
obu-host-car-1         | [66.4] Host_Car role=cruise state=CRUISE->CRUISE speed=7.46 target=7.50 neighbors=9
obu-ramp-merge-3-1     | [66.4] Ramp_Merge_3 role=cruise state=CRUISE->CRUISE speed=7.50 target=7.50 neighbors=9
obu-main-back-left-1   | [66.7] Main_Back_Left role=cruise state=CRUISE->CRUISE speed=7.50 target=7.50 neighbors=9
obu-main-mid-right-1   | [66.7] Main_Mid_Right role=cruise state=CRUISE->CRUISE speed=7.50 target=7.50 neighbors=9
obu-merge-car-1        | [66.7] Merge_Car role=cruise state=CRUISE->CRUISE speed=7.50 target=7.50 neighbors=9
obu-ramp-merge-2-1     | [66.7] Ramp_Merge_2 role=cruise state=CRUISE->CRUISE speed=7.50 target=7.50 neighbors=9
obu-ramp-merge-5-1     | [67.0] Ramp_Merge_5 role=cruise state=CRUISE->CRUISE speed=7.50 target=7.50 neighbors=9
obu-ramp-back-1        | [67.0] Ramp_Back role=cruise state=CRUISE->CRUISE speed=7.50 target=7.50 neighbors=9
obu-ramp-merge-4-1     | [67.1] Ramp_Merge_4 role=cruise state=CRUISE->CRUISE speed=7.50 target=7.50 neighbors=9
obu-main-back-right-1  | [67.5] Main_Back_Right role=cruise state=CRUISE->CRUISE speed=7.50 target=7.50 neighbors=9
obu-host-car-1         | [67.5] Host_Car role=cruise state=CRUISE->CRUISE speed=7.47 target=7.50 neighbors=9
obu-ramp-merge-3-1     | [67.4] Ramp_Merge_3 role=cruise state=CRUISE->CRUISE speed=7.50 target=7.50 neighbors=9
obu-main-mid-right-1   | [67.8] Main_Mid_Right role=cruise state=CRUISE->CRUISE speed=7.50 target=7.50 neighbors=9
obu-ramp-merge-2-1     | [67.8] Ramp_Merge_2 role=cruise state=CRUISE->CRUISE speed=7.50 target=7.50 neighbors=9
obu-merge-car-1        | [67.7] Merge_Car role=cruise state=CRUISE->CRUISE speed=7.50 target=7.50 neighbors=9
obu-main-back-left-1   | [67.8] Main_Back_Left role=cruise state=CRUISE->CRUISE speed=7.50 target=7.50 neighbors=9
obu-ramp-merge-4-1     | [68.1] Ramp_Merge_4 role=cruise state=CRUISE->CRUISE speed=7.50 target=7.50 neighbors=9
obu-ramp-merge-5-1     | [68.1] Ramp_Merge_5 role=cruise state=CRUISE->CRUISE speed=7.50 target=7.50 neighbors=9
obu-ramp-back-1        | [68.2] Ramp_Back role=cruise state=CRUISE->CRUISE speed=7.50 target=7.50 neighbors=9
obu-ramp-merge-3-1     | [68.4] Ramp_Merge_3 role=cruise state=CRUISE->CRUISE speed=7.50 target=7.50 neighbors=9
obu-main-back-right-1  | [68.6] Main_Back_Right role=cruise state=CRUISE->CRUISE speed=7.50 target=7.50 neighbors=9
obu-merge-car-1        | [68.7] Merge_Car role=cruise state=CRUISE->CRUISE speed=7.50 target=7.50 neighbors=9
obu-host-car-1         | [68.7] Host_Car role=cruise state=CRUISE->CRUISE speed=7.49 target=7.50 neighbors=9
obu-ramp-merge-2-1     | [68.9] Ramp_Merge_2 role=cruise state=CRUISE->CRUISE speed=7.50 target=7.50 neighbors=9
obu-main-back-left-1   | [68.9] Main_Back_Left role=cruise state=CRUISE->CRUISE speed=7.50 target=7.50 neighbors=9
obu-ramp-merge-4-1     | [69.1] Ramp_Merge_4 role=cruise state=CRUISE->CRUISE speed=7.50 target=7.50 neighbors=9
obu-ramp-merge-5-1     | [69.1] Ramp_Merge_5 role=cruise state=CRUISE->CRUISE speed=7.50 target=7.50 neighbors=9
obu-ramp-back-1        | [69.2] Ramp_Back role=cruise state=CRUISE->CRUISE speed=7.50 target=7.50 neighbors=9
obu-ramp-merge-3-1     | [69.4] Ramp_Merge_3 role=cruise state=CRUISE->CRUISE speed=7.50 target=7.50 neighbors=8
obu-main-back-right-1  | [69.7] Main_Back_Right role=cruise state=CRUISE->CRUISE speed=7.50 target=7.50 neighbors=8
obu-merge-car-1        | [69.7] Merge_Car role=cruise state=CRUISE->CRUISE speed=7.50 target=7.50 neighbors=8
obu-host-car-1         | [69.7] Host_Car role=cruise state=CRUISE->CRUISE speed=7.49 target=7.50 neighbors=8
obu-main-back-left-1   | [69.9] Main_Back_Left role=cruise state=CRUISE->CRUISE speed=7.50 target=7.50 neighbors=8
obu-ramp-merge-2-1     | [69.9] Ramp_Merge_2 role=cruise state=CRUISE->CRUISE speed=7.50 target=7.50 neighbors=8
obu-ramp-merge-5-1     | [70.1] Ramp_Merge_5 role=cruise state=CRUISE->CRUISE speed=7.50 target=7.50 neighbors=8
obu-ramp-merge-4-1     | [70.1] Ramp_Merge_4 role=cruise state=CRUISE->CRUISE speed=7.50 target=7.50 neighbors=8
obu-ramp-back-1        | [70.2] Ramp_Back role=cruise state=CRUISE->CRUISE speed=7.50 target=7.50 neighbors=8
obu-host-car-1         | [70.4] Host_Car CAR_FOLLOW: sid=107 edge=135424828 lane=0 leader_edge= leader_lane=None leader_role_hint=ramp self_merge_completed=False self_merge_completed_age=-1.0 self_merge_committed=False lane_cmd_state=None lane_cmd_edge=None lane_cmd_target=None lane_cmd_executable=None same_lane=True reason=same_lane_cam gap=12.3 follow_spd=6.68 emergency=False target_before=7.5 target_after=7.244318977131643 target_after_raw=6.68
obu-ramp-merge-3-1     | [70.4] Ramp_Merge_3 role=cruise state=CRUISE->CRUISE speed=7.50 target=7.50 neighbors=8
obu-host-car-1         | [70.7] Host_Car role=cruise state=CRUISE->CRUISE speed=7.48 target=7.50 neighbors=8
obu-merge-car-1        | [70.7] Merge_Car role=cruise state=CRUISE->CRUISE speed=7.50 target=7.50 neighbors=8
obu-main-back-right-1  | [70.7] Main_Back_Right role=cruise state=CRUISE->CRUISE speed=7.50 target=7.50 neighbors=8
obu-ramp-merge-2-1     | [70.9] Ramp_Merge_2 role=cruise state=CRUISE->CRUISE speed=7.50 target=7.50 neighbors=8
obu-main-back-left-1   | [70.9] Main_Back_Left role=cruise state=CRUISE->CRUISE speed=7.50 target=7.50 neighbors=8
obu-ramp-merge-4-1     | [71.1] Ramp_Merge_4 role=cruise state=CRUISE->CRUISE speed=7.50 target=7.50 neighbors=8
obu-ramp-merge-5-1     | [71.1] Ramp_Merge_5 role=cruise state=CRUISE->CRUISE speed=7.50 target=7.50 neighbors=8
obu-ramp-back-1        | [71.2] Ramp_Back role=cruise state=CRUISE->CRUISE speed=7.50 target=7.50 neighbors=8
obu-ramp-merge-3-1     | [71.4] Ramp_Merge_3 role=cruise state=CRUISE->CRUISE speed=7.50 target=7.50 neighbors=8
obu-main-back-right-1  | [71.7] Main_Back_Right role=cruise state=CRUISE->CRUISE speed=7.50 target=7.50 neighbors=8
obu-host-car-1         | [71.7] Host_Car role=cruise state=CRUISE->CRUISE speed=7.49 target=7.50 neighbors=8
obu-merge-car-1        | [71.7] Merge_Car role=cruise state=CRUISE->CRUISE speed=7.50 target=7.50 neighbors=8
obu-ramp-merge-2-1     | [71.9] Ramp_Merge_2 role=cruise state=CRUISE->CRUISE speed=7.50 target=7.50 neighbors=8
obu-main-back-left-1   | [72.0] Main_Back_Left role=cruise state=CRUISE->CRUISE speed=7.50 target=7.50 neighbors=8
obu-ramp-merge-4-1     | [72.2] Ramp_Merge_4 role=cruise state=CRUISE->CRUISE speed=7.50 target=7.50 neighbors=8
obu-ramp-merge-5-1     | [72.2] Ramp_Merge_5 role=cruise state=CRUISE->CRUISE speed=7.50 target=7.50 neighbors=8
obu-ramp-back-1        | [72.3] Ramp_Back role=cruise state=CRUISE->CRUISE speed=7.50 target=7.50 neighbors=8
obu-ramp-merge-3-1     | [72.4] Ramp_Merge_3 role=cruise state=CRUISE->CRUISE speed=7.50 target=7.50 neighbors=8
obu-main-back-right-1  | [72.7] Main_Back_Right role=cruise state=CRUISE->CRUISE speed=7.50 target=7.50 neighbors=8
obu-host-car-1         | [72.8] Host_Car role=cruise state=CRUISE->CRUISE speed=7.49 target=7.50 neighbors=8
obu-host-car-1         | [72.9] Host_Car CAR_FOLLOW: sid=107 edge=135424828 lane=0 leader_edge= leader_lane=None leader_role_hint=ramp self_merge_completed=False self_merge_completed_age=-1.0 self_merge_committed=False lane_cmd_state=None lane_cmd_edge=None lane_cmd_target=None lane_cmd_executable=None same_lane=True reason=same_lane_cam gap=12.4 follow_spd=6.69 emergency=False target_before=7.5 target_after=7.244288074106096 target_after_raw=6.69
obu-ramp-merge-2-1     | [72.9] Ramp_Merge_2 role=cruise state=CRUISE->CRUISE speed=7.50 target=7.50 neighbors=8
obu-host-car-1         | [73.1] Host_Car CAR_FOLLOW: sid=107 edge=135424828 lane=0 leader_edge= leader_lane=None leader_role_hint=ramp self_merge_completed=False self_merge_completed_age=-1.0 self_merge_committed=False lane_cmd_state=None lane_cmd_edge=None lane_cmd_target=None lane_cmd_executable=None same_lane=True reason=same_lane_cam gap=10.9 follow_spd=4.84 emergency=False target_before=7.5 target_after=7.232059390586057 target_after_raw=4.84
obu-main-back-left-1   | [73.1] Main_Back_Left role=cruise state=CRUISE->CRUISE speed=7.50 target=7.50 neighbors=8
obu-ramp-merge-4-1     | [73.2] Ramp_Merge_4 role=cruise state=CRUISE->CRUISE speed=7.50 target=7.50 neighbors=8
obu-ramp-merge-5-1     | [73.2] Ramp_Merge_5 role=cruise state=CRUISE->CRUISE speed=7.50 target=7.50 neighbors=8
obu-host-car-1         | [73.2] Host_Car CAR_FOLLOW: sid=107 edge=135424828 lane=0 leader_edge= leader_lane=None leader_role_hint=ramp self_merge_completed=False self_merge_completed_age=-1.0 self_merge_committed=False lane_cmd_state=None lane_cmd_edge=None lane_cmd_target=None lane_cmd_executable=None same_lane=True reason=same_lane_cam gap=10.1 follow_spd=3.91 emergency=False target_before=7.5 target_after=7.220170824762059 target_after_raw=3.91
obu-host-car-1         | [73.4] Host_Car CAR_FOLLOW: sid=107 edge=135424828 lane=0 leader_edge= leader_lane=None leader_role_hint=ramp self_merge_completed=False self_merge_completed_age=-1.0 self_merge_committed=False lane_cmd_state=None lane_cmd_edge=None lane_cmd_target=None lane_cmd_executable=None same_lane=True reason=same_lane_cam gap=8.6 follow_spd=2.62 emergency=False target_before=7.5 target_after=7.196954959929899 target_after_raw=2.62
obu-ramp-merge-3-1     | [73.4] Ramp_Merge_3 role=cruise state=CRUISE->CRUISE speed=7.50 target=7.50 neighbors=8
obu-ramp-back-1        | [73.4] Ramp_Back role=cruise state=CRUISE->CRUISE speed=7.50 target=7.50 neighbors=8
obu-host-car-1         | [73.6] Host_Car CAR_FOLLOW: sid=107 edge=135424828 lane=0 leader_edge= leader_lane=None leader_role_hint=ramp self_merge_completed=False self_merge_completed_age=-1.0 self_merge_committed=False lane_cmd_state=None lane_cmd_edge=None lane_cmd_target=None lane_cmd_executable=None same_lane=True reason=same_lane_cam gap=7.1 follow_spd=2.62 emergency=False target_before=7.5 target_after=7.174843506751034 target_after_raw=2.62
obu-main-back-right-1  | [73.7] Main_Back_Right role=cruise state=CRUISE->CRUISE speed=7.50 target=7.50 neighbors=7
obu-ramp-merge-2-1     | [73.9] Ramp_Merge_2 role=cruise state=CRUISE->CRUISE speed=7.50 target=7.50 neighbors=7
obu-host-car-1         | [74.2] Host_Car role=cruise state=CRUISE->CRUISE speed=7.42 target=7.50 neighbors=7
obu-main-back-left-1   | [74.2] Main_Back_Left role=cruise state=CRUISE->CRUISE speed=7.50 target=7.50 neighbors=7
obu-ramp-merge-4-1     | [74.2] Ramp_Merge_4 role=cruise state=CRUISE->CRUISE speed=7.50 target=7.50 neighbors=7
obu-ramp-merge-5-1     | [74.3] Ramp_Merge_5 role=cruise state=CRUISE->CRUISE speed=7.50 target=7.50 neighbors=7
obu-ramp-merge-3-1     | [74.4] Ramp_Merge_3 role=cruise state=CRUISE->CRUISE speed=7.50 target=7.50 neighbors=7
obu-ramp-back-1        | [74.5] Ramp_Back role=cruise state=CRUISE->CRUISE speed=7.50 target=7.50 neighbors=7
obu-main-back-right-1  | [74.7] Main_Back_Right role=cruise state=CRUISE->CRUISE speed=7.50 target=7.50 neighbors=7
obu-ramp-merge-2-1     | [74.9] Ramp_Merge_2 role=cruise state=CRUISE->CRUISE speed=7.50 target=7.50 neighbors=7
obu-ramp-merge-4-1     | [75.2] Ramp_Merge_4 role=cruise state=CRUISE->CRUISE speed=7.50 target=7.50 neighbors=7
obu-main-back-left-1   | [75.2] Main_Back_Left role=cruise state=CRUISE->CRUISE speed=7.50 target=7.50 neighbors=7
obu-host-car-1         | [75.2] Host_Car role=cruise state=CRUISE->CRUISE speed=7.45 target=7.50 neighbors=7
obu-ramp-merge-3-1     | [75.4] Ramp_Merge_3 role=cruise state=CRUISE->CRUISE speed=7.50 target=7.50 neighbors=7
obu-ramp-merge-5-1     | [75.4] Ramp_Merge_5 role=cruise state=CRUISE->CRUISE speed=7.50 target=7.50 neighbors=7
obu-ramp-back-1        | [75.6] Ramp_Back role=cruise state=CRUISE->CRUISE speed=7.50 target=7.50 neighbors=7
obu-main-back-right-1  | [75.8] Main_Back_Right role=cruise state=CRUISE->CRUISE speed=7.50 target=7.50 neighbors=7
obu-ramp-merge-2-1     | [76.0] Ramp_Merge_2 role=cruise state=CRUISE->CRUISE speed=7.50 target=7.50 neighbors=7
obu-main-back-left-1   | [76.3] Main_Back_Left role=cruise state=CRUISE->CRUISE speed=7.50 target=7.50 neighbors=7
obu-ramp-merge-4-1     | [76.2] Ramp_Merge_4 role=cruise state=CRUISE->CRUISE speed=7.50 target=7.50 neighbors=7
obu-ramp-merge-3-1     | [76.4] Ramp_Merge_3 role=cruise state=CRUISE->CRUISE speed=7.50 target=7.50 neighbors=6
obu-ramp-merge-5-1     | [76.5] Ramp_Merge_5 role=cruise state=CRUISE->CRUISE speed=7.50 target=7.50 neighbors=6
obu-ramp-back-1        | [76.6] Ramp_Back role=cruise state=CRUISE->CRUISE speed=7.50 target=7.50 neighbors=6
obu-main-back-right-1  | [76.9] Main_Back_Right role=cruise state=CRUISE->CRUISE speed=7.50 target=7.50 neighbors=6
obu-ramp-merge-2-1     | [77.1] Ramp_Merge_2 role=cruise state=CRUISE->CRUISE speed=7.50 target=7.50 neighbors=6
obu-ramp-merge-4-1     | [77.2] Ramp_Merge_4 role=cruise state=CRUISE->CRUISE speed=7.50 target=7.50 neighbors=6
obu-main-back-left-1   | [77.4] Main_Back_Left role=cruise state=CRUISE->CRUISE speed=7.50 target=7.50 neighbors=6
obu-ramp-merge-3-1     | [77.4] Ramp_Merge_3 role=cruise state=CRUISE->CRUISE speed=7.50 target=7.50 neighbors=6
obu-ramp-back-1        | [77.6] Ramp_Back role=cruise state=CRUISE->CRUISE speed=7.50 target=7.50 neighbors=6
obu-ramp-merge-5-1     | [77.6] Ramp_Merge_5 role=cruise state=CRUISE->CRUISE speed=7.50 target=7.50 neighbors=6
obu-main-back-right-1  | [77.9] Main_Back_Right role=cruise state=CRUISE->CRUISE speed=7.50 target=7.50 neighbors=6
obu-ramp-merge-2-1     | [78.2] Ramp_Merge_2 role=cruise state=CRUISE->CRUISE speed=7.50 target=7.50 neighbors=6
obu-ramp-merge-4-1     | [78.2] Ramp_Merge_4 role=cruise state=CRUISE->CRUISE speed=7.50 target=7.50 neighbors=6
obu-main-back-left-1   | [78.4] Main_Back_Left role=cruise state=CRUISE->CRUISE speed=7.50 target=7.50 neighbors=6
obu-ramp-merge-3-1     | [78.4] Ramp_Merge_3 role=cruise state=CRUISE->CRUISE speed=7.50 target=7.50 neighbors=6
obu-ramp-merge-5-1     | [78.6] Ramp_Merge_5 role=cruise state=CRUISE->CRUISE speed=7.50 target=7.50 neighbors=6
obu-ramp-back-1        | [78.7] Ramp_Back role=cruise state=CRUISE->CRUISE speed=7.50 target=7.50 neighbors=6
obu-main-back-right-1  | [79.0] Main_Back_Right role=cruise state=CRUISE->CRUISE speed=7.50 target=7.50 neighbors=6
obu-ramp-merge-2-1     | [79.2] Ramp_Merge_2 role=cruise state=CRUISE->CRUISE speed=7.50 target=7.50 neighbors=6
obu-ramp-merge-4-1     | [79.2] Ramp_Merge_4 role=cruise state=CRUISE->CRUISE speed=7.50 target=7.50 neighbors=6
obu-ramp-merge-3-1     | [79.4] Ramp_Merge_3 role=cruise state=CRUISE->CRUISE speed=7.50 target=7.50 neighbors=6
obu-ramp-merge-5-1     | [79.6] Ramp_Merge_5 role=cruise state=CRUISE->CRUISE speed=7.50 target=7.50 neighbors=6
obu-ramp-back-1        | [79.7] Ramp_Back role=cruise state=CRUISE->CRUISE speed=7.50 target=7.50 neighbors=6
obu-main-back-right-1  | [80.1] Main_Back_Right role=cruise state=CRUISE->CRUISE speed=7.50 target=7.50 neighbors=5
obu-ramp-merge-2-1     | [80.3] Ramp_Merge_2 role=cruise state=CRUISE->CRUISE speed=7.50 target=7.50 neighbors=5
obu-ramp-merge-4-1     | [80.2] Ramp_Merge_4 role=cruise state=CRUISE->CRUISE speed=7.50 target=7.50 neighbors=5
obu-ramp-merge-3-1     | [80.4] Ramp_Merge_3 role=cruise state=CRUISE->CRUISE speed=7.50 target=7.50 neighbors=5
obu-ramp-merge-5-1     | [80.8] Ramp_Merge_5 role=cruise state=CRUISE->CRUISE speed=7.50 target=7.50 neighbors=5
obu-ramp-back-1        | [80.8] Ramp_Back role=cruise state=CRUISE->CRUISE speed=7.50 target=7.50 neighbors=5
obu-main-back-right-1  | [81.1] Main_Back_Right role=cruise state=CRUISE->CRUISE speed=7.50 target=7.50 neighbors=5
obu-ramp-merge-4-1     | [81.2] Ramp_Merge_4 role=cruise state=CRUISE->CRUISE speed=7.50 target=7.50 neighbors=5
obu-ramp-merge-2-1     | [81.5] Ramp_Merge_2 role=cruise state=CRUISE->CRUISE speed=7.50 target=7.50 neighbors=5
obu-ramp-merge-3-1     | [81.5] Ramp_Merge_3 role=cruise state=CRUISE->CRUISE speed=7.50 target=7.50 neighbors=5
obu-ramp-back-1        | [81.8] Ramp_Back role=cruise state=CRUISE->CRUISE speed=7.50 target=7.50 neighbors=5
obu-ramp-merge-5-1     | [81.8] Ramp_Merge_5 role=cruise state=CRUISE->CRUISE speed=7.50 target=7.50 neighbors=5
obu-main-back-right-1  | [82.2] Main_Back_Right role=cruise state=CRUISE->CRUISE speed=7.50 target=7.50 neighbors=5
obu-ramp-merge-4-1     | [82.3] Ramp_Merge_4 role=cruise state=CRUISE->CRUISE speed=7.50 target=7.50 neighbors=5
obu-ramp-merge-3-1     | [82.6] Ramp_Merge_3 role=cruise state=CRUISE->CRUISE speed=7.50 target=7.50 neighbors=5
obu-ramp-merge-5-1     | [82.8] Ramp_Merge_5 role=cruise state=CRUISE->CRUISE speed=7.50 target=7.50 neighbors=4
obu-ramp-back-1        | [82.8] Ramp_Back role=cruise state=CRUISE->CRUISE speed=7.50 target=7.50 neighbors=4
obu-main-back-right-1  | [83.3] Main_Back_Right role=cruise state=CRUISE->CRUISE speed=7.50 target=7.50 neighbors=4
obu-ramp-merge-4-1     | [83.3] Ramp_Merge_4 role=cruise state=CRUISE->CRUISE speed=7.50 target=7.50 neighbors=4
obu-ramp-merge-3-1     | [83.6] Ramp_Merge_3 role=cruise state=CRUISE->CRUISE speed=7.50 target=7.50 neighbors=4
obu-ramp-merge-5-1     | [83.9] Ramp_Merge_5 role=cruise state=CRUISE->CRUISE speed=7.50 target=7.50 neighbors=4
obu-ramp-back-1        | [83.9] Ramp_Back role=cruise state=CRUISE->CRUISE speed=7.50 target=7.50 neighbors=4
obu-main-back-right-1  | [84.4] Main_Back_Right role=cruise state=CRUISE->CRUISE speed=7.50 target=7.50 neighbors=4
obu-ramp-merge-4-1     | [84.6] Ramp_Merge_4 role=cruise state=CRUISE->CRUISE speed=7.50 target=7.50 neighbors=4
obu-main-back-right-1  | [84.9] Main_Back_Right CAR_FOLLOW: sid=109 edge=135424828 lane=0 leader_edge= leader_lane=None leader_role_hint=ramp self_merge_completed=False self_merge_completed_age=-1.0 self_merge_committed=False lane_cmd_state=None lane_cmd_edge=None lane_cmd_target=None lane_cmd_executable=None same_lane=True reason=same_lane_cam gap=12.6 follow_spd=6.69 emergency=False target_before=7.5 target_after=7.249999999995374 target_after_raw=6.69
obu-ramp-back-1        | [85.1] Ramp_Back role=cruise state=CRUISE->CRUISE speed=7.50 target=7.50 neighbors=4
obu-ramp-merge-5-1     | [85.2] Ramp_Merge_5 role=cruise state=CRUISE->CRUISE speed=7.50 target=7.50 neighbors=3
obu-main-back-right-1  | [85.4] Main_Back_Right role=cruise state=CRUISE->CRUISE speed=7.46 target=7.50 neighbors=3
obu-ramp-merge-4-1     | [85.6] Ramp_Merge_4 role=cruise state=CRUISE->CRUISE speed=7.50 target=7.50 neighbors=3
obu-ramp-merge-5-1     | [86.2] Ramp_Merge_5 role=cruise state=CRUISE->CRUISE speed=7.50 target=7.50 neighbors=3
obu-ramp-back-1        | [86.2] Ramp_Back role=cruise state=CRUISE->CRUISE speed=7.50 target=7.50 neighbors=3
obu-main-back-right-1  | [86.4] Main_Back_Right role=cruise state=CRUISE->CRUISE speed=7.48 target=7.50 neighbors=3
obu-ramp-merge-4-1     | [86.6] Ramp_Merge_4 role=cruise state=CRUISE->CRUISE speed=7.50 target=7.50 neighbors=3
obu-ramp-merge-5-1     | [87.2] Ramp_Merge_5 role=cruise state=CRUISE->CRUISE speed=7.50 target=7.50 neighbors=3
obu-ramp-back-1        | [87.3] Ramp_Back role=cruise state=CRUISE->CRUISE speed=7.50 target=7.50 neighbors=3
obu-ramp-merge-4-1     | [87.6] Ramp_Merge_4 role=cruise state=CRUISE->CRUISE speed=7.50 target=7.50 neighbors=3
obu-ramp-merge-5-1     | [88.3] Ramp_Merge_5 role=cruise state=CRUISE->CRUISE speed=7.50 target=7.50 neighbors=3
obu-ramp-back-1        | [88.3] Ramp_Back role=cruise state=CRUISE->CRUISE speed=7.50 target=7.50 neighbors=3
obu-ramp-merge-4-1     | [88.7] Ramp_Merge_4 role=cruise state=CRUISE->CRUISE speed=7.50 target=7.50 neighbors=2
obu-ramp-merge-5-1     | [89.3] Ramp_Merge_5 role=cruise state=CRUISE->CRUISE speed=7.50 target=7.50 neighbors=2
obu-ramp-back-1        | [89.4] Ramp_Back role=cruise state=CRUISE->CRUISE speed=7.50 target=7.50 neighbors=2
obu-ramp-merge-4-1     | [89.8] Ramp_Merge_4 role=cruise state=CRUISE->CRUISE speed=7.50 target=7.50 neighbors=2
obu-ramp-back-1        | [90.4] Ramp_Back role=cruise state=CRUISE->CRUISE speed=7.50 target=7.50 neighbors=2
obu-ramp-merge-5-1     | [90.5] Ramp_Merge_5 role=cruise state=CRUISE->CRUISE speed=7.50 target=7.50 neighbors=2
obu-ramp-merge-4-1     | [91.1] Ramp_Merge_4 role=cruise state=CRUISE->CRUISE speed=7.50 target=7.50 neighbors=2
obu-ramp-back-1        | [91.4] Ramp_Back role=cruise state=CRUISE->CRUISE speed=7.50 target=7.50 neighbors=2
obu-ramp-merge-4-1     | [92.1] Ramp_Merge_4 role=cruise state=CRUISE->CRUISE speed=7.50 target=7.50 neighbors=1
obu-ramp-back-1        | [92.4] Ramp_Back role=cruise state=CRUISE->CRUISE speed=7.50 target=7.50 neighbors=1
obu-ramp-merge-4-1     | [93.1] Ramp_Merge_4 role=cruise state=CRUISE->CRUISE speed=7.50 target=7.50 neighbors=1
obu-ramp-back-1        | [93.4] Ramp_Back role=cruise state=CRUISE->CRUISE speed=7.50 target=7.50 neighbors=1
obu-ramp-merge-4-1     | [94.3] Ramp_Merge_4 role=cruise state=CRUISE->CRUISE speed=7.50 target=7.50 neighbors=1
obu-ramp-back-1        | [94.4] Ramp_Back role=cruise state=CRUISE->CRUISE speed=7.50 target=7.50 neighbors=1
traci-bridge-1         | Step #0.00 (0ms ?*RT. ?UPS, TraCI: 1ms, vehicles TOT 11 ACT 11 BUF 0)                     Step #10.00 (0ms ?*RT. ?UPS, TraCI: 32ms, vehicles TOT 12 ACT 12 BUF 0)                   Step #20.00 (0ms ?*RT. ?UPS, TraCI: 31ms, vehicles TOT 12 ACT 12 BUF 0)                   Step #30.00 (0ms ?*RT. ?UPS, TraCI: 56ms, vehicles TOT 12 ACT 12 BUF 0)                   Step #40.00 (0ms ?*RT. ?UPS, TraCI: 45ms, vehicles TOT 12 ACT 12 BUF 0)                   Step #50.00 (1ms ~= 100.00*RT, ~12000.00UPS, TraCI: 48ms, vehicles TOT 12 ACT 12 BUF 0)   Step #60.00 (0ms ?*RT. ?UPS, TraCI: 37ms, vehicles TOT 12 ACT 11 BUF 0)                   Step #70.00 (0ms ?*RT. ?UPS, TraCI: 28ms, vehicles TOT 12 ACT 9 BUF 0)                    Step #80.00 (0ms ?*RT. ?UPS, TraCI: 39ms, vehicles TOT 12 ACT 6 BUF 0)                    Step #90.00 (0ms ?*RT. ?UPS, TraCI: 24ms, vehicles TOT 12 ACT 3 BUF 0)                    Step #95.30 (0ms ?*RT. ?UPS, TraCI: 1ms, vehicles TOT 12 ACT 0 BUF 0)                     
traci-bridge-1         | LANE_CMD_STATE veh=Ramp_Merge_4 edge=:1487416310_0 lane=1 target=1 lane_count=2 recently=True speed=1.86
traci-bridge-1         | LANE_CMD_HOLD_INTERNAL veh=Ramp_Merge_4 edge=:1487416310_0 target=1
traci-bridge-1         | LANE_CMD_STATE veh=Ramp_Merge_4 edge=:1487416310_0 lane=1 target=1 lane_count=2 recently=True speed=1.87
traci-bridge-1         | LANE_CMD_HOLD_INTERNAL veh=Ramp_Merge_4 edge=:1487416310_0 target=1
traci-bridge-1         | LANE_CMD_STATE veh=Ramp_Merge_4 edge=:1487416310_0 lane=1 target=1 lane_count=2 recently=True speed=1.88
traci-bridge-1         | LANE_CMD_HOLD_INTERNAL veh=Ramp_Merge_4 edge=:1487416310_0 target=1
traci-bridge-1         | LANE_CMD_STATE veh=Ramp_Merge_4 edge=:1487416310_0 lane=1 target=1 lane_count=2 recently=True speed=1.89
traci-bridge-1         | LANE_CMD_HOLD_INTERNAL veh=Ramp_Merge_4 edge=:1487416310_0 target=1
traci-bridge-1         | LANE_CMD_STATE veh=Ramp_Merge_4 edge=:1487416310_0 lane=1 target=1 lane_count=2 recently=True speed=1.90
traci-bridge-1         | LANE_CMD_HOLD_INTERNAL veh=Ramp_Merge_4 edge=:1487416310_0 target=1
traci-bridge-1         | LANE_CMD_STATE veh=Ramp_Merge_4 edge=:1487416310_0 lane=1 target=1 lane_count=2 recently=True speed=1.90
traci-bridge-1         | LANE_CMD_HOLD_INTERNAL veh=Ramp_Merge_4 edge=:1487416310_0 target=1
traci-bridge-1         | LANE_CMD_STATE veh=Ramp_Merge_4 edge=:1487416310_0 lane=1 target=1 lane_count=2 recently=True speed=1.91
traci-bridge-1         | LANE_CMD_HOLD_INTERNAL veh=Ramp_Merge_4 edge=:1487416310_0 target=1
traci-bridge-1         | LANE_CMD_STATE veh=Ramp_Merge_4 edge=:1487416310_0 lane=1 target=1 lane_count=2 recently=True speed=1.92
traci-bridge-1         | LANE_CMD_HOLD_INTERNAL veh=Ramp_Merge_4 edge=:1487416310_0 target=1
traci-bridge-1         | LANE_CMD_STATE veh=Ramp_Merge_4 edge=:1487416310_0 lane=1 target=1 lane_count=2 recently=True speed=1.93
traci-bridge-1         | LANE_CMD_HOLD_INTERNAL veh=Ramp_Merge_4 edge=:1487416310_0 target=1
traci-bridge-1         | LANE_CMD_STATE veh=Ramp_Merge_4 edge=:1487416310_0 lane=1 target=1 lane_count=2 recently=True speed=1.94
traci-bridge-1         | LANE_CMD_HOLD_INTERNAL veh=Ramp_Merge_4 edge=:1487416310_0 target=1
traci-bridge-1         | LANE_CMD_STATE veh=Ramp_Merge_4 edge=:1487416310_0 lane=1 target=1 lane_count=2 recently=True speed=1.95
traci-bridge-1         | LANE_CMD_HOLD_INTERNAL veh=Ramp_Merge_4 edge=:1487416310_0 target=1
traci-bridge-1         | LANE_CMD_STATE veh=Ramp_Merge_4 edge=:1487416310_0 lane=1 target=1 lane_count=2 recently=True speed=1.95
traci-bridge-1         | LANE_CMD_HOLD_INTERNAL veh=Ramp_Merge_4 edge=:1487416310_0 target=1
traci-bridge-1         | LANE_CMD_STATE veh=Ramp_Merge_4 edge=:1487416310_0 lane=1 target=1 lane_count=2 recently=True speed=1.96
traci-bridge-1         | LANE_CMD_HOLD_INTERNAL veh=Ramp_Merge_4 edge=:1487416310_0 target=1
traci-bridge-1         | LANE_CMD_STATE veh=Ramp_Merge_4 edge=:1487416310_0 lane=1 target=1 lane_count=2 recently=True speed=1.97
traci-bridge-1         | LANE_CMD_HOLD_INTERNAL veh=Ramp_Merge_4 edge=:1487416310_0 target=1
traci-bridge-1         | LANE_CMD_STATE veh=Ramp_Merge_4 edge=:1487416310_0 lane=1 target=1 lane_count=2 recently=True speed=1.98
traci-bridge-1         | LANE_CMD_HOLD_INTERNAL veh=Ramp_Merge_4 edge=:1487416310_0 target=1
traci-bridge-1         | LANE_CMD_STATE veh=Ramp_Merge_4 edge=:1487416310_0 lane=1 target=1 lane_count=2 recently=True speed=1.99
traci-bridge-1         | LANE_CMD_HOLD_INTERNAL veh=Ramp_Merge_4 edge=:1487416310_0 target=1
traci-bridge-1         | LANE_CMD_STATE veh=Ramp_Merge_4 edge=:1487416310_0 lane=1 target=1 lane_count=2 recently=False speed=2.00
traci-bridge-1         | LANE_CMD_HOLD_INTERNAL veh=Ramp_Merge_4 edge=:1487416310_0 target=1
traci-bridge-1         | LANE_CMD_STATE veh=Ramp_Merge_4 edge=:1487416310_0 lane=1 target=1 lane_count=2 recently=False speed=2.00
traci-bridge-1         | LANE_CMD_HOLD_INTERNAL veh=Ramp_Merge_4 edge=:1487416310_0 target=1
traci-bridge-1         | LANE_CMD_STATE veh=Ramp_Merge_4 edge=135424828 lane=1 target=1 lane_count=2 recently=False speed=2.01
traci-bridge-1         | LANE_CMD_CLEAR veh=Ramp_Merge_4 edge=135424828 target=1
mqtt-broker-1          | 1779440967: Client traci-bridge [172.18.0.5:37857] disconnected: connection closed by client.
[Ktraci-bridge-1 exited with code 0
 Compose Stopping Aborting on container exit...
 Container rsa-obu-main-back-left-1 Stopping 
 Container rsa-obu-ramp-merge-3-1 Stopping 
 Container rsa-obu-main-back-right-1 Stopping 
 Container rsa-traci-bridge-1 Stopping 
 Container rsa-obu-ramp-merge-2-1 Stopping 
 Container rsa-obu-merge-car-1 Stopping 
 Container rsa-obu-ramp-merge-5-1 Stopping 
 Container rsa-obu-ramp-back-1 Stopping 
 Container rsa-obu-lead-car-1 Stopping 
 Container rsa-obu-main-mid-right-1 Stopping 
 Container rsa-obu-host-car-1 Stopping 
 Container rsa-obu-main-front-left-1 Stopping 
 Container rsa-obu-ramp-merge-4-1 Stopping 
 Container rsa-traci-bridge-1 Stopped 
mqtt-broker-1          | 1779440978: Client a38aed8a5028.bridge_to_remote [172.18.0.14:51196] disconnected: connection closed by client.
mqtt-broker-1          | 1779440978: Client 7d72972ae8e2.bridge_to_remote [172.18.0.8:50778] disconnected: connection closed by client.
mqtt-broker-1          | 1779440978: Client cd7af3c6a01e.bridge_to_remote [172.18.0.12:57692] disconnected: connection closed by client.
mqtt-broker-1          | 1779440978: Client 44e30c7814d8.bridge_to_remote [172.18.0.4:57258] disconnected: connection closed by client.
mqtt-broker-1          | 1779440978: Client 167b322ab89c.bridge_to_remote [172.18.0.7:40562] disconnected: connection closed by client.
mqtt-broker-1          | 1779440978: Client a3e63f7b3e64.bridge_to_remote [172.18.0.3:44154] disconnected: connection closed by client.
mqtt-broker-1          | 1779440978: Client fe3566169f13.bridge_to_remote [172.18.0.13:51562] disconnected: connection closed by client.
mqtt-broker-1          | 1779440978: Client e872164b1d34.bridge_to_remote [172.18.0.11:37038] disconnected: connection closed by client.
mqtt-broker-1          | 1779440978: Client auto-95E04F2E-6F2E-6308-D3D1-5D4B86D1F653 [172.18.0.4:57262] disconnected: connection closed by client.
mqtt-broker-1          | 1779440978: Client 103d9c20fdad.bridge_to_remote [172.18.0.10:53970] disconnected: connection closed by client.
mqtt-broker-1          | 1779440978: Client a3cead583a19.bridge_to_remote [172.18.0.15:40154] disconnected: connection closed by client.
mqtt-broker-1          | 1779440978: Client auto-F9B2709C-2860-3942-24FE-25481F284F97 [172.18.0.3:44170] disconnected: connection closed by client.
mqtt-broker-1          | 1779440978: Client auto-EF652EBC-4272-8CAB-85AE-474124F7C69F [172.18.0.8:50788] disconnected: connection closed by client.
mqtt-broker-1          | 1779440978: Client auto-D3E014B9-D5FA-7509-9B9C-8F94A7027DCE [172.18.0.12:55570] disconnected: connection closed by client.
mqtt-broker-1          | 1779440978: Client 771efdc5127d.bridge_to_remote [172.18.0.6:34530] disconnected: connection closed by client.
mqtt-broker-1          | 1779440978: Client auto-8EDD21B5-6FCD-B8E3-83FB-2A8977EFD54E [172.18.0.7:40576] disconnected: connection closed by client.
mqtt-broker-1          | 1779440978: Client auto-C4B1644F-2FDD-2D84-FBDA-94B6DF838E2C [172.18.0.14:49616] disconnected: connection closed by client.
mqtt-broker-1          | 1779440978: Client 66b0574bf282.bridge_to_remote [172.18.0.9:57164] disconnected: connection closed by client.
mqtt-broker-1          | 1779440978: Client auto-54E534B9-7788-F001-6290-3956EDC9F240 [172.18.0.11:36840] disconnected: connection closed by client.
mqtt-broker-1          | 1779440978: Client auto-0B4DE538-1501-380B-DE04-B77A324DD959 [172.18.0.13:35934] disconnected: connection closed by client.
mqtt-broker-1          | 1779440978: Client auto-4A7B5D49-67E4-40BA-F14D-8BE2905C5A2C [172.18.0.10:57038] disconnected: connection closed by client.
mqtt-broker-1          | 1779440978: Client auto-67AADAFE-3263-4337-DA06-1C45DE178A53 [172.18.0.15:54230] disconnected: connection closed by client.
mqtt-broker-1          | 1779440978: Client auto-A0B887DC-CB3C-6FD2-C019-3CA83841D8F5 [172.18.0.6:34536] disconnected: connection closed by client.
mqtt-broker-1          | 1779440978: Client auto-3793DCFF-DA19-9956-22EA-B40495C70422 [172.18.0.9:44294] disconnected: connection closed by client.
 Container rsa-obu-ramp-merge-4-1 Stopped 
[Kobu-ramp-merge-4-1 exited with code 137
 Container rsa-obu-main-front-left-1 Stopped 
[Kobu-main-front-left-1 exited with code 137
 Container rsa-obu-main-back-left-1 Stopped 
[Kobu-main-back-left-1 exited with code 137
 Container rsa-obu-merge-car-1 Stopped 
[Kobu-merge-car-1 exited with code 137
 Container rsa-obu-main-mid-right-1 Stopped 
[Kobu-main-mid-right-1 exited with code 137
 Container rsa-obu-ramp-merge-5-1 Stopped 
[Kobu-ramp-merge-5-1 exited with code 137
 Container rsa-obu-main-back-right-1 Stopped 
[Kobu-main-back-right-1 exited with code 137
 Container rsa-obu-host-car-1 Stopped 
[Kobu-host-car-1 exited with code 137
 Container rsa-obu-ramp-back-1 Stopped 
[Kobu-ramp-back-1 exited with code 137
 Container rsa-obu-lead-car-1 Stopped 
[Kobu-lead-car-1 exited with code 137
 Container rsa-obu-ramp-merge-3-1 Stopped 
[Kobu-ramp-merge-3-1 exited with code 137
 Container rsa-obu-ramp-merge-2-1 Stopped 
 Container rsa-mqtt-broker-1 Stopping 
[Kobu-ramp-merge-2-1 exited with code 137
mqtt-broker-1          | 1779440979: mosquitto version 2.1.2 terminating
 Container rsa-mqtt-broker-1 Stopped 
[Kmqtt-broker-1 exited with code 0
